block,dataset,model,partition,seed,sample_id,event_id,top_tail_msp,uncertainty,representation_shift,spatial_inconsistency,tile_loss,soft_dice_risk_binary,uncertainty_plus_shift,uncertainty_plus_spatial,shift_plus_spatial,georisk_full,oracle_tile_loss,georisk_v2,valid_pixels,reference_foreground_pixels,predicted_foreground_pixels,reference_foreground_fraction,predicted_foreground_fraction,confusion_0_0,confusion_0_1,confusion_1_0,confusion_1_1
P1,sen1floods11,unet,F1,13,Bolivia_103757,BOL,0.4363787174224853,0.9844720363616944,8.344650268554688e-07,0.0032607556786388,0.2360575245585402,0.2032413854577462,0.9559178743961352,0.9228131469979296,0.9668952726017944,0.9485420979986195,0.2360575245585402,0.6744032261354769,88077,35362,28068,0.4014896056859339,0.3186757042133588,50879,1836,9130,26232
P1,sen1floods11,unet,F1,13,Bolivia_129334,BOL,0.4185464382171631,0.9747178554534912,4.76837158203125e-07,0.0036323501262813,0.1673355540326722,0.1305508695928589,0.92026828847481,0.8919944789510006,0.9668952726017944,0.926386013342535,0.1673355540326722,0.6229915657934564,237065,156067,153424,0.6583299938835341,0.647181152848375,72429,8569,11212,144855
P1,sen1floods11,unet,F1,13,Bolivia_195474,BOL,0.1030411347746849,0.4063932001590729,0.0,0.000356003671186,0.49904214004991,0.7821299723861266,0.5444271911663215,0.1933876811594203,0.5107617322291236,0.4161922015182884,0.49904214004991,0.4066130527666772,261335,1551,1101,0.0059349111293933,0.0042129833355654,258714,1070,1520,31
P1,sen1floods11,unet,F1,13,Bolivia_23014,BOL,0.128103032708168,0.4830472767353058,0.0,0.0011261432664468,0.1326143170503202,0.3038649604049445,0.5749223602484472,0.3941080055210489,0.6809868875086267,0.5500057510927077,0.1326143170503202,0.3453379973042959,182995,7780,9166,0.0425148228093663,0.0500888002404437,173304,1911,525,7255
P1,sen1floods11,unet,F1,13,Bolivia_233925,BOL,0.0707403048872947,0.3397895395755768,2.384185791015625e-07,0.0007577585056424,0.5034348640409039,0.6524701429919395,0.5806159420289856,0.2578933747412008,0.6510093167701864,0.4965062111801243,0.5034348640409039,0.3633865027167401,146294,1,1004,6.835550330157081e-06,0.0068628925314777,145289,1004,1,0
P1,sen1floods11,unet,F1,13,Bolivia_242570,BOL,0.4312381148338318,0.9818019270896912,0.0,0.0011147551704198,0.3956627089987915,0.3277899676927784,0.8808661145617667,0.6952208419599724,0.6761559696342305,0.7507476420519898,0.3956627089987915,0.6496717549947527,175507,27346,36189,0.1558114491159896,0.2061969038271977,129691,18470,9627,17719
P1,sen1floods11,unet,F1,13,Bolivia_290290,BOL,0.3606147468090057,0.9229080677032472,0.0,0.0009116399451158,0.2362176269320504,0.2958845990072697,0.791839199447895,0.564484126984127,0.6344461697722568,0.663589832068093,0.2362176269320504,0.5394084104771695,204633,19699,20339,0.0962650207933226,0.0993925710906842,179342,5592,4952,14747
P1,sen1floods11,unet,F1,13,Bolivia_294583,BOL,0.2086843103170395,0.6721680760383606,0.0,0.0035398819018155,0.1484022468203116,0.1247413594361027,0.662396480331263,0.7008065907522429,0.9002113526570048,0.7544714745801703,0.1484022468203116,0.4247938534397861,130472,15008,18407,0.1150285118646146,0.1410800784842724,111325,4139,740,14268
P1,sen1floods11,unet,F1,13,Bolivia_312675,BOL,0.3153834044933319,0.8587959408760071,0.0,0.001530893263407,0.2947379545028818,0.4234837659708501,0.7584972394755003,0.6350069013112492,0.7383109040717737,0.710605014952841,0.2947379545028818,0.5827183778308713,158008,9575,7207,0.0605981975596172,0.0456116146017923,146450,1983,4351,5224
P1,sen1floods11,unet,F1,13,Bolivia_314919,BOL,0.4238089025020599,0.9776352047920228,2.384185791015625e-07,0.0029774513095617,0.2338711657027072,0.1460211343072772,0.9155020703933748,0.8837560386473429,0.9419858523119392,0.9137479871175525,0.2338711657027072,0.6332407451634106,188845,83678,72671,0.4431041330191427,0.3848182371786385,98495,6672,17679,65999
P1,sen1floods11,unet,F1,13,Bolivia_360519,BOL,0.0911587253212928,0.3687888085842132,0.0,0.0003516864962875,0.4625332402514304,0.6611470552091879,0.5315950655624568,0.1805555555555555,0.5107617322291236,0.407637451115712,0.4625332402514304,0.3395232212264174,243678,414,1630,0.0016989633861078,0.0066891553607629,241789,1475,259,155
P1,sen1floods11,unet,F1,13,Bolivia_379434,BOL,0.2101762890815735,0.6720228791236877,0.0,0.0030948589555919,0.3907669567370715,0.3549968133063735,0.662396480331263,0.6890312284334024,0.8884359903381642,0.7466212330342765,0.3907669567370715,0.5136307783919293,262144,10790,10375,0.0411605834960937,0.0395774841308593,245427,5927,6342,4448
P1,sen1floods11,unet,F1,13,Bolivia_432776,BOL,0.4306772649288177,0.9816630482673644,2.384185791015625e-07,0.0025085033848881,0.3020348235189248,0.2182142998126734,0.9333592132505176,0.8789251207729469,0.9192977915804004,0.9105273752012882,0.3020348235189248,0.6591749067003507,155397,72145,53282,0.4642625018501,0.342876632110015,79301,3951,22814,49331
P1,sen1floods11,unet,F1,13,Bolivia_60373,BOL,0.1972784698009491,0.6407197117805481,4.76837158203125e-07,0.0022102261427789,0.1736270578600267,0.2796394198310973,0.7121721877156659,0.6122541407867494,0.8952510351966874,0.7398924545663675,0.1736270578600267,0.4569133471255463,199019,12480,9605,0.0627075806832513,0.0482617237550183,185836,703,3578,8902
P1,sen1floods11,unet,F1,13,Bolivia_76104,BOL,0.0625829473137855,0.3179783523082733,0.0,0.0001344893098575,0.500013091404184,0.9999999999766752,0.5072895100069013,0.0763888888888888,0.4309006211180124,0.3381930066712675,0.500013091404184,0.4090785361384195,190965,5,0,2.6182808368025558e-05,0.0,190960,0,5,0
P1,sen1floods11,unet,F1,13,Mekong_1111068,KHM,0.4513822793960571,0.9909107685089112,0.0,0.001418671105057,0.5452836278224487,0.3436870557465996,0.9189958592132506,0.7811853002070395,0.7239906832298137,0.8080572808833679,0.5452836278224487,0.7133168670918447,262098,7449,51933,0.0284206670787262,0.1981434425291303,208067,46582,2098,5351
P1,sen1floods11,unet,F1,13,Mekong_1149855,KHM,0.2253677099943161,0.7092243432998657,0.0,0.004765669349581,0.1973359159451122,0.2360189347939525,0.6912094547964114,0.7533643892339545,0.923956176673568,0.7895100069013113,0.1973359159451122,0.4932123325250869,224775,17260,15875,0.0767878990101212,0.0706261817372928,204567,2948,4333,12927
P1,sen1floods11,unet,F1,13,Mekong_1191208,KHM,0.1661988049745559,0.5925942063331604,0.0,0.0019064818043261,0.0778319769819203,0.195063900474858,0.6108523119392685,0.547985679779158,0.7989346100759145,0.6525908672647803,0.0778319769819203,0.3616868491034611,202312,15265,15125,0.0754527660247538,0.0747607655502392,185945,1102,1242,14023
P1,sen1floods11,unet,F1,13,Mekong_119477,KHM,0.1589331179857254,0.5339717864990234,0.0,0.0007277519907802,0.3220525883345597,0.6407204254731045,0.5856409592822636,0.3164682539682539,0.5926285369220152,0.4982459167241775,0.3220525883345597,0.4164106282337624,260952,2996,2958,0.0114810386584505,0.0113354180079095,256595,1361,1399,1597
P1,sen1floods11,unet,F1,13,Mekong_1248200,KHM,0.3835373520851135,0.9479587078094482,0.0,0.0065183895640075,0.2230033188859645,0.0931703057388028,0.8155840234644582,0.8777389579020014,0.923956176673568,0.8724263860133425,0.2230033188859645,0.5847573669071894,260988,204588,183646,0.7838981102579429,0.70365687311294,54039,2361,23303,181285
P1,sen1floods11,unet,F1,13,Mekong_1282475,KHM,0.149173229932785,0.5254752039909363,0.0,0.0020351572893559,0.0733165403472354,0.1225906092595603,0.5856409592822636,0.5311421670117322,0.8073024499654935,0.6413618587531631,0.0733165403472354,0.3189570325652703,262144,26551,28984,0.1012840270996093,0.110565185546875,232442,3151,718,25833
P1,sen1floods11,unet,F1,13,Mekong_1395593,KHM,0.1335880756378173,0.4827180206775665,0.0,0.0017552131321281,0.0973608163528211,0.1508951494529561,0.5749223602484472,0.4858954451345756,0.7727743271221532,0.6111973775017253,0.0973608163528211,0.3086426578716291,261728,18875,21014,0.0721168541386477,0.0802894608142804,239827,3026,887,17988
P1,sen1floods11,unet,F1,13,Mekong_1396181,KHM,0.4173837304115295,0.9737715721130372,1.788139343261719e-07,0.0059047630056738,0.2584168203923751,0.1236545493418145,0.9012465493443754,0.9122670807453416,0.975090579710145,0.929534736599954,0.2584168203923751,0.6241186745510092,243062,145007,126197,0.5965844105619142,0.5191967481547918,89638,8417,27227,117780
P1,sen1floods11,unet,F1,13,Mekong_1413877,KHM,0.1065725684165954,0.4127076864242553,0.0,0.0007562597165815,0.2633378536150755,0.6257113329039483,0.5444271911663215,0.27766994478951,0.5950439958592133,0.4723803772716815,0.2633378536150755,0.3683778743087781,256968,2512,2115,0.0097755362535412,0.0082305968058279,253841,615,1012,1500
P1,sen1floods11,unet,F1,13,Mekong_1439641,KHM,0.3110981583595276,0.8649330735206604,2.980232238769531e-07,0.0041736070998013,0.1274270764927796,0.0644597900254685,0.8217089371980677,0.8254830917874396,0.9823369565217392,0.8765096618357489,0.1274270764927796,0.5349963277884533,262083,197802,187784,0.7547303716761484,0.7165058397530554,62252,2029,12047,185755
P1,sen1floods11,unet,F1,13,Mekong_1443339,KHM,0.3800890743732452,0.945240557193756,2.384185791015625e-07,0.0049008997157216,0.2129926222539795,0.0840344796852017,0.8715493443754314,0.8777389579020014,0.9799214975845412,0.9097365999539914,0.2129926222539795,0.5888077263884912,262135,192783,169701,0.7354340320827055,0.6473801667079939,67346,2006,25088,167695
P1,sen1floods11,unet,F1,13,Mekong_16233,KHM,0.1271909922361374,0.475504606962204,1.1920928955078125e-07,0.0013821043539792,0.0350210798951364,0.0612100240083336,0.6142167011732229,0.4252717391304347,0.7632203243616287,0.6009029215550954,0.0350210798951364,0.2750762262339542,262132,62211,63292,0.2373269955594891,0.2414508720797155,197671,2250,1169,61042
P1,sen1floods11,unet,F1,13,Mekong_213094,KHM,0.0901322811841964,0.3782135844230652,0.0,0.0029795207083225,0.4993899332212281,0.6855504072005317,0.535067287784679,0.5592865769496204,0.8860205314009661,0.6601247987117552,0.4993899332212281,0.4676616462293785,229843,111,1361,0.0004829383535717,0.005921433326227,228382,1350,100,11
P1,sen1floods11,unet,F1,13,Mekong_221789,KHM,0.0517394132912159,0.2679593563079834,0.0,0.0004428234824445,0.5001787978284191,0.974627458323916,0.4795117322291235,0.1413043478260869,0.5235938578329883,0.3814699792960662,0.5001787978284191,0.3821463977353021,215327,0,77,0.0,0.0003575956568382,215250,77,0,0
P1,sen1floods11,unet,F1,13,Mekong_254910,KHM,0.2609579861164093,0.7744019627571106,0.0,0.0019651991315186,0.5213869883781523,0.3050814324132967,0.7189009661835748,0.6584497929606625,0.8013500690131126,0.7262336093857833,0.5213869883781523,0.5267724531295048,205495,135,10213,0.0006569502907613,0.0496995060707073,195218,10142,64,71
P1,sen1floods11,unet,F1,13,Mekong_269835,KHM,0.0463504865765571,0.2543119490146637,0.0,0.0002965375897474,0.2070698762128058,0.7726870775686098,0.4690950655624568,0.1145833333333333,0.5072895100069013,0.3636559696342304,0.2070698762128058,0.3262747549517968,212236,483,636,0.0022757684841402,0.0029966640909176,211531,222,69,414
P1,sen1floods11,unet,F1,13,Mekong_293769,KHM,0.1820349395275116,0.6085355877876282,0.0,0.0025765518657863,0.0705905524644016,0.1224466440888034,0.6191554520358868,0.6206866804692892,0.8633324706694272,0.701058201058201,0.0705905524644016,0.3700721836462781,230540,30420,32241,0.1319510713975882,0.1398499175848009,197190,2930,1109,29311
P1,sen1floods11,unet,F1,13,Mekong_333434,KHM,0.2183537632226944,0.6883507370948792,0.0,0.0014100822154432,0.3918909054536339,0.6006652721104154,0.6780106970324361,0.540200138026225,0.7239906832298137,0.6474005060961582,0.3918909054536339,0.5366292764593552,203133,3284,2794,0.0161667478942367,0.013754535205998,198211,1638,2128,1156
P1,sen1floods11,unet,F1,13,Mekong_342411,KHM,0.222403347492218,0.7026293873786926,0.0,0.0024134898558259,0.0990593155410359,0.1577682789095701,0.6912094547964114,0.6843728433402347,0.8549646307798482,0.7435156429721648,0.0990593155410359,0.4504182653891466,262141,28914,30780,0.1102994190149576,0.1174177255751675,229451,3776,1910,27004
P1,sen1floods11,unet,F1,13,Mekong_382276,KHM,0.0585139542818069,0.2787144482135772,0.0,0.0006453822134062,0.0447262731907249,0.1748607041572389,0.486456176673568,0.2041494133885438,0.5794944789510007,0.4233666896710375,0.0447262731907249,0.1628020470292907,262111,9808,10599,0.0374192613053248,0.0404370667389006,251450,853,62,9746
P1,sen1floods11,unet,F1,13,Mekong_424793,KHM,0.1467865705490112,0.5311158895492554,0.0,0.0011425962438806,0.2758687081991471,0.4850675813766119,0.5856409592822636,0.4048266045548654,0.6809868875086267,0.5571514837819186,0.2758687081991471,0.4015702526917012,258487,4003,4434,0.0154862720368916,0.0171536673024175,252710,1774,1343,2660
P1,sen1floods11,unet,F1,13,Mekong_45934,KHM,0.0566725023090839,0.2814744710922241,0.0,0.000426486309152,0.362776743911632,0.9064593734606938,0.4899283988957902,0.1517210144927536,0.5235938578329883,0.3884144237405107,0.362776743911632,0.3843173182034523,261859,296,287,0.0011303793262786,0.0010960096846012,261402,161,170,126
P1,sen1floods11,unet,F1,13,Mekong_474783,KHM,0.3193694949150085,0.8735308647155762,0.0,0.0011564894812181,0.3766413252137441,0.6278007275740372,0.7668003795721188,0.5884014837819186,0.6834023464458248,0.6795347365999541,0.3766413252137441,0.6190991025523227,262119,5780,6210,0.0220510531476161,0.0236915294198436,252701,3638,3208,2572
P1,sen1floods11,unet,F1,13,Mekong_52610,KHM,0.3949485123157501,0.9577531814575196,3.5762786865234375e-07,0.004446483682841,0.2292194625568677,0.0947225161115358,0.8871635610766044,0.8885222567287785,0.9847524154589372,0.9201460777547732,0.2292194625568677,0.6014358211246951,262144,210673,189580,0.8036537170410156,0.7231903076171875,49345,2126,23219,187454
P1,sen1floods11,unet,F1,13,Mekong_596495,KHM,0.2651621699333191,0.7920981645584106,0.0,0.0028763432055711,0.1276295095874217,0.0479762735241338,0.7285628019323671,0.7408773291925466,0.8741157694962043,0.7811853002070394,0.1276295095874217,0.4788871692626349,229483,177143,169265,0.7719221031623258,0.7375927628626086,50389,1951,9829,167314
P1,sen1floods11,unet,F1,13,Mekong_774566,KHM,0.2585528790950775,0.7929973602294922,1.788139343261719e-07,0.0033184406347572,0.0985552446632227,0.0789951293873082,0.7796972049689441,0.7669729123533471,0.9513457556935818,0.8326719576719577,0.0985552446632227,0.4942127492529582,227728,77043,70669,0.338311494414389,0.310321963043631,148667,2018,8392,68651
P1,sen1floods11,unet,F1,13,Mekong_846007,KHM,0.1992248743772506,0.648639976978302,0.0,0.0024344122502952,0.2175161848367729,0.142722238399942,0.6479037267080745,0.6434825741890959,0.8573800897170463,0.7162554635380722,0.2175161848367729,0.4080912070834656,164030,7535,11505,0.0459367188928854,0.0701396086081814,152098,4397,427,7108
P1,sen1floods11,unet,F1,13,Mekong_922373,KHM,0.3706925511360168,0.9354538321495056,1.1920928955078125e-07,0.0053111594170331,0.2680218314953748,0.1299565442917641,0.8464458247066944,0.8634187370600415,0.969138198757764,0.8930009201748333,0.2680218314953748,0.5749280060265813,262138,119765,85485,0.4568776751176861,0.3261068597456301,140062,2311,36591,83174
P1,sen1floods11,unet,F1,13,Mekong_977338,KHM,0.1270541548728943,0.4884886741638183,0.0,0.0023046042770147,0.0553337320087468,0.0448957454956132,0.5749223602484472,0.5597179089026916,0.8465967908902692,0.660412353347136,0.0553337320087468,0.3172763176726526,176958,65567,67537,0.370522948948338,0.3816555340815334,108039,3352,1382,64185
P1,sen1floods11,unet,F1,13,Mekong_98310,KHM,0.1974042057991027,0.6742029786109924,0.0,0.0021524655167013,0.0569984832008527,0.0614880455409944,0.662396480331263,0.620794513457557,0.8201992753623188,0.7011300897170463,0.0569984832008527,0.3959507727053072,182771,85667,82861,0.4687122136443965,0.4533596686564061,95842,1262,4068,81599
P1,sen1floods11,unet,F1,13,Nigeria_1095404,NGA,0.3463956415653229,0.9074385166168212,0.0,0.0018595809815451,0.2111753895291459,0.199874822130837,0.7858868184955141,0.7171325051759834,0.7930469289164941,0.7653554175293306,0.2111753895291459,0.5339944394779516,252283,46091,40086,0.1826956235655989,0.1588929892224208,200335,5857,11862,34229
P1,sen1floods11,unet,F1,13,Nigeria_143329,NGA,0.0881493985652923,0.3867164552211761,0.0,0.0004858734027948,0.3931976657002899,0.791999651481877,0.5374827467218771,0.2111154244306418,0.5354339199447895,0.4280106970324361,0.3931976657002899,0.4095741437679296,249500,2777,717,0.011130260521042,0.0028737474949899,246642,81,2141,636
P1,sen1floods11,unet,F1,13,Nigeria_22088,NGA,0.0934078693389892,0.421504259109497,2.384185791015625e-07,0.0011522995773702,0.4632796611822835,0.8825829920089092,0.606280193236715,0.3695005175983437,0.7369522084195997,0.5709109730848861,0.4632796611822835,0.4956896278396713,209501,170,630,0.0008114519739762,0.0030071455506178,208758,573,113,57
P1,sen1floods11,unet,F1,13,Nigeria_225131,NGA,0.0726301297545433,0.3389080464839935,0.0,0.0003606436366681,0.4056444021837889,0.9152013493066352,0.5211783988957902,0.1736111111111111,0.5142339544513458,0.4030078214860824,0.4056444021837889,0.4124460263948909,241255,1131,329,0.0046879857412281,0.0013637023066879,240031,93,895,236
P1,sen1floods11,unet,F1,13,Nigeria_31096,NGA,0.0698846280574798,0.3151693642139435,0.0,0.0008656824938952,0.4095006872130787,0.7473730895464958,0.5072895100069013,0.2692158385093167,0.6237275707384403,0.4667443064182194,0.4095006872130787,0.3891757160976709,217487,816,809,0.0037519483923177,0.0037197625605208,216117,554,561,255
P1,sen1floods11,unet,F1,13,Nigeria_35845,NGA,0.0410532765090465,0.2215556502342224,0.0,0.0005592431407421,0.3609716872698922,0.7452578083783349,0.455206176673568,0.1551716701173223,0.5617667356797792,0.3907148608235565,0.3609716872698922,0.3142287175269501,213042,286,277,0.0013424582946085,0.0013002131035194,212602,154,163,123
P1,sen1floods11,unet,F1,13,Nigeria_417184,NGA,0.3915396630764007,0.9553956389427184,3.5762786865234375e-07,0.0034705665893852,0.3625251939190717,0.3100899349389007,0.8871635610766044,0.8647774327122153,0.961007591442374,0.9043161950770644,0.3625251939190717,0.6710046524847297,50135,1384,2985,0.0276054652438416,0.059539244041089,46827,1924,323,1061
P1,sen1floods11,unet,F1,13,Nigeria_439488,NGA,0.0883777737617492,0.4046410024166107,0.0,0.0002302301872987,0.5035274869109947,0.9711581705217598,0.5444271911663215,0.1551932367149758,0.4725672877846791,0.3907292385553254,0.5035274869109947,0.4285153104484993,229200,1468,149,0.0064048865619546,0.0006500872600349,227583,149,1468,0
P1,sen1floods11,unet,F1,13,Nigeria_529525,NGA,0.4471990168094635,0.9893041849136353,5.960464477539064e-08,0.0052154278382658,0.569064802481465,0.175952869718012,0.9356021394064872,0.9751984126984128,0.9465148378191856,0.9524384633080286,0.569064802481465,0.6987180964916504,262144,223651,128929,0.8531608581542969,0.4918251037597656,38280,213,94935,128716
P1,sen1floods11,unet,F1,13,Nigeria_598959,NGA,0.3460483849048614,0.9089227318763732,0.0,0.0005156723200343,0.5529473321776399,0.5619387366377837,0.7858868184955141,0.4619349551414768,0.5378493788819876,0.5952237175063262,0.5529473321776399,0.5751197564863861,211208,46528,8177,0.2202946858073557,0.0387153895685769,161836,2844,41195,5333
P1,sen1floods11,unet,F1,13,Nigeria_600295,NGA,0.3188324272632599,0.8765558004379272,4.172325134277344e-07,0.0021326506976038,0.0998674750281709,0.1003112613934359,0.8358997584541064,0.7206694271911663,0.8799387508626639,0.8121693121693122,0.0998674750281709,0.5100413174135622,181691,83661,78457,0.4604575900842639,0.431815554980709,95910,2120,7324,76337
P1,sen1floods11,unet,F1,13,Nigeria_707067,NGA,0.0753696411848068,0.3474147021770477,0.0,0.000392316665966,0.4800757858503637,0.9273927725369104,0.5246506211180124,0.1805555555555555,0.517706176673568,0.407637451115712,0.4800757858503637,0.419050757728874,261359,3756,315,0.014371037538405,0.0012052387711921,257496,107,3548,208
P1,sen1floods11,unet,F1,13,Nigeria_78061,NGA,0.1057778224349021,0.4220629036426544,0.0,0.0026953127235174,0.2080203603558172,0.2108167044789928,0.5503148723257418,0.5577984817115251,0.8692848516218081,0.6591327352196917,0.2080203603558172,0.3301149628985769,228886,5494,8070,0.0240032155745655,0.0352577265538302,220404,2988,412,5082
P1,sen1floods11,unet,F1,13,Nigeria_812045,NGA,0.3883659243583679,0.9523146748542786,0.0,0.002823254559189,0.1346909483693148,0.1179670069712557,0.8239518633540373,0.8338509316770186,0.8717003105590062,0.843167701863354,0.1346909483693148,0.5765154040292167,236584,119583,108757,0.5054568356270923,0.4596971900043959,113882,3119,13945,105638
P1,sen1floods11,unet,F1,13,Nigeria_81933,NGA,0.4180138111114502,0.9740767478942872,2.384185791015625e-07,0.0031635903287678,0.5607263140115206,0.1733414284878393,0.9060774672187716,0.8767468944099379,0.9444013112491374,0.9090752242926156,0.5607263140115206,0.6281021004514232,246268,177950,83783,0.7225867753829162,0.340210664804197,67566,752,94919,83031
P1,sen1floods11,unet,F1,13,Nigeria_820924,NGA,0.0772833079099655,0.3659462928771972,0.0,0.0003809740301221,0.3818453229615399,0.907976200536088,0.5281228433402346,0.1805555555555555,0.5142339544513458,0.407637451115712,0.3818453229615399,0.4193563458774035,262143,1176,359,0.0044861010974925,0.0013694815425168,260905,62,879,297
P1,sen1floods11,unet,F1,13,Nigeria_952958,NGA,0.1027237847447395,0.4155306816101074,0.0,0.0013906605308875,0.1447027360168757,0.2224541322074658,0.5444271911663215,0.4006642512077294,0.7180383022774326,0.5543765815504945,0.1447027360168757,0.2763007141354239,227674,9735,9847,0.0427585055825434,0.0432504370283826,216321,1618,1506,8229
P1,sen1floods11,unet,F1,13,Nigeria_984831,NGA,0.432032436132431,0.9822270274162292,0.0,0.0042399042285978,0.5818129905219194,0.1396496891375568,0.8808661145617667,0.9430210489993098,0.923956176673568,0.9159477800782148,0.5818129905219194,0.6595928509778292,240158,221680,143968,0.9230589861674398,0.5994720142572806,18217,261,77973,143707
P1,sen1floods11,unet,F1,13,Spain_1167260,ESP,0.3815345168113708,0.9454680681228638,0.0,0.0038400508929044,0.2778334667080533,0.2376161786802956,0.8155840234644582,0.871851276742581,0.9180684955141476,0.8685012652403956,0.2778334667080533,0.6151089276684524,262119,42519,46558,0.1622125828345141,0.177621614610158,204835,14765,10726,31793
P1,sen1floods11,unet,F1,13,Spain_1199913,ESP,0.2979201376438141,0.845020592212677,0.0,0.0011473658960312,0.2436657697601258,0.438961744548069,0.7536663216011041,0.572851966873706,0.6809868875086267,0.669168391994479,0.2436657697601258,0.5652961589591368,262143,10090,12494,0.038490442239541,0.0476610094490411,247471,4582,2178,7912
P1,sen1floods11,unet,F1,13,Spain_2472849,ESP,0.2007514685392379,0.6728377342224121,5.960464477539064e-08,0.0006813202635385,0.4992039585628097,0.8147408669471458,0.6849551414768806,0.383561939268461,0.6055253623188406,0.5580141476880608,0.4992039585628097,0.5601866483023737,261759,20,1916,7.640615986460829e-05,0.0073197101150294,259840,1899,3,17
P1,sen1floods11,unet,F1,13,Spain_2523247,ESP,0.3504097461700439,0.9142496585845948,0.0,0.0015891643706709,0.4881584415281571,0.5275677213678064,0.7858868184955141,0.6672273982056591,0.7431418219461698,0.732085346215781,0.4881584415281571,0.6254383907327495,262039,2429,12060,0.0092696125385915,0.0460236834974946,248520,11090,1459,970
P1,sen1floods11,unet,F1,13,Spain_2594119,ESP,0.3602327704429626,0.9232842326164246,0.0,0.0016212130431085,0.4422543587827545,0.4701238165227605,0.791839199447895,0.6766520013802623,0.7466140441683919,0.7383684149988498,0.4422543587827545,0.6240897522843198,262009,2877,14992,0.0109805388364521,0.0572194084936013,246669,12463,348,2529
P1,sen1floods11,unet,F1,13,Spain_2938657,ESP,0.1988595724105835,0.6707723140716553,0.0,0.0011582287261262,0.1091197310831524,0.3518583651391734,0.662396480331263,0.4839975845410628,0.6834023464458248,0.6099321371060502,0.1091197310831524,0.4486210913755502,262074,9772,11292,0.0372871784305196,0.0430870670116074,250316,1986,466,9306
P1,sen1floods11,unet,F1,13,Spain_3285448,ESP,0.2502477169036865,0.768589973449707,1.1920928955078125e-07,0.0009090036619454,0.0733380517280657,0.1106701730500331,0.7640829882677709,0.4915458937198067,0.6796281918564527,0.6450856912813435,0.0733380517280657,0.4011754288292751,262136,56389,61192,0.2151135288552507,0.2334360789819025,199834,5913,1110,55279
P1,sen1floods11,unet,F1,13,Spain_337094,ESP,0.3254431784152984,0.8819701075553894,0.0,0.0031707040034234,0.3163616835953242,0.3380790856949728,0.7751682194616978,0.8018029675638372,0.8884359903381642,0.8218023924545664,0.3163616835953242,0.6153124965572476,262056,26075,20994,0.099501633238697,0.0801126476783588,229392,6589,11670,14405
P1,sen1floods11,unet,F1,13,Spain_4282030,ESP,0.419617623090744,0.975175678730011,1.1920928955078125e-07,0.0038085030391812,0.2069671792661628,0.1750208459796187,0.8987663906142167,0.9038992408557626,0.9572981366459627,0.919987922705314,0.2069671792661628,0.6380104693552018,262123,98131,92911,0.374370047649386,0.3544557326140781,152478,11514,16734,81397
P1,sen1floods11,unet,F1,13,Spain_4915752,ESP,0.2911576628684997,0.8345679640769958,0.0,0.0014128810726106,0.2449059207031463,0.4153138125723382,0.7477139406487232,0.6099033816425121,0.7239906832298137,0.693869335173683,0.2449059207031463,0.5653989390440408,262128,7664,13460,0.0292376243667216,0.0513489592870658,248369,6095,299,7365
P1,sen1floods11,unet,F1,13,Spain_5650136,ESP,0.3128056228160858,0.8683481216430664,1.788139343261719e-07,0.0021135767456144,0.1309317096757265,0.0964577740150884,0.8179347826086957,0.7182539682539683,0.8643892339544513,0.800192661605705,0.1309317096757265,0.5061164040988835,171596,104207,102946,0.6072810555024593,0.5999323993566283,62251,5138,6399,97808
P1,sen1floods11,unet,F1,13,Spain_5678382,ESP,0.3111247718334198,0.8639622330665588,0.0,0.0015148556558415,0.4939670083404163,0.5232644185368995,0.7633281573498965,0.6398378191856453,0.7383109040717737,0.7138256268691051,0.4939670083404163,0.6000337107267395,262117,3570,9858,0.0136198720418744,0.0376091592685709,249423,9124,2836,734
P1,sen1floods11,unet,F1,13,Spain_5816638,ESP,0.1853345781564712,0.6464326977729797,0.0,0.0007423945353366,0.4453546185745827,0.8276982794487009,0.6479037267080745,0.3787310213940649,0.5926285369220152,0.5397544283413849,0.4453546185745827,0.546621494471601,262052,379,1604,0.0014462778379863,0.0061209225649871,260274,1399,174,205
P1,sen1floods11,unet,F1,13,Spain_5923267,ESP,0.2605711221694946,0.788809061050415,0.0,0.0011305654188618,0.1340625574523695,0.0443409308338785,0.726147342995169,0.5453329882677709,0.6809868875086267,0.6508224062571889,0.1340625574523695,0.4152485165312813,218743,201713,203111,0.9221460801031348,0.9285371417599648,14043,2987,1589,200124
P1,sen1floods11,unet,F1,13,Spain_6095801,ESP,0.3681581318378448,0.9328057169914246,0.0,0.0033506753388792,0.375586314731824,0.2938265262897465,0.8012638026224983,0.8396739130434783,0.9002113526570048,0.8470496894409938,0.375586314731824,0.6330524394071645,262062,22736,30819,0.0867580954125359,0.1176019415252879,222457,16869,8786,13950
P1,sen1floods11,unet,F1,13,Spain_6199994,ESP,0.1487230360507965,0.5634793043136597,0.0,0.0007097502821125,0.385767950553215,0.8303602801412272,0.6011904761904762,0.3296023119392685,0.5902130779848171,0.5070019553715206,0.385767950553215,0.4993719269387482,261902,783,1299,0.0029896678910432,0.0049598704859069,260214,905,389,394
P1,sen1floods11,unet,F1,13,Spain_6537196,ESP,0.3268616199493408,0.8819820284843445,0.0,0.0018796968506649,0.4359964045244453,0.5302046373560599,0.7751682194616978,0.7098861283643892,0.7965191511387164,0.7605244996549345,0.4359964045244453,0.6316967265747085,262106,3046,10473,0.0116212524703745,0.0399571165864192,250504,8556,1129,1917
P1,sen1floods11,unet,F1,13,Spain_6860600,ESP,0.2011837214231491,0.6738015413284302,0.0,0.000877437822055,0.4741225627717805,0.7932812599219855,0.662396480331263,0.4277950310559006,0.6271997929606625,0.572463768115942,0.4741225627717805,0.5629701094332706,261969,246,2113,0.0009390424057808,0.0080658398512801,259743,1980,113,133
P1,sen1floods11,unet,F1,13,Spain_716716,ESP,0.2552611231803894,0.7707085609436035,0.0,0.0009555775322951,0.4632471427887312,0.5130709963716384,0.7189009661835748,0.5047446514837819,0.6476449275362319,0.6237635150678629,0.4632471427887312,0.525652378827276,262067,2644,8279,0.0100890230360938,0.0315911579863164,252202,7221,1586,1058
P1,sen1floods11,unet,F1,13,Spain_7370579,ESP,0.3939435482025146,0.956571877002716,1.1920928955078125e-07,0.0042727007530629,0.2505827189045486,0.1829134174733855,0.8715493443754314,0.8885222567287785,0.969138198757764,0.9097365999539914,0.2505827189045486,0.6161064175967559,262045,70035,67290,0.2672632563109389,0.2567879562670533,178431,13579,16324,53711
P1,sen1floods11,unet,F1,13,Spain_7387658,ESP,0.4213275015354156,0.9761339426040648,1.1920928955078125e-07,0.0050572985783219,0.2526323585349717,0.1261508587521059,0.9047187715665976,0.9216916839199448,0.969138198757764,0.9318495514147688,0.2526323585349717,0.6329145999450572,262057,153006,137254,0.5838653422728644,0.5237562820302454,98175,10876,26628,126378
P1,sen1floods11,unet,F1,13,Spain_7558720,ESP,0.3019187152385711,0.848537802696228,0.0,0.0020791187416762,0.4723994235603688,0.4815862932547583,0.7560817805383022,0.7075353692201518,0.8132548309178744,0.7589573268921095,0.4723994235603688,0.611062872638138,261984,2137,10596,0.0081569866862098,0.0404452180285819,250361,9486,1027,1110
P1,sen1floods11,unet,F1,13,Spain_7604243,ESP,0.2253480404615402,0.7247467041015625,0.0,0.0010877498425543,0.0706909426518651,0.2254063883064379,0.6936249137336095,0.5079796411318152,0.6761559696342305,0.6259201748332184,0.0706909426518651,0.4114857162024348,262080,20919,22989,0.0798191391941391,0.0877174908424908,238614,2547,477,20442
P1,sen1floods11,unet,F1,13,Spain_7786924,ESP,0.291027158498764,0.831627607345581,0.0,0.0016742172883823,0.4300591595269747,0.5093167915849393,0.7452984817115251,0.6454882677708764,0.7619910282953761,0.7175925925925926,0.4300591595269747,0.5881757109848084,262111,3768,9458,0.0143755889680326,0.0360839491665744,250860,7483,1793,1975
P1,sen1floods11,unet,F1,13,Spain_7856615,ESP,0.3668347299098968,0.9311610460281372,0.0,0.0026741526089608,0.4367088025700033,0.3888393014009283,0.797791580400276,0.8052751897860593,0.8692848516218081,0.8241172072693811,0.4367088025700033,0.643713467647647,261930,9637,21170,0.0367922727446264,0.080823120681098,236378,15915,4382,5255
P1,sen1floods11,unet,F1,13,Spain_8104659,ESP,0.3393242657184601,0.9006329774856567,0.0,0.001939573790878,0.4857360498048726,0.3796272990360325,0.7858868184955141,0.7230201863354038,0.7989346100759145,0.7692805383022775,0.4857360498048726,0.6095613679740985,262128,3484,18541,0.0132912165049136,0.0707326191784166,242070,16574,1517,1967
P1,sen1floods11,unet,F1,13,Spain_8154154,ESP,0.2890082597732544,0.82967209815979,0.0,0.001985213952139,0.3963883517267202,0.4567754872713407,0.7393461007591442,0.6788949275362319,0.8013500690131126,0.7398636991028296,0.3963883517267202,0.5892096675742742,262118,4582,10990,0.0174806766418178,0.0419276814259226,249598,7938,1530,3052
P1,sen1floods11,unet,F1,13,Spain_8199661,ESP,0.2133295238018036,0.6898180246353149,0.0,0.0018865956226363,0.2628202814125878,0.3623319299272097,0.6804261559696342,0.6151440648723258,0.7965191511387164,0.6973631239935587,0.2628202814125878,0.5024279322403786,262036,8182,11317,0.0312247172144285,0.0431887221603138,249035,4819,1684,6498
P1,sen1floods11,unet,F1,13,Spain_8372658,ESP,0.3739137947559356,0.9387235045433044,2.980232238769531e-07,0.0029485137201845,0.1355096166723379,0.1296682267840839,0.8655969634230505,0.8254830917874396,0.9384489302967564,0.8765096618357489,0.1355096166723379,0.5682269630943514,262029,93104,90828,0.3553194493739242,0.3466333879074453,161334,7591,9867,83237
P1,sen1floods11,unet,F1,13,Spain_8565131,ESP,0.3787437677383423,0.9432936906814576,0.0,0.0024247183464467,0.2050376535149926,0.1974375601414878,0.8155840234644582,0.8087474120082816,0.8549646307798482,0.826432022084196,0.2050376535149926,0.5831778584815748,262084,52356,58085,0.1997680133087102,0.2216274171639627,196540,13188,7459,44897
P1,sen1floods11,unet,F1,37,Bolivia_103757,BOL,0.4218223392963409,0.9765942096710204,2.586841583251953e-05,0.0037204562686383,0.2721900317691865,0.1892941257221222,0.9396135265700484,0.9122239475500344,0.9538906142167012,0.9352426961122612,0.2721900317691865,0.6219106402299582,88077,35362,25528,0.4014896056859339,0.2898373014521385,51272,1443,11277,24085
P1,sen1floods11,unet,F1,37,Bolivia_129334,BOL,0.451181948184967,0.9908511638641356,5.364418029785156e-07,0.0026717337314039,0.2476226051484271,0.1410578451936518,0.8684006211180124,0.9131728778467908,0.7815734989648033,0.8543823326432022,0.2476226051484271,0.6480830400834601,237065,156067,141068,0.6583299938835341,0.5950604264653154,72697,8301,23300,132767
P1,sen1floods11,unet,F1,37,Bolivia_195474,BOL,0.1445006281137466,0.5014660954475403,0.0,0.0004228133475407,0.4880197449799699,0.5943640518324482,0.3073024499654934,0.2496765010351966,0.2763543823326432,0.2777777777777778,0.4880197449799699,0.3630656229923993,261335,1551,3510,0.0059349111293933,0.0134310367918571,256477,3307,1348,203
P1,sen1floods11,unet,F1,37,Bolivia_23014,BOL,0.1036043614149093,0.4166257083415985,8.940696716308594e-06,0.0014469427987933,0.127416732262487,0.2550199917795919,0.5865036231884059,0.3911965148378191,0.7763112491373361,0.5846704623878537,0.127416732262487,0.2493992496492365,182995,7780,8948,0.0425148228093663,0.0488975108609524,173481,1734,566,7214
P1,sen1floods11,unet,F1,37,Bolivia_233925,BOL,0.0664573535323143,0.323309987783432,9.953975677490234e-06,0.0011344521772116,0.503045237672085,0.642491003866826,0.5785024154589372,0.3522041062801933,0.7501509661835749,0.5602858293075684,0.503045237672085,0.3678739685470251,146294,1,890,6.835550330157081e-06,0.0060836397938398,145403,890,1,0
P1,sen1floods11,unet,F1,37,Bolivia_242570,BOL,0.4291090965270996,0.9805229902267456,1.1920928955078125e-07,0.0011382617522031,0.4041835701765814,0.3091002255242365,0.7540329537612147,0.7203243616287095,0.5575612491373361,0.6773061881757535,0.4041835701765814,0.6427618475470276,175507,27346,40048,0.1558114491159896,0.2281846308124462,126785,21376,8674,18672
P1,sen1floods11,unet,F1,37,Bolivia_290290,BOL,0.3131134808063507,0.8684888482093811,2.384185791015625e-07,0.0011249888921156,0.2518076510882736,0.2270805925912798,0.6291839199447895,0.575030193236715,0.5731754658385093,0.5924631930066714,0.2518076510882736,0.4481316750608013,204633,19699,26859,0.0962650207933226,0.1312544897450557,174888,10046,2886,16813
P1,sen1floods11,unet,F1,37,Bolivia_294583,BOL,0.1962372809648513,0.6460371017456055,5.960464477539062e-07,0.0045514167286455,0.1463166245668512,0.1270764075113165,0.5624353002070394,0.6762422360248447,0.874417701863354,0.7043650793650794,0.1463166245668512,0.3291459729687389,130472,15008,18281,0.1150285118646146,0.1401143540376479,111434,4030,757,14251
P1,sen1floods11,unet,F1,37,Bolivia_312675,BOL,0.3110778033733368,0.8603441715240479,4.76837158203125e-07,0.002045368310064,0.2788536125495948,0.3356915256564811,0.6742581090407178,0.6713034851621809,0.7290157004830917,0.6915257648953301,0.2788536125495948,0.5278351798163676,158008,9575,11895,0.0605981975596172,0.0752809984304592,143607,4826,2506,7069
P1,sen1floods11,unet,F1,37,Bolivia_314919,BOL,0.4073797762393951,0.9669234752655028,8.344650268554688e-07,0.0032788331154733,0.2738015493342287,0.1367212309486258,0.8127803657694961,0.8766390614216701,0.8460360593512768,0.845151828847481,0.2738015493342287,0.5742187941135257,188845,83678,65620,0.4431041330191427,0.3474807381715163,99789,5378,23436,60242
P1,sen1floods11,unet,F1,37,Bolivia_360519,BOL,0.1192135587334632,0.4634632468223572,1.0728836059570312e-06,0.0006794627988711,0.4651109744960107,0.6739105288747663,0.5411922015182884,0.316662353347136,0.6050077639751552,0.4876207729468598,0.4651109744960107,0.4032172656380506,243678,414,2110,0.0016989633861078,0.0086589679823373,241338,1926,230,184
P1,sen1floods11,unet,F1,37,Bolivia_379434,BOL,0.2842154502868652,0.8198370933532715,1.1920928955078125e-07,0.0032820762135088,0.4037122807158818,0.3449482720909921,0.5834627329192547,0.7427751897860594,0.750582298136646,0.69227340694732,0.4037122807158818,0.5275591041553489,262144,10790,17195,0.0411605834960937,0.0655937194824218,239882,11472,5067,5723
P1,sen1floods11,unet,F1,37,Bolivia_432776,BOL,0.3992038071155548,0.9609077572822572,6.437301635742188e-06,0.003124153940007,0.3256794287479791,0.1739490908596167,0.904028640441684,0.8766390614216701,0.9372843340234644,0.9059840119622729,0.3256794287479791,0.582843228988251,155397,72145,49037,0.4642625018501,0.3155595024356969,80310,2942,26050,46095
P1,sen1floods11,unet,F1,37,Bolivia_60373,BOL,0.1733516752719879,0.5964407920837402,3.457069396972656e-06,0.0028295549564063,0.1526587563101831,0.240868649234935,0.6405495169082126,0.6012551759834368,0.9038129744651484,0.7152058891189327,0.1526587563101831,0.3473654170296392,199019,12480,11056,0.0627075806832513,0.0555524849386239,185298,1241,2665,9815
P1,sen1floods11,unet,F1,37,Bolivia_76104,BOL,0.0555225275456905,0.2880885303020477,0.0,7.912699948064983e-05,0.500013091404184,0.9994869567052022,0.2537957211870255,0.1111111111111111,0.1912957211870255,0.1854008511617207,0.500013091404184,0.4181098753973385,190965,5,0,2.6182808368025558e-05,0.0,190960,0,5,0
P1,sen1floods11,unet,F1,37,Mekong_1111068,KHM,0.4486485421657562,0.9898319244384766,3.5762786865234375e-07,0.0016661767149344,0.5711225616847285,0.2900445366290922,0.845777260179434,0.8131254313319531,0.6589026915113871,0.7726017943409248,0.5711225616847285,0.6939974404219498,262098,7449,65934,0.0284206670787262,0.2515623926928095,195078,59571,1086,6363
P1,sen1floods11,unet,F1,37,Mekong_1149855,KHM,0.2438654005527496,0.7508900165557861,9.5367431640625e-07,0.0048187794163823,0.1961687377028675,0.2670978315764697,0.6390829882677709,0.7386344030365769,0.8935041407867494,0.7570738440303657,0.1961687377028675,0.4513546391505876,224775,17260,16793,0.0767878990101212,0.0747102658213769,204045,3470,3937,13323
P1,sen1floods11,unet,F1,37,Mekong_1191208,KHM,0.16909059882164,0.6018498539924622,8.344650268554688e-07,0.002771898638457,0.0862242259110017,0.2083392310039418,0.5600845410628019,0.5928873360938578,0.8149801587301586,0.6559840119622727,0.0862242259110017,0.3197178910392797,202312,15265,15243,0.0754527660247538,0.0753440230930444,185745,1302,1324,13941
P1,sen1floods11,unet,F1,37,Mekong_119477,KHM,0.2090961188077926,0.6548752784729004,1.788139343261719e-07,0.0007716327090747,0.3435486996041723,0.5155064739341927,0.4896048999309869,0.390333850931677,0.5039035541752933,0.4612807683459857,0.3435486996041723,0.4145170678613118,260952,2996,6402,0.0114810386584505,0.0245332474937919,253892,4064,658,2338
P1,sen1floods11,unet,F1,37,Mekong_1248200,KHM,0.4074029922485351,0.9671214818954468,1.6689300537109375e-06,0.0025868958327919,0.2172468222892156,0.0908586557446687,0.8814699792960663,0.8348645617667356,0.8729511732229125,0.8630952380952381,0.2172468222892156,0.5551650219669212,260988,204588,186993,0.7838981102579429,0.7164812175272426,52935,3465,21060,183528
P1,sen1floods11,unet,F1,37,Mekong_1282475,KHM,0.1603347957134246,0.558119535446167,1.9073486328125e-06,0.0024928541388362,0.0664528210960786,0.1445837859418602,0.6132246376811594,0.5617883022774327,0.8681202553485163,0.6810443984357027,0.0664528210960786,0.2825323510830735,262144,26551,27972,0.1012840270996093,0.1067047119140625,233167,2426,1005,25546
P1,sen1floods11,unet,F1,37,Mekong_1395593,KHM,0.1510072350502014,0.5395938158035278,7.152557373046875e-07,0.0024793562479317,0.0902269215981884,0.1864933735930446,0.5313362663906143,0.5569573844030365,0.786231884057971,0.6248418449505406,0.0902269215981884,0.2905463654843199,261728,18875,19946,0.0721168541386477,0.0762088886171903,240560,2293,1222,17653
P1,sen1floods11,unet,F1,37,Mekong_1396181,KHM,0.4160022437572479,0.97271329164505,9.5367431640625e-06,0.0049923160113394,0.2441615099402796,0.1146289926462136,0.9347826086956522,0.9455012077294686,0.9823369565217392,0.95420692431562,0.2441615099402796,0.6044732232520365,243062,145007,129053,0.5965844105619142,0.5309468366095893,89374,8681,24635,120372
P1,sen1floods11,unet,F1,37,Mekong_1413877,KHM,0.1456542462110519,0.5136115550994873,2.384185791015625e-07,0.0006290775490924,0.2543547636642239,0.6243495173420976,0.4622800207039337,0.3267770876466528,0.4918262594893029,0.4269611226132965,0.2543547636642239,0.4027271592356356,256968,2512,3114,0.0097755362535412,0.0121182404034743,253214,1242,640,1872
P1,sen1floods11,unet,F1,37,Mekong_1439641,KHM,0.3376327753067016,0.8993656039237976,2.3245811462402344e-06,0.0025106316898018,0.132330803823139,0.0642592695396434,0.81347049689441,0.756146480331263,0.8740079365079365,0.8145416379112032,0.132330803823139,0.472064546979416,262083,197802,187102,0.7547303716761484,0.7139036106882171,62277,2004,12704,185098
P1,sen1floods11,unet,F1,37,Mekong_1443339,KHM,0.3814092874526977,0.9458313584327698,1.239776611328125e-05,0.0039877560921013,0.2025649340255144,0.0784168032888541,0.898076259489303,0.8873576604554866,0.9657306763285024,0.9170548654244308,0.2025649340255144,0.5586283522479407,262135,192783,171548,0.7354340320827055,0.6544261544623954,67245,2107,23342,169441
P1,sen1floods11,unet,F1,37,Mekong_16233,KHM,0.1220292150974273,0.4542289972305298,8.463859558105469e-06,0.0020218333229422,0.0343295492188685,0.0622986450874692,0.6052881297446515,0.4825094893029675,0.8488397170462388,0.6455457786979526,0.0343295492188685,0.2204849137879529,262132,62211,61751,0.2373269955594891,0.2355721544870523,198490,1431,1891,60320
P1,sen1floods11,unet,F1,37,Mekong_213094,KHM,0.1127593666315078,0.4447701871395111,5.960464477539064e-08,0.001506051630713,0.4907172261202356,0.7317075596028194,0.3671497584541063,0.4159334023464458,0.5608609385783299,0.4479813664596273,0.4907172261202356,0.4316933607152021,229843,111,1479,0.0004829383535717,0.0064348272516456,228292,1440,72,39
P1,sen1floods11,unet,F1,37,Mekong_221789,KHM,0.0854471996426582,0.3723376989364624,1.1920928955078125e-07,0.0004709890345111,0.5005572919327348,0.9464955810605032,0.3893849206349206,0.2186637336093858,0.4205486542443064,0.3428657694962043,0.5005572919327348,0.4282710795867572,215327,0,240,0.0,0.0011145838654697,215087,240,0,0
P1,sen1floods11,unet,F1,37,Mekong_254910,KHM,0.3048644959926605,0.8514068722724915,4.76837158203125e-07,0.0026376866735517,0.531700850258016,0.304772385126202,0.6694271911663217,0.7166149068322982,0.7791580400276052,0.721733379342075,0.531700850258016,0.5151726408109445,205495,135,14603,0.0006569502907613,0.0710625562665758,190864,14496,28,107
P1,sen1floods11,unet,F1,37,Mekong_269835,KHM,0.0447102077305316,0.2402329295873642,0.0,0.0001543682592455,0.1991353187234266,0.8119250921698977,0.2399068322981366,0.1458333333333333,0.2399068322981366,0.2085489993098689,0.1991353187234266,0.3612774683916806,212236,483,591,0.0022757684841402,0.0027846359712772,211566,187,79,404
P1,sen1floods11,unet,F1,37,Mekong_293769,KHM,0.1468755453824997,0.5316165685653687,2.7418136596679688e-06,0.0032886615954339,0.0630200489771051,0.1171361790567458,0.6191123188405797,0.6059782608695653,0.9230288129744652,0.7160397975615367,0.0630200489771051,0.2798375017739752,230540,30420,31104,0.1319510713975882,0.134918018565108,198013,2107,1423,28997
P1,sen1floods11,unet,F1,37,Mekong_333434,KHM,0.2776433229446411,0.8056773543357849,2.384185791015625e-07,0.0013412262778729,0.4089685517200168,0.5095456072160387,0.5882936507936507,0.5591787439613527,0.5982142857142857,0.5818955601564296,0.4089685517200168,0.5194608483920735,203133,3284,5938,0.0161667478942367,0.0292320794750237,195523,4326,1672,1612
P1,sen1floods11,unet,F1,37,Mekong_342411,KHM,0.223348468542099,0.7062191367149353,1.430511474609375e-06,0.0036960067227482,0.0964699185766028,0.1751639123536553,0.6542227398205659,0.6705917874396136,0.9101319875776396,0.7449821716126065,0.0964699185766028,0.3582310150089426,262141,28914,29654,0.1102994190149576,0.1131223272971416,230139,3088,2348,26566
P1,sen1floods11,unet,F1,37,Mekong_382276,KHM,0.0894324332475662,0.3828714191913605,9.5367431640625e-07,0.0009446965996176,0.0475330544779137,0.2344046801164558,0.494198585231194,0.338768115942029,0.6385222567287785,0.4904963193006671,0.0475330544779137,0.2146052213550545,262111,9808,10379,0.0374192613053248,0.0395977276802576,251535,768,197,9611
P1,sen1floods11,unet,F1,37,Mekong_424793,KHM,0.2369936555624008,0.7329812049865723,5.960464477539064e-08,0.0016255379887297,0.3143774006057888,0.4809168332436601,0.4957298136645963,0.5528165976535542,0.5691640786749483,0.5392368299976996,0.3143774006057888,0.476351404476225,258487,4003,8055,0.0154862720368916,0.0311621087327409,249824,4660,608,3395
P1,sen1floods11,unet,F1,37,Mekong_45934,KHM,0.0734993740916252,0.3338373005390167,0.0,0.0003532022237777,0.3821156585413433,0.9168463974021072,0.2572679434092477,0.1889233954451345,0.2656357832988267,0.237275707384403,0.3821156585413433,0.4069343270315435,261859,296,335,0.0011303793262786,0.001279314440214,261349,214,175,121
P1,sen1floods11,unet,F1,37,Mekong_474783,KHM,0.3267366290092468,0.884376049041748,5.960464477539064e-08,0.0012299881782382,0.373649364372717,0.5101985461166272,0.6014277087646653,0.6156832298136645,0.5263328157349896,0.5811479181044398,0.373649364372717,0.589883630132849,262119,5780,10784,0.0220510531476161,0.0411416188830264,249260,7079,2075,3705
P1,sen1floods11,unet,F1,37,Mekong_52610,KHM,0.4061865508556366,0.9661709666252136,1.2516975402832031e-06,0.0021273004822432,0.2063150369129691,0.0861483376162943,0.8483652518978606,0.7941468253968254,0.7991287094547965,0.8138802622498275,0.2063150369129691,0.5448626481342479,262144,210673,195431,0.8036537170410156,0.7455101013183594,48214,3257,18499,192174
P1,sen1floods11,unet,F1,37,Mekong_596495,KHM,0.2599014937877655,0.7806755900382996,8.702278137207031e-06,0.0026104203425347,0.1370281276748435,0.047970514816216,0.7472394755003451,0.6746031746031746,0.8989820565907523,0.7736082355647573,0.1370281276748435,0.382380517850491,229483,177143,167036,0.7719221031623258,0.7278796250702666,50950,1390,11497,165646
P1,sen1floods11,unet,F1,37,Mekong_774566,KHM,0.1661718636751175,0.5945813655853271,8.463859558105469e-06,0.0034512297715991,0.1028789529661944,0.0577091579740228,0.6548050379572119,0.6274154589371981,0.9442287784679088,0.7421497584541062,0.1028789529661944,0.295811745220933,227728,77043,68821,0.338311494414389,0.30220701889974,149383,1302,9524,67519
P1,sen1floods11,unet,F1,37,Mekong_846007,KHM,0.2085210680961609,0.6740779280662537,1.5497207641601562e-06,0.0033316323533654,0.2478285217081618,0.1589946192116038,0.6480978260869565,0.6502113526570048,0.9077812284334024,0.7353634690591213,0.2478285217081618,0.3435603578243449,164030,7535,12197,0.0459367188928854,0.0743583490824849,151231,5264,602,6933
P1,sen1floods11,unet,F1,37,Mekong_922373,KHM,0.3579527139663696,0.9219396710395812,5.125999450683594e-06,0.006136623211205,0.2629447089152903,0.1226400293762981,0.8433402346445825,0.8658341959972395,0.9775060386473432,0.8955601564297216,0.2629447089152903,0.5215922400597334,262138,119765,85556,0.4568776751176861,0.3263777094507473,140451,1922,36131,83634
P1,sen1floods11,unet,F1,37,Mekong_977338,KHM,0.1098128259181976,0.4271523952484131,6.437301635742188e-06,0.0029064042028039,0.0562722020066436,0.0416221473323893,0.589975845410628,0.5458505866114562,0.9205486542443064,0.6854583620887968,0.0562722020066436,0.2261418017932334,176958,65567,67057,0.370522948948338,0.3789430260287751,108241,3150,1660,63907
P1,sen1floods11,unet,F1,37,Mekong_98310,KHM,0.1228986755013465,0.4863364696502685,1.055002212524414e-05,0.0025719485711306,0.0599836157569469,0.0457306380467307,0.6215924775707384,0.5441252587991718,0.8989820565907523,0.6882332643202208,0.0599836157569469,0.2467213310660972,182771,85667,81864,0.4687122136443965,0.4479047551307373,96199,905,4708,80959
P1,sen1floods11,unet,F1,37,Nigeria_1095404,NGA,0.3456222116947174,0.9076324701309204,5.424022674560547e-06,0.003026028862223,0.1971313402111436,0.1918128159760244,0.8349723947550035,0.8064613526570048,0.9265010351966874,0.8559782608695653,0.1971313402111436,0.5241357622633745,252283,46091,46510,0.1826956235655989,0.184356456836172,197362,8830,8411,37680
P1,sen1floods11,unet,F1,37,Nigeria_143329,NGA,0.0688333436846733,0.2993920445442199,0.0,0.0002161027223337,0.4225702180511232,0.8371135310145166,0.2537957211870255,0.1701388888888889,0.2503234989648033,0.2247527030135725,0.4225702180511232,0.3808453163323923,249500,2777,497,0.011130260521042,0.0019919839679358,246688,35,2315,462
P1,sen1floods11,unet,F1,37,Nigeria_22088,NGA,0.088486261665821,0.3987870514392853,7.033348083496094e-06,0.001516719115898,0.4273045923935857,0.8916517012701733,0.5795591787439613,0.4055167356797791,0.790631469979296,0.5919024614676789,0.4273045923935857,0.4618320380843062,209501,170,521,0.0008114519739762,0.0024868616378919,208899,432,81,89
P1,sen1floods11,unet,F1,37,Nigeria_225131,NGA,0.0485056042671203,0.2486339658498764,0.0,0.0001594353379914,0.4228914642007897,0.9298387086811908,0.2399068322981366,0.1458333333333333,0.2399068322981366,0.2085489993098689,0.4228914642007897,0.3895729416009245,241255,1131,237,0.0046879857412281,0.0009823630598329,240074,50,944,187
P1,sen1floods11,unet,F1,37,Nigeria_31096,NGA,0.0875124335289001,0.3600475788116455,0.0,0.0005536565440706,0.4085604541367166,0.7812559577504802,0.2572679434092477,0.2434006211180124,0.3201130089717046,0.2735938578329882,0.4085604541367166,0.392507340545327,217487,816,913,0.0037519483923177,0.0041979520615025,216032,639,542,274
P1,sen1floods11,unet,F1,37,Nigeria_35845,NGA,0.0514796935021877,0.2548616826534271,0.0,0.0002905206638388,0.3964682221960718,0.8507035670556785,0.2399068322981366,0.1691468253968254,0.2632203243616287,0.2240913273521969,0.3964682221960718,0.3717075525978524,213042,286,195,0.0013424582946085,0.0009153124735967,212644,112,203,83
P1,sen1floods11,unet,F1,37,Nigeria_417184,NGA,0.3783614039421081,0.9434604644775392,5.185604095458984e-06,0.0043092556297779,0.3786595900730858,0.2401310832382445,0.8789898205659076,0.8838207384403036,0.959842995169082,0.9075511847250978,0.3786595900730858,0.6007391601249936,50135,1384,3521,0.0276054652438416,0.0702303779794554,46353,2398,261,1123
P1,sen1floods11,unet,F1,37,Nigeria_439488,NGA,0.0412400737404823,0.236521691083908,0.0,8.969231566879898e-05,0.5032024432809773,0.9999999999737152,0.2364346100759144,0.1076388888888889,0.2051846100759144,0.1830860363469059,0.5032024432809773,0.4294878698646891,229200,1468,0,0.0064048865619546,0.0,227732,0,1468,0
P1,sen1floods11,unet,F1,37,Nigeria_529525,NGA,0.4471119940280914,0.9892095923423768,9.5367431640625e-07,0.0029689844232052,0.5275242840102681,0.1607327691919067,0.8969763630089718,0.9406271566597656,0.8376035196687373,0.8917356797791581,0.5275242840102681,0.6608386463170478,262144,223651,141473,0.8531608581542969,0.5396766662597656,38130,363,82541,141110
P1,sen1floods11,unet,F1,37,Nigeria_598959,NGA,0.2748301923274994,0.8040239810943604,0.0,0.0003060099552385,0.5966565733150744,0.7603237267923002,0.4416192201518288,0.3708592132505175,0.2632203243616287,0.3585662525879917,0.5966565733150744,0.5649042615883435,211208,46528,2421,0.2202946858073557,0.0114626339911366,163566,1114,45221,1307
P1,sen1floods11,unet,F1,37,Nigeria_600295,NGA,0.2963608503341675,0.8417665362358093,1.0132789611816406e-05,0.003140133107081,0.1040078039860479,0.0876617652741901,0.7892512077294687,0.7559739475500346,0.9431720151828848,0.8294657234874627,0.1040078039860479,0.4383571193770002,181691,83661,78082,0.4604575900842639,0.4297516112520708,95893,2137,7716,75945
P1,sen1floods11,unet,F1,37,Nigeria_707067,NGA,0.0619604848325252,0.2842795848846435,0.0,0.0002268946409458,0.4805752561375028,0.9345241775826868,0.2537957211870255,0.1760912698412698,0.2562758799171842,0.2287209569818265,0.4805752561375028,0.4081874890270766,261359,3756,276,0.014371037538405,0.001056018732854,257529,74,3554,202
P1,sen1floods11,unet,F1,37,Nigeria_78061,NGA,0.1254908293485641,0.4898045659065246,2.384185791015625e-07,0.0026375222951173,0.2134732946974302,0.2577476619932194,0.4539768806073153,0.5534851621808143,0.7268374741200828,0.5780998389694042,0.2134732946974302,0.3185560126320634,228886,5494,8199,0.0240032155745655,0.0358213259002298,220268,3124,419,5075
P1,sen1floods11,unet,F1,37,Nigeria_812045,NGA,0.361394464969635,0.9259576797485352,7.033348083496094e-06,0.0022977828048169,0.0940866722980633,0.1004171583076323,0.8516433747412007,0.7596187025534851,0.8726492408557625,0.8279704393834827,0.0940866722980633,0.494670524562069,236584,119583,116206,0.5054568356270923,0.4911828356947215,112850,4151,7528,112055
P1,sen1floods11,unet,F1,37,Nigeria_81933,NGA,0.424079954624176,0.9776888489723206,1.4901161193847656e-06,0.0033995115663856,0.4825976535294856,0.1497988022880918,0.8993271221532091,0.9108652518978606,0.9053010697032436,0.9051644812514378,0.4825976535294856,0.613984310289811,246268,177950,106017,0.7225867753829162,0.4304944207123946,65822,2496,74429,103521
P1,sen1floods11,unet,F1,37,Nigeria_820924,NGA,0.0507026351988315,0.259262204170227,0.0,0.0001623386488063,0.3986806826713837,0.9200390597458944,0.2399068322981366,0.1458333333333333,0.2399068322981366,0.2085489993098689,0.3986806826713837,0.3847851631598438,262143,1176,280,0.0044861010974925,0.0010681193089268,260936,31,927,249
P1,sen1floods11,unet,F1,37,Nigeria_952958,NGA,0.1283843666315078,0.4952279329299927,2.384185791015625e-07,0.0018529980443418,0.1595790388159217,0.2584458095763535,0.4539768806073153,0.46875,0.6421023119392684,0.5216097308488612,0.1595790388159217,0.2980485016690266,227674,9735,10483,0.0427585055825434,0.0460439048815411,215762,2177,1429,8306
P1,sen1floods11,unet,F1,37,Nigeria_984831,NGA,0.4355740547180176,0.984034299850464,1.5497207641601562e-06,0.0025197865907102,0.5461459027967118,0.1290302266121245,0.9409290890269152,0.8964371980676329,0.8611758109040717,0.8995140326662066,0.5461459027967118,0.6321659795204632,240158,221680,155511,0.9230589861674398,0.6475362053314901,17927,551,66720,154960
P1,sen1floods11,unet,F1,37,Spain_1167260,ESP,0.3848739564418793,0.949412763118744,1.4901161193847656e-06,0.0045950026251375,0.2893431322306672,0.238554089825722,0.8685731538992408,0.9158040027605244,0.9409937888198756,0.908456981826547,0.2893431322306672,0.6244942212387257,262119,42519,50946,0.1622125828345141,0.1943621027090749,201518,18082,9655,32864
P1,sen1floods11,unet,F1,37,Spain_1199913,ESP,0.2987919151782989,0.8507015109062195,3.5762786865234375e-07,0.0013830178650096,0.2776910129384432,0.4225471585706065,0.6492192891649413,0.593944099378882,0.6362793305728087,0.6264809063722107,0.2776910129384432,0.5190075283976869,262143,10090,14731,0.038490442239541,0.0561945197850028,245361,6692,2051,8039
P1,sen1floods11,unet,F1,37,Spain_2472849,ESP,0.1342069059610366,0.5181177854537964,0.0,0.0003563647042028,0.4875860507262106,0.9597013968482132,0.3156055900621118,0.2472610420979986,0.2656357832988267,0.2761674718196457,0.4875860507262106,0.4804506233689151,261759,20,296,7.640615986460829e-05,0.0011308111659962,261451,288,12,8
P1,sen1floods11,unet,F1,37,Spain_2523247,ESP,0.3478267788887024,0.9135202765464784,3.5762786865234375e-07,0.0014005741104483,0.4953895151776769,0.4998160510445503,0.7116114561766735,0.6563362663906143,0.6362793305728087,0.6680756843800322,0.4953895151776769,0.6101685082633003,262039,2429,15000,0.0092696125385915,0.0572433874346948,245713,13897,1326,1103
P1,sen1floods11,unet,F1,37,Spain_2594119,ESP,0.3563941419124603,0.9215908646583556,1.1920928955078125e-07,0.0015148284146562,0.4661671443275748,0.434642184735993,0.6614691166321601,0.6741287094547964,0.6039294340924776,0.646509086726478,0.4661671443275748,0.5949573150395284,262009,2877,19333,0.0109805388364521,0.0737875416493326,242409,16723,267,2610
P1,sen1floods11,unet,F1,37,Spain_2938657,ESP,0.2478704750537872,0.7675227522850037,5.364418029785156e-07,0.0016992720775306,0.1710390051333201,0.373043729676627,0.6225845410628019,0.5707815734989647,0.6849982746721877,0.6261214630779848,0.1710390051333201,0.4670001537920729,262074,9772,13687,0.0372871784305196,0.0522257072429924,248076,4226,311,9461
P1,sen1floods11,unet,F1,37,Spain_3285448,ESP,0.1939361840486526,0.6554216146469116,2.264976501464844e-06,0.0013999594375491,0.0762280709196541,0.0893014677505857,0.653683574879227,0.47851966873706,0.7561680469289165,0.6294570968484011,0.0762280709196541,0.2790273331236184,262136,56389,61191,0.2151135288552507,0.233432264168218,199689,6058,1256,55133
P1,sen1floods11,unet,F1,37,Spain_337094,ESP,0.3638232350349426,0.9291922450065612,7.152557373046875e-07,0.0036681173369288,0.3056991483635566,0.3323247507683246,0.7496118012422359,0.8325569358178053,0.843555900621118,0.8085748792270531,0.3056991483635566,0.6125712284347423,262056,26075,29731,0.099501633238697,0.1134528497725677,224114,11867,8211,17864
P1,sen1floods11,unet,F1,37,Spain_4282030,ESP,0.3967168927192688,0.9591423869132996,3.933906555175781e-06,0.0046819634735584,0.2046201311253916,0.154486666605735,0.8932453416149069,0.9158040027605244,0.9656659765355418,0.9249051069703244,0.2046201311253916,0.5905106712100864,262123,98131,91005,0.374370047649386,0.3471843371241745,153665,10327,17453,80678
P1,sen1floods11,unet,F1,37,Spain_4915752,ESP,0.2960553169250488,0.8458040952682495,3.5762786865234375e-07,0.0016572341555729,0.2724025456387886,0.4178473525689673,0.6468038302277432,0.6141520013802623,0.6589026915113871,0.6399528410397975,0.2724025456387886,0.5219344739966287,262128,7664,14700,0.0292376243667216,0.0560794726240615,247074,7390,354,7310
P1,sen1floods11,unet,F1,37,Spain_5650136,ESP,0.2741978466510772,0.8069022297859192,1.2636184692382812e-05,0.0039717624895274,0.1288732108431671,0.0793087856545036,0.7652691511387164,0.7545505521049,0.9657306763285024,0.8285167931907064,0.1288732108431671,0.4185154118615831,171596,104207,101447,0.6072810555024593,0.5911967644933448,63078,4311,7071,97136
P1,sen1floods11,unet,F1,37,Spain_5678382,ESP,0.3378128409385681,0.9005680084228516,1.1920928955078125e-07,0.0015617876779288,0.5011879420183807,0.463342452067172,0.648270358868185,0.6633454106280193,0.6063448930296756,0.6393202208419599,0.5011879420183807,0.5914007902636261,262117,3570,15712,0.0136198720418744,0.0599426973450787,243974,14573,2431,1139
P1,sen1floods11,unet,F1,37,Spain_5816638,ESP,0.1161044538021087,0.4695310890674591,0.0,0.000354245014023,0.4118720554660476,0.9336043632917336,0.2968857832988267,0.2285412353347135,0.2656357832988267,0.2636876006441224,0.4118720554660476,0.4559132456658405,262052,379,453,0.0014462778379863,0.0017286645398623,261346,327,253,126
P1,sen1floods11,unet,F1,37,Spain_5923267,ESP,0.2079520225524902,0.6826501488685608,3.6835670471191406e-05,0.0016187513247132,0.1272771329851532,0.0381027783088676,0.6955659075224293,0.5156357832988268,0.8061809868875087,0.6724608925695882,0.1272771329851532,0.2961040081215974,218743,201713,200718,0.9221460801031348,0.9175973631156196,15228,1802,2797,198916
P1,sen1floods11,unet,F1,37,Spain_6095801,ESP,0.3870905339717865,0.950907289981842,4.76837158203125e-07,0.0040019806474447,0.3952577317106495,0.2719229718764401,0.787676846100759,0.8991977225672878,0.8434912008281574,0.8434552564987348,0.3952577317106495,0.6398996987334786,262062,22736,41989,0.0867580954125359,0.1602254428341384,213739,25587,6334,16402
P1,sen1floods11,unet,F1,37,Spain_6199994,ESP,0.1047332659363746,0.4314108490943908,0.0,0.0003428014169912,0.3834196505995637,0.886730523883114,0.2746290545203589,0.2062845065562457,0.2656357832988267,0.2488497814584771,0.3834196505995637,0.4137122389719634,261902,783,732,0.0029896678910432,0.0027949385648066,260677,442,493,290
P1,sen1floods11,unet,F1,37,Spain_6537196,ESP,0.3395757675170898,0.902164340019226,1.1920928955078125e-07,0.0015757428482174,0.4432247878870636,0.5316139947393979,0.650685817805383,0.6657608695652174,0.6063448930296756,0.640930526800092,0.4432247878870636,0.6209956131812324,262106,3046,12187,0.0116212524703745,0.046496455632454,248932,10128,987,2059
P1,sen1floods11,unet,F1,37,Spain_6860600,ESP,0.1266837418079376,0.4970257878303528,0.0,0.0004089418798685,0.4402537000441273,0.9132800083166064,0.3073024499654934,0.2472610420979986,0.2739389233954451,0.2761674718196457,0.4402537000441273,0.4600654769817296,261969,246,609,0.0009390424057808,0.0023247025411403,261207,516,153,93
P1,sen1floods11,unet,F1,37,Spain_716716,ESP,0.2120057791471481,0.6972534656524658,0.0,0.0005965960444882,0.4531564557291934,0.557556141420108,0.3719159765355417,0.3747196342305038,0.3367839889579019,0.3611398665746492,0.4531564557291934,0.4334283204246842,262067,2644,6266,0.0100890230360938,0.0239099161664765,254115,5308,1686,958
P1,sen1floods11,unet,F1,37,Spain_7370579,ESP,0.381026417016983,0.9453110098838806,2.5033950805664062e-06,0.0055697821080684,0.252133207544355,0.1733132423098041,0.8779330572808834,0.9063793995859212,0.9646092132505176,0.9163072233724407,0.252133207544355,0.5802221984775583,262045,70035,68863,0.2672632563109389,0.2627907420481215,177437,14573,15745,54290
P1,sen1floods11,unet,F1,37,Spain_7387658,ESP,0.4122965335845947,0.970448911190033,2.562999725341797e-06,0.0048825242556631,0.2584121693835361,0.11841482156457,0.9076302622498276,0.9360766045548654,0.9646092132505176,0.9361053600184036,0.2584121693835361,0.5942903055944057,262057,153006,133430,0.5838653422728644,0.5091640368316817,99544,9507,29083,123923
P1,sen1floods11,unet,F1,37,Spain_7558720,ESP,0.3326092660427093,0.8932401537895203,0.0,0.0019492903957143,0.4855098792738717,0.4516525650944712,0.5147946859903382,0.7024672187715666,0.5216528640441683,0.579638256268691,0.4855098792738717,0.5928070378250555,261984,2137,15272,0.0081569866862098,0.0582936362525955,245943,13904,769,1368
P1,sen1floods11,unet,F1,37,Spain_7604243,ESP,0.2358613908290863,0.7438560724258423,1.728534698486328e-06,0.001887536025606,0.106401020956161,0.2237920496575924,0.7018849206349207,0.5764967218771566,0.794168391994479,0.6908500115021855,0.106401020956161,0.3907796104101715,262080,20919,24864,0.0798191391941391,0.0948717948717948,236749,4412,467,20452
P1,sen1floods11,unet,F1,37,Spain_7786924,ESP,0.3175663948059082,0.8730673789978027,5.960464477539064e-08,0.0014932621270418,0.4407300251112414,0.4909313131800844,0.5847567287784678,0.6335403726708074,0.5608609385783299,0.5930526800092016,0.4407300251112414,0.5682662490890462,262111,3768,12607,0.0143755889680326,0.0480979432377885,248041,10302,1463,2305
P1,sen1floods11,unet,F1,37,Spain_7856615,ESP,0.3816262483596802,0.9465041160583496,1.1920928955078125e-07,0.002735186368227,0.4639034059077367,0.3585173417915928,0.7114389233954451,0.8348645617667356,0.7146954796411318,0.7536663216011042,0.4639034059077367,0.6579938954265122,261930,9637,29482,0.0367922727446264,0.1125567899820562,228741,23552,3707,5930
P1,sen1floods11,unet,F1,37,Spain_8104659,ESP,0.3804886043071747,0.9452326893806458,7.152557373046875e-07,0.0024815697688609,0.5111614375570249,0.3367904293671057,0.7901570048309179,0.8157781228433403,0.786231884057971,0.7973890039107431,0.5111614375570249,0.6455771726835465,262128,3484,30393,0.0132912165049136,0.11594717084783,230971,27673,764,2720
P1,sen1floods11,unet,F1,37,Spain_8154154,ESP,0.3347268104553222,0.8961025476455688,1.788139343261719e-07,0.0021404800936579,0.4313114354218261,0.4281763964555239,0.6493918219461698,0.7202596618357489,0.6740424430641823,0.6812313089487003,0.4313114354218261,0.5850467336866163,262118,4582,16946,0.0174806766418178,0.064650272014894,244082,13454,1090,3492
P1,sen1floods11,unet,F1,37,Spain_8199661,ESP,0.2581154704093933,0.7809211611747742,3.5762786865234375e-07,0.0021673729643225,0.2899257078100556,0.3864671285436335,0.6072075569358177,0.6338854382332644,0.7182324016563146,0.6531084656084656,0.2899257078100556,0.4911882588788759,262036,8182,13557,0.0312247172144285,0.0517371658856035,247067,6787,1412,6770
P1,sen1floods11,unet,F1,37,Spain_8372658,ESP,0.3475657999515533,0.9110891819000244,9.47713851928711e-06,0.0047540566883981,0.1487086573381202,0.1189099427164083,0.8516433747412009,0.8623619737750172,0.9823369565217392,0.8987807683459857,0.1487086573381202,0.5167604292946788,262029,93104,86314,0.3553194493739242,0.3294062870903602,162771,6154,12944,80160
P1,sen1floods11,unet,F1,37,Spain_8565131,ESP,0.3618294596672058,0.9274423718452454,2.086162567138672e-06,0.003870140761137,0.2101002222046839,0.1867406351532961,0.8315001725327811,0.8468124568668047,0.9396997929606624,0.8726708074534161,0.2101002222046839,0.5392609864074985,262084,52356,59139,0.1997680133087102,0.2256490285557302,195650,14078,7295,45061
P1,sen1floods11,unet,F1,71,Bolivia_103757,BOL,0.4597562253475189,0.993709683418274,4.911422729492188e-05,0.0027294578030705,0.3993318787597504,0.3261792091485247,0.9906400966183576,0.956413906142167,0.9470540027605244,0.9647026685070164,0.3993318787597504,0.705331040429109,88077,35362,17421,0.4014896056859339,0.1977928403555979,52149,566,18507,16855
P1,sen1floods11,unet,F1,71,Bolivia_129334,BOL,0.4789314568042755,0.9982879161834716,3.5762786865234375e-07,0.0027585497591644,0.3031840362972734,0.2324966188958208,0.738052104899931,0.956413906142167,0.694466011042098,0.7963106740280654,0.3031840362972734,0.6608635210732998,237065,156067,123744,0.6583299938835341,0.5219834222681543,76567,4431,36754,119313
P1,sen1floods11,unet,F1,71,Bolivia_195474,BOL,0.0862053111195564,0.3680934309959411,5.960464477539062e-07,0.0002450899337418,0.5027056988940068,0.8927138038556901,0.5648076259489303,0.3516002415458937,0.4930986887508626,0.4698355187485623,0.5027056988940068,0.4861604446584046,261335,1551,509,0.0059349111293933,0.0019476916601297,259280,504,1546,5
P1,sen1floods11,unet,F1,71,Bolivia_23014,BOL,0.1585249155759811,0.5446644425392151,3.0994415283203125e-06,0.0010549493599683,0.1448442425233818,0.3794046586155709,0.7311076604554865,0.553938060731539,0.7638241890959283,0.6829566367609846,0.1448442425233818,0.4476994024421239,182995,7780,8882,0.0425148228093663,0.0485368452689964,173338,1877,775,7005
P1,sen1floods11,unet,F1,71,Bolivia_233925,BOL,0.0679541379213333,0.3316152691841125,1.4901161193847656e-06,0.0007256329408846,0.5032981530343008,0.6965494998903471,0.6064742926155969,0.4317848516218082,0.6856021394064873,0.5746204278812974,0.5032981530343008,0.4314544703353788,146294,1,964,6.835550330157081e-06,0.0065894705182714,145329,964,1,0
P1,sen1floods11,unet,F1,71,Bolivia_242570,BOL,0.3534650504589081,0.9189022183418274,3.5762786865234375e-07,0.0006933452095836,0.4347836925827237,0.5508268789449833,0.6289898205659076,0.6429218426501035,0.490036231884058,0.5873159650333564,0.4347836925827237,0.6090750101389348,175507,27346,10874,0.1558114491159896,0.0619576427151053,145256,2905,19377,7969
P1,sen1floods11,unet,F1,71,Bolivia_290290,BOL,0.3672499358654022,0.9309900403022766,9.5367431640625e-07,0.0008543647709302,0.238927467007138,0.3540663470216678,0.8104296066252589,0.6819142512077295,0.679714458247067,0.7240194386933517,0.238927467007138,0.581850041705431,204633,19699,17782,0.0962650207933226,0.0868970302932567,180837,4097,6014,13685
P1,sen1floods11,unet,F1,71,Bolivia_294583,BOL,0.2128485739231109,0.6875525712966919,2.980232238769531e-07,0.0032767581287771,0.1462488748464774,0.1483833455286247,0.4861326777087646,0.788604209799862,0.657845928226363,0.6441942719116632,0.1462488748464774,0.4406829905425485,130472,15008,18133,0.1150285118646146,0.1389800110368508,111518,3946,821,14187
P1,sen1floods11,unet,F1,71,Bolivia_312675,BOL,0.3121693730354309,0.8565534949302673,1.2516975402832031e-06,0.0016966123366728,0.2935840590000951,0.4575836884531075,0.7961093857832988,0.7721704623878537,0.8128019323671498,0.7936939268461009,0.2935840590000951,0.6191381936466578,158008,9575,7084,0.0605981975596172,0.0448331730038985,146549,1884,4375,5200
P1,sen1floods11,unet,F1,71,Bolivia_314919,BOL,0.4437653124332428,0.9877445101737976,7.152557373046875e-07,0.0022328309714794,0.2982762128590783,0.1851493646660714,0.8828502415458936,0.9195350241545894,0.8023852657004831,0.8682568438003221,0.2982762128590783,0.6384719793221161,188845,83678,60325,0.4431041330191427,0.3194418703169265,101093,4074,27427,56251
P1,sen1floods11,unet,F1,71,Bolivia_360519,BOL,0.091660551726818,0.3901177048683166,1.430511474609375e-06,0.0003445516631472,0.4692087031675962,0.7166862010007844,0.6407436162870945,0.400491718426501,0.6130952380952381,0.5514435242696112,0.4692087031675962,0.4543034173808752,243678,414,1577,0.0016989633861078,0.0064716552171308,241815,1449,286,128
P1,sen1floods11,unet,F1,71,Bolivia_379434,BOL,0.2191115319728851,0.6876019835472107,1.1920928955078125e-06,0.0021258385386317,0.4087301788657416,0.5060180247939313,0.7268159075224292,0.7136602829537613,0.8235852311939269,0.7546871405567058,0.4087301788657416,0.551827603748978,262144,10790,6760,0.0411605834960937,0.025787353515625,247822,3532,7562,3228
P1,sen1floods11,unet,F1,71,Bolivia_432776,BOL,0.4460498094558716,0.988852083683014,1.4901161193847656e-06,0.002199055859819,0.3903664487286291,0.2878564215753796,0.930145790200138,0.9195350241545894,0.8496808143547274,0.8997872095698183,0.3903664487286291,0.6775351306538717,155397,72145,41577,0.4642625018501,0.2675534276723489,80796,2456,33024,39121
P1,sen1floods11,unet,F1,71,Bolivia_60373,BOL,0.2167530655860901,0.6860669851303101,1.430511474609375e-06,0.0021892341319471,0.244564595459249,0.3926484033753632,0.7351190476190477,0.7279805037957212,0.8462085921325052,0.7697693811824248,0.244564595459249,0.5353301876984808,199019,12480,7222,0.0627075806832513,0.0362879926037212,186237,302,5560,6920
P1,sen1floods11,unet,F1,71,Bolivia_76104,BOL,0.0346136428415775,0.2124102562665939,2.384185791015625e-07,5.099010741105303e-05,0.500013091404184,0.999999999973181,0.2234515182884748,0.0954106280193236,0.1349853347135955,0.151282493673798,0.500013091404184,0.4492324681258751,190965,5,0,2.6182808368025558e-05,0.0,190960,0,5,0
P1,sen1floods11,unet,F1,71,Mekong_1111068,KHM,0.4546628296375274,0.9920858144760132,5.364418029785156e-07,0.0014833967434242,0.5374190105250137,0.3796564438903886,0.8375388198757765,0.8672144582470669,0.7047532781228434,0.8031688520818956,0.5374190105250137,0.7123538625978223,262098,7449,48495,0.0284206670787262,0.1850262115697181,211353,43296,2250,5199
P1,sen1floods11,unet,F1,71,Mekong_1149855,KHM,0.201594203710556,0.6610349416732788,3.5762786865234375e-07,0.0051831398159265,0.2050125813535477,0.2488332735337601,0.5416666666666666,0.7966701173222912,0.7311076604554866,0.6898148148148149,0.2050125813535477,0.4708658195460879,224775,17260,15234,0.0767878990101212,0.0677744411077744,204782,2733,4759,12501
P1,sen1floods11,unet,F1,71,Mekong_1191208,KHM,0.1627073585987091,0.5894718170166016,2.384185791015625e-07,0.0021651468705385,0.0822197876361479,0.2263728572696585,0.4160412353347136,0.7040631469979296,0.5510481366459627,0.5570508396595354,0.0822197876361479,0.4226761143555508,202312,15265,15164,0.0754527660247538,0.0749535371109968,185853,1194,1295,13970
P1,sen1floods11,unet,F1,71,Mekong_119477,KHM,0.1361598968505859,0.4822992384433746,1.1920928955078125e-07,0.000554887636099,0.3483588830934667,0.7038661778482911,0.285649585921325,0.4778942374051069,0.2540976535541752,0.3392138256268691,0.3483588830934667,0.5049090239562464,260952,2996,2221,0.0114810386584505,0.0085111438118887,256981,975,1750,1246
P1,sen1floods11,unet,F1,71,Mekong_1248200,KHM,0.454634428024292,0.992112159729004,7.152557373046875e-07,0.0053794649429619,0.328608698689844,0.1564737103623873,0.8828502415458936,0.9930555555555556,0.8759057971014492,0.917270531400966,0.328608698689844,0.6477709276238977,260988,204588,162234,0.7838981102579429,0.6216147868867534,55530,870,43224,161364
P1,sen1floods11,unet,F1,71,Mekong_1282475,KHM,0.1528286635875702,0.5464339256286621,7.748603820800781e-07,0.0018009976483881,0.0667085555922657,0.1566744622690646,0.6458764665286404,0.665825569358178,0.785649585921325,0.6991172072693811,0.0667085555922657,0.3817829131259187,262144,26551,27864,0.1012840270996093,0.106292724609375,233217,2376,1063,25488
P1,sen1floods11,unet,F1,71,Mekong_1395593,KHM,0.1371282190084457,0.5050512552261353,2.384185791015625e-07,0.0017097878735512,0.0927079984437322,0.1921256024930064,0.3862361973775017,0.6491545893719808,0.5259446169772257,0.5204451345755694,0.0927079984437322,0.3816906454522843,261728,18875,19982,0.0721168541386477,0.0763464359946203,240488,2365,1258,17617
P1,sen1floods11,unet,F1,71,Mekong_1396181,KHM,0.4295175671577453,0.980874478816986,4.172325134277344e-07,0.0057642254978418,0.2927149461705445,0.1444593133580191,0.7451690821256038,0.9503968253968254,0.7808833678398897,0.8254830917874396,0.2927149461705445,0.5957891631726556,243062,145007,115771,0.5965844105619142,0.476302342612173,91931,6124,35360,109647
P1,sen1floods11,unet,F1,71,Mekong_1413877,KHM,0.0885524600744247,0.3655145764350891,5.960464477539062e-07,0.0005753811565227,0.2776025815075642,0.674409277318192,0.5648076259489303,0.4396566597653554,0.5811551069703242,0.5285397975615367,0.2776025815075642,0.4528597151895472,256968,2512,1763,0.0097755362535412,0.0068607764390896,254022,434,1183,1329
P1,sen1floods11,unet,F1,71,Mekong_1439641,KHM,0.3851978182792663,0.9507587552070618,3.3974647521972656e-06,0.0035407671239227,0.177270915425433,0.0857520638648484,0.9029718771566596,0.910218253968254,0.9530710835058662,0.9220870715435932,0.177270915425433,0.5567271367900714,262083,197802,178464,0.7547303716761484,0.6809445862570255,63445,836,20174,177628
P1,sen1floods11,unet,F1,71,Mekong_1443339,KHM,0.4146557152271271,0.972006857395172,1.0728836059570312e-06,0.0042880717664957,0.2774169186556179,0.1067903446977118,0.834174430641822,0.9196428571428572,0.8936982401656315,0.8825051759834368,0.2774169186556179,0.560701866889857,262135,192783,156297,0.7354340320827055,0.5962462090144391,68514,838,37324,155459
P1,sen1floods11,unet,F1,71,Mekong_16233,KHM,0.1387396156787872,0.5150702595710754,3.516674041748047e-06,0.0012090149102732,0.0368478137970074,0.0822000673324168,0.7311076604554866,0.5765614216701174,0.7912784679089027,0.6996491833448356,0.0368478137970074,0.3412830424920414,262132,62211,61877,0.2373269955594891,0.2360528283460241,198301,1620,1954,60257
P1,sen1floods11,unet,F1,71,Mekong_213094,KHM,0.07109135389328,0.3186855018138885,5.960464477539062e-07,0.0028066709637641,0.4990902632182529,0.6776534105217634,0.5198197032436163,0.6230805728088337,0.8095669427191166,0.6508224062571889,0.4990902632182529,0.4598090151424656,229843,111,1371,0.0004829383535717,0.0059649412860082,228373,1359,99,12
P1,sen1floods11,unet,F1,71,Mekong_221789,KHM,0.0482597053050994,0.2595937848091125,4.172325134277344e-07,0.0003201874205842,0.500137000933464,0.9828681834467182,0.4070910973084886,0.2960231193926846,0.464587646652864,0.3892339544513457,0.500137000933464,0.4612785871415105,215327,0,59,0.0,0.0002740018669279,215268,59,0,0
P1,sen1floods11,unet,F1,71,Mekong_254910,KHM,0.2440034747123718,0.7455388903617859,3.5762786865234375e-07,0.0020588305778801,0.5212725985926197,0.3189901166806204,0.5728951000690131,0.7400577984817116,0.6432669082125604,0.652073268921095,0.5212725985926197,0.5209211392490912,205495,135,10054,0.0006569502907613,0.0489257646171439,195371,9989,70,65
P1,sen1floods11,unet,F1,71,Mekong_269835,KHM,0.0362065061926841,0.2124819159507751,3.5762786865234375e-07,0.0001801650359993,0.1952583692497825,0.8035378117234393,0.3299905106970324,0.2152777777777778,0.3613914768806073,0.3022199217851392,0.1952583692497825,0.3334116498800951,212236,483,572,0.0022757684841402,0.002695112987429,211581,172,83,400
P1,sen1floods11,unet,F1,71,Mekong_293769,KHM,0.1647547334432602,0.5789658427238464,1.3709068298339844e-06,0.0026625005993992,0.066229093876438,0.1432584926384534,0.7063707729468599,0.7325741890959282,0.8747196342305038,0.7712215320910972,0.066229093876438,0.4047549532917514,230540,30420,31337,0.1319510713975882,0.1359286891645701,197796,2324,1407,29013
P1,sen1floods11,unet,F1,71,Mekong_333434,KHM,0.1688555777072906,0.5802035331726074,4.76837158203125e-07,0.0012297040084376,0.3995045187744245,0.6357931905904963,0.6078114216701174,0.602894237405107,0.6464803312629399,0.6190619967793881,0.3995045187744245,0.5412407371363055,203133,3284,1995,0.0161667478942367,0.0098211516592577,198798,1051,2340,944
P1,sen1floods11,unet,F1,71,Mekong_342411,KHM,0.2082471549510955,0.6778139472007751,1.788139343261719e-07,0.0025358891580253,0.1012456985994592,0.1788397089697188,0.3629227053140096,0.7506038647342995,0.5014665286404417,0.5383310328962503,0.1012456985994592,0.4421245051405292,262141,28914,29469,0.1102994190149576,0.1124166002265956,230093,3134,2579,26335
P1,sen1floods11,unet,F1,71,Mekong_382276,KHM,0.0694695338606834,0.3322610259056091,4.76837158203125e-07,0.0005230127717368,0.042789093083678,0.2386871751146903,0.5020272601794341,0.3960274327122153,0.5453976880607315,0.4811507936507936,0.042789093083678,0.2710240397695407,262111,9808,10410,0.0374192613053248,0.0397159981839754,251569,734,132,9676
P1,sen1floods11,unet,F1,71,Mekong_424793,KHM,0.1349805295467376,0.5028093457221985,1.788139343261719e-07,0.0010661908891052,0.2754491128747754,0.5398036130104278,0.3116157694962043,0.553938060731539,0.3561076604554865,0.4072204968944099,0.2754491128747754,0.4775998081006133,258487,4003,3863,0.0154862720368916,0.0149446587255838,253101,1383,1523,2480
P1,sen1floods11,unet,F1,71,Mekong_45934,KHM,0.0489746704697608,0.2603860795497894,4.76837158203125e-07,0.0002831515157595,0.3635858611839428,0.9384318560283572,0.4449620427881297,0.284247757073844,0.4906832298136646,0.4066310098918794,0.3635858611839428,0.4314228989360871,261859,296,197,0.0011303793262786,0.0007523132678273,261472,91,190,106
P1,sen1floods11,unet,F1,71,Mekong_474783,KHM,0.2514286637306213,0.7647985816001892,2.384185791015625e-07,0.0010373216355219,0.3758780837458946,0.6763833802655463,0.4723084886128363,0.6341226708074534,0.4248404071773637,0.5104238555325512,0.3758780837458946,0.6015878403234247,262119,5780,4109,0.0220510531476161,0.0156760860525181,254333,2006,3677,2103
P1,sen1floods11,unet,F1,71,Mekong_52610,KHM,0.4581434428691864,0.99326753616333,7.748603820800781e-07,0.0037226539570838,0.3809504177134506,0.1581825701735455,0.8828502415458936,0.9836309523809524,0.8664811939268461,0.9109874626178972,0.3809504177134506,0.645566049040761,262144,210673,158837,0.8036537170410156,0.6059150695800781,50851,620,52456,158217
P1,sen1floods11,unet,F1,71,Mekong_596495,KHM,0.2766039967536926,0.8099421262741089,5.4836273193359375e-05,0.0026228930801153,0.1578560019360673,0.0569082421309123,0.8362663906142167,0.792615596963423,0.9376293995859212,0.855503795721187,0.1578560019360673,0.4617195957724532,229483,177143,164377,0.7719221031623258,0.7162927101353913,51088,1252,14018,163125
P1,sen1floods11,unet,F1,71,Mekong_774566,KHM,0.2500995695590973,0.7845821380615234,6.556510925292969e-06,0.0025557223707437,0.1029234894322115,0.0865260130018532,0.8314354727398205,0.7877846790890268,0.9327984817115252,0.8506728778467908,0.1029234894322115,0.4586585294147062,227728,77043,68982,0.338311494414389,0.3029140026698517,149297,1388,9449,67594
P1,sen1floods11,unet,F1,71,Mekong_846007,KHM,0.1856546849012375,0.62529456615448,1.1920928955078125e-07,0.0023453796748071,0.1982957184977439,0.1652962017221404,0.3321256038647343,0.7266218081435473,0.4563492063492063,0.5050322061191627,0.1982957184977439,0.430882316379318,164030,7535,10522,0.0459367188928854,0.0641468024141925,152949,3546,559,6976
P1,sen1floods11,unet,F1,71,Mekong_922373,KHM,0.383749395608902,0.9477541446685792,7.748603820800781e-07,0.0051690526306629,0.2852551088116063,0.1475673140252394,0.8069573844030365,0.9171626984126984,0.8759057971014492,0.866675293305728,0.2852551088116063,0.5632171194822476,262138,119765,81632,0.4568776751176861,0.3114084947623007,140646,1727,39860,79905
P1,sen1floods11,unet,F1,71,Mekong_977338,KHM,0.133168339729309,0.5109577775001526,1.0728836059570312e-06,0.0020904117263853,0.057735124087261,0.0570037796867098,0.6623102139406487,0.66341011042098,0.8093297101449276,0.7116833448355188,0.057735124087261,0.3616012256826391,176958,65567,67334,0.370522948948338,0.3805083692175544,108036,3355,1588,63979
P1,sen1floods11,unet,F1,71,Mekong_98310,KHM,0.181651160120964,0.6463695764541626,4.0531158447265625e-06,0.0016896898159757,0.0603942317282668,0.0680431211085151,0.7835360593512767,0.6896782263630089,0.8708160800552104,0.7813434552564987,0.0603942317282668,0.4021231353967729,182771,85667,81938,0.4687122136443965,0.4483096333663436,96142,962,4691,80976
P1,sen1floods11,unet,F1,71,Nigeria_1095404,NGA,0.3344894349575043,0.893822431564331,2.980232238769531e-07,0.0016028354875743,0.2854744252489161,0.2506202290675949,0.5662094547964113,0.7616243961352658,0.5507893374741201,0.6262077294685989,0.2854744252489161,0.5305406705879028,252283,46091,29353,0.1826956235655989,0.1163494963988853,203012,3180,19918,26173
P1,sen1floods11,unet,F1,71,Nigeria_143329,NGA,0.0373406298458576,0.2074787616729736,3.5762786865234375e-07,0.0001526947598904,0.5024705819759137,0.9888726689367148,0.3216873706004141,0.1855374396135265,0.3399542788129744,0.2823930296756383,0.5024705819759137,0.4130813856565796,249500,2777,17,0.011130260521042,6.813627254509017e-05,246723,0,2760,17
P1,sen1floods11,unet,F1,71,Nigeria_22088,NGA,0.0649555623531341,0.3206699192523956,4.351139068603516e-06,0.0011314881267026,0.485610796776012,0.9062764277692542,0.6514190821256038,0.4790804002760525,0.7923352311939268,0.640944904531861,0.485610796776012,0.4949894763651282,209501,170,451,0.0008114519739762,0.0021527343544899,208899,432,151,19
P1,sen1floods11,unet,F1,71,Nigeria_225131,NGA,0.037383247166872,0.2135422974824905,2.980232238769531e-07,0.0001310431835008,0.4899337983339231,0.9913248147882052,0.2696256038647343,0.1841787439613526,0.269927536231884,0.241243961352657,0.4899337983339231,0.4229406121670525,241255,1131,30,0.0046879857412281,0.0001243497544092,240122,2,1103,28
P1,sen1floods11,unet,F1,71,Nigeria_31096,NGA,0.0494085736572742,0.2424698770046234,3.5762786865234375e-07,0.0004767505743075,0.4337456867163374,0.8548940781423304,0.3465967908902692,0.3234126984126984,0.4529201173222912,0.3743098688750862,0.4337456867163374,0.3806125351458942,217487,816,430,0.0037519483923177,0.0019771296675203,216391,280,666,150
P1,sen1floods11,unet,F1,71,Nigeria_35845,NGA,0.0399528332054615,0.2232498824596405,1.788139343261719e-07,0.0005368386046029,0.3774959505502371,0.7798892282382061,0.1581909937888199,0.3209972394755003,0.2765916149068323,0.2519266160570508,0.3774959505502371,0.3550076745283079,213042,286,255,0.0013424582946085,0.0011969470808572,212608,148,179,107
P1,sen1floods11,unet,F1,71,Nigeria_417184,NGA,0.3939941823482513,0.9571120738983154,4.827976226806641e-06,0.0027882996946573,0.366869716154363,0.3745961346732309,0.9123964803312627,0.8864734299516908,0.938750862663906,0.9125402576489532,0.366869716154363,0.6609502544471655,50135,1384,2229,0.0276054652438416,0.0444599581130946,47367,1384,539,845
P1,sen1floods11,unet,F1,71,Nigeria_439488,NGA,0.0291483793407678,0.1862065345048904,5.364418029785156e-07,7.529754657298326e-05,0.5032024432809773,0.9999999999739292,0.3826777087646653,0.0729166666666666,0.3653165976535542,0.2736369910282954,0.5032024432809773,0.4141917685141983,229200,1468,0,0.0064048865619546,0.0,227732,0,1468,0
P1,sen1floods11,unet,F1,71,Nigeria_529525,NGA,0.4548878073692322,0.9921413660049438,2.980232238769531e-07,0.0041252211667597,0.6814206941845412,0.2319490022105741,0.6776871980676328,0.9895833333333331,0.6672705314009661,0.7781803542673108,0.6814206941845412,0.668623482768641,262144,223651,92009,0.8531608581542969,0.3509864807128906,38457,36,131678,91973
P1,sen1floods11,unet,F1,71,Nigeria_598959,NGA,0.2938946187496185,0.8299247026443481,5.960464477539062e-07,0.0003102096088696,0.5651234392157682,0.5431875622708482,0.7130995514147688,0.5342908902691512,0.5274974120082816,0.5916292845640672,0.5651234392157682,0.5588870433678417,211208,46528,6771,0.2202946858073557,0.0320584447558804,162145,2535,42292,4236
P1,sen1floods11,unet,F1,71,Nigeria_600295,NGA,0.3527845442295074,0.915570855140686,2.9802322387695312e-06,0.0019999169744551,0.1410618093706381,0.1085215066689302,0.8579623878536922,0.7961525189786061,0.8722394755003451,0.8421181274442144,0.1410618093706381,0.5005380888796493,181691,83661,73427,0.4604575900842639,0.4041311897672421,96371,1659,11893,71768
P1,sen1floods11,unet,F1,71,Nigeria_707067,NGA,0.03196282684803,0.1939264982938766,2.384185791015625e-07,0.0001094955441658,0.5071855187692025,0.9999999999735092,0.1870686680469289,0.1301328502415459,0.2060904071773636,0.1744306418219461,0.5071855187692025,0.4333601951456814,261359,3756,0,0.014371037538405,0.0,257603,0,3756,0
P1,sen1floods11,unet,F1,71,Nigeria_78061,NGA,0.1049825325608253,0.4147725999355316,2.384185791015625e-07,0.0025004707276821,0.2011675461349977,0.2436519607321464,0.3563017598343685,0.66341011042098,0.5701345755693581,0.5299488152749022,0.2011675461349977,0.3766776464496315,228886,5494,7621,0.0240032155745655,0.0332960513093854,220749,2643,516,4978
P1,sen1floods11,unet,F1,71,Nigeria_812045,NGA,0.4200952053070068,0.9752036929130554,9.5367431640625e-07,0.0022793994285166,0.2265618107637206,0.1363488932475614,0.8460791925465839,0.8639147688060732,0.8260653899240856,0.8453531170922476,0.2265618107637206,0.5632646531652682,236584,119583,93742,0.5054568356270923,0.3962313596862002,114939,2062,27903,91680
P1,sen1floods11,unet,F1,71,Nigeria_81933,NGA,0.3997721672058105,0.9608155488967896,4.76837158203125e-07,0.0020525413565337,0.6468937234940093,0.1962389787613914,0.7557582815734989,0.8352743271221532,0.7309135610766047,0.7739820565907523,0.6468937234940093,0.5653941867333797,246268,177950,60616,0.7225867753829162,0.2461383533386392,68156,162,117496,60454
P1,sen1floods11,unet,F1,71,Nigeria_820924,NGA,0.0344218984246254,0.2024045884609222,2.980232238769531e-07,0.0001423702633474,0.4587967998984054,0.9627226626329096,0.2450181159420289,0.1644021739130435,0.2747584541062801,0.2280595813204508,0.4587967998984054,0.3785742387701925,262143,1176,117,0.0044861010974925,0.0004463212826587,260953,14,1073,103
P1,sen1floods11,unet,F1,71,Nigeria_952958,NGA,0.0844809412956237,0.360906034708023,8.344650268554688e-07,0.0012766635045409,0.1428359023169291,0.2371141566880191,0.5945695307108351,0.537396480331263,0.7273766390614216,0.6197808833678399,0.1428359023169291,0.3248541449557503,227674,9735,9316,0.0427585055825434,0.0409181549056985,216649,1290,1709,8026
P1,sen1floods11,unet,F1,71,Nigeria_984831,NGA,0.4579668641090393,0.9931358695030212,2.6226043701171875e-06,0.0027404867578297,0.7100883007335594,0.1995744863219487,0.9621937543133194,0.956413906142167,0.9186076604554864,0.9457384403036576,0.7100883007335594,0.6496439266373991,240158,221680,99506,0.9230589861674398,0.4143355624214059,18449,29,122203,99477
P1,sen1floods11,unet,F1,71,Spain_1167260,ESP,0.3638898134231567,0.929205596446991,5.364418029785156e-07,0.0042288242839276,0.2795377880339946,0.2485891477741957,0.7438535196687371,0.895898033126294,0.8271221532091098,0.8222912353347137,0.2795377880339946,0.5761768605402413,262119,42519,41841,0.1622125828345141,0.1596259714099321,207595,12005,12683,29836
P1,sen1floods11,unet,F1,71,Spain_1199913,ESP,0.1942108273506164,0.6681795716285706,1.1920928955078125e-06,0.0009019239223562,0.1729959313406373,0.4202263819955177,0.721984989648033,0.5826863354037267,0.6974422015182884,0.6673711755233493,0.1729959313406373,0.5086965706789648,262143,10090,9317,0.038490442239541,0.0355416700045395,250516,1537,2310,7780
P1,sen1floods11,unet,F1,71,Spain_2472849,ESP,0.1048298403620719,0.4512057304382324,8.344650268554688e-07,0.0003487858630251,0.5002597809435396,0.982312259392241,0.6302622498274673,0.4244090752242926,0.5786965148378191,0.5444559466298596,0.5002597809435396,0.5836762666578655,261759,20,116,7.640615986460829e-05,0.0004431557272147,261623,116,20,0
P1,sen1floods11,unet,F1,71,Spain_2523247,ESP,0.2599526047706604,0.7891775369644165,4.76837158203125e-07,0.0011915159411728,0.452669467136756,0.6882953558091751,0.6689095928226363,0.6556245686680469,0.6381124913733609,0.6542155509546813,0.452669467136756,0.6146803408093712,262039,2429,4762,0.0092696125385915,0.0181728673976011,255598,4012,1679,750
P1,sen1floods11,unet,F1,71,Spain_2594119,ESP,0.2411743551492691,0.7569078803062439,3.5762786865234375e-07,0.0012128569651395,0.3138575725606543,0.6448603890851673,0.5728951000690131,0.6532091097308488,0.5564182194616977,0.5941741430871866,0.3138575725606543,0.599525014042632,262009,2877,5082,0.0109805388364521,0.0193962802804483,256266,2866,661,2216
P1,sen1floods11,unet,F1,71,Spain_2938657,ESP,0.1674354076385498,0.6026941537857056,1.1920928955078125e-07,0.0010011751437559,0.0858743398352953,0.3677134025212221,0.328653381642512,0.5910541752933057,0.324253795721187,0.4146537842190016,0.0858743398352953,0.4816912607976418,262074,9772,10178,0.0372871784305196,0.0388363591962575,251204,1098,692,9080
P1,sen1floods11,unet,F1,71,Spain_3285448,ESP,0.2154671996831894,0.700920581817627,8.344650268554688e-07,0.0006673272582702,0.0571414581015241,0.1103284712270429,0.7055512422360248,0.5580141476880607,0.6370125948930296,0.6335259949390384,0.0571414581015241,0.3852888240487312,262136,56389,59129,0.2151135288552507,0.2255661183507797,201704,4043,1303,55086
P1,sen1floods11,unet,F1,71,Spain_337094,ESP,0.3085099458694458,0.8591633439064026,2.384185791015625e-07,0.0028041847981512,0.3547740512637291,0.4174595960497885,0.5152044513457557,0.8401052449965494,0.5879270186335404,0.6477455716586151,0.3547740512637291,0.6329315408843725,262056,26075,15004,0.099501633238697,0.0572549378758738,231991,3990,15061,11014
P1,sen1floods11,unet,F1,71,Spain_4282030,ESP,0.4131169617176056,0.9709935188293456,1.430511474609375e-06,0.0040953764691948,0.215868177129167,0.1755441282397032,0.8567330917874396,0.9196428571428572,0.9162569013112492,0.8975442834138486,0.215868177129167,0.5808181256460565,262123,98131,84085,0.374370047649386,0.3207845171923105,156484,7508,21554,76577
P1,sen1floods11,unet,F1,71,Spain_4915752,ESP,0.2104340344667434,0.6943151950836182,4.172325134277344e-07,0.0012730429880321,0.164552323936471,0.407748146459913,0.601104209799862,0.6483781918564526,0.6229296066252588,0.6241373360938578,0.164552323936471,0.531788636919435,262128,7664,10292,0.0292376243667216,0.039263260697064,251466,2998,370,7294
P1,sen1floods11,unet,F1,71,Spain_5650136,ESP,0.2981953918933868,0.8439803719520569,9.5367431640625e-07,0.0022171165328472,0.1453854128377207,0.0956610271173219,0.7724292615596964,0.7878493788819876,0.8236499309868875,0.7946428571428572,0.1453854128377207,0.4787409934350903,171596,104207,97096,0.6072810555024593,0.5658406955873098,64406,2983,10094,94113
P1,sen1floods11,unet,F1,71,Spain_5678382,ESP,0.2191415578126907,0.7147260308265686,1.788139343261719e-07,0.0010580418165773,0.4828141138764583,0.7226306824632707,0.3701690821256038,0.6100759144237404,0.3536922015182884,0.4446457326892108,0.4828141138764583,0.5826393488172575,262117,3570,3191,0.0136198720418744,0.0121739528531152,255723,2824,3203,367
P1,sen1floods11,unet,F1,71,Spain_5816638,ESP,0.08905640989542,0.4027190208435058,7.152557373046875e-07,0.0003972433623857,0.4867857161820262,0.9408940317379488,0.6028079710144927,0.4136257763975155,0.5765182884748101,0.5309840119622727,0.4867857161820262,0.5421842157931023,262052,379,331,0.0014462778379863,0.0012631080854181,261362,311,359,20
P1,sen1floods11,unet,F1,71,Spain_5923267,ESP,0.2718200385570526,0.8079642057418823,3.081560134887695e-05,0.000889821560122,0.125066946912737,0.057477405584691,0.8362663906142167,0.6246980676328502,0.7697118702553485,0.7435587761674718,0.125066946912737,0.4224354203758816,218743,201713,199432,0.9221460801031348,0.9117183178433138,15842,1188,3469,198244
P1,sen1floods11,unet,F1,71,Spain_6095801,ESP,0.3608956336975097,0.9255871772766112,1.1920928955078125e-07,0.0030311169102787,0.3664789760565476,0.3545457817452715,0.4312888198757763,0.8686162870945479,0.4991804692891649,0.5996951920864964,0.3664789760565476,0.6207706054953784,262062,22736,24505,0.0867580954125359,0.0935084064076439,227243,12083,10314,12422
P1,sen1floods11,unet,F1,71,Spain_6199994,ESP,0.0669338628649711,0.3266142904758453,7.152557373046875e-07,0.0003201072395313,0.4379750437790803,0.9680506293042852,0.5591787439613527,0.353088336783989,0.5596100759144237,0.4906257188865885,0.4379750437790803,0.509848038954184,261902,783,150,0.0029896678910432,0.0005727333124603,261074,45,678,105
P1,sen1floods11,unet,F1,71,Spain_6537196,ESP,0.2379709333181381,0.740880012512207,1.0728836059570312e-06,0.0013344266917556,0.3883293891826573,0.7674798091041439,0.7305900621118013,0.6734170117322291,0.7510567632850242,0.7183546123763516,0.3883293891826573,0.6149143935767892,262106,3046,3006,0.0116212524703745,0.0114686424576316,257216,1844,1884,1162
P1,sen1floods11,unet,F1,71,Spain_6860600,ESP,0.0907722786068916,0.4072852730751037,5.960464477539064e-08,0.0004381140752229,0.4701717330080849,0.9741957881142812,0.219957729468599,0.4278812974465148,0.2079235679779158,0.2852541982976765,0.4701717330080849,0.5639921090609499,261969,246,154,0.0009390424057808,0.000587855815001,261592,131,223,23
P1,sen1floods11,unet,F1,71,Spain_716716,ESP,0.1403720378875732,0.5267504453659058,2.384185791015625e-07,0.0005090779741294,0.4537908668756646,0.5517317185273756,0.392123878536922,0.4778942374051069,0.3487965838509316,0.4062715665976535,0.4537908668756646,0.4662857786799862,262067,2644,4408,0.0100890230360938,0.0168201261509461,255736,3687,1923,721
P1,sen1floods11,unet,F1,71,Spain_7370579,ESP,0.3927144706249237,0.9553772807121276,4.76837158203125e-07,0.0046988762915134,0.2553207564376056,0.1939430574716015,0.7557582815734989,0.9231150793650792,0.8187543133195307,0.8325425580860363,0.2553207564376056,0.5859444624064127,262045,70035,63327,0.2672632563109389,0.2416645995916732,180338,11672,18380,51655
P1,sen1floods11,unet,F1,71,Spain_7387658,ESP,0.4304426312446594,0.9813215136528016,1.132488250732422e-06,0.005013299640268,0.2610503379326876,0.1344263709460521,0.8708807798481712,0.9538690476190476,0.9031228433402348,0.9092908902691512,0.2610503379326876,0.599377122373393,262057,153006,132787,0.5838653422728644,0.50671037217094,99631,9420,29639,123367
P1,sen1floods11,unet,F1,71,Spain_7558720,ESP,0.2341258972883224,0.7370331287384033,1.788139343261719e-07,0.0014809704152867,0.4672385514937942,0.6040847015762241,0.3809523809523809,0.6912741545893719,0.4241071428571428,0.4987778927996318,0.4672385514937942,0.5781928435249162,261984,2137,5342,0.0081569866862098,0.0203905582020276,255119,4728,1523,614
P1,sen1floods11,unet,F1,71,Spain_7604243,ESP,0.222359761595726,0.7244235873222351,4.76837158203125e-07,0.0010532443411648,0.0626892329455941,0.2472468618366333,0.6438060731538993,0.6114346100759145,0.6190260524499656,0.6247555785599265,0.0626892329455941,0.439115377952762,262080,20919,22683,0.0798191391941391,0.0865499084249084,238956,2205,441,20478
P1,sen1floods11,unet,F1,71,Spain_7786924,ESP,0.2275298237800598,0.7149873375892639,2.384185791015625e-07,0.0011920623946934,0.4179516071441926,0.6976307581465215,0.4447895100069012,0.6256901311249137,0.4439268461007591,0.504802162410858,0.4179516071441926,0.5862922826712413,262111,3768,3903,0.0143755889680326,0.0148906379358363,255634,2709,2574,1194
P1,sen1floods11,unet,F1,71,Spain_7856615,ESP,0.3279541730880737,0.8858455419540405,1.788139343261719e-07,0.0021768794395029,0.4068748593330438,0.4908035056267471,0.4429994824016563,0.8056418219461698,0.4764277087646653,0.5750230043708305,0.4068748593330438,0.6336579013691922,261930,9637,12645,0.0367922727446264,0.048276257015233,243951,8342,5334,4303
P1,sen1floods11,unet,F1,71,Spain_8104659,ESP,0.3202843368053436,0.8759657144546509,4.172325134277344e-07,0.0017831362783908,0.458407937271724,0.5320815007485657,0.6739346100759145,0.7889061421670118,0.6906271566597654,0.7178226363008973,0.458407937271724,0.6375963182054118,262128,3484,10690,0.0132912165049136,0.0407816028810352,249534,9110,1904,1580
P1,sen1floods11,unet,F1,71,Spain_8154154,ESP,0.2278986126184463,0.7162575125694275,2.384185791015625e-07,0.0013502192450687,0.3884109078396882,0.6340185598845558,0.4447895100069012,0.6661706349206349,0.4844073498964804,0.5317891649413388,0.3884109078396882,0.5809559608461048,262118,4582,4869,0.0174806766418178,0.0185756033542145,254528,3008,2721,1861
P1,sen1floods11,unet,F1,71,Spain_8199661,ESP,0.166049525141716,0.5851316452026367,3.5762786865234375e-07,0.0014795528259128,0.2373695558901075,0.3786915454824524,0.5201647688060731,0.6493271221532091,0.6052665631469979,0.59158615136876,0.2373695558901075,0.4872038513863376,262036,8182,9224,0.0312247172144285,0.0352012700544963,250772,3082,2040,6142
P1,sen1floods11,unet,F1,71,Spain_8372658,ESP,0.3751946091651916,0.9399919509887696,1.96695327758789e-06,0.003184953937307,0.1387968631052659,0.1372063957453242,0.8625560731538993,0.876984126984127,0.9220798826777088,0.8872066942719116,0.1387968631052659,0.5397554223014475,262029,93104,86016,0.3553194493739242,0.3282690083922008,163615,5310,12398,80706
P1,sen1floods11,unet,F1,71,Spain_8565131,ESP,0.3445580303668976,0.9075512886047364,4.76837158203125e-07,0.0027514835819602,0.2004451616143379,0.1892186280126605,0.7166364734299517,0.8473516218081436,0.7821126639061422,0.7820335863814125,0.2004451616143379,0.5344021894416658,262084,52356,51706,0.1997680133087102,0.1972878924314342,200399,9329,9979,42377
P1,sen1floods11,unet,F2,13,Ghana_103272,GHA,0.1088474541902542,0.4555733501911163,7.49826431274414e-05,0.0002092333015752,0.2463024411245098,0.7248778161967938,0.5029761904761905,0.0358177361853832,0.5253771963330787,0.3547237076648841,0.2463024411245098,0.2358446036209933,259269,1558,2925,0.0060092027970949,0.0112817189868437,256306,1405,38,1520
P1,sen1floods11,unet,F2,13,Ghana_1033830,GHA,0.4469552636146545,0.989220142364502,9.000301361083984e-06,0.0009644577512517,0.4008959016292803,0.3279572948085295,0.5070395290983526,0.8093383332353921,0.491479721259133,0.6026191945309592,0.4008959016292803,0.5474266563031391,233229,96811,46575,0.4150898901937581,0.1996964356919594,135856,562,50798,46013
P1,sen1floods11,unet,F2,13,Ghana_1078550,GHA,0.0925046205520629,0.4369300901889801,1.6987323760986328e-05,0.000188616788364,0.4793437638015303,0.9911664762991677,0.3871796096060802,0.0123344792462439,0.3920497394762101,0.2638546094428447,0.4793437638015303,0.4162870386729559,262144,1407,79,0.0053672790527343,0.0003013610839843,260724,13,1341,66
P1,sen1floods11,unet,F2,13,Ghana_1089161,GHA,0.0947577208280563,0.4269296824932098,7.987022399902344e-05,0.0001887893158709,0.1525697652845721,0.756136536287212,0.4999442959001782,0.0104405398523045,0.5067083651642476,0.3390310669722434,0.1525697652845721,0.2373147309880823,236164,2907,2276,0.0123092427296285,0.0096373706407411,233113,144,775,2132
P1,sen1floods11,unet,F2,13,Ghana_11745,GHA,0.0802573561668396,0.3967907130718231,9.238719940185549e-06,0.0001522502425359,0.0,0.9999999999906796,0.0964286938551644,0.0036764705882352,0.0964286938551644,0.0655112860995213,0.0,0.4457618773072543,262144,0,0,0.0,0.0,262144,0,0,0
P1,sen1floods11,unet,F2,13,Ghana_124834,GHA,0.0907607674598693,0.4289066195487976,1.0907649993896484e-05,0.0001698053820291,0.0,0.9999999999910104,0.1921436406730524,0.0104405398523045,0.1951198311492429,0.1325680038915333,0.0,0.448710728460774,262144,0,0,0.0,0.0,262144,0,0,0
P1,sen1floods11,unet,F2,13,Ghana_128663,GHA,0.0984539836645126,0.4230128228664398,0.0002095103263854,0.0004492584557738,0.5014687766511892,0.9318785765052732,0.4999442959001782,0.2219514554073377,0.7182192807192808,0.4800383440089322,0.5014687766511892,0.3967572713412323,168848,0,496,0.0,0.0029375533023784,168352,496,0,0
P1,sen1floods11,unet,F2,13,Ghana_132163,GHA,0.0903039798140525,0.4081542193889618,3.4809112548828125e-05,0.0002051762567134,0.5018920033715321,0.8653598406812821,0.4839957836281365,0.0279714158390629,0.5082907288789642,0.3400859761153879,0.5018920033715321,0.2992142792066132,55761,0,211,0.0,0.0037840067430641,55550,211,0,0
P1,sen1floods11,unet,F2,13,Ghana_134751,GHA,0.2663629353046417,0.8108675479888916,3.1948089599609375e-05,0.0022982247173786,0.50929294002071,0.8537099656504679,0.6781282443047149,0.6919814254373078,0.966916049636638,0.7790085731262201,0.50929294002071,0.5928805184969328,37663,0,700,0.0,0.0185858800414199,36963,700,0,0
P1,sen1floods11,unet,F2,13,Ghana_135389,GHA,0.3149010241031647,0.8766488432884216,3.3974647521972656e-05,0.0030436292290687,0.5192938776269527,0.7928034097206896,0.7254540802334919,0.7432965318994731,0.9821575483340188,0.8169693868223279,0.5192938776269527,0.5932257060076354,24624,252,800,0.0102339181286549,0.032488628979857,23576,796,248,4
P1,sen1floods11,unet,F2,13,Ghana_141271,GHA,0.0970355942845344,0.4507758915424347,1.9073486328125e-05,0.0001918966590892,0.5031337738037109,0.9993625170562772,0.417578132651662,0.0172046091163738,0.4213660114395408,0.2853829177358588,0.5031337738037109,0.4462175979039237,262144,1636,7,0.0062408447265625,2.6702880859375e-05,260501,7,1636,0
P1,sen1floods11,unet,F2,13,Ghana_141910,GHA,0.4347964823246002,0.98363196849823,1.347064971923828e-05,0.0013265854213386,0.4966880866105009,0.1912930111767433,0.6751098166539342,0.8316689438012967,0.7146395271395272,0.740472762531586,0.4966880866105009,0.4851411548635654,262144,70650,120109,0.2695083618164062,0.4581794738769531,125907,65587,16128,54522
P1,sen1floods11,unet,F2,13,Ghana_142312,GHA,0.1137866452336311,0.4906994998455047,1.710653305053711e-05,0.0002118085394613,0.5002002716064453,0.9908525276627664,0.3998403557227087,0.0492344665138782,0.416288980627216,0.288454600954601,0.5002002716064453,0.4336296328049996,262144,0,105,0.0,0.0004005432128906,262039,105,0,0
P1,sen1floods11,unet,F2,13,Ghana_144050,GHA,0.1338678002357483,0.5524019598960876,1.2874603271484377e-05,0.0002565472386777,0.0,0.9999999999923308,0.3185968443321384,0.159461861667744,0.3456531213884155,0.2745706091294326,0.0,0.5248640328771381,23551,0,0,0.0,0.0,23551,0,0,0
P1,sen1floods11,unet,F2,13,Ghana_146222,GHA,0.0616700276732444,0.3321157991886139,1.6927719116210938e-05,0.0001233895454788,0.0,0.99999999999009,0.3834474349180232,0.0,0.3834474349180232,0.2556316232786821,0.0,0.4437229438636736,181656,0,0,0.0,0.0,181656,0,0,0
P1,sen1floods11,unet,F2,13,Ghana_147015,GHA,0.1206399053335189,0.5064951181411743,2.47955322265625e-05,0.0002346154360566,0.4899185828324269,0.9850180845659016,0.4795767957532663,0.0868904379933791,0.5106358102681632,0.3590343480049362,0.4899185828324269,0.4396854773407632,262144,3530,159,0.0134658813476562,0.0006065368652343,258574,40,3411,119
P1,sen1floods11,unet,F2,13,Ghana_154838,GHA,0.0865198671817779,0.4185982644557953,1.2218952178955078e-05,0.000154331093654,0.0,0.9999999999908952,0.2341628959276018,0.0036764705882352,0.2341628959276018,0.1573340874811463,0.0,0.4457618773072543,42107,0,0,0.0,0.0,42107,0,0,0
P1,sen1floods11,unet,F2,13,Ghana_156478,GHA,0.0760035365819931,0.3826329410076141,2.3365020751953125e-05,0.0001443063811166,0.0,0.9999999999905596,0.4516053799142034,0.0018382352941176,0.4497671446200857,0.3010702532761356,0.0,0.445238031165835,262144,0,0,0.0,0.0,262144,0,0,0
P1,sen1floods11,unet,F2,13,Ghana_161233,GHA,0.2188358455896377,0.7430585622787476,1.4901161193847656e-05,0.0004786608624272,0.5005285412262157,0.9370107834488725,0.4875198331080683,0.3985677312883194,0.5931268486415545,0.4930714710126474,0.5005285412262157,0.529422550620647,1892,0,2,0.0,0.0010570824524312,1890,2,0,0
P1,sen1floods11,unet,F2,13,Ghana_167233,GHA,0.0842066034674644,0.4101210832595825,1.0192394256591795e-05,0.000159075265401,0.0,0.9999999999908328,0.1451006101741395,0.0036764705882352,0.1451006101741395,0.0979592303121714,0.0,0.4457618773072543,262144,0,0,0.0,0.0,262144,0,0,0
P1,sen1floods11,unet,F2,13,Ghana_168875,GHA,0.05344969779253,0.2994117140769958,4.553794860839844e-05,0.0001189486356452,0.0,0.9999999999898296,0.4839957836281366,0.0,0.4839957836281366,0.322663855752091,0.0,0.4437229438636736,41796,0,0,0.0,0.0,41796,0,0,0
P1,sen1floods11,unet,F2,13,Ghana_187318,GHA,0.0851028189063072,0.4093625545501709,1.0788440704345705e-05,0.000153736807988,0.0,0.9999999999907668,0.1883557618851736,0.0036764705882352,0.1883557618851736,0.1267959981195275,0.0,0.4457618773072543,262144,0,0,0.0,0.0,262144,0,0,0
P1,sen1floods11,unet,F2,13,Ghana_194723,GHA,0.0752216577529907,0.3774776458740234,1.4603137969970705e-05,0.0001531432208139,0.5013710766115423,0.9828697116881911,0.3343378435290199,0.0036764705882352,0.3343378435290199,0.2241173858820917,0.5013710766115423,0.395161270646889,47408,0,130,0.0,0.0027421532230847,47278,130,0,0
P1,sen1floods11,unet,F2,13,Ghana_247288,GHA,0.3724997639656067,0.9377954602241516,1.1801719665527344e-05,0.0007893628207966,0.5380572269505134,0.3745024747668025,0.5266792031497914,0.6636678272707686,0.5764278613543319,0.588924963924964,0.5380572269505134,0.4685347137840527,40174,26650,15105,0.663364365012197,0.3759894459102902,11912,1612,13157,13493
P1,sen1floods11,unet,F2,13,Ghana_24858,GHA,0.069544993340969,0.359061598777771,1.0132789611816406e-05,0.0001429726980859,0.485288617902931,0.9948323916681844,0.1402861844038314,0.0,0.1402861844038314,0.0935241229358876,0.485288617902931,0.4259865025826097,262144,484,43,0.0018463134765625,0.0001640319824218,261633,27,468,16
P1,sen1floods11,unet,F2,13,Ghana_264787,GHA,0.071546159684658,0.3682922720909118,1.055002212524414e-05,0.0001364398922305,0.0,0.99999999999042,0.1701380727116021,0.0,0.1701380727116021,0.1134253818077347,0.0,0.4437229438636736,181975,0,0,0.0,0.0,181975,0,0,0
P1,sen1floods11,unet,F2,13,Ghana_308249,GHA,0.1485048681497573,0.5564818978309631,3.266334533691406e-05,0.0003545272047631,0.2620701257874491,0.6735740413444491,0.5445724618518736,0.231192826781062,0.6433597040214687,0.4730416642181347,0.2620701257874491,0.2997724081295664,262144,8030,4319,0.0306320190429687,0.0164756774902343,253868,246,3957,4073
P1,sen1floods11,unet,F2,13,Ghana_313799,GHA,0.1243667677044868,0.4899695813655853,2.6226043701171875e-05,0.0001923614763654,0.5087058298829363,0.9419132778484468,0.4777318269965329,0.0287274000509294,0.4736733854380913,0.3267108708285178,0.5087058298829363,0.3581633658713491,244464,14933,620,0.0610846586818509,0.0025361607435041,229528,3,14316,617
P1,sen1floods11,unet,F2,13,Ghana_319168,GHA,0.4160053730010986,0.9723170399665833,1.925230026245117e-05,0.000460507144453,0.34096300644555,0.4115989452955345,0.7704415682356858,0.5952662533544887,0.6465642200936318,0.6707573472279353,0.34096300644555,0.4817013061206157,171624,39521,19315,0.2302766512842027,0.1125425348436116,131330,773,20979,18542
P1,sen1floods11,unet,F2,13,Ghana_359826,GHA,0.1440459638833999,0.5606140494346619,2.539157867431641e-05,0.0003008659696206,0.3077225523293704,0.8561644384344563,0.5216517551076374,0.1877515866486454,0.5732098783569372,0.42753774003774,0.3077225523293704,0.3788385779749121,262144,3496,1548,0.013336181640625,0.0059051513671875,258523,125,2073,1423
P1,sen1floods11,unet,F2,13,Ghana_362274,GHA,0.27036252617836,0.7967105507850647,0.0005378723144531,0.0003358245303388,0.2475377442542089,0.5171118966911796,0.6892623308064485,0.3381300072476543,0.6450797976533271,0.5574907119024767,0.2475377442542089,0.3500227647943777,259407,18364,10756,0.0707922299706638,0.0414638001287551,240496,547,8155,10209
P1,sen1floods11,unet,F2,13,Ghana_406026,GHA,0.1381221413612365,0.5588667392730713,5.233287811279297e-05,0.0002817688218783,0.0955597886924796,0.6436796649879561,0.5587384429296194,0.1717963409139879,0.5981291992321405,0.4428879943585825,0.0955597886924796,0.2759060165097788,262144,4305,4694,0.0164222717285156,0.0179061889648437,257179,660,271,4034
P1,sen1floods11,unet,F2,13,Ghana_45911,GHA,0.0615032315254211,0.3297551572322845,1.5735626220703125e-05,0.0001263304293388,0.0,0.999999999990043,0.3573699584728996,0.0,0.3573699584728996,0.2382466389819331,0.0,0.4437229438636736,29269,0,0,0.0,0.0,29269,0,0,0
P1,sen1floods11,unet,F2,13,Ghana_495107,GHA,0.1194382309913635,0.5129415392875671,1.4543533325195312e-05,0.0002261245681438,0.5005126360109158,0.9947368000539236,0.3652230122818358,0.0809313235783824,0.3769196489784725,0.2743579949462302,0.5005126360109158,0.4677165778978338,262144,3959,58,0.0151023864746093,0.0002212524414062,258182,3,3904,55
P1,sen1floods11,unet,F2,13,Ghana_49890,GHA,0.0926359668374061,0.4389969110488891,9.894371032714844e-06,0.0001745859917718,0.0,0.9999999999911944,0.1306016287633934,0.0104405398523045,0.1335778192395839,0.0915399959517606,0.0,0.448710728460774,262144,0,0,0.0,0.0,262144,0,0,0
P1,sen1floods11,unet,F2,13,Ghana_53713,GHA,0.1227324455976486,0.5278518199920654,1.3709068298339844e-05,0.000231957208598,0.0,0.9999999999921224,0.3348024524495112,0.1062460823490235,0.3465058226087638,0.2625181191357661,0.0,0.4994905131693259,262144,0,0,0.0,0.0,262144,0,0,0
P1,sen1floods11,unet,F2,13,Ghana_597288,GHA,0.147719994187355,0.5460156798362732,1.4841556549072266e-05,0.0005369919235818,0.1801679179339486,0.6919085257438132,0.4035100928483282,0.330457532663415,0.6015620409002762,0.4451765554706732,0.1801679179339486,0.3382632158213672,262144,5690,4106,0.0217056274414062,0.0156631469726562,256199,255,1839,3851
P1,sen1floods11,unet,F2,13,Ghana_61925,GHA,0.0764959678053855,0.3797096610069275,1.996755599975586e-05,0.0001542789541417,0.0908721168312862,0.9235918343211488,0.4239045268457033,0.0036764705882352,0.4239045268457033,0.2838285080932139,0.0908721168312862,0.3279055534273546,262144,651,573,0.0024833679199218,0.0021858215332031,261471,22,100,551
P1,sen1floods11,unet,F2,13,Ghana_7496,GHA,0.0707131773233413,0.365458220243454,1.0013580322265623e-05,0.0001306212361669,0.0,0.9999999999904012,0.1316838798456445,0.0,0.1316838798456445,0.0877892532304297,0.0,0.4437229438636736,262144,0,0,0.0,0.0,262144,0,0,0
P1,sen1floods11,unet,F2,13,Ghana_8090,GHA,0.0696593523025512,0.3617424368858337,1.5556812286376953e-05,0.0001307168859057,0.5000102740077876,0.9999999999903898,0.3573699584728996,0.0,0.3573699584728996,0.2382466389819331,0.5000102740077876,0.4437229438636736,194666,4,0,2.0548015575395805e-05,0.0,194662,0,4,0
P1,sen1floods11,unet,F2,13,Ghana_83200,GHA,0.1306559592485427,0.5169460773468018,1.049041748046875e-05,0.0001753326505422,0.488089345704031,0.972257359385063,0.1999477238447826,0.0413257086051203,0.1720387455681573,0.1377707260060201,0.488089345704031,0.4125781059381915,98215,533,60,0.0054268696227663,0.0006109046479661,97639,43,516,17
P1,sen1floods11,unet,F2,13,Ghana_866994,GHA,0.3521594703197479,0.9159250855445862,6.318092346191406e-06,0.0003354708314873,0.6875286683206009,0.0956993267082604,0.3058228536169712,0.4248319082877906,0.1711505406358347,0.3006017675135322,0.6875286683206009,0.2735550464935539,117511,105971,80726,0.901796427568483,0.6869654755724997,1040,10500,35745,70226
P1,sen1floods11,unet,F2,13,Ghana_868803,GHA,0.4502556920051574,0.990367829799652,7.450580596923828e-06,0.0008080475963652,0.2996489438587434,0.2228579413273338,0.468246826702709,0.7854810630545925,0.4095989794519207,0.5544422897364073,0.2996489438587434,0.5030532168889428,262144,144051,100648,0.5495109558105469,0.383941650390625,116783,1310,44713,99338
P1,sen1floods11,unet,F2,13,Ghana_887131,GHA,0.165952444076538,0.5853800177574158,2.294778823852539e-05,0.0004281223227735,0.3954202106753234,0.792047397561269,0.5234342863019333,0.2835069342422284,0.6558190583925878,0.4875867596455832,0.3954202106753234,0.3717495484817945,262144,10075,2614,0.0384330749511718,0.0099716186523437,251904,165,7626,2449
P1,sen1floods11,unet,F2,13,Ghana_895194,GHA,0.1480409204959869,0.5304710268974304,1.9431114196777344e-05,0.000212393613765,0.1611594447428516,0.5863892306474467,0.4685816634346046,0.0886595022624434,0.4456052525905467,0.3342821394291982,0.1611594447428516,0.229126121819444,252706,8697,6234,0.0344154867711886,0.0246689829287788,243865,144,2607,6090
P1,sen1floods11,unet,F2,13,Ghana_953791,GHA,0.146860122680664,0.5698245763778687,1.9669532775878903e-05,0.0002524288429412,0.4203969564678363,0.9140882316846364,0.4864308485632014,0.163194036355801,0.5060784803431861,0.3852344550873962,0.4203969564678363,0.4067366264012059,262144,2772,957,0.0105743408203125,0.0036506652832031,258955,417,2232,540
P1,sen1floods11,unet,F2,13,Ghana_97059,GHA,0.0623301602900028,0.3269769251346588,2.473592758178711e-05,0.0001312301465077,0.5054208950865153,0.959868957640937,0.4516610840140251,0.0,0.4516610840140251,0.3011073893426834,0.5054208950865153,0.3666229182617053,27394,0,297,0.0,0.0108417901730305,27097,297,0,0
P1,sen1floods11,unet,F2,13,Ghana_97516,GHA,0.1643732786178589,0.6163832545280457,4.649162292480469e-05,0.0003057564608752,0.2386257390371094,0.8520487578858706,0.5767547403576816,0.2161527198291904,0.6170049313431667,0.4699707971766795,0.2386257390371094,0.3960008398552661,187555,771,1089,0.0041107941670443,0.0058062968195995,186336,448,130,641
P1,sen1floods11,unet,F2,13,Pakistan_1027214,PAK,0.4450888037681579,0.9882868528366088,2.86102294921875e-06,0.0007776452112011,0.329803806868721,0.2195977544506014,0.4105551311433664,0.767263373881021,0.3567082427376545,0.5115089159206806,0.329803806868721,0.491655447551929,158958,23870,34305,0.1501654525094679,0.2158117238515834,119774,15314,4879,18991
P1,sen1floods11,unet,F2,13,Pakistan_1036366,PAK,0.4083663523197174,0.9682602286338806,1.621246337890625e-05,0.0008079304825514,0.2685380453725452,0.408850713933073,0.7247323754676696,0.7162800434859258,0.7352855477855478,0.7254326555797145,0.2685380453725452,0.5125694977652725,110380,22673,16650,0.2054085885124116,0.1508425439391194,85394,2313,8336,14337
P1,sen1floods11,unet,F2,13,Pakistan_132143,PAK,0.2537865340709686,0.778347373008728,7.62939453125e-06,0.000295964651741,0.5022068023681641,0.9299554821653028,0.2183515014397367,0.2825214001684589,0.1677868699927523,0.2228865905336493,0.5022068023681641,0.5028326417190783,262144,0,1157,0.0,0.0044136047363281,260987,1157,0,0
P1,sen1floods11,unet,F2,13,Pakistan_167553,PAK,0.4240138530731201,0.9780816435813904,1.5974044799804688e-05,0.0010984115069732,0.517062459855685,0.7052204847705159,0.7412367044719985,0.7907521400168459,0.7799479931832873,0.7706456125573773,0.517062459855685,0.6458432679184025,247105,1458,12527,0.0059003257724449,0.0506950486635236,233398,12249,1180,278
P1,sen1floods11,unet,F2,13,Pakistan_210595,PAK,0.2844888865947723,0.8447531461715698,1.4662742614746094e-05,0.0003866332699544,0.500152587890625,0.9960224373681764,0.5550264686294097,0.4058594591682826,0.5158322070086776,0.49223937826879,0.500152587890625,0.663326680165423,262144,0,80,0.0,0.00030517578125,262064,80,0,0
P1,sen1floods11,unet,F2,13,Pakistan_211386,PAK,0.283388614654541,0.8420255184173584,8.940696716308594e-06,0.0005479385145008,0.433494912707808,0.920577243697052,0.3141411284793637,0.4953282012105541,0.364415608900903,0.3912949795302736,0.433494912707808,0.5826773412679789,255405,6859,1565,0.0268553865429416,0.0061275229537401,248125,421,5715,1144
P1,sen1floods11,unet,F2,13,Pakistan_246510,PAK,0.4568227231502533,0.992776334285736,1.1801719665527344e-05,0.0008738350006751,0.4505838038876815,0.472464707674056,0.6600017629429393,0.8152772472625414,0.5947147215529569,0.6899979105861459,0.4505838038876815,0.6067505167682103,258817,10741,35840,0.0415003651228474,0.1384762206501118,220579,27497,2398,8343
P1,sen1floods11,unet,F2,13,Pakistan_246718,PAK,0.344130128622055,0.9127668738365172,3.8623809814453125e-05,0.0004598913074005,0.1414660194005588,0.5637779299710624,0.758933468492292,0.5124703727644905,0.7178520009402363,0.6630852807323396,0.1414660194005588,0.4534319319819972,235278,13126,12607,0.0557893215685274,0.0535834204643018,220443,1709,2228,10898
P1,sen1floods11,unet,F2,13,Pakistan_336228,PAK,0.318438321352005,0.86100172996521,1.633167266845703e-05,0.0002924628206528,0.5304821432615441,0.6314576834814858,0.6041360600184129,0.345269314019314,0.4848711337681926,0.4780921692686398,0.5304821432615441,0.4099761269800271,132471,0,8076,0.0,0.060964286523088,124395,8076,0,0
P1,sen1floods11,unet,F2,13,Pakistan_35915,PAK,0.4679880440235138,0.9960559010505676,4.76837158203125e-06,0.0010238182730972,0.2205058589538173,0.2795471138535002,0.4981060606060605,0.9013149840355724,0.4151136853342735,0.6048449099919688,0.2205058589538173,0.5950917957087025,129233,52301,60926,0.4047031331006786,0.471443052471118,64722,12210,3585,48716
P1,sen1floods11,unet,F2,13,Pakistan_366265,PAK,0.4490420520305633,0.9900698065757751,7.987022399902344e-06,0.0005792027222923,0.502502140764076,0.7805650212116878,0.4879342471254235,0.6985422665569725,0.3423476033770152,0.5096080390198038,0.502502140764076,0.6692068286313353,127291,2,635,1.5712029915704958e-05,0.0049885694982363,126654,635,2,0
P1,sen1floods11,unet,F2,13,Pakistan_401863,PAK,0.4739977717399597,0.9973750114440918,2.6702880859375e-05,0.0008237906731665,0.5161951457095226,0.5450035215134538,0.953492585845527,0.8593024622436387,0.8284876887818065,0.8804275789569908,0.5161951457095226,0.6684087379321784,258845,3324,33768,0.0128416619984933,0.1304564507716973,224782,30739,295,3029
P1,sen1floods11,unet,F2,13,Pakistan_43105,PAK,0.4477914571762085,0.9883477687835692,1.1742115020751951e-05,0.0005687423399649,0.5233385196710381,0.7016347073395774,0.6272985592838534,0.6851947072535308,0.4913830042506513,0.6012920902626785,0.5233385196710381,0.6326974924676476,260942,271,11909,0.0010385449640149,0.045638494378061,248762,11909,271,0
P1,sen1floods11,unet,F2,13,Pakistan_474121,PAK,0.4528581202030182,0.9913567304611206,2.396106719970703e-05,0.0006969337118789,0.3562400956484983,0.4634429098996693,0.880433904330963,0.7624422146480969,0.7815425995573053,0.8081395728454551,0.3562400956484983,0.5865090421903667,180789,8893,20830,0.0491899396534081,0.1152171868863703,159048,12848,911,7982
P1,sen1floods11,unet,F2,13,Pakistan_528249,PAK,0.4367684721946716,0.984645426273346,1.3053417205810549e-05,0.0002636743301991,0.5005715621833675,0.8906553885034378,0.6599729926935809,0.4941988158899923,0.3620325752678693,0.5054014612838142,0.5005715621833675,0.6659121469130675,76982,0,88,0.0,0.001143124366735,76894,88,0,0
P1,sen1floods11,unet,F2,13,Pakistan_548910,PAK,0.2433578073978424,0.7838872671127319,1.138448715209961e-05,0.0003305773134343,0.5070401505014227,0.998779265579646,0.3795610027227675,0.318386882725118,0.3401928953399541,0.3460469269292799,0.5070401505014227,0.6198740010215493,235696,3439,20,0.0145908288642997,8.485506754463377e-05,232239,18,3437,2
P1,sen1floods11,unet,F2,13,Pakistan_65724,PAK,0.4296664893627167,0.9789366722106934,1.1920928955078123e-05,0.000445806334028,0.5183182461480947,0.7120390358155007,0.5994722189575131,0.5961893498658205,0.4398328387298975,0.5451648025177437,0.5183182461480947,0.591419540704963,262143,0,9604,0.0,0.0366364922961894,252539,9604,0,0
P1,sen1floods11,unet,F2,13,Pakistan_664885,PAK,0.3947426974773407,0.9605187773704528,1.3709068298339844e-05,0.000633284333162,0.3754548689491823,0.4403476326857435,0.6307724138606492,0.6502088597676833,0.5944986386162856,0.6251599707482061,0.3754548689491823,0.4912037064470463,73010,2383,6686,0.0326393644706204,0.0915764963703602,66117,4510,207,2176
P1,sen1floods11,unet,F2,13,Pakistan_667363,PAK,0.4442831575870514,0.9873611330986024,1.6689300537109375e-05,0.0003510993265081,0.5159826605422513,0.6316219649349032,0.7891948737536973,0.5707374733110028,0.5484374693933518,0.6361232721526839,0.5159826605422513,0.5677749999867006,162484,1219,13465,0.0075022771472883,0.0828696979394894,148501,12764,518,701
P1,sen1floods11,unet,F2,13,Pakistan_694942,PAK,0.462659478187561,0.9946409463882446,1.0669231414794922e-05,0.00078714027768,0.5100843869996692,0.2650525907513689,0.6497001772737068,0.8295687155981274,0.5335479471508884,0.6709389466742408,0.5100843869996692,0.5566350343678164,191444,18481,67191,0.0965347569001901,0.3509694741020873,123780,49183,473,18008
P1,sen1floods11,unet,F2,13,Pakistan_70625,PAK,0.4507027864456177,0.9905964732170104,1.33514404296875e-05,0.0007316584815271,0.5446393919112299,0.4548195335543712,0.7048368298368298,0.7661186852363323,0.6193622553916671,0.6967725901549432,0.5446393919112299,0.5773231029780542,262144,4667,36347,0.0178031921386718,0.1386528015136718,223181,34296,2616,2051
P1,sen1floods11,unet,F2,13,Pakistan_712873,PAK,0.2639465034008026,0.8091338872909546,1.7404556274414062e-05,0.0003448270726948,0.3739002812763041,0.871294394692188,0.5887764196587726,0.3610164345458463,0.5502757046874693,0.5000228529640295,0.3739002812763041,0.5068244438853592,119557,1316,1557,0.011007301956389,0.0130230768587368,117288,953,712,604
P1,sen1floods11,unet,F2,13,Pakistan_740461,PAK,0.4429766833782196,0.9874833226203918,2.1457672119140625e-05,0.0013688809704035,0.6562641873486683,0.2777763344238463,0.8353894879630175,0.8498866329748682,0.8737812432665374,0.8530191214014744,0.6562641873486683,0.5338428543643652,211456,0,66086,0.0,0.3125283746973366,145370,66086,0,0
P1,sen1floods11,unet,F2,13,Pakistan_760290,PAK,0.4648023247718811,0.9951971769332886,1.0311603546142578e-05,0.0010909924749284,0.5466984727920582,0.628702735032111,0.6381908532643827,0.8972700094023623,0.5703842725901549,0.7019483784189667,0.5466984727920582,0.7022360601714015,233498,0,21808,0.0,0.0933969455841163,211690,21808,0,0
P1,sen1floods11,unet,F2,13,Pakistan_849790,PAK,0.4475082755088806,0.9893712997436525,8.165836334228516e-06,0.0007063138764351,0.7502709644054982,0.5461658448875526,0.4831265548177312,0.7508704530763354,0.3994834822040704,0.544493496699379,0.7502709644054982,0.5971215655112097,257239,171908,24546,0.6682812481777647,0.0954209898188066,84526,805,148167,23741
P1,sen1floods11,unet,F2,13,Pakistan_909806,PAK,0.1872482895851135,0.6535519957542419,1.3709068298339844e-05,0.0002484357682988,0.3967140344713805,0.9121319084512842,0.3888433870051517,0.1908948894243012,0.377113695128401,0.3189506571859513,0.3967140344713805,0.4305591182062063,116287,1414,454,0.012159570717277,0.003904133738079,114752,121,1081,333
P1,sen1floods11,unet,F2,13,Pakistan_94095,PAK,0.4438664615154266,0.9878923296928406,9.298324584960938e-06,0.0010762667516246,0.3762971308867312,0.1738870165114526,0.5051455897044133,0.8252868455074338,0.5093221729251141,0.6132515360456537,0.3762971308867312,0.4878088361777184,180570,53566,80079,0.296649498809326,0.4434789832198039,93983,33021,6508,47058
P1,sen1floods11,unet,F2,13,Pakistan_9684,PAK,0.2006034404039383,0.6953686475753784,8.106231689453125e-06,0.0002433902700431,0.3913531151308085,0.9783034174216596,0.1898456935221641,0.1971166088813147,0.1390104993046169,0.1753242672360319,0.3913531151308085,0.5128722055052526,113550,1196,282,0.0105328049317481,0.0024834874504623,112344,10,924,272
P1,sen1floods11,unet,F2,13,USA_1010394,USA,0.346362292766571,0.9140585064888,1.7404556274414062e-05,0.0008630675729364,0.4572006675787242,0.6965938771189233,0.6657937650584709,0.6517710230945526,0.7640129478364772,0.6938592453298336,0.4572006675787242,0.5450642609028861,262131,1481,8825,0.005649846832309,0.03366637292041,252903,7747,403,1078
P1,sen1floods11,unet,F2,13,USA_1039203,USA,0.3357555568218231,0.9012205004692078,4.529953002929688e-06,0.0007423310889862,0.4515540918249284,0.6375301449953015,0.2652598626863332,0.6074201533760357,0.3481126716420833,0.4069308959014841,0.4515540918249284,0.5041429103569542,262112,1611,10235,0.0061462275668416,0.0390481931388108,251645,8856,232,1379
P1,sen1floods11,unet,F2,13,USA_1049586,USA,0.2345040738582611,0.7534928917884827,2.9981136322021484e-05,0.0005017601069994,0.2570575829620856,0.8387811382627179,0.6248500274235569,0.4107283647724824,0.7293258212375859,0.5883014044778752,0.2570575829620856,0.4815823179479289,262061,2122,2491,0.0080973513800222,0.0095054204937018,258969,970,601,1521
P1,sen1floods11,unet,F2,13,USA_1068362,USA,0.4171253740787506,0.9732516407966614,6.616115570068359e-06,0.0015215026214718,0.2909773690889314,0.376763552034182,0.3931068931068932,0.8170585541909072,0.4835574964251435,0.5645743145743146,0.2909773690889314,0.5426297005916073,262124,31182,39232,0.118958965985564,0.1496696220109566,215589,15353,7303,23879
P1,sen1floods11,unet,F2,13,USA_1082482,USA,0.2695710361003876,0.8045176267623901,1.8715858459472656e-05,0.0005125117022544,0.367345483204849,0.822754086684763,0.6106283422459893,0.4610371246400658,0.6721483173689056,0.5812712614183203,0.367345483204849,0.5048736325349863,262130,2206,3143,0.0084156716133216,0.0119902338534315,257941,1983,1046,1160
P1,sen1floods11,unet,F2,13,USA_11422,USA,0.3904649019241333,0.9550440907478333,8.52346420288086e-06,0.0009674548055045,0.2562764596736859,0.2740516314966171,0.4081470000587648,0.7286702268319916,0.4732552986229457,0.5366908418379007,0.2562764596736859,0.4594142100488858,262142,36020,56796,0.1374064438357836,0.2166611988922034,203839,22283,1507,34513
P1,sen1floods11,unet,F2,13,USA_114964,USA,0.3051714897155761,0.8630406260490417,7.331371307373047e-06,0.0005331384018063,0.4870625398284827,0.7733297856478847,0.2784494916847858,0.4965218604924487,0.3104371119077002,0.3618028213616449,0.4870625398284827,0.5066399557808455,262125,354,4770,0.0013505007153075,0.0181974248927038,257216,4555,139,215
P1,sen1floods11,unet,F2,13,USA_115033,USA,0.2593187987804413,0.7934556603431702,1.6808509826660156e-05,0.00061266758712,0.323859992392882,0.8090037366254793,0.5727654698242934,0.4828755803020508,0.6770049803138039,0.5775486768133827,0.323859992392882,0.4984774202750726,262109,2359,3350,0.0090000724889263,0.0127809422797385,257919,1831,840,1519
P1,sen1floods11,unet,F2,13,USA_170264,USA,0.365701824426651,0.932248055934906,1.5437602996826172e-05,0.0010788649087771,0.1523499183402985,0.3299562620671108,0.6568094895300778,0.7141712454212454,0.772101672836967,0.7143608025960967,0.1523499183402985,0.4610551111415779,261982,43535,39755,0.1661755387774732,0.1517470665923613,214341,4106,7886,35649
P1,sen1floods11,unet,F2,13,USA_179917,USA,0.2000443786382675,0.6878084540367126,6.198883056640625e-06,0.0004067949485033,0.2990770497613482,0.9309450259444448,0.1432825752678694,0.3146614414996768,0.219732473408944,0.2258921633921634,0.2990770497613482,0.4864118318301413,262094,511,910,0.0019496821750974,0.0034720367501736,261082,501,102,409
P1,sen1floods11,unet,F2,13,USA_181263,USA,0.453466385602951,0.991566836833954,6.67572021484375e-06,0.0007368178921751,0.5066922473907692,0.7001102250390487,0.4623636167753814,0.7709888151064621,0.3720189124600889,0.5351237814473108,0.5066922473907692,0.6637085452145117,207499,1065,14529,0.005132554855686,0.0700196145523592,192708,13726,262,803
P1,sen1floods11,unet,F2,13,USA_181503,USA,0.423816442489624,0.977873921394348,1.1682510375976562e-05,0.0012701953528448,0.5370765909350446,0.4781428854335069,0.5890316791052086,0.809725813402284,0.6467166412019354,0.681824711236476,0.5370765909350446,0.5738906506809295,262115,1194,29509,0.0045552524655208,0.1125803559506323,232462,28459,144,1050
P1,sen1floods11,unet,F2,13,USA_19225,USA,0.3293748199939728,0.8945088982582092,7.808208465576172e-06,0.0008801384828984,0.436721906619235,0.7007373061930959,0.3159860972360972,0.6354405398523045,0.4305357632563515,0.460654133448251,0.436721906619235,0.5332917137428796,262122,1391,7508,0.0053066892515698,0.0286431508991996,254395,6336,219,1172
P1,sen1floods11,unet,F2,13,USA_198411,USA,0.4132661819458008,0.971607744693756,1.156330108642578e-05,0.0009672489832155,0.2452638411123529,0.5057809878727424,0.5639807496425144,0.7534848729701671,0.6042744020685198,0.6405800082270671,0.2452638411123529,0.5559605736538942,84222,8737,9881,0.1037377407328251,0.1173208900287335,72397,3088,1944,6793
P1,sen1floods11,unet,F2,13,USA_211406,USA,0.3571453392505646,0.9233071208000184,7.152557373046875e-06,0.000589165429119,0.4732174496778334,0.6591332264179814,0.3315048921666569,0.571415716636305,0.3322755675696852,0.4117320587908823,0.4732174496778334,0.5122323259110497,262101,1130,10032,0.0043113151037195,0.0382753213455881,251854,9117,215,915
P1,sen1floods11,unet,F2,13,USA_217598,USA,0.4108821749687195,0.9698539972305298,1.3113021850585938e-05,0.0015891193179413,0.2842569853144979,0.3116391568577892,0.6223372216019274,0.815157881334352,0.7243038823921177,0.7205996617761322,0.2842569853144979,0.5103457154235994,257297,45251,52846,0.1758706864052048,0.20538910286556,194296,17750,10155,35096
P1,sen1floods11,unet,F2,13,USA_224165,USA,0.1878315359354019,0.6747136116027832,1.5795230865478516e-05,0.0002856264472939,0.3686803237305263,0.9688609778721852,0.4727992595639654,0.2228610849934379,0.4648017423752718,0.386820695644225,0.3686803237305263,0.5025848100722785,262126,161,428,0.0006142084341118,0.0016328025453407,261660,305,38,123
P1,sen1floods11,unet,F2,13,USA_225017,USA,0.3261278569698334,0.8910458087921143,2.0742416381835938e-05,0.0008550139609724,0.1500129404293044,0.474706010762937,0.6796469461910639,0.6220238095238095,0.7978730827995535,0.6998479461714756,0.1500129404293044,0.4517828903518178,262138,16780,17762,0.0640120852375466,0.0677582036942373,242084,3274,2292,14488
P1,sen1floods11,unet,F2,13,USA_231124,USA,0.3530780971050262,0.9230165481567384,1.513957977294922e-05,0.0006755956565029,0.4652862651131946,0.8613709584696394,0.6341458786311728,0.6056443556443557,0.6691451930422518,0.6363118091059268,0.4652862651131946,0.6166997689163112,129409,3839,1575,0.0296656337658122,0.0121707145561746,124503,1067,3331,508
P1,sen1floods11,unet,F2,13,USA_232060,USA,0.366463840007782,0.9354934692382812,9.5367431640625e-06,0.0008567862678319,0.4537579896636503,0.7179069581704326,0.4099785018902666,0.6782225127813364,0.4817461949814891,0.5233157365510307,0.4537579896636503,0.5745228853072271,262127,1713,8493,0.0065350002098219,0.0324003250332853,253039,7375,595,1118
P1,sen1floods11,unet,F2,13,USA_251323,USA,0.285680890083313,0.8352481722831726,1.1146068572998049e-05,0.0004779836162924,0.470620426147306,0.7828844617941237,0.4108826222796811,0.4727202944114708,0.4423370746900159,0.4419799971270559,0.470620426147306,0.4962348497466927,261038,695,4234,0.0026624476129912,0.0162198607099349,256453,3890,351,344
P1,sen1floods11,unet,F2,13,USA_260929,USA,0.2893110513687134,0.8346989154815674,1.2636184692382812e-05,0.0007549545844085,0.3391643041868324,0.735130755791594,0.4663186078627255,0.5706395320365909,0.5956922978981802,0.5442168125991655,0.3391643041868324,0.5089121514245721,262134,5020,5536,0.0191505108074496,0.0211189696872591,254266,2848,2332,2688
P1,sen1floods11,unet,F2,13,USA_275372,USA,0.296896755695343,0.845892608165741,3.993511199951172e-06,0.0006501247407868,0.4397951077325238,0.7056905670457043,0.2225268603945074,0.531332637950285,0.3088057775557775,0.3542217586335233,0.4397951077325238,0.4891467634604151,262138,2722,6603,0.0103838436243505,0.0251890225758951,254008,5408,1527,1195
P1,sen1floods11,unet,F2,13,USA_308150,USA,0.38712078332901,0.9508872032165528,1.4781951904296877e-05,0.0011785223614424,0.4536089497139375,0.5632760983631798,0.6624423370746901,0.7513760749054867,0.7635483389159861,0.7257889169653877,0.4536089497139375,0.5475903770028071,262027,2907,16508,0.0110942765440202,0.0630011411037793,245119,14001,400,2507
P1,sen1floods11,unet,F2,13,USA_347609,USA,0.4071944952011108,0.9670881032943726,1.4424324035644531e-05,0.0008353157900273,0.5023194531815117,0.6103786078106801,0.6738537198096022,0.7200122181739829,0.6881390668155374,0.6940016682663742,0.5023194531815117,0.5741837674968152,204416,1642,14933,0.0080326393237319,0.0730520115842204,188877,13897,606,1036
P1,sen1floods11,unet,F2,13,USA_348639,USA,0.3895824253559112,0.9542191624641418,2.6702880859375e-05,0.0010553338797762,0.2094229249666001,0.405567383328452,0.7912816350316351,0.740942268515798,0.8723384458678576,0.8015207831384302,0.2094229249666001,0.5045866464737343,262118,27154,30191,0.1035945642802096,0.1151809490382194,227036,7928,4891,22263
P1,sen1floods11,unet,F2,13,USA_350244,USA,0.3094156384468078,0.868512749671936,1.3530254364013672e-05,0.0006885282928124,0.4565979790667277,0.7802548806163501,0.5131455554249671,0.5658808103661044,0.6108156549333019,0.5632806735747912,0.4565979790667277,0.5300478270924746,262120,1285,4788,0.0049023348084846,0.0182664428506027,256627,4208,705,580
P1,sen1floods11,unet,F2,13,USA_354981,USA,0.3590527176856994,0.9244133830070496,2.0802021026611328e-05,0.0010537871858105,0.4344782782269285,0.7315800691078772,0.7197789955142897,0.703030425456896,0.8387476494094142,0.7538523567935332,0.4344782782269285,0.5851401841520185,262011,1724,7419,0.0065798764174023,0.0283156050700161,254106,6181,486,1238
P1,sen1floods11,unet,F2,13,USA_366607,USA,0.3473289608955383,0.9140711426734924,2.610683441162109e-05,0.000844303460326,0.1122049637412567,0.2621783955096308,0.73513863587393,0.6439247027482322,0.825511498305616,0.734858278975926,0.1122049637412567,0.3979959415561949,262139,49325,54274,0.1881635315614998,0.2070428284230885,205293,7521,2572,46753
P1,sen1floods11,unet,F2,13,USA_375183,USA,0.3483259379863739,0.9124873876571656,4.947185516357422e-06,0.0009538100566715,0.3510571749672491,0.6643014940828456,0.2875427268809622,0.6736651828563593,0.4076560694207753,0.456287993052699,0.3510571749672491,0.536761963834502,262065,6518,9060,0.0248716921374468,0.0345715757541068,250338,5209,2667,3851
P1,sen1floods11,unet,F2,13,USA_387945,USA,0.3080986738204956,0.864401638507843,1.0728836059570312e-05,0.0008952370262704,0.3472410015842387,0.6249461334496,0.4158084562496327,0.6120699153787389,0.5633441313588372,0.5304075009957363,0.3472410015842387,0.4843693710948442,262139,13453,9153,0.0513201011677011,0.0349165900533686,245371,3315,7615,5838
P1,sen1floods11,unet,F2,13,USA_430764,USA,0.3583783507347107,0.9237030148506165,2.7418136596679688e-06,0.0007658660179004,0.2850605148460206,0.6019688578761853,0.2872164600105776,0.6372230710466005,0.3500066110360228,0.4248153806977336,0.2850605148460206,0.5118672976796467,262137,15439,12705,0.0588966837951147,0.0484670229689055,242991,3707,6441,8998
P1,sen1floods11,unet,F2,13,USA_438959,USA,0.4214775860309601,0.976454496383667,1.3649463653564451e-05,0.001290570711717,0.4202800289787497,0.5193255054652364,0.6586813921372745,0.8067496229260935,0.7231304234980706,0.7295204795204796,0.4202800289787497,0.5806254877797569,253900,6303,25698,0.024824734147302,0.1012130760141788,228068,19529,134,6169
P1,sen1floods11,unet,F2,13,USA_486103,USA,0.4149293601512909,0.9720419049263,2.0742416381835938e-05,0.001267462153919,0.4959123548510569,0.5687513059011822,0.7843437200054848,0.7903009980215863,0.8614534974829093,0.8120327385033268,0.4959123548510569,0.5789722470374423,262060,7242,18961,0.0276348927726474,0.0723536594672975,238065,16753,5034,2208
P1,sen1floods11,unet,F2,13,USA_504150,USA,0.2748850286006927,0.8268736004829407,1.8358230590820312e-05,0.000656678515952,0.2068231833759641,0.8270107971575633,0.6191682092417385,0.5256508197684668,0.718593293960941,0.6211374409903822,0.2068231833759641,0.5364141754282177,262126,3262,3286,0.0124443969693963,0.0125359559906304,258015,849,825,2437
P1,sen1floods11,unet,F2,13,USA_519181,USA,0.2896815836429596,0.8422344326972961,1.519918441772461e-05,0.00069868308492,0.3214028875535113,0.8377887652801946,0.5713502184090419,0.554302315331727,0.6805988129517541,0.602083782230841,0.3214028875535113,0.5599201492934536,262127,2152,3167,0.0082097609174178,0.0120819297516089,258235,1740,725,1427
P1,sen1floods11,unet,F2,13,USA_527077,USA,0.4131770431995392,0.9709972739219666,2.1517276763916016e-05,0.0009216534090228,0.4727632803242273,0.658146468128709,0.7862376593994241,0.7412128312863607,0.8142592701416231,0.7805699202758026,0.4727632803242273,0.5990527585096459,262127,1646,13330,0.0062793989173187,0.0508532123741545,248529,11952,268,1378
P1,sen1floods11,unet,F2,13,USA_58086,USA,0.420064628124237,0.9757121205329896,1.1742115020751951e-05,0.0013147820718586,0.3951027947799697,0.3673919369604108,0.5878937239231357,0.8067496229260935,0.6523427552839318,0.6823287007110537,0.3951027947799697,0.5439229527829984,262112,15894,45820,0.0606382004639238,0.1748107679160053,215869,30349,423,15471
P1,sen1floods11,unet,F2,13,USA_595451,USA,0.3484237194061279,0.9131954312324524,1.323223114013672e-05,0.0010937424376606,0.4033266530983717,0.274661671517301,0.5491634590899297,0.6915076345223404,0.6871192532957239,0.6425967823026647,0.4033266530983717,0.4191632451912355,262136,20531,47546,0.0783219397564622,0.1813791314432203,211045,30560,3545,16986
P1,sen1floods11,unet,F2,13,USA_604222,USA,0.41049525141716,0.9703660011291504,6.258487701416016e-06,0.0009336840594187,0.4322340003309469,0.5927111156777085,0.3807724138606491,0.7430510665804784,0.4106322598969658,0.5114852467793645,0.4322340003309469,0.5777994872987757,262123,6641,16714,0.0253354341282527,0.0637639581417884,242600,12882,2809,3832
P1,sen1floods11,unet,F2,13,USA_605492,USA,0.3367088735103607,0.9005536437034607,9.65595245361328e-06,0.001037088339217,0.5050926863536206,0.4666706768223524,0.3708729995494701,0.673283211886153,0.5195888670153376,0.5212483594836536,0.5050926863536206,0.4703031096001503,262125,3031,18827,0.0115631855030996,0.0718245112064854,241574,17520,1724,1307
P1,sen1floods11,unet,F2,13,USA_638521,USA,0.3886338770389557,0.952635645866394,1.2874603271484377e-05,0.0011990214698016,0.4993672756406527,0.5025857131330993,0.5775290885585004,0.7532143101996044,0.6804733256939139,0.6704055748173395,0.4993672756406527,0.5389188222550123,262141,5164,21277,0.0196993221205381,0.0811662425946341,237810,19167,3054,2110
P1,sen1floods11,unet,F2,13,USA_646878,USA,0.2791126668453216,0.8303395509719849,0.0001269578933715,0.0007243726868182,0.375966291142203,0.8668931914107719,0.7130571634248104,0.553434922920217,0.8365898807075278,0.7010273223508516,0.375966291142203,0.5638747817941467,252297,2424,2172,0.0096077242297768,0.0086089014138099,248646,1227,1479,945
P1,sen1floods11,unet,F2,13,USA_652955,USA,0.3225168585777282,0.8865259885787964,1.2814998626708984e-05,0.0007202448905445,0.2822766857414087,0.5800950180222835,0.4994784627137568,0.5903826565591271,0.586063446357564,0.558641521876816,0.2822766857414087,0.4778370343439898,262141,8527,11899,0.0325282958407879,0.0453916022293345,248195,5419,2047,6480
P1,sen1floods11,unet,F2,13,USA_655230,USA,0.3325882852077484,0.8947736620903015,6.079673767089844e-06,0.0005410004523582,0.4657281394779491,0.7016052813343747,0.2846222405045934,0.5295146030440148,0.2932459697165579,0.369127604421722,0.4657281394779491,0.5073885452574801,262129,1145,7371,0.0043680783125865,0.0281197425694982,254355,6629,403,742
P1,sen1floods11,unet,F2,13,USA_66026,USA,0.3343437910079956,0.8966619372367859,7.62939453125e-06,0.0006051365635357,0.4495993321607935,0.7413221307105936,0.3122539225480402,0.5540029823118058,0.3453660310277957,0.4038743119625472,0.4495993321607935,0.5282907558266081,262141,987,6389,0.0037651492898859,0.0243723797498292,255572,5582,180,807
P1,sen1floods11,unet,F2,13,USA_664261,USA,0.398498386144638,0.9599480628967284,2.1219253540039062e-05,0.000848539173603,0.3877253008774947,0.5771292100789123,0.7728833666333667,0.7103901000959825,0.7967908317173024,0.7600214328155506,0.3877253008774947,0.5612909119127223,262087,4815,15541,0.01837176204848,0.0592971036335262,246058,11214,488,4327
P1,sen1floods11,unet,F2,13,USA_66511,USA,0.2140788286924362,0.7215550541877747,7.390975952148437e-06,0.0004174906644038,0.4483904656861741,0.9244415708428658,0.1757286830816242,0.3318660506160506,0.2485021106344636,0.2520322814440461,0.4483904656861741,0.4919823416110243,262136,2727,1134,0.0104029969176305,0.0043259987182226,258673,736,2329,398
P1,sen1floods11,unet,F2,13,USA_670826,USA,0.2636695206165313,0.7995810508728027,2.0384788513183597e-05,0.0004656479286495,0.4695461668999321,0.8187617327667959,0.6132225617519735,0.431720852676735,0.6626308740279329,0.5691914294855471,0.4695461668999321,0.4892293910983982,262132,3010,3279,0.0114827644087711,0.012508964948957,256316,2806,2537,473
P1,sen1floods11,unet,F2,13,USA_67102,USA,0.3439865410327911,0.9089310765266418,1.3828277587890623e-05,0.0006511835963465,0.2178155696500954,0.5231351809479311,0.5710086482145307,0.5818495230259937,0.6067706803000921,0.5865429505135388,0.2178155696500954,0.4636326843917587,262091,9491,14869,0.0362126131763395,0.0567322037002415,246763,5837,459,9032
P1,sen1floods11,unet,F2,13,USA_693819,USA,0.3336344361305237,0.8973996043205261,8.106231689453125e-06,0.0007112311432138,0.4179915386891838,0.7249182568562033,0.3263152288887583,0.5959530665413018,0.4013774215980098,0.4412152390093566,0.4179915386891838,0.5322916160083193,262104,2454,6913,0.0093626957238348,0.026375026706956,254223,5427,968,1486
P1,sen1floods11,unet,F2,13,USA_741073,USA,0.4401543438434601,0.9862425923347472,9.298324584960938e-06,0.0016823624027892,0.5449058519294404,0.4168630930587367,0.4955302050890286,0.8691174022056375,0.5627681142387024,0.6424719071777895,0.5449058519294404,0.5820483502837878,262115,3375,42927,0.0128760276977662,0.1637716269576331,218701,40039,487,2888
P1,sen1floods11,unet,F2,13,USA_741178,USA,0.2973199784755707,0.8512330651283264,7.987022399902344e-06,0.0005659853341057,0.4138025245597097,0.8519616407964284,0.2883966523672405,0.4971664365046718,0.3405093680828975,0.3753574856516032,0.4138025245597097,0.5486498625477255,262117,1446,2986,0.0055166204404903,0.0113918593605145,258374,2297,757,689
P1,sen1floods11,unet,F2,13,USA_758178,USA,0.3698165118694305,0.937083661556244,8.64267349243164e-06,0.0007911878055892,0.4820261113119645,0.6682927511734955,0.3852195598519128,0.6618295919766508,0.436806453350571,0.4946185350597115,0.4820261113119645,0.5513252517606713,262133,1617,9980,0.0061686243242933,0.0380722762872282,251337,9179,816,801
P1,sen1floods11,unet,F2,13,USA_761032,USA,0.3594947159290313,0.9231649041175842,1.6748905181884766e-05,0.0008680643513798,0.3821685284077492,0.5397388057460619,0.6687699555346616,0.6603176235529178,0.7584425378543026,0.6958433723139607,0.3821685284077492,0.4985353938153696,262125,12117,14933,0.0462260371959942,0.056969003338102,241211,8797,5981,6136
P1,sen1floods11,unet,F2,13,USA_770353,USA,0.4107454419136047,0.969585418701172,1.4066696166992188e-05,0.0010225699516013,0.2205295050952218,0.3580855090820298,0.6594239094239094,0.7620247399659165,0.7119338994338995,0.711127516274575,0.2205295050952218,0.5190132635614554,262141,34427,40727,0.1313300857172285,0.1553629535250113,216083,11631,5331,29096
P1,sen1floods11,unet,F2,13,USA_778194,USA,0.4434959292411804,0.9876693487167358,1.9669532775878903e-05,0.0013621526304632,0.5387979092262458,0.3984469827036003,0.8204050851109674,0.8480483976807507,0.8569586051203697,0.8418040293040292,0.5387979092262458,0.5759854938527669,262070,3838,45233,0.0146449421910176,0.1725989239516159,216768,41464,69,3769
P1,sen1floods11,unet,F2,13,USA_788696,USA,0.3584343194961548,0.9259523153305054,8.106231689453125e-06,0.0007290554931387,0.0988313940134004,0.152728163233163,0.3597946171475583,0.63424688057041,0.4061918473683179,0.4667444483620954,0.0988313940134004,0.3559906669221377,262126,111448,114976,0.4251695749372439,0.4386287510586512,142221,8457,4929,106519
P1,sen1floods11,unet,F2,13,USA_806273,USA,0.3298830687999725,0.8894753456115723,3.993511199951172e-06,0.0007982912356965,0.4587709963017724,0.5857052045360663,0.25189883645766,0.6104453144894322,0.3585464780317721,0.4069635429929548,0.4587709963017724,0.483554336137203,262131,5787,11460,0.0220767478855991,0.0437185987159092,246911,9433,3760,2027
P1,sen1floods11,unet,F2,13,USA_826217,USA,0.3810760378837585,0.9450255036354064,1.7404556274414062e-05,0.0009001553989946,0.4038233518767297,0.5561534332902679,0.7026857945975593,0.6934707449413331,0.7688206401441695,0.7216590598943541,0.4038233518767297,0.5249055051220592,262126,4498,15988,0.0171596865629506,0.0609935679787583,245617,12011,521,3977
P1,sen1floods11,unet,F2,13,USA_831672,USA,0.3971044719219208,0.959315538406372,1.1801719665527344e-05,0.0014686504146084,0.3364874034352675,0.482239240695181,0.5629609361227008,0.7921882039529098,0.6686665050635638,0.6746052150463915,0.3364874034352675,0.5528548062510792,262116,20957,23121,0.0799531505135131,0.088209037220162,230684,10475,8311,12646
P1,sen1floods11,unet,F2,13,USA_84195,USA,0.330861896276474,0.8962727785110474,6.67572021484375e-06,0.0008877199725247,0.3543190207789937,0.6385063177888679,0.2921422939805292,0.6354405398523045,0.4066919600007835,0.4447582646112057,0.3543190207789937,0.5127742403480168,262137,3811,10064,0.0145381994911057,0.0383921384619492,251618,6708,455,3356
P1,sen1floods11,unet,F2,13,USA_86502,USA,0.476622611284256,0.997891366481781,1.4543533325195312e-05,0.0007488441187888,0.3445842723159087,0.4808038176038556,0.8276294783647725,0.8470304205598324,0.6806122798769858,0.7850907262671969,0.3445842723159087,0.6497707132850098,262132,66362,47874,0.2531625288022828,0.1826331771779103,185280,10490,28978,37384
P1,sen1floods11,unet,F2,13,USA_905409,USA,0.3932090997695923,0.9568782448768616,6.973743438720703e-06,0.0008843264076858,0.2059925396879212,0.2607170387378669,0.3749938786703493,0.7134219946719946,0.4115620898709134,0.4999926544044191,0.2059925396879212,0.449357958723139,262099,44467,63336,0.1696572669105948,0.2416491478410829,197988,19644,775,43692
P1,sen1floods11,unet,F2,13,USA_908474,USA,0.4511489570140838,0.9907900094985962,7.62939453125e-06,0.0009505596826784,0.5682605027980178,0.4600668004880779,0.4824752453428923,0.8256620830150241,0.4468038089361619,0.5849803790980261,0.5682605027980178,0.5969174674612401,262071,1846,39782,0.0070438926855699,0.1517985584059281,221152,39073,1137,709
P1,sen1floods11,unet,F2,13,USA_933610,USA,0.395547479391098,0.9576362371444702,2.092123031616211e-05,0.0009754817583598,0.4402305261102711,0.5237403803929677,0.7661750014691191,0.7353161544338015,0.8246373724314902,0.7753761761114702,0.4402305261102711,0.5426233168540096,262027,3823,19823,0.0145900994935636,0.0756525090925744,242035,16169,169,3654
P1,sen1floods11,unet,F2,13,USA_955053,USA,0.4281270205974579,0.9800061583518982,4.0531158447265625e-06,0.0013095082249492,0.3850965793540744,0.278899489368665,0.3827220573544103,0.8183213844978552,0.4355993271434448,0.5455475896652368,0.3850965793540744,0.512431536885264,262140,35838,65703,0.1367132066834515,0.2506408789196612,190215,36087,6222,29616
P1,sen1floods11,unet,F2,13,USA_986268,USA,0.2289634644985199,0.7353490591049194,3.212690353393555e-05,0.0005064589786343,0.3673558961382344,0.7836992246484844,0.6192239133415604,0.4021327936769113,0.735971748839396,0.5857761519526226,0.3673558961382344,0.4340911381302199,262123,9092,3379,0.0346860061879346,0.0128908947326255,252468,563,6276,2816
P1,sen1floods11,unet,F2,13,USA_994009,USA,0.3685199320316314,0.933105766773224,1.0609626770019531e-05,0.0009292147005908,0.4581925729419946,0.6497908319896615,0.4714715431627196,0.6858949873655756,0.558487468413939,0.5719513329807447,0.4581925729419946,0.5481793481675094,262018,1897,10974,0.0072399606133929,0.0418826187513834,250549,9572,495,1402
P1,sen1floods11,unet,F2,37,Ghana_103272,GHA,0.1182013973593711,0.4880390465259552,0.0,0.0001802685146685,0.2312559776262617,0.7812482168997854,0.0355404399522046,0.0554372098489745,0.0587464006581653,0.0499080168197815,0.2312559776262617,0.199133023395274,259269,1558,2535,0.0060092027970949,0.0097774897885979,256615,1096,119,1439
P1,sen1floods11,unet,F2,37,Ghana_1033830,GHA,0.4588541388511657,0.9934653043746948,3.2782554626464844e-06,0.0011489099124446,0.3332139202321795,0.3212490903183503,0.8570957229045464,0.8615483780924957,0.8360267183796595,0.8515569397922338,0.3332139202321795,0.5865090060164753,233229,96811,56463,0.4150898901937581,0.2420925356623747,135601,817,41165,55646
P1,sen1floods11,unet,F2,37,Ghana_1078550,GHA,0.0902852639555931,0.4324231147766113,1.1920928955078125e-07,0.0001408625394105,0.4841809110647261,0.9946078396915996,0.1136945162680456,0.0085398669957493,0.1051546492722963,0.0757963441786971,0.4841809110647261,0.4109001241448176,262144,1407,57,0.0053672790527343,0.0002174377441406,260732,5,1355,52
P1,sen1floods11,unet,F2,37,Ghana_1089161,GHA,0.1063061356544494,0.4677814543247223,1.1920928955078125e-07,0.0001720605941955,0.1594271430744765,0.7999256143724399,0.1136945162680456,0.032439374351139,0.129054156627686,0.0917293490822902,0.1594271430744765,0.2303547859380939,236164,2907,2108,0.0123092427296285,0.008926000575871,233188,69,868,2039
P1,sen1floods11,unet,F2,37,Ghana_11745,GHA,0.0873206630349159,0.4232712090015411,0.0,0.000135350797791,0.0,0.9999999999921552,0.0260707429825076,0.0066459276018099,0.0194248153806977,0.0173804953216717,0.0,0.4069104691649199,262144,0,0,0.0,0.0,262144,0,0,0
P1,sen1floods11,unet,F2,37,Ghana_124834,GHA,0.0945029184222221,0.4462442398071289,5.960464477539064e-08,0.0001393274287693,0.0,0.999999999992378,0.0558179565532506,0.0085398669957493,0.0472780895575013,0.0372119710355004,0.0,0.4180060026722661,262144,0,0,0.0,0.0,262144,0,0,0
P1,sen1floods11,unet,F2,37,Ghana_128663,GHA,0.11898023635149,0.4841702878475189,1.1920928955078125e-07,0.0005639001028612,0.5021202501658296,0.9227783320912948,0.1193763344498638,0.3476284744667098,0.4385614385614386,0.301855415826004,0.5021202501658296,0.3342805956715359,168848,0,716,0.0,0.0042405003316592,168132,716,0,0
P1,sen1floods11,unet,F2,37,Ghana_132163,GHA,0.107783742249012,0.468498021364212,3.5762786865234375e-07,0.0001824450591811,0.5019189038934022,0.8966942154080405,0.2547501518089753,0.0554372098489745,0.2931076276664512,0.2010983297748003,0.5019189038934022,0.3428086365851042,55761,0,214,0.0,0.0038378077868043,55547,214,0,0
P1,sen1floods11,unet,F2,37,Ghana_134751,GHA,0.2342570573091507,0.7500832080841064,0.000145673751831,0.0023962361738085,0.5079521015320075,0.830903410171826,0.6505669575522517,0.6794131113984055,0.971153846153846,0.7670446383681678,0.5079521015320075,0.5289240214644746,37663,0,599,0.0,0.015904203064015,37064,599,0,0
P1,sen1floods11,unet,F2,37,Ghana_135389,GHA,0.2814000844955444,0.8286246657371521,0.0004138946533203,0.0037372920196503,0.5154136712562447,0.77471855418674,0.6954442616207323,0.7146750308515014,0.9807692307692308,0.7969628410804882,0.5154136712562447,0.5348456144939948,24624,252,600,0.0102339181286549,0.0243664717348927,23775,597,249,3
P1,sen1floods11,unet,F2,37,Ghana_141271,GHA,0.1018633171916008,0.4693866372108459,5.960464477539064e-08,0.0001536415220471,0.5031204223632812,0.9999999999926126,0.05771189594719,0.0209233168791992,0.0577676000470118,0.0454676042911337,0.5031204223632812,0.4199651859536327,262144,1636,0,0.0062408447265625,0.0,260508,0,1636,0
P1,sen1floods11,unet,F2,37,Ghana_141910,GHA,0.451007217168808,0.9908413887023926,4.0531158447265625e-06,0.0013316976837813,0.5104161963920958,0.2060578897791437,0.8601276174805587,0.8760271591153944,0.874405006757948,0.8701865944513004,0.5104161963920958,0.5489590994789613,262144,70650,129636,0.2695083618164062,0.4945220947265625,118971,72523,13537,57113
P1,sen1floods11,unet,F2,37,Ghana_142312,GHA,0.1076796427369117,0.4825372695922851,5.960464477539064e-08,0.0001529564033262,0.5000019073486328,0.9999264061015792,0.0614997747350688,0.0228172562731386,0.0558736606530724,0.0467302305537599,0.5000019073486328,0.4229260318241266,262144,0,1,0.0,3.814697265625e-06,262143,1,0,0
P1,sen1floods11,unet,F2,37,Ghana_144050,GHA,0.1015269681811332,0.4681671559810638,5.960464477539064e-08,0.0001488840061938,0.0,0.99999999999264,0.0558179565532506,0.0171354380913204,0.0558736606530724,0.0429423517658811,0.0,0.4183658352890949,23551,0,0,0.0,0.0,23551,0,0,0
P1,sen1floods11,unet,F2,37,Ghana_146222,GHA,0.0708303526043891,0.3672211766242981,0.0,0.0001112125391955,0.0,0.9999999999917492,0.0194248153806977,0.0,0.0194248153806977,0.0129498769204651,0.0,0.4015764836250751,181656,0,0,0.0,0.0,181656,0,0,0
P1,sen1floods11,unet,F2,37,Ghana_147015,GHA,0.1321423649787902,0.5441473126411438,2.384185791015625e-07,0.0001928336423588,0.5003150984211264,0.9956266112353496,0.2219936925819279,0.0939538402773697,0.2352512683395036,0.1837329337329337,0.5003150984211264,0.4758100594302515,262144,3530,56,0.0134658813476562,0.000213623046875,258603,11,3485,45
P1,sen1floods11,unet,F2,37,Ghana_154838,GHA,0.0918388590216636,0.4388802647590637,5.960464477539064e-08,0.0001319454895565,0.0,0.9999999999922388,0.0558179565532506,0.0085398669957493,0.0472780895575013,0.0372119710355004,0.0,0.4180060026722661,42107,0,0,0.0,0.0,42107,0,0,0
P1,sen1floods11,unet,F2,37,Ghana_156478,GHA,0.0818868800997734,0.4058564603328705,5.960464477539064e-08,0.0001244562299689,0.0,0.9999999999920391,0.0520857818651936,0.0048076923076923,0.0472780895575013,0.0347238545767957,0.0,0.4150105794580786,262144,0,0,0.0,0.0,262144,0,0,0
P1,sen1floods11,unet,F2,37,Ghana_161233,GHA,0.1892438232898712,0.6792429089546204,2.5033950805664062e-06,0.000470158556709,0.502906976744186,0.9316847056293068,0.5308435437111908,0.4172598235098235,0.697234138410609,0.5484458352105411,0.502906976744186,0.5304158446703335,1892,0,11,0.0,0.005813953488372,1881,11,0,0
P1,sen1floods11,unet,F2,37,Ghana_167233,GHA,0.0895946249365806,0.4313245713710785,5.960464477539064e-08,0.0001347909274045,0.0,0.9999999999922464,0.0558179565532506,0.0085398669957493,0.0472780895575013,0.0372119710355004,0.0,0.4180060026722661,262144,0,0,0.0,0.0,262144,0,0,0
P1,sen1floods11,unet,F2,37,Ghana_168875,GHA,0.0646971985697746,0.344306617975235,1.1920928955078125e-07,0.0001094911276595,0.0,0.9999999999916148,0.1051546492722963,0.0,0.1051546492722963,0.0701030995148642,0.0,0.4310488995246276,41796,0,0,0.0,0.0,41796,0,0,0
P1,sen1floods11,unet,F2,37,Ghana_187318,GHA,0.0924124494194984,0.4371745884418487,0.0,0.0001341346505796,0.0,0.9999999999922372,0.027964682376447,0.0085398669957493,0.0194248153806977,0.018643121584298,0.0,0.4084305346765971,262144,0,0,0.0,0.0,262144,0,0,0
P1,sen1floods11,unet,F2,37,Ghana_194723,GHA,0.084632471203804,0.4121536910533905,0.0,0.0001385803916491,0.501128501518731,0.9879024549796628,0.02423250768839,0.0048076923076923,0.0194248153806977,0.0161550051255933,0.501128501518731,0.3561321701183891,47408,0,107,0.0,0.002257003037462,47301,107,0,0
P1,sen1floods11,unet,F2,37,Ghana_247288,GHA,0.3963314890861511,0.9585769772529602,1.1920928955078125e-06,0.0010770418448373,0.4605235367950335,0.3484582746320517,0.7146431999373175,0.7687398385927797,0.7671519656813774,0.7501783347371581,0.4605235367950335,0.5083572694459131,40174,26650,19745,0.663364365012197,0.4914870314133519,11079,2445,9350,17300
P1,sen1floods11,unet,F2,37,Ghana_24858,GHA,0.0790536180138588,0.3946461379528045,5.960464477539064e-08,0.0001278936542803,0.4878729011287606,0.9973909607306284,0.0472780895575013,0.0,0.0472780895575013,0.0315187263716675,0.4878729011287606,0.4019726204833918,262144,484,27,0.0018463134765625,0.0001029968261718,261646,14,471,13
P1,sen1floods11,unet,F2,37,Ghana_264787,GHA,0.0802866220474243,0.4003465175628662,1.1920928955078125e-07,0.0001220904086949,0.0,0.999999999991958,0.1051546492722963,0.0,0.1051546492722963,0.0701030995148642,0.0,0.4310488995246276,181975,0,0,0.0,0.0,181975,0,0,0
P1,sen1floods11,unet,F2,37,Ghana_308249,GHA,0.1625851988792419,0.593197226524353,2.384185791015625e-07,0.0002949474146589,0.2683504911946149,0.7186156766102084,0.2716511429746724,0.2679348837437072,0.3595748614130967,0.2997202960438254,0.2683504911946149,0.3042847531234521,262144,8030,4109,0.0306320190429687,0.0156745910644531,253941,173,4094,3936
P1,sen1floods11,unet,F2,37,Ghana_313799,GHA,0.1285582929849624,0.5146767497062683,0.0,0.0001740545994834,0.51804684319126,0.9701284206978268,0.0511706430824077,0.0575392744510391,0.0452182621300268,0.0513093932211579,0.51804684319126,0.3540710648475567,244464,14933,354,0.0610846586818509,0.0014480659729039,229530,1,14580,353
P1,sen1floods11,unet,F2,37,Ghana_319168,GHA,0.4299328923225403,0.980792999267578,9.5367431640625e-07,0.000548401789274,0.3185974327856636,0.4357297875474656,0.7473041664218134,0.7260215274921158,0.6805204599322245,0.717948717948718,0.3185974327856636,0.5617551729922773,171624,39521,20901,0.2302766512842027,0.1217836666200531,131257,846,19466,20055
P1,sen1floods11,unet,F2,37,Ghana_359826,GHA,0.1545862853527069,0.5920899510383606,5.364418029785156e-07,0.0002429473825031,0.3078245157642111,0.8862002877855807,0.3820719721455016,0.2175704197763021,0.4196312266165207,0.3397578728461081,0.3078245157642111,0.4203962616095825,262144,3496,1445,0.013336181640625,0.0055122375488281,258596,52,2103,1393
P1,sen1floods11,unet,F2,37,Ghana_362274,GHA,0.2833040952682495,0.8196066617965698,3.5762786865234375e-07,0.000324690627167,0.2714742205907706,0.5786332063758715,0.4553149056825527,0.4122997100938277,0.4494053740377269,0.4390066632713691,0.2714742205907706,0.3870018958725451,259407,18364,9756,0.0707922299706638,0.0376088540401762,240598,445,9053,9311
P1,sen1floods11,unet,F2,37,Ghana_406026,GHA,0.1408849209547042,0.5667776465415955,1.1920928955078125e-07,0.0002390897134318,0.0935479291198808,0.6882452633134253,0.1713653993065758,0.1907993966817496,0.2297432959197665,0.1973026973026973,0.0935479291198808,0.2487963984706286,262144,4305,4346,0.0164222717285156,0.0165786743164062,257381,458,417,3888
P1,sen1floods11,unet,F2,37,Ghana_45911,GHA,0.0706421881914138,0.3653409779071808,1.1920928955078125e-07,0.0001116306812036,0.0,0.9999999999917176,0.1051546492722963,0.0,0.1051546492722963,0.0701030995148642,0.0,0.4310488995246276,29269,0,0,0.0,0.0,29269,0,0,0
P1,sen1floods11,unet,F2,37,Ghana_495107,GHA,0.123821385204792,0.5269131064414978,1.1920928955078125e-07,0.0001768083020579,0.5021679119930768,0.9967635639213124,0.1387944163679457,0.0691734735852382,0.1406883557618851,0.1162187485716897,0.5021679119930768,0.4473265639587329,262144,3959,42,0.0151023864746093,0.0001602172851562,258185,0,3917,42
P1,sen1floods11,unet,F2,37,Ghana_49890,GHA,0.09389478713274,0.4462684690952301,5.960464477539064e-08,0.0001396925654262,0.0,0.9999999999924748,0.0558179565532506,0.0085398669957493,0.0472780895575013,0.0372119710355004,0.0,0.4180060026722661,262144,0,0,0.0,0.0,262144,0,0,0
P1,sen1floods11,unet,F2,37,Ghana_53713,GHA,0.1046163514256477,0.4799474477767944,1.1920928955078125e-07,0.0001493596646469,0.0,0.9999999999928032,0.1193763344498638,0.0228172562731386,0.1137502203678674,0.0853146036969566,0.0,0.4443604046475666,262144,0,0,0.0,0.0,262144,0,0,0
P1,sen1floods11,unet,F2,37,Ghana_597288,GHA,0.162101000547409,0.5897849798202515,1.1920928955078125e-07,0.000431312888395,0.180613887913694,0.7273289953407451,0.1951602319249378,0.3647443243031478,0.3798933909228027,0.3132659823836294,0.180613887913694,0.2820412082209169,262144,5690,4028,0.0217056274414062,0.0153656005859375,256243,211,1873,3817
P1,sen1floods11,unet,F2,37,Ghana_61925,GHA,0.0866974592208862,0.4160114228725433,0.0,0.0001364789204671,0.1234232732377228,0.9426058561382276,0.02423250768839,0.0048076923076923,0.0194248153806977,0.0161550051255933,0.1234232732377228,0.3011585457808395,262144,651,510,0.0024833679199218,0.0019454956054687,261482,11,152,499
P1,sen1floods11,unet,F2,37,Ghana_7496,GHA,0.0796330645680427,0.3984631299972534,5.960464477539064e-08,0.0001217549433931,0.0,0.999999999991973,0.0472780895575013,0.0,0.0472780895575013,0.0315187263716675,0.0,0.4111519516207441,262144,0,0,0.0,0.0,262144,0,0,0
P1,sen1floods11,unet,F2,37,Ghana_8090,GHA,0.0784562975168228,0.3943370878696441,5.960464477539064e-08,0.0001209880501846,0.5000102740077876,0.9999999999919408,0.0472780895575013,0.0,0.0472780895575013,0.0315187263716675,0.5000102740077876,0.4111519516207441,194666,4,0,2.0548015575395805e-05,0.0,194662,0,4,0
P1,sen1floods11,unet,F2,37,Ghana_83200,GHA,0.1528010964393615,0.5889014005661011,4.76837158203125e-07,0.0001577915681991,0.496249218528376,0.9856201478552388,0.3801780327515621,0.1023333284362696,0.3025001958825488,0.2616705190234602,0.496249218528376,0.5181059034668014,98215,533,15,0.0054268696227663,0.0001527261619915,97674,8,526,7
P1,sen1floods11,unet,F2,37,Ghana_866994,GHA,0.3237333595752716,0.8859249353408813,6.300210952758789e-05,0.0004855520382989,0.6802291956983179,0.0963909599034595,0.7207712630506748,0.559611344537815,0.771532389179448,0.6839716655893127,0.6802291956983179,0.377297736270911,117511,105971,82464,0.901796427568483,0.70175558032865,1008,10532,34039,71932
P1,sen1floods11,unet,F2,37,Ghana_868803,GHA,0.4560956954956054,0.9925686717033386,4.291534423828125e-06,0.0009408497135154,0.2113414762441106,0.2167210393058526,0.8687299220387456,0.8292828495034377,0.8250107735401853,0.8410078483607896,0.2113414762441106,0.5592829342065646,262144,144051,116522,0.5495109558105469,0.4444961547851562,116371,1722,29251,114800
P1,sen1floods11,unet,F2,37,Ghana_887131,GHA,0.178824633359909,0.6233795285224915,1.1920928955078125e-07,0.0003497715806588,0.4144943933153917,0.8432650045092782,0.2171168292491821,0.3363646157763805,0.3295570850717909,0.2943461766991178,0.4144943933153917,0.341335093198668,262144,10075,2165,0.0384330749511718,0.0082588195800781,251963,106,8016,2059
P1,sen1floods11,unet,F2,37,Ghana_895194,GHA,0.1602666527032852,0.5649383068084717,1.1920928955078125e-07,0.000205643926165,0.1662430458036203,0.6290662918886258,0.1635747830600771,0.1284744667097608,0.1752089821942763,0.1557527439880381,0.1662430458036203,0.2282326569214698,252706,8697,6110,0.0344154867711886,0.0241782941441833,243887,122,2709,5988
P1,sen1floods11,unet,F2,37,Ghana_953791,GHA,0.1261724233627319,0.5221365690231323,0.0,0.0001814018760342,0.4363433461042865,0.9492796868015234,0.0511706430824077,0.0748552917670564,0.0625342794460441,0.0628534047651694,0.4363433461042865,0.3291054580725495,262144,2772,588,0.0105743408203125,0.0022430419921875,259189,183,2367,405
P1,sen1floods11,unet,F2,37,Ghana_97059,GHA,0.0716456174850463,0.3629148304462433,0.0,0.0001173524360638,0.5045995473461342,0.9721221289919766,0.0194248153806977,0.0,0.0194248153806977,0.0129498769204651,0.5045995473461342,0.3290044620829314,27394,0,252,0.0,0.0091990946922683,27142,252,0,0
P1,sen1floods11,unet,F2,37,Ghana_97516,GHA,0.1130886226892471,0.4919019341468811,1.1920928955078125e-07,0.0002123791055055,0.1441822121010451,0.8958292389547778,0.1212702738438032,0.0966104973457914,0.1856495220465808,0.1345100977453918,0.1441822121010451,0.3003107128880562,187555,771,673,0.0041107941670443,0.0035882807709738,186712,72,170,601
P1,sen1floods11,unet,F2,37,Pakistan_1027214,PAK,0.44387286901474,0.9877567291259766,1.430511474609375e-06,0.0007681455463171,0.3311031154842622,0.2369986827591554,0.7874649859943977,0.7835448864860629,0.7397431000372177,0.7702509908392261,0.3311031154842622,0.5277582504592337,158958,23870,34218,0.1501654525094679,0.2152644094666515,119777,15311,4963,18907
P1,sen1floods11,unet,F2,37,Pakistan_1036366,PAK,0.4036324918270111,0.9653170108795166,5.364418029785156e-07,0.0006292747566476,0.3050373891812014,0.4814379980432799,0.6586660888131477,0.716662014456132,0.6421287046287046,0.6724856026326614,0.3050373891812014,0.5224182062538497,110380,22673,14242,0.2054085885124116,0.1290269976445008,85961,1746,10177,12496
P1,sen1floods11,unet,F2,37,Pakistan_132143,PAK,0.2425367385149002,0.7723343968391418,1.4901161193847656e-06,0.0002120036078849,0.5006656646728516,0.9814761707111456,0.5530829464652994,0.2598522800728683,0.4504325331531214,0.421122586563763,0.5006656646728516,0.6137620793113787,262144,0,349,0.0,0.0013313293457031,261795,349,0,0
P1,sen1floods11,unet,F2,37,Pakistan_167553,PAK,0.432453989982605,0.982384979724884,2.086162567138672e-06,0.0008155149989761,0.5167909278528747,0.7160706098860992,0.8009931245225363,0.7739295018706783,0.7628866231807407,0.7792697498579851,0.5167909278528747,0.6392067209077428,247105,1458,12940,0.0059003257724449,0.052366402946116,233020,12627,1145,313
P1,sen1floods11,unet,F2,37,Pakistan_210595,PAK,0.2049875855445861,0.7160928845405579,2.384185791015625e-07,0.000222201240831,0.5000286102294922,0.99915574948325,0.3363340091281268,0.2602342510430745,0.2871913625590096,0.2945865409100703,0.5000286102294922,0.5843782403171134,262144,0,15,0.0,5.7220458984375e-05,262129,15,0,0
P1,sen1floods11,unet,F2,37,Pakistan_211386,PAK,0.2859532237052917,0.8454676270484924,8.344650268554688e-07,0.0004023789661005,0.4522968524099758,0.9394927518776514,0.5599504662004662,0.4883872255195784,0.5943186715245539,0.5475521210815328,0.4522968524099758,0.5966823982383902,255405,6859,1317,0.0268553865429416,0.0051565161214541,248109,437,5979,880
P1,sen1floods11,unet,F2,37,Pakistan_246510,PAK,0.4452068507671356,0.988576114177704,8.344650268554688e-07,0.0006321077817119,0.4389990643493613,0.5340389965159109,0.7533820346320346,0.7705033936651583,0.6830032712385653,0.7356295665119195,0.4389990643493613,0.5866152917718943,258817,10741,29619,0.0415003651228474,0.1144399324619325,225838,22238,3360,7381
P1,sen1floods11,unet,F2,37,Pakistan_246718,PAK,0.357605516910553,0.9266636967658995,7.152557373046875e-07,0.0003879734722431,0.154231200343864,0.6371210495744368,0.6420595336036512,0.5753596893302776,0.5821023339405693,0.599840518958166,0.154231200343864,0.5225540217216345,235278,13126,11126,0.0557893215685274,0.0472887392786405,221094,1058,3058,10068
P1,sen1floods11,unet,F2,37,Pakistan_336228,PAK,0.3385822474956512,0.8947727680206299,8.344650268554688e-07,0.0002761976211331,0.5306293452906674,0.6669663855123349,0.5959683698654287,0.4286222356075297,0.4985357779475426,0.5077087944735004,0.5306293452906674,0.4852937491067458,132471,0,8115,0.0,0.0612586905813347,124356,8115,0,0
P1,sen1floods11,unet,F2,37,Pakistan_35915,PAK,0.4651162028312683,0.9952977299690248,1.9073486328125e-06,0.0009797764942049,0.2089003259829285,0.3199330698111911,0.8429854459266224,0.8598215509980216,0.7799798240974711,0.8275956070073717,0.2089003259829285,0.5884763706188653,129233,52301,58952,0.4047031331006786,0.4561683161421618,66201,10731,4080,48221
P1,sen1floods11,unet,F2,37,Pakistan_366265,PAK,0.3777388334274292,0.950246810913086,5.960464477539062e-07,0.000347168155713,0.5000274960523525,0.959426165148785,0.6494259417053534,0.5732153875536228,0.5250154257507198,0.5825522516698987,0.5000274960523525,0.6971925207424978,127291,2,5,1.5712029915704958e-05,3.92800747892624e-05,127284,5,2,0
P1,sen1floods11,unet,F2,37,Pakistan_401863,PAK,0.3948107063770294,0.9590618014335632,4.172325134277344e-07,0.0005117693799547,0.3209376978617875,0.8496492399475969,0.6282320620555915,0.6755181093416387,0.5838426279602751,0.6291975997858351,0.3209376978617875,0.6104939330065898,258845,3324,4928,0.0128416619984933,0.0190384206764666,252834,2687,1083,2241
P1,sen1floods11,unet,F2,37,Pakistan_43105,PAK,0.3961835205554962,0.958463490009308,1.9073486328125e-06,0.0004974415642209,0.5060894758222134,0.9045729501985404,0.739687395937396,0.669947699359464,0.6934040224481401,0.7010130392483335,0.5060894758222134,0.691279458923123,260942,271,2907,0.0010385449640149,0.0111404066804117,257764,2907,271,0
P1,sen1floods11,unet,F2,37,Pakistan_474121,PAK,0.4352999627590179,0.9841716885566713,4.76837158203125e-07,0.0005702916532754,0.308615494544905,0.5351458057051726,0.6961904517051576,0.7394247908953792,0.6235792393880629,0.6863981606628666,0.308615494544905,0.5596391017420514,180789,8893,16469,0.0491899396534081,0.0910951440629684,163174,8722,1146,7747
P1,sen1floods11,unet,F2,37,Pakistan_528249,PAK,0.446863979101181,0.9887745380401612,1.96695327758789e-06,0.0002450536412652,0.5010262139201371,0.8806163356160219,0.8076390521243463,0.5555259691289103,0.5148185148185148,0.6259945120239238,0.5010262139201371,0.71714788175865,76982,0,158,0.0,0.0020524278402743,76824,158,0,0
P1,sen1floods11,unet,F2,37,Pakistan_548910,PAK,0.2360638976097107,0.7718138098716736,2.384185791015625e-07,0.00024901542929,0.5042673786842211,0.9975906270612168,0.362896907014554,0.315580253080253,0.3159744667097608,0.3314838756015226,0.5042673786842211,0.599260506687029,235696,3439,44,0.0145908288642997,0.0001866811485981,232234,23,3418,21
P1,sen1floods11,unet,F2,37,Pakistan_65724,PAK,0.3913604915142059,0.9556564092636108,3.5762786865234375e-07,0.0003290022432338,0.5059681166386285,0.8897807466339579,0.600593646549529,0.5594166862549216,0.4512436093318446,0.537084647378765,0.5059681166386285,0.6200629401970806,262143,0,3129,0.0,0.011936233277257,259014,3129,0,0
P1,sen1floods11,unet,F2,37,Pakistan_664885,PAK,0.4253965020179748,0.9792936444282532,8.940696716308594e-07,0.0005166734335944,0.3907261797620824,0.5086591931438397,0.7263673826173827,0.7100662817574582,0.6570451607216312,0.6978262750321574,0.3907261797620824,0.5580755059154123,73010,2383,6216,0.0326393644706204,0.0851390220517737,66322,4305,472,1911
P1,sen1floods11,unet,F2,37,Pakistan_667363,PAK,0.4383796751499176,0.9848119616508484,5.960464477539062e-07,0.0003132063138764,0.5123656601162367,0.7146426995469694,0.7066309915574621,0.597746003996004,0.4923409923409922,0.5989059959648194,0.5123656601162367,0.5993911793485438,162484,1219,10317,0.0075022771472883,0.063495482632136,151401,9864,766,453
P1,sen1floods11,unet,F2,37,Pakistan_694942,PAK,0.4594135880470276,0.9936780333518982,1.7881393432617188e-06,0.0009046863997355,0.5044269306554761,0.2949437180314315,0.820986611427788,0.8255439413527649,0.7639131701631703,0.803481240981241,0.5044269306554761,0.5710958812451687,191444,18481,65151,0.0965347569001901,0.3403136165144899,125522,47441,771,17710
P1,sen1floods11,unet,F2,37,Pakistan_70625,PAK,0.4462414085865021,0.9888025522232056,1.4901161193847656e-06,0.0005227192305028,0.5343279653492106,0.5680823883924595,0.7960048529901471,0.7482217537364596,0.695880100291865,0.7467022356728239,0.5343279653492106,0.6078604586314065,262144,4667,24954,0.0178031921386718,0.0951919555664062,233573,23904,3617,1050
P1,sen1floods11,unet,F2,37,Pakistan_712873,PAK,0.2343755066394806,0.7598074078559875,3.5762786865234375e-07,0.0002569488133303,0.3709559743430317,0.9095695548277664,0.4256233962116315,0.3259650888327359,0.3927622622475564,0.3814502490973079,0.3709559743430317,0.4959372930506742,119557,1316,1167,0.011007301956389,0.0097610344856428,117602,639,788,528
P1,sen1floods11,unet,F2,37,Pakistan_740461,PAK,0.4481739699840545,0.9896817207336426,6.437301635742188e-06,0.0012857265537604,0.6600285638619855,0.2979461251820332,0.8727816301345713,0.8645178351060704,0.8793375741905154,0.8722123464770523,0.6600285638619855,0.585393600914627,211456,0,67678,0.0,0.3200571277239709,143778,67678,0,0
P1,sen1floods11,unet,F2,37,Pakistan_760290,PAK,0.3773519098758697,0.9439242482185364,5.960464477539062e-07,0.0005114496452733,0.5059400937052994,0.899192431583297,0.6379031507707977,0.6528544984427337,0.6161773275743864,0.6356449922626393,0.5059400937052994,0.6405650081894787,233498,0,2774,0.0,0.0118801874105988,230724,2774,0,0
P1,sen1floods11,unet,F2,37,Pakistan_849790,PAK,0.436919242143631,0.9851754903793336,2.205371856689453e-06,0.000495588814374,0.7788111030398399,0.6697740193680841,0.8028870639164757,0.717850164541341,0.7087012252453428,0.7431461512343865,0.7788111030398399,0.6281564545592493,257239,171908,16124,0.6682812481777647,0.0626810087117427,84886,445,156229,15679
P1,sen1floods11,unet,F2,37,Pakistan_909806,PAK,0.1974146962165832,0.6810814142227173,1.1920928955078125e-07,0.0002248697710456,0.4038070320202589,0.9296628839165167,0.2335654541536894,0.2358505465123112,0.2125943909032144,0.2273367971897383,0.4038070320202589,0.4218635067165934,116287,1414,441,0.012159570717277,0.003792341362319,114745,128,1101,313
P1,sen1floods11,unet,F2,37,Pakistan_94095,PAK,0.4423687756061554,0.9871742725372314,2.6226043701171875e-06,0.0010848806705325,0.4035110661371308,0.1793454423596722,0.8162346232199174,0.8214499960823489,0.8160332314744079,0.8179059502588913,0.4035110661371308,0.5147554654182404,180570,53566,85325,0.296649498809326,0.4725314282549703,89284,37720,5961,47605
P1,sen1floods11,unet,F2,37,Pakistan_9684,PAK,0.2466526478528976,0.7885615229606628,3.5762786865234375e-07,0.0002269481919938,0.4045154370113396,0.9830426459654744,0.4349259808818632,0.2961554376995553,0.3536500264441441,0.3615771483418541,0.4045154370113396,0.5816764774728901,113550,1196,253,0.0105328049317481,0.0022280933509467,112342,12,955,241
P1,sen1floods11,unet,F2,37,USA_1010394,USA,0.3734317719936371,0.9384546279907228,9.5367431640625e-07,0.0007904507219791,0.4482227388504421,0.7650591494045258,0.686353474956416,0.7033634257898963,0.7188130496954026,0.7028433168139049,0.4482227388504421,0.5752805854388301,262131,1481,7333,0.005649846832309,0.027974562337152,254328,6322,470,1011
P1,sen1floods11,unet,F2,37,USA_1039203,USA,0.350858598947525,0.9139899611473083,8.344650268554688e-07,0.0006954947020858,0.4367643115732394,0.7173895913127152,0.6186319807643337,0.6413237497796321,0.68857368122074,0.6495098039215687,0.4367643115732394,0.5207926587596035,262112,1611,8196,0.0061462275668416,0.0312690758149188,253614,6887,302,1309
P1,sen1floods11,unet,F2,37,USA_1049586,USA,0.2165396809577942,0.7198695540428162,1.788139343261719e-07,0.0003861933946609,0.2574485965202642,0.8783818125102292,0.2864617000646412,0.4057437660378836,0.3828285684903332,0.3583446781976193,0.2574485965202642,0.4163147704148925,262061,2122,1911,0.0080973513800222,0.0072921953285685,259355,584,795,1327
P1,sen1floods11,unet,F2,37,USA_1068362,USA,0.4522515535354614,0.9912433624267578,2.443790435791016e-06,0.0016893420834094,0.3515564253566756,0.387390872284333,0.8362838142249907,0.9086679252120428,0.8832019695990285,0.876051236345354,0.3515564253566756,0.6019916156783756,262124,31182,51957,0.118958965985564,0.1982153484610337,204189,26753,5978,25204
P1,sen1floods11,unet,F2,37,USA_1082482,USA,0.266211599111557,0.7988165616989136,1.788139343261719e-07,0.0004235700762365,0.3600788280018672,0.8676200966170734,0.3271416083916084,0.4663749240955123,0.4027798182209947,0.3987654502360385,0.3600788280018672,0.4483072486300763,262130,2206,2425,0.0084156716133216,0.0092511349330484,258539,1385,1166,1040
P1,sen1floods11,unet,F2,37,USA_11422,USA,0.4079940915107727,0.9677419662475586,1.0728836059570312e-06,0.0010047549149021,0.277274283896765,0.2896953363065575,0.7212334234393057,0.768684134492958,0.7530416887034534,0.7476530822119057,0.277274283896765,0.5040387562900037,262142,36020,60426,0.1374064438357836,0.2305086556141328,200467,25655,1249,34771
P1,sen1floods11,unet,F2,37,USA_114964,USA,0.3096873760223388,0.863838791847229,3.5762786865234375e-07,0.0004719342978205,0.4847718380714553,0.8283171952753423,0.4866365252394664,0.5389598146951089,0.5447438590820943,0.5234467330055566,0.4847718380714553,0.4921272702863676,262125,354,3965,0.0013505007153075,0.0151263710061993,257994,3777,166,188
P1,sen1floods11,unet,F2,37,USA_115033,USA,0.2676502764225006,0.8032111525535583,3.5762786865234375e-07,0.0005496224039234,0.3135643176657839,0.8590858625280492,0.4445548324224795,0.5279634581105169,0.5758291953144894,0.5161158286158286,0.3135643176657839,0.489461402862748,262109,2359,2571,0.0090000724889263,0.009808896298868,258540,1210,998,1361
P1,sen1floods11,unet,F2,37,USA_170264,USA,0.3860025107860565,0.9509421586990356,5.960464477539062e-07,0.0009538647718727,0.1539975896617782,0.3695076508263979,0.6513198810992928,0.7434887416505064,0.693394840453664,0.6960678210678211,0.1539975896617782,0.4872736212066991,261982,43535,38997,0.1661755387774732,0.1488537380430716,214690,3757,8295,35240
P1,sen1floods11,unet,F2,37,USA_179917,USA,0.1769885569810867,0.6463097929954529,2.384185791015625e-07,0.0002897394588217,0.2270117394811701,0.9542867113173552,0.2973399149869738,0.2917297163620693,0.3576809220191573,0.3155835177894001,0.2270117394811701,0.4656769003592085,262094,511,603,0.0019496821750974,0.002300701275115,261374,209,117,394
P1,sen1floods11,unet,F2,37,USA_181263,USA,0.445202887058258,0.9884850978851318,2.264976501464844e-06,0.0010126141132786,0.4985044520816744,0.6979942494136016,0.8191483761336702,0.8206872784078666,0.7989534974829092,0.8129297173414821,0.4985044520816744,0.6470499422491427,207499,1065,13440,0.005132554855686,0.0647713964886577,193875,12559,184,881
P1,sen1floods11,unet,F2,37,USA_181503,USA,0.4514387547969818,0.990889608860016,2.264976501464844e-06,0.0014748203102499,0.5512310921798265,0.5015120248472817,0.8295821825233589,0.8990525405966583,0.8668849532820121,0.865173225467343,0.5512310921798265,0.6171032167479593,262115,1194,35210,0.0045552524655208,0.1343303511817332,226740,34181,165,1029
P1,sen1floods11,unet,F2,37,USA_19225,USA,0.3160946667194366,0.8735073804855347,4.76837158203125e-07,0.0006981773185543,0.4037379413389838,0.7821462521277405,0.5390828534210887,0.6045431284401872,0.6458051752169399,0.5964770523594053,0.4037379413389838,0.4922927441920398,262122,1391,5077,0.0053066892515698,0.0193688435156148,256771,3960,274,1117
P1,sen1floods11,unet,F2,37,USA_198411,USA,0.4058943092823028,0.9656752943992616,2.0384788513183597e-05,0.0009927264181897,0.2409855193576141,0.4861717886394787,0.8311076178723238,0.7668458991988403,0.864754118430589,0.8209025451672511,0.2409855193576141,0.5838014106905391,84222,8737,9505,0.1037377407328251,0.1128564983021063,72680,2805,2037,6700
P1,sen1floods11,unet,F2,37,USA_211406,USA,0.3754705786705017,0.9382823705673218,2.384185791015625e-07,0.00056676188251,0.4647068418261878,0.7251678448124952,0.5170974858474858,0.6688587148145971,0.5150523496111732,0.5670028500910854,0.4647068418261878,0.5077873458778877,262101,1130,8482,0.0043113151037195,0.0323615705396011,253368,7603,251,879
P1,sen1floods11,unet,F2,37,USA_217598,USA,0.4604968726634979,0.9940037727355956,9.238719940185549e-06,0.0016429874813184,0.3966516399481486,0.3168699002518105,0.9021334058098764,0.9258033633033632,0.9319161230925936,0.9199509640686112,0.3966516399481486,0.6059840867821271,257297,45251,78018,0.1758706864052048,0.3032215688484514,171087,40959,8192,37059
P1,sen1floods11,unet,F2,37,USA_224165,USA,0.2158201336860656,0.7331750988960266,2.384185791015625e-07,0.0002434694033581,0.380046229934264,0.9754228071172472,0.3505067236684883,0.2983199398640574,0.3111043368396309,0.3199770001240589,0.380046229934264,0.5320889778597611,262126,161,405,0.0006142084341118,0.0015450584833248,261670,295,51,110
P1,sen1floods11,unet,F2,37,USA_225017,USA,0.3608531951904297,0.9280186295509338,2.980232238769531e-07,0.0007634059875272,0.175529069595381,0.5296393893476732,0.5271572789955143,0.6836760053671819,0.5755163953693365,0.595449893244011,0.175529069595381,0.4623531930443995,262138,16780,17385,0.0640120852375466,0.0663200299079111,241748,3610,3005,13775
P1,sen1floods11,unet,F2,37,USA_231124,USA,0.3275156617164612,0.8912906646728516,6.198883056640625e-06,0.0006831501377746,0.4678800238977605,0.8550671456329132,0.7001197332079685,0.6082753031282443,0.7957569391392921,0.7013839918251682,0.4678800238977605,0.5945826162664269,129409,3839,1469,0.0296656337658122,0.0113516061479495,124575,995,3365,474
P1,sen1floods11,unet,F2,37,USA_232060,USA,0.3570992648601532,0.9236942529678344,8.940696716308594e-07,0.0006701209349557,0.4175984481081657,0.8339882189498671,0.6524933399933399,0.6677764637323461,0.6886293853205618,0.6696330630154158,0.4175984481081657,0.5898821745249027,262127,1713,4606,0.0065350002098219,0.0175716351234325,256779,3635,742,971
P1,sen1floods11,unet,F2,37,USA_251323,USA,0.2864321768283844,0.8309406042098999,2.384185791015625e-07,0.0004143550468143,0.4553807586288512,0.8489578634480333,0.3963205911735323,0.4856815978139508,0.4526521272844802,0.4448847720906544,0.4553807586288512,0.4598299299177287,261038,695,3154,0.0026624476129912,0.0120825320451428,257543,2800,341,354
P1,sen1floods11,unet,F2,37,USA_260929,USA,0.3112819194793701,0.8650003671646118,3.5762786865234375e-07,0.0006126930820755,0.3609621006984109,0.7784026383768499,0.4884747605335841,0.5867563808740279,0.5907021899668958,0.5553111104581693,0.3609621006984109,0.46984152776255,262134,5020,5224,0.0191505108074496,0.0199287387366766,254250,2864,2660,2360
P1,sen1floods11,unet,F2,37,USA_275372,USA,0.3052863776683807,0.8497419357299805,4.172325134277344e-07,0.000606894143857,0.4298351594261436,0.7918909391782263,0.4952878004348592,0.5696631799572975,0.6109319601966661,0.558627646862941,0.4298351594261436,0.4736280503109406,262138,2722,4729,0.0103838436243505,0.0180401162746339,255720,3696,1689,1033
P1,sen1floods11,unet,F2,37,USA_308150,USA,0.4190923869609833,0.9739179015159608,3.5762786865234375e-07,0.0012367941671982,0.4465329807554236,0.6303237332457152,0.6299521556874499,0.807769436445907,0.6702378503849091,0.7026531475060888,0.4465329807554236,0.5526448069521932,262027,2907,14975,0.0110942765440202,0.0571505989840741,246573,12547,479,2428
P1,sen1floods11,unet,F2,37,USA_347609,USA,0.4560528695583343,0.992593228816986,2.384185791015625e-06,0.0009643053635954,0.5394257350311211,0.5367793670899623,0.8400159889130476,0.8292828495034377,0.7962968404144875,0.8218652262769909,0.5394257350311211,0.6255553633888673,204416,1642,26230,0.0080326393237319,0.1283167658108954,177775,24999,411,1231
P1,sen1floods11,unet,F2,37,USA_348639,USA,0.4057210981845855,0.9658535718917848,1.1920928955078125e-06,0.0011273418786004,0.2291435492539619,0.4337178398622182,0.7231273628332451,0.7868393861040919,0.776767350296762,0.7622446997446998,0.2291435492539619,0.5435632897646063,262118,27154,31734,0.1035945642802096,0.1210676107707215,225372,9592,5012,22142
P1,sen1floods11,unet,F2,37,USA_350244,USA,0.3255208432674408,0.8831454515457153,5.960464477539064e-08,0.0006643054657615,0.4557482095030641,0.8137757108969312,0.3017031987620222,0.606381363734305,0.3992343440872853,0.4357729688612041,0.4557482095030641,0.4278559461991466,262120,1285,4616,0.0049023348084846,0.0176102548451091,256788,4047,716,569
P1,sen1floods11,unet,F2,37,USA_354981,USA,0.3594648540019989,0.9246748685836792,5.364418029785156e-07,0.0010796596761792,0.4257323474980982,0.7671411730764786,0.6097248339895399,0.7282827466650996,0.7026906916612798,0.6802327574386399,0.4257323474980982,0.5440534097502087,262011,1724,6493,0.0065798764174023,0.0247814023075367,254993,5294,525,1199
P1,sen1floods11,unet,F2,37,USA_366607,USA,0.4332983791828155,0.982970654964447,2.443790435791016e-06,0.0010572642786428,0.1892485708442074,0.2965116008593698,0.8114269309122251,0.8147483643807173,0.8141392920804685,0.8134381957911371,0.1892485708442074,0.5526430632001567,262139,49325,64612,0.1881635315614998,0.246479920957965,195551,17263,1976,47349
P1,sen1floods11,unet,F2,37,USA_375183,USA,0.3510292768478393,0.9157295823097228,5.364418029785156e-07,0.0008999723359011,0.3333416835878029,0.729056734590839,0.5807336046306635,0.6699262747056864,0.6733254490607432,0.641328442799031,0.3333416835878029,0.5102021567646543,262065,6518,7246,0.0248716921374468,0.0276496289088584,251933,3614,2886,3632
P1,sen1floods11,unet,F2,37,USA_387945,USA,0.2972241044044494,0.852450430393219,2.384185791015625e-07,0.0005641802563332,0.3632393664393848,0.6970494820514899,0.410493305713894,0.5622545346810053,0.5150523496111732,0.4959333966686908,0.3632393664393848,0.4158580758040388,262139,13453,7249,0.0513201011677011,0.0276532679227432,246401,2285,8489,4964
P1,sen1floods11,unet,F2,37,USA_430764,USA,0.328703224658966,0.8915597796440125,5.364418029785156e-07,0.0005904845893383,0.3315628322799401,0.6948751912898167,0.5513616285675109,0.5963784989520283,0.6291496493702377,0.5922965922965923,0.3315628322799401,0.4769175172282607,262137,15439,8385,0.0588966837951147,0.0319870907197381,244859,1839,8893,6546
P1,sen1floods11,unet,F2,37,USA_438959,USA,0.4695839285850525,0.9964420795440674,5.543231964111328e-06,0.0016643124399706,0.537225849211403,0.4610103139686796,0.9137474045562282,0.9526098901098902,0.9167235950324186,0.9276936298995124,0.537225849211403,0.6611557913323614,253900,6303,53479,0.024824734147302,0.2106301693580149,200358,47239,63,6240
P1,sen1floods11,unet,F2,37,USA_486103,USA,0.4526163339614868,0.991334855556488,7.152557373046875e-07,0.0015856168465688,0.5260811089430302,0.5448011549699487,0.755275974025974,0.9038602329043506,0.7973864370923194,0.8188408813408813,0.5260811089430302,0.5986916310463142,262060,7242,28870,0.0276348927726474,0.1101656109287949,228277,26541,4913,2329
P1,sen1floods11,unet,F2,37,USA_504150,USA,0.2532402575016022,0.7913744449615479,7.152557373046875e-07,0.0004820972681045,0.2040502681061855,0.852215038036858,0.5131167851756087,0.4920636961078137,0.6277490891461479,0.5443098568098568,0.2040502681061855,0.4948262213616004,262126,3262,2909,0.0124443969693963,0.011097716365412,258264,600,953,2309
P1,sen1floods11,unet,F2,37,USA_519181,USA,0.2980669438838959,0.8519302010536194,3.5762786865234375e-07,0.0006018761196173,0.332661373423625,0.8425974770001394,0.4732197949109714,0.5678249446631799,0.5870257193786605,0.5426901529842706,0.332661373423625,0.487037262035207,262127,2152,3521,0.0082097609174178,0.0134324201627455,257910,2065,696,1456
P1,sen1floods11,unet,F2,37,USA_527077,USA,0.3220898807048797,0.8841916918754578,1.2516975402832031e-06,0.0007285774918273,0.3506577683966969,0.8679427585189032,0.6109527727174786,0.6118960696166578,0.7139986239250945,0.6456158220864103,0.3506577683966969,0.5765921311179604,262127,1646,3144,0.0062793989173187,0.0119941860243317,258466,2015,517,1129
P1,sen1floods11,unet,F2,37,USA_58086,USA,0.4639395773410797,0.9950044751167296,7.510185241699219e-06,0.0016246708109974,0.4602062677004297,0.4075523752395573,0.902189109909698,0.9276973026973028,0.9204625031830914,0.9167829719300308,0.4602062677004297,0.6407790767088098,262112,15894,59975,0.0606382004639238,0.2288143999511659,201912,44306,225,15669
P1,sen1floods11,unet,F2,37,USA_595451,USA,0.4079381823539734,0.9671958684921264,1.6093254089355469e-06,0.0010193204507231,0.4309115743233281,0.2971493789463266,0.7402695343871815,0.7734918268006503,0.7768854919590213,0.7635489510489512,0.4309115743233281,0.5107843002531115,262136,20531,54131,0.0783219397564622,0.2064996795556505,204781,36824,3224,17307
P1,sen1floods11,unet,F2,37,USA_604222,USA,0.3763363659381866,0.9425187706947328,7.152557373046875e-07,0.0006936986465007,0.3963632365186871,0.7003744818860762,0.6598530146324264,0.6892464153493565,0.6781955789308731,0.6757650029708854,0.3963632365186871,0.5513483467947815,262123,6641,10008,0.0253354341282527,0.0381805488263143,248763,6719,3352,3289
P1,sen1floods11,unet,F2,37,USA_605492,USA,0.3444189429283142,0.9102493524551392,2.384185791015625e-07,0.0007910975837148,0.5033835652741456,0.5168198388018479,0.4636601143954085,0.649926054337819,0.5495570605864724,0.5543810764399,0.5033835652741456,0.4242494165753941,262125,3031,17594,0.0115631855030996,0.0671206485455412,242721,16373,1810,1221
P1,sen1floods11,unet,F2,37,USA_638521,USA,0.4284254014492035,0.979979693889618,5.364418029785156e-07,0.0013048710534349,0.5035545590806402,0.5477611513268323,0.6835988766135825,0.8318770690094219,0.7324109713815596,0.7492956390015214,0.5035545590806402,0.5546331057584999,262141,5164,23080,0.0196993221205381,0.0880442204767663,236100,20877,2961,2203
P1,sen1floods11,unet,F2,37,USA_646878,USA,0.3109956085681915,0.8732550740242004,1.788139343261719e-07,0.0008497820235788,0.3824913257419324,0.8641008401486681,0.3806836545807134,0.6187158429805488,0.5015786909169262,0.5003260628260628,0.3824913257419324,0.4954157790541984,252297,2424,2700,0.0096077242297768,0.0107016730282167,248189,1684,1408,1016
P1,sen1floods11,unet,F2,37,USA_652955,USA,0.3438709080219269,0.9111040234565736,5.960464477539062e-07,0.0005251961993053,0.2915594865222797,0.6522087250534395,0.5826275440246028,0.607901289886584,0.6264997257644316,0.6056761865585395,0.2915594865222797,0.4946369598912566,262141,8527,10410,0.0325282958407879,0.0397114529966697,249038,4576,2693,5834
P1,sen1floods11,unet,F2,37,USA_655230,USA,0.3241041004657745,0.875950813293457,2.384185791015625e-07,0.0004738982534036,0.4411515620800378,0.8085113640004393,0.4323941989383165,0.5511204481792717,0.482017369885017,0.4885106723342017,0.4411515620800378,0.4626203102525846,262129,1145,4486,0.0043680783125865,0.0171137111880028,257164,3820,479,666
P1,sen1floods11,unet,F2,37,USA_66026,USA,0.327853798866272,0.8837298154830933,1.788139343261719e-07,0.0005055696237832,0.4412287843924899,0.7925590701982796,0.3861983604630663,0.5681512115335645,0.4454993535875889,0.4666163085280732,0.4412287843924899,0.447492637338099,262141,987,5173,0.0037651492898859,0.019733654788835,256716,4438,252,735
P1,sen1floods11,unet,F2,37,USA_664261,USA,0.3183041512966156,0.8757863640785217,4.172325134277344e-07,0.0006215191096998,0.2698855074253017,0.7023692798322565,0.5190269289533995,0.5952405437699555,0.6127701954907836,0.5756792227380462,0.2698855074253017,0.4660984347851705,262087,4815,7682,0.01837176204848,0.029310877685654,253628,3644,777,4038
P1,sen1floods11,unet,F2,37,USA_66511,USA,0.2075133919715881,0.7106547355651855,2.384185791015625e-07,0.0003205307293683,0.4662462910061375,0.9518138223258216,0.3211414810679516,0.3408527746763041,0.3830024142524142,0.3483322233322233,0.4662462910061375,0.4779783926900012,262136,2727,785,0.0104029969176305,0.0029946287423322,258881,528,2470,257
P1,sen1floods11,unet,F2,37,USA_670826,USA,0.2716069221496582,0.8128294348716736,1.1920928955078125e-07,0.0004030400596093,0.4678746226224572,0.8594363581984572,0.3142592701416231,0.4704823362911598,0.3665323646941294,0.3837579903756374,0.4678746226224572,0.4467481704388796,262132,3010,2827,0.0114827644087711,0.010784642851693,256743,2379,2562,448
P1,sen1floods11,unet,F2,37,USA_67102,USA,0.3651867210865021,0.9301592111587524,1.1920928955078125e-07,0.0006084705237299,0.2040010460131057,0.5818936940913693,0.4276275195392842,0.66512654012654,0.4478083191318485,0.5135207929325576,0.2040010460131057,0.4353362749938421,262091,9491,13848,0.0362126131763395,0.052836610185012,247631,4969,612,8879
P1,sen1floods11,unet,F2,37,USA_693819,USA,0.3923531174659729,0.9545171856880188,3.5762786865234375e-07,0.000874945661053,0.4386734351666687,0.7433400169838655,0.600593646549529,0.7338041860100684,0.6256311090869915,0.653342980548863,0.4386734351666687,0.5501337328119122,262104,2454,8133,0.0093626957238348,0.0310296676128559,252918,6732,1053,1401
P1,sen1floods11,unet,F2,37,USA_741073,USA,0.4671900272369385,0.9958717226982116,1.704692840576172e-05,0.0019371767994016,0.6366904639845105,0.3552298441788407,0.9326231366672544,0.9651390276390276,0.9615317280758456,0.9530979641273758,0.6366904639845105,0.6373810446336858,262115,3375,83617,0.0128760276977662,0.3190088320012208,178307,80433,191,3184
P1,sen1floods11,unet,F2,37,USA_741178,USA,0.3337028920650482,0.8949755430221558,3.5762786865234375e-07,0.0006157819298096,0.4307654516334946,0.8379459649152422,0.5092376985759339,0.6075193189163777,0.5907021899668958,0.5691530691530692,0.4307654516334946,0.5160989431390107,262117,1446,3981,0.0055166204404903,0.0151878741172835,257413,3258,723,723
P1,sen1floods11,unet,F2,37,USA_758178,USA,0.3579684495925903,0.9221236109733582,1.788139343261719e-07,0.0006302436231635,0.4595700114389633,0.7702675957594023,0.4456995210671681,0.6639885849444672,0.4818355663943899,0.5305078908020083,0.4595700114389633,0.4882486391188778,262133,1617,6407,0.0061686243242933,0.0244417909992255,254876,5640,850,767
P1,sen1floods11,unet,F2,37,USA_761032,USA,0.3918128609657287,0.9537286162376404,2.980232238769531e-07,0.0008767201798036,0.3970100146225988,0.5834622608774751,0.5638821962351375,0.7338041860100684,0.5889196587726,0.6288686803392686,0.3970100146225988,0.4983583340314143,262125,12117,15037,0.0462260371959942,0.0573657606103958,240697,9311,6391,5726
P1,sen1floods11,unet,F2,37,USA_770353,USA,0.424611896276474,0.9781513810157776,5.960464477539062e-07,0.001037445035763,0.2322935606349216,0.383194829037276,0.6873310513016395,0.793610188830777,0.707505117431588,0.7294821191880015,0.2322935606349216,0.5260642785159657,262141,34427,42359,0.1313300857172285,0.1615886107095036,214572,13142,5210,29217
P1,sen1floods11,unet,F2,37,USA_778194,USA,0.4585415124893188,0.9933927059173584,2.6226043701171875e-06,0.0016686802264302,0.5638828974814989,0.4155488499898072,0.8467176206146794,0.9191017316017316,0.8832019695990285,0.8830071072718132,0.5638828974814989,0.618835482646824,262070,3838,54687,0.0146449421910176,0.2086732552371503,207344,50888,39,3799
P1,sen1floods11,unet,F2,37,USA_788696,USA,0.434730976819992,0.983741581439972,2.086162567138672e-06,0.000850114331115,0.1498257866540504,0.1716260287674782,0.8009931245225363,0.7758234412646178,0.7647805625746802,0.7805323761206114,0.1498257866540504,0.5056010955134502,262126,111448,123985,0.4251695749372439,0.4729977186543876,133898,16780,4243,107205
P1,sen1floods11,unet,F2,37,USA_806273,USA,0.3683717548847198,0.9317303895950316,2.384185791015625e-07,0.0008201910532079,0.4656700389038173,0.6156994827590205,0.5060123699829583,0.6922783099253688,0.5495570605864724,0.5826159134982665,0.4656700389038173,0.4741266725143815,262131,5787,12344,0.0220767478855991,0.047090958337625,245987,10357,3800,1987
P1,sen1floods11,unet,F2,37,USA_826217,USA,0.4323820173740387,0.9822719097137452,2.384185791015625e-07,0.0011570516508072,0.4486045131613986,0.5447233563332468,0.5876635619282679,0.8281516277839808,0.6037791864997748,0.6731981254040078,0.4486045131613986,0.5275359963046093,262126,4498,22337,0.0171596865629506,0.085214744054386,239301,18327,488,4010
P1,sen1floods11,unet,F2,37,USA_831672,USA,0.4265824258327484,0.9790858626365662,5.960464477539062e-07,0.0014771841233596,0.3459044152673205,0.5034690516253616,0.69030724177783,0.8578719075042605,0.7687906456288809,0.7723232649703237,0.3459044152673205,0.5503287579118147,262116,20957,26151,0.0799531505135131,0.0997688046513757,228251,12908,7714,13243
P1,sen1floods11,unet,F2,37,USA_84195,USA,0.3042476177215576,0.8573950529098511,1.0132789611816406e-06,0.0007620396791025,0.2934949876120047,0.7332790589389148,0.5835371736107029,0.5986531850502439,0.7169191103014632,0.6330364896541366,0.2934949876120047,0.4848199546959055,262137,3811,6646,0.0145381994911057,0.0253531550296219,254820,3506,671,3140
P1,sen1floods11,unet,F2,37,USA_86502,USA,0.4591951370239258,0.993484914302826,5.960464477539062e-07,0.0003822779690381,0.5583764477439102,0.8251546878701557,0.7419216812599165,0.6905257732463614,0.5498300718888953,0.6607591754650578,0.5583764477439102,0.6685004149520404,262132,66362,8401,0.2531625288022828,0.0320487388033509,195143,627,58588,7774
P1,sen1floods11,unet,F2,37,USA_905409,USA,0.4571439027786255,0.9929640293121338,3.039836883544922e-06,0.0012103102635592,0.3380096530455674,0.2850827294145515,0.8437481636011048,0.8605285645726821,0.831274730171789,0.8451838194485254,0.3380096530455674,0.57684346027202,262099,44467,85214,0.1696572669105948,0.3251214235842182,176478,41154,407,44060
P1,sen1floods11,unet,F2,37,USA_908474,USA,0.4505754709243774,0.990655779838562,2.384185791015625e-06,0.0012658366467803,0.5555489111214569,0.5162612160939832,0.8343898748310512,0.8664117745000097,0.8390518794930559,0.8466178429413723,0.5555489111214569,0.6228297100821039,262071,1846,34013,0.0070438926855699,0.1297854398235592,226935,33290,1123,723
P1,sen1floods11,unet,F2,37,USA_933610,USA,0.4384221136569977,0.9853398203849792,1.7881393432617188e-06,0.0012731634778901,0.4717639382695124,0.5342981501566982,0.7856959217253335,0.8415548911872441,0.8152148097001038,0.8141552075375605,0.4717639382695124,0.5946849427610801,262027,3823,25566,0.0145900994935636,0.0975700977380193,236291,21913,170,3653
P1,sen1floods11,unet,F2,37,USA_955053,USA,0.439123660326004,0.9857612252235411,2.264976501464844e-06,0.001179503975436,0.4028068993223829,0.2980005333338765,0.8047252992105933,0.8281516277839808,0.8208409237821003,0.8179059502588913,0.4028068993223829,0.5509002544839325,262140,35838,70099,0.1367132066834515,0.2674105439841306,186096,40206,5945,29893
P1,sen1floods11,unet,F2,37,USA_986268,USA,0.1969438791275024,0.6774061918258667,1.1920928955078125e-07,0.0003682400856632,0.3938993501549689,0.8382613415175072,0.230589263677499,0.3613531076766371,0.3410731425437308,0.3110051712992889,0.3938993501549689,0.3526300878422589,262123,9092,2408,0.0346860061879346,0.0091865269358278,252844,187,6871,2221
P1,sen1floods11,unet,F2,37,USA_994009,USA,0.4304568171501159,0.9809769988059998,1.1920928955078125e-06,0.001252198126167,0.4904321498136187,0.612033804745173,0.7529302805038098,0.8300455671779201,0.7901706137000254,0.7910488204605851,0.4904321498136187,0.5933231072198952,262018,1897,17769,0.0072399606133929,0.0678159515758459,243860,16261,389,1508
P1,sen1floods11,unet,F2,71,Ghana_103272,GHA,0.1041548326611518,0.4385023117065429,0.0001674890518188,0.0001862028293544,0.2424471443225622,0.7591934421776223,0.4698163356251591,0.1337663561928267,0.5482079195314489,0.3839302037831449,0.2424471443225622,0.2477060371079068,259269,1558,2464,0.0060092027970949,0.0095036429345583,256623,1088,182,1376
P1,sen1floods11,unet,F2,71,Ghana_1033830,GHA,0.4420477747917175,0.9870486259460448,9.900331497192384e-05,0.0011835652403533,0.4052246252386904,0.3252875280580483,0.7006737135413605,0.880689163777399,0.7451990411549234,0.7755206394912276,0.4052246252386904,0.5357809421216208,233229,96811,46074,0.4150898901937581,0.1975483323257399,135791,627,51364,45447
P1,sen1floods11,unet,F2,71,Ghana_1078550,GHA,0.0756604075431823,0.3814336955547333,0.0001325607299804,0.0001298615534324,0.4976982618932244,0.9982073678488372,0.3794569401187048,0.0249193208752032,0.3872965270024093,0.2638909293321058,0.4976982618932244,0.4437114460891911,262144,1407,17,0.0053672790527343,6.4849853515625e-05,260734,3,1393,14
P1,sen1floods11,unet,F2,71,Ghana_1089161,GHA,0.089724563062191,0.409040629863739,0.0006909370422363,0.0001677702675806,0.1701498156555773,0.7754975569053593,0.51415924761513,0.0877786429257017,0.5676670143581908,0.3898683016330075,0.1701498156555773,0.2477056252463286,236164,2907,2070,0.0123092427296285,0.0087650954421503,233173,84,921,1986
P1,sen1floods11,unet,F2,71,Ghana_11745,GHA,0.066658891737461,0.3508446514606476,0.000132143497467,0.0001164382338174,0.0,0.999999999990544,0.3709170731229554,0.0,0.3709170731229554,0.2472780487486369,0.0,0.4634210457106517,262144,0,0,0.0,0.0,262144,0,0,0
P1,sen1floods11,unet,F2,71,Ghana_124834,GHA,0.0724625065922737,0.3717759847640991,7.450580596923828e-05,0.0001206973538501,0.0,0.9999999999907369,0.1610791169614699,0.008595571095571,0.1562714246537776,0.1086487042369395,0.0,0.4581834335278052,262144,0,0,0.0,0.0,262144,0,0,0
P1,sen1floods11,unet,F2,71,Ghana_128663,GHA,0.11082474142313,0.447376549243927,0.000165581703186,0.0006244824617169,0.5034380034113521,0.8622344398289007,0.4795008912655971,0.3830507727566551,0.7878077804548393,0.5501198148256972,0.5034380034113521,0.300631221203223,168848,0,1161,0.0,0.0068760068227044,167687,1161,0,0
P1,sen1floods11,unet,F2,71,Ghana_132163,GHA,0.0950364992022514,0.4209764003753662,0.0001809000968933,0.0001852109562605,0.5018561360090386,0.8781704318593541,0.4704052075375605,0.1232144081408787,0.5555608607079195,0.3830601587954529,0.5018561360090386,0.2893222966073225,55761,0,207,0.0,0.0037122720180771,55554,207,0,0
P1,sen1floods11,unet,F2,71,Ghana_134751,GHA,0.2286342978477478,0.7388851642608643,0.0001677274703979,0.0026624009478837,0.5110585986246449,0.7905684444434284,0.6361855056707998,0.6940565561889092,0.9421289494818906,0.7574570037805332,0.5110585986246449,0.4309594149422936,37663,0,833,0.0,0.0221171972492897,36830,833,0,0
P1,sen1floods11,unet,F2,71,Ghana_135389,GHA,0.2752161622047424,0.8154333829879761,0.0004383325576782,0.0036271943245083,0.5216218936852286,0.7199045751391693,0.7476053358406299,0.7505815263168204,0.9970238095238096,0.83173689056042,0.5216218936852286,0.4698035183124414,24624,252,906,0.0102339181286549,0.0367933723196881,23470,902,248,4
P1,sen1floods11,unet,F2,71,Ghana_141271,GHA,0.0807142406702041,0.3999951183795929,0.000150442123413,0.0001357840374112,0.5031204223632812,0.9999999999910476,0.4343315997727762,0.0450933870051517,0.4489419893831659,0.3094556587203645,0.5031204223632812,0.4836112067125545,262144,1636,0,0.0062408447265625,0.0,260508,0,1636,0
P1,sen1floods11,unet,F2,71,Ghana_141910,GHA,0.4509505331516266,0.9907180666923524,4.220008850097656e-05,0.0012566521763801,0.5075257568319675,0.2053674568569707,0.4593806928365752,0.904796796340914,0.4872627372627373,0.6171467421467421,0.5075257568319675,0.4923741817380828,262144,70650,125523,0.2695083618164062,0.4788322448730469,121618,69876,15003,55647
P1,sen1floods11,unet,F2,71,Ghana_142312,GHA,0.0896962881088256,0.4241624176502228,0.0001579523086547,0.0001396764855599,0.0,0.999999999991238,0.4466660790190202,0.0526134404810875,0.4574328857417093,0.3189041350806057,0.0,0.491583282662965,262144,0,0,0.0,0.0,262144,0,0,0
P1,sen1floods11,unet,F2,71,Ghana_144050,GHA,0.0846422910690307,0.4116418957710266,0.0001291632652282,0.0001345976052107,0.0,0.9999999999911976,0.3869702601320248,0.0421729006287829,0.3910844057902881,0.2734091888503653,0.0,0.4846539407117803,23551,0,0,0.0,0.0,23551,0,0,0
P1,sen1floods11,unet,F2,71,Ghana_146222,GHA,0.0591153614223003,0.3226723372936249,0.0003640055656433,0.0001061159928212,0.0,0.9999999999903166,0.4970238095238095,0.0,0.4970238095238095,0.3313492063492063,0.0,0.4705069742271678,181656,0,0,0.0,0.0,181656,0,0,0
P1,sen1floods11,unet,F2,71,Ghana_147015,GHA,0.1037249416112899,0.4629271328449249,0.0001994371414184,0.0001728323113638,0.5021783891279772,0.9959943218708022,0.5169762835204013,0.1303537149125384,0.5472780895575013,0.3982026959968137,0.5021783891279772,0.4774454635688547,262144,3530,44,0.0134658813476562,0.0001678466796875,258602,12,3498,32
P1,sen1floods11,unet,F2,71,Ghana_154838,GHA,0.0673634260892868,0.3540653884410858,6.979703903198242e-05,0.0001104154944187,0.0,0.9999999999905618,0.1369647509353391,0.0,0.1369647509353391,0.0913098339568927,0.0,0.4502752814270936,42107,0,0,0.0,0.0,42107,0,0,0
P1,sen1floods11,unet,F2,71,Ghana_156478,GHA,0.0652782842516899,0.3459177613258362,0.0001503825187683,0.0001126689094235,0.0,0.999999999990503,0.4190901010753952,0.0,0.4190901010753952,0.2793934007169301,0.0,0.4661278847125752,262144,0,0,0.0,0.0,262144,0,0,0
P1,sen1floods11,unet,F2,71,Ghana_161233,GHA,0.2465956658124923,0.7868982553482056,0.0001336336135864,0.0005405018455348,0.522463002114165,0.9095453349325806,0.6111204971499089,0.5613314381696735,0.7017853470059352,0.6247457607751725,0.522463002114165,0.5304397103211271,1892,0,85,0.0,0.0449260042283298,1807,85,0,0
P1,sen1floods11,unet,F2,71,Ghana_167233,GHA,0.0690585821866989,0.3600803315639496,0.0001828670501708,0.0001175498255179,0.0,0.999999999990636,0.4610536522301228,0.008595571095571,0.4562459599224305,0.3086317277493748,0.0,0.4750389812515384,262144,0,0,0.0,0.0,262144,0,0,0
P1,sen1floods11,unet,F2,71,Ghana_168875,GHA,0.0550236068665981,0.3064127564430237,0.0074555873870849,0.0001039679991663,0.0,0.999999999990208,0.5,0.0,0.5,0.3333333333333333,0.0,0.4706742061575763,41796,0,0,0.0,0.0,41796,0,0,0
P1,sen1floods11,unet,F2,71,Ghana_187318,GHA,0.0705448538064956,0.3640430867671966,0.0001789927482604,0.0001153170669567,0.0,0.999999999990634,0.4580774617539323,0.0067016317016317,0.4513758300523006,0.3053849745026215,0.0,0.4748717493211299,262144,0,0,0.0,0.0,262144,0,0,0
P1,sen1floods11,unet,F2,71,Ghana_194723,GHA,0.0689694359898567,0.3556389808654785,0.0010793209075927,0.0001234204246429,0.5011812352345595,0.9855901147360668,0.5,0.0067016317016317,0.5067016317016317,0.3378010878010878,0.5011812352345595,0.3807244455072807,47408,0,112,0.0,0.0023624704691191,47296,112,0,0
P1,sen1floods11,unet,F2,71,Ghana_247288,GHA,0.3646667897701263,0.929953932762146,5.328655242919922e-05,0.001275299815461,0.4687257158215754,0.298873858739201,0.4083783863195628,0.8191416426710545,0.5219155844155844,0.5831452044687339,0.4687257158215754,0.4466619308390568,40174,26650,20072,0.663364365012197,0.4996266241847961,10790,2734,9312,17338
P1,sen1floods11,unet,F2,71,Ghana_24858,GHA,0.0642966777086258,0.3404951393604278,0.0009994506835937,0.0001176487057819,0.4850578270739414,0.9957815900802068,0.4970238095238095,0.0018939393939393,0.4989177489177489,0.3326118326118326,0.4850578270739414,0.4274066273555602,262144,484,36,0.0018463134765625,0.0001373291015625,261640,20,468,16
P1,sen1floods11,unet,F2,71,Ghana_264787,GHA,0.0626658052206039,0.3363479077816009,0.0007604360580444,0.0001082184899132,0.0,0.9999999999904068,0.4970238095238095,0.0,0.4970238095238095,0.3313492063492063,0.0,0.4705069742271678,181975,0,0,0.0,0.0,181975,0,0,0
P1,sen1floods11,unet,F2,71,Ghana_308249,GHA,0.1398251801729202,0.5229559540748596,8.404254913330078e-05,0.0003076507127843,0.2850129472956233,0.7037812224876638,0.3120286576168929,0.3227740396858044,0.4392102995044171,0.3580043322690381,0.2850129472956233,0.2932202275547819,262144,8030,3778,0.0306320190429687,0.0144119262695312,253986,128,4380,3650
P1,sen1floods11,unet,F2,71,Ghana_313799,GHA,0.1076976135373115,0.4534385800361633,0.0001759529113769,0.0001585365243954,0.5185425333834464,0.9661941671451978,0.4946934193257723,0.1016820189614307,0.5022759103641458,0.3662171162171162,0.5185425333834464,0.3932612716645398,244464,14933,340,0.0610846586818509,0.0013907978270829,229530,1,14594,339
P1,sen1floods11,unet,F2,71,Ghana_319168,GHA,0.399657130241394,0.9619564414024352,8.988380432128906e-05,0.0005903004785068,0.3727091853412618,0.4353120902965648,0.6192239133415604,0.7279577040606453,0.5713716430628195,0.6395177534883417,0.3727091853412618,0.5216146030534916,171624,39521,16935,0.2302766512842027,0.0986750104880436,131516,587,23173,16348
P1,sen1floods11,unet,F2,71,Ghana_359826,GHA,0.1318895667791366,0.528744637966156,0.0001304149627685,0.0002237275912193,0.3321971080683378,0.8802593697192929,0.4713631956279015,0.2699255401461284,0.5344441098117569,0.4252442818619289,0.3321971080683378,0.3735718465613132,262144,3496,1273,0.013336181640625,0.0048561096191406,258597,51,2274,1222
P1,sen1floods11,unet,F2,71,Ghana_362274,GHA,0.2667828202247619,0.7961245775222778,8.89897346496582e-05,0.0003410907520446,0.3017729481909994,0.5688433699554637,0.4733538520303226,0.4815050145932499,0.4707890149066619,0.4752159605100781,0.3017729481909994,0.4028416196663138,259407,18364,8610,0.0707922299706638,0.0331910858226647,240654,389,10143,8221
P1,sen1floods11,unet,F2,71,Ghana_406026,GHA,0.1286375820636749,0.5303612351417542,7.82012939453125e-05,0.0002548618649598,0.0937272300601586,0.6494653001177568,0.282670148478972,0.2920559832324538,0.3678815057491528,0.3142025458201929,0.0937272300601586,0.2865889207595942,262144,4305,4408,0.0164222717285156,0.016815185546875,257346,493,390,3915
P1,sen1floods11,unet,F2,71,Ghana_45911,GHA,0.0582123175263404,0.318539559841156,0.0019781589508056,0.0001020173585857,0.0,0.9999999999902788,0.5,0.0,0.5,0.3333333333333333,0.0,0.4706742061575763,29269,0,0,0.0,0.0,29269,0,0,0
P1,sen1floods11,unet,F2,71,Ghana_495107,GHA,0.1019055694341659,0.4605380892753601,4.476308822631836e-05,0.0001639422407606,0.5034496479164456,0.9969657030545286,0.0728432107108577,0.1102286194197958,0.0830199212552153,0.0886972504619563,0.5034496479164456,0.4542127139138831,262144,3959,32,0.0151023864746093,0.0001220703125,258185,0,3927,32
P1,sen1floods11,unet,F2,71,Ghana_49890,GHA,0.0710682123899459,0.3675860166549682,8.440017700195312e-05,0.0001205912631121,0.0,0.9999999999907784,0.2228280298133239,0.008595571095571,0.2180203375056316,0.1498146461381755,0.0,0.4616531005331426,262144,0,0,0.0,0.0,262144,0,0,0
P1,sen1floods11,unet,F2,71,Ghana_53713,GHA,0.0856248587369918,0.4178326725959778,0.000120997428894,0.0001377378794131,0.0,0.999999999991309,0.3623570057393587,0.0488812657930305,0.3731795165618695,0.2614725960314195,0.0,0.4867170357099166,262144,0,0,0.0,0.0,262144,0,0,0
P1,sen1floods11,unet,F2,71,Ghana_597288,GHA,0.1487648636102676,0.5432385802268982,6.139278411865234e-05,0.0004469680716283,0.1757620534398769,0.6975619109002194,0.2175630741807212,0.4159480225656696,0.4021223874165051,0.3452111613876319,0.1757620534398769,0.3054138634489497,262144,5690,4079,0.0217056274414062,0.0155601501464843,256246,208,1819,3871
P1,sen1floods11,unet,F2,71,Ghana_61925,GHA,0.0689573809504509,0.3501133322715759,0.0001716613769531,0.0001238758413819,0.1199646589891628,0.9358603872051512,0.4458054200701259,0.0067016317016317,0.4525070517717576,0.3016713678478384,0.1199646589891628,0.3072127254849,262144,651,504,0.0024833679199218,0.001922607421875,261488,5,152,499
P1,sen1floods11,unet,F2,71,Ghana_7496,GHA,0.0621470287442207,0.3345606625080108,7.212162017822266e-05,0.0001073952589649,0.0,0.999999999990411,0.1429171318877201,0.0,0.1429171318877201,0.0952780879251467,0.0,0.4506097452879105,262144,0,0,0.0,0.0,262144,0,0,0
P1,sen1floods11,unet,F2,71,Ghana_8090,GHA,0.0608723275363445,0.3294037282466888,0.0001552104949951,0.0001087842829292,0.5000102740077876,0.9999999999903776,0.4190901010753952,0.0,0.4190901010753952,0.2793934007169301,0.5000102740077876,0.4661278847125752,194666,4,0,2.0548015575395805e-05,0.0,194662,0,4,0
P1,sen1floods11,unet,F2,71,Ghana_83200,GHA,0.1274984627962112,0.5182874798774719,0.0001090168952941,0.0001420823537046,0.4979976857799641,0.9887163017853728,0.4060277957336781,0.1313802618949678,0.3418156598303657,0.2930745724863372,0.4979976857799641,0.4744692659219862,98215,533,5,0.0054268696227663,5.090872066384972e-05,97682,0,528,5
P1,sen1floods11,unet,F2,71,Ghana_866994,GHA,0.3535762727260589,0.9169679880142212,0.0002393722534179,0.0004084248503204,0.6861887686961075,0.0988459627531579,0.81278831462655,0.6134796575973047,0.765852407396525,0.7307067932067932,0.6861887686961075,0.3702354437796438,117511,105971,80971,0.901796427568483,0.6890503867723021,1053,10487,35487,70484
P1,sen1floods11,unet,F2,71,Ghana_868803,GHA,0.4536239504814148,0.9916897416114808,0.0001108646392822,0.0009236320038326,0.260136692623731,0.2196196701882735,0.750421147479971,0.8426861129067011,0.7124046296840415,0.7685039633569045,0.260136692623731,0.5140258182611483,262144,144051,108094,0.5495109558105469,0.4123458862304687,116499,1594,37551,106500
P1,sen1floods11,unet,F2,71,Ghana_887131,GHA,0.1546282768249511,0.557390034198761,9.971857070922852e-05,0.0003260356315877,0.4233930964359456,0.8385964224565192,0.4049388111888112,0.3558647235117823,0.5161095032418562,0.4256376793141499,0.4233930964359456,0.3582772037949381,262144,10075,1943,0.0384330749511718,0.0074119567871093,252002,67,8199,1876
P1,sen1floods11,unet,F2,71,Ghana_895194,GHA,0.1483672261238098,0.5302509069442749,0.0009266734123229,0.0002417557552689,0.1577710430713235,0.5822660695237718,0.600446122504946,0.2834536786742669,0.6770551752169399,0.5203183254653843,0.1577710430713235,0.2811812464097032,252706,8697,6384,0.0344154867711886,0.0252625580714347,243811,198,2511,6186
P1,sen1floods11,unet,F2,71,Ghana_953791,GHA,0.1038688421249389,0.4533023834228515,0.0005697607994079,0.0001530275185359,0.4617422056341563,0.9571592838476972,0.5440735734853382,0.0911300709094826,0.5411041164717636,0.3921025869555281,0.4617422056341563,0.3865374117934422,262144,2772,422,0.0105743408203125,0.0016098022460937,259205,167,2517,255
P1,sen1floods11,unet,F2,71,Ghana_97059,GHA,0.062519684433937,0.3276498913764953,0.0037091970443725,0.0001151575997937,0.5056034168065999,0.9595549561784958,0.5,0.0,0.5,0.3333333333333333,0.5056034168065999,0.3397258482653998,27394,0,307,0.0,0.0112068336131999,27087,307,0,0
P1,sen1floods11,unet,F2,71,Ghana_97516,GHA,0.1035146042704582,0.4578011035919189,0.0002591609954833,0.0001906654651975,0.1612992699777177,0.8856808185275626,0.5355826771267947,0.1712974525474525,0.606828220798809,0.4379027834910187,0.1612992699777177,0.3337715152406763,187555,771,693,0.0041107941670443,0.003694916157927,186683,101,179,592
P1,sen1floods11,unet,F2,71,Pakistan_1027214,PAK,0.4395927488803863,0.985686421394348,9.03010368347168e-05,0.0007031486020423,0.2935532751511334,0.2489730120332977,0.657191460500284,0.7796535572270866,0.6006811815635344,0.6791753997636351,0.2935532751511334,0.4974881997073582,158958,23870,28325,0.1501654525094679,0.1781917235999446,124787,10301,5846,18024
P1,sen1floods11,unet,F2,71,Pakistan_1036366,PAK,0.3862455785274505,0.9527065753936768,8.124113082885742e-05,0.0006025173934176,0.3327977233931825,0.4936918951592445,0.5708849973555855,0.7137917229828994,0.5409865869424693,0.608554435760318,0.3327977233931825,0.5187329951725992,110380,22673,12019,0.2054085885124116,0.1088874796158724,86661,1046,11700,10973
P1,sen1floods11,unet,F2,71,Pakistan_132143,PAK,0.1856260895729065,0.6688302159309387,8.934736251831055e-05,0.0001738287828629,0.5001258850097656,0.994945173456391,0.3971481949423125,0.249133219721455,0.314622877122877,0.3203014305955482,0.5001258850097656,0.5734163971676777,262144,0,66,0.0,0.0002517700195312,262078,66,0,0
P1,sen1floods11,unet,F2,71,Pakistan_167553,PAK,0.4296041429042816,0.980501353740692,6.818771362304688e-05,0.0008654756238684,0.51286567508249,0.7434402873033448,0.5465625061213296,0.7948528187498776,0.518543343910991,0.6199862229273994,0.51286567508249,0.6201779599637595,247105,1458,10219,0.0059003257724449,0.0413548896218206,235654,9993,1232,226
P1,sen1floods11,unet,F2,71,Pakistan_210595,PAK,0.1895512044429779,0.6830688714981079,9.548664093017578e-05,0.0002030683099292,0.0,0.9999999999937016,0.4372802442655383,0.3042496718967307,0.3964546482928835,0.3793281881517176,0.0,0.6427575456817172,262144,0,0,0.0,0.0,262144,0,0,0
P1,sen1floods11,unet,F2,71,Pakistan_211386,PAK,0.2257615774869918,0.7510559558868408,0.000118613243103,0.0003184509696438,0.4908279809602055,0.9762477487014034,0.5344147274294333,0.4246048069577481,0.5672299514211279,0.5087498286027697,0.4908279809602055,0.5565917516595662,255405,6859,362,0.0268553865429416,0.0014173567471271,248490,56,6553,306
P1,sen1floods11,unet,F2,71,Pakistan_246510,PAK,0.4279949069023132,0.9806788563728333,0.0001981258392333,0.0006070549716241,0.4243763757579137,0.5865277769696946,0.8783863195627901,0.7552208820591173,0.8107352206616913,0.8147808074278662,0.4243763757579137,0.5979888053184736,258817,10741,21757,0.0415003651228474,0.0840632570503483,232428,15648,4632,6109
P1,sen1floods11,unet,F2,71,Pakistan_246718,PAK,0.3161118030548095,0.8797708749771118,8.440017700195312e-05,0.0003754595527425,0.1918631383991951,0.6428950525791544,0.5254531008207478,0.5814020538285243,0.488201749231161,0.5316856346268111,0.1918631383991951,0.4999014015619063,235278,13126,8960,0.0557893215685274,0.0380826086586931,221793,359,4525,8601
P1,sen1floods11,unet,F2,71,Pakistan_336228,PAK,0.3368799686431885,0.8908398747444153,7.49826431274414e-05,0.000270292191999,0.5278023114492983,0.6661872414371431,0.4674363626569509,0.5046687381246204,0.3496638165755813,0.4405896391190508,0.5278023114492983,0.5018381831023483,132471,0,7366,0.0,0.0556046228985966,125105,7366,0,0
P1,sen1floods11,unet,F2,71,Pakistan_35915,PAK,0.4542042315006256,0.991893708705902,3.9577484130859375e-05,0.0007662224234081,0.1830420619831763,0.3549336198211066,0.4574867534426358,0.8122520861491449,0.3890362088891501,0.5529250161603102,0.1830420619831763,0.5472877718904512,129233,52301,54288,0.4047031331006786,0.4200784629312946,69611,7321,5334,46967
P1,sen1floods11,unet,F2,71,Pakistan_366265,PAK,0.3282294869422912,0.9041708707809448,4.863739013671875e-05,0.0003076239081565,0.5000078560149579,0.978829631485112,0.3666921313980137,0.5476655697243933,0.2689822432469491,0.3944466481231187,0.5000078560149579,0.6799622231251204,127291,2,0,1.5712029915704958e-05,0.0,127289,0,2,0
P1,sen1floods11,unet,F2,71,Pakistan_401863,PAK,0.3449532687664032,0.9136652946472168,4.458427429199219e-05,0.0004143927944824,0.325123022795268,0.8965702267032402,0.3492928639987463,0.6115857182033653,0.3079273667508961,0.4229353163176692,0.325123022795268,0.5953523061030637,258845,3324,2626,0.0128416619984933,0.010145067511445,254472,1049,1747,1577
P1,sen1floods11,unet,F2,71,Pakistan_43105,PAK,0.3532899618148803,0.925356149673462,5.131959915161133e-05,0.0004468288389034,0.5027343241026742,0.9529795064258466,0.394212405241817,0.642677787898376,0.3520419531448943,0.4629773820950291,0.5027343241026742,0.6635520914543405,260942,271,1156,0.0010385449640149,0.0044301032413333,259515,1156,271,0
P1,sen1floods11,unet,F2,71,Pakistan_474121,PAK,0.402971088886261,0.9658592343330384,2.4259090423583984e-05,0.0005314685986377,0.2698356259805883,0.5408167318016315,0.3927194129400012,0.7130914428708546,0.3203720299308534,0.4753942952472363,0.2698356259805883,0.542261651746244,180789,8893,13021,0.0491899396534081,0.0720231872514367,166201,5695,1567,7326
P1,sen1floods11,unet,F2,71,Pakistan_528249,PAK,0.3690215945243835,0.9444091320037842,9.882450103759766e-05,0.0002099966804962,0.5001104154217869,0.9712812290652744,0.652542922763511,0.5188677743824803,0.4315084425378543,0.5343063798946152,0.5001104154217869,0.7256542868635945,76982,0,17,0.0,0.0002208308435738,76965,17,0,0
P1,sen1floods11,unet,F2,71,Pakistan_548910,PAK,0.1944723129272461,0.6959436535835266,0.0005456209182739,0.0002068784233415,0.5073229923291018,0.9990874501072669,0.6695614434585023,0.3139342275371687,0.6384204031262855,0.5406386913739856,0.5073229923291018,0.6342494904558205,235696,3439,13,0.0145908288642997,5.515579390401194e-05,232244,13,3439,0
P1,sen1floods11,unet,F2,71,Pakistan_65724,PAK,0.3107447624206543,0.8836473822593689,0.0001430511474609,0.0002537915715947,0.5004405992149323,0.9884244716395256,0.703657861746097,0.4960664335664335,0.5810708898944194,0.5935983950689833,0.5004405992149323,0.6980374563874884,262143,0,231,0.0,0.0008811984298646,261912,231,0,0
P1,sen1floods11,unet,F2,71,Pakistan_664885,PAK,0.4056108891963959,0.9685342311859132,0.0001749992370605,0.0004573589831124,0.3731431031134451,0.5125860350240599,0.8422013035983624,0.7014639771992712,0.7508735137411607,0.7648462648462648,0.3731431031134451,0.5667391198720784,73010,2383,5437,0.0326393644706204,0.0744692507875633,67047,3580,526,1857
P1,sen1floods11,unet,F2,71,Pakistan_667363,PAK,0.373279333114624,0.9410279393196106,9.34600830078125e-05,0.0002720370539464,0.4965916387349069,0.9117660060089632,0.6146310797046091,0.5566908581614464,0.4485128841746489,0.5399449406802348,0.4965916387349069,0.6539152925825809,162484,1219,2174,0.0075022771472883,0.0133797789320794,159179,2086,1131,88
P1,sen1floods11,unet,F2,71,Pakistan_694942,PAK,0.4639920592308044,0.9949858784675598,8.046627044677734e-05,0.0007826071814633,0.4527418262392246,0.3298779080226486,0.6442546424164071,0.8256553495524084,0.5720162190750426,0.6806420703479527,0.4527418262392246,0.5627919620935902,191444,18481,54501,0.0965347569001901,0.2846837717557092,135887,37076,1056,17425
P1,sen1floods11,unet,F2,71,Pakistan_70625,PAK,0.4325027167797088,0.982607901096344,5.054473876953125e-05,0.0004927003756165,0.5144203575773914,0.6571514910352747,0.460254818710701,0.7250506846095082,0.3587570517717576,0.514687518363989,0.5144203575773914,0.5995550218629582,262144,4667,15247,0.0178031921386718,0.0581626892089843,243020,14457,3877,790
P1,sen1floods11,unet,F2,71,Pakistan_712873,PAK,0.1589434146881103,0.5928618311882019,8.744001388549805e-05,0.0001969066943274,0.3919576012052946,0.937839457140226,0.3718413939002174,0.272234505690388,0.3555666147577912,0.3332141714494656,0.3919576012052946,0.4457879777907192,119557,1316,587,0.011007301956389,0.0049097919820671,118005,236,965,351
P1,sen1floods11,unet,F2,71,Pakistan_740461,PAK,0.4482995867729187,0.98969703912735,0.0001294612884521,0.0012124872300773,0.6422352640738499,0.3075473029022746,0.7908304930363754,0.8873350913792091,0.8323863636363636,0.8368506493506493,0.6422352640738499,0.5366865997031498,211456,0,60153,0.0,0.2844705281476997,151303,60153,0,0
P1,sen1floods11,unet,F2,71,Pakistan_760290,PAK,0.3435025215148926,0.9130401611328124,3.3736228942871094e-05,0.0004278249689377,0.502338349793146,0.9537604726590918,0.3331772394272393,0.6200766145619085,0.3003026385379326,0.4178521641756935,0.502338349793146,0.6445273317694054,233498,0,1092,0.0,0.0046766995862919,232406,1092,0,0
P1,sen1floods11,unet,F2,71,Pakistan_849790,PAK,0.3932400643825531,0.9560067653656006,4.5180320739746094e-05,0.000429634732427,0.8079804088742991,0.7723169298880632,0.4013082505729564,0.6672843088284264,0.3212259554171318,0.4632728382728382,0.8079804088742991,0.585633605398082,257239,171908,7629,0.6682812481777647,0.0296572448190204,85139,192,164471,7437
P1,sen1floods11,unet,F2,71,Pakistan_909806,PAK,0.1658284217119217,0.6121376752853394,0.0001220703125,0.0001975297491298,0.4123927365554136,0.9202200400281676,0.4930969765528589,0.2740727409845057,0.474983962116315,0.4140512265512265,0.4123927365554136,0.4443138869798554,116287,1414,440,0.012159570717277,0.003783741948799,114724,149,1123,291
P1,sen1floods11,unet,F2,71,Pakistan_94095,PAK,0.4486144781112671,0.9898180961608888,9.834766387939452e-05,0.000950752524659,0.374633982515328,0.1898146189344807,0.7084508628626276,0.8337642749407455,0.6868205324087677,0.7430118900707137,0.374633982515328,0.4845815806439681,180570,53566,79373,0.296649498809326,0.4395691421609348,94480,32524,6717,46849
P1,sen1floods11,unet,F2,71,Pakistan_9684,PAK,0.2604533731937408,0.8050103783607483,7.748603820800781e-05,0.0002598375431261,0.3680209703850272,0.9747238304524364,0.417231053260465,0.4392151965681377,0.3649120487355781,0.4071194328547269,0.3680209703850272,0.5943946385759833,113550,1196,362,0.0105328049317481,0.003188022897402,112325,29,863,333
P1,sen1floods11,unet,F2,71,USA_1010394,USA,0.2760016322135925,0.8131430745124817,4.8279762268066406e-05,0.0004803722840733,0.4098504696005218,0.8508334577631738,0.2916097383009147,0.5593817946759123,0.3557808612955672,0.4022574647574647,0.4098504696005218,0.4841880265626771,262131,1481,2991,0.005649846832309,0.0114103253716653,258379,2271,761,720
P1,sen1floods11,unet,F2,71,USA_1039203,USA,0.2855704724788666,0.8200773596763611,0.0001149773597717,0.000483695679577,0.4222781349381227,0.7589988070581886,0.581588142249907,0.5690663503163503,0.6360747096041214,0.5955764007234595,0.4222781349381227,0.4785025100124603,262112,1611,5060,0.0061462275668416,0.019304724697839,256427,4074,625,986
P1,sen1floods11,unet,F2,71,USA_1049586,USA,0.1686929911375045,0.6141185164451599,9.79900360107422e-05,0.0003025415062438,0.239384263434119,0.8826794798083252,0.4268464378758496,0.3672828397093103,0.5019435221641104,0.4320242665830902,0.239384263434119,0.4171696300145565,262061,2122,1466,0.0080973513800222,0.0055941174001472,259709,230,886,1236
P1,sen1floods11,unet,F2,71,USA_1068362,USA,0.4447885155677795,0.9882501363754272,8.296966552734375e-05,0.0014944049762561,0.3605280131226694,0.3885609957849086,0.6304761415055533,0.9162436827878004,0.7105559881295176,0.7524252708076237,0.3605280131226694,0.540299791220387,262124,31182,48540,0.118958965985564,0.1851795333506279,205844,25098,7740,23442
P1,sen1floods11,unet,F2,71,USA_1082482,USA,0.1864665150642395,0.6417790651321411,6.29425048828125e-05,0.0003292912733741,0.3329120837098358,0.8992486795631395,0.2717496963820493,0.3910709388650565,0.3536665540342011,0.338829063093769,0.3329120837098358,0.4229047362348648,262130,2206,1288,0.0084156716133216,0.0049135924922748,259524,400,1318,888
P1,sen1floods11,unet,F2,71,USA_11422,USA,0.4000640511512756,0.96186625957489,5.137920379638672e-05,0.0010217910166829,0.2663559504044814,0.2729552117749468,0.4396932724138606,0.8121829151240916,0.4760662131985662,0.5759808002455061,0.2663559504044814,0.4723264297390293,262142,36020,58654,0.1374064438357836,0.2237489604870642,202163,23959,1325,34695
P1,sen1floods11,unet,F2,71,USA_114964,USA,0.2379904836416244,0.7444797158241272,0.0001218318939208,0.0003693847975227,0.4815594558063707,0.8673738809184377,0.5410606550312432,0.4613174815380697,0.6142650241914948,0.5388810535869358,0.4815594558063707,0.4573037732220701,262125,354,2204,0.0013505007153075,0.0084082021936099,259679,2092,242,112
P1,sen1floods11,unet,F2,71,USA_115033,USA,0.1903550773859024,0.6552682518959045,0.0001141428947448,0.0003559172328095,0.2798155553120984,0.8778065090853112,0.4788752913752914,0.4139916456092927,0.5837128557716793,0.4921932642520878,0.2798155553120984,0.4223430479173329,262109,2359,1605,0.0090000724889263,0.0061234066743225,259368,382,1136,1223
P1,sen1floods11,unet,F2,71,USA_170264,USA,0.3692637681961059,0.9355268478393556,6.788969039916992e-05,0.0009896699339151,0.1576738514572748,0.3464004061045104,0.4898226773226773,0.7741663973281621,0.5545967512879277,0.6061952753129224,0.1576738514572748,0.4653471266422818,261982,43535,37088,0.1661755387774732,0.1415669778839767,215594,2853,9300,34235
P1,sen1floods11,unet,F2,71,USA_179917,USA,0.1540928184986114,0.5903403162956238,0.000402808189392,0.0002589188225101,0.2186034341184555,0.9570026592482138,0.6412784519402166,0.3358645031439149,0.6886336702513174,0.5552588751118163,0.2186034341184555,0.487050804281581,262094,511,493,0.0019496821750974,0.001881004525094,261452,131,149,362
P1,sen1floods11,unet,F2,71,USA_181263,USA,0.460505336523056,0.9940058588981628,8.404254913330078e-05,0.0009176527382805,0.5423491822492066,0.5803281292760301,0.6631793451646393,0.8512816840022723,0.6165672562731386,0.71034276181335,0.5423491822492066,0.620903863987144,207499,1065,25642,0.005132554855686,0.1235764991638514,181712,24722,145,920
P1,sen1floods11,unet,F2,71,USA_181503,USA,0.4211085736751556,0.9757989645004272,0.0001059174537658,0.0009726910502649,0.5063460469765275,0.6115120849490492,0.7017069939864058,0.812896662161368,0.7105596609273079,0.741721105691694,0.5063460469765275,0.5927282045572104,262115,1194,16498,0.0045552524655208,0.0629418385059992,245245,15676,372,822
P1,sen1floods11,unet,F2,71,USA_19225,USA,0.2319549173116684,0.7341418266296387,0.0001188516616821,0.0004795673885382,0.3513478473281701,0.8355608421412812,0.5259305645335057,0.4991870874223815,0.6502963947816889,0.5584713489125254,0.3513478473281701,0.4259902932261232,262122,1391,2647,0.0053066892515698,0.0100983511494647,259029,1702,446,945
P1,sen1floods11,unet,F2,71,USA_198411,USA,0.4619452655315399,0.9943886995315552,6.812810897827148e-05,0.0009469660581089,0.3750860645166201,0.433139671818202,0.584073402088108,0.8550138586903293,0.5411934878846644,0.6600935828877006,0.3750860645166201,0.5793291103720863,84222,8737,16795,0.1037377407328251,0.1994134549167676,65906,9579,1521,7216
P1,sen1floods11,unet,F2,71,USA_211406,USA,0.3099613785743713,0.8542695045471191,0.0001347064971923,0.0004828043747693,0.4310882808193027,0.7800443309003577,0.6649888102093984,0.6009780660515954,0.6875636618283677,0.6511768460297872,0.4310882808193027,0.5256151326831959,262101,1130,4681,0.0043113151037195,0.0178595274340807,257066,3905,354,776
P1,sen1floods11,unet,F2,71,USA_217598,USA,0.4572210013866424,0.9929616451263428,0.0001117587089538,0.0014002057723701,0.4235527179612193,0.2983634856084495,0.7608549538696598,0.9374308289749468,0.8041798887387124,0.8341552238611062,0.4235527179612193,0.5586303122531868,257297,45251,84413,0.1758706864052048,0.3280761143736616,164905,47141,7979,37272
P1,sen1floods11,unet,F2,71,USA_224165,USA,0.1725783348083496,0.6435534358024597,0.0002118945121765,0.0002045352593995,0.3384882257377782,0.98430155868408,0.6263974995592643,0.2911035043387984,0.608346922685158,0.5086159755277403,0.3384882257377782,0.5389793414549597,262126,161,207,0.0006142084341118,0.0007896965581437,261848,117,71,90
P1,sen1floods11,unet,F2,71,USA_225017,USA,0.3177476227283478,0.8763269186019897,0.0001070499420166,0.0007210723706521,0.1602229985094864,0.4842247360327031,0.6109056384791678,0.6745748124424595,0.6668270455035161,0.6507691654750478,0.1602229985094864,0.4554744727531576,262138,16780,16521,0.0640120852375466,0.0630240560315558,242583,2775,3034,13746
P1,sen1floods11,unet,F2,71,USA_231124,USA,0.4496544897556305,0.990281343460083,0.0001125335693359,0.0008290943223983,0.5226845805379765,0.652820328388187,0.7559915574621457,0.818898013750955,0.6979748192983487,0.7576214635038164,0.5226845805379765,0.6407977052147419,129409,3839,9887,0.0296656337658122,0.0764011776615227,116348,9222,3174,665
P1,sen1floods11,unet,F2,71,USA_232060,USA,0.2776950299739837,0.8239009380340576,0.0001057386398315,0.0004395157739054,0.3726082792721348,0.8976303624269055,0.5629272688096217,0.5605197498579851,0.5969624738007091,0.573469830822772,0.3726082792721348,0.5455239078249154,262127,1713,1914,0.0065350002098219,0.0073018040873317,259255,1159,958,755
P1,sen1floods11,unet,F2,71,USA_251323,USA,0.2482026368379593,0.7659813761711121,6.622076034545898e-05,0.0003736009821295,0.4624385532237686,0.8607825096438944,0.3407058627646863,0.4795486376368729,0.4016314567785156,0.4072953190600248,0.4624385532237686,0.456582830288675,261038,695,2333,0.0026624476129912,0.0089373960879258,258247,2096,458,237
P1,sen1floods11,unet,F2,71,USA_260929,USA,0.2619505822658539,0.7803395390510559,8.678436279296875e-05,0.0005285727092996,0.3803813764811956,0.8110583652818697,0.448365360130066,0.541157372039725,0.5383366633366633,0.5092864651688181,0.3803813764811956,0.4529160294258081,262134,5020,3458,0.0191505108074496,0.0131917263689563,255397,1717,3279,1741
P1,sen1floods11,unet,F2,71,USA_275372,USA,0.2297684699296951,0.7219313383102417,0.0001214146614074,0.0004116598865948,0.4026212170171412,0.8637724808178231,0.5251678468590233,0.4651120937885643,0.630275974025974,0.5401853048911872,0.4026212170171412,0.4426675415371007,262138,2722,2119,0.0103838436243505,0.0080835285231442,258127,1289,1892,830
P1,sen1floods11,unet,F2,71,USA_308150,USA,0.3421497941017151,0.8991987109184265,0.0001122951507568,0.0007650890038348,0.3719151233050224,0.7381080885944786,0.6372457199663082,0.691612309259368,0.6894349523025993,0.6727643271760919,0.3719151233050224,0.5328733427481308,262027,2907,6318,0.0110942765440202,0.0241120189904093,254799,4321,910,1997
P1,sen1floods11,unet,F2,71,USA_347609,USA,0.4611704051494598,0.994168758392334,5.805492401123047e-05,0.0009960166644304,0.573874528492953,0.4647525395366315,0.5280473203267321,0.8732248144012851,0.5033783618342442,0.6348834988540871,0.573874528492953,0.5822272981138261,204416,1642,38302,0.0080326393237319,0.1873728083907326,165841,36933,273,1369
P1,sen1floods11,unet,F2,71,USA_348639,USA,0.3851808309555053,0.9501820206642152,8.416175842285156e-05,0.0009851461509242,0.2103442239109962,0.417298434727086,0.5879714648097001,0.7913153023447141,0.6355966337583985,0.6716278003042708,0.2103442239109962,0.4970728211759541,262118,27154,29496,0.1035945642802096,0.112529471459419,227415,7549,5207,21947
P1,sen1floods11,unet,F2,71,USA_350244,USA,0.2801182568073272,0.8175788521766663,0.0001064538955688,0.0005626927013508,0.4469520649982396,0.8423928118357336,0.5502665226929933,0.5802561409179056,0.629359610977258,0.5866274248627189,0.4469520649982396,0.4972521531547914,262120,1285,3003,0.0049023348084846,0.0114565847703341,258288,2547,829,456
P1,sen1floods11,unet,F2,71,USA_354981,USA,0.2695983350276947,0.8056157231330872,0.0001158714294433,0.0006582189816981,0.3598660418323383,0.8539172966783168,0.5700653513153513,0.5932841668135787,0.6718153170359054,0.6117216117216118,0.3598660418323383,0.4980369154977282,262011,1724,2637,0.0065798764174023,0.0100644629423955,258629,1658,745,979
P1,sen1floods11,unet,F2,71,USA_366607,USA,0.4104307889938354,0.9692178964614868,0.0001280307769775,0.0009321646648459,0.1669500068207173,0.2775058633764329,0.761360575698811,0.7987306810836223,0.7672994897259604,0.7757969155027978,0.1669500068207173,0.4987036864576749,262139,49325,61381,0.1881635315614998,0.2341543990020561,198598,14216,2160,47165
P1,sen1floods11,unet,F2,71,USA_375183,USA,0.2788959443569183,0.8176540732383728,6.097555160522461e-05,0.0006360377301461,0.3028616877594153,0.7444061541748725,0.3505563064386593,0.5962603572897691,0.4456536110947876,0.4641567582744053,0.3028616877594153,0.4518733990107154,262065,6518,4916,0.0248716921374468,0.0187587049014557,253971,1576,3178,3340
P1,sen1floods11,unet,F2,71,USA_387945,USA,0.2748279273509979,0.815791666507721,9.453296661376952e-05,0.0005300670163705,0.3595674994834861,0.6773250875521872,0.5105164443399737,0.5661458639399816,0.5754992556463145,0.5507205213087566,0.3595674994834861,0.4476707576695279,262139,13453,6815,0.0513201011677011,0.0259976577312036,246800,1886,8524,4929
P1,sen1floods11,unet,F2,71,USA_430764,USA,0.3114935159683227,0.8669496774673462,6.645917892456055e-05,0.0005095375236123,0.3352311114067604,0.6928923311457327,0.4303362079097373,0.6126122651857946,0.4450647391823862,0.4960044040926394,0.3352311114067604,0.496557522607544,262137,15439,7295,0.0588966837951147,0.0278289596661287,245547,1151,9295,6144
P1,sen1floods11,unet,F2,71,USA_438959,USA,0.4574708938598633,0.9930540919303894,9.065866470336914e-05,0.0013777050189673,0.4858058732147026,0.5062193191972839,0.6880007247654307,0.9374308289749468,0.7313256596344833,0.7855857377916203,0.4858058732147026,0.6076094363365107,253900,6303,38759,0.024824734147302,0.152654588420638,215057,32540,84,6219
P1,sen1floods11,unet,F2,71,USA_486103,USA,0.4095394611358642,0.9681133031845092,0.0001104474067687,0.0011446991702541,0.4768845795835694,0.649800653304976,0.7027892450686568,0.8352217635305871,0.7525721827192415,0.7635277304394951,0.4768845795835694,0.593083560672175,262060,7242,13180,0.0276348927726474,0.0502938258414103,243650,11168,5230,2012
P1,sen1floods11,unet,F2,71,USA_504150,USA,0.2376884222030639,0.7618433237075806,0.0001031160354614,0.0004500534851104,0.2152663708234115,0.8637866954895778,0.5004499177293296,0.5058330150241914,0.6010766194589724,0.5357865174041645,0.2152663708234115,0.4633791227636792,262126,3262,2346,0.0124443969693963,0.0089498943256296,258566,298,1214,2048
P1,sen1floods11,unet,F2,71,USA_519181,USA,0.2384501993656158,0.7552213668823242,0.0001073479652404,0.0004591229953803,0.3080482077836478,0.8808881205123913,0.5060203277115042,0.5046950598421187,0.6114614552114552,0.540725614255026,0.3080482077836478,0.4695926187978262,262127,2152,1969,0.0082097609174178,0.0075116260438642,259164,811,994,1158
P1,sen1floods11,unet,F2,71,USA_527077,USA,0.2214341908693313,0.7267833352088928,7.95125961303711e-05,0.0004098973295185,0.3209789006882151,0.920944301066916,0.3685524034788741,0.4669503290826819,0.4718222953517071,0.4357750093044211,0.3209789006882151,0.4739435289928638,262127,1646,1244,0.0062793989173187,0.0047457911622991,260007,474,876,770
P1,sen1floods11,unet,F2,71,USA_58086,USA,0.4435179233551025,0.9876625537872314,8.726119995117188e-05,0.0011836363701149,0.3773910210482891,0.4265513695471838,0.6456686695657283,0.880689163777399,0.6901939971792912,0.7388506101741396,0.3773910210482891,0.5526089405036821,262112,15894,41994,0.0606382004639238,0.1602139543401294,219436,26782,682,15212
P1,sen1floods11,unet,F2,71,USA_595451,USA,0.3958602547645569,0.9583547115325928,0.0001583099365234,0.001077224034816,0.4383629155706858,0.273940042976969,0.7994260641319465,0.8076457855869621,0.8597052457346575,0.8222590318178553,0.4383629155706858,0.4786331635093107,262136,20531,55848,0.0783219397564622,0.2130497146519364,203094,38511,3194,17337
P1,sen1floods11,unet,F2,71,USA_604222,USA,0.32308229804039,0.8829982280731201,8.541345596313477e-05,0.0005376262124627,0.3779569473532757,0.7301338097304113,0.5302607931284402,0.6334866114277878,0.5450939991381167,0.5696138012314483,0.3779569473532757,0.5150347134059754,262123,6641,6697,0.0253354341282527,0.025549074289551,251649,3833,3777,2864
P1,sen1floods11,unet,F2,71,USA_605492,USA,0.3186279535293579,0.8788381814956665,0.0001176595687866,0.0007824059575796,0.4982770328738359,0.495942176901206,0.6460084033613445,0.6860351658145776,0.7133901637578108,0.6818112443112443,0.4982770328738359,0.4618208059977483,262125,3031,15953,0.0115631855030996,0.0608602765855984,244334,14760,1838,1193
P1,sen1floods11,unet,F2,71,USA_638521,USA,0.3937448561191559,0.955259084701538,0.0001212358474731,0.0008619559230282,0.4819158353642668,0.6175880308346926,0.7151726949521067,0.7552618949677772,0.7267444565238683,0.7323930154812507,0.4819158353642668,0.565648810732621,262141,5164,13290,0.0196993221205381,0.0506979068516561,245284,11693,3567,1597
P1,sen1floods11,unet,F2,71,USA_646878,USA,0.2805801630020141,0.8308433294296265,9.524822235107422e-05,0.000993636669591,0.4024815391722683,0.8218998659404435,0.5387516894869836,0.6982870071105365,0.6890205382852441,0.6420197449609214,0.4024815391722683,0.509718331580272,252297,2424,3092,0.0096077242297768,0.0122553974086096,247736,2137,1469,955
P1,sen1floods11,unet,F2,71,USA_652955,USA,0.3130642175674438,0.8736121654510498,0.0001420378684997,0.0005106437020003,0.2852601391023617,0.6369269559375257,0.6899148645472174,0.6181826751679692,0.6990729858376916,0.6690568418509594,0.2852601391023617,0.5000608151923965,262141,8527,9273,0.0325282958407879,0.0353740925685032,249911,3703,2957,5570
P1,sen1floods11,unet,F2,71,USA_655230,USA,0.2422503232955932,0.740403413772583,7.128715515136719e-05,0.0003761611587833,0.4039567255088147,0.8707918831851832,0.3369736880766292,0.4661319073083778,0.4149924830071888,0.4060326927973987,0.4039567255088147,0.4458361411171828,262129,1145,2079,0.0043680783125865,0.0079312094426789,259443,1541,607,538
P1,sen1floods11,unet,F2,71,USA_66026,USA,0.2607928514480591,0.7830774188041687,0.0001194477081298,0.000416838156525,0.3910958983064665,0.8658797069572528,0.5689831002331003,0.5155732747644513,0.623630046424164,0.5693954738072385,0.3910958983064665,0.4944728103991875,262141,987,2335,0.0037651492898859,0.0089074200525671,259431,1723,375,612
P1,sen1floods11,unet,F2,71,USA_664261,USA,0.2817601859569549,0.8253671526908875,6.723403930664062e-05,0.0005016937502659,0.2436458776866805,0.7121981620285069,0.3946366133866134,0.5769126706626706,0.4450647391823862,0.4722046744105567,0.2436458776866805,0.4623504981993787,262087,4815,6047,0.01837176204848,0.0230724911956716,254968,2304,1072,3743
P1,sen1floods11,unet,F2,71,USA_66511,USA,0.1616073995828628,0.6066904067993164,8.094310760498047e-05,0.0002607022761367,0.4720365900846746,0.9671020281710532,0.3451328083681024,0.3395409737321502,0.3924880266792031,0.3590539362598186,0.4720365900846746,0.48337881888571,262136,2727,419,0.0104029969176305,0.0015984069338053,259186,223,2531,196
P1,sen1floods11,unet,F2,71,USA_670826,USA,0.2045164257287979,0.685620129108429,6.592273712158203e-05,0.0003163366927765,0.4688266453330116,0.9008506507462852,0.3039319748878573,0.4012476494094141,0.3601043564278858,0.3550946602417191,0.4688266453330116,0.4456711946953233,262132,3010,1454,0.0114827644087711,0.0055468237376588,257987,1135,2691,319
P1,sen1floods11,unet,F2,71,USA_67102,USA,0.3113762140274048,0.8683925271034241,0.0001056194305419,0.0005699307657778,0.178811654107116,0.5419891464912845,0.5967886280386281,0.6334241738653503,0.6323290679908327,0.620847289964937,0.178811654107116,0.4620282343819137,262091,9491,12506,0.0362126131763395,0.0477162512257193,248841,3759,744,8747
P1,sen1floods11,unet,F2,71,USA_693819,USA,0.2769061625003814,0.8088901042938232,9.500980377197266e-05,0.0005401794915087,0.3869595939108965,0.8565131673587985,0.5057020185696657,0.5717652445593622,0.5859330620360033,0.5544667750550104,0.3869595939108965,0.5015019152496659,262104,2454,2547,0.0093626957238348,0.0097175167109239,258064,1586,1493,961
P1,sen1floods11,unet,F2,71,USA_741073,USA,0.4567547142505646,0.9928146600723268,0.000106394290924,0.0013495923485606,0.5468357113456255,0.4636156845637824,0.7467379434291199,0.9326231366672544,0.7852551859904802,0.8215387553622847,0.5468357113456255,0.5926635264687794,262115,3375,43306,0.0128760276977662,0.1652175571791007,218264,40476,545,2830
P1,sen1floods11,unet,F2,71,USA_741178,USA,0.266764760017395,0.801170289516449,4.38690185546875e-05,0.0004829492245335,0.3897876928623537,0.8871850395044816,0.2629582427376545,0.5538113846937376,0.3326997757144816,0.3831564677152912,0.3897876928623537,0.5062080824823606,262117,1446,1977,0.0055166204404903,0.0075424333408363,259331,1340,809,637
P1,sen1floods11,unet,F2,71,USA_758178,USA,0.2715314626693725,0.8004544973373413,0.0001202821731567,0.0004520732327364,0.4431848227443044,0.8492617962885727,0.5805548618048617,0.5452647842353724,0.6417497943233237,0.5891898134545193,0.4431848227443044,0.4949768261136374,262133,1617,2802,0.0061686243242933,0.0106892302762338,258211,2305,1120,497
P1,sen1floods11,unet,F2,71,USA_761032,USA,0.3531491160392761,0.9140949845314026,0.000118613243103,0.0008119373815134,0.4004824477382582,0.5682406212125044,0.6649955436720142,0.7069162455191866,0.7189605737399855,0.6969574543103955,0.4004824477382582,0.4961799840518437,262125,12117,12669,0.0462260371959942,0.0483319027181688,242393,7615,7063,5054
P1,sen1floods11,unet,F2,71,USA_770353,USA,0.409778356552124,0.9689409732818604,0.0001649260520935,0.0010295327519997,0.2263149501948351,0.3613293426297713,0.8385248330101271,0.8255439413527649,0.8712770073064191,0.845115260556437,0.2263149501948351,0.5273889838800798,262141,34427,40246,0.1313300857172285,0.1535280631415917,216101,11613,5794,28633
P1,sen1floods11,unet,F2,71,USA_778194,USA,0.4436306953430176,0.987742006778717,4.136562347412109e-05,0.0011709000682458,0.5075327823459466,0.4777192255606914,0.4371112955671779,0.8739875320757674,0.4749349914791091,0.5953446063740181,0.5075327823459466,0.5503318397104909,262070,3838,34950,0.0146449421910176,0.133361315679017,227007,31225,113,3725
P1,sen1floods11,unet,F2,71,USA_788696,USA,0.436806172132492,0.9845466613769532,5.459785461425781e-05,0.0007817671867087,0.1665491927002462,0.1624512976062133,0.4792284920961391,0.7899826888797477,0.4426627294274353,0.5706246368011073,0.1665491927002462,0.4437824010912719,262126,111448,126599,0.4251695749372439,0.4829700220504643,131289,19389,4238,107210
P1,sen1floods11,unet,F2,71,USA_806273,USA,0.3325720131397247,0.8867884874343872,9.167194366455078e-05,0.0007132622995413,0.4531728755779556,0.6186211000640232,0.5532506708977296,0.6708983418542241,0.6054956073338427,0.6098815400285987,0.4531728755779556,0.4954170557636497,262131,5787,9946,0.0220767478855991,0.0379428606307533,248322,8022,3863,1924
P1,sen1floods11,unet,F2,71,USA_826217,USA,0.3998287916183471,0.9597995281219482,0.0001993179321289,0.000900549464859,0.402502105519918,0.5694532523706468,0.8444215098626864,0.7712661113396408,0.8607452596423186,0.8254776269482152,0.402502105519918,0.556127762649604,262126,4498,15291,0.0171596865629506,0.0583345414037523,246190,11438,645,3853
P1,sen1floods11,unet,F2,71,USA_831672,USA,0.4103736281394958,0.968872606754303,0.0001366138458251,0.0012628276599571,0.3546692897408912,0.5039005748113112,0.7721830865213217,0.8627353039117744,0.8421266233766234,0.8256816712699065,0.3546692897408912,0.5628048012526135,262116,20957,22523,0.0799531505135131,0.0859276045720215,230389,10770,9204,11753
P1,sen1floods11,unet,F2,71,USA_84195,USA,0.220677837729454,0.7087916135787964,0.0002331733703613,0.0004132740141358,0.2548999780425511,0.7732597953508653,0.6606885761297526,0.463218154394625,0.7676906426906427,0.6305324577383401,0.2548999780425511,0.4089655714419294,262137,3811,3821,0.0145381994911057,0.0145763474824233,257049,1277,1267,2544
P1,sen1floods11,unet,F2,71,USA_86502,USA,0.4166449606418609,0.9753339290618896,8.362531661987305e-05,0.0003036599664483,0.6107133211470008,0.9463426134622088,0.6144162210338681,0.6251058990029579,0.4354781248163601,0.558333414951062,0.6107133211470008,0.724659829145353,262132,66362,1909,0.2531625288022828,0.0072825904506126,195657,113,64566,1796
P1,sen1floods11,unet,F2,71,USA_905409,USA,0.4491315484046936,0.9900630712509156,3.457069396972656e-05,0.0010095936013385,0.3205649360417016,0.2785813657167796,0.4362928737928737,0.8519752306517012,0.4328734990499696,0.5737138678315149,0.3205649360417016,0.5110461409661508,262099,44467,81910,0.1696572669105948,0.3125154998683703,179748,37884,441,44026
P1,sen1floods11,unet,F2,71,USA_908474,USA,0.4397659003734588,0.9860240817070008,0.0001815557479858,0.0008534865337423,0.5400963132671847,0.5749189477001364,0.8724339386104092,0.8014987463516875,0.8377688487982605,0.8372338445867857,0.5400963132671847,0.6007576051018098,262071,1846,22611,0.0070438926855699,0.0862781459986034,237884,22341,1576,270
P1,sen1floods11,unet,F2,71,USA_933610,USA,0.4066534340381622,0.9648281335830688,3.9577484130859375e-05,0.0008683850173838,0.4048885435694916,0.5931690151018901,0.4068786605551311,0.7731600507335801,0.4005522663610898,0.5268636592166004,0.4048885435694916,0.5529902841788128,262027,3823,14602,0.0145900994935636,0.0557270815602972,247101,11103,324,3499
P1,sen1floods11,unet,F2,71,USA_955053,USA,0.442901074886322,0.9873061180114746,0.000115156173706,0.0010865716030821,0.3793890870658887,0.3060374389811525,0.7423801688507571,0.8587460333783863,0.7649623660653073,0.7886961894314836,0.3793890870658887,0.5292629939970529,262140,35838,64020,0.1367132066834515,0.2442206454566262,191695,34607,6425,29413
P1,sen1floods11,unet,F2,71,USA_986268,USA,0.1425230354070663,0.5439059138298035,0.0001153945922851,0.0002718734613154,0.4340631519011166,0.8703061288959237,0.4399926054337819,0.3109806859806859,0.5195845820845821,0.4235192911663499,0.4340631519011166,0.3749985564921498,262123,9092,1515,0.0346860061879346,0.0057797293636956,252989,42,7619,1473
P1,sen1floods11,unet,F2,71,USA_994009,USA,0.3630781173706054,0.924702286720276,0.0001301169395446,0.0008107727626338,0.4337372366280019,0.7324145168085454,0.7103650026444144,0.7228647577912284,0.7483815204403439,0.7272037602919955,0.4337372366280019,0.557518952163538,262018,1897,7080,0.0072399606133929,0.0270210443557312,254263,5858,675,1222
P1,sen1floods11,unet,F3,13,India_1017769,IND,0.35234534740448,0.9169124960899352,5.716085433959961e-05,0.002160150790587,0.2821511327333632,0.0927099209743584,0.7513888888888889,0.6736111111111112,0.6444444444444444,0.6898148148148149,0.2821511327333632,0.2174999497904401,172971,98143,114347,0.5673956906070959,0.6610761341496552,53162,21666,5462,92681
P1,sen1floods11,unet,F3,13,India_1018317,IND,0.3491564989089966,0.915063738822937,9.16123390197754e-05,0.0009557335288263,0.3041666947852586,0.0869378215060993,0.8208333333333333,0.525,0.5736111111111111,0.6398148148148147,0.3041666947852586,0.1814892357252182,196977,150710,170984,0.7651147088238729,0.8680404311163232,24817,21450,1176,149534
P1,sen1floods11,unet,F3,13,India_1018327,IND,0.1650550216436386,0.5575833916664124,5.245208740234375e-06,0.0044768070802092,0.3576658667139352,0.211797674217825,0.4375,0.6625,0.5861111111111111,0.562037037037037,0.3576658667139352,0.4928429027634488,262142,36649,14823,0.1398059067223108,0.0565456889777296,224797,696,22522,14127
P1,sen1floods11,unet,F3,13,India_103447,IND,0.1891749650239944,0.6296252012252808,6.508827209472656e-05,0.0037519505713135,0.2172122486035477,0.1313865106555236,0.6736111111111112,0.6611111111111111,0.7541666666666667,0.6962962962962963,0.2172122486035477,0.3425969557937995,163567,26977,21287,0.1649293561659748,0.1301423881345259,134120,2470,8160,18817
P1,sen1floods11,unet,F3,13,India_1050276,IND,0.2026680260896682,0.6551830768585205,5.0067901611328125e-06,0.006783926859498,0.4643626270413126,0.2436993267470537,0.475,0.7736111111111111,0.6597222222222222,0.6361111111111111,0.4643626270413126,0.562879556804573,255185,49005,14739,0.1920371495189764,0.0577580970668338,203530,2650,36916,12089
P1,sen1floods11,unet,F3,13,India_1068117,IND,0.2060489356517791,0.6631680130958557,1.710653305053711e-05,0.0067883147858083,0.3584114986215763,0.1544249539304339,0.5152777777777777,0.7736111111111111,0.7,0.662962962962963,0.3584114986215763,0.4339385835107837,229712,47960,24123,0.2087831719718604,0.1050141046179563,179070,2682,26519,21441
P1,sen1floods11,unet,F3,13,India_1072277,IND,0.0473581738770008,0.2399142980575561,3.5762786865234375e-07,0.0004744331235997,0.5354833275876735,0.8658330567042527,0.2152777777777778,0.1888888888888888,0.1875,0.1972222222222222,0.5354833275876735,0.6906852416510862,262142,22546,369,0.0860068207307489,0.0014076340304109,239546,50,22227,319
P1,sen1floods11,unet,F3,13,India_118868,IND,0.1864687502384185,0.6679555773735046,2.968311309814453e-05,0.0010282007278874,0.5311943061191617,0.835979398985472,0.5444444444444445,0.4416666666666666,0.3972222222222222,0.4611111111111111,0.5311943061191617,0.7572822061501503,159275,10685,1983,0.0670852299482027,0.0124501648092921,146793,1797,10499,186
P1,sen1floods11,unet,F3,13,India_135434,IND,0.1595901250839233,0.5555700659751892,1.5735626220703125e-05,0.0036674968432635,0.3082720486215133,0.2215588447124766,0.4694444444444444,0.6194444444444445,0.5833333333333334,0.5574074074074075,0.3082720486215133,0.4957910569847307,117150,10312,6467,0.0880239009816474,0.0552027315407597,105510,1328,5173,5139
P1,sen1floods11,unet,F3,13,India_136196,IND,0.1124669685959816,0.4270452857017517,1.1920928955078125e-07,0.0019410083768889,0.505589296508992,0.5893101742435636,0.2888888888888888,0.4527777777777777,0.361111111111111,0.3675925925925925,0.505589296508992,0.6506725400102522,211744,0,2367,0.0,0.0111785930179839,209377,2367,0,0
P1,sen1floods11,unet,F3,13,India_164336,IND,0.0259993448853492,0.1602912545204162,1.1920928955078125e-07,0.0001900785136967,0.4948639732124901,0.953159769263348,0.1527777777777778,0.075,0.1194444444444444,0.1157407407407407,0.4948639732124901,0.718255558552032,259101,1881,85,0.0072597172531175,0.0003280573984662,257169,51,1847,34
P1,sen1floods11,unet,F3,13,India_166709,IND,0.0341674461960792,0.1887294650077819,5.960464477539064e-08,0.0002664031635504,0.514288520310425,0.9434945828070574,0.15,0.1222222222222222,0.125,0.1324074074074074,0.514288520310425,0.7305828103684623,256894,8839,133,0.0344071874002506,0.0005177232632914,247975,80,8786,53
P1,sen1floods11,unet,F3,13,India_177319,IND,0.037513967603445,0.1923968195915222,0.0,0.0020529732573777,0.4997050892814237,0.7943448610249149,0.1458333333333333,0.3444444444444444,0.3430555555555555,0.2777777777777777,0.4997050892814237,0.6817518414284244,256490,1578,523,0.0061522866388553,0.0020390658505204,254407,505,1560,18
P1,sen1floods11,unet,F3,13,India_179238,IND,0.0339582674205303,0.1927566677331924,5.960464477539064e-08,0.0003014766552951,0.522901311441261,0.900110879418387,0.15,0.1333333333333333,0.1361111111111111,0.1398148148148148,0.522901311441261,0.7166574564874824,192482,11592,216,0.0602238131357737,0.0011221828534616,180836,54,11430,162
P1,sen1floods11,unet,F3,13,India_180633,IND,0.2773251235485077,0.8123201727867126,2.7418136596679688e-05,0.0022726778406649,0.1131662127744171,0.1051417394304691,0.6,0.6527777777777777,0.5444444444444445,0.599074074074074,0.1131662127744171,0.25615210143993,164555,75763,75978,0.4604114125976117,0.4617179666372945,83778,5014,4799,70964
P1,sen1floods11,unet,F3,13,India_207862,IND,0.17287078499794,0.5792147517204285,3.5762786865234375e-07,0.0035234459210187,0.4806635825426331,0.407362643782337,0.3763888888888889,0.6319444444444444,0.4694444444444444,0.4925925925925926,0.4806635825426331,0.6317931317380888,200115,21028,5397,0.1050795792419358,0.0269694925417884,176934,2153,17784,3244
P1,sen1floods11,unet,F3,13,India_244057,IND,0.0541084818542003,0.2558131814002991,0.0,0.0005962429568171,0.5010028840703389,0.8137851623233122,0.1847222222222222,0.1930555555555555,0.1527777777777778,0.1768518518518518,0.5010028840703389,0.6800641501972016,160537,5,317,3.114546802294798e-05,0.0019746226726549,160215,317,5,0
P1,sen1floods11,unet,F3,13,India_25540,IND,0.052388098090887,0.2495688647031784,1.1920928955078125e-07,0.0004989161388948,0.5088798134231425,0.7864209322662501,0.2111111111111111,0.1930555555555555,0.1791666666666667,0.1944444444444444,0.5088798134231425,0.6579024204123316,188625,11559,570,0.0612803180914512,0.0030218687872763,176980,86,11075,484
P1,sen1floods11,unet,F3,13,India_265762,IND,0.0401152707636356,0.2082709968090057,1.1920928955078125e-07,0.0004862301284447,0.5175847689310886,0.8383739437766126,0.1875,0.1694444444444444,0.1791666666666667,0.1787037037037037,0.5175847689310886,0.6717504430402224,147296,8533,281,0.0579309689333043,0.0019077232239843,138673,90,8342,191
P1,sen1floods11,unet,F3,13,India_273873,IND,0.1549692153930664,0.534184992313385,5.960464477539062e-07,0.002789151854813,0.4956118296513846,0.3241754351073924,0.375,0.5708333333333333,0.4569444444444445,0.4675925925925925,0.4956118296513846,0.5816155666650606,155608,5446,3893,0.0349982006066526,0.0250179939334738,146814,3348,4901,545
P1,sen1floods11,unet,F3,13,India_285297,IND,0.2199354320764541,0.6935878992080688,6.198883056640625e-06,0.0055839731357991,0.4738322402396456,0.2496570902947432,0.4916666666666667,0.7791666666666667,0.6486111111111111,0.6398148148148148,0.4738322402396456,0.572599896316608,245042,36006,15440,0.1469380759216787,0.0630096065164339,202097,6939,27505,8501
P1,sen1floods11,unet,F3,13,India_287642,IND,0.3168391287326813,0.8702506422996521,1.049041748046875e-05,0.0097258323803544,0.3949554805424863,0.2187400329001509,0.5583333333333333,0.8652777777777778,0.6930555555555555,0.7055555555555556,0.3949554805424863,0.5496224235023803,115377,17914,11857,0.1552649141510006,0.1027674493183216,93238,4225,10282,7632
P1,sen1floods11,unet,F3,13,India_324254,IND,0.0239830426871776,0.1502389758825302,0.0,0.0001881453499663,0.5004361783064986,0.9577951890195175,0.1152777777777777,0.0638888888888888,0.0930555555555555,0.0907407407407407,0.5004361783064986,0.7143432257722772,262144,3883,77,0.0148124694824218,0.0002937316894531,258238,23,3829,54
P1,sen1floods11,unet,F3,13,India_373039,IND,0.2043719440698623,0.6591367125511169,4.76837158203125e-07,0.0040782699361443,0.517094710427012,0.3968061101041444,0.4055555555555555,0.6916666666666667,0.5083333333333333,0.5351851851851852,0.517094710427012,0.6474467173073613,242783,1509,7123,0.0062154269450496,0.0293389570109933,234162,7112,1498,11
P1,sen1floods11,unet,F3,13,India_383430,IND,0.1229230612516403,0.4454143047332763,4.0531158447265625e-06,0.0038173764478415,0.4462188002194688,0.2269516419859812,0.3583333333333333,0.5611111111111111,0.5388888888888889,0.4861111111111111,0.4462188002194688,0.4746062855163881,251271,39228,10569,0.1561182945903029,0.0420621559989015,210953,1090,29749,9479
P1,sen1floods11,unet,F3,13,India_391908,IND,0.1079717129468917,0.4093347787857055,6.377696990966797e-06,0.0041758739389479,0.3831662865147792,0.2216147955165347,0.375,0.5875,0.5819444444444445,0.5148148148148148,0.3831662865147792,0.4798129214956543,211832,25989,9717,0.1226868461799916,0.0458712564673892,184854,989,17261,8728
P1,sen1floods11,unet,F3,13,India_399883,IND,0.3405904173851013,0.9029101133346558,5.85317611694336e-05,0.0025891668628901,0.2247368023416331,0.0931319568241441,0.7541666666666667,0.7083333333333334,0.6902777777777778,0.7175925925925926,0.2247368023416331,0.2297498703537811,262119,136292,143408,0.5199623071963497,0.5471102819711657,105744,20083,12967,123325
P1,sen1floods11,unet,F3,13,India_44475,IND,0.0207633171230554,0.138129323720932,0.0,0.0001193350981338,0.5000499663687903,0.9806817285895546,0.0999999999999999,0.0444444444444444,0.0888888888888888,0.0777777777777777,0.5000499663687903,0.7141857759054817,260175,0,26,0.0,9.993273758047467e-05,260149,26,0,0
P1,sen1floods11,unet,F3,13,India_500266,IND,0.0868462324142456,0.3584030866622925,7.748603820800781e-07,0.0015758959343656,0.5311579529960031,0.4725793852331553,0.2916666666666667,0.3611111111111111,0.3305555555555556,0.3277777777777778,0.5311579529960031,0.5918065114578344,262141,38181,3092,0.1456506231379296,0.0117951789304229,223738,222,35311,2870
P1,sen1floods11,unet,F3,13,India_533192,IND,0.3906928300857544,0.955112099647522,8.547306060791016e-05,0.0014276989968493,0.1987139282375631,0.2320707337589133,0.8569444444444445,0.6222222222222222,0.6263888888888889,0.7018518518518518,0.1987139282375631,0.5413474639089068,120661,43244,42134,0.3583925211957467,0.3491931941555266,71833,5584,6694,36550
P1,sen1floods11,unet,F3,13,India_534470,IND,0.0349455028772354,0.1863734275102615,0.0,0.00037490791874,0.494311183974418,0.8414100718333771,0.1458333333333333,0.1472222222222222,0.1458333333333333,0.1462962962962962,0.494311183974418,0.6650008181050946,250570,7434,366,0.0296683561479826,0.0014606696731452,243071,65,7133,301
P1,sen1floods11,unet,F3,13,India_56450,IND,0.0366553179919719,0.1995583027601242,0.0,0.0003535033611115,0.5006151792019774,0.9266972681261212,0.1611111111111111,0.1625,0.1458333333333333,0.1564814814814814,0.5006151792019774,0.7247772487855749,181248,82,141,0.0004524187853107,0.000777939618644,181025,141,82,0
P1,sen1floods11,unet,F3,13,India_566697,IND,0.0518151894211769,0.2565099895000458,2.384185791015625e-07,0.0007193472702056,0.5251936636536587,0.7468191243145688,0.2194444444444444,0.2208333333333333,0.2152777777777778,0.2185185185185185,0.5251936636536587,0.6533095763256134,215703,14719,645,0.0682373448677116,0.0029902226672786,200616,368,14442,277
P1,sen1floods11,unet,F3,13,India_570384,IND,0.0806086510419845,0.3320392072200775,6.079673767089844e-06,0.0021166605874896,0.3272446238660669,0.2038741120236537,0.3333333333333333,0.4319444444444444,0.4597222222222222,0.4083333333333334,0.3272446238660669,0.425183628824141,242000,14548,6991,0.0601157024793388,0.0288884297520661,226459,993,8550,5998
P1,sen1floods11,unet,F3,13,India_591317,IND,0.2376419603824615,0.7491848468780518,1.2576580047607422e-05,0.0013037191238254,0.0984275316568206,0.0921342465411965,0.5472222222222223,0.5236111111111111,0.3930555555555555,0.487962962962963,0.0984275316568206,0.1799490341299737,246049,114039,113202,0.4634808513751326,0.4600790899373702,126096,5914,6751,107288
P1,sen1floods11,unet,F3,13,India_591549,IND,0.0269034821540117,0.1588986814022064,0.0,0.0002221059985458,0.5167204179105052,0.9255974666853988,0.1263888888888888,0.0944444444444444,0.1124999999999999,0.1111111111111111,0.5167204179105052,0.7059744055066098,245709,11054,154,0.0449881770712509,0.0006267576686242,234625,30,10930,124
P1,sen1floods11,unet,F3,13,India_592446,IND,0.1001697182655334,0.3761902153491974,1.6689300537109375e-06,0.0026057283394038,0.3147115318433189,0.2530576378236833,0.3125,0.4916666666666667,0.4652777777777778,0.4231481481481481,0.3147115318433189,0.4939441387524724,224355,9044,5153,0.0403111140825923,0.0229680640057052,214202,1109,5000,4044
P1,sen1floods11,unet,F3,13,India_59460,IND,0.0446978360414505,0.223845824599266,0.0,0.0004612881748471,0.499746016537813,0.8665862627428237,0.1763888888888888,0.1847222222222222,0.1527777777777778,0.1712962962962962,0.499746016537813,0.6892181168586782,209353,315,284,0.0015046357109761,0.0013565604505309,208756,282,313,2
P1,sen1floods11,unet,F3,13,India_624341,IND,0.037011444568634,0.1974003314971923,0.0,0.0003680486697703,0.4924159294211445,0.8234171196306662,0.1541666666666666,0.1555555555555555,0.1458333333333333,0.1518518518518518,0.4924159294211445,0.6679350676899107,262142,3224,412,0.0122986778158402,0.0015716672643071,258606,312,3124,100
P1,sen1floods11,unet,F3,13,India_631692,IND,0.0170971285551786,0.1200985684990882,0.0,8.525507291778922e-05,0.4965269498606766,0.9961699466493324,0.0888888888888888,0.0291666666666666,0.0847222222222222,0.0675925925925925,0.4965269498606766,0.7154954508310942,262144,802,8,0.0030593872070312,3.0517578125e-05,261342,0,794,8
P1,sen1floods11,unet,F3,13,India_652725,IND,0.1033888682723045,0.3970208764076233,1.7881393432617188e-06,0.0024527690839022,0.4427974402891075,0.35135493497874,0.325,0.4930555555555556,0.4541666666666666,0.424074074074074,0.4427974402891075,0.5787560563652867,262094,21795,5447,0.0831571878791578,0.0207826199760391,239140,1159,17507,4288
P1,sen1floods11,unet,F3,13,India_664410,IND,0.0791900232434272,0.3238201141357422,2.980232238769531e-07,0.0021598867606371,0.4477477438052274,0.4853987468081673,0.2472222222222222,0.4236111111111111,0.3902777777777778,0.3537037037037037,0.4477477438052274,0.613001112097664,262142,13526,2789,0.0515979888762579,0.0106392718450305,247965,651,11388,2138
P1,sen1floods11,unet,F3,13,India_691027,IND,0.0673463493585586,0.2783218920230865,0.0,0.0015396228991448,0.4225535043847609,0.5017740563720441,0.2055555555555555,0.3333333333333333,0.2722222222222222,0.2703703703703703,0.4225535043847609,0.5941138957547397,254034,8394,2365,0.0330428210397033,0.0093097774313674,244949,691,6720,1674
P1,sen1floods11,unet,F3,13,India_698338,IND,0.0518942698836326,0.2439692467451095,0.0,0.0004897827748209,0.4966159779058177,0.7751026977519352,0.1805555555555555,0.1888888888888888,0.1527777777777778,0.174074074074074,0.4966159779058177,0.6463617820813462,227984,9936,649,0.0435820057547898,0.0028466909958593,217893,155,9442,494
P1,sen1floods11,unet,F3,13,India_70352,IND,0.110180452466011,0.4118119478225708,5.841255187988281e-06,0.0030021315906196,0.1541076922833721,0.1522468743375251,0.3708333333333333,0.5291666666666667,0.5194444444444445,0.4731481481481481,0.1541076922833721,0.3574948667224,239229,13188,13008,0.0551270957952422,0.0543746786551797,223920,2121,2301,10887
P1,sen1floods11,unet,F3,13,India_707886,IND,0.0634075105190277,0.2586082518100738,8.344650268554688e-07,0.0020726968068629,0.1934332264241334,0.301098554685682,0.2472222222222222,0.3916666666666666,0.4138888888888888,0.3509259259259259,0.1934332264241334,0.501663044344725,256881,5668,5011,0.0220646914329981,0.0195070869390885,250301,912,1569,4099
P1,sen1floods11,unet,F3,13,India_73419,IND,0.0282889977097511,0.1659374684095382,1.788139343261719e-07,0.0002666648069862,0.509559735492702,0.8558068261534596,0.1680555555555555,0.1138888888888888,0.1513888888888889,0.1444444444444444,0.509559735492702,0.6692221822598979,178934,6252,124,0.0349402573015748,0.0006929929471201,172655,27,6155,97
P1,sen1floods11,unet,F3,13,India_747970,IND,0.0566735453903675,0.2380302101373672,0.0,0.0012807971797883,0.3275068705266748,0.438834340921022,0.1805555555555555,0.2930555555555555,0.2569444444444444,0.2435185185185185,0.3275068705266748,0.5641644544323295,246517,5007,2515,0.0203109724684301,0.0102021361609949,240984,526,3018,1989
P1,sen1floods11,unet,F3,13,India_747992,IND,0.3177947402000427,0.8709757328033447,4.047155380249024e-05,0.0070071504451334,0.5406317501828076,0.2028911275925946,0.6680555555555556,0.8444444444444446,0.7819444444444446,0.764814814814815,0.5406317501828076,0.5394678132903397,262087,117322,34601,0.4476452475704632,0.132021046446409,144073,692,83413,33909
P1,sen1floods11,unet,F3,13,India_764946,IND,0.0424762777984142,0.1956680715084076,5.960464477539064e-08,0.0008212401298806,0.3787306690833332,0.574170223815473,0.1583333333333333,0.2013888888888889,0.1958333333333333,0.1851851851851852,0.3787306690833332,0.5722136314842745,242502,3146,1127,0.0129730888817411,0.0046473843514692,239092,264,2283,863
P1,sen1floods11,unet,F3,13,India_769408,IND,0.0799848958849906,0.3284321427345276,5.364418029785156e-07,0.0017469500890001,0.4416295810461779,0.5182834539672473,0.2513888888888889,0.3625,0.3333333333333333,0.3157407407407407,0.4416295810461779,0.6009436393035739,175907,8582,2181,0.0487871432063533,0.0123985969859073,166639,686,7087,1495
P1,sen1floods11,unet,F3,13,India_772630,IND,0.0963162556290626,0.3837192058563232,0.0,0.0013442295603454,0.5056677045834084,0.6667606666022341,0.2416666666666666,0.3652777777777778,0.2680555555555555,0.2916666666666667,0.5056677045834084,0.6362274174868963,155332,1345,1181,0.0086588726083485,0.0076030695542451,152818,1169,1333,12
P1,sen1floods11,unet,F3,13,India_773682,IND,0.0695976763963699,0.2980982959270477,2.86102294921875e-06,0.0011870535090565,0.5180977355061889,0.4366353293521428,0.2958333333333333,0.3083333333333333,0.3236111111111111,0.3092592592592593,0.5180977355061889,0.5721240095030095,252793,30959,2988,0.1224677898517759,0.0118199475460159,221345,489,28460,2499
P1,sen1floods11,unet,F3,13,India_774689,IND,0.1640957593917846,0.5599024295806885,4.887580871582031e-06,0.0067105866037309,0.3888021096989092,0.2566220950052206,0.4333333333333333,0.7361111111111112,0.6555555555555556,0.6083333333333333,0.3888021096989092,0.5617636499191928,237116,18757,9931,0.0791047419828269,0.0418824541574587,214890,3469,12295,6462
P1,sen1floods11,unet,F3,13,India_79637,IND,0.0314607992768287,0.1786095350980758,3.5762786865234375e-07,0.0003267669235356,0.4685358112637173,0.7404903807238448,0.1763888888888889,0.1430555555555555,0.1805555555555555,0.1666666666666666,0.4685358112637173,0.6312984499892392,262144,5165,577,0.0197029113769531,0.0022010803222656,256835,144,4732,433
P1,sen1floods11,unet,F3,13,India_80221,IND,0.2833402752876282,0.8273616433143616,0.0001143217086791,0.0008955230587162,0.2634492811732919,0.0865971425649413,0.7972222222222222,0.4805555555555555,0.5694444444444444,0.6157407407407407,0.2634492811732919,0.1617308696069398,151793,114506,126605,0.7543562614876839,0.8340634943640353,23334,13953,1854,112652
P1,sen1floods11,unet,F3,13,India_804466,IND,0.1400308161973953,0.4981461763381958,2.1457672119140625e-06,0.0026449903380125,0.5334576457226448,0.3949822512956534,0.3916666666666666,0.5625,0.4736111111111111,0.4759259259259259,0.5334576457226448,0.6135762874860364,262134,50228,5832,0.1916119236726254,0.0222481631531964,211570,336,44732,5496
P1,sen1floods11,unet,F3,13,India_828067,IND,0.063175581395626,0.2639020085334778,1.788139343261719e-07,0.0018630350241437,0.3430624134633439,0.42353949099623,0.2222222222222222,0.3819444444444444,0.3652777777777777,0.3231481481481481,0.3430624134633439,0.5592462291847046,183120,6994,2934,0.0381935342944517,0.0160222804718217,175716,410,4470,2524
P1,sen1floods11,unet,F3,13,India_833266,IND,0.0392515137791633,0.2035855054855346,0.0,0.0004631651390809,0.526673011371954,0.7930197600490547,0.1611111111111111,0.1694444444444444,0.1527777777777778,0.1611111111111111,0.526673011371954,0.6495887132553524,219674,18262,523,0.0831322778298751,0.0023808006409497,201396,16,17755,507
P1,sen1floods11,unet,F3,13,India_842775,IND,0.0307844020426273,0.1734429597854614,0.0,0.0002586948394309,0.4969884665367121,0.8810888136130253,0.1416666666666666,0.1180555555555555,0.1208333333333333,0.1268518518518518,0.4969884665367121,0.7009098476680379,246418,5929,249,0.0240607423159022,0.001010478130656,240418,71,5751,178
P1,sen1floods11,unet,F3,13,India_869358,IND,0.063787467777729,0.2880223095417022,1.1920928955078125e-07,0.0014511990593746,0.3991440621991737,0.5918277691757147,0.2319444444444444,0.3291666666666666,0.2944444444444444,0.2851851851851852,0.3991440621991737,0.6174682278295464,262144,5050,1634,0.0192642211914062,0.0062332153320312,256657,437,3853,1197
P1,sen1floods11,unet,F3,13,India_900498,IND,0.3369225561618805,0.8987686038017273,5.638599395751953e-05,0.0034222414251416,0.1885042999456498,0.098571487736167,0.7430555555555556,0.7486111111111111,0.7194444444444444,0.737037037037037,0.1885042999456498,0.2497850573052696,261992,123953,121295,0.4731174997709854,0.4629721518214296,125787,12252,14910,109043
P1,sen1floods11,unet,F3,13,India_91379,IND,0.0953820422291755,0.3776721358299255,1.6689300537109375e-06,0.0016966828843578,0.4816928889534203,0.3946184152757432,0.3125,0.3777777777777777,0.3513888888888888,0.3472222222222221,0.4816928889534203,0.5661644212624765,262133,29594,4355,0.1128968882208649,0.0166137037305489,232263,276,25515,4079
P1,sen1floods11,unet,F3,13,India_943439,IND,0.2376319766044616,0.7296595573425293,3.933906555175781e-05,0.0074352324008941,0.3022825554004404,0.1506718670511234,0.6375000000000001,0.8180555555555555,0.7777777777777779,0.7444444444444445,0.3022825554004404,0.4374996983835106,250096,47609,31378,0.1903629006461518,0.1254638218923933,197791,4696,20927,26682
P1,sen1floods11,unet,F3,13,India_952728,IND,0.052970502525568,0.2463596910238266,4.76837158203125e-07,0.0010036845924332,0.4630116738883594,0.574161025939211,0.2236111111111111,0.2555555555555555,0.2541666666666666,0.2444444444444444,0.4630116738883594,0.5876311156626808,188716,5848,1012,0.0309883634667966,0.0053625553742131,182500,368,5204,644
P1,sen1floods11,unet,F3,13,India_956930,IND,0.1093208268284797,0.4163569211959839,2.5033950805664062e-06,0.0029194105882197,0.5015286875661145,0.3037972953239828,0.3458333333333333,0.5208333333333333,0.4861111111111111,0.4509259259259259,0.5015286875661145,0.5391886122889489,237130,40096,6456,0.1690886855311432,0.0272255724707966,196536,498,34138,5958
P1,sen1floods11,unet,F3,13,India_979278,IND,0.290685772895813,0.8473095893859863,4.839897155761719e-05,0.0014397503109648,0.2599539312743559,0.6228817778508275,0.6958333333333333,0.5499999999999999,0.5375,0.5944444444444444,0.2599539312743559,0.7012699499503218,105990,5437,6039,0.0512972921973771,0.0569770733088027,98420,2133,1531,3906
P1,sen1floods11,unet,F3,13,India_981708,IND,0.090255506336689,0.4172143638134002,0.0006179809570312,0.0009277327917516,0.5258348602411749,0.7644633099640139,0.6902777777777778,0.3291666666666666,0.6388888888888888,0.5527777777777777,0.5258348602411749,0.6867246421809429,219993,10346,1573,0.0470287690971985,0.0071502275072388,208101,1546,10319,27
P1,sen1floods11,unet,F3,13,Paraguay_1019808,PRY,0.0270257703959941,0.1703039854764938,1.788139343261719e-07,9.550928371027112e-05,0.5046390502404631,0.971682842568654,0.1722222222222222,0.0861111111111111,0.1194444444444444,0.1259259259259259,0.5046390502404631,0.7288570238295626,262144,5170,54,0.0197219848632812,0.0002059936523437,256973,1,5117,53
P1,sen1floods11,unet,F3,13,Paraguay_1029042,PRY,0.2067153453826904,0.6807939410209656,2.849102020263672e-05,0.0031331297941505,0.0635475737949703,0.1155158275697657,0.5527777777777778,0.6611111111111112,0.6000000000000001,0.6046296296296297,0.0635475737949703,0.2786918639377063,223004,61197,64603,0.2744210866172804,0.2896943552582016,157122,4685,1279,59918
P1,sen1floods11,unet,F3,13,Paraguay_1029191,PRY,0.1660587936639785,0.5819465517997742,7.355213165283203e-05,0.0035378383472561,0.0645303222667386,0.1163282045031707,0.6763888888888889,0.6319444444444444,0.7694444444444444,0.6925925925925926,0.0645303222667386,0.2772054551801685,253937,50336,52507,0.19822239374333,0.2067717583495119,199749,3852,1681,48655
P1,sen1floods11,unet,F3,13,Paraguay_1056717,PRY,0.0912308692932128,0.3602470755577087,7.748603820800781e-07,0.0041303411126136,0.2413940194826791,0.3114273823845757,0.2958333333333333,0.5625,0.5277777777777778,0.462037037037037,0.2413940194826791,0.5677159027115475,262144,5046,5912,0.0192489624023437,0.022552490234375,254983,2115,1249,3797
P1,sen1floods11,unet,F3,13,Paraguay_1076204,PRY,0.066497802734375,0.3005297183990478,5.543231964111328e-06,0.0016164911212399,0.2420714257184649,0.313379274706982,0.3208333333333333,0.3444444444444444,0.3847222222222222,0.3499999999999999,0.2420714257184649,0.5208225012666781,262144,3029,4972,0.0115547180175781,0.0189666748046875,256899,2216,273,2756
P1,sen1floods11,unet,F3,13,Paraguay_11869,PRY,0.0922551900148391,0.3746265769004822,2.562999725341797e-06,0.0018438381375744,0.4587540296196546,0.503369357007308,0.325,0.4277777777777777,0.4138888888888888,0.3888888888888888,0.4587540296196546,0.6183383831378474,257933,222,2393,0.0008606886284422,0.009277603098479,255536,2175,4,218
P1,sen1floods11,unet,F3,13,Paraguay_126224,PRY,0.1486273407936096,0.5308791399002075,1.2934207916259766e-05,0.0018744796980172,0.7463840084090754,0.3676086618414067,0.4527777777777778,0.5069444444444444,0.4708333333333333,0.4768518518518518,0.7463840084090754,0.5911717567106547,262144,144382,7899,0.5507736206054688,0.0301322937011718,116942,820,137303,7079
P1,sen1floods11,unet,F3,13,Paraguay_12870,PRY,0.1298251301050186,0.4667086005210876,5.662441253662109e-06,0.0014755683951079,0.5142269134521484,0.3194029296299898,0.3875,0.4027777777777778,0.3763888888888889,0.3888888888888889,0.5142269134521484,0.5426522971096498,262144,0,7459,0.0,0.0284538269042968,254685,7459,0,0
P1,sen1floods11,unet,F3,13,Paraguay_148318,PRY,0.0700453594326973,0.2979636192321777,4.172325134277344e-07,0.0011100634001195,0.3043415422316454,0.5638096153670127,0.2513888888888889,0.2958333333333333,0.2666666666666666,0.2712962962962963,0.3043415422316454,0.5938341407422584,240076,2229,1626,0.0092845598893683,0.0067728552625002,237319,528,1131,1098
P1,sen1floods11,unet,F3,13,Paraguay_149787,PRY,0.1426046639680862,0.5216038227081299,4.291534423828125e-05,0.0033113171812146,0.0763753316011515,0.1242524219900297,0.5513888888888889,0.6069444444444444,0.6694444444444445,0.6092592592592593,0.0763753316011515,0.31272616599546,262144,40091,41363,0.1529350280761718,0.1577873229980468,218634,3419,2147,37944
P1,sen1floods11,unet,F3,13,Paraguay_149830,PRY,0.0333367139101028,0.1750057339668274,4.172325134277344e-07,0.0004599194508045,0.330171150409584,0.6386930717684276,0.1805555555555555,0.15,0.1916666666666666,0.174074074074074,0.330171150409584,0.5782716442438866,260440,1907,885,0.0073222239287359,0.0033980955306404,258364,169,1191,716
P1,sen1floods11,unet,F3,13,Paraguay_153941,PRY,0.0705966800451278,0.3032604157924652,2.980232238769531e-07,0.0016231993213295,0.4655783827969915,0.5551506643057724,0.2472222222222222,0.3444444444444444,0.3111111111111111,0.3009259259259259,0.4655783827969915,0.6034253122830118,262144,641,1976,0.0024452209472656,0.007537841796875,259715,1788,453,188
P1,sen1floods11,unet,F3,13,Paraguay_172476,PRY,0.0689593404531478,0.2818494141101837,2.384185791015625e-07,0.0020857250783592,0.2854596856982433,0.4708528443658595,0.2402777777777777,0.4125,0.3861111111111111,0.3462962962962963,0.2854596856982433,0.5976455874462456,262143,2815,2745,0.010738413766532,0.0104713839393003,258275,1053,1123,1692
P1,sen1floods11,unet,F3,13,Paraguay_179624,PRY,0.0356933772563934,0.1835923343896865,0.0,0.0003102908376604,0.4951331548164956,0.8312650891173845,0.1416666666666666,0.1291666666666666,0.1319444444444444,0.1342592592592592,0.4951331548164956,0.6607933585867569,262109,42,402,0.000160238679328,0.0015337130735686,261670,397,37,5
P1,sen1floods11,unet,F3,13,Paraguay_191503,PRY,0.1138626635074615,0.416642427444458,4.76837158203125e-07,0.0012408362235873,0.5065517425537109,0.5062028202491891,0.3013888888888889,0.3708333333333333,0.2916666666666666,0.3212962962962962,0.5065517425537109,0.6103281326346823,262144,90,3345,0.0003433227539062,0.0127601623535156,258709,3345,90,0
P1,sen1floods11,unet,F3,13,Paraguay_198534,PRY,0.2420209497213363,0.7341935038566589,1.1682510375976562e-05,0.0027407503221184,0.533204253991314,0.206152222180376,0.538888888888889,0.6652777777777779,0.5263888888888889,0.5768518518518518,0.533204253991314,0.5000323409531965,195487,0,12982,0.0,0.066408507982628,182505,12982,0,0
P1,sen1floods11,unet,F3,13,Paraguay_205585,PRY,0.0324701108038425,0.1875921189785003,0.0,0.0002178739086957,0.5001869201660156,0.9545892889593316,0.1458333333333333,0.1138888888888888,0.1124999999999999,0.124074074074074,0.5001869201660156,0.7289386095329046,262144,0,98,0.0,0.0003738403320312,262046,98,0,0
P1,sen1floods11,unet,F3,13,Paraguay_212687,PRY,0.0344966985285282,0.2133705019950866,4.76837158203125e-07,7.47954472899437e-05,0.5288550346597418,0.994180348277747,0.2083333333333333,0.1097222222222222,0.1236111111111111,0.1472222222222222,0.5288550346597418,0.7438598634843174,262144,15308,11,0.0583953857421875,4.1961669921875e-05,246835,1,15298,10
P1,sen1floods11,unet,F3,13,Paraguay_215904,PRY,0.0964658036828041,0.3701887726783752,4.291534423828125e-06,0.0012851532083004,0.5118245930325044,0.3449748091731688,0.3333333333333333,0.35,0.3527777777777777,0.3453703703703703,0.5118245930325044,0.541906403066549,226308,0,5352,0.0,0.0236491860650087,220956,5352,0,0
P1,sen1floods11,unet,F3,13,Paraguay_224845,PRY,0.2353101968765258,0.7760015726089478,5.91278076171875e-05,0.0008931250195018,0.0,0.9650397434906586,0.7222222222222222,0.4736111111111111,0.5013888888888889,0.5657407407407408,0.0,0.8483139876582791,103920,0,0,0.0,0.0,103920,0,0,0
P1,sen1floods11,unet,F3,13,Paraguay_225187,PRY,0.4005259871482849,0.9618643522262572,4.088878631591797e-05,0.005617600865662,0.6559443011768498,0.1596120382563463,0.7611111111111111,0.9263888888888888,0.7708333333333334,0.8194444444444443,0.6559443011768498,0.4954973323545715,262144,47,81918,0.0001792907714843,0.3124923706054687,180221,81876,5,42
P1,sen1floods11,unet,F3,13,Paraguay_232281,PRY,0.0562991648912429,0.3002200722694397,1.0132789611816406e-06,0.0007206726586446,0.556377227984131,0.9792447721316052,0.2791666666666667,0.2486111111111111,0.2472222222222222,0.2583333333333333,0.556377227984131,0.7718843544916354,261391,29404,69,0.1124904836050208,0.0002639723632412,231918,69,29404,0
P1,sen1floods11,unet,F3,13,Paraguay_24341,PRY,0.2354616075754165,0.7347369194030762,3.534555435180664e-05,0.0033755826298147,0.0750292718645031,0.118780581138977,0.625,0.7013888888888888,0.648611111111111,0.6583333333333333,0.0750292718645031,0.3016575350536367,262144,68353,68165,0.2607460021972656,0.2600288391113281,189915,3876,4064,64289
P1,sen1floods11,unet,F3,13,Paraguay_246154,PRY,0.0229898709803819,0.1464167237281799,0.0,0.0001864996302174,0.347317597658088,0.9679474178230998,0.1152777777777777,0.0638888888888888,0.0930555555555555,0.0907407407407407,0.347317597658088,0.7203873338954235,262144,36,58,0.0001373291015625,0.0002212524414062,262072,36,14,22
P1,sen1floods11,unet,F3,13,Paraguay_247656,PRY,0.0750239938497543,0.3404620587825775,8.094310760498047e-05,0.0019670461770147,0.0501015958190032,0.1433557689266615,0.5916666666666667,0.4277777777777778,0.6972222222222222,0.5722222222222223,0.0501015958190032,0.3168576309389859,262144,20976,21649,0.08001708984375,0.0825843811035156,239807,1361,688,20288
P1,sen1floods11,unet,F3,13,Paraguay_252217,PRY,0.0655474811792373,0.2830744087696075,2.980232238769531e-07,0.0011572529328987,0.4819861300394312,0.5904085790707087,0.2402777777777777,0.3013888888888889,0.275,0.2722222222222222,0.4819861300394312,0.6119875583776873,255778,300,1449,0.001172892117383,0.00566506892696,254100,1378,229,71
P1,sen1floods11,unet,F3,13,Paraguay_271769,PRY,0.3682000041007995,0.93307626247406,3.886222839355469e-05,0.0061005987226963,0.6351240756227008,0.1343055039816043,0.7166666666666668,0.8902777777777777,0.7708333333333334,0.7925925925925927,0.6351240756227008,0.4136373343834132,262144,2613,78874,0.0099678039550781,0.3008804321289062,182783,76748,487,2126
P1,sen1floods11,unet,F3,13,Paraguay_280900,PRY,0.1265169829130172,0.4557569921016693,1.0132789611816406e-06,0.0041598435491323,0.3209745903927478,0.3175736377256493,0.3291666666666666,0.5875,0.5361111111111112,0.4842592592592593,0.3209745903927478,0.5765186514659961,262142,6585,7194,0.0251199731443263,0.0274431415034599,252171,3386,2777,3808
P1,sen1floods11,unet,F3,13,Paraguay_284928,PRY,0.048780471086502,0.254638671875,2.026557922363281e-06,0.0013059788616374,0.5004992960117536,0.9116923306685532,0.2555555555555555,0.2972222222222221,0.3277777777777777,0.2935185185185185,0.5004992960117536,0.7550136337499906,261368,0,261,0.0,0.000998592023507,261107,261,0,0
P1,sen1floods11,unet,F3,13,Paraguay_305760,PRY,0.0366782397031784,0.2241702526807785,1.0728836059570312e-06,7.122752140276134e-05,0.5830694656094967,0.9828445039749266,0.2430555555555555,0.1124999999999999,0.1472222222222222,0.1675925925925926,0.5830694656094967,0.739438862930739,262144,43791,35,0.1670494079589843,0.0001335144042968,218353,0,43756,35
P1,sen1floods11,unet,F3,13,Paraguay_339807,PRY,0.2398847490549087,0.7423929572105408,4.583597183227539e-05,0.0042704194784164,0.0925436314228016,0.1231463369676927,0.6541666666666667,0.7402777777777778,0.7166666666666667,0.7037037037037037,0.0925436314228016,0.3375363101942559,214619,58043,58632,0.2704466985681603,0.2731910967808069,152119,4457,3868,54175
P1,sen1floods11,unet,F3,13,Paraguay_36015,PRY,0.2600098848342895,0.7778072953224182,1.1980533599853516e-05,0.0039117424748837,0.5366961802707724,0.2576962704098928,0.5513888888888889,0.7333333333333334,0.5902777777777778,0.625,0.5366961802707724,0.5751911110909734,262139,0,19239,0.0,0.0733923605415447,242900,19239,0,0
P1,sen1floods11,unet,F3,13,Paraguay_36146,PRY,0.1765699535608291,0.5887304544448853,9.5367431640625e-07,0.002524287905544,0.5120315551757812,0.4223877582741261,0.4083333333333334,0.5847222222222223,0.4541666666666666,0.4824074074074074,0.5120315551757812,0.6224759936699283,262144,0,6308,0.0,0.0240631103515625,255836,6308,0,0
P1,sen1floods11,unet,F3,13,Paraguay_403081,PRY,0.0381375215947628,0.2012171149253845,8.344650268554688e-07,0.0006617096951231,0.1833651817449184,0.5579402192504104,0.2236111111111111,0.1736111111111111,0.2194444444444444,0.2055555555555555,0.1833651817449184,0.561763894533651,249836,1202,1338,0.0048111561184136,0.0053555132166701,248283,351,215,987
P1,sen1floods11,unet,F3,13,Paraguay_40936,PRY,0.2658362090587616,0.7861800193786621,3.516674041748047e-06,0.0034155312459915,0.5231689817072321,0.38169386572569,0.5111111111111111,0.7097222222222221,0.5263888888888889,0.5824074074074074,0.5231689817072321,0.6591794611963733,215331,0,9978,0.0,0.0463379634144642,205353,9978,0,0
P1,sen1floods11,unet,F3,13,Paraguay_44682,PRY,0.0246377270668745,0.1454501152038574,5.960464477539062e-07,0.0002001841639867,0.4417985489854411,0.9162440427375632,0.1652777777777778,0.0638888888888888,0.1597222222222222,0.1296296296296296,0.4417985489854411,0.6969355553612951,262144,1309,175,0.0049934387207031,0.0006675720214843,260820,15,1149,160
P1,sen1floods11,unet,F3,13,Paraguay_470303,PRY,0.073805958032608,0.3123928904533386,1.132488250732422e-06,0.0006330146570689,0.4259917005914679,0.5294968170639762,0.2791666666666667,0.2208333333333333,0.2194444444444444,0.2398148148148148,0.4259917005914679,0.5729922250990923,262144,10446,2261,0.0398483276367187,0.0086250305175781,251392,306,8491,1955
P1,sen1floods11,unet,F3,13,Paraguay_482517,PRY,0.1360332369804382,0.530307948589325,9.500980377197266e-05,0.0021225379314273,0.0497540779252632,0.1125370037501248,0.6833333333333333,0.5277777777777778,0.7222222222222222,0.6444444444444445,0.0497540779252632,0.2145034470413277,259600,47452,45949,0.182788906009245,0.1769992295839753,210925,1223,2726,44726
P1,sen1floods11,unet,F3,13,Paraguay_48673,PRY,0.1458504199981689,0.5135507583618164,5.960464477539062e-07,0.0028107715770602,0.5061175094217767,0.3939614986285125,0.375,0.5708333333333333,0.4569444444444445,0.4675925925925925,0.5061175094217767,0.6158655126962234,262144,133,5913,0.0005073547363281,0.0225563049316406,256160,5851,71,62
P1,sen1floods11,unet,F3,13,Paraguay_511199,PRY,0.0628819614648819,0.2762656509876251,3.5762786865234375e-07,0.0009265759144909,0.4462363440816387,0.5525387222976703,0.2402777777777777,0.2722222222222222,0.2458333333333333,0.2527777777777777,0.4462363440816387,0.5820564229606496,262144,11544,1863,0.044036865234375,0.0071067810058593,250444,156,9837,1707
P1,sen1floods11,unet,F3,13,Paraguay_54421,PRY,0.1065146476030349,0.4016337394714355,8.344650268554688e-07,0.0014161454746499,0.5010832405381628,0.5038225258736906,0.3166666666666666,0.3777777777777777,0.3305555555555555,0.3416666666666666,0.5010832405381628,0.6104082512483886,262144,40,3109,0.000152587890625,0.0118598937988281,259025,3079,10,30
P1,sen1floods11,unet,F3,13,Paraguay_581976,PRY,0.1521202623844146,0.5349952578544617,1.847743988037109e-05,0.0017455475172027,0.7563036108169547,0.4164923323069978,0.4736111111111111,0.4666666666666667,0.4513888888888889,0.4638888888888888,0.7563036108169547,0.5953130022517517,261748,148589,6605,0.5676796002261717,0.0252341947216406,113114,45,142029,6560
P1,sen1floods11,unet,F3,13,Paraguay_59731,PRY,0.0366933196783065,0.1939418911933899,4.76837158203125e-06,0.0014980358537286,0.1827966875679945,0.2538697125388834,0.2458333333333333,0.2694444444444444,0.3680555555555556,0.2944444444444444,0.1827966875679945,0.4413073306442735,255656,2770,4113,0.0108348718590606,0.0160880245329661,251460,1426,83,2687
P1,sen1floods11,unet,F3,13,Paraguay_605682,PRY,0.2053319066762924,0.6664673686027527,1.2218952178955078e-05,0.0018345625139772,0.5523355737332156,0.3171695312707061,0.5027777777777778,0.5527777777777778,0.4666666666666667,0.5074074074074074,0.5523355737332156,0.5857934240169029,262144,75440,12807,0.28778076171875,0.0488548278808593,185661,1043,63676,11764
P1,sen1floods11,unet,F3,13,Paraguay_62897,PRY,0.0492931231856346,0.269705057144165,7.152557373046875e-07,0.0001221676648128,0.5744504759286599,0.8794778716661554,0.2569444444444444,0.1430555555555555,0.1472222222222222,0.1824074074074073,0.5744504759286599,0.7146577832946438,262144,41142,330,0.1569442749023437,0.0012588500976562,220969,33,40845,297
P1,sen1floods11,unet,F3,13,Paraguay_648632,PRY,0.0520594418048858,0.2669523358345032,7.748603820800781e-07,0.0004294058890081,0.497195182999098,0.5842706941176845,0.2569444444444444,0.2069444444444444,0.2111111111111111,0.2249999999999999,0.497195182999098,0.5862341334938378,262144,18394,1452,0.0701675415039062,0.0055389404296875,243623,127,17069,1325
P1,sen1floods11,unet,F3,13,Paraguay_651904,PRY,0.0744688212871551,0.3433770835399627,0.0001022219657897,0.0016628804150968,0.1640168259747787,0.1224998222840619,0.6,0.3652777777777778,0.6430555555555555,0.5361111111111111,0.1640168259747787,0.2360262326099774,262144,27156,22427,0.1035919189453125,0.0855522155761718,233100,1888,6617,20539
P1,sen1floods11,unet,F3,13,Paraguay_657443,PRY,0.2290157377719879,0.7206392884254456,3.808736801147461e-05,0.0043582622893154,0.0812394409394132,0.1137573200685365,0.6333333333333333,0.7444444444444445,0.7,0.6925925925925925,0.0812394409394132,0.281946734796002,262144,64974,70306,0.2478561401367187,0.2681961059570312,190213,6957,1625,63349
P1,sen1floods11,unet,F3,13,Paraguay_683296,PRY,0.0454267151653766,0.2290197163820266,8.702278137207031e-06,0.0013990962179377,0.1636127761672903,0.2420975040141127,0.3013888888888889,0.3041666666666667,0.3888888888888889,0.3314814814814815,0.1636127761672903,0.441445154334715,259578,7409,6561,0.0285424804875605,0.0252756396921156,251278,891,1739,5670
P1,sen1floods11,unet,F3,13,Paraguay_721886,PRY,0.1039249375462532,0.391733169555664,8.225440979003906e-06,0.006383310072124,0.2946985655304694,0.2448077786344504,0.3625,0.6527777777777778,0.6680555555555556,0.5611111111111111,0.2946985655304694,0.5203329378247382,261426,10917,9034,0.0417594271419063,0.0345566240542256,247580,2929,4812,6105
P1,sen1floods11,unet,F3,13,Paraguay_76868,PRY,0.2066951245069503,0.6762685179710388,9.357929229736328e-05,0.0033631736878305,0.1452846797636041,0.1995921792335363,0.7458333333333333,0.6694444444444445,0.8013888888888889,0.7388888888888889,0.1452846797636041,0.4959092544988179,262121,17683,22462,0.0674612106622514,0.085693248537889,238976,5462,683,17000
P1,sen1floods11,unet,F3,13,Paraguay_7894,PRY,0.0314639583230018,0.1786743253469467,1.1920928955078125e-07,0.0003031961678061,0.5001879448233566,0.8723815777502595,0.1680555555555555,0.1291666666666666,0.1583333333333333,0.1518518518518518,0.5001879448233566,0.6728815748330497,202187,0,76,0.0,0.0003758896467131,202111,76,0,0
P1,sen1floods11,unet,F3,13,Paraguay_790830,PRY,0.0969182774424552,0.402981162071228,0.0002716779708862,0.0021695881150662,0.0474161071277534,0.1238301666907061,0.6819444444444445,0.4652777777777778,0.7833333333333333,0.6435185185185185,0.0474161071277534,0.2690552780483937,261199,31947,32887,0.1223090440621901,0.1259078327252401,227384,1868,928,31019
P1,sen1floods11,unet,F3,13,Paraguay_791364,PRY,0.0179885420948267,0.1240120455622673,0.0,9.19573794817552e-05,0.4860605321247759,0.9799077973597552,0.0999999999999999,0.0444444444444444,0.0888888888888888,0.0777777777777777,0.4860605321247759,0.7141857759054817,261735,1206,39,0.0046077139091065,0.0001490056736775,260529,0,1167,39
P1,sen1floods11,unet,F3,13,Paraguay_792268,PRY,0.0715738534927368,0.3069203197956085,2.026557922363281e-06,0.0016011343104764,0.3042885411560794,0.5273469074354686,0.2833333333333333,0.3402777777777778,0.3430555555555555,0.3222222222222222,0.3042885411560794,0.5965591037420865,262120,1346,2154,0.0051350526476423,0.0082176102548451,259615,1159,351,995
P1,sen1floods11,unet,F3,13,Paraguay_795075,PRY,0.0320518240332603,0.18150494992733,4.410743713378906e-06,0.0008075713412836,0.1972184038843621,0.3718328119998892,0.2416666666666666,0.1888888888888888,0.2916666666666666,0.2407407407407407,0.1972184038843621,0.5013270677524402,262138,3421,2726,0.0130503780451517,0.0103991027626669,258323,394,1089,2332
P1,sen1floods11,unet,F3,13,Paraguay_80102,PRY,0.0240860115736722,0.1528668403625488,0.0,0.000158114315127,0.5001583105404303,0.9677078792385576,0.1263888888888888,0.075,0.0930555555555555,0.0981481481481481,0.5001583105404303,0.7242996666751784,262143,22,61,8.392365998710627e-05,0.0002326974208733,262060,61,22,0
P1,sen1floods11,unet,F3,13,Paraguay_822142,PRY,0.2929683327674866,0.8373369574546814,8.797645568847656e-05,0.0041279043070971,0.1020748056427978,0.124312700213526,0.7847222222222222,0.7513888888888889,0.8277777777777778,0.787962962962963,0.1020748056427978,0.3582112890103637,262144,80190,84393,0.3059005737304687,0.3219337463378906,173736,8218,4015,76175
P1,sen1floods11,unet,F3,13,Paraguay_868895,PRY,0.1237328127026557,0.4610981941223144,5.459785461425781e-05,0.0038093063049018,0.366100808709428,0.1754213540644023,0.5513888888888889,0.5652777777777778,0.7277777777777779,0.6148148148148148,0.366100808709428,0.4236911399081943,175465,15787,9335,0.0899723591599464,0.0532014931752771,156729,2949,9401,6386
P1,sen1floods11,unet,F3,13,Paraguay_892933,PRY,0.0801727920770645,0.3663370609283447,1.1920928955078125e-06,0.0004651371273212,0.5288938935991182,0.7022772665082575,0.3083333333333333,0.2458333333333333,0.2236111111111111,0.2592592592592592,0.5288938935991182,0.6341772442541427,262144,26570,1272,0.1013565063476562,0.004852294921875,235387,187,25485,1085
P1,sen1floods11,unet,F3,13,Paraguay_896458,PRY,0.1479094475507736,0.5443467497825623,4.547834396362305e-05,0.0026169698685407,0.0608542372671522,0.1089200402352414,0.5680555555555555,0.575,0.6375,0.5935185185185184,0.0608542372671522,0.2251106338587467,240678,49299,49569,0.2048338443895994,0.2059556752175105,188752,2627,2357,46942
P1,sen1floods11,unet,F3,13,Paraguay_913449,PRY,0.1031038388609886,0.3928882181644439,4.76837158203125e-07,0.0033186033833771,0.3141050197919601,0.4057574504645771,0.2930555555555555,0.5444444444444445,0.4736111111111111,0.437037037037037,0.3141050197919601,0.6009835110975188,262144,5517,4357,0.0210456848144531,0.0166206359863281,255033,1594,2754,2763
P1,sen1floods11,unet,F3,13,Paraguay_921838,PRY,0.120662584900856,0.4652686715126037,2.264976501464844e-06,0.000930443580728,0.4698655486138734,0.6356342439501785,0.3625,0.3458333333333333,0.2944444444444444,0.3342592592592592,0.4698655486138734,0.6381961682422579,262144,7350,2317,0.0280380249023437,0.0088386535644531,253284,1510,6543,807
P1,sen1floods11,unet,F3,13,Paraguay_934240,PRY,0.0268104448914527,0.1771783530712127,8.940696716308594e-07,4.593899939209223e-05,0.5388298034667969,0.9999999999640992,0.2041666666666666,0.0694444444444444,0.1347222222222222,0.1361111111111111,0.5388298034667969,0.7497450546510326,262144,20358,0,0.0776596069335937,0.0,241786,0,20358,0
P1,sen1floods11,unet,F3,13,Paraguay_989230,PRY,0.154980719089508,0.5576333403587341,8.207559585571289e-05,0.0036216652952134,0.0747460356113942,0.1241037469541316,0.6875,0.6236111111111111,0.7972222222222223,0.7027777777777778,0.0747460356113942,0.3179496407904631,219924,36591,35096,0.166380204070497,0.1595824011931394,181710,1623,3118,33473
P1,sen1floods11,unet,F3,13,Paraguay_997480,PRY,0.101070687174797,0.3936285674571991,1.3113021850585938e-06,0.0009825316956266,0.4149258375586028,0.3797700548713139,0.325,0.3208333333333333,0.2819444444444444,0.3092592592592593,0.4149258375586028,0.5447759057637602,262144,19947,4706,0.0760917663574218,0.0179519653320312,242102,95,15336,4611
P1,sen1floods11,unet,F3,13,Somalia_1068756,SOM,0.4019412100315094,0.9628846645355223,3.635883331298828e-05,0.0081233326345682,0.5999816550238464,0.1714799867825392,0.7486111111111111,0.95,0.773611111111111,0.8240740740740741,0.5999816550238464,0.5410949799175901,171193,6495,45307,0.0379396353822878,0.2646545127429275,122729,41969,3157,3338
P1,sen1floods11,unet,F3,13,Somalia_1087508,SOM,0.4185888767242431,0.9743679165840148,3.606081008911133e-05,0.0082214158028364,0.5786872708287261,0.1905956312090289,0.7569444444444444,0.9583333333333334,0.773611111111111,0.8296296296296296,0.5786872708287261,0.5661909592872764,212943,10021,64160,0.0470595417553054,0.3013012871989218,146984,55938,1799,8222
P1,sen1floods11,unet,F3,13,Somalia_12849,SOM,0.4511875510215759,0.990854561328888,6.443262100219727e-05,0.0041474937461316,0.6756250123913237,0.1509700094072338,0.8833333333333333,0.8972222222222223,0.7805555555555557,0.8537037037037036,0.6756250123913237,0.4780605488069726,191302,37192,110136,0.1944151132763902,0.5757179747205988,70570,83540,10596,26596
P1,sen1floods11,unet,F3,13,Somalia_166342,SOM,0.2537848353385925,0.7645010352134705,1.6093254089355469e-06,0.0073846094310283,0.5232798523871482,0.3533494533878236,0.4861111111111111,0.8222222222222222,0.6222222222222222,0.6435185185185185,0.5232798523871482,0.6686429318554808,220577,12,10258,5.4402770914465245e-05,0.046505302003382,210307,10258,12,0
P1,sen1floods11,unet,F3,13,Somalia_167787,SOM,0.4427719116210937,0.9873457551002502,6.0677528381347656e-05,0.0070019569247961,0.743928749388146,0.1542290180163424,0.875,0.9791666666666669,0.8541666666666667,0.9027777777777778,0.743928749388146,0.5063167399362498,220505,225,108145,0.0010203850252828,0.4904423935965171,112359,107921,1,224
P1,sen1floods11,unet,F3,13,Somalia_195014,SOM,0.039456833153963,0.1947271823883056,4.76837158203125e-07,0.0006468454957939,0.5027712390327412,0.5880307156387207,0.1930555555555555,0.1625,0.1916666666666666,0.1824074074074073,0.5027712390327412,0.5766289104979645,233650,0,1295,0.0,0.0055424780654825,232355,1295,0,0
P1,sen1floods11,unet,F3,13,Somalia_205466,SOM,0.1263995766639709,0.4590907692909241,2.9802322387695312e-06,0.0039220447652041,0.5110337375693358,0.3093220596127738,0.35,0.5805555555555556,0.5416666666666667,0.4907407407407407,0.5110337375693358,0.5576611841082215,240083,93,5644,0.0003873660359125,0.0235085366310817,234356,5634,83,10
P1,sen1floods11,unet,F3,13,Somalia_230192,SOM,0.4199516773223877,0.9754163026809692,5.435943603515625e-05,0.0077001168392598,0.6948714130698281,0.1588452361506052,0.8361111111111111,0.9625,0.8402777777777778,0.8796296296296297,0.6948714130698281,0.5058473245151345,232522,58,90766,0.0002494387627837,0.3903544610832523,141746,90718,10,48
P1,sen1floods11,unet,F3,13,Somalia_256539,SOM,0.2763465642929077,0.8045497536659241,1.621246337890625e-05,0.0064843688160181,0.5336370497923248,0.2821218565912434,0.5708333333333333,0.8333333333333333,0.6958333333333333,0.7000000000000001,0.5336370497923248,0.6141288861114875,221259,23,14862,0.0001039505737619,0.0671701490108876,206374,14862,23,0
P1,sen1floods11,unet,F3,13,Somalia_295782,SOM,0.408110111951828,0.9673745632171632,5.328655242919922e-05,0.0091636311262846,0.5620608297707718,0.1998368359392217,0.8277777777777778,0.9708333333333334,0.8569444444444445,0.8851851851851853,0.5620608297707718,0.5807454767869057,203048,16239,55933,0.0799761632717387,0.2754668846775147,140340,46469,6775,9464
P1,sen1floods11,unet,F3,13,Somalia_322855,SOM,0.2262082397937774,0.7072482109069824,1.430511474609375e-05,0.0047898599877953,0.3547196814972879,0.2028450056150754,0.5513888888888889,0.7611111111111111,0.6430555555555556,0.6518518518518519,0.3547196814972879,0.5182956261874812,255044,44737,20428,0.1754089490440865,0.0800959834381518,208725,1582,25891,18846
P1,sen1floods11,unet,F3,13,Somalia_32375,SOM,0.4254846572875976,0.9786391258239746,4.869699478149414e-05,0.0113954320549964,0.6729718195975084,0.1881817048446332,0.825,0.9791666666666669,0.8458333333333333,0.8833333333333333,0.6729718195975084,0.5715915101254292,133568,1,46206,7.486823191183517e-06,0.3459361523718255,87361,46206,1,0
P1,sen1floods11,unet,F3,13,Somalia_371421,SOM,0.3762116730213165,0.940776228904724,5.9723854064941406e-05,0.0095534659922122,0.579647142111462,0.1958343132847673,0.7930555555555556,0.9180555555555556,0.875,0.862037037037037,0.579647142111462,0.5500736798367771,230962,34678,45453,0.1501459114486365,0.1967986075631489,159580,36704,25929,8749
P1,sen1floods11,unet,F3,13,Somalia_60129,SOM,0.3279427886009216,0.8853804469108582,4.291534423828125e-05,0.0088853389024734,0.5526962970066118,0.2271500530135415,0.6722222222222223,0.8652777777777778,0.8069444444444445,0.7814814814814816,0.5526962970066118,0.5617106397486731,222316,677,23895,0.003045214919304,0.1074821425358498,197848,23791,573,104
P1,sen1floods11,unet,F3,13,Somalia_61368,SOM,0.1287008970975875,0.472845196723938,3.5762786865234375e-07,0.0027251821011304,0.5059938300879471,0.5545771867711352,0.3138888888888889,0.5333333333333333,0.4333333333333333,0.4268518518518518,0.5059938300879471,0.6510142545497215,212969,0,2553,0.0,0.0119876601758941,210416,2553,0,0
P1,sen1floods11,unet,F3,13,Somalia_626316,SOM,0.4041210114955902,0.9646758437156676,4.637241363525391e-05,0.006028386298567,0.5499843977534602,0.1573150362640606,0.7777777777777778,0.9347222222222222,0.7875,0.8333333333333334,0.5499843977534602,0.4977865575647584,169085,21727,68958,0.1284975012567643,0.4078303811692344,96909,50449,3218,18509
P1,sen1floods11,unet,F3,13,Somalia_649376,SOM,0.377873033285141,0.9420783519744872,6.753206253051758e-05,0.0067381700500845,0.6097264078616593,0.172496311594688,0.8166666666666667,0.8972222222222223,0.8777777777777778,0.8638888888888889,0.6097264078616593,0.5238014479630126,213929,5187,51180,0.0242463621107937,0.2392382519434018,159226,49516,3523,1664
P1,sen1floods11,unet,F3,13,Somalia_685158,SOM,0.2389273196458816,0.7342784404754639,7.033348083496094e-06,0.006402576342225,0.4525149146951938,0.2234753761438378,0.5236111111111111,0.8180555555555555,0.663888888888889,0.6685185185185185,0.4525149146951938,0.5483083473078607,184172,25254,13531,0.1371218209065438,0.0734693655930326,152684,6234,17957,7297
P1,sen1floods11,unet,F3,13,Somalia_699062,SOM,0.1832079440355301,0.6048130989074707,4.649162292480469e-06,0.0040592085570096,0.4610687161962278,0.32125955024537,0.4541666666666666,0.6791666666666667,0.5694444444444444,0.5675925925925926,0.4610687161962278,0.6087953968989742,203209,3290,6798,0.0161902277950287,0.0334532427205487,194180,5739,2231,1059
P1,sen1floods11,unet,F3,13,Somalia_7931,SOM,0.0302006006240844,0.1668975055217743,0.0,0.0002936206292361,0.5005248252232983,0.8545881079836137,0.1374999999999999,0.125,0.1319444444444444,0.1314814814814814,0.5005248252232983,0.6653703419174952,201972,0,212,0.0,0.0010496504465965,201760,212,0,0
P1,sen1floods11,unet,F3,13,Somalia_886726,SOM,0.3286821544170379,0.8864794969558716,3.11732292175293e-05,0.0090351598337292,0.4437675953774204,0.1720906617499862,0.6194444444444445,0.8652777777777778,0.7541666666666667,0.7462962962962963,0.4437675953774204,0.5093283693480711,262036,82995,47148,0.3167312888305423,0.1799294753392663,167323,11718,47565,35430
P1,sen1floods11,unet,F3,13,Somalia_93023,SOM,0.41132852435112,0.9696757197380066,6.699562072753906e-05,0.0094687370583415,0.6420071875415946,0.186212582087675,0.8694444444444445,0.9708333333333334,0.898611111111111,0.912962962962963,0.6420071875415946,0.568657260540613,187825,0,53345,0.0,0.2840143750831891,134480,53345,0,0
P1,sen1floods11,unet,F3,13,Somalia_94102,SOM,0.2580037117004394,0.7711673378944397,1.847743988037109e-05,0.0064973686821758,0.3872686164976532,0.2333485802334917,0.5763888888888888,0.8263888888888888,0.7083333333333334,0.7037037037037037,0.3872686164976532,0.5693749212621161,241360,12694,20592,0.0525936360623135,0.085316539608883,215792,12874,4976,7718
P1,sen1floods11,unet,F3,13,Somalia_970508,SOM,0.3937864005565643,0.9565675258636476,3.7550926208496094e-05,0.0077088582329452,0.6118163985540477,0.1617912793773639,0.7166666666666667,0.913888888888889,0.7694444444444444,0.7999999999999999,0.6118163985540477,0.5008190848499994,217119,38112,70523,0.1755350752352396,0.3248126603383398,123740,55267,22856,15256
P1,sen1floods11,unet,F3,13,Somalia_989553,SOM,0.3567476868629455,0.9205272197723388,4.166364669799805e-05,0.0032257386483252,0.5906049699464203,0.1549160510562143,0.7083333333333334,0.7555555555555555,0.6611111111111112,0.7083333333333334,0.5906049699464203,0.4469317739825588,110303,2307,17681,0.0209151156360207,0.1602948242568198,90315,17681,2307,0
P1,sen1floods11,unet,F3,13,Somalia_992457,SOM,0.3201081752777099,0.8753389120101929,2.443790435791016e-06,0.0071315472014248,0.4736673723115244,0.3727522811637032,0.5208333333333334,0.8444444444444446,0.6347222222222222,0.6666666666666666,0.4736673723115244,0.6764675974149907,181140,7852,12884,0.0433476868720326,0.0711273048470796,162954,10334,5302,2550
P1,sen1floods11,unet,F3,13,Sri-Lanka_101973,LKA,0.1404011845588684,0.5057408213615417,6.556510925292969e-07,0.0026221724692732,0.4873290923254465,0.4237093561351491,0.3708333333333333,0.5625,0.4527777777777778,0.462037037037037,0.4873290923254465,0.6135762874860364,262143,2958,5264,0.0112839175564481,0.0200806430078239,254339,4846,2540,418
P1,sen1floods11,unet,F3,13,Sri-Lanka_1038087,LKA,0.1275507062673568,0.4704984724521637,1.7881393432617188e-06,0.0024371184408664,0.4284964534241773,0.3282346353848098,0.35,0.5180555555555556,0.4541666666666666,0.4407407407407407,0.4284964534241773,0.5754705888734426,262143,18112,6997,0.069092060440294,0.0266915385877173,241340,2691,13806,4306
P1,sen1floods11,unet,F3,13,Sri-Lanka_1049830,LKA,0.0765577256679534,0.3171014487743377,2.026557922363281e-06,0.0014902940019965,0.3281814157731866,0.2613045412325542,0.2833333333333333,0.3361111111111111,0.3388888888888889,0.3194444444444444,0.3281814157731866,0.4768695435690957,190233,2577,5008,0.0135465455520335,0.0263256112241304,184666,2990,559,2018
P1,sen1floods11,unet,F3,13,Sri-Lanka_117737,LKA,0.1255110651254654,0.4658196568489074,4.76837158203125e-07,0.0020341887138783,0.4561494826262233,0.4757995406224141,0.3180555555555555,0.4777777777777777,0.3819444444444444,0.3925925925925925,0.4561494826262233,0.6219205912765642,262144,6731,3849,0.0256767272949218,0.0146827697753906,252694,2719,5601,1130
P1,sen1floods11,unet,F3,13,Sri-Lanka_120804,LKA,0.1167849078774452,0.4403322339057922,1.5497207641601562e-06,0.0018654677551239,0.450211749289588,0.5126640883582818,0.3333333333333333,0.4527777777777777,0.4055555555555555,0.3972222222222221,0.450211749289588,0.6264961075176667,262144,6958,3337,0.0265426635742187,0.0127296447753906,253033,2153,5774,1184
P1,sen1floods11,unet,F3,13,Sri-Lanka_132922,LKA,0.1141319721937179,0.4373205304145813,2.384185791015625e-07,0.0019329384667798,0.5091617156920578,0.5648697298712977,0.2972222222222222,0.4527777777777777,0.3694444444444444,0.3731481481481482,0.5091617156920578,0.6325402156408131,262144,17843,2712,0.0680656433105468,0.010345458984375,242615,1686,16817,1026
P1,sen1floods11,unet,F3,13,Sri-Lanka_135713,LKA,0.0204909704625606,0.1348577588796615,0.0,0.000119102463941,0.5001302761855133,0.973756407810774,0.0999999999999999,0.0444444444444444,0.0888888888888888,0.0777777777777777,0.5001302761855133,0.7141857759054817,134330,0,35,0.0,0.0002605523710265,134295,35,0,0
P1,sen1floods11,unet,F3,13,Sri-Lanka_14484,LKA,0.0792355686426162,0.3239138126373291,5.364418029785156e-07,0.0014664802001789,0.5508270155139617,0.3842838787711821,0.2513888888888889,0.3361111111111111,0.3069444444444444,0.2981481481481481,0.5508270155139617,0.5534282464622832,232015,38866,3512,0.1675150313557313,0.0151369523522186,192094,1055,36409,2457
P1,sen1floods11,unet,F3,13,Sri-Lanka_152185,LKA,0.0575230196118354,0.2562446296215057,8.940696716308594e-07,0.001011055894196,0.2620510587702293,0.3955359568856057,0.2472222222222222,0.2555555555555555,0.2777777777777778,0.2601851851851851,0.2620510587702293,0.5332341425543635,262144,2198,3135,0.0083847045898437,0.0119590759277343,258548,1398,461,1737
P1,sen1floods11,unet,F3,13,Sri-Lanka_163406,LKA,0.0980360358953476,0.3830722272396087,1.6689300537109375e-06,0.0015792025951668,0.268468120844949,0.3641275110365131,0.3125,0.3694444444444444,0.3430555555555555,0.3416666666666666,0.268468120844949,0.552432004180626,262144,5070,4862,0.0193405151367187,0.0185470581054687,255418,1656,1864,3206
P1,sen1floods11,unet,F3,13,Sri-Lanka_178753,LKA,0.0169216208159923,0.1200488656759262,0.0,7.571548485429958e-05,0.5012703201994698,0.999999999958238,0.0888888888888888,0.0291666666666666,0.0847222222222222,0.0675925925925925,0.5012703201994698,0.7215395589542406,253873,645,0,0.0025406403989396,0.0,253228,0,645,0
P1,sen1floods11,unet,F3,13,Sri-Lanka_233609,LKA,0.1997710913419723,0.6473169326782227,2.026557922363281e-06,0.0040989955887198,0.4315611001609037,0.2993922460144743,0.4375,0.6916666666666667,0.5402777777777779,0.5564814814814815,0.4315611001609037,0.589020338783613,257120,6877,11622,0.0267462663347853,0.0452006845052893,241532,8711,3966,2911
P1,sen1floods11,unet,F3,13,Sri-Lanka_236030,LKA,0.0298717953264713,0.1611467748880386,5.960464477539064e-08,0.0005503038410097,0.2204561772265729,0.5815480063580593,0.1305555555555555,0.1347222222222222,0.1569444444444444,0.1407407407407407,0.2204561772265729,0.5547598623022845,206088,1713,1141,0.0083119832304646,0.0055364698575365,204262,113,685,1028
P1,sen1floods11,unet,F3,13,Sri-Lanka_236628,LKA,0.0511413551867008,0.2255225479602813,2.384185791015625e-07,0.0006138344760984,0.3740330683994376,0.5341211008265694,0.2152777777777778,0.1888888888888888,0.1875,0.1972222222222222,0.3740330683994376,0.561744268357297,262142,3081,1819,0.0117531719449763,0.0069389872664433,258262,799,2061,1020
P1,sen1floods11,unet,F3,13,Sri-Lanka_249079,LKA,0.0293708201497793,0.1674955040216446,0.0,0.0002381509257247,0.5005461993627673,0.906360240066734,0.1374999999999999,0.1055555555555555,0.1124999999999999,0.1185185185185185,0.5005461993627673,0.7098867382863648,164775,11,169,6.675769989379457e-05,0.001025641025641,164595,169,11,0
P1,sen1floods11,unet,F3,13,Sri-Lanka_31559,LKA,0.0203739963471889,0.1348390132188797,0.0,0.000110027314804,0.5011494778217053,0.9814263655180256,0.0999999999999999,0.0444444444444444,0.0888888888888888,0.0777777777777777,0.5011494778217053,0.7141857759054817,218795,464,39,0.0021207065974999,0.0001782490459105,218292,39,464,0
P1,sen1floods11,unet,F3,13,Sri-Lanka_321316,LKA,0.3388166725635528,0.9003661274909973,5.4776668548583984e-05,0.0051932013593614,0.6251594313633997,0.409653678375784,0.7430555555555556,0.8333333333333333,0.8041666666666667,0.7935185185185185,0.6251594313633997,0.6895886677536858,262133,96905,17332,0.3696787508631114,0.0661191074759759,159498,5730,85303,11602
P1,sen1floods11,unet,F3,13,Sri-Lanka_377277,LKA,0.0804299339652061,0.3281733989715576,1.132488250732422e-06,0.0016614864580333,0.2628020693881108,0.2708544409661063,0.2791666666666667,0.3444444444444444,0.3430555555555555,0.3222222222222222,0.2628020693881108,0.4785137444046535,259388,8603,6479,0.0331665304485943,0.0249780251977732,249296,1489,3613,4990
P1,sen1floods11,unet,F3,13,Sri-Lanka_400518,LKA,0.0332597717642784,0.1682580113410949,3.5762786865234375e-07,0.000562148343306,0.2657588307797418,0.537217541641928,0.1722222222222222,0.1458333333333333,0.1875,0.1685185185185185,0.2657588307797418,0.5465839788357466,262144,2380,1465,0.0090789794921875,0.0055885314941406,259535,229,1144,1236
P1,sen1floods11,unet,F3,13,Sri-Lanka_450918,LKA,0.2581124603748321,0.8018177151679993,4.369020462036133e-05,0.0010755609255284,0.5130999578819839,0.9328126836326134,0.6611111111111111,0.5097222222222222,0.4625,0.5444444444444444,0.5130999578819839,0.8504697904469316,99126,4277,257,0.0431471057038516,0.0025926598470633,94672,177,4197,80
P1,sen1floods11,unet,F3,13,Sri-Lanka_49764,LKA,0.0238881427794694,0.1494369655847549,0.0,0.0001613765198271,0.5042371029074009,0.9682351493276512,0.1152777777777777,0.0638888888888888,0.0930555555555555,0.0907407407407407,0.5042371029074009,0.7203873338954235,243327,2486,64,0.0102167042703851,0.0002630205443703,240782,59,2481,5
P1,sen1floods11,unet,F3,13,Sri-Lanka_52223,LKA,0.0466523729264736,0.2304668873548507,0.0,0.0003881788870785,0.5005760192871094,0.8906426425330414,0.1805555555555555,0.1819444444444444,0.1458333333333333,0.1694444444444444,0.5005760192871094,0.7316238311501461,262144,0,302,0.0,0.0011520385742187,261842,302,0,0
P1,sen1floods11,unet,F3,13,Sri-Lanka_523539,LKA,0.1198342591524124,0.44211545586586,3.2782554626464844e-06,0.0022411765530705,0.4724737559576015,0.2315453792074827,0.3541666666666666,0.4888888888888889,0.4625,0.4351851851851851,0.4724737559576015,0.4784888693109935,218481,24669,7651,0.1129114202150301,0.0350190634425876,190706,3106,20124,4545
P1,sen1floods11,unet,F3,13,Sri-Lanka_534068,LKA,0.0265214554965496,0.1762107908725738,2.026557922363281e-06,6.363082502502948e-05,0.9906997680664062,0.9999999999689524,0.2125,0.0777777777777777,0.1513888888888888,0.1472222222222222,0.9906997680664062,0.7513892554865904,262144,257268,0,0.9813995361328124,0.0,4876,0,257268,0
P1,sen1floods11,unet,F3,13,Sri-Lanka_551926,LKA,0.3343059420585632,0.8933567404747009,7.748603820800781e-06,0.0060904016718268,0.4054000299658875,0.2584080770797503,0.5666666666666667,0.85,0.6611111111111111,0.6925925925925925,0.4054000299658875,0.6029401015360627,262144,19600,26922,0.07476806640625,0.1026992797851562,226102,16442,9120,10480
P1,sen1floods11,unet,F3,13,Sri-Lanka_55568,LKA,0.1331068873405456,0.4525580108165741,7.152557373046875e-07,0.0013795199338346,0.3117482312950587,0.3251570969212688,0.3208333333333333,0.386111111111111,0.3263888888888889,0.3444444444444444,0.3117482312950587,0.5367837979400174,212858,15268,7116,0.0717285702205226,0.0334307378628005,197103,487,8639,6629
P1,sen1floods11,unet,F3,13,Sri-Lanka_579082,LKA,0.097566545009613,0.373293399810791,1.6689300537109375e-06,0.0022018570452928,0.3728584942017308,0.2476999140227362,0.3125,0.4597222222222222,0.4333333333333333,0.4018518518518519,0.3728584942017308,0.4876413688828344,208263,14466,7094,0.0694602497803258,0.0340626995673739,191807,1990,9362,5104
P1,sen1floods11,unet,F3,13,Sri-Lanka_612594,LKA,0.2292966693639755,0.7283748984336853,3.635883331298828e-05,0.0029324546921998,0.0992168854811326,0.1403175271558532,0.625,0.6777777777777778,0.625,0.6425925925925926,0.0992168854811326,0.387660587866752,262144,43125,50829,0.1645088195800781,0.1938972473144531,211056,7963,259,42866
P1,sen1floods11,unet,F3,13,Sri-Lanka_63307,LKA,0.3732631504535675,0.9380382299423218,3.9458274841308594e-05,0.0098492437973618,0.5583801760353188,0.251882665120023,0.7166666666666668,0.9180555555555556,0.7986111111111112,0.8111111111111112,0.5583801760353188,0.6165588691913871,262144,7005,36572,0.0267219543457031,0.1395111083984375,220170,34969,5402,1603
P1,sen1floods11,unet,F3,13,Sri-Lanka_649970,LKA,0.0932100862264633,0.3704266846179962,5.960464477539062e-07,0.0013255917001515,0.4724135133462132,0.476948448804858,0.2958333333333333,0.3569444444444444,0.3222222222222222,0.325,0.4724135133462132,0.5916294354146847,260855,17343,3036,0.0664852120910084,0.0116386498246152,242617,895,15202,2141
P1,sen1floods11,unet,F3,13,Sri-Lanka_653336,LKA,0.2532194852828979,0.7610884308815002,1.0609626770019531e-05,0.0049142544157803,0.2752419522835334,0.2081964232953379,0.5361111111111111,0.7777777777777778,0.6277777777777778,0.6472222222222223,0.2752419522835334,0.5289181847310015,262141,17982,23802,0.0685966712570715,0.0907984634223566,234376,9783,3963,14019
P1,sen1floods11,unet,F3,13,Sri-Lanka_713926,LKA,0.3507457077503204,0.914836883544922,3.159046173095703e-05,0.0023106553126126,0.1288520578127097,0.131976348399799,0.6444444444444444,0.6847222222222222,0.5569444444444445,0.6287037037037037,0.1288520578127097,0.3681351935674983,262104,80506,94895,0.3071528858773616,0.3620509416109636,166309,15289,900,79606
P1,sen1floods11,unet,F3,13,Sri-Lanka_748447,LKA,0.0383264273405075,0.1842003762722015,1.1920928955078125e-07,0.0006211031577549,0.3405238093737046,0.5755615931066606,0.1722222222222222,0.1541666666666666,0.1791666666666667,0.1685185185185185,0.3405238093737046,0.5616064446668556,249187,1219,1350,0.0048919084863977,0.0054176180940418,247247,721,590,629
P1,sen1floods11,unet,F3,13,Sri-Lanka_845821,LKA,0.0453262664377689,0.2621925771236419,1.2159347534179688e-05,0.0002006623835768,0.9870968933801588,0.9998080867596378,0.3277777777777778,0.1486111111111111,0.2375,0.2379629629629629,0.9870968933801588,0.7610170388380891,240758,234546,1,0.9741981574859402,4.15354837637794e-06,6212,0,234545,1
P1,sen1floods11,unet,F3,13,Sri-Lanka_847275,LKA,0.2346923351287841,0.7247330546379089,5.877017974853516e-05,0.0036363613326102,0.2578872212371903,0.1432539788611101,0.7138888888888889,0.7055555555555556,0.7416666666666667,0.7203703703703704,0.2578872212371903,0.3991853654417575,231361,50464,31945,0.218118006059794,0.1380742648933917,179533,1364,19883,30581
P1,sen1floods11,unet,F3,13,Sri-Lanka_849649,LKA,0.0316509492695331,0.1656119227409362,5.364418029785156e-07,0.0004017748287878,0.2195082399603647,0.5297093986421954,0.1763888888888888,0.1388888888888889,0.1847222222222222,0.1666666666666666,0.2195082399603647,0.5452138114727818,218207,1892,1227,0.0086706659273075,0.0056231010004262,216214,101,766,1126
P1,sen1floods11,unet,F3,13,Sri-Lanka_85652,LKA,0.0272256005555391,0.1619260162115097,0.0,0.0001748435897752,0.500746053748702,0.9657038852326189,0.1305555555555555,0.0791666666666666,0.0930555555555555,0.1009259259259259,0.500746053748702,0.7257667914675866,197368,1941,70,0.009834420980098,0.0003546674232905,195374,53,1924,17
P1,sen1floods11,unet,F3,13,Sri-Lanka_883641,LKA,0.1426886767148971,0.5090826749801636,6.020069122314453e-06,0.0020319137256592,0.1723743057888189,0.1830708507992406,0.4208333333333333,0.5111111111111111,0.4513888888888888,0.4611111111111111,0.1723743057888189,0.4422608323828605,262144,13500,16225,0.0514984130859375,0.0618934631347656,244430,4214,1489,12011
P1,sen1floods11,unet,F3,13,Sri-Lanka_916628,LKA,0.2499566078186035,0.7566161155700684,0.0001994967460632,0.0040212841704487,0.3246214010167025,0.1281135925004148,0.8138888888888889,0.7291666666666667,0.8652777777777778,0.8027777777777777,0.3246214010167025,0.3575057721983823,259961,81524,43563,0.3136008862867891,0.1675751362704405,178136,301,38262,43262
P1,sen1floods11,unet,F3,13,Sri-Lanka_922192,LKA,0.0488928705453872,0.2206443548202514,1.1920928955078125e-07,0.0005032918415963,0.4241821692596659,0.616101057758579,0.2027777777777777,0.1847222222222222,0.1791666666666667,0.1888888888888888,0.4241821692596659,0.5844535760574744,239783,1030,1278,0.0042955505602982,0.0053298190447196,237791,962,714,316
P1,sen1floods11,unet,F3,13,Sri-Lanka_92824,LKA,0.1108289659023284,0.4213124215602875,1.0132789611816406e-06,0.0017590412171557,0.5577035419059293,0.3545229431773685,0.3291666666666666,0.4236111111111111,0.3722222222222222,0.375,0.5577035419059293,0.5663444314848974,246506,55390,5366,0.2247004129716923,0.0217682328219191,190938,178,50202,5188
P1,sen1floods11,unet,F3,13,Sri-Lanka_956740,LKA,0.0688538700342178,0.2953131794929504,5.543231964111328e-06,0.0014558450784534,0.0740156857073749,0.1594940442477966,0.3208333333333333,0.3361111111111111,0.3763888888888889,0.3444444444444444,0.0740156857073749,0.3297962459058675,202069,7918,8225,0.0391846349514274,0.0407039179686146,193382,769,462,7456
P1,sen1floods11,unet,F3,37,India_1017769,IND,0.3700951337814331,0.9364653825759888,6.198883056640625e-06,0.001678669010289,0.328233126560739,0.1064130438894584,0.7000000000000001,0.6847222222222222,0.5902777777777778,0.6583333333333333,0.328233126560739,0.2664707810205519,172971,98143,122713,0.5673956906070959,0.7094426233299224,46662,28166,3596,94547
P1,sen1floods11,unet,F3,37,India_1018317,IND,0.4058571457862854,0.9705954790115356,6.508827209472656e-05,0.0007638325332663,0.3415972642961055,0.095455341632121,0.9416666666666668,0.5847222222222223,0.6347222222222222,0.7203703703703703,0.3415972642961055,0.1724200403083167,196977,150710,174460,0.7651147088238729,0.8856871614452448,21718,24549,799,149911
P1,sen1floods11,unet,F3,37,India_1018327,IND,0.1687047183513641,0.5702735781669617,1.132488250732422e-06,0.0037354577798396,0.3493760462307314,0.1920418950826438,0.4944444444444444,0.7583333333333333,0.625,0.6259259259259259,0.3493760462307314,0.4989593491464369,262142,36649,15835,0.1398059067223108,0.0604061920638432,224481,1012,21826,14823
P1,sen1floods11,unet,F3,37,India_103447,IND,0.2070274204015731,0.6766456365585327,3.457069396972656e-06,0.0027326073031872,0.2140109095994451,0.1367820520461081,0.5958333333333334,0.726388888888889,0.6611111111111112,0.6611111111111112,0.2140109095994451,0.4168303462933811,163567,26977,19644,0.1649293561659748,0.120097574694162,135173,1417,8750,18227
P1,sen1floods11,unet,F3,37,India_1050276,IND,0.1492418795824051,0.534663200378418,4.172325134277344e-07,0.0051502473652362,0.4754126373466234,0.2238162121901801,0.3819444444444444,0.7888888888888889,0.5597222222222222,0.5768518518518518,0.4754126373466234,0.5468250992266808,255185,49005,12352,0.1920371495189764,0.0484040989870094,204572,1608,38261,10744
P1,sen1floods11,unet,F3,37,India_1068117,IND,0.1982907205820083,0.6488668918609619,1.9073486328125e-06,0.0055543696507811,0.3538200478932032,0.1476096724171335,0.5597222222222222,0.8180555555555555,0.7250000000000001,0.700925925925926,0.3538200478932032,0.4589409518871584,229712,47960,24358,0.2087831719718604,0.1060371247475099,179166,2586,26188,21772
P1,sen1floods11,unet,F3,37,India_1072277,IND,0.0388485565781593,0.2099711745977401,1.96695327758789e-06,0.0003995174483861,0.539629831173331,0.8647118319259495,0.3444444444444444,0.1888888888888888,0.3111111111111111,0.2814814814814815,0.539629831173331,0.7716698645307801,262142,22546,267,0.0860068207307489,0.0010185319407038,239480,116,22395,151
P1,sen1floods11,unet,F3,37,India_118868,IND,0.280567854642868,0.8268297910690308,1.513957977294922e-05,0.0014738824684172,0.5040762761896945,0.7505179899674437,0.7902777777777777,0.5777777777777777,0.6680555555555555,0.6787037037037037,0.5040762761896945,0.7997125438193297,159275,10685,3756,0.0670852299482027,0.0235818552817454,145791,2799,9728,957
P1,sen1floods11,unet,F3,37,India_135434,IND,0.2089429944753646,0.6675021648406982,1.430511474609375e-06,0.0020358501933515,0.3506323834905558,0.2902662115865262,0.5430555555555556,0.6625,0.5444444444444445,0.5833333333333334,0.3506323834905558,0.5926018860985037,117150,10312,5219,0.0880239009816474,0.0445497225778915,105755,1083,6176,4136
P1,sen1floods11,unet,F3,37,India_136196,IND,0.1394146382808685,0.4979957044124603,1.5497207641601562e-06,0.0014666466740891,0.5082576129666012,0.5068720724370386,0.5152777777777777,0.5180555555555555,0.4527777777777778,0.4953703703703703,0.5082576129666012,0.6922591431999736,211744,0,3497,0.0,0.0165152259332023,208247,3497,0,0
P1,sen1floods11,unet,F3,37,India_164336,IND,0.0251577347517013,0.1490184515714645,4.351139068603516e-06,0.0002070834161713,0.4875063820727121,0.8882935644675969,0.3611111111111111,0.1430555555555555,0.3291666666666667,0.2777777777777778,0.4875063820727121,0.7691908750194696,259101,1881,160,0.0072597172531175,0.0006175198088776,257124,96,1817,64
P1,sen1floods11,unet,F3,37,India_166709,IND,0.0364234745502471,0.201278269290924,7.152557373046875e-07,0.0001852175337262,0.5149987943680199,0.9614954524444316,0.2208333333333333,0.1513888888888889,0.1583333333333333,0.1768518518518518,0.5149987943680199,0.8008086716868962,256894,8839,73,0.0344071874002506,0.000284163896393,248021,34,8800,39
P1,sen1floods11,unet,F3,37,India_177319,IND,0.0412295348942279,0.1889383047819137,5.960464477539062e-07,0.0028003058396279,0.4989058527281881,0.626447171916106,0.1944444444444444,0.5027777777777778,0.4916666666666667,0.3962962962962963,0.4989058527281881,0.7559409206243615,256490,1578,925,0.0061522866388553,0.0036063784163125,254016,896,1549,29
P1,sen1floods11,unet,F3,37,India_179238,IND,0.0336204469203949,0.1936852931976318,1.788139343261719e-07,0.0002207755460403,0.5252458978284623,0.9046802220174152,0.125,0.1652777777777777,0.0847222222222222,0.125,0.5252458978284623,0.7733364047382524,192482,11592,159,0.0602238131357737,0.0008260512671314,180841,49,11482,110
P1,sen1floods11,unet,F3,37,India_180633,IND,0.3361478149890899,0.8949028253555298,7.152557373046875e-06,0.0021304425317794,0.1274688013548203,0.1073498489257983,0.6930555555555555,0.7138888888888889,0.6597222222222222,0.6888888888888888,0.1274688013548203,0.2862802907229149,164555,75763,79052,0.4604114125976117,0.4803986509069916,81565,7227,3938,71825
P1,sen1floods11,unet,F3,37,India_207862,IND,0.1273498833179474,0.4741718769073486,7.748603820800781e-07,0.0016875927103683,0.5080986130032962,0.4713130616016404,0.3916666666666667,0.5736111111111111,0.4263888888888889,0.4638888888888888,0.5080986130032962,0.6826103156690374,200115,21028,3406,0.1050795792419358,0.017020213377308,177643,1444,19066,1962
P1,sen1floods11,unet,F3,37,India_244057,IND,0.0949631482362747,0.3760354816913605,1.1920928955078125e-06,0.0007886655512265,0.5029930794770052,0.6110649641475159,0.4111111111111111,0.3458333333333333,0.3430555555555555,0.3666666666666667,0.5029930794770052,0.7108039195456819,160537,5,956,3.114546802294798e-05,0.0059550134859876,159576,956,5,0
P1,sen1floods11,unet,F3,37,India_25540,IND,0.0426414497196674,0.2284108698368072,1.1920928955078125e-06,0.0001847851963248,0.5296491634335803,0.936788842638106,0.3347222222222222,0.175,0.2486111111111111,0.2527777777777777,0.5296491634335803,0.7913376848501984,188625,11559,63,0.0612803180914512,0.0003339960238568,177027,39,11535,24
P1,sen1floods11,unet,F3,37,India_265762,IND,0.035543754696846,0.1897642612457275,4.172325134277344e-07,0.0003554469149094,0.5181308415671166,0.8066617159343206,0.1791666666666666,0.1805555555555555,0.1541666666666666,0.1712962962962962,0.5181308415671166,0.7347798587559079,147296,8533,271,0.0579309689333043,0.0018398327177927,138674,89,8351,182
P1,sen1floods11,unet,F3,37,India_273873,IND,0.1981247067451477,0.6481529474258423,1.430511474609375e-06,0.0021886141039431,0.4997167246655517,0.2956237967055098,0.5388888888888889,0.6708333333333333,0.5569444444444445,0.5888888888888889,0.4997167246655517,0.6015584216234943,155608,5446,5237,0.0349982006066526,0.0336550820009254,145544,4618,4827,619
P1,sen1floods11,unet,F3,37,India_285297,IND,0.1821859925985336,0.6148660182952881,3.874301910400391e-06,0.002596789272502,0.4873220963139562,0.2773556990258508,0.5916666666666667,0.6930555555555555,0.6402777777777778,0.6416666666666667,0.4873220963139562,0.5827310891040124,245042,36006,11570,0.1469380759216787,0.04721639555668,204299,4737,29173,6833
P1,sen1floods11,unet,F3,37,India_287642,IND,0.2820748090744018,0.8173596262931824,1.430511474609375e-06,0.0041671744547784,0.4470354152597697,0.2995380257851745,0.5625,0.7986111111111112,0.6611111111111112,0.674074074074074,0.4470354152597697,0.6301990677338529,115377,17914,6778,0.1552649141510006,0.0587465439385666,95499,1964,13100,4814
P1,sen1floods11,unet,F3,37,India_324254,IND,0.0242039989680051,0.1396531462669372,9.5367431640625e-07,0.0002631600073073,0.4906627935313213,0.8516624060769836,0.2319444444444444,0.1430555555555555,0.2305555555555555,0.2018518518518518,0.4906627935313213,0.763671503092987,262144,3883,213,0.0148124694824218,0.0008125305175781,258180,81,3751,132
P1,sen1floods11,unet,F3,37,India_373039,IND,0.2211963087320327,0.699726939201355,1.0728836059570312e-06,0.0022166098933666,0.5188243198418383,0.4012978074627893,0.5111111111111111,0.6791666666666667,0.5208333333333333,0.5703703703703703,0.5188243198418383,0.6695373373616856,242783,1509,7882,0.0062154269450496,0.0324652055539308,233401,7873,1500,9
P1,sen1floods11,unet,F3,37,India_383430,IND,0.1197458878159523,0.440034806728363,8.940696716308594e-07,0.0043106190860271,0.425052674173438,0.1710042040244161,0.3833333333333333,0.7152777777777778,0.6097222222222223,0.5694444444444444,0.425052674173438,0.480583252239448,251271,39228,12904,0.1561182945903029,0.0513549116292767,210342,1701,28025,11203
P1,sen1floods11,unet,F3,37,India_391908,IND,0.1015256941318512,0.3956189453601837,8.344650268554688e-07,0.0042072315700352,0.3749620370966535,0.1832741984125868,0.35,0.6680555555555556,0.5791666666666666,0.5324074074074074,0.3749620370966535,0.4778776255681958,211832,25989,10514,0.1226868461799916,0.0496336719664639,184571,1272,16747,9242
P1,sen1floods11,unet,F3,37,India_399883,IND,0.3684689104557037,0.9324490427970886,6.437301635742188e-06,0.0020653081592172,0.2540298530106838,0.1055365464391364,0.7000000000000001,0.7333333333333334,0.638888888888889,0.6907407407407408,0.2540298530106838,0.2780384277365145,262119,136292,154646,0.5199623071963497,0.5899839385927765,97783,28044,9690,126602
P1,sen1floods11,unet,F3,37,India_44475,IND,0.019584646448493,0.1221652328968048,5.960464477539062e-07,0.0001248885528184,0.5001095416546555,0.8938213748004777,0.1333333333333333,0.0583333333333333,0.1083333333333333,0.1,0.5001095416546555,0.7524577313686207,260175,0,57,0.0,0.000219083309311,260118,57,0,0
P1,sen1floods11,unet,F3,37,India_500266,IND,0.083109900355339,0.3632644414901733,8.344650268554688e-07,0.0009895813418552,0.5428068698465895,0.5184720764657595,0.3249999999999999,0.3458333333333333,0.2819444444444444,0.3175925925925926,0.5428068698465895,0.6651053578881893,262141,38181,2322,0.1456506231379296,0.0088578284205828,223718,242,36101,2080
P1,sen1floods11,unet,F3,37,India_533192,IND,0.4017195701599121,0.9636765718460084,3.1113624572753906e-05,0.0011185386683791,0.2248570821609945,0.2401688138106499,0.8847222222222222,0.5861111111111111,0.6430555555555555,0.7046296296296296,0.2248570821609945,0.5171174958313953,120661,43244,51167,0.3583925211957467,0.4240558258260747,66136,11281,3358,39886
P1,sen1floods11,unet,F3,37,India_534470,IND,0.0305887591093778,0.1647468954324722,5.364418029785156e-07,0.000280595239019,0.4979675009521817,0.7932979463450616,0.1902777777777778,0.1694444444444444,0.1625,0.174074074074074,0.4979675009521817,0.7324474263166593,250570,7434,335,0.0296683561479826,0.0013369517500099,243050,86,7185,249
P1,sen1floods11,unet,F3,37,India_56450,IND,0.0306155402213335,0.168361559510231,1.1920928955078125e-07,0.0002482478157617,0.5006703522245763,0.8777876526683533,0.1180555555555555,0.1694444444444444,0.0819444444444444,0.1231481481481481,0.5006703522245763,0.7676660080360522,181248,82,161,0.0004524187853107,0.0008882856638418,181005,161,82,0
P1,sen1floods11,unet,F3,37,India_566697,IND,0.064584769308567,0.3107774257659912,9.5367431640625e-07,0.00069821102079,0.5190994679862064,0.6881463794464125,0.3138888888888889,0.2736111111111111,0.2791666666666667,0.2888888888888889,0.5190994679862064,0.7175503766150714,215703,14719,857,0.0682373448677116,0.0039730555439655,200580,404,14266,453
P1,sen1floods11,unet,F3,37,India_570384,IND,0.07561706751585,0.3194044828414917,9.5367431640625e-07,0.0018626716919243,0.3319709419958839,0.1721530285183294,0.3180555555555555,0.4819444444444444,0.4833333333333333,0.4277777777777777,0.3319709419958839,0.4314983039832853,242000,14548,6782,0.0601157024793388,0.0280247933884297,226509,943,8709,5839
P1,sen1floods11,unet,F3,37,India_591317,IND,0.3003596663475036,0.8465175032615662,9.179115295410156e-06,0.0012760716490447,0.1152276489853174,0.0965731277644239,0.7,0.5472222222222222,0.5472222222222222,0.5981481481481481,0.1152276489853174,0.1706632523314888,246049,114039,118863,0.4634808513751326,0.4830867022422363,122097,9913,5089,108950
P1,sen1floods11,unet,F3,37,India_591549,IND,0.0266569424420595,0.1523526310920715,7.152557373046875e-07,0.0002353374584345,0.5130236154781778,0.812473989782678,0.2013888888888889,0.1541666666666666,0.1805555555555555,0.1787037037037037,0.5130236154781778,0.7296428164614711,245709,11054,275,0.0449881770712509,0.0011192101225433,234585,70,10849,205
P1,sen1floods11,unet,F3,37,India_592446,IND,0.1018384248018264,0.3817259967327118,5.960464477539062e-07,0.0029212154913693,0.2857883134272335,0.1855213236413958,0.3027777777777778,0.6194444444444445,0.5,0.4740740740740741,0.2857883134272335,0.4669331810438904,224355,9044,6837,0.0403111140825923,0.0304740255398809,213444,1867,4074,4970
P1,sen1floods11,unet,F3,37,India_59460,IND,0.0597024857997894,0.2683282494544983,4.76837158203125e-07,0.0004690604691859,0.5004926066987789,0.7197679757340864,0.2375,0.2305555555555555,0.1763888888888889,0.2148148148148148,0.5004926066987789,0.7256930402659154,209353,315,592,0.0015046357109761,0.0028277598123743,208449,589,312,3
P1,sen1floods11,unet,F3,37,India_624341,IND,0.0378954410552978,0.191897377371788,2.384185791015625e-07,0.0003873680252581,0.49060485516084,0.6505419741799937,0.1402777777777777,0.1805555555555555,0.1152777777777777,0.1453703703703703,0.49060485516084,0.6992496759406862,262142,3224,752,0.0122986778158402,0.0028686742299974,258293,625,3097,127
P1,sen1floods11,unet,F3,37,India_631692,IND,0.0146207716315984,0.0935735031962394,1.1920928955078125e-07,0.0001211130656884,0.4723168620174085,0.940635121228406,0.0430555555555555,0.0444444444444444,0.0319444444444444,0.0398148148148148,0.4723168620174085,0.7679564511768137,262144,802,69,0.0030593872070312,0.0002632141113281,261321,21,754,48
P1,sen1floods11,unet,F3,37,India_652725,IND,0.0999335646629333,0.3999910950660705,8.344650268554688e-07,0.0021605680231004,0.4421428852170758,0.3189099817393078,0.35,0.5597222222222222,0.4708333333333333,0.4601851851851852,0.4421428852170758,0.6230873033994475,262094,21795,5804,0.0831571878791578,0.0221447267011072,238878,1421,17412,4383
P1,sen1floods11,unet,F3,37,India_664410,IND,0.0796374976634979,0.3316747844219208,8.940696716308594e-07,0.0029411208815872,0.4122672122361932,0.3499777859590735,0.2972222222222222,0.5666666666666667,0.5472222222222223,0.4703703703703704,0.4122672122361932,0.6426337923200648,262142,13526,4349,0.0515979888762579,0.0165902449817274,247486,1130,10307,3219
P1,sen1floods11,unet,F3,37,India_691027,IND,0.0706283971667289,0.287916749715805,5.960464477539062e-07,0.0021883735898882,0.3854179837692811,0.3442691588681686,0.2416666666666666,0.4944444444444444,0.4361111111111111,0.3907407407407408,0.3854179837692811,0.6260707765337205,254034,8394,3660,0.0330428210397033,0.0144075202531944,244448,1192,5926,2468
P1,sen1floods11,unet,F3,37,India_698338,IND,0.0542825683951377,0.2590587437152862,2.980232238769531e-07,0.0001716230763122,0.5177094365347277,0.948705006855715,0.1958333333333333,0.1902777777777777,0.0944444444444444,0.1601851851851852,0.5177094365347277,0.807154512165266,227984,9936,102,0.0435820057547898,0.000447399817531,218025,23,9857,79
P1,sen1floods11,unet,F3,37,India_70352,IND,0.1003369241952896,0.3774118423461914,1.2516975402832031e-06,0.0030867857858538,0.1395605314563439,0.1146876485152761,0.4111111111111111,0.6236111111111111,0.6208333333333333,0.5518518518518518,0.1395605314563439,0.3172330177506809,239229,13188,13756,0.0551270957952422,0.0575013898816615,223732,2309,1741,11447
P1,sen1floods11,unet,F3,37,India_707886,IND,0.0505052804946899,0.2123591303825378,3.5762786865234375e-07,0.0025151006411761,0.1439711306949564,0.174763867388035,0.1875,0.4666666666666667,0.4319444444444444,0.3620370370370371,0.1439711306949564,0.4313942369586115,256881,5668,6675,0.0220646914329981,0.0259847945157485,249705,1508,501,5167
P1,sen1floods11,unet,F3,37,India_73419,IND,0.028665442019701,0.1615709215402603,3.5762786865234375e-07,0.0002755429886747,0.5067674791986948,0.7671432529735623,0.1680555555555555,0.1625,0.1472222222222222,0.1592592592592592,0.5067674791986948,0.7313142405169504,178934,6252,179,0.0349402573015748,0.0010003688510847,172635,47,6120,132
P1,sen1floods11,unet,F3,37,India_747970,IND,0.0524977594614028,0.2185736745595932,2.384185791015625e-07,0.0017860279185697,0.2562012499082757,0.2600908898313802,0.1597222222222222,0.4375,0.3527777777777777,0.3166666666666666,0.2562012499082757,0.5235513518413019,246517,5007,3864,0.0203109724684301,0.0156743753980455,240602,908,2051,2956
P1,sen1floods11,unet,F3,37,India_747992,IND,0.2970976829528808,0.8432067632675171,1.4901161193847656e-06,0.0028947135433554,0.6215014123435517,0.3292447239465036,0.575,0.7583333333333333,0.6333333333333334,0.6555555555555556,0.6215014123435517,0.6605859018363225,262087,117322,19784,0.4476452475704632,0.0754863842922388,144214,551,98089,19233
P1,sen1floods11,unet,F3,37,India_764946,IND,0.0460323691368103,0.1953540742397308,2.384185791015625e-07,0.0011869935551658,0.2870137326894725,0.3348774858321159,0.1402777777777777,0.2875,0.2222222222222222,0.2166666666666666,0.2870137326894725,0.5736952217511118,242502,3146,2168,0.0129730888817411,0.0089401324525158,238798,558,1536,1610
P1,sen1floods11,unet,F3,37,India_769408,IND,0.0727852806448936,0.3102491199970245,3.5762786865234375e-07,0.0012778538512066,0.4401601889515881,0.4653136005345685,0.2305555555555555,0.3513888888888888,0.2736111111111111,0.2851851851851852,0.4401601889515881,0.638350608618752,175907,8582,2289,0.0487871432063533,0.0130125577720045,166571,754,7047,1535
P1,sen1floods11,unet,F3,37,India_772630,IND,0.1428648680448532,0.5139316320419312,1.0728836059570312e-06,0.0011039579985663,0.5078091831763301,0.588955606927552,0.4666666666666666,0.4624999999999999,0.3486111111111111,0.4259259259259259,0.5078091831763301,0.7212310676176634,155332,1345,2043,0.0086588726083485,0.0131524734117889,151964,2023,1325,20
P1,sen1floods11,unet,F3,37,India_773682,IND,0.0610782653093338,0.2813579142093658,5.960464477539062e-07,0.0007776183774694,0.5261993948844793,0.4407793416098673,0.2416666666666666,0.2888888888888888,0.2305555555555555,0.2537037037037037,0.5261993948844793,0.6171276118019174,252793,30959,2294,0.1224677898517759,0.0090746183636413,221546,288,28953,2006
P1,sen1floods11,unet,F3,37,India_774689,IND,0.1537109464406967,0.5426456928253174,8.344650268554688e-07,0.0056567164137959,0.3957892157050815,0.2440843444445306,0.436111111111111,0.8055555555555556,0.6305555555555555,0.6240740740740741,0.3957892157050815,0.5907626051964207,237116,18757,9560,0.0791047419828269,0.0403178191265034,214954,3405,12602,6155
P1,sen1floods11,unet,F3,37,India_79637,IND,0.0296599902212619,0.1666058897972107,5.4836273193359375e-06,0.0003677949425764,0.4628708227408387,0.5940648277967029,0.3888888888888888,0.1805555555555555,0.3638888888888889,0.311111111111111,0.4628708227408387,0.6681607659773672,262144,5165,806,0.0197029113769531,0.0030746459960937,256682,297,4656,509
P1,sen1floods11,unet,F3,37,India_80221,IND,0.3286288678646087,0.9023484587669371,2.92658805847168e-05,0.0008604211616329,0.2894193418977313,0.1009579994079726,0.8527777777777779,0.525,0.6138888888888889,0.6638888888888889,0.2894193418977313,0.1896338806380649,151793,114506,129605,0.7543562614876839,0.8538272515860416,21164,16123,1024,113482
P1,sen1floods11,unet,F3,37,India_804466,IND,0.1131810545921325,0.4472238421440124,8.940696716308594e-07,0.0018122110050171,0.5535705016540757,0.4420291094046117,0.3916666666666666,0.5680555555555555,0.4541666666666666,0.4712962962962962,0.5535705016540757,0.6758727940069591,262134,50228,4157,0.1916119236726254,0.015858301479396,211508,398,46469,3759
P1,sen1floods11,unet,F3,37,India_828067,IND,0.0643815249204635,0.2610394358634949,5.364418029785156e-07,0.0023566170129925,0.2808459466653734,0.2817840764336826,0.2375,0.5013888888888889,0.4472222222222222,0.3953703703703703,0.2808459466653734,0.5503126236806751,183120,6994,4241,0.0381935342944517,0.0231596767147225,175432,694,3447,3547
P1,sen1floods11,unet,F3,37,India_833266,IND,0.0329261757433414,0.177197128534317,1.6093254089355469e-06,0.0003077525761909,0.5279542914344508,0.7452039256492076,0.3277777777777778,0.1736111111111111,0.2958333333333333,0.2657407407407408,0.5279542914344508,0.7220241556667278,219674,18262,485,0.0831322778298751,0.0022078170379744,201391,21,17798,464
P1,sen1floods11,unet,F3,37,India_842775,IND,0.0309283137321472,0.1671551018953323,4.76837158203125e-07,0.0001943491079146,0.5020036534112046,0.8822093107247494,0.1944444444444444,0.1541666666666666,0.1430555555555555,0.1638888888888889,0.5020036534112046,0.7640304619253212,246418,5929,185,0.0240607423159022,0.0007507568440617,240423,66,5810,119
P1,sen1floods11,unet,F3,37,India_869358,IND,0.05244966968894,0.2549658119678497,4.76837158203125e-07,0.0018015842651948,0.3627557310531121,0.4279559137128164,0.2375,0.4611111111111111,0.4069444444444444,0.3685185185185185,0.3627557310531121,0.6584217326914419,262144,5050,2294,0.0192642211914062,0.0087509155273437,256451,643,3399,1651
P1,sen1floods11,unet,F3,37,India_900498,IND,0.3735889792442322,0.9387174248695374,1.0788440704345705e-05,0.0023828647099435,0.2128584885030751,0.1154413928840024,0.7791666666666668,0.7527777777777778,0.7375,0.7564814814814816,0.2128584885030751,0.3337401242197806,261992,123953,132447,0.4731174997709854,0.5055383370484595,118196,19843,11349,112604
P1,sen1floods11,unet,F3,37,India_91379,IND,0.094913974404335,0.3883900344371795,1.9073486328125e-06,0.0013449530815705,0.4912210231424168,0.3992683225515464,0.448611111111111,0.4194444444444444,0.4375,0.4351851851851851,0.4912210231424168,0.6166656182263434,262133,29594,4059,0.1128968882208649,0.0154845059568997,232082,457,25992,3602
P1,sen1floods11,unet,F3,37,India_943439,IND,0.2276731133460998,0.7103171944618225,1.132488250732422e-06,0.0071702059358358,0.2822242498096066,0.134271635760639,0.5194444444444444,0.8388888888888888,0.6805555555555556,0.6796296296296296,0.2822242498096066,0.4429779836443802,250096,47609,32905,0.1903629006461518,0.1315694773207088,197918,4569,19273,28336
P1,sen1floods11,unet,F3,37,India_952728,IND,0.0498521216213703,0.2294742316007614,6.556510925292969e-07,0.0011601317673921,0.4454735268303174,0.4364690985416306,0.2222222222222222,0.3069444444444444,0.2680555555555556,0.2657407407407408,0.4454735268303174,0.6228783047436179,188716,5848,1334,0.0309883634667966,0.0070688229932809,182405,463,4977,871
P1,sen1floods11,unet,F3,37,India_956930,IND,0.1163298934698104,0.4407250583171844,8.940696716308594e-07,0.0030921048019081,0.483910186410099,0.2520929448079262,0.3833333333333333,0.6611111111111111,0.5555555555555556,0.5333333333333333,0.483910186410099,0.5609603186459036,237130,40096,8070,0.1690886855311432,0.0340319655884957,196253,781,32807,7289
P1,sen1floods11,unet,F3,37,India_979278,IND,0.4472637474536896,0.9893043637275696,2.592802047729492e-05,0.001388796721585,0.3349887715621751,0.6567835566369122,0.9708333333333332,0.7083333333333333,0.6791666666666667,0.7861111111111111,0.3349887715621751,0.7951352977211921,105990,5437,9776,0.0512972921973771,0.0922351165204264,95084,5469,1130,4307
P1,sen1floods11,unet,F3,37,India_981708,IND,0.064597837626934,0.3182167708873749,7.331371307373047e-06,0.0009403408039361,0.5252306294080661,0.59761065756606,0.4736111111111111,0.3055555555555556,0.4708333333333333,0.4166666666666667,0.5252306294080661,0.6940630630650992,219993,10346,1593,0.0470287690971985,0.0072411394908019,208095,1552,10305,41
P1,sen1floods11,unet,F3,37,Paraguay_1019808,PRY,0.0333150178194046,0.1999792903661728,8.940696716308594e-07,4.830615944229066e-05,0.5098609924316406,0.999999999955847,0.2458333333333333,0.1194444444444444,0.1513888888888889,0.1722222222222222,0.5098609924316406,0.8198547123849657,262144,5170,0,0.0197219848632812,0.0,256974,0,5170,0
P1,sen1floods11,unet,F3,37,Paraguay_1029042,PRY,0.1823244988918304,0.6209407448768616,6.616115570068359e-06,0.0051345587708055,0.0664399423637267,0.0790027194008481,0.6416666666666666,0.8055555555555556,0.8027777777777778,0.75,0.0664399423637267,0.1875810077159116,223004,61197,65407,0.2744210866172804,0.2932996717547667,156567,5240,1030,60167
P1,sen1floods11,unet,F3,37,Paraguay_1029191,PRY,0.134753942489624,0.4828819036483764,2.264976501464844e-06,0.0054420535452663,0.0650942411708537,0.0700096340451486,0.5277777777777778,0.773611111111111,0.7291666666666666,0.6768518518518518,0.0650942411708537,0.1693561355773712,253937,50336,52872,0.19822239374333,0.2082091227351666,199534,4067,1531,48805
P1,sen1floods11,unet,F3,37,Paraguay_1056717,PRY,0.0535236708819866,0.2257454693317413,1.6689300537109375e-06,0.0035863055381923,0.2294650915961164,0.2043648925379376,0.3555555555555555,0.5708333333333333,0.6652777777777779,0.5305555555555556,0.2294650915961164,0.4680517314584679,262144,5046,5820,0.0192489624023437,0.0222015380859375,255148,1950,1176,3870
P1,sen1floods11,unet,F3,37,Paraguay_1076204,PRY,0.0356210470199584,0.1725395023822784,3.337860107421875e-06,0.0009813057258725,0.2364573699824504,0.1965394945270686,0.3680555555555556,0.2541666666666666,0.4166666666666667,0.3462962962962963,0.2364573699824504,0.3947741163476262,262144,3029,4818,0.0115547180175781,0.0183792114257812,257036,2079,290,2739
P1,sen1floods11,unet,F3,37,Paraguay_11869,PRY,0.0313570648431777,0.1651611030101776,1.1920928955078125e-06,0.0007361698080785,0.4265561224541893,0.4095130264443146,0.3027777777777778,0.2222222222222222,0.3277777777777778,0.2842592592592592,0.4265561224541893,0.5917826722176324,257933,222,1419,0.0008606886284422,0.0055014286655836,256508,1203,6,216
P1,sen1floods11,unet,F3,37,Paraguay_126224,PRY,0.2640253901481628,0.8170047998428345,5.245208740234375e-06,0.0007690037600696,0.7516679335165227,0.6544063855529934,0.6361111111111111,0.4888888888888889,0.425,0.5166666666666666,0.7516679335165227,0.7541332748532475,262144,144382,6432,0.5507736206054688,0.0245361328125,117110,652,138602,5780
P1,sen1floods11,unet,F3,37,Paraguay_12870,PRY,0.0733690112829208,0.3223680555820465,9.5367431640625e-07,0.0004266341857146,0.5061092376708984,0.406331710397473,0.3180555555555555,0.2361111111111111,0.2375,0.2638888888888889,0.5061092376708984,0.5906214317629357,262144,0,3203,0.0,0.0122184753417968,258941,3203,0,0
P1,sen1floods11,unet,F3,37,Paraguay_148318,PRY,0.0372168496251106,0.1794997304677963,1.7881393432617188e-06,0.000790259160567,0.2310178874204149,0.4366031240784377,0.3277777777777778,0.2416666666666666,0.3638888888888889,0.3111111111111111,0.2310178874204149,0.6094219483638968,240076,2229,1648,0.0092845598893683,0.0068644929105783,237563,284,865,1364
P1,sen1floods11,unet,F3,37,Paraguay_149787,PRY,0.1126212030649185,0.4159637093544006,2.1457672119140625e-06,0.0049162642098963,0.0748251060504829,0.0713539859547359,0.4652777777777778,0.7027777777777777,0.7124999999999999,0.6268518518518519,0.0748251060504829,0.1635247464107086,262144,40091,41653,0.1529350280761718,0.1588935852050781,218541,3512,1950,38141
P1,sen1floods11,unet,F3,37,Paraguay_149830,PRY,0.0291822496801614,0.1549353152513504,4.76837158203125e-07,0.0003128942335024,0.3625257556174793,0.5939021629712894,0.1791666666666666,0.1583333333333333,0.1625,0.1666666666666666,0.3625257556174793,0.6640152362585843,260440,1907,735,0.0073222239287359,0.0028221471356166,258377,156,1328,579
P1,sen1floods11,unet,F3,37,Paraguay_153941,PRY,0.0328689217567443,0.1577021181583404,3.933906555175781e-06,0.0007924991077743,0.4548293604404855,0.5545708577463389,0.3611111111111111,0.2347222222222222,0.4125,0.3361111111111111,0.4548293604404855,0.6463511829011896,262144,641,1032,0.0024452209472656,0.003936767578125,260617,886,495,146
P1,sen1floods11,unet,F3,37,Paraguay_172476,PRY,0.0592145174741745,0.2523604035377502,1.1920928955078125e-06,0.0027869220357388,0.2413215468952914,0.299729180747457,0.35,0.5458333333333334,0.6041666666666667,0.5,0.2413215468952914,0.5853157585064486,262143,2815,3863,0.010738413766532,0.0147362317513723,257765,1563,515,2300
P1,sen1floods11,unet,F3,37,Paraguay_179624,PRY,0.0149806272238492,0.1004984453320503,5.960464477539062e-07,7.309985812753439e-05,0.4663478433565879,0.9663559174671202,0.1263888888888888,0.0513888888888888,0.1083333333333333,0.0953703703703703,0.4663478433565879,0.7890753648100847,262109,42,37,0.000160238679328,0.0001411626460747,262035,32,37,5
P1,sen1floods11,unet,F3,37,Paraguay_191503,PRY,0.0285411793738603,0.1622920781373977,1.0728836059570312e-06,0.0001662367722019,0.5005264282226562,0.8806716035853256,0.2680555555555555,0.1361111111111111,0.2208333333333333,0.2083333333333333,0.5005264282226562,0.7605648436863637,262144,90,186,0.0003433227539062,0.0007095336914062,261868,186,90,0
P1,sen1floods11,unet,F3,37,Paraguay_198534,PRY,0.1410493999719619,0.5236904621124268,1.5497207641601562e-06,0.00106171076186,0.5052816811348069,0.5004947076181505,0.5152777777777777,0.4541666666666666,0.3888888888888889,0.4527777777777777,0.5052816811348069,0.6770559503732799,195487,0,2065,0.0,0.0105633622696138,193422,2065,0,0
P1,sen1floods11,unet,F3,37,Paraguay_205585,PRY,0.0151549214497208,0.1065195351839065,8.940696716308594e-07,6.453793321270496e-05,0.0,0.9999999999352378,0.1736111111111111,0.0472222222222222,0.1513888888888889,0.124074074074074,0.0,0.808069580067993,262144,0,0,0.0,0.0,262144,0,0,0
P1,sen1floods11,unet,F3,37,Paraguay_212687,PRY,0.0612365789711475,0.3183732628822326,4.708766937255859e-06,6.0380589275155216e-05,0.5288608209139871,0.993365717490548,0.4402777777777777,0.1666666666666666,0.2986111111111111,0.3018518518518518,0.5288608209139871,0.8075746479894239,262144,15308,14,0.0583953857421875,5.340576171875e-05,246832,4,15298,10
P1,sen1floods11,unet,F3,37,Paraguay_215904,PRY,0.0536568909883499,0.2351274788379669,1.3113021850585938e-06,0.0003968836681451,0.5033339519592768,0.5237055663283607,0.3472222222222222,0.2125,0.2902777777777778,0.2833333333333333,0.5033339519592768,0.6378432378408065,226308,0,1509,0.0,0.0066679039185534,224799,1509,0,0
P1,sen1floods11,unet,F3,37,Paraguay_224845,PRY,0.4437116682529449,0.98771333694458,1.8537044525146484e-05,0.0009204613743349,0.514607390300231,0.8417471084382376,0.951388888888889,0.6430555555555556,0.6111111111111112,0.7351851851851853,0.514607390300231,0.8512851685247143,103920,0,3036,0.0,0.0292147806004618,100884,3036,0,0
P1,sen1floods11,unet,F3,37,Paraguay_225187,PRY,0.4408419132232666,0.9864616990089417,8.821487426757812e-06,0.002562629757449,0.6153131831941605,0.2838390527132974,0.8333333333333333,0.8430555555555556,0.7013888888888888,0.7925925925925926,0.6153131831941605,0.6171685471561099,262144,47,60660,0.0001792907714843,0.2313995361328125,201478,60619,6,41
P1,sen1floods11,unet,F3,37,Paraguay_232281,PRY,0.1865220516920089,0.6800251007080078,1.1086463928222656e-05,0.001513072871603,0.5570253581865384,0.9241827406508284,0.7125,0.5708333333333333,0.6222222222222222,0.6351851851851852,0.5570253581865384,0.8528094355299389,261391,29404,567,0.1124904836050208,0.0021691642022869,231435,552,29389,15
P1,sen1floods11,unet,F3,37,Paraguay_24341,PRY,0.2251138389110565,0.7111108899116516,7.033348083496094e-06,0.0047119208611547,0.0776329700223792,0.0887020616420207,0.6583333333333332,0.8138888888888889,0.7944444444444444,0.7555555555555555,0.0776329700223792,0.2016414470396133,262144,68353,69916,0.2607460021972656,0.2667083740234375,188862,4929,3366,64987
P1,sen1floods11,unet,F3,37,Paraguay_246154,PRY,0.0103226052597165,0.0772768855094909,1.3113021850585938e-06,8.952638745540753e-05,0.3750801129210697,0.9595582452547586,0.2125,0.0166666666666666,0.2291666666666666,0.1527777777777778,0.3750801129210697,0.7767475265336862,262144,36,34,0.0001373291015625,0.0001296997070312,262088,20,22,14
P1,sen1floods11,unet,F3,37,Paraguay_247656,PRY,0.052400667220354,0.2337595224380493,1.6689300537109375e-06,0.0023354890290647,0.0511498639039804,0.0751147526534546,0.3597222222222222,0.4833333333333334,0.5736111111111112,0.4722222222222222,0.0511498639039804,0.1182641752331066,262144,20976,21811,0.08001708984375,0.0832023620605468,239700,1468,633,20343
P1,sen1floods11,unet,F3,37,Paraguay_252217,PRY,0.0297718625515699,0.1525016874074936,1.1920928955078125e-06,0.0004938241909258,0.4744784435009435,0.6489717498446752,0.2916666666666666,0.1805555555555555,0.2972222222222222,0.2564814814814815,0.4744784435009435,0.6870683947363495,255778,300,558,0.001172892117383,0.0021815793383324,254964,514,256,44
P1,sen1floods11,unet,F3,37,Paraguay_271769,PRY,0.4042742550373077,0.964847445487976,1.055002212524414e-05,0.0035862883087247,0.5732073967836888,0.2388596915624123,0.7958333333333334,0.8541666666666667,0.8222222222222223,0.8240740740740741,0.5732073967836888,0.5809048048651317,262144,2613,51109,0.0099678039550781,0.1949653625488281,210645,48886,390,2223
P1,sen1floods11,unet,F3,37,Paraguay_280900,PRY,0.0826824158430099,0.3210307657718658,2.5033950805664062e-06,0.0039650159887969,0.2509445146873452,0.2448321962152021,0.4041666666666667,0.6069444444444445,0.6944444444444444,0.5685185185185185,0.2509445146873452,0.55451041114286,262142,6585,6406,0.0251199731443263,0.024437137124154,253563,1994,2173,4412
P1,sen1floods11,unet,F3,37,Paraguay_284928,PRY,0.0998593643307685,0.4464360177516937,4.827976226806641e-06,0.002228186931461,0.5015457133237428,0.8273892257276223,0.5388888888888889,0.5972222222222222,0.6305555555555555,0.5888888888888889,0.5015457133237428,0.8471404775569368,261368,0,808,0.0,0.0030914266474855,260560,808,0,0
P1,sen1floods11,unet,F3,37,Paraguay_305760,PRY,0.1032006591558456,0.4737556576728821,5.543231964111328e-06,8.676545257912949e-05,0.5830824726261796,0.993570827315597,0.5555555555555556,0.2861111111111111,0.3027777777777777,0.3814814814814815,0.5830824726261796,0.8273770448402457,262144,43791,34,0.1670494079589843,0.0001296997070312,218353,0,43757,34
P1,sen1floods11,unet,F3,37,Paraguay_339807,PRY,0.2122049480676651,0.6820647716522217,2.5033950805664062e-06,0.0061160684563219,0.0924436058587102,0.0876733300292263,0.5763888888888888,0.8305555555555555,0.7458333333333333,0.7175925925925926,0.0924436058587102,0.2062306995338862,214619,58043,58714,0.2704466985681603,0.2735731691975081,152081,4495,3824,54219
P1,sen1floods11,unet,F3,37,Paraguay_36015,PRY,0.1700550466775894,0.5942021012306213,8.940696716308594e-07,0.0010498024057596,0.5097104971026822,0.4832808591709507,0.4569444444444444,0.4819444444444444,0.3027777777777778,0.4138888888888889,0.5097104971026822,0.6571616928866506,262139,0,5091,0.0,0.0194209942053643,257048,5091,0,0
P1,sen1floods11,unet,F3,37,Paraguay_36146,PRY,0.0544178783893585,0.253554493188858,9.5367431640625e-07,0.0004531234153546,0.5014762878417969,0.7104685955001822,0.3055555555555556,0.2305555555555555,0.2444444444444444,0.2601851851851852,0.5014762878417969,0.7145898581361586,262144,0,774,0.0,0.0029525756835937,261370,774,0,0
P1,sen1floods11,unet,F3,37,Paraguay_403081,PRY,0.0233142469078302,0.1309588998556137,3.5762786865234375e-07,0.0004684049927163,0.1824950723453031,0.4173591013322493,0.1333333333333333,0.1416666666666666,0.1611111111111111,0.1453703703703703,0.1824950723453031,0.5757294400466089,249836,1202,1362,0.0048111561184136,0.0054515762340095,248270,364,204,998
P1,sen1floods11,unet,F3,37,Paraguay_40936,PRY,0.0754689201712608,0.3501787781715393,3.2782554626464844e-06,0.000358610675903,0.501476796188194,0.787873244507207,0.4444444444444445,0.2569444444444444,0.3430555555555556,0.3481481481481482,0.501476796188194,0.7472449025527058,215331,0,636,0.0,0.0029535923763879,214695,636,0,0
P1,sen1floods11,unet,F3,37,Paraguay_44682,PRY,0.0225480459630489,0.1298343986272812,2.443790435791016e-06,0.0002906217996496,0.4088505138236327,0.8252396429177495,0.3027777777777778,0.1277777777777777,0.3166666666666666,0.2490740740740741,0.4088505138236327,0.7367514936481626,262144,1309,263,0.0049934387207031,0.0010032653808593,260819,16,1062,247
P1,sen1floods11,unet,F3,37,Paraguay_470303,PRY,0.0561365485191345,0.2856417000293731,2.264976501464844e-06,0.0001558388903504,0.4982887045092206,0.8281403220160357,0.3916666666666666,0.1944444444444444,0.2861111111111111,0.2907407407407407,0.4982887045092206,0.7589804222741617,262144,10446,472,0.0398483276367187,0.001800537109375,251664,34,10008,438
P1,sen1floods11,unet,F3,37,Paraguay_482517,PRY,0.1944713443517685,0.6851322650909424,8.225440979003906e-06,0.0025838778819888,0.0478330077401902,0.1419633041999779,0.6763888888888889,0.7013888888888888,0.7166666666666667,0.6981481481481482,0.0478330077401902,0.4308669986730197,259600,47452,45941,0.182788906009245,0.1769684129429892,211008,1140,2651,44801
P1,sen1floods11,unet,F3,37,Paraguay_48673,PRY,0.0603041350841522,0.2552711963653564,2.1457672119140625e-06,0.0007778051076456,0.4897797169431003,0.4851874221493628,0.3833333333333333,0.2847222222222222,0.3763888888888889,0.3481481481481481,0.4897797169431003,0.6231096095999462,262144,133,1931,0.0005073547363281,0.0073661804199218,260136,1875,77,56
P1,sen1floods11,unet,F3,37,Paraguay_511199,PRY,0.0611685290932655,0.2869889140129089,1.96695327758789e-06,0.000511206977535,0.481044908471437,0.6244208710977184,0.3833333333333333,0.2430555555555555,0.3263888888888889,0.3175925925925926,0.481044908471437,0.6906051576558756,262144,11544,1175,0.044036865234375,0.0044822692871093,250361,239,10608,936
P1,sen1floods11,unet,F3,37,Paraguay_54421,PRY,0.0314694084227085,0.1686439961194992,1.6689300537109375e-06,0.0003430289798416,0.4860240305406441,0.5474071227753197,0.3277777777777778,0.1805555555555555,0.3027777777777778,0.2703703703703703,0.4860240305406441,0.6326305831621456,262144,40,1002,0.000152587890625,0.0038223266601562,261134,970,8,32
P1,sen1floods11,unet,F3,37,Paraguay_581976,PRY,0.2356844693422317,0.7673986554145813,9.298324584960938e-06,0.0006824714364483,0.766246902598238,0.724766327965513,0.7027777777777777,0.4513888888888888,0.4625,0.5388888888888889,0.766246902598238,0.7632863541758016,261748,148589,4321,0.5676796002261717,0.0165082445711142,113067,92,144360,4229
P1,sen1floods11,unet,F3,37,Paraguay_59731,PRY,0.0291051380336284,0.1479227393865585,1.1920928955078125e-07,0.0014222726458683,0.1922748306925787,0.1629546593598168,0.1027777777777777,0.2958333333333333,0.2236111111111111,0.2074074074074074,0.1922748306925787,0.3858460516219749,255656,2770,4349,0.0108348718590606,0.0170111399693337,251267,1619,40,2730
P1,sen1floods11,unet,F3,37,Paraguay_605682,PRY,0.2953022122383117,0.8624598383903503,8.344650268554688e-06,0.0005507690948434,0.5859954049709607,0.6237089617084725,0.7,0.4513888888888888,0.4430555555555555,0.5314814814814814,0.5859954049709607,0.7249123327429713,262144,75440,8010,0.28778076171875,0.0305557250976562,186103,601,68031,7409
P1,sen1floods11,unet,F3,37,Paraguay_62897,PRY,0.1382491588592529,0.5689107775688171,3.516674041748047e-06,9.06360219232738e-05,0.5769583496615946,0.9807931507910428,0.5791666666666667,0.3305555555555555,0.2819444444444445,0.3972222222222223,0.5769583496615946,0.8346294339583826,262144,41142,110,0.1569442749023437,0.0004196166992187,221002,0,41032,110
P1,sen1floods11,unet,F3,37,Paraguay_648632,PRY,0.0853513777256012,0.3994498252868652,3.6954879760742183e-06,0.0002352188166696,0.5018293494310205,0.6722455187891161,0.4847222222222223,0.2861111111111111,0.3319444444444445,0.3675925925925926,0.5018293494310205,0.7156431638407186,262144,18394,1255,0.0701675415039062,0.0047874450683593,243655,95,17234,1160
P1,sen1floods11,unet,F3,37,Paraguay_651904,PRY,0.0870821326971054,0.388573408126831,1.5497207641601562e-06,0.0016279884148389,0.1656659238900248,0.1073823453192071,0.4402777777777777,0.4986111111111111,0.5083333333333333,0.4824074074074074,0.1656659238900248,0.2468929826222814,262144,27156,22642,0.1035919189453125,0.0863723754882812,232927,2061,6575,20581
P1,sen1floods11,unet,F3,37,Paraguay_657443,PRY,0.1981451511383056,0.6444828510284424,1.6093254089355469e-06,0.0069483588449656,0.0817629831336425,0.0762987506268724,0.5513888888888888,0.8263888888888888,0.725,0.700925925925926,0.0817629831336425,0.1922269694983527,262144,64974,70773,0.2478561401367187,0.2699775695800781,189941,7229,1430,63544
P1,sen1floods11,unet,F3,37,Paraguay_683296,PRY,0.0304951667785644,0.1496051996946334,1.430511474609375e-06,0.0014117300743237,0.1704461617426822,0.1419625162771595,0.3,0.2958333333333333,0.4208333333333333,0.3388888888888888,0.1704461617426822,0.3525365052327046,259578,7409,6715,0.0285424804875605,0.0258689103082695,251121,1048,1742,5667
P1,sen1floods11,unet,F3,37,Paraguay_721886,PRY,0.1012549996376037,0.3692813515663147,4.589557647705078e-06,0.0070241428911685,0.2947398419866351,0.187260108881302,0.4805555555555555,0.6986111111111111,0.7819444444444444,0.6537037037037037,0.2947398419866351,0.4867067232688009,261426,10917,10100,0.0417594271419063,0.0386342597905334,246855,3654,4471,6446
P1,sen1floods11,unet,F3,37,Paraguay_76868,PRY,0.1502306014299392,0.5726796388626099,2.7418136596679688e-06,0.0028135851025581,0.0665191711345638,0.1585786686886279,0.5708333333333333,0.7138888888888889,0.6569444444444444,0.6472222222222223,0.0665191711345638,0.448411759339004,262121,17683,18997,0.0674612106622514,0.0724741626958542,242577,1861,547,17136
P1,sen1floods11,unet,F3,37,Paraguay_7894,PRY,0.0158154834061861,0.1057767495512962,3.5762786865234375e-07,0.0001007110622595,0.500002472958202,0.9090098150130272,0.1111111111111111,0.0513888888888888,0.0930555555555555,0.0851851851851852,0.500002472958202,0.7513245455689118,202187,0,1,0.0,4.945916404120938e-06,202186,1,0,0
P1,sen1floods11,unet,F3,37,Paraguay_790830,PRY,0.0727002769708633,0.3034877777099609,4.112720489501953e-06,0.0027997603174299,0.0482233151652817,0.0673994478507831,0.4236111111111111,0.55,0.6736111111111112,0.5490740740740742,0.0482233151652817,0.1263239298143441,261199,31947,33036,0.1223090440621901,0.1264782790133193,227282,1970,881,31066
P1,sen1floods11,unet,F3,37,Paraguay_791364,PRY,0.0144107649102807,0.0985641479492187,1.1920928955078125e-07,0.0001024143421091,0.4763911108337857,0.9278241519631144,0.0430555555555555,0.0444444444444444,0.0319444444444444,0.0398148148148148,0.4763911108337857,0.756853269047057,261735,1206,77,0.0046077139091065,0.0002941906890557,260515,14,1143,63
P1,sen1floods11,unet,F3,37,Paraguay_792268,PRY,0.0325778573751449,0.1653394252061844,1.6093254089355469e-06,0.0010028104297816,0.2441563563684492,0.4222211712964497,0.3236111111111111,0.25,0.3763888888888889,0.3166666666666666,0.2441563563684492,0.5983927560553253,262120,1346,1621,0.0051350526476423,0.0061841904471234,260162,612,337,1009
P1,sen1floods11,unet,F3,37,Paraguay_795075,PRY,0.0220590569078922,0.1262270212173462,1.430511474609375e-06,0.000736384128686,0.2002985888062769,0.2507090490126059,0.2625,0.1736111111111111,0.3361111111111111,0.2574074074074074,0.2002985888062769,0.4594947317663942,262138,3421,2814,0.0130503780451517,0.010734803805629,258254,463,1070,2351
P1,sen1floods11,unet,F3,37,Paraguay_80102,PRY,0.0125957261770963,0.0916704535484314,6.556510925292969e-07,5.796387995360419e-05,0.5000705721686256,0.9855886793653588,0.1194444444444444,0.0402777777777777,0.1041666666666666,0.0879629629629629,0.5000705721686256,0.7869506664347219,262143,22,15,8.392365998710627e-05,5.722067726393609e-05,262106,15,22,0
P1,sen1floods11,unet,F3,37,Paraguay_822142,PRY,0.2907458543777466,0.83272784948349,3.337860107421875e-06,0.0055047678761184,0.1131657930692884,0.1033241752028388,0.6152777777777778,0.8374999999999999,0.7527777777777778,0.7351851851851853,0.1131657930692884,0.286371993380358,262144,80190,86675,0.3059005737304687,0.3306388854980469,171837,10117,3632,76558
P1,sen1floods11,unet,F3,37,Paraguay_868895,PRY,0.1132537052035331,0.4366249442100525,1.1920928955078125e-06,0.0028896692674607,0.3836029335867998,0.152698984618305,0.4444444444444444,0.6486111111111111,0.6125,0.5685185185185185,0.3836029335867998,0.4317211057355434,175465,15787,8522,0.0899723591599464,0.0485680905023793,156887,2791,10056,5731
P1,sen1floods11,unet,F3,37,Paraguay_892933,PRY,0.1684788018465042,0.6407409310340881,1.7881393432617188e-06,0.0001685679308138,0.5389449400659942,0.9124749957724512,0.5513888888888888,0.3708333333333333,0.2694444444444444,0.3972222222222221,0.5389449400659942,0.8055284329943787,262144,26570,627,0.1013565063476562,0.0023918151855468,235524,50,25993,577
P1,sen1floods11,unet,F3,37,Paraguay_896458,PRY,0.1215888634324073,0.4626404047012329,2.562999725341797e-06,0.0037303720600903,0.061342043755192,0.0705656730830373,0.5138888888888888,0.7055555555555555,0.6972222222222222,0.6388888888888888,0.061342043755192,0.1616929460278492,240678,49299,49741,0.2048338443895994,0.2066703230041798,188642,2737,2295,47004
P1,sen1floods11,unet,F3,37,Paraguay_913449,PRY,0.0755611434578895,0.2926375269889831,2.264976501464844e-06,0.0037145824171602,0.2934605103657201,0.267135522028893,0.3916666666666666,0.5944444444444444,0.6861111111111111,0.5574074074074075,0.2934605103657201,0.5721448034411177,262144,5517,5299,0.0210456848144531,0.0202140808105468,254579,2048,2266,3251
P1,sen1floods11,unet,F3,37,Paraguay_921838,PRY,0.1710154116153717,0.6466197967529297,2.3245811462402344e-05,0.0002736127062235,0.4791433690915109,0.8875418624466854,0.7902777777777777,0.3972222222222221,0.5347222222222222,0.5740740740740741,0.4791433690915109,0.811808012640187,262144,7350,926,0.0280380249023437,0.0035324096679687,254404,390,6814,536
P1,sen1floods11,unet,F3,37,Paraguay_934240,PRY,0.0650458112359047,0.3441709578037262,8.702278137207031e-06,5.149491335032508e-05,0.5388298034667969,0.9999999999818744,0.525,0.1916666666666666,0.3583333333333333,0.3583333333333333,0.5388298034667969,0.8316398447019382,262144,20358,0,0.0776596069335937,0.0,241786,0,20358,0
P1,sen1floods11,unet,F3,37,Paraguay_989230,PRY,0.1297745406627655,0.4793193340301513,4.76837158203125e-06,0.0044098179787397,0.0748550975215729,0.0837132285477364,0.5638888888888889,0.7486111111111111,0.7569444444444444,0.6898148148148149,0.0748550975215729,0.190677899426521,219924,36591,34631,0.166380204070497,0.1574680344118877,181951,1382,3342,33249
P1,sen1floods11,unet,F3,37,Paraguay_997480,PRY,0.0783062949776649,0.3355651199817657,1.1920928955078125e-06,0.0002286352100782,0.5064364426652053,0.64230835515043,0.375,0.2333333333333333,0.2666666666666666,0.2916666666666667,0.5064364426652053,0.6933955321113942,262144,19947,1197,0.0760917663574218,0.0045661926269531,242180,17,18767,1180
P1,sen1floods11,unet,F3,37,Somalia_1068756,SOM,0.3884797096252441,0.9519696831703186,2.193450927734375e-05,0.0046693389303982,0.5792990455714,0.2102728928218624,0.8652777777777778,0.8763888888888889,0.9388888888888888,0.8935185185185185,0.5792990455714,0.5471562195556476,171193,6495,32775,0.0379396353822878,0.1914505850122376,133825,30873,4593,1902
P1,sen1floods11,unet,F3,37,Somalia_1087508,SOM,0.4075993299484253,0.9673814177513124,2.9206275939941406e-06,0.0043796454556286,0.5007722241496512,0.2676293547599842,0.6986111111111112,0.9041666666666668,0.7361111111111112,0.7796296296296297,0.5007722241496512,0.6246583637150492,212943,10021,41916,0.0470595417553054,0.1968414082641833,168774,34148,2253,7768
P1,sen1floods11,unet,F3,37,Somalia_12849,SOM,0.4509745836257934,0.9907466769218444,1.2755393981933594e-05,0.0025609266012907,0.6735047013994203,0.1578065373968966,0.8986111111111111,0.8555555555555556,0.7541666666666667,0.8361111111111111,0.6735047013994203,0.468205004630894,191302,37192,111008,0.1944151132763902,0.5802762124807895,70291,83819,10003,27189
P1,sen1floods11,unet,F3,37,Somalia_166342,SOM,0.0826823562383651,0.3346794843673706,2.205371856689453e-06,0.0014043588889762,0.5049914542314022,0.4919302326629151,0.3958333333333333,0.3666666666666666,0.4458333333333333,0.4027777777777777,0.5049914542314022,0.6527777357634112,220577,12,2190,5.4402770914465245e-05,0.0099285056918899,218375,2190,12,0
P1,sen1floods11,unet,F3,37,Somalia_167787,SOM,0.4625725746154785,0.9945675134658812,2.366304397583008e-05,0.0029511272441595,0.6985507544960629,0.2334675127787397,0.9638888888888888,0.9083333333333334,0.8722222222222222,0.9148148148148147,0.6985507544960629,0.5806928030903213,220505,225,88256,0.0010203850252828,0.4002448924060678,132248,88032,1,224
P1,sen1floods11,unet,F3,37,Somalia_195014,SOM,0.0193791259080171,0.1041189283132553,1.430511474609375e-06,0.0003533657873049,0.5016499037021185,0.5383222664551092,0.2472222222222222,0.1125,0.2902777777777778,0.2166666666666666,0.5016499037021185,0.6215253623249983,233650,0,771,0.0,0.0032998074042371,232879,771,0,0
P1,sen1floods11,unet,F3,37,Somalia_205466,SOM,0.062848724424839,0.2523569464683532,9.5367431640625e-07,0.0018072456587105,0.5069205233190188,0.2775849284054866,0.3055555555555556,0.4611111111111111,0.475,0.4138888888888889,0.5069205233190188,0.5407280021160203,240083,93,3230,0.0003873660359125,0.013453680602125,236760,3230,93,0
P1,sen1floods11,unet,F3,37,Somalia_230192,SOM,0.4266456365585327,0.979260504245758,8.344650268554688e-06,0.003937317058444,0.6586156119701033,0.2063329625740154,0.8097222222222222,0.9125,0.7944444444444445,0.8388888888888889,0.6586156119701033,0.5310895842736574,232522,58,73961,0.0002494387627837,0.3180817299008266,158556,73908,5,53
P1,sen1floods11,unet,F3,37,Somalia_256539,SOM,0.1546355336904525,0.5510074496269226,7.152557373046875e-07,0.0017869255971163,0.5105735811876579,0.4342499638581318,0.4277777777777777,0.6291666666666667,0.4291666666666666,0.4953703703703704,0.5105735811876579,0.6858448290443975,221259,23,4656,0.0001039505737619,0.0210432118015538,216580,4656,23,0
P1,sen1floods11,unet,F3,37,Somalia_295782,SOM,0.3924630284309387,0.9560352563858032,1.4424324035644531e-05,0.0038064671680331,0.4907789603269542,0.2974317777875921,0.8333333333333333,0.8458333333333334,0.8763888888888889,0.8518518518518517,0.4907789603269542,0.6375931300760449,203048,16239,35127,0.0799761632717387,0.1729985028170678,160096,26713,7825,8414
P1,sen1floods11,unet,F3,37,Somalia_322855,SOM,0.213008627295494,0.6871811747550964,1.0728836059570312e-06,0.0028199057560414,0.3769243481106773,0.2002625316958345,0.5069444444444444,0.7305555555555556,0.5763888888888888,0.6046296296296296,0.3769243481106773,0.4911028609254296,255044,44737,19208,0.1754089490440865,0.0753124950988849,208364,1943,27472,17265
P1,sen1floods11,unet,F3,37,Somalia_32375,SOM,0.3870224356651306,0.950879454612732,6.258487701416016e-06,0.0060827140696346,0.5896547077144226,0.2573827432871306,0.7041666666666667,0.9013888888888888,0.8027777777777778,0.8027777777777777,0.5896547077144226,0.6130624785102576,133568,1,23949,7.486823191183517e-06,0.179301928605654,109618,23949,1,0
P1,sen1floods11,unet,F3,37,Somalia_371421,SOM,0.3609584271907806,0.9258981347084044,8.106231689453125e-06,0.0038912955205887,0.5886892298015565,0.2715771778568665,0.7319444444444445,0.838888888888889,0.7902777777777779,0.7870370370370371,0.5886892298015565,0.6123445446866997,230962,34678,30458,0.1501459114486365,0.1318745074947394,170180,26104,30324,4354
P1,sen1floods11,unet,F3,37,Somalia_60129,SOM,0.1883887946605682,0.6250841617584229,1.1920928955078125e-06,0.0026628556661307,0.5154884763186117,0.321974859990693,0.5263888888888888,0.6972222222222222,0.5791666666666666,0.6009259259259259,0.5154884763186117,0.6481210580322554,222316,677,7043,0.003045214919304,0.0316801309847244,214623,7016,650,27
P1,sen1floods11,unet,F3,37,Somalia_61368,SOM,0.0404453054070472,0.1929704993963241,8.344650268554688e-07,0.0006168684922158,0.5011550976902741,0.6912884065422422,0.2333333333333333,0.2083333333333333,0.2361111111111111,0.2259259259259259,0.5011550976902741,0.7058597597783791,212969,0,492,0.0,0.0023101953805483,212477,492,0,0
P1,sen1floods11,unet,F3,37,Somalia_626316,SOM,0.4054780602455139,0.9656704664230348,8.344650268554688e-06,0.0039761243388056,0.5189858812972784,0.1710475662910487,0.7597222222222222,0.8625,0.7944444444444445,0.8055555555555555,0.5189858812972784,0.502944918682191,169085,21727,63564,0.1284975012567643,0.3759292663453292,102483,44875,3038,18689
P1,sen1floods11,unet,F3,37,Somalia_649376,SOM,0.3830931484699249,0.9472886323928832,1.0251998901367188e-05,0.0032889526337385,0.5729513946020501,0.2476023604264058,0.775,0.8138888888888889,0.7944444444444445,0.7944444444444444,0.5729513946020501,0.5858904062394995,213929,5187,35574,0.0242463621107937,0.1662888154481159,174486,34256,3869,1318
P1,sen1floods11,unet,F3,37,Somalia_685158,SOM,0.1750635206699371,0.5918535590171814,4.76837158203125e-07,0.0032422677613794,0.4698968496866317,0.2255204984926204,0.4097222222222222,0.7347222222222223,0.5083333333333333,0.5509259259259259,0.4698968496866317,0.5463244510114018,184172,25254,9599,0.1371218209065438,0.0521197576178789,154943,3975,19630,5624
P1,sen1floods11,unet,F3,37,Somalia_699062,SOM,0.0925906151533126,0.3577908873558044,9.5367431640625e-07,0.0017040737438946,0.4770568547990274,0.3076194915239236,0.3458333333333333,0.4902777777777777,0.4638888888888888,0.4333333333333333,0.4770568547990274,0.5890691747382819,203209,3290,3272,0.0161902277950287,0.0161016490411349,197098,2821,2839,451
P1,sen1floods11,unet,F3,37,Somalia_7931,SOM,0.024932287633419,0.1315777599811554,1.1920928955078125e-07,0.0002417561918264,0.5004629354563999,0.7709652930377835,0.0722222222222222,0.1236111111111111,0.0819444444444444,0.0925925925925926,0.5004629354563999,0.7246567989427519,201972,0,187,0.0,0.0009258709127997,201785,187,0,0
P1,sen1floods11,unet,F3,37,Somalia_886726,SOM,0.2833790183067322,0.8190359473228455,1.9073486328125e-06,0.0052031320519745,0.4221113625955368,0.1675551893728821,0.5833333333333333,0.8374999999999999,0.7208333333333333,0.7138888888888889,0.4221113625955368,0.5017737266976392,262036,82995,38441,0.3167312888305423,0.146701216626723,174653,4388,48942,34053
P1,sen1floods11,unet,F3,37,Somalia_93023,SOM,0.3064575493335724,0.8574791550636292,4.529953002929688e-06,0.0035289486404508,0.5461227206175961,0.2668988980055055,0.6361111111111111,0.7875000000000001,0.7152777777777779,0.7129629629629629,0.5461227206175961,0.6028164324174823,187825,0,17326,0.0,0.0922454412351923,170499,17326,0,0
P1,sen1floods11,unet,F3,37,Somalia_94102,SOM,0.1497388333082199,0.528407633304596,1.4901161193847656e-06,0.0021198221947997,0.2750914858784001,0.2102217248595884,0.5222222222222223,0.6333333333333333,0.5611111111111111,0.5722222222222223,0.2750914858784001,0.4971080133715495,241360,12694,13235,0.0525936360623135,0.0548351010938017,223936,4730,4189,8505
P1,sen1floods11,unet,F3,37,Somalia_970508,SOM,0.3987964689731598,0.9605414271354676,1.043081283569336e-05,0.0042488239705562,0.5877083460808308,0.1920801177896205,0.7916666666666667,0.8736111111111111,0.8458333333333334,0.837037037037037,0.5877083460808308,0.5192243718688048,217119,38112,66371,0.1755350752352396,0.3056895066760624,128829,50178,21919,16193
P1,sen1floods11,unet,F3,37,Somalia_989553,SOM,0.3848695456981659,0.9491198062896729,5.245208740234375e-06,0.0020760637708008,0.6023272259140731,0.1657311909561675,0.6875,0.7375,0.6222222222222222,0.6824074074074075,0.6023272259140731,0.4741343447000588,110303,2307,20267,0.0209151156360207,0.1837393361921253,87729,20267,2307,0
P1,sen1floods11,unet,F3,37,Somalia_992457,SOM,0.2064891904592514,0.6964930891990662,4.172325134277344e-06,0.0017012931639328,0.4340575402786462,0.6044365118240798,0.6083333333333334,0.6388888888888888,0.5777777777777777,0.6083333333333334,0.4340575402786462,0.7709845370945985,181140,7852,4149,0.0433476868720326,0.0229049354090758,170957,2331,6034,1818
P1,sen1floods11,unet,F3,37,Sri-Lanka_101973,LKA,0.0840149298310279,0.3624127805233001,5.960464477539062e-07,0.0007232321077026,0.4841296831190715,0.5454024980563608,0.2861111111111111,0.3180555555555555,0.2152777777777778,0.2731481481481481,0.4841296831190715,0.6584952740504963,262143,2958,2078,0.0112839175564481,0.0079269711569639,257343,1842,2722,236
P1,sen1floods11,unet,F3,37,Sri-Lanka_1038087,LKA,0.0910242050886154,0.3858067393302917,5.960464477539062e-07,0.0010040653869509,0.4507278639731923,0.3477524754805614,0.3069444444444444,0.3666666666666666,0.2430555555555555,0.3055555555555556,0.4507278639731923,0.5907826403790186,262143,18112,4560,0.069092060440294,0.0173950858882365,242627,1404,14956,3156
P1,sen1floods11,unet,F3,37,Sri-Lanka_1049830,LKA,0.0910820066928863,0.3655755519866943,1.1920928955078125e-06,0.0014617602573707,0.3245100735031707,0.2408535864655283,0.4027777777777778,0.4194444444444444,0.425,0.4157407407407407,0.3245100735031707,0.50688020131209,190233,2577,5331,0.0135465455520335,0.0280235290407027,184462,3194,440,2137
P1,sen1floods11,unet,F3,37,Sri-Lanka_117737,LKA,0.0721324384212493,0.3325863182544708,7.152557373046875e-07,0.0005448710289783,0.4598178495161374,0.5859033417000594,0.2722222222222222,0.2555555555555555,0.2111111111111111,0.2462962962962962,0.4598178495161374,0.6707501289316667,262144,6731,1537,0.0256767272949218,0.0058631896972656,254668,745,5939,792
P1,sen1floods11,unet,F3,37,Sri-Lanka_120804,LKA,0.0787983685731887,0.3581968545913696,7.152557373046875e-07,0.0006473337998613,0.4528727460593281,0.6164365585120355,0.3,0.2916666666666667,0.2194444444444444,0.2703703703703703,0.4528727460593281,0.6994722615413237,262144,6958,1656,0.0265426635742187,0.006317138671875,254454,732,6034,924
P1,sen1floods11,unet,F3,37,Sri-Lanka_132922,LKA,0.069826140999794,0.3273763954639435,3.5762786865234375e-07,0.0005110300262458,0.5284874179237525,0.7741755091474571,0.2347222222222222,0.2513888888888889,0.1694444444444444,0.2185185185185185,0.5284874179237525,0.7474808912643102,262144,17843,726,0.0680656433105468,0.0027694702148437,243799,502,17619,224
P1,sen1floods11,unet,F3,37,Sri-Lanka_135713,LKA,0.0241731237620115,0.1360992640256881,6.556510925292969e-07,0.0001968333963304,0.5004652720911189,0.8564860861834929,0.1555555555555555,0.1152777777777777,0.1430555555555555,0.1379629629629629,0.5004652720911189,0.7576846214469514,134330,0,125,0.0,0.0009305441822377,134205,125,0,0
P1,sen1floods11,unet,F3,37,Sri-Lanka_14484,LKA,0.0741645917296409,0.3171358704566955,4.172325134277344e-07,0.001358252717182,0.5484712115733635,0.3318778039919082,0.2305555555555555,0.3625,0.2847222222222222,0.2925925925925925,0.5484712115733635,0.5876993679309966,232015,38866,3652,0.1675150313557313,0.0157403616145507,192114,1035,36249,2617
P1,sen1floods11,unet,F3,37,Sri-Lanka_152185,LKA,0.0531794615089893,0.2318286001682281,4.76837158203125e-07,0.000891012721695,0.3038866857132438,0.2768457752518889,0.2222222222222222,0.2777777777777778,0.2388888888888889,0.2462962962962963,0.3038866857132438,0.4982439861386188,262144,2198,3968,0.0083847045898437,0.01513671875,257747,2199,429,1769
P1,sen1floods11,unet,F3,37,Sri-Lanka_163406,LKA,0.0591758266091346,0.2500152289867401,3.3974647521972656e-06,0.0007819557795301,0.3116109949169836,0.3788330116486199,0.4041666666666667,0.2777777777777778,0.4041666666666667,0.3620370370370371,0.3116109949169836,0.5886668774109671,262144,5070,2736,0.0193405151367187,0.01043701171875,256528,546,2880,2190
P1,sen1floods11,unet,F3,37,Sri-Lanka_178753,LKA,0.0153393913060426,0.1046035885810852,1.788139343261719e-07,7.928130071377382e-05,0.5013254658825476,0.9745485981245314,0.0569444444444444,0.0513888888888888,0.0388888888888888,0.049074074074074,0.5013254658825476,0.7890753648100847,253873,645,28,0.0025406403989396,0.0001102913661555,253200,28,645,0
P1,sen1floods11,unet,F3,37,Sri-Lanka_233609,LKA,0.1386592537164688,0.5114521980285645,3.5762786865234375e-07,0.0014674726407974,0.4426764237229335,0.4133846045677141,0.3666666666666666,0.5180555555555555,0.3041666666666667,0.3962962962962963,0.4426764237229335,0.6478464146809465,257120,6877,5157,0.0267462663347853,0.02005678282514,246651,3592,5312,1565
P1,sen1floods11,unet,F3,37,Sri-Lanka_236030,LKA,0.0238688755780458,0.1275672763586044,2.384185791015625e-07,0.0006449089269153,0.1814292592765171,0.407312184091761,0.0944444444444444,0.1625,0.1430555555555555,0.1333333333333333,0.1814292592765171,0.5806870029248785,206088,1713,1445,0.0083119832304646,0.0070115678739179,204163,212,480,1233
P1,sen1floods11,unet,F3,37,Sri-Lanka_236628,LKA,0.0618265941739082,0.2598660886287689,6.556510925292969e-07,0.0005576438852585,0.3713475532647337,0.4663508159654465,0.2375,0.2430555555555555,0.1888888888888888,0.2231481481481481,0.3713475532647337,0.6131944838434069,262142,3081,2034,0.0117531719449763,0.007759153435924,258110,951,1998,1083
P1,sen1floods11,unet,F3,37,Sri-Lanka_249079,LKA,0.035773642361164,0.1838629394769668,5.364418029785156e-07,0.0002854107005987,0.5014474283113337,0.7540171575519883,0.1944444444444444,0.1736111111111111,0.1625,0.1768518518518518,0.5014474283113337,0.7220241556667278,164775,11,466,6.675769989379457e-05,0.0028280989227734,164298,466,11,0
P1,sen1floods11,unet,F3,37,Sri-Lanka_31559,LKA,0.0184303130954504,0.1173922345042228,1.788139343261719e-07,9.429513738723472e-05,0.5012317466121254,0.9391362377286272,0.0638888888888888,0.0583333333333333,0.0388888888888888,0.0537037037037037,0.5012317466121254,0.7702228227762314,218795,464,75,0.0021207065974999,0.000342786626751,218256,75,464,0
P1,sen1floods11,unet,F3,37,Sri-Lanka_321316,LKA,0.4350312948226928,0.985239565372467,5.245208740234375e-06,0.0017469899030402,0.6417764936504359,0.6854948405975694,0.7652777777777777,0.7902777777777779,0.5972222222222222,0.7175925925925926,0.6417764936504359,0.8161930505215291,262133,96905,13699,0.3696787508631114,0.0522597307473687,160161,5067,88273,8632
P1,sen1floods11,unet,F3,37,Sri-Lanka_377277,LKA,0.0860373154282569,0.3493410348892212,1.3113021850585938e-06,0.0014326197560876,0.2614087215316391,0.2518701217884008,0.3916666666666667,0.3958333333333333,0.4291666666666667,0.4055555555555556,0.2614087215316391,0.5027157684972511,259388,8603,6362,0.0331665304485943,0.0245269634678551,249391,1394,3635,4968
P1,sen1floods11,unet,F3,37,Sri-Lanka_400518,LKA,0.0324668064713478,0.1581452041864395,2.384185791015625e-07,0.0008059765677899,0.1992789186510747,0.3299134427103487,0.1291666666666666,0.2347222222222222,0.1805555555555555,0.1814814814814815,0.1992789186510747,0.5553050894371842,262144,2380,2322,0.0090789794921875,0.0088577270507812,259216,548,606,1774
P1,sen1floods11,unet,F3,37,Sri-Lanka_450918,LKA,0.3794037997722626,0.946121633052826,2.86102294921875e-05,0.0011583073064684,0.5177887086253447,0.8137646160794335,0.8680555555555556,0.5736111111111112,0.6472222222222223,0.6962962962962963,0.5177887086253447,0.8062927342873752,99126,4277,2675,0.0431471057038516,0.0269858563848031,92380,2469,4071,206
P1,sen1floods11,unet,F3,37,Sri-Lanka_49764,LKA,0.0224396381527185,0.1302841603755951,1.1920928955078125e-07,0.0002022425469476,0.5022065105760904,0.868871020345436,0.0722222222222222,0.1083333333333333,0.0666666666666666,0.0824074074074074,0.5022065105760904,0.7565514356472425,243327,2486,182,0.0102167042703851,0.0007479646730531,240676,165,2469,17
P1,sen1floods11,unet,F3,37,Sri-Lanka_52223,LKA,0.0178034491837024,0.1177668794989585,1.0132789611816406e-06,9.13085023057647e-05,0.5001564025878906,0.9279724647161784,0.2055555555555555,0.0583333333333333,0.1805555555555555,0.1481481481481481,0.5001564025878906,0.7591196406464747,262144,0,82,0.0,0.0003128051757812,262062,82,0,0
P1,sen1floods11,unet,F3,37,Sri-Lanka_523539,LKA,0.1180030182003974,0.4441159665584564,5.960464477539062e-07,0.0014741700142621,0.4919318672998746,0.2474172378677289,0.3444444444444444,0.4805555555555555,0.3194444444444444,0.3814814814814815,0.4919318672998746,0.5173715715092426,218481,24669,5965,0.1129114202150301,0.0273021452666364,191289,2523,21227,3442
P1,sen1floods11,unet,F3,37,Sri-Lanka_534068,LKA,0.1790648996829986,0.6753878593444824,5.882978439331055e-05,0.0002088250766973,0.9906997680664062,0.9999999999955012,0.8263888888888888,0.3861111111111111,0.5513888888888889,0.5879629629629629,0.9906997680664062,0.8665889250840163,262144,257268,0,0.9813995361328124,0.0,4876,0,257268,0
P1,sen1floods11,unet,F3,37,Sri-Lanka_551926,LKA,0.2046921998262405,0.6804015636444092,2.9802322387695312e-06,0.0016418984159827,0.4405642799065987,0.4633481453303585,0.5958333333333334,0.6138888888888889,0.5486111111111112,0.5861111111111111,0.4405642799065987,0.6876247878282061,262144,19600,6858,0.07476806640625,0.0261611938476562,239889,2655,15397,4203
P1,sen1floods11,unet,F3,37,Sri-Lanka_55568,LKA,0.1451965719461441,0.490311324596405,1.1920928955078125e-07,0.0007126277778297,0.4408517458407528,0.4763747411721636,0.3013888888888889,0.4097222222222222,0.1388888888888889,0.2833333333333333,0.4408517458407528,0.642364416643335,212858,15268,3465,0.0717285702205226,0.0162784579390955,196986,604,12407,2861
P1,sen1floods11,unet,F3,37,Sri-Lanka_579082,LKA,0.0983709692955017,0.3798387348651886,4.76837158203125e-07,0.0022310528438538,0.3792995999033515,0.2106125368004264,0.3027777777777778,0.5555555555555556,0.4361111111111111,0.4314814814814815,0.3792995999033515,0.485039534606467,208263,14466,7494,0.0694602497803258,0.0359833479782774,191366,2431,9403,5063
P1,sen1floods11,unet,F3,37,Sri-Lanka_612594,LKA,0.2087442129850387,0.6658997535705566,3.2186508178710938e-06,0.002268222393468,0.1123929787918809,0.1116391398272226,0.5958333333333334,0.6791666666666667,0.6138888888888889,0.6296296296296298,0.1123929787918809,0.3034439281755411,262144,43125,45951,0.1645088195800781,0.1752891540527343,213090,5929,3103,40022
P1,sen1floods11,unet,F3,37,Sri-Lanka_63307,LKA,0.1580486744642257,0.5562462210655212,7.152557373046875e-07,0.0017926590517163,0.5009634485606096,0.4383307847898174,0.4277777777777777,0.6291666666666667,0.4291666666666666,0.4953703703703704,0.5009634485606096,0.6858448290443975,262144,7005,5816,0.0267219543457031,0.022186279296875,249852,5287,6476,529
P1,sen1floods11,unet,F3,37,Sri-Lanka_649970,LKA,0.083580158650875,0.3599438369274139,6.556510925292969e-07,0.0007574865594506,0.48128176469931,0.4882956495883327,0.2777777777777778,0.3180555555555555,0.2236111111111111,0.2731481481481481,0.48128176469931,0.6391327484085915,260855,17343,2409,0.0664852120910084,0.0092350156217055,242896,616,15550,1793
P1,sen1floods11,unet,F3,37,Sri-Lanka_653336,LKA,0.1657283753156662,0.5857527256011963,7.152557373046875e-07,0.0022497386671602,0.2413636928285982,0.2398842393040768,0.4277777777777777,0.6625000000000001,0.4625,0.5175925925925926,0.2413636928285982,0.542773652684937,262141,17982,13487,0.0685966712570715,0.0514494108132646,241882,2277,6772,11210
P1,sen1floods11,unet,F3,37,Sri-Lanka_713926,LKA,0.3901784121990204,0.9534456729888916,5.364418029785156e-06,0.0019821554888039,0.1435684475921352,0.1434859990902937,0.6875,0.7333333333333334,0.6180555555555556,0.6796296296296296,0.1435684475921352,0.4331713764572805,262104,80506,97617,0.3071528858773616,0.3724361322223239,163880,17718,607,79899
P1,sen1floods11,unet,F3,37,Sri-Lanka_748447,LKA,0.0404158756136894,0.1837490200996399,6.556510925292969e-07,0.0008265146752819,0.3290192178252358,0.407256064558644,0.1944444444444444,0.2458333333333333,0.2347222222222222,0.225,0.3290192178252358,0.5970896423838428,249187,1219,1899,0.0048919084863977,0.0076207827856188,246874,1094,414,805
P1,sen1floods11,unet,F3,37,Sri-Lanka_845821,LKA,0.3588663637638092,0.9391720294952391,0.0001472234725952,0.000398480478907,0.98709907874297,0.9999802553564916,0.8972222222222223,0.475,0.5777777777777777,0.65,0.98709907874297,0.869431757275668,240758,234546,0,0.9741981574859402,0.0,6212,0,234546,0
P1,sen1floods11,unet,F3,37,Sri-Lanka_847275,LKA,0.2773567736148834,0.8163882493972778,1.0728836059570312e-06,0.0026734506245702,0.4420861526877184,0.2695456584236054,0.5263888888888888,0.725,0.5513888888888889,0.6009259259259259,0.4420861526877184,0.588255344878502,231361,50464,16349,0.218118006059794,0.0706644594378482,179442,1455,35570,14894
P1,sen1floods11,unet,F3,37,Sri-Lanka_849649,LKA,0.033057864755392,0.1646834015846252,1.1920928955078125e-06,0.0005117672844789,0.1771891590274077,0.3624468663840398,0.3027777777777778,0.1916666666666666,0.2972222222222222,0.2638888888888889,0.1771891590274077,0.5711877614404622,218207,1892,1642,0.0086706659273075,0.0075249648269762,216064,251,501,1391
P1,sen1floods11,unet,F3,37,Sri-Lanka_85652,LKA,0.0261510796844959,0.1483445018529892,2.980232238769531e-07,0.0001491807051934,0.5029066571893261,0.8905447539127745,0.1375,0.1236111111111111,0.0861111111111111,0.1157407407407407,0.5029066571893261,0.7645638163330846,197368,1941,167,0.009834420980098,0.0008461351384216,195270,157,1931,10
P1,sen1floods11,unet,F3,37,Sri-Lanka_883641,LKA,0.1384967416524887,0.4978674054145813,1.1920928955078125e-06,0.0010271774372085,0.2145353980798516,0.2167979437980438,0.4944444444444444,0.4458333333333333,0.3597222222222222,0.4333333333333333,0.2145353980798516,0.4530092826268368,262144,13500,11342,0.0514984130859375,0.0432662963867187,246577,2067,4225,9275
P1,sen1floods11,unet,F3,37,Sri-Lanka_916628,LKA,0.2843965291976928,0.8207160234451294,1.4901161193847656e-06,0.0030452429782599,0.4546540592369441,0.2137881877931413,0.575,0.7666666666666666,0.6416666666666667,0.6611111111111111,0.4546540592369441,0.5248894685786466,259961,81524,26901,0.3136008862867891,0.1034809067513973,178231,206,54829,26695
P1,sen1floods11,unet,F3,37,Sri-Lanka_922192,LKA,0.048632226884365,0.2211896777153015,6.556510925292969e-07,0.000269313546596,0.4691059629928115,0.6932337789069015,0.2138888888888889,0.1930555555555555,0.1625,0.1898148148148148,0.4691059629928115,0.7007700752204479,239783,1030,667,0.0042955505602982,0.0027816817706009,238194,559,922,108
P1,sen1floods11,unet,F3,37,Sri-Lanka_92824,LKA,0.1175742298364639,0.447178453207016,1.6689300537109375e-06,0.0011924682185053,0.5808485586161968,0.4729073785648494,0.4777777777777777,0.4416666666666666,0.4138888888888889,0.4444444444444444,0.5808485586161968,0.6524588218233105,246506,55390,3238,0.2247004129716923,0.013135582906704,190897,219,52371,3019
P1,sen1floods11,unet,F3,37,Sri-Lanka_956740,LKA,0.0720277726650238,0.3037521839141845,1.0251998901367188e-05,0.0016641151160001,0.0787791261461146,0.1240682205767353,0.5277777777777778,0.4375,0.6652777777777777,0.5435185185185185,0.0787791261461146,0.3371611878484825,202069,7918,8723,0.0391846349514274,0.0431684226675046,193071,1080,275,7643
P1,sen1floods11,unet,F3,71,India_1017769,IND,0.3206991851329803,0.8817689418792725,4.911422729492188e-05,0.0014411866432055,0.3120400804055161,0.1070053241400098,0.8194444444444444,0.6611111111111111,0.7027777777777778,0.7277777777777779,0.3120400804055161,0.295939377126729,172971,98143,119545,0.5673956906070959,0.6911274144220707,49049,25779,4377,93766
P1,sen1floods11,unet,F3,71,India_1018317,IND,0.2958433032035827,0.8486455082893372,0.0002356171607971,0.0005597406998276,0.3117311759749156,0.0929260894366015,0.8236111111111111,0.4625,0.5722222222222222,0.6194444444444444,0.3117311759749156,0.1907188230019937,196977,150710,171436,0.7651147088238729,0.8703351152672647,24287,21980,1254,149456
P1,sen1floods11,unet,F3,71,India_1018327,IND,0.182886466383934,0.613251805305481,6.67572021484375e-06,0.0034068170934915,0.2987900239870753,0.1690293613739727,0.5527777777777777,0.7694444444444444,0.725,0.6824074074074074,0.2987900239870753,0.4512041251435251,262142,36649,20042,0.1398059067223108,0.0764547459010765,223926,1567,18174,18475
P1,sen1floods11,unet,F3,71,India_103447,IND,0.2534390389919281,0.7704214453697205,3.576278686523437e-06,0.0017342615174129,0.2213882762974954,0.1422282928727933,0.4763888888888888,0.6319444444444444,0.4694444444444444,0.5259259259259259,0.2213882762974954,0.3936642642590284,163567,26977,24610,0.1649293561659748,0.1504582220129977,132053,4537,6904,20073
P1,sen1floods11,unet,F3,71,India_1050276,IND,0.1943532079458236,0.6467824578285217,7.390975952148437e-06,0.0040714824572205,0.4659105825264746,0.2500591856156507,0.561111111111111,0.7861111111111111,0.75,0.6990740740740741,0.4659105825264746,0.5901247278013563,255185,49005,13719,0.1920371495189764,0.0537609969238003,204173,2007,37293,11712
P1,sen1floods11,unet,F3,71,India_1068117,IND,0.2316091060638427,0.7244417667388916,1.3947486877441406e-05,0.0048399195075035,0.3313737163597754,0.1556230944413715,0.6291666666666667,0.8111111111111111,0.8097222222222222,0.75,0.3313737163597754,0.4360039554877788,229712,47960,27627,0.2087831719718604,0.1202679877411715,178288,3464,23797,24163
P1,sen1floods11,unet,F3,71,India_1072277,IND,0.07011628895998,0.3259847164154053,2.5033950805664062e-06,0.0003409811179153,0.5368896593542374,0.8912868945926358,0.2222222222222222,0.1944444444444444,0.1333333333333333,0.1833333333333333,0.5368896593542374,0.7637628305199379,262142,22546,333,0.0860068207307489,0.0012703038811026,239525,71,22284,262
P1,sen1floods11,unet,F3,71,India_118868,IND,0.1083416417241096,0.4502408504486084,4.214048385620117e-05,0.0011492917547002,0.5324899480814634,0.7111114487157291,0.6333333333333334,0.4,0.6194444444444445,0.5509259259259259,0.5324899480814634,0.7845874044762902,159275,10685,1852,0.0670852299482027,0.0116276879610736,146886,1704,10537,148
P1,sen1floods11,unet,F3,71,India_135434,IND,0.2218168079853058,0.7088236212730408,2.205371856689453e-05,0.0015202076174318,0.1819680379209023,0.189010623026428,0.6569444444444444,0.5916666666666667,0.6347222222222222,0.6277777777777778,0.1819680379209023,0.4535022195874989,117150,10312,9897,0.0880239009816474,0.0844814340588988,105066,1772,2187,8125
P1,sen1floods11,unet,F3,71,India_136196,IND,0.3084137737751007,0.8546813726425171,1.537799835205078e-05,0.0024562799371778,0.5329336368444915,0.3520431034425489,0.6875,0.7569444444444444,0.7305555555555556,0.725,0.5329336368444915,0.6908397984449509,211744,0,13947,0.0,0.0658672736889829,197797,13947,0,0
P1,sen1floods11,unet,F3,71,India_164336,IND,0.0435361228883266,0.2053162008523941,1.3709068298339844e-06,0.0002352667361265,0.4905818311939421,0.811696904730968,0.1236111111111111,0.1333333333333333,0.0680555555555555,0.1083333333333333,0.4905818311939421,0.7442930506339008,259101,1881,419,0.0072597172531175,0.0016171299994982,256862,358,1820,61
P1,sen1floods11,unet,F3,71,India_166709,IND,0.0521533749997615,0.2401319295167923,7.867813110351562e-06,0.0003794712538365,0.5087921705195944,0.8325555945277476,0.3652777777777777,0.1597222222222222,0.3277777777777777,0.2842592592592592,0.5087921705195944,0.7489037312028559,256894,8839,398,0.0344071874002506,0.0015492771337594,247813,242,8683,156
P1,sen1floods11,unet,F3,71,India_177319,IND,0.0660462602972984,0.2656112611293793,6.198883056640625e-06,0.0024045468308031,0.4957685456243768,0.5992421411563277,0.3611111111111111,0.5111111111111112,0.6416666666666667,0.5046296296296297,0.4957685456243768,0.7453235668895077,256490,1578,1321,0.0061522866388553,0.0051502982572419,253646,1266,1523,55
P1,sen1floods11,unet,F3,71,India_179238,IND,0.0644208937883377,0.2864355444908142,1.96695327758789e-06,0.0003196494071744,0.5173641461379828,0.8312961143373419,0.1763888888888889,0.1694444444444444,0.0986111111111111,0.1481481481481481,0.5173641461379828,0.7560933854989975,192482,11592,458,0.0602238131357737,0.0023794432726176,180725,165,11299,293
P1,sen1floods11,unet,F3,71,India_180633,IND,0.3117919266223907,0.8642253875732422,3.1888484954833984e-05,0.0014591965591534,0.1258972599529093,0.1152103008453006,0.773611111111111,0.6444444444444444,0.6819444444444445,0.6999999999999998,0.1258972599529093,0.3363795431591301,164555,75763,78394,0.4604114125976117,0.4763999878460089,81970,6822,4191,71572
P1,sen1floods11,unet,F3,71,India_207862,IND,0.2544280290603637,0.7632805109024048,3.337860107421875e-06,0.0023145845625549,0.4652055710006295,0.3529873157539832,0.4444444444444444,0.7027777777777777,0.5083333333333333,0.5518518518518518,0.4652055710006295,0.6746018475628761,200115,21028,10118,0.1050795792419358,0.0505609274667066,173727,5360,16270,4758
P1,sen1floods11,unet,F3,71,India_244057,IND,0.2351592183113098,0.7176918983459473,2.264976501464844e-06,0.0012538774171844,0.5123522926179012,0.4779987077193326,0.3874999999999999,0.5458333333333333,0.3027777777777777,0.412037037037037,0.5123522926179012,0.7058260206421624,160537,5,3961,3.114546802294798e-05,0.0246734397677793,156571,3961,5,0
P1,sen1floods11,unet,F3,71,India_25540,IND,0.1869994103908538,0.6047664284706116,2.1457672119140625e-06,0.0005034554051235,0.4634857931391155,0.6470656541826604,0.3472222222222222,0.3833333333333333,0.1666666666666666,0.2990740740740741,0.4634857931391155,0.7729309561536123,188625,11559,2440,0.0612803180914512,0.012935719019218,176243,823,9942,1617
P1,sen1floods11,unet,F3,71,India_265762,IND,0.0417264141142368,0.2041882127523422,4.172325134277344e-06,0.0003475173143669,0.5203205826563582,0.7504804415094865,0.2944444444444444,0.1513888888888888,0.2569444444444444,0.2342592592592592,0.5203205826563582,0.7405703978695225,147296,8533,336,0.0579309689333043,0.0022811210080382,138580,183,8380,153
P1,sen1floods11,unet,F3,71,India_273873,IND,0.3340435326099396,0.8921405673027039,9.119510650634766e-06,0.0023055798374116,0.513537013331051,0.2962755122656614,0.6680555555555556,0.7763888888888889,0.6583333333333334,0.700925925925926,0.513537013331051,0.6522873909623083,155608,5446,9837,0.0349982006066526,0.0632165441365482,141196,8966,4575,871
P1,sen1floods11,unet,F3,71,India_285297,IND,0.2706559598445892,0.7960573434829712,1.7523765563964844e-05,0.0024046374019235,0.4877126052606383,0.2669620512984824,0.6694444444444445,0.726388888888889,0.7347222222222223,0.7101851851851851,0.4877126052606383,0.5997222826961502,245042,36006,18921,0.1469380759216787,0.0772153345140833,198670,10366,27451,8555
P1,sen1floods11,unet,F3,71,India_287642,IND,0.2980490028858185,0.843972384929657,1.8477439880371092e-06,0.0026847864501178,0.4598460305221412,0.3211702470380296,0.3986111111111111,0.7861111111111111,0.4847222222222222,0.5564814814814815,0.4598460305221412,0.6808126867635966,115377,17914,6068,0.1552649141510006,0.0525928044584275,95699,1764,13610,4304
P1,sen1floods11,unet,F3,71,India_324254,IND,0.0440728664398193,0.1931941658258438,3.159046173095703e-06,0.0004099228826817,0.4797944340600445,0.7792825369983497,0.2152777777777777,0.1833333333333333,0.2097222222222222,0.2027777777777777,0.4797944340600445,0.7511816436080428,262144,3883,469,0.0148124694824218,0.0017890930175781,258020,241,3655,228
P1,sen1floods11,unet,F3,71,India_373039,IND,0.3809347748756408,0.9444178342819214,1.5020370483398438e-05,0.0026277974247932,0.5519764975353274,0.3225564505089787,0.7611111111111111,0.8625,0.7625,0.7953703703703704,0.5519764975353274,0.7101875887192178,242783,1509,24116,0.0062154269450496,0.0993315017937829,217192,24082,1475,34
P1,sen1floods11,unet,F3,71,India_383430,IND,0.1638859957456588,0.5593386292457581,4.649162292480469e-06,0.0041246130131185,0.4027806993119764,0.1752162331345904,0.4652777777777777,0.7444444444444445,0.6958333333333333,0.6351851851851852,0.4027806993119764,0.4380094858859863,251271,39228,16117,0.1561182945903029,0.0641419025673476,209198,2845,25956,13272
P1,sen1floods11,unet,F3,71,India_391908,IND,0.1402302682399749,0.4982002079486847,2.5033950805664062e-06,0.0036836171057075,0.3645575367970138,0.199433800680725,0.3125,0.711111111111111,0.5597222222222222,0.5277777777777778,0.3645575367970138,0.4710382864984514,211832,25989,11964,0.1226868461799916,0.0564787189848559,183915,1928,15953,10036
P1,sen1floods11,unet,F3,71,India_399883,IND,0.335210233926773,0.8984392285346985,3.612041473388672e-05,0.0018677334301173,0.2522267992257563,0.1102460135377322,0.8069444444444445,0.7222222222222222,0.7430555555555556,0.7574074074074074,0.2522267992257563,0.3343147372105094,262119,136292,149734,0.5199623071963497,0.571244358478401,100330,25497,12055,124237
P1,sen1floods11,unet,F3,71,India_44475,IND,0.0382445380091667,0.1741960048675537,2.1457672119140625e-06,0.000276239356026,0.5005746132410878,0.7846759010753039,0.1555555555555555,0.1291666666666666,0.1041666666666666,0.1296296296296296,0.5005746132410878,0.7427439669423422,260175,0,299,0.0,0.0011492264821754,259876,299,0,0
P1,sen1floods11,unet,F3,71,India_500266,IND,0.2129121720790863,0.6749128103256226,4.172325134277344e-06,0.000966940249782,0.5238981490129548,0.5598372901395163,0.5027777777777778,0.4583333333333333,0.3555555555555555,0.4388888888888889,0.5238981490129548,0.7591580826061656,262141,38181,4513,0.1456506231379296,0.0172159257804006,222973,987,34655,3526
P1,sen1floods11,unet,F3,71,India_533192,IND,0.3721032440662384,0.9383255243301392,6.16312026977539e-05,0.0011244921479374,0.1943505219406129,0.2046229389365175,0.8680555555555556,0.6152777777777778,0.6222222222222222,0.7018518518518518,0.1943505219406129,0.5105219840645053,120661,43244,45658,0.3583925211957467,0.3783989855877209,70125,7292,4878,38366
P1,sen1floods11,unet,F3,71,India_534470,IND,0.064732439815998,0.2458942085504531,1.728534698486328e-06,0.0006358948303386,0.4334842254574773,0.5202745265991828,0.1444444444444444,0.2166666666666666,0.1472222222222222,0.1694444444444444,0.4334842254574773,0.6572658713766504,250570,7434,1770,0.0296683561479826,0.0070638943209482,242634,502,6166,1268
P1,sen1floods11,unet,F3,71,India_56450,IND,0.0487279184162616,0.2186821103096008,7.152557373046875e-07,0.000418575014919,0.501415188029661,0.771906159507412,0.1055555555555555,0.1833333333333333,0.1,0.1296296296296296,0.501415188029661,0.7511816436080428,181248,82,431,0.0004524187853107,0.0023779572740112,180735,431,82,0
P1,sen1floods11,unet,F3,71,India_566697,IND,0.193545863032341,0.6490064859390259,4.589557647705078e-06,0.0009391772327944,0.5011003768493048,0.6852602020233269,0.5069444444444444,0.4499999999999999,0.3597222222222221,0.4388888888888889,0.5011003768493048,0.7922260841212516,215703,14719,2339,0.0682373448677116,0.0108436136725033,199720,1264,13644,1075
P1,sen1floods11,unet,F3,71,India_570384,IND,0.1336682885885238,0.4856112599372864,2.264976501464844e-06,0.0018973944243043,0.2974623884064796,0.2029571151357057,0.2958333333333333,0.5611111111111111,0.4097222222222222,0.4222222222222222,0.2974623884064796,0.4546326392491949,242000,14548,8777,0.0601157024793388,0.0362685950413223,225840,1612,7383,7165
P1,sen1floods11,unet,F3,71,India_591317,IND,0.2306240051984787,0.7414342761039734,3.027915954589844e-05,0.0009713949402794,0.1119159678069416,0.1007550399279433,0.7208333333333333,0.4708333333333333,0.5611111111111111,0.5842592592592593,0.1119159678069416,0.2235179139089689,246049,114039,115564,0.4634808513751326,0.4696788038155001,123986,8024,6499,107540
P1,sen1floods11,unet,F3,71,India_591549,IND,0.03874172270298,0.1793955862522125,7.033348083496094e-06,0.0004070354625582,0.5007877863627302,0.6754735841790014,0.3444444444444444,0.1791666666666667,0.3430555555555555,0.2888888888888889,0.5007877863627302,0.699950958098381,245709,11054,666,0.0449881770712509,0.0027105234240504,234465,190,10578,476
P1,sen1floods11,unet,F3,71,India_592446,IND,0.1301511377096176,0.4631390571594238,1.7881393432617188e-06,0.0024316527415066,0.240022328714206,0.1764334626139365,0.2555555555555555,0.6069444444444445,0.4402777777777778,0.4342592592592593,0.240022328714206,0.4145506783868444,224355,9044,9184,0.0403111140825923,0.0409351251365024,212554,2757,2617,6427
P1,sen1floods11,unet,F3,71,India_59460,IND,0.192241370677948,0.6132449507713318,2.9802322387695312e-06,0.0009256472694687,0.5034661954897435,0.5212744930364284,0.411111111111111,0.4499999999999999,0.2638888888888888,0.3749999999999999,0.5034661954897435,0.7342642153334644,209353,315,3110,0.0015046357109761,0.0148552922575745,205959,3079,284,31
P1,sen1floods11,unet,F3,71,India_624341,IND,0.0928297787904739,0.3372463583946228,1.1920928955078125e-06,0.0006009257049299,0.4859541757682716,0.5594626753527387,0.1638888888888889,0.2513888888888889,0.1236111111111111,0.1796296296296296,0.4859541757682716,0.6939206705833162,262142,3224,2049,0.0122986778158402,0.0078163743314692,257103,1815,2990,234
P1,sen1floods11,unet,F3,71,India_631692,IND,0.0160786360502243,0.0878670364618301,4.76837158203125e-07,0.0001682301081018,0.4262890189910935,0.8163304985506535,0.0111111111111111,0.0430555555555555,0.0319444444444444,0.0287037037037037,0.4262890189910935,0.7123546277785424,262144,802,231,0.0030593872070312,0.0008811950683593,261246,96,667,135
P1,sen1floods11,unet,F3,71,India_652725,IND,0.1440208554267883,0.530772864818573,3.2186508178710938e-06,0.0018816062947735,0.4384740811637255,0.3713782789730874,0.3736111111111111,0.5902777777777777,0.4583333333333332,0.474074074074074,0.4384740811637255,0.6559223653928341,262094,21795,6166,0.0831571878791578,0.0235259105511762,238716,1583,17212,4583
P1,sen1floods11,unet,F3,71,India_664410,IND,0.1012510731816291,0.4110845625400543,4.410743713378906e-06,0.0021270662546157,0.4305649776361959,0.4619091995358368,0.3916666666666666,0.5527777777777778,0.5777777777777777,0.5074074074074074,0.4305649776361959,0.6634862837720084,262142,13526,3522,0.0515979888762579,0.0134354662740041,247745,871,10875,2651
P1,sen1floods11,unet,F3,71,India_691027,IND,0.088625930249691,0.3340344130992889,5.0067901611328125e-06,0.0022614698391407,0.3681965733548473,0.3177736305971984,0.3541666666666666,0.5180555555555555,0.5888888888888889,0.487037037037037,0.3681965733548473,0.5951304605776635,254034,8394,4660,0.0330428210397033,0.0183440011966902,243931,1709,5443,2951
P1,sen1floods11,unet,F3,71,India_698338,IND,0.0933541879057884,0.3360975384712219,4.887580871582031e-06,0.0004086291592102,0.4657153747046391,0.6495746911614939,0.3583333333333333,0.2347222222222222,0.3013888888888889,0.2981481481481481,0.4657153747046391,0.7206054073191623,227984,9936,1472,0.0435820057547898,0.006456593445154,217697,351,8815,1121
P1,sen1floods11,unet,F3,71,India_70352,IND,0.1224686130881309,0.445353627204895,1.728534698486328e-06,0.0026827233377844,0.1665774184477108,0.1153514557855024,0.2375,0.6361111111111111,0.4736111111111111,0.4490740740740741,0.1665774184477108,0.295905061822553,239229,13188,15561,0.0551270957952422,0.0650464617583988,222218,3823,1450,11738
P1,sen1floods11,unet,F3,71,India_707886,IND,0.0571148917078971,0.2332790195941925,3.457069396972656e-06,0.0020942960400134,0.145995030729193,0.174506510434414,0.2430555555555555,0.4680555555555555,0.5138888888888888,0.4083333333333334,0.145995030729193,0.3628795721955909,256881,5668,6983,0.0220646914329981,0.0271837932739283,249510,1703,388,5280
P1,sen1floods11,unet,F3,71,India_73419,IND,0.0362907312810421,0.1723792403936386,1.7881393432617188e-06,0.0003454039106145,0.4928643639198892,0.6295895906512643,0.1347222222222222,0.1472222222222222,0.1013888888888888,0.1277777777777778,0.4928643639198892,0.6955499125871236,178934,6252,556,0.0349402573015748,0.003107290956442,172443,239,5935,317
P1,sen1floods11,unet,F3,71,India_747970,IND,0.0593346282839775,0.2349061518907547,1.6093254089355469e-06,0.0016480678459629,0.2516135849829319,0.2486767212152052,0.1319444444444444,0.3958333333333333,0.3305555555555555,0.2861111111111111,0.2516135849829319,0.4771333868893105,246517,5007,4244,0.0203109724684301,0.0172158512394682,240387,1123,1886,3121
P1,sen1floods11,unet,F3,71,India_747992,IND,0.2252645939588546,0.7196359038352966,3.0994415283203125e-06,0.0013077856274321,0.6760894950924582,0.4300144135197377,0.4277777777777777,0.5625,0.3597222222222221,0.4499999999999999,0.6760894950924582,0.683281417391158,262087,117322,9293,0.4476452475704632,0.0354576915299118,144502,263,108292,9030
P1,sen1floods11,unet,F3,71,India_764946,IND,0.0702109336853027,0.2700136601924896,2.9206275939941406e-06,0.0011176069965586,0.2591133626907679,0.3423166484270565,0.2361111111111111,0.3083333333333333,0.2972222222222221,0.2805555555555555,0.2591133626907679,0.5744318919678912,242502,3146,2815,0.0129730888817411,0.0116081516853469,238502,854,1185,1961
P1,sen1floods11,unet,F3,71,India_769408,IND,0.1018944084644317,0.389075756072998,2.026557922363281e-06,0.0015873530646786,0.415034534148764,0.4031460356417924,0.2277777777777777,0.4638888888888888,0.3416666666666666,0.3444444444444444,0.415034534148764,0.6265190935416984,175907,8582,3739,0.0487871432063533,0.0212555498075687,165772,1553,6396,2186
P1,sen1floods11,unet,F3,71,India_772630,IND,0.3274245858192444,0.881547212600708,4.351139068603516e-06,0.0017234892584383,0.5253581133986194,0.4402117996027741,0.5972222222222221,0.6944444444444444,0.5138888888888888,0.6018518518518517,0.5253581133986194,0.724895454639122,155332,1345,7458,0.0086588726083485,0.0480132876677053,146576,7411,1298,47
P1,sen1floods11,unet,F3,71,India_773682,IND,0.0872339904308319,0.3569144606590271,2.80141830444336e-06,0.0008069443283602,0.5149847215838117,0.4256818786118677,0.2624999999999999,0.2986111111111111,0.2444444444444444,0.2685185185185185,0.5149847215838117,0.5998483296578755,252793,30959,3119,0.1224677898517759,0.0123381580977321,221383,451,28291,2668
P1,sen1floods11,unet,F3,71,India_774689,IND,0.1948952227830886,0.6400545835494995,5.125999450683594e-06,0.0046791331842541,0.3841302183080505,0.2394100861804503,0.5111111111111111,0.7944444444444444,0.7083333333333334,0.6712962962962963,0.3841302183080505,0.5726422259485912,237116,18757,11879,0.0791047419828269,0.0500978424062484,213604,4755,11633,7124
P1,sen1floods11,unet,F3,71,India_79637,IND,0.0371925830841064,0.1944932043552398,4.231929779052734e-06,0.0002857823565136,0.462704119867927,0.6346425657588712,0.3027777777777777,0.1333333333333333,0.2472222222222222,0.2277777777777777,0.462704119867927,0.6946114488157976,262144,5165,800,0.0197029113769531,0.0030517578125,256689,290,4655,510
P1,sen1floods11,unet,F3,71,India_80221,IND,0.2457935363054275,0.7700173854827881,6.35981559753418e-05,0.000615676108282,0.2748743550159847,0.0935304115878513,0.7569444444444444,0.425,0.5430555555555556,0.575,0.2748743550159847,0.1767770697779663,151793,114506,128200,0.7543562614876839,0.8445712252870686,22263,15024,1330,113176
P1,sen1floods11,unet,F3,71,India_804466,IND,0.1669918596744537,0.595109224319458,3.039836883544922e-06,0.0014217050047591,0.5517609110798123,0.5206608914702746,0.3861111111111111,0.538888888888889,0.3777777777777778,0.4342592592592593,0.5517609110798123,0.7406603971807695,262134,50228,4436,0.1916119236726254,0.0169226426178977,211410,496,46288,3940
P1,sen1floods11,unet,F3,71,India_828067,IND,0.080435611307621,0.3084312081336975,3.576278686523437e-06,0.0021141259931027,0.2469461625362501,0.259518106385644,0.2986111111111111,0.5111111111111111,0.5263888888888889,0.4453703703703704,0.2469461625362501,0.5258615090535852,183120,6994,5385,0.0381935342944517,0.0294069462647444,175016,1110,2719,4275
P1,sen1floods11,unet,F3,71,India_833266,IND,0.0476971231400966,0.2193571031093597,1.049041748046875e-05,0.0004096660413779,0.5136959547899046,0.6088906775084713,0.3930555555555556,0.1833333333333333,0.3875,0.3212962962962963,0.5136959547899046,0.6952898415626768,219674,18262,1039,0.0831322778298751,0.0047297358813514,201329,83,17306,956
P1,sen1floods11,unet,F3,71,India_842775,IND,0.0448758453130722,0.1863994598388672,3.814697265625e-06,0.0003024812613148,0.4408921558703872,0.5780572570766943,0.2791666666666667,0.1402777777777777,0.2305555555555555,0.2166666666666666,0.4408921558703872,0.6665872634460905,246418,5929,1192,0.0240607423159022,0.0048373089628192,240172,317,5054,875
P1,sen1floods11,unet,F3,71,India_869358,IND,0.0959401056170463,0.3913215398788452,1.9073486328125e-06,0.0014367959229275,0.3723817515227317,0.533519599873262,0.2277777777777777,0.4472222222222222,0.325,0.3333333333333333,0.3723817515227317,0.7111656990653318,262144,5050,2421,0.0192642211914062,0.0092353820800781,256269,825,3454,1596
P1,sen1floods11,unet,F3,71,India_900498,IND,0.3752444386482239,0.940661072731018,3.1828880310058594e-05,0.0017855565529316,0.1861194675341133,0.1471099985620296,0.8361111111111111,0.7513888888888889,0.7263888888888889,0.7712962962962964,0.1861194675341133,0.4423314617568777,261992,123953,122609,0.4731174997709854,0.4679875721396073,125312,12727,14071,109882
P1,sen1floods11,unet,F3,71,India_91379,IND,0.1275636255741119,0.4852266609668731,2.9802322387695312e-06,0.0010181160178035,0.4843932487254813,0.4534723756632071,0.3361111111111111,0.4,0.2888888888888888,0.3416666666666666,0.4843932487254813,0.6518631365846935,262133,29594,4335,0.1128968882208649,0.0165374065836808,232160,379,25638,3956
P1,sen1floods11,unet,F3,71,India_943439,IND,0.2636454701423645,0.78508460521698,2.026557922363281e-05,0.0061327735893428,0.269870094380684,0.1339146417603911,0.6625,0.8236111111111111,0.8388888888888889,0.775,0.269870094380684,0.4106952378915144,250096,47609,40939,0.1903629006461518,0.1636931418335359,193738,8749,15419,32190
P1,sen1floods11,unet,F3,71,India_952728,IND,0.0582801960408687,0.2476036548614502,2.264976501464844e-06,0.0011140266433358,0.4397076446986778,0.407969531067196,0.1791666666666666,0.2916666666666666,0.2569444444444444,0.2425925925925925,0.4397076446986778,0.5868661578834455,188716,5848,1534,0.0309883634667966,0.0081286165454969,182295,573,4887,961
P1,sen1floods11,unet,F3,71,India_956930,IND,0.2639937102794647,0.7775939106941223,1.3709068298339844e-05,0.0031246393918991,0.4352503824920231,0.2941270977315097,0.6375,0.7722222222222221,0.7625,0.724074074074074,0.4352503824920231,0.6292525700364207,237130,40096,13143,0.1690886855311432,0.0554252941424535,195080,1954,28907,11189
P1,sen1floods11,unet,F3,71,India_979278,IND,0.3157833516597748,0.8724822998046875,9.47713851928711e-05,0.0017601744038984,0.2859182105296309,0.5594362305519989,0.8291666666666666,0.6972222222222222,0.7652777777777777,0.7638888888888888,0.2859182105296309,0.8102708888763835,105990,5437,6100,0.0512972921973771,0.0575525993018209,98136,2417,1754,3683
P1,sen1floods11,unet,F3,71,India_981708,IND,0.082696720957756,0.3772785365581512,1.3828277587890623e-05,0.0008626005146652,0.5242204879188855,0.622932324431956,0.4805555555555555,0.3138888888888889,0.4611111111111111,0.4185185185185185,0.5242204879188855,0.736387517580121,219993,10346,1637,0.0470287690971985,0.0074411458546408,208075,1572,10281,65
P1,sen1floods11,unet,F3,71,Paraguay_1019808,PRY,0.0971085503697395,0.3562219738960266,5.602836608886719e-06,0.0001051372164511,0.4305035669490759,0.7468359113711891,0.3708333333333333,0.1819444444444444,0.2361111111111111,0.262962962962963,0.4305035669490759,0.7597306191573265,262144,5170,1097,0.0197219848632812,0.0041847229003906,256725,249,4322,848
P1,sen1floods11,unet,F3,71,Paraguay_1029042,PRY,0.2082834094762802,0.6786493062973022,6.67572021484375e-06,0.0042587835341691,0.070866737623942,0.0946227805257792,0.5569444444444445,0.7944444444444445,0.7458333333333333,0.6990740740740741,0.070866737623942,0.2237759807564946,223004,61197,65991,0.2744210866172804,0.2959184588617244,156048,5759,965,60232
P1,sen1floods11,unet,F3,71,Paraguay_1029191,PRY,0.1592215448617935,0.5583952069282532,4.887580871582031e-06,0.0042799822986125,0.0681462311797576,0.0840334627904467,0.4694444444444444,0.7486111111111111,0.7041666666666667,0.6407407407407407,0.0681462311797576,0.1756850590130353,253937,50336,53574,0.19822239374333,0.2109735879371655,199031,4570,1332,49004
P1,sen1floods11,unet,F3,71,Paraguay_1056717,PRY,0.0571682788431644,0.2303521484136581,1.4841556549072266e-05,0.0029115711804479,0.223363581372517,0.2044955957633317,0.4291666666666667,0.5388888888888889,0.7708333333333333,0.5796296296296296,0.223363581372517,0.4223200140603952,262144,5046,5859,0.0192489624023437,0.0223503112792968,255176,1922,1109,3937
P1,sen1floods11,unet,F3,71,Paraguay_1076204,PRY,0.0524141378700733,0.2149735540151596,9.059906005859377e-06,0.0007652709609828,0.296502341702209,0.1932428773368476,0.3694444444444444,0.2277777777777777,0.4083333333333333,0.3351851851851852,0.296502341702209,0.3660622230452729,262144,3029,6271,0.0115547180175781,0.0239219665527343,255602,3513,271,2758
P1,sen1floods11,unet,F3,71,Paraguay_11869,PRY,0.0247774235904216,0.131820872426033,6.079673767089844e-06,0.0004982046084478,0.4243891567529461,0.3999167312270374,0.2944444444444444,0.1458333333333333,0.3430555555555555,0.2611111111111111,0.4243891567529461,0.5531239484968767,257933,222,1330,0.0008606886284422,0.005156377819046,256590,1121,13,209
P1,sen1floods11,unet,F3,71,Paraguay_126224,PRY,0.4199793040752411,0.9753627777099608,1.6808509826660156e-05,0.0004046991525683,0.6845122585893476,0.517035670833353,0.8222222222222222,0.5805555555555556,0.4194444444444444,0.6074074074074074,0.6845122585893476,0.7974276851580024,262144,144382,21118,0.5507736206054688,0.0805587768554687,117487,275,123539,20843
P1,sen1floods11,unet,F3,71,Paraguay_12870,PRY,0.0876669436693191,0.3779476284980774,3.0994415283203125e-06,0.0002939224359579,0.5035305023193359,0.5875376961864611,0.2791666666666667,0.2055555555555555,0.1513888888888888,0.212037037037037,0.5035305023193359,0.69248129840892,262144,0,1851,0.0,0.0070610046386718,260293,1851,0,0
P1,sen1floods11,unet,F3,71,Paraguay_148318,PRY,0.0459431856870651,0.2033471316099167,3.75509262084961e-06,0.0007420617621392,0.2060442573363883,0.3959550011500047,0.275,0.2152777777777777,0.3013888888888889,0.2638888888888889,0.2060442573363883,0.573416815786255,240076,2229,2197,0.0092845598893683,0.0091512687648911,237297,550,582,1647
P1,sen1floods11,unet,F3,71,Paraguay_149787,PRY,0.1282701641321182,0.4746334254741668,7.212162017822266e-06,0.0040778401307761,0.0790723060821441,0.083103594560026,0.4819444444444444,0.7069444444444445,0.75,0.6462962962962963,0.0790723060821441,0.1611692563744961,262144,40091,42044,0.1529350280761718,0.1603851318359375,218170,3883,1930,38161
P1,sen1floods11,unet,F3,71,Paraguay_149830,PRY,0.050285093486309,0.2008335590362548,3.039836883544922e-06,0.0003439805586822,0.2495364639777336,0.4233443661798401,0.2069444444444444,0.1513888888888888,0.1694444444444444,0.1759259259259259,0.2495364639777336,0.5646147247637403,260440,1907,1895,0.0073222239287359,0.007276148057134,257915,618,630,1277
P1,sen1floods11,unet,F3,71,Paraguay_153941,PRY,0.0210784375667572,0.1074044033885002,1.2278556823730469e-05,0.000367888744222,0.4522024902462485,0.7407033891891147,0.3472222222222222,0.0972222222222222,0.3638888888888889,0.2694444444444444,0.4522024902462485,0.7204323098792607,262144,641,393,0.0024452209472656,0.0014991760253906,261203,300,548,93
P1,sen1floods11,unet,F3,71,Paraguay_172476,PRY,0.0933831259608268,0.3390260636806488,2.5033950805664062e-06,0.0022668614983558,0.2489896113573563,0.3546129921365512,0.2263888888888889,0.5222222222222223,0.4569444444444444,0.4018518518518518,0.2489896113573563,0.609099944723748,262143,2815,4043,0.010738413766532,0.0154228798785395,257603,1725,497,2318
P1,sen1floods11,unet,F3,71,Paraguay_179624,PRY,0.0277853049337863,0.1411699950695037,5.066394805908203e-06,0.0001822596241254,0.4846568009847196,0.7713608356372733,0.2611111111111111,0.0805555555555555,0.2444444444444444,0.1953703703703704,0.4846568009847196,0.7262963810025699,262109,42,375,0.000160238679328,0.0014307024940005,261705,362,29,13
P1,sen1floods11,unet,F3,71,Paraguay_191503,PRY,0.0195695739239454,0.1173142790794372,8.761882781982422e-06,8.27216063044034e-05,0.5002422332763672,0.9751848793168194,0.3152777777777777,0.0486111111111111,0.2833333333333334,0.2157407407407407,0.5002422332763672,0.7489262013311125,262144,90,37,0.0003433227539062,0.0001411437988281,262017,37,90,0
P1,sen1floods11,unet,F3,71,Paraguay_198534,PRY,0.1289192289113998,0.5000197887420654,4.529953002929688e-06,0.0006692410679534,0.5041051323105885,0.5905728225437408,0.4402777777777777,0.3486111111111111,0.3249999999999999,0.3712962962962963,0.5041051323105885,0.7274658653142256,195487,0,1605,0.0,0.0082102646211768,193882,1605,0,0
P1,sen1floods11,unet,F3,71,Paraguay_205585,PRY,0.0100524770095944,0.0761720389127731,1.1920928955078125e-06,3.511138856993057e-05,0.5000114440917969,0.9946413766037032,0.0180555555555555,0.0,0.0180555555555555,0.012037037037037,0.5000114440917969,0.7452240272715481,262144,0,6,0.0,2.288818359375e-05,262138,6,0,0
P1,sen1floods11,unet,F3,71,Paraguay_212687,PRY,0.251150518655777,0.7160398364067078,2.682209014892578e-06,0.0001976485800696,0.4018578298772157,0.4888179420743386,0.4041666666666667,0.3430555555555555,0.125,0.2907407407407407,0.4018578298772157,0.701754715767925,262144,15308,6591,0.0583953857421875,0.0251426696777343,244590,2246,10963,4345
P1,sen1floods11,unet,F3,71,Paraguay_215904,PRY,0.041335504502058,0.1881560236215591,9.5367431640625e-07,0.0003009301144629,0.5016040086961133,0.6802826577140618,0.1124999999999999,0.1402777777777777,0.0638888888888888,0.1055555555555555,0.5016040086961133,0.695568197839984,226308,0,726,0.0,0.0032080173922265,225582,726,0,0
P1,sen1floods11,unet,F3,71,Paraguay_224845,PRY,0.2731970548629761,0.8212692141532898,9.09566879272461e-05,0.0008878943044692,0.5013664357197845,0.876917148979478,0.7902777777777777,0.4888888888888888,0.5958333333333333,0.625,0.5013664357197845,0.8511306344436855,103920,0,284,0.0,0.0027328714395688,103636,284,0,0
P1,sen1floods11,unet,F3,71,Paraguay_225187,PRY,0.1658996939659118,0.6073759198188782,1.150369644165039e-05,0.0005862378748133,0.4993995782310959,0.7477319654584782,0.5847222222222223,0.3875,0.4083333333333334,0.4601851851851852,0.4993995782310959,0.8169764071589645,262144,47,2120,0.0001792907714843,0.008087158203125,259997,2100,27,20
P1,sen1floods11,unet,F3,71,Paraguay_232281,PRY,0.3901830315589905,0.9537606239318848,4.649162292480469e-06,0.0006767734885215,0.3044386607725031,0.308675908153579,0.6472222222222221,0.5555555555555556,0.3249999999999999,0.5092592592592592,0.3044386607725031,0.6512187497224846,261391,29404,32018,0.1124904836050208,0.1224908279167989,219901,12086,9472,19932
P1,sen1floods11,unet,F3,71,Paraguay_24341,PRY,0.2520569860935211,0.7642948627471924,3.516674041748047e-05,0.0038535697385668,0.0793329561817315,0.1043979833443258,0.7333333333333333,0.798611111111111,0.8930555555555555,0.8083333333333332,0.0793329561817315,0.2820719025821386,262144,68353,71160,0.2607460021972656,0.271453857421875,188121,5670,2863,65490
P1,sen1floods11,unet,F3,71,Paraguay_246154,PRY,0.0059710601344704,0.0509464032948017,1.0311603546142578e-05,4.6652978198835626e-05,0.354231519983723,0.963474452502698,0.2986111111111111,0.0,0.2986111111111111,0.1990740740740741,0.354231519983723,0.7328036268170224,262144,36,26,0.0001373291015625,9.918212890625e-05,262096,12,22,14
P1,sen1floods11,unet,F3,71,Paraguay_247656,PRY,0.0690622553229332,0.2957864999771118,3.457069396972656e-06,0.0019876030273735,0.0591418733392259,0.084994370387132,0.2861111111111111,0.5027777777777778,0.5055555555555555,0.4314814814814814,0.0591418733392259,0.1210503954524729,262144,20976,22247,0.08001708984375,0.0848655700683593,239298,1870,599,20377
P1,sen1floods11,unet,F3,71,Paraguay_252217,PRY,0.0181142315268516,0.0991295054554939,1.984834671020508e-05,0.0003241955128032,0.4759954752941441,0.6619959070997279,0.375,0.0819444444444444,0.3847222222222222,0.2805555555555555,0.4759954752941441,0.6738810261581636,255778,300,427,0.001172892117383,0.0016694164470751,255086,392,265,35
P1,sen1floods11,unet,F3,71,Paraguay_271769,PRY,0.3567787408828735,0.9220101237297058,1.2159347534179688e-05,0.0022493372671306,0.5423937686642,0.258745614417305,0.7166666666666667,0.7861111111111111,0.6833333333333333,0.7287037037037036,0.5423937686642,0.6264759755680418,262144,2613,37753,0.0099678039550781,0.1440162658691406,223861,35670,530,2083
P1,sen1floods11,unet,F3,71,Paraguay_280900,PRY,0.0991661846637725,0.3686309456825256,4.351139068603516e-06,0.003183890832588,0.283141451737432,0.2361566482510659,0.3708333333333333,0.6111111111111112,0.6569444444444444,0.5462962962962963,0.283141451737432,0.5031125315386835,262142,6585,7654,0.0251199731443263,0.0291979156335116,252352,3205,2136,4449
P1,sen1floods11,unet,F3,71,Paraguay_284928,PRY,0.3847196400165558,0.9474194049835204,8.940696716308594e-06,0.001531922374852,0.5188144684888739,0.5822142347989459,0.7055555555555556,0.7152777777777778,0.5597222222222222,0.6601851851851852,0.5188144684888739,0.8244588476638295,261368,0,9835,0.0,0.0376289369777478,251533,9835,0,0
P1,sen1floods11,unet,F3,71,Paraguay_305760,PRY,0.3955884575843811,0.9567258358001708,9.715557098388672e-06,0.0003547384694684,0.4713962060840512,0.6304667236629664,0.726388888888889,0.5041666666666667,0.3361111111111111,0.5222222222222223,0.4713962060840512,0.8282547488306442,262144,43791,9734,0.1670494079589843,0.0371322631835937,217485,868,34925,8866
P1,sen1floods11,unet,F3,71,Paraguay_339807,PRY,0.2305569946765899,0.7236940860748291,1.0609626770019531e-05,0.0053031845018267,0.0931762407755013,0.1011508151319078,0.6138888888888889,0.8111111111111111,0.7944444444444445,0.7398148148148148,0.0931762407755013,0.2766088163213644,214619,58043,59577,0.2704466985681603,0.2775942484123027,151596,4980,3446,54597
P1,sen1floods11,unet,F3,71,Paraguay_36015,PRY,0.123019203543663,0.4818956553936004,7.033348083496094e-06,0.00036119055585,0.5014725012302633,0.8579308091090865,0.4777777777777777,0.2805555555555555,0.3111111111111111,0.3564814814814814,0.5014725012302633,0.7948021925351022,262139,0,772,0.0,0.0029450024605266,261367,772,0,0
P1,sen1floods11,unet,F3,71,Paraguay_36146,PRY,0.0369956344366073,0.1883248388767242,1.2040138244628906e-05,0.0002463126438669,0.5005912780761719,0.8312082065029655,0.4013888888888889,0.1333333333333333,0.3458333333333333,0.2935185185185185,0.5005912780761719,0.7442930506339008,262144,0,310,0.0,0.0011825561523437,261834,310,0,0
P1,sen1floods11,unet,F3,71,Paraguay_403081,PRY,0.0223927143961191,0.1183741986751556,9.5367431640625e-07,0.0004320475272834,0.1963464050368938,0.3895116937377954,0.0583333333333333,0.1291666666666666,0.1069444444444444,0.0981481481481481,0.1963464050368938,0.5488776822847358,249836,1202,1464,0.0048111561184136,0.0058598440577018,248180,454,192,1010
P1,sen1floods11,unet,F3,71,Paraguay_40936,PRY,0.1047073453664779,0.4378224909305572,9.000301361083984e-06,0.000175654553459,0.5005805016463027,0.9312908110110216,0.4708333333333333,0.2277777777777777,0.3069444444444444,0.3351851851851852,0.5005805016463027,0.8038014056042713,215331,0,250,0.0,0.0011610032926053,215081,250,0,0
P1,sen1floods11,unet,F3,71,Paraguay_44682,PRY,0.0154916504397988,0.0930362045764923,6.437301635742188e-06,0.0002162857999792,0.4260591414530225,0.8229189129711774,0.2749999999999999,0.0680555555555555,0.2847222222222222,0.2092592592592592,0.4260591414530225,0.7200240727994828,262144,1309,213,0.0049934387207031,0.0008125305175781,260823,12,1108,201
P1,sen1floods11,unet,F3,71,Paraguay_470303,PRY,0.1318844258785247,0.5187176465988159,1.0251998901367188e-05,0.0001285088219447,0.5059511708833073,0.932352436276008,0.5305555555555557,0.2555555555555555,0.3222222222222223,0.3694444444444445,0.5059511708833073,0.8160786987687555,262144,10446,361,0.0398483276367187,0.0013771057128906,251623,75,10160,286
P1,sen1floods11,unet,F3,71,Paraguay_482517,PRY,0.3216386437416076,0.8739277124404907,1.1682510375976562e-05,0.0019186185672879,0.1059425923092588,0.1736270373933854,0.6875,0.7222222222222221,0.6402777777777777,0.6833333333333332,0.1059425923092588,0.4648489401713577,259600,47452,51175,0.182788906009245,0.1971302003081664,205723,6425,2702,44750
P1,sen1floods11,unet,F3,71,Paraguay_48673,PRY,0.047431081533432,0.2042043060064315,1.138448715209961e-05,0.000573345227167,0.4872321480777117,0.4793341653328292,0.3972222222222222,0.2,0.4083333333333334,0.3351851851851852,0.4872321480777117,0.6065031025542015,262144,133,1700,0.0005073547363281,0.0064849853515625,260368,1643,76,57
P1,sen1floods11,unet,F3,71,Paraguay_511199,PRY,0.1276423335075378,0.4584826231002807,7.569789886474609e-06,0.0006790556944906,0.4253250437442721,0.5418595990941818,0.4777777777777777,0.3277777777777778,0.3833333333333333,0.3962962962962963,0.4253250437442721,0.7197204468564325,262144,11544,2777,0.044036865234375,0.0105934143066406,250080,520,9287,2257
P1,sen1floods11,unet,F3,71,Paraguay_54421,PRY,0.0254935622215271,0.1334896236658096,1.722574234008789e-05,0.000241769303102,0.4896788901994817,0.5298418972607346,0.3791666666666666,0.0875,0.3694444444444444,0.2787037037037037,0.4896788901994817,0.6320300598753917,262144,40,971,0.000152587890625,0.0037040710449218,261157,947,16,24
P1,sen1floods11,unet,F3,71,Paraguay_581976,PRY,0.4438169002532959,0.9877141714096068,4.708766937255859e-06,0.000463567499537,0.6678090113831185,0.4623411007940946,0.7,0.5805555555555556,0.2972222222222222,0.5259259259259259,0.6678090113831185,0.7394658163702154,261748,148589,27208,0.5676796002261717,0.1039473080978651,113075,84,121465,27124
P1,sen1floods11,unet,F3,71,Paraguay_59731,PRY,0.037254225462675,0.1757638603448867,3.874301910400391e-06,0.0011373574379831,0.2023047141103326,0.1690228298385843,0.275,0.2833333333333333,0.3777777777777777,0.312037037037037,0.2023047141103326,0.3354799795981397,255656,2770,4528,0.0108348718590606,0.0177112995587821,251102,1784,26,2744
P1,sen1floods11,unet,F3,71,Paraguay_605682,PRY,0.4100000858306885,0.9690954089164734,5.364418029785156e-06,0.0003433638485148,0.54319098971719,0.561088460833312,0.6916666666666667,0.5361111111111111,0.2694444444444444,0.499074074074074,0.54319098971719,0.8111501227386999,262144,75440,17712,0.28778076171875,0.06756591796875,182960,3744,61472,13968
P1,sen1floods11,unet,F3,71,Paraguay_62897,PRY,0.4085433781147003,0.9668998122215272,1.5914440155029297e-05,0.0002624017652124,0.3825712315860315,0.4885381687349373,0.8027777777777778,0.5111111111111111,0.3694444444444444,0.5611111111111111,0.3825712315860315,0.7626093675323774,262144,41142,16233,0.1569442749023437,0.0619239807128906,219557,1445,26354,14788
P1,sen1floods11,unet,F3,71,Paraguay_648632,PRY,0.2886686623096466,0.8142123818397522,1.4066696166992188e-05,0.0004470107669476,0.3408612496787488,0.5002487430561147,0.6555555555555554,0.4305555555555555,0.4027777777777778,0.4962962962962962,0.3408612496787488,0.7416606722618926,262144,18394,7850,0.0701675415039062,0.0299453735351562,242932,818,11362,7032
P1,sen1floods11,unet,F3,71,Paraguay_651904,PRY,0.1855356842279434,0.6075820326805115,5.900859832763672e-06,0.001329235965386,0.1465901156851484,0.1501989840863906,0.5027777777777778,0.5402777777777779,0.4791666666666667,0.5074074074074074,0.1465901156851484,0.3784700688736101,262144,27156,24624,0.1035919189453125,0.09393310546875,232371,2617,5149,22007
P1,sen1floods11,unet,F3,71,Paraguay_657443,PRY,0.2172618210315704,0.6965628266334534,9.059906005859377e-06,0.0057740528136491,0.0815361245581707,0.0925485459481521,0.5819444444444445,0.8069444444444445,0.775,0.7212962962962962,0.0815361245581707,0.2202629630498139,262144,64974,70780,0.2478561401367187,0.2700042724609375,189950,7220,1414,63560
P1,sen1floods11,unet,F3,71,Paraguay_683296,PRY,0.0304689016193151,0.1473196744918823,5.841255187988281e-06,0.0011693536071106,0.1684782776766935,0.1399986768924345,0.2805555555555555,0.2569444444444444,0.4180555555555555,0.3185185185185185,0.1684782776766935,0.2812226803503815,259578,7409,6695,0.0285424804875605,0.0257918621763015,251152,1017,1731,5678
P1,sen1floods11,unet,F3,71,Paraguay_721886,PRY,0.1114962324500083,0.4028608202934265,2.443790435791016e-06,0.0055812234058976,0.2983096850542891,0.1872396072598896,0.2597222222222222,0.6833333333333333,0.5763888888888888,0.5064814814814814,0.2983096850542891,0.437205289821038,261426,10917,10731,0.0417594271419063,0.0410479447338826,246358,4151,4337,6580
P1,sen1floods11,unet,F3,71,Paraguay_76868,PRY,0.3413938879966736,0.9008693099021912,2.4199485778808597e-05,0.0023986019659787,0.2793910512008716,0.2000580234325848,0.7555555555555555,0.788888888888889,0.7583333333333333,0.7675925925925927,0.2793910512008716,0.5256654011757438,262121,17683,33017,0.0674612106622514,0.1259609111822402,228514,15924,590,17093
P1,sen1floods11,unet,F3,71,Paraguay_7894,PRY,0.0119486628100276,0.0803411826491355,6.556510925292969e-07,8.896204235497862e-05,0.500002472958202,0.8580490918902078,0.0,0.0083333333333333,0.0083333333333333,0.0055555555555555,0.500002472958202,0.7049707912521525,202187,0,1,0.0,4.945916404120938e-06,202186,1,0,0
P1,sen1floods11,unet,F3,71,Paraguay_790830,PRY,0.0951060131192207,0.3856113255023956,1.829862594604492e-05,0.0021465090103447,0.0500728660913897,0.0798093775703464,0.5138888888888888,0.5444444444444445,0.7083333333333334,0.5888888888888889,0.0500728660913897,0.1283809635867026,261199,31947,33223,0.1223090440621901,0.1271942082473516,227128,2124,848,31099
P1,sen1floods11,unet,F3,71,Paraguay_791364,PRY,0.0105763264000415,0.0754820629954338,1.0728836059570312e-06,8.059497486101463e-05,0.47827761572536,0.9314417553440402,0.0180555555555555,0.0083333333333333,0.0263888888888888,0.0175925925925925,0.47827761572536,0.7277415254187831,261735,1206,64,0.0046077139091065,0.0002445221311631,260523,6,1148,58
P1,sen1floods11,unet,F3,71,Paraguay_792268,PRY,0.0236684400588274,0.1183595582842826,3.874301910400391e-06,0.0007483406225219,0.2386899042097976,0.3927642572544833,0.225,0.1611111111111111,0.3055555555555556,0.2305555555555555,0.2386899042097976,0.5532787277959932,262120,1346,1500,0.0051350526476423,0.0057225698153517,260255,519,365,981
P1,sen1floods11,unet,F3,71,Paraguay_795075,PRY,0.0195970050990581,0.1087735816836357,7.748603820800781e-07,0.0005950385238975,0.1982281083913197,0.2339521938372608,0.0513888888888888,0.1458333333333333,0.1166666666666666,0.1046296296296296,0.1982281083913197,0.4041991412308944,262138,3421,2846,0.0130503780451517,0.0108568769121607,258244,473,1048,2373
P1,sen1floods11,unet,F3,71,Paraguay_80102,PRY,0.0080945342779159,0.0634029954671859,2.026557922363281e-06,4.410020119394176e-05,0.500085831015896,0.9747033256109624,0.0527777777777777,0.0,0.0527777777777777,0.0351851851851851,0.500085831015896,0.7328036268170224,262143,22,23,8.392365998710627e-05,8.773837180470201e-05,262098,23,22,0
P1,sen1floods11,unet,F3,71,Paraguay_822142,PRY,0.2880176305770874,0.8277773857116699,1.829862594604492e-05,0.0044841738417744,0.1101749970601617,0.1109850241044774,0.6888888888888889,0.8458333333333333,0.8347222222222223,0.7898148148148149,0.1101749970601617,0.341269515644877,262144,80190,84997,0.3059005737304687,0.3242378234863281,172904,9050,4243,75947
P1,sen1floods11,unet,F3,71,Paraguay_868895,PRY,0.173524260520935,0.5898064374923706,1.3113021850585938e-05,0.0024388271849602,0.3565131547990794,0.1774957606738224,0.5722222222222222,0.6652777777777779,0.7069444444444445,0.6481481481481481,0.3565131547990794,0.441473016018881,175465,15787,10310,0.0899723591599464,0.0587581568973869,156274,3404,8881,6906
P1,sen1floods11,unet,F3,71,Paraguay_892933,PRY,0.354577898979187,0.9218571186065674,1.7464160919189453e-05,0.0003294830967206,0.2464743756038766,0.4202451034886726,0.7402777777777778,0.4555555555555555,0.3763888888888889,0.5240740740740741,0.2464743756038766,0.6802979256529766,262144,26570,18422,0.1013565063476562,0.0702743530273437,233281,2293,10441,16129
P1,sen1floods11,unet,F3,71,Paraguay_896458,PRY,0.1422463953495025,0.5277527570724487,1.9788742065429688e-05,0.0029614593368023,0.0626893482503898,0.0837342097709296,0.5875,0.6972222222222222,0.7875000000000001,0.6907407407407408,0.0626893482503898,0.1666550476799626,240678,49299,49971,0.2048338443895994,0.2076259566724004,188465,2914,2242,47057
P1,sen1floods11,unet,F3,71,Paraguay_913449,PRY,0.0887740179896354,0.3272004127502441,5.185604095458984e-06,0.0030891657806932,0.2816301898228524,0.2658122549302342,0.3541666666666666,0.5902777777777778,0.6611111111111111,0.5351851851851852,0.2816301898228524,0.53676844792931,262144,5517,5949,0.0210456848144531,0.0226936340332031,254255,2372,1940,3577
P1,sen1floods11,unet,F3,71,Paraguay_921838,PRY,0.3529222011566162,0.918413519859314,6.556510925292969e-06,0.0003220671787858,0.501652345365188,0.8160813588913491,0.6555555555555556,0.4472222222222222,0.3,0.4675925925925925,0.501652345365188,0.8593656316029045,262144,7350,4314,0.0280380249023437,0.0164566040039062,250907,3887,6923,427
P1,sen1floods11,unet,F3,71,Paraguay_934240,PRY,0.2753452062606811,0.809199333190918,1.1444091796875e-05,0.0002240642061224,0.5041480634494807,0.8481077953305696,0.6444444444444444,0.3805555555555555,0.3416666666666667,0.4555555555555555,0.5041480634494807,0.836205349666378,262144,20358,1971,0.0776596069335937,0.0075187683105468,241210,576,18963,1395
P1,sen1floods11,unet,F3,71,Paraguay_989230,PRY,0.1549362540245056,0.5499317049980164,4.529953002929688e-06,0.0035808084066957,0.0733556753921413,0.0972323059170868,0.4652777777777777,0.7319444444444444,0.6833333333333333,0.6268518518518519,0.0733556753921413,0.2106500627185655,219924,36591,34707,0.166380204070497,0.1578136083374256,181961,1372,3256,33335
P1,sen1floods11,unet,F3,71,Paraguay_997480,PRY,0.1550041437149047,0.4931848049163818,2.026557922363281e-06,0.000288828741759,0.4493308390628209,0.5365633698916553,0.2763888888888889,0.2625,0.0916666666666666,0.2101851851851851,0.4493308390628209,0.7136521088602209,262144,19947,3596,0.0760917663574218,0.0137176513671875,241959,238,16589,3358
P1,sen1floods11,unet,F3,71,Somalia_1068756,SOM,0.3437699377536773,0.906135320663452,1.2159347534179688e-05,0.0036203346680849,0.5813963951835632,0.1833100348351168,0.7,0.8722222222222222,0.7861111111111111,0.7861111111111111,0.5813963951835632,0.5123055885569288,171193,6495,28533,0.0379396353822878,0.1666715344669466,137211,27487,5449,1046
P1,sen1floods11,unet,F3,71,Somalia_1087508,SOM,0.2942958176136017,0.840510904788971,3.6954879760742183e-06,0.0020940008107572,0.397870035983723,0.3455453865392254,0.5305555555555556,0.7194444444444444,0.55,0.6,0.397870035983723,0.6840482965859331,212943,10021,14292,0.0470595417553054,0.0671165523168171,193819,9103,4832,5189
P1,sen1floods11,unet,F3,71,Somalia_12849,SOM,0.4305948913097381,0.9815061688423156,3.576278686523437e-06,0.0020224191248416,0.5374353842240065,0.3056497645815041,0.6486111111111111,0.8611111111111112,0.5263888888888889,0.6787037037037038,0.5374353842240065,0.6994559407353483,191302,37192,41316,0.1944151132763902,0.2159726505734388,126547,27563,23439,13753
P1,sen1floods11,unet,F3,71,Somalia_166342,SOM,0.0749901235103607,0.2882585525512695,2.9206275939941406e-06,0.0011978949187323,0.5046922389913726,0.4836151618983383,0.2430555555555555,0.3319444444444445,0.3138888888888889,0.2962962962962963,0.5046922389913726,0.6455520315360073,220577,12,2058,5.4402770914465245e-05,0.0093300752118307,218507,2058,12,0
P1,sen1floods11,unet,F3,71,Somalia_167787,SOM,0.3829065859317779,0.9471446871757508,5.602836608886719e-06,0.0025639310479164,0.5582620769094278,0.320019165758156,0.6430555555555556,0.851388888888889,0.6333333333333333,0.7092592592592593,0.5582620769094278,0.7086567902805196,220505,225,27674,0.0010203850252828,0.1255028230652366,192830,27450,1,224
P1,sen1floods11,unet,F3,71,Somalia_195014,SOM,0.0148049565032124,0.0800887048244476,1.156330108642578e-05,0.0002541134308557,0.5013438904344105,0.561697199663542,0.3027777777777778,0.0388888888888888,0.3416666666666667,0.2277777777777777,0.5013438904344105,0.6305179507465758,233650,0,628,0.0,0.0026877808688208,233022,628,0,0
P1,sen1floods11,unet,F3,71,Somalia_205466,SOM,0.0364010073244571,0.1560200452804565,6.258487701416016e-06,0.0008973873336799,0.5036466555316286,0.3533777116733481,0.3166666666666666,0.2180555555555555,0.3930555555555555,0.3092592592592593,0.5036466555316286,0.5496437204775425,240083,93,1658,0.0003873660359125,0.0069059450273447,238332,1658,93,0
P1,sen1floods11,unet,F3,71,Somalia_230192,SOM,0.4128436148166656,0.9707598090171814,1.2218952178955078e-05,0.0034342152066528,0.6587709695739742,0.1829533576323341,0.7944444444444445,0.9625,0.7819444444444444,0.8462962962962962,0.6587709695739742,0.5468441028177453,232522,58,74009,0.0002494387627837,0.3182881619803717,158503,73961,10,48
P1,sen1floods11,unet,F3,71,Somalia_256539,SOM,0.1018389016389846,0.4120551347732544,3.0994415283203125e-06,0.0006792257772758,0.5052427245897342,0.5562063353957301,0.3,0.3041666666666667,0.2291666666666666,0.2777777777777777,0.5052427245897342,0.7109423059376004,221259,23,2297,0.0001039505737619,0.0103814986057064,218939,2297,23,0
P1,sen1floods11,unet,F3,71,Somalia_295782,SOM,0.2694236934185028,0.7989216446876526,5.0067901611328125e-06,0.0023494362831115,0.4676691621889188,0.2719114226390097,0.5430555555555555,0.7222222222222222,0.6041666666666666,0.6231481481481481,0.4676691621889188,0.5991482332816384,203048,16239,18664,0.0799761632717387,0.0919191521216658,173617,13192,10767,5472
P1,sen1floods11,unet,F3,71,Somalia_322855,SOM,0.3263935148715973,0.8807544708251953,4.112720489501953e-06,0.0026167416945099,0.21678521092971,0.1694720507181073,0.5847222222222221,0.8208333333333333,0.6277777777777778,0.6777777777777777,0.21678521092971,0.4794098105918511,255044,44737,38859,0.1754089490440865,0.1523619453898151,204289,6018,11896,32841
P1,sen1floods11,unet,F3,71,Somalia_32375,SOM,0.3604160845279693,0.924718141555786,1.609325408935547e-05,0.0050970730371773,0.5766688128893148,0.2217494236326916,0.7444444444444445,0.9097222222222222,0.8263888888888888,0.8268518518518518,0.5766688128893148,0.5844492069453981,133568,1,20480,7.486823191183517e-06,0.1533301389554384,113087,20480,1,0
P1,sen1floods11,unet,F3,71,Somalia_371421,SOM,0.3200913071632385,0.8763266801834106,5.602836608886719e-06,0.0026314563583582,0.5915156013108545,0.241988505934192,0.5972222222222222,0.8166666666666667,0.6444444444444444,0.686111111111111,0.5915156013108545,0.5958545312182877,230962,34678,24845,0.1501459114486365,0.1075718083494254,174389,21895,31728,2950
P1,sen1floods11,unet,F3,71,Somalia_60129,SOM,0.1567054092884063,0.5341410636901855,1.6689300537109375e-05,0.001569929998368,0.5073261520527603,0.335614933889376,0.5874999999999999,0.5416666666666666,0.6152777777777778,0.5814814814814814,0.5073261520527603,0.6315695558187877,222316,677,5168,0.003045214919304,0.0232461901077745,216535,5104,613,64
P1,sen1floods11,unet,F3,71,Somalia_61368,SOM,0.0380004309117794,0.1648053675889969,9.179115295410156e-06,0.000622333784122,0.5014133512389127,0.5917662736912344,0.3541666666666667,0.1805555555555555,0.3847222222222222,0.3064814814814815,0.5014133512389127,0.66758624782682,212969,0,602,0.0,0.0028267024778254,212367,602,0,0
P1,sen1floods11,unet,F3,71,Somalia_626316,SOM,0.4006220698356628,0.9619640111923218,1.71661376953125e-05,0.0030579210724681,0.5249552782874033,0.1629560415351671,0.788888888888889,0.9069444444444446,0.7791666666666667,0.8250000000000001,0.5249552782874033,0.4951036693213494,169085,21727,65139,0.1284975012567643,0.3852441079930213,101076,46282,2870,18857
P1,sen1floods11,unet,F3,71,Somalia_649376,SOM,0.322787344455719,0.8807750940322876,2.264976501464844e-06,0.0021800925023853,0.5416616372470132,0.2534684290724667,0.461111111111111,0.7583333333333333,0.4416666666666666,0.5537037037037037,0.5416616372470132,0.6177738080860624,213929,5187,23688,0.0242463621107937,0.1107283257529367,186206,22536,4035,1152
P1,sen1floods11,unet,F3,71,Somalia_685158,SOM,0.1889640241861343,0.6250601410865784,1.3172626495361328e-05,0.002680089790374,0.4560123415086322,0.2111234236872164,0.6055555555555555,0.7347222222222222,0.7430555555555556,0.6944444444444443,0.4560123415086322,0.520942782749748,184172,25254,10703,0.1371218209065438,0.0581141541602415,154648,4270,18821,6433
P1,sen1floods11,unet,F3,71,Somalia_699062,SOM,0.1148229241371154,0.4059472978115082,1.055002212524414e-05,0.0015987020451575,0.4636753589490782,0.2956637231545371,0.4819444444444445,0.4722222222222222,0.5875,0.513888888888889,0.4636753589490782,0.5613050584249237,203209,3290,4055,0.0161902277950287,0.0199548248355141,196545,3374,2609,681
P1,sen1floods11,unet,F3,71,Somalia_7931,SOM,0.0650115385651588,0.249076560139656,4.410743713378906e-06,0.0005669247475452,0.5032628285108827,0.4973798685915853,0.323611111111111,0.2208333333333333,0.3138888888888889,0.2861111111111111,0.5032628285108827,0.6390893219210462,201972,0,1318,0.0,0.0065256570217653,200654,1318,0,0
P1,sen1floods11,unet,F3,71,Somalia_886726,SOM,0.3154700994491577,0.8691416382789612,8.285045623779297e-06,0.0041515021584928,0.3991524567275952,0.1669315860109823,0.6388888888888888,0.8555555555555556,0.7583333333333333,0.7509259259259259,0.3991524567275952,0.4731081841002862,262036,82995,43157,0.3167312888305423,0.1646987436840739,173655,5386,45224,37771
P1,sen1floods11,unet,F3,71,Somalia_93023,SOM,0.2046874612569809,0.6588204503059387,1.0669231414794922e-05,0.002114305505529,0.5171489418341542,0.3247948448063124,0.601388888888889,0.6722222222222223,0.6680555555555556,0.6472222222222223,0.5171489418341542,0.6540716142937432,187825,0,6442,0.0,0.0342978836683082,181383,6442,0,0
P1,sen1floods11,unet,F3,71,Somalia_94102,SOM,0.2361499518156051,0.7311038374900818,6.496906280517578e-06,0.0020492633339017,0.3076349998826442,0.2282363663966755,0.5611111111111111,0.6847222222222222,0.6152777777777778,0.6203703703703703,0.3076349998826442,0.5427951277928448,241360,12694,18649,0.0525936360623135,0.0772663241630759,219558,9108,3153,9541
P1,sen1floods11,unet,F3,71,Somalia_970508,SOM,0.4003452658653259,0.9620078206062316,2.753734588623047e-05,0.0033751749433577,0.5985696254919414,0.1717789187650523,0.8597222222222223,0.9291666666666668,0.8722222222222222,0.8870370370370372,0.5985696254919414,0.5105856666532717,217119,38112,75204,0.1755350752352396,0.3463722659002666,121915,57092,20000,18112
P1,sen1floods11,unet,F3,71,Somalia_989553,SOM,0.3889379203319549,0.9524255394935608,2.586841583251953e-05,0.0014957399107515,0.604670770513948,0.1659058438878513,0.8125,0.7152777777777778,0.65,0.725925925925926,0.604670770513948,0.4703574365215166,110303,2307,20784,0.0209151156360207,0.1884264253918751,87212,20784,2307,0
P1,sen1floods11,unet,F3,71,Somalia_992457,SOM,0.162816897034645,0.588774561882019,4.291534423828125e-06,0.000663643120788,0.4549926726746011,0.6266905369539328,0.4736111111111111,0.375,0.3180555555555555,0.3888888888888889,0.4549926726746011,0.7678827202164016,181140,7852,2839,0.0433476868720326,0.0156729601413271,171723,1565,6578,1274
P1,sen1floods11,unet,F3,71,Sri-Lanka_101973,LKA,0.1220259070396423,0.4698560237884521,1.7881393432617188e-06,0.0007304141763597,0.4897547822518576,0.5396499702287684,0.2638888888888889,0.3402777777777778,0.1652777777777777,0.2564814814814815,0.4897547822518576,0.7233926636540616,262143,2958,2879,0.0112839175564481,0.0109825553228581,256536,2649,2728,230
P1,sen1floods11,unet,F3,71,Sri-Lanka_1038087,LKA,0.2054612189531326,0.6688641905784607,4.410743713378906e-06,0.0013385318452492,0.4200198746499187,0.3652133763270379,0.5111111111111111,0.5611111111111111,0.4666666666666667,0.512962962962963,0.4200198746499187,0.6636044308158127,262143,18112,8669,0.069092060440294,0.0330697367467374,240294,3737,13180,4932
P1,sen1floods11,unet,F3,71,Sri-Lanka_1049830,LKA,0.1881144791841507,0.6192004680633545,2.205371856689453e-05,0.0017699785530567,0.3793913167642516,0.2594793226976741,0.648611111111111,0.6194444444444444,0.6708333333333333,0.6462962962962963,0.3793913167642516,0.577513084932988,190233,2577,8421,0.0135465455520335,0.0442667675955275,181604,6052,208,2369
P1,sen1floods11,unet,F3,71,Sri-Lanka_117737,LKA,0.2171768099069595,0.6937183141708374,8.285045623779297e-06,0.0009806751040741,0.4676092120520727,0.5325707292734401,0.5777777777777777,0.4625,0.4263888888888889,0.4888888888888889,0.4676092120520727,0.7441466323583564,262144,6731,5005,0.0256767272949218,0.0190925598144531,251489,3924,5650,1081
P1,sen1floods11,unet,F3,71,Sri-Lanka_120804,LKA,0.1127220764756202,0.4670768678188324,3.6954879760742183e-06,0.0005140251596458,0.4589304478305498,0.7171789045096095,0.3916666666666666,0.3125,0.2819444444444444,0.3287037037037037,0.4589304478305498,0.7797176012758515,262144,6958,1426,0.0265426635742187,0.0054397583007812,254577,609,6141,817
P1,sen1floods11,unet,F3,71,Sri-Lanka_132922,LKA,0.1455844342708587,0.5378375053405762,3.933906555175781e-06,0.0006501783500425,0.5196430079824669,0.7168198049547081,0.4458333333333333,0.3666666666666666,0.2986111111111111,0.3703703703703704,0.5196430079824669,0.7979056207120198,262144,17843,1772,0.0680656433105468,0.0067596435546875,243122,1179,17250,593
P1,sen1floods11,unet,F3,71,Sri-Lanka_135713,LKA,0.0724505931138992,0.2889118492603302,2.264976501464844e-06,0.0004205009900033,0.5016079803469069,0.6626827293720179,0.2097222222222222,0.2263888888888889,0.1611111111111111,0.199074074074074,0.5016079803469069,0.7175072399360451,134330,0,432,0.0,0.0032159606938137,133898,432,0,0
P1,sen1floods11,unet,F3,71,Sri-Lanka_14484,LKA,0.1839051842689514,0.586082935333252,3.3974647521972656e-06,0.0017735162982717,0.5134560231285781,0.3111160658758118,0.4013888888888889,0.586111111111111,0.4569444444444444,0.4814814814814814,0.5134560231285781,0.6148020172186224,232015,38866,7725,0.1675150313557313,0.0332952610822576,190822,2327,33468,5398
P1,sen1floods11,unet,F3,71,Sri-Lanka_152185,LKA,0.0875653177499771,0.3255321383476257,3.0994415283203125e-06,0.0009352818597108,0.3520757904744006,0.2726633045738565,0.2541666666666666,0.2930555555555555,0.2638888888888888,0.2703703703703703,0.3520757904744006,0.4958195896941329,262144,2198,5663,0.0083847045898437,0.0216026306152343,256151,3795,330,1868
P1,sen1floods11,unet,F3,71,Sri-Lanka_163406,LKA,0.0858774185180664,0.3295608460903168,2.86102294921875e-06,0.0009866189211606,0.2395179905767122,0.2903946768263973,0.2541666666666666,0.3097222222222222,0.2805555555555555,0.2814814814814814,0.2395179905767122,0.5167463880339689,262144,5070,5132,0.0193405151367187,0.0195770263671875,255489,1585,1523,3547
P1,sen1floods11,unet,F3,71,Sri-Lanka_178753,LKA,0.0473993681371212,0.2056127786636352,2.7418136596679688e-06,0.0002475730725564,0.4822143790765133,0.7966656398682826,0.1986111111111111,0.1333333333333333,0.1430555555555555,0.1583333333333333,0.4822143790765133,0.7442930506339008,253873,645,434,0.0025406403989396,0.0017095161754105,252835,393,604,41
P1,sen1floods11,unet,F3,71,Sri-Lanka_233609,LKA,0.2595030963420868,0.7758768200874329,5.125999450683594e-06,0.0016667038435116,0.4740335798890341,0.3753453818643636,0.5361111111111111,0.625,0.513888888888889,0.5583333333333333,0.4740335798890341,0.6772816932235612,257120,6877,11134,0.0267462663347853,0.0433027380211574,240874,9369,5112,1765
P1,sen1floods11,unet,F3,71,Sri-Lanka_236030,LKA,0.0281006842851638,0.1363186240196228,1.8477439880371092e-06,0.0006223017117008,0.1824432727163035,0.3940209294914459,0.0972222222222222,0.1541666666666666,0.1541666666666666,0.1351851851851851,0.1824432727163035,0.5542720473259003,206088,1713,1561,0.0083119832304646,0.0075744342222739,204090,285,437,1276
P1,sen1floods11,unet,F3,71,Sri-Lanka_236628,LKA,0.1115428581833839,0.3940792977809906,1.049041748046875e-05,0.000852849392686,0.3926301245177512,0.2931214426459759,0.4777777777777778,0.3263888888888889,0.4458333333333334,0.4166666666666667,0.3926301245177512,0.5340280944127002,262142,3081,6085,0.0117531719449763,0.0232126099594876,254729,4332,1328,1753
P1,sen1floods11,unet,F3,71,Sri-Lanka_249079,LKA,0.1585150063037872,0.5409604907035828,3.2782554626464844e-06,0.0007134865736588,0.5071005917159763,0.5941783295374645,0.3777777777777777,0.3736111111111111,0.2375,0.3296296296296296,0.5071005917159763,0.7367603674635772,164775,11,2329,6.675769989379457e-05,0.0141344257320588,162435,2329,11,0
P1,sen1floods11,unet,F3,71,Sri-Lanka_31559,LKA,0.0574315637350082,0.2373011857271194,2.86102294921875e-06,0.00028028091765,0.5022532507598436,0.7619241401622827,0.2111111111111111,0.1375,0.1513888888888888,0.1666666666666666,0.5022532507598436,0.7396319340981966,218795,464,522,0.0021207065974999,0.0023857949221874,217809,522,464,0
P1,sen1floods11,unet,F3,71,Sri-Lanka_321316,LKA,0.4213793873786926,0.9769415855407716,4.0531158447265625e-06,0.0004553581529762,0.3679568475899853,0.322463541978557,0.6805555555555556,0.5805555555555556,0.2777777777777778,0.512962962962963,0.3679568475899853,0.6856440810672703,262133,96905,47844,0.3696787508631114,0.1825180347380909,165199,29,49090,47815
P1,sen1floods11,unet,F3,71,Sri-Lanka_377277,LKA,0.1258549839258194,0.4569956362247467,4.0531158447265625e-06,0.001758488593623,0.2665808978215781,0.2375712254049286,0.4,0.5277777777777778,0.5055555555555555,0.4777777777777778,0.2665808978215781,0.5030069431473261,259388,8603,8940,0.0331665304485943,0.0344657424398969,247618,3167,2830,5773
P1,sen1floods11,unet,F3,71,Sri-Lanka_400518,LKA,0.0495437793433666,0.2133175879716873,3.0994415283203125e-06,0.0008061265107244,0.2084534764738648,0.3349216246029156,0.2069444444444444,0.2347222222222222,0.2527777777777777,0.2314814814814814,0.2084534764738648,0.5512549121449254,262144,2380,2726,0.0090789794921875,0.0103988647460937,258929,835,489,1891
P1,sen1floods11,unet,F3,71,Sri-Lanka_450918,LKA,0.1642119139432907,0.6020925641059875,0.0001076459884643,0.0014466746943071,0.5218106248612877,0.8855240385612599,0.7347222222222223,0.5541666666666667,0.7250000000000001,0.6712962962962964,0.5218106248612877,0.8461485839667005,99126,4277,47,0.0431471057038516,0.0004741440187236,94802,47,4277,0
P1,sen1floods11,unet,F3,71,Sri-Lanka_49764,LKA,0.0517887696623802,0.2175611406564712,3.993511199951172e-06,0.0004356423160061,0.4998611201088263,0.6895305648619023,0.2833333333333333,0.1833333333333333,0.2777777777777778,0.2481481481481481,0.4998611201088263,0.7180605757293074,243327,2486,818,0.0102167042703851,0.0033617313327333,240067,774,2442,44
P1,sen1floods11,unet,F3,71,Sri-Lanka_52223,LKA,0.0780194550752639,0.3012847006320953,2.443790435791016e-06,0.0005104605806991,0.5024662017822266,0.6494779088821165,0.2180555555555555,0.2430555555555555,0.1777777777777778,0.212962962962963,0.5024662017822266,0.7207784718711393,262144,0,1293,0.0,0.0049324035644531,260851,1293,0,0
P1,sen1floods11,unet,F3,71,Sri-Lanka_523539,LKA,0.1659621447324752,0.5687803030014038,3.457069396972656e-06,0.0016435647848993,0.4589932745819594,0.2100896016181886,0.4013888888888888,0.5541666666666667,0.4416666666666666,0.4657407407407407,0.4589932745819594,0.4738965648959086,218481,24669,9840,0.1129114202150301,0.0450382413116014,189528,4284,19113,5556
P1,sen1floods11,unet,F3,71,Sri-Lanka_534068,LKA,0.4893809258937835,0.9995657801628112,7.390975952148437e-06,0.0004540674854069,0.8978006909604707,0.6411280991462769,0.7625,0.5888888888888889,0.3513888888888888,0.5675925925925925,0.8978006909604707,0.8522775211016438,262144,257268,46761,0.9813995361328124,0.1783790588378906,4876,0,210507,46761
P1,sen1floods11,unet,F3,71,Sri-Lanka_551926,LKA,0.2426958829164505,0.7474112510681152,4.887580871582031e-06,0.0011184667237102,0.3999283744260646,0.4184112759853051,0.5277777777777778,0.5,0.3972222222222222,0.475,0.3999283744260646,0.6643203424613757,262144,19600,8892,0.07476806640625,0.0339202880859375,239617,2927,13635,5965
P1,sen1floods11,unet,F3,71,Sri-Lanka_55568,LKA,0.1188718602061271,0.4672634899616241,1.2278556823730469e-05,0.0007068259292282,0.0709413232005362,0.1365894490723055,0.5180555555555556,0.3277777777777778,0.4236111111111111,0.4231481481481482,0.0709413232005362,0.3264077657964488,212858,15268,16505,0.0717285702205226,0.0775399562149414,195861,1729,492,14776
P1,sen1floods11,unet,F3,71,Sri-Lanka_579082,LKA,0.1461004763841629,0.5042364597320557,3.457069396972656e-06,0.0024255099706351,0.3339103997526534,0.1936206292366193,0.3763888888888889,0.6277777777777778,0.5402777777777779,0.5148148148148148,0.3339103997526534,0.4533470979809519,208263,14466,10146,0.0694602497803258,0.0487172469425678,190509,3288,7608,6858
P1,sen1floods11,unet,F3,71,Sri-Lanka_612594,LKA,0.2662269473075866,0.7832820415496826,6.198883056640625e-06,0.0017196263652294,0.1388894297305332,0.1346859545520208,0.5694444444444444,0.6291666666666667,0.5513888888888889,0.5833333333333334,0.1388894297305332,0.3942565989264006,262144,43125,45866,0.1645088195800781,0.1749649047851562,211957,7062,4321,38804
P1,sen1floods11,unet,F3,71,Sri-Lanka_63307,LKA,0.09393922239542,0.358074814081192,8.106231689453125e-06,0.0007165888091549,0.456624089830127,0.5582169011816356,0.4291666666666666,0.275,0.3874999999999999,0.3638888888888889,0.456624089830127,0.7000987200966903,262144,7005,2148,0.0267219543457031,0.0081939697265625,253932,1207,6064,941
P1,sen1floods11,unet,F3,71,Sri-Lanka_649970,LKA,0.2092838287353515,0.6596838235855103,3.75509262084961e-06,0.0013824788620695,0.4442345995353981,0.3680262064055029,0.4833333333333334,0.5680555555555556,0.4458333333333334,0.4990740740740741,0.4442345995353981,0.6645611798399991,260855,17343,8437,0.0664852120910084,0.0323436391865212,239028,4484,13390,3953
P1,sen1floods11,unet,F3,71,Sri-Lanka_653336,LKA,0.248242050409317,0.7605409622192383,2.264976501464844e-06,0.0020961069967597,0.26216003367703,0.2776030506025272,0.3916666666666666,0.6888888888888889,0.4416666666666666,0.5074074074074074,0.26216003367703,0.5981659467873486,262141,17982,17013,0.0685966712570715,0.0649001873037792,239116,5043,6012,11970
P1,sen1floods11,unet,F3,71,Sri-Lanka_713926,LKA,0.3768066465854645,0.9409478306770324,1.9431114196777344e-05,0.0014450538437813,0.1159867171877693,0.1486958924531466,0.7694444444444445,0.7027777777777778,0.6111111111111112,0.6944444444444445,0.1159867171877693,0.4356342185875731,262104,80506,91842,0.3071528858773616,0.3504028935079205,168759,12839,1503,79003
P1,sen1floods11,unet,F3,71,Sri-Lanka_748447,LKA,0.0867058709263801,0.3200810849666595,1.3113021850585938e-06,0.0010717045515775,0.3850834541919907,0.3934300017721878,0.1638888888888889,0.3263888888888888,0.2069444444444444,0.2324074074074074,0.3850834541919907,0.5997751886464339,249187,1219,3233,0.0048919084863977,0.0129741920726201,245599,2369,355,864
P1,sen1floods11,unet,F3,71,Sri-Lanka_845821,LKA,0.4897484183311462,0.999595820903778,3.2901763916015625e-05,0.0004076941404491,0.8908651198161601,0.6165894828443592,0.9097222222222222,0.5888888888888889,0.4986111111111111,0.6657407407407407,0.8908651198161601,0.846067320874381,240758,234546,43904,0.9741981574859402,0.182357387916497,6166,46,190688,43858
P1,sen1floods11,unet,F3,71,Sri-Lanka_847275,LKA,0.3318544030189514,0.8882452845573425,2.157688140869141e-05,0.0022117611952126,0.2702113995454689,0.196143895625053,0.7388888888888888,0.7652777777777777,0.7263888888888889,0.7435185185185184,0.2702113995454689,0.5152272199892004,231361,50464,32737,0.218118006059794,0.1414974866118317,178440,2457,20184,30280
P1,sen1floods11,unet,F3,71,Sri-Lanka_849649,LKA,0.0855963677167892,0.3154912292957306,1.6689300537109375e-06,0.0007664228905923,0.2645975881250604,0.3781667691848563,0.1791666666666666,0.275,0.1708333333333333,0.2083333333333333,0.2645975881250604,0.5864850456401918,218207,1892,2863,0.0086706659273075,0.0131205690009944,214991,1324,353,1539
P1,sen1floods11,unet,F3,71,Sri-Lanka_85652,LKA,0.0619521513581275,0.2409408539533615,3.933906555175781e-06,0.0004208106838632,0.4709822117656246,0.5846379063341286,0.2875,0.1875,0.2777777777777778,0.2509259259259259,0.4709822117656246,0.6740681910876047,197368,1941,1320,0.009834420980098,0.0066880142677637,194327,1100,1721,220
P1,sen1floods11,unet,F3,71,Sri-Lanka_883641,LKA,0.1971380412578582,0.6469057202339172,3.933906555175781e-06,0.0012221804354339,0.2188281716181653,0.1818576071701205,0.4874999999999999,0.5208333333333333,0.4111111111111111,0.4731481481481481,0.2188281716181653,0.4417933109867043,262144,13500,20055,0.0514984130859375,0.0765037536621093,241124,7520,965,12535
P1,sen1floods11,unet,F3,71,Sri-Lanka_916628,LKA,0.3195933997631073,0.8766831755638123,1.4185905456542969e-05,0.0023871033918112,0.4410733257639643,0.2512096472883439,0.6986111111111111,0.7805555555555556,0.7097222222222223,0.7296296296296297,0.4410733257639643,0.6095100369743073,259961,81524,28730,0.3136008862867891,0.110516577486623,178179,258,53052,28472
P1,sen1floods11,unet,F3,71,Sri-Lanka_922192,LKA,0.1236305460333824,0.4172100722789764,3.933906555175781e-06,0.0006128555978648,0.4277641078084074,0.3450038814248862,0.3763888888888889,0.2930555555555555,0.2944444444444444,0.3212962962962963,0.4277641078084074,0.5872775696960651,239783,1030,5166,0.0042955505602982,0.0215444798004862,234456,4297,161,869
P1,sen1floods11,unet,F3,71,Sri-Lanka_92824,LKA,0.2627278864383697,0.777699887752533,7.808208465576172e-06,0.0021305836271494,0.5060504244591034,0.3512369726553074,0.5902777777777777,0.6930555555555555,0.6361111111111111,0.6398148148148147,0.5060504244591034,0.674237433206062,246506,55390,11013,0.2247004129716923,0.044676397329071,190341,775,45152,10238
P1,sen1floods11,unet,F3,71,Sri-Lanka_956740,LKA,0.1065075397491455,0.3980821073055267,2.485513687133789e-05,0.0016631588805466,0.0942556521140361,0.1370332513377675,0.5416666666666666,0.4763888888888888,0.6597222222222222,0.5592592592592592,0.0942556521140361,0.3394069321233454,202069,7918,9360,0.0391846349514274,0.0463208112080526,192577,1574,132,7786
P2,sen1floods11,dofa_upernet,F1,13,Bolivia_103757,BOL,0.471288114786148,0.996852695941925,0.0144562721252441,5.4847878345754e-05,0.1930200326099962,0.3041883122750379,0.8754744651483781,0.7842693236714976,0.6597437888198758,0.7731625258799172,0.1930200326099962,0.754913415738446,88077,35362,28140,0.4014896056859339,0.3194931707483225,51955,760,7982,27380
P2,sen1floods11,dofa_upernet,F1,13,Bolivia_129334,BOL,0.4729763269424438,0.9971891045570374,0.0115153193473815,9.321326069766656e-05,0.4739620890296769,0.2700658729834038,0.80631038647343,0.8765743616287094,0.6828847481021394,0.788589832068093,0.4739620890296769,0.7348662036719698,237065,156067,87037,0.6583299938835341,0.3671440322274482,78717,2281,71311,84756
P2,sen1floods11,dofa_upernet,F1,13,Bolivia_195474,BOL,0.2075605690479278,0.6711534261703491,0.0092823505401611,2.22729013330536e-05,0.490863937400517,0.6514475226657521,0.3720022429261559,0.3140743616287095,0.3484299516908212,0.3448355187485623,0.490863937400517,0.4254944568881225,261335,1551,3980,0.0059349111293933,0.0152294947098551,256006,3778,1349,202
P2,sen1floods11,dofa_upernet,F1,13,Bolivia_23014,BOL,0.1652190238237381,0.5728480219841003,0.023153007030487,0.0001077715933206,0.1350991941990147,0.3878171092657235,0.612663906142167,0.5610766045548654,0.8623619737750172,0.6787008281573499,0.1350991941990147,0.3360434436259329,182995,7780,8442,0.0425148228093663,0.0461324079892893,173690,1525,863,6917
P2,sen1floods11,dofa_upernet,F1,13,Bolivia_233925,BOL,0.0860441848635673,0.3751313984394073,0.0226058959960937,0.0001219869664055,0.5014183766935076,0.8941203683916572,0.5462603519668736,0.5210058661145618,0.8817503450655624,0.6496721877156659,0.5014183766935076,0.3718279935084194,146294,1,414,6.835550330157081e-06,0.002829917836685,145879,414,1,0
P2,sen1floods11,dofa_upernet,F1,13,Bolivia_242570,BOL,0.4106816947460174,0.9691965579986572,0.0064707994461059,2.8984464734094217e-05,0.4200987877860387,0.4932869991770688,0.4248835403726708,0.5736067977915804,0.2036318150448585,0.4007073844030366,0.4200987877860387,0.6916928075789675,175507,27346,18506,0.1558114491159896,0.1054430877400901,140433,7728,16568,10778
P2,sen1floods11,dofa_upernet,F1,13,Bolivia_290290,BOL,0.3617619574069977,0.9249729514122008,0.0079325437545776,6.266372656682506e-05,0.3453995738697689,0.4187001100846224,0.3930512422360248,0.5857056590752242,0.4161706349206349,0.4649758454106279,0.3453995738697689,0.5091270342133444,204633,19699,10872,0.0962650207933226,0.0531292606764304,182469,2465,11292,8407
P2,sen1floods11,dofa_upernet,F1,13,Bolivia_294583,BOL,0.3115135729312897,0.8613731861114502,0.0083426237106323,0.0001757514255587,0.206897857745538,0.1627929111306358,0.3987663906142167,0.7359385783298827,0.6344461697722568,0.5897170462387854,0.206897857745538,0.3515299697767819,130472,15008,20963,0.1150285118646146,0.1606704886872279,108691,6773,818,14190
P2,sen1floods11,dofa_upernet,F1,13,Bolivia_312675,BOL,0.3083786070346832,0.8601145148277283,0.0118149518966674,8.400661317864433e-05,0.3983775825277275,0.640835752231256,0.5504874051069704,0.6005434782608696,0.6626768461007592,0.6045692431561998,0.3983775825277275,0.5236494071544744,158008,9575,3470,0.0605981975596172,0.0219609133714748,147599,834,6939,2636
P2,sen1floods11,dofa_upernet,F1,13,Bolivia_314919,BOL,0.4251347482204437,0.9788135886192322,0.0084373354911804,7.063021621434018e-05,0.1983728328640759,0.1342083082248554,0.5842391304347826,0.751984126984127,0.4767943409247757,0.604339199447895,0.1983728328640759,0.5929697999529407,188845,83678,83570,0.4431041330191427,0.4425322354311737,94947,10220,10328,73350
P2,sen1floods11,dofa_upernet,F1,13,Bolivia_360519,BOL,0.0574706271290779,0.2788504660129547,0.0252394080162048,4.36330956290476e-05,0.480486383080043,0.6983623932869256,0.5520833333333334,0.3012206694271911,0.6935817805383023,0.5156285944329423,0.480486383080043,0.3113667560862416,243678,414,1490,0.0016989633861078,0.0061146266794704,241858,1406,330,84
P2,sen1floods11,dofa_upernet,F1,13,Bolivia_379434,BOL,0.3837839365005493,0.9480963945388794,0.0055838823318481,0.0001167866867035,0.4583809754453161,0.3170275162939882,0.3471143892339545,0.7537957211870256,0.4282479296066253,0.5097193466758685,0.4583809754453161,0.5388606422412352,262144,10790,30405,0.0411605834960937,0.1159858703613281,227597,23757,4142,6648
P2,sen1floods11,dofa_upernet,F1,13,Bolivia_432776,BOL,0.4625347256660461,0.9945838451385498,0.0139652490615844,0.0001235261443071,0.5813248532378534,0.5065990232799351,0.869586783988958,0.9306633885438234,0.8002501725327813,0.8668334483551875,0.5813248532378534,0.8358974561322484,155397,72145,18492,0.4642625018501,0.1189984362632483,82314,938,54591,17554
P2,sen1floods11,dofa_upernet,F1,13,Bolivia_60373,BOL,0.3248334228992462,0.8819116950035095,0.0190294981002807,0.0001426313247065,0.1663427752920012,0.3839638761031165,0.6731366459627328,0.708247066942719,0.8762939958592132,0.7525592362548883,0.1663427752920012,0.4616889677499219,199019,12480,12441,0.0627075806832513,0.0625116194936162,184285,2254,2293,10187
P2,sen1floods11,dofa_upernet,F1,13,Bolivia_76104,BOL,0.0290431659668684,0.1883645951747894,0.020544409751892,1.7384583088642105e-06,0.500013091404184,0.999999999975967,0.4264794685990338,0.0,0.4264794685990338,0.2843196457326892,0.500013091404184,0.2791542891093863,190965,5,0,2.6182808368025558e-05,0.0,190960,0,5,0
P2,sen1floods11,dofa_upernet,F1,13,Mekong_1111068,KHM,0.4528205096721649,0.9913832545280457,0.0084754228591918,3.975215804530308e-05,0.5020499745988174,0.494517119169671,0.6416278467908902,0.6991028295376122,0.3665243271221532,0.5690850011502185,0.5020499745988174,0.813033460546642,262098,7449,28103,0.0284206670787262,0.1072232523712504,229977,24672,4018,3431
P2,sen1floods11,dofa_upernet,F1,13,Mekong_1149855,KHM,0.3273521661758423,0.8838434815406799,0.0050967335700988,0.0001364543131785,0.3158506443215405,0.2172203151488159,0.2609126984126984,0.6950483091787438,0.4508712905452035,0.4689440993788819,0.3158506443215405,0.375487350937983,224775,17260,29521,0.0767878990101212,0.1313357802246691,192562,14953,2692,14568
P2,sen1floods11,dofa_upernet,F1,13,Mekong_1191208,KHM,0.1609650254249572,0.5782633423805237,0.0121596455574035,0.0001294664689339,0.1037920860480476,0.2290424019670187,0.4727182539682539,0.5898248792270531,0.7511645962732919,0.6045692431561996,0.1037920860480476,0.2459914228262783,202312,15265,14804,0.0754527660247538,0.0731741073193878,185692,1355,1816,13449
P2,sen1floods11,dofa_upernet,F1,13,Mekong_119477,KHM,0.2043354362249374,0.6379011273384094,0.007458209991455,1.4687861039419658e-05,0.373513235726026,0.6240001755650988,0.251013630089717,0.2783816425120773,0.1965795376121462,0.2419916034046468,0.373513235726026,0.4152925044656446,260952,2996,4422,0.0114810386584505,0.0169456451761243,255109,2847,1421,1575
P2,sen1floods11,dofa_upernet,F1,13,Mekong_1248200,KHM,0.4593041539192199,0.9936885237693788,0.0123482942581176,3.995026781922206e-05,0.2861796335538896,0.1459667588415233,0.8159722222222221,0.7085274327122153,0.5314440993788819,0.6853145847711065,0.2861796335538896,0.6833770493261625,260988,204588,182893,0.7838981102579429,0.7007716829892562,49977,6423,28118,176470
P2,sen1floods11,dofa_upernet,F1,13,Mekong_1282475,KHM,0.2137893736362457,0.6779150366783142,0.0099068880081176,7.784362242091447e-05,0.1207071397576943,0.1578222152425523,0.4098084886128363,0.5122929606625259,0.5796238785369221,0.5005751092707614,0.1207071397576943,0.244780544919698,262144,26551,31234,0.1012840270996093,0.1191482543945312,229818,5775,1092,25459
P2,sen1floods11,dofa_upernet,F1,13,Mekong_1395593,KHM,0.1758569777011871,0.5941404700279236,0.0086927413940429,6.037277853465639e-05,0.1414081615948876,0.1822170541349064,0.3150448585231193,0.4493184955141477,0.4529848171152519,0.4057827237175063,0.1414081615948876,0.2237399939842258,261728,18875,22744,0.0721168541386477,0.0868993764518889,237842,5011,1142,17733
P2,sen1floods11,dofa_upernet,F1,13,Mekong_1396181,KHM,0.4718416333198547,0.9969447255134584,0.0102391242980957,4.7479836212005466e-05,0.2896366594193684,0.1987370293347815,0.7517037612146308,0.7366718426501035,0.4883756038647343,0.6589170692431562,0.2896366594193684,0.6956925283186886,243062,145007,138802,0.5965844105619142,0.5710559445738125,81073,16982,23187,121820
P2,sen1floods11,dofa_upernet,F1,13,Mekong_1413877,KHM,0.1325459629297256,0.4845468401908874,0.0066980123519897,2.0517438315437172e-05,0.3582207477935584,0.5768795725383402,0.1445177708764665,0.2550681504485852,0.1654589371980676,0.1883482861743731,0.3582207477935584,0.3323680887700774,256968,2512,3432,0.0097755362535412,0.0133557485756981,252382,2074,1154,1358
P2,sen1floods11,dofa_upernet,F1,13,Mekong_1439641,KHM,0.4131920635700226,0.9713096618652344,0.0110154747962951,5.709055403713137e-05,0.1574355274723673,0.0833172147250776,0.6905408902691511,0.6994263285024154,0.5714285714285714,0.6537985967333793,0.1574355274723673,0.556041540702205,262083,197802,188742,0.7547303716761484,0.7201611703162738,59980,4301,13361,184441
P2,sen1floods11,dofa_upernet,F1,13,Mekong_1443339,KHM,0.4593496918678283,0.9936062097549438,0.0133998394012451,6.0907885199412704e-05,0.2343313717557682,0.1281743823158199,0.8612836438923395,0.7901570048309179,0.6583850931677018,0.7699419139636531,0.2343313717557682,0.6756762413507311,262135,192783,180431,0.7354340320827055,0.6883132736948518,60944,8408,20760,172023
P2,sen1floods11,dofa_upernet,F1,13,Mekong_16233,KHM,0.1985727250576019,0.6451916694641113,0.0127084851264953,4.111701855435968e-05,0.0449476361508027,0.0858270001665102,0.4966356107660455,0.3818797446514838,0.5456996204278812,0.4747383252818035,0.0449476361508027,0.2274179011954744,262132,62211,63908,0.2373269955594891,0.2438008331680222,196857,3064,1367,60844
P2,sen1floods11,dofa_upernet,F1,13,Mekong_213094,KHM,0.0499527938663959,0.2638488113880157,0.0129034519195556,4.555810392048443e-06,0.473560187539081,0.9523982846846558,0.4198800897170462,0.1448412698412698,0.4188880262249828,0.3278697952610996,0.473560187539081,0.3566429516607664,229843,111,66,0.0004829383535717,0.0002871525345561,229675,57,102,9
P2,sen1floods11,dofa_upernet,F1,13,Mekong_221789,KHM,0.0276038162410259,0.1813054084777832,0.016392707824707,1.7565294001542495e-06,0.0,0.9999999999755862,0.396911663216011,0.0,0.396911663216011,0.2646077754773406,0.0,0.2791542891093863,215327,0,0,0.0,0.0,215327,0,0,0
P2,sen1floods11,dofa_upernet,F1,13,Mekong_254910,KHM,0.3436778783798218,0.9050701260566713,0.0063896179199218,6.077273792470805e-05,0.5355482837265211,0.3247947271607276,0.2956133540372671,0.5617883022774327,0.3210835058661145,0.3928283873936047,0.5355482837265211,0.4504234498965367,205495,135,15138,0.0006569502907613,0.0736660259373707,190265,15095,92,43
P2,sen1floods11,dofa_upernet,F1,13,Mekong_269835,KHM,0.0324798859655857,0.1910962909460067,0.0097842216491699,1.0410246432002168e-05,0.2410692522890545,0.8716468110842163,0.2420419254658384,0.085813492063492,0.3209109730848861,0.2162554635380722,0.2410692522890545,0.2440791074270205,212236,483,389,0.0022757684841402,0.0018328653008914,211662,91,185,298
P2,sen1floods11,dofa_upernet,F1,13,Mekong_293769,KHM,0.2199489176273346,0.691499650478363,0.0105779767036437,4.880717824562453e-05,0.0821993204334474,0.1560923938309814,0.4382548309178744,0.4315907522429262,0.5154632505175984,0.4617696112261329,0.0821993204334474,0.2528349028367443,230540,30420,32158,0.1319510713975882,0.1394898932940053,196880,3240,1502,28918
P2,sen1floods11,dofa_upernet,F1,13,Mekong_333434,KHM,0.2881069183349609,0.8228909373283386,0.0055494904518127,3.960111280321144e-05,0.4240670609764779,0.542260179056749,0.2465924775707384,0.4478088336783988,0.2227829537612146,0.3057280883367839,0.4240670609764779,0.4860713231809425,203133,3284,5276,0.0161667478942367,0.0259731309043828,195888,3961,1969,1315
P2,sen1floods11,dofa_upernet,F1,13,Mekong_342411,KHM,0.2651160657405853,0.7850632071495056,0.0068874955177307,4.363058542367071e-05,0.160304437554437,0.1714794698512989,0.2560170807453416,0.4415545203588681,0.2571816770186335,0.3182510927076143,0.160304437554437,0.3110247205417812,262141,28914,35428,0.1102994190149576,0.1351486413800206,224805,8422,1908,27006
P2,sen1floods11,dofa_upernet,F1,13,Mekong_382276,KHM,0.0597960352897644,0.2867297530174255,0.0092760324478149,3.3225722290808335e-05,0.065719204225438,0.2069016647402755,0.2865122498274672,0.2667572463768116,0.3866028295376121,0.313290775247297,0.065719204225438,0.1318874741254523,262111,9808,11049,0.0374192613053248,0.0421538966315797,250982,1321,80,9728
P2,sen1floods11,dofa_upernet,F1,13,Mekong_424793,KHM,0.1492100208997726,0.5448098182678223,0.0141686201095581,2.932822644652333e-05,0.2984945116153124,0.4925002431053534,0.5134359903381642,0.3189699792960662,0.5516520013802622,0.4613526570048309,0.2984945116153124,0.343867111878699,258487,4003,5028,0.0154862720368916,0.019451655208966,252116,2368,1343,2660
P2,sen1floods11,dofa_upernet,F1,13,Mekong_45934,KHM,0.0405445732176303,0.2303034961223602,0.0106128454208374,4.622987034963444e-06,0.4493642631252595,0.9814486908177904,0.3190346790890269,0.1274801587301587,0.3354037267080746,0.2606395215090867,0.4493642631252595,0.3414936163760989,261859,296,70,0.0011303793262786,0.0002673194352685,261527,36,262,34
P2,sen1floods11,dofa_upernet,F1,13,Mekong_474783,KHM,0.2787242829799652,0.8098589777946472,0.0114818811416625,3.3557000278960913e-05,0.4081490642683852,0.6993703530105639,0.5289208074534162,0.4108652518978606,0.4897342995169081,0.476506786289395,0.4081490642683852,0.5077938689110177,262119,5780,4370,0.0220510531476161,0.0166718169991492,253725,2614,4024,1756
P2,sen1floods11,dofa_upernet,F1,13,Mekong_52610,KHM,0.4685397446155548,0.9961865544319152,0.013203740119934,2.6927993530989625e-05,0.3260127687339303,0.1526836939780299,0.8588034851621809,0.6583850931677019,0.5171885783298826,0.6781257188865885,0.3260127687339303,0.6896379075553966,262144,210673,177851,0.8036537170410156,0.6784477233886719,47490,3981,36803,173870
P2,sen1floods11,dofa_upernet,F1,13,Mekong_596495,KHM,0.4004049003124237,0.9619279503822328,0.0188257694244384,3.630806895671412e-05,0.1626431028102459,0.0637138618191816,0.7833203933747412,0.5698973429951691,0.6277605244996549,0.6603260869565218,0.1626431028102459,0.4908197311840602,229483,177143,167481,0.7719221031623258,0.7298187665317256,49409,2931,12593,164550
P2,sen1floods11,dofa_upernet,F1,13,Mekong_774566,KHM,0.3079609870910644,0.8637872934341431,0.0094037055969238,7.965003896970302e-05,0.1271730821933117,0.0965692645436722,0.4581392339544513,0.5946557971014492,0.552536231884058,0.5351104209799862,0.1271730821933117,0.340704196246103,227728,77043,67564,0.338311494414389,0.2966872760486194,148665,2020,11499,65544
P2,sen1floods11,dofa_upernet,F1,13,Mekong_846007,KHM,0.2966997325420379,0.8379635810852051,0.0074545741081237,6.132382259238511e-05,0.2248252762384097,0.2025835320970918,0.3204149413388543,0.5353907867494824,0.384187370600414,0.4133310328962502,0.2248252762384097,0.338207439609209,164030,7535,11910,0.0459367188928854,0.0726086691458879,151746,4749,374,7161
P2,sen1floods11,dofa_upernet,F1,13,Mekong_922373,KHM,0.4260287582874298,0.9790077209472656,0.0078164339065551,9.71975678112358e-05,0.2694375152735362,0.1454980547520796,0.5331047273982057,0.8087042788129744,0.4823800897170462,0.6080630319760755,0.2694375152735362,0.5929697999529407,262138,119765,117078,0.4568776751176861,0.4466273489536045,123475,18898,21585,98180
P2,sen1floods11,dofa_upernet,F1,13,Mekong_977338,KHM,0.2156832665205001,0.6983756422996521,0.016955554485321,8.788830746198073e-05,0.0537931238225307,0.0618769098945741,0.5834627329192547,0.5548222912353347,0.7721273291925466,0.6368041177823787,0.0537931238225307,0.247729870861614,176958,65567,67140,0.370522948948338,0.3794120638795646,108308,3083,1510,64057
P2,sen1floods11,dofa_upernet,F1,13,Mekong_98310,KHM,0.238517016172409,0.7501728534698486,0.0126245021820068,6.826115713920444e-05,0.0695197800146776,0.0777295762387622,0.526505348516218,0.5125948930296756,0.6465450310559007,0.5618817575339313,0.0695197800146776,0.2655895340689773,182771,85667,81573,0.4687122136443965,0.4463125988258531,95883,1221,5315,80352
P2,sen1floods11,dofa_upernet,F1,13,Nigeria_1095404,NGA,0.3934119045734405,0.9559422731399536,0.009329080581665,7.760402513667941e-05,0.2214228789319845,0.2241330432985744,0.5443409247757073,0.6822161835748792,0.5442330917874396,0.5902634000460086,0.2214228789319845,0.4969605463284435,252283,46091,45394,0.1826956235655989,0.1799328531847171,196757,9435,10132,35959
P2,sen1floods11,dofa_upernet,F1,13,Nigeria_143329,NGA,0.1035888269543647,0.4310099482536316,0.0072466135025024,1.6437048543593846e-05,0.4408188893284691,0.8282144630061786,0.1864216701173223,0.2279805037957212,0.1941640786749482,0.2028554175293306,0.4408188893284691,0.385261387885518,249500,2777,703,0.011130260521042,0.002817635270541,246418,305,2379,398
P2,sen1floods11,dofa_upernet,F1,13,Nigeria_22088,NGA,0.1059351712465286,0.4736239612102508,0.0246965289115905,8.332107245223597e-05,0.4621667036538607,0.9951335154733812,0.5858134920634921,0.469957729468599,0.8285886818495515,0.6281199677938809,0.4621667036538607,0.4306122170335177,209501,170,41,0.0008114519739762,0.0001957031231354,209305,26,155,15
P2,sen1floods11,dofa_upernet,F1,13,Nigeria_225131,NGA,0.0598645582795143,0.3043080866336822,0.0047347545623779,5.154255632078275e-06,0.5025056475513461,0.9839514931037006,0.0833333333333333,0.1552579365079365,0.0719246031746031,0.103505291005291,0.5025056475513461,0.3790806199889813,241255,1131,78,0.0046879857412281,0.000323309361464,240046,78,1131,0
P2,sen1floods11,dofa_upernet,F1,13,Nigeria_31096,NGA,0.128826767206192,0.4766537249088287,0.0117208957672119,2.559024505899288e-05,0.4507138696259529,0.7270104339447245,0.4199016563146998,0.2695609040717736,0.4622800207039337,0.3839141936968024,0.4507138696259529,0.3646670733743439,217487,816,1450,0.0037519483923177,0.0066670651579174,215440,1231,597,219
P2,sen1floods11,dofa_upernet,F1,13,Nigeria_35845,NGA,0.0439844466745853,0.226551666855812,0.011870265007019,1.606111072760541e-05,0.4148874970876082,0.8734844520847832,0.3583937198067632,0.1699447895100069,0.4241718426501035,0.3175034506556246,0.4148874970876082,0.3098563637495647,213042,286,313,0.0013424582946085,0.0014691938678758,212531,225,198,88
P2,sen1floods11,dofa_upernet,F1,13,Nigeria_417184,NGA,0.4642511308193207,0.9950515031814576,0.0120143294334411,8.831606101011857e-05,0.4390521403984108,0.362831549629165,0.8146135265700483,0.8741589026915113,0.6887724292615597,0.7925149528410397,0.4390521403984108,0.7803316623530038,50135,1384,5502,0.0276054652438416,0.1097436920315149,44459,4292,174,1210
P2,sen1floods11,dofa_upernet,F1,13,Nigeria_439488,NGA,0.074002593755722,0.3675207793712616,0.0085304379463195,5.268515906209359e-06,0.5033289703315882,0.989043706918984,0.2438103864734299,0.1612103174603174,0.2264492753623188,0.2104899930986887,0.5033289703315882,0.3932314508865773,229200,1468,58,0.0064048865619546,0.0002530541012216,227674,58,1468,0
P2,sen1floods11,dofa_upernet,F1,13,Nigeria_529525,NGA,0.4687103033065796,0.9962229132652284,0.0124421715736389,5.941264680586755e-05,0.6438569532876287,0.2540335882610711,0.8194444444444444,0.7901570048309179,0.6096014492753623,0.7397342995169082,0.6438569532876287,0.7211107749332464,262144,223651,107050,0.8531608581542969,0.4083633422851562,37496,997,117598,106053
P2,sen1floods11,dofa_upernet,F1,13,Nigeria_598959,NGA,0.1078480631113052,0.4710893929004669,0.0076501965522766,9.374481123813894e-06,0.6083799859132137,0.9589689123165104,0.2100370945479641,0.1924603174603174,0.1753148723257419,0.1926040947780078,0.6083799859132137,0.4116810640939157,211208,46528,238,0.2202946858073557,0.0011268512556342,164598,82,46372,156
P2,sen1floods11,dofa_upernet,F1,13,Nigeria_600295,NGA,0.2805584073066711,0.8246113657951355,0.0108547210693359,5.187885471968912e-05,0.081058557373681,0.073726463994621,0.5027605244996549,0.4985766045548654,0.5297187715665976,0.510351966873706,0.081058557373681,0.319080976322404,181691,83661,84497,0.4604575900842639,0.4650588086366413,93795,4235,3399,80262
P2,sen1floods11,dofa_upernet,F1,13,Nigeria_707067,NGA,0.0954186841845512,0.4041603803634643,0.0091862678527832,1.2448458619473968e-05,0.487558800415517,0.91583635305503,0.303938060731539,0.2103174603174603,0.3079063146997929,0.2740539452495974,0.487558800415517,0.3906105681961216,261359,3756,473,0.014371037538405,0.0018097712342027,257292,311,3594,162
P2,sen1floods11,dofa_upernet,F1,13,Nigeria_78061,NGA,0.1726885139942169,0.5874572992324829,0.0098024606704711,0.0002382928942097,0.2902367182945966,0.2335419702213068,0.3942589717046239,0.6522170462387853,0.7350974810213939,0.5938578329882677,0.2902367182945966,0.2475539056039021,228886,5494,11334,0.0240032155745655,0.0495181007138925,217266,6126,286,5208
P2,sen1floods11,dofa_upernet,F1,13,Nigeria_812045,NGA,0.3868862390518188,0.9529346227645874,0.0132783651351928,3.970016041421332e-05,0.0948263899606325,0.103553452180394,0.6999654934437542,0.553161663216011,0.5708031400966184,0.6079767655854612,0.0948263899606325,0.4654458267333359,236584,119583,122704,0.5054568356270923,0.5186487674568018,109556,7445,4324,115259
P2,sen1floods11,dofa_upernet,F1,13,Nigeria_81933,NGA,0.4538714587688446,0.9918005466461182,0.0099677443504333,0.0001214198200614,0.559886709867739,0.221495211554635,0.7340407177363699,0.9213034851621807,0.6692330917874396,0.7748590982286635,0.559886709867739,0.7009301027166047,246268,177950,87414,0.7225867753829162,0.3549547647278575,65922,2396,92932,85018
P2,sen1floods11,dofa_upernet,F1,13,Nigeria_820924,NGA,0.0484684668481349,0.2643677592277527,0.0080199241638183,3.66441940968798e-06,0.4780214070073982,0.9613285024945486,0.1906271566597653,0.1413690476190476,0.1861628709454796,0.1727196917414308,0.4780214070073982,0.3566429516607664,262143,1176,162,0.0044861010974925,0.0006179833144505,260867,100,1114,62
P2,sen1floods11,dofa_upernet,F1,13,Nigeria_952958,NGA,0.1747816354036331,0.6122934222221375,0.0067236423492431,0.0001707578485365,0.2023186687787949,0.2783160631901473,0.1914466873706004,0.6473861283643892,0.5108479986197378,0.4498936047849091,0.2023186687787949,0.2802035357459542,227674,9735,12019,0.0427585055825434,0.0527903932816219,214235,3704,1420,8315
P2,sen1floods11,dofa_upernet,F1,13,Nigeria_984831,NGA,0.4737840294837951,0.9973697066307068,0.0110438466072082,3.70947782357689e-05,0.6107926557139223,0.198109655297375,0.7896394064872325,0.7071687370600415,0.496808143547274,0.6645387623648493,0.6107926557139223,0.6956925283186886,240158,221680,136883,0.9230589861674398,0.5699706026865646,17510,968,85765,135915
P2,sen1floods11,dofa_upernet,F1,13,Spain_1167260,ESP,0.4451229274272918,0.9883134365081788,0.0053077936172485,0.0001162363550974,0.3687031828506174,0.2580356663095245,0.4680167356797791,0.8771135265700483,0.4258324706694272,0.5903209109730848,0.3687031828506174,0.668756468336249,262119,42519,69067,0.1622125828345141,0.2634948248696203,185113,34487,7939,34580
P2,sen1floods11,dofa_upernet,F1,13,Spain_1199913,ESP,0.3736347258090973,0.9373849630355836,0.0086469054222106,9.507121285423636e-05,0.3162500062774889,0.4420307943465795,0.474120082815735,0.6937543133195307,0.5335144927536232,0.5671296296296297,0.3162500062774889,0.5608116069206389,262143,10090,17028,0.038490442239541,0.0649569128300202,242936,9117,2179,7911
P2,sen1floods11,dofa_upernet,F1,13,Spain_2472849,ESP,0.4006924033164978,0.9618870615959167,0.0067700743675231,8.077430538833141e-05,0.5320508695166399,0.5179421084047031,0.3985507246376812,0.7072550034506557,0.3803485162180814,0.4953847481021394,0.5320508695166399,0.6501511222844251,261759,20,17053,7.640615986460829e-05,0.0651477122085582,244703,17036,3,17
P2,sen1floods11,dofa_upernet,F1,13,Spain_2523247,ESP,0.4155573546886444,0.9721572399139404,0.0105454921722412,7.863935024943203e-05,0.5157719947456685,0.4956228529248925,0.6703329882677709,0.7537957211870254,0.6055900621118013,0.6765729238555326,0.5157719947456685,0.7077139760443962,262039,2429,19832,0.0092696125385915,0.0756833906403245,240761,18849,1446,983
P2,sen1floods11,dofa_upernet,F1,13,Spain_2594119,ESP,0.4051536321640014,0.9650086760520936,0.0060315132141113,6.983982166275382e-05,0.4844110009514436,0.4454738045261361,0.3926630434782608,0.6922446514837819,0.3330529675638371,0.4726535541752932,0.4844110009514436,0.6403046176671385,262009,2877,21502,0.0109805388364521,0.0820658832330187,239985,19147,522,2355
P2,sen1floods11,dofa_upernet,F1,13,Spain_2938657,ESP,0.2919691801071167,0.8379908204078674,0.008284568786621,0.0001573572662891,0.2100338071727598,0.3789091138687714,0.3820307108350587,0.7192028985507246,0.6296152518978606,0.5769496204278813,0.2100338071727598,0.435192977734569,262074,9772,15357,0.0372871784305196,0.0585979532498454,246412,5890,305,9467
P2,sen1floods11,dofa_upernet,F1,13,Spain_3285448,ESP,0.3052664399147033,0.8545415997505188,0.0149421691894531,4.1219915146939456e-05,0.1099334998044478,0.1385807926621498,0.6244824016563146,0.4596488957902001,0.5957772601794341,0.5599695192086496,0.1099334998044478,0.3419131290821118,262136,56389,65448,0.2151135288552507,0.249671926023133,195689,10058,999,55390
P2,sen1floods11,dofa_upernet,F1,13,Spain_337094,ESP,0.4243808090686798,0.978138506412506,0.0070739388465881,9.23589468584396e-05,0.4160591403434764,0.2550373799729866,0.4976492408557626,0.8062888198757764,0.4445091442374051,0.582815734989648,0.4160591403434764,0.6260051501084143,262056,26075,64851,0.099501633238697,0.2474700064108435,194756,41225,2449,23626
P2,sen1floods11,dofa_upernet,F1,13,Spain_4282030,ESP,0.4382694363594055,0.9853549599647522,0.0098424553871154,0.0001114961705752,0.2464651136419531,0.1893892420584768,0.6898507591442373,0.8639147688060731,0.6512034161490683,0.7349896480331263,0.2464651136419531,0.6259608079445805,262123,98131,96888,0.374370047649386,0.3696279990691393,147258,16734,17977,80154
P2,sen1floods11,dofa_upernet,F1,13,Spain_4915752,ESP,0.4116076231002807,0.9696781039237976,0.0075567364692687,9.57523297984153e-05,0.3796785784554669,0.4198729428747357,0.4914596273291925,0.7764190821256038,0.4730201863354036,0.5802996319300667,0.3796785784554669,0.6678370437420335,262128,7664,23560,0.0292376243667216,0.0898797534029176,238216,16248,352,7312
P2,sen1floods11,dofa_upernet,F1,13,Spain_5650136,ESP,0.3884457647800445,0.9513124823570251,0.0115287899971008,5.768704068032093e-05,0.1863732010320498,0.1117046328984799,0.6450569358178053,0.6289035541752932,0.5964673913043478,0.6234759604324821,0.1863732010320498,0.4621773916365635,171596,104207,110095,0.6072810555024593,0.6415942096552367,56126,11263,5375,98832
P2,sen1floods11,dofa_upernet,F1,13,Spain_5678382,ESP,0.4199612438678741,0.9752613306045532,0.0092213153839111,7.58068126742728e-05,0.5347008761654904,0.415191661096543,0.6232315389924085,0.7551544168391994,0.5382807108350586,0.6388888888888888,0.5347008761654904,0.6953244747628057,262117,3570,27701,0.0136198720418744,0.1056818138464884,232078,26469,2338,1232
P2,sen1floods11,dofa_upernet,F1,13,Spain_5816638,ESP,0.3748677670955658,0.9396807551383972,0.0075898766517639,6.390531780198216e-05,0.5097753948723989,0.5955623698288717,0.4171626984126984,0.6275448585231194,0.3984428916494133,0.4810501495284103,0.5097753948723989,0.6181818275064347,262052,379,10752,0.0014462778379863,0.0410300245752751,251152,10521,148,231
P2,sen1floods11,dofa_upernet,F1,13,Spain_5923267,ESP,0.283481627702713,0.8267521858215332,0.0187293291091918,1.9632252588053237e-05,0.162084293538457,0.0466856133227527,0.6539855072463767,0.3713983781918564,0.5537655279503105,0.5263831377961812,0.162084293538457,0.319080976322404,218743,201713,204080,0.9221460801031348,0.9329669978010724,13080,3950,1583,200130
P2,sen1floods11,dofa_upernet,F1,13,Spain_6095801,ESP,0.4325551688671112,0.982454001903534,0.0066325068473815,0.0001374789862893,0.484223999800668,0.2387569845625574,0.4763198757763975,0.8913690476190476,0.469957729468599,0.6125488842880147,0.484223999800668,0.6465062844674844,262062,22736,69589,0.0867580954125359,0.2655440315650494,188570,50756,3903,18833
P2,sen1floods11,dofa_upernet,F1,13,Spain_6199994,ESP,0.3280441164970398,0.885360836982727,0.0079222321510314,5.4544576414627954e-05,0.4974524229496221,0.6413927964047483,0.3667184265010352,0.539229641131815,0.3960274327122153,0.4339918334483552,0.4974524229496221,0.5382406352650654,261902,783,7086,0.0029896678910432,0.0270559216806286,254287,6832,529,254
P2,sen1floods11,dofa_upernet,F1,13,Spain_6537196,ESP,0.4218408763408661,0.9765198826789856,0.0061976909637451,0.0001015041634673,0.5020129881301514,0.4998801309725543,0.4475069013112491,0.8122412008281573,0.414811939268461,0.5581866804692891,0.5020129881301514,0.7255736392517597,262106,3046,21229,0.0116212524703745,0.0809939490129947,239546,19514,1331,1715
P2,sen1floods11,dofa_upernet,F1,13,Spain_6860600,ESP,0.3318289220333099,0.8918462991714478,0.0073340535163879,6.099359234212898e-05,0.509463609375258,0.6820607375398471,0.3336783988957902,0.5545419254658385,0.3782996894409938,0.4221733379342074,0.509463609375258,0.5467366353683946,261969,246,6349,0.0009390424057808,0.0242356920093598,255413,6310,207,39
P2,sen1floods11,dofa_upernet,F1,13,Spain_716716,ESP,0.3866215348243713,0.9509625434875488,0.0058344602584838,6.931042298674583e-05,0.5023164097775827,0.5061765075301501,0.3530667701863354,0.6526483781918565,0.3330529675638371,0.446256038647343,0.5023164097775827,0.6144317958696982,262067,2644,16102,0.0100890230360938,0.061442302922535,244368,15055,1597,1047
P2,sen1floods11,dofa_upernet,F1,13,Spain_7370579,ESP,0.4540586471557617,0.9918896555900574,0.0064930915832519,7.931466825539246e-05,0.3488042749977728,0.2133148516606339,0.52050983436853,0.8375819530710835,0.3719806763285024,0.5766908212560387,0.3488042749977728,0.7009301027166047,262045,70035,104809,0.2672632563109389,0.3999656547539544,149517,42493,7719,62316
P2,sen1floods11,dofa_upernet,F1,13,Spain_7387658,ESP,0.4686320126056671,0.9962078928947448,0.0104159712791442,7.464208465535194e-05,0.3408665703193655,0.224160059530573,0.7575914423740511,0.8281573498964803,0.5857487922705313,0.7238325281803543,0.3408665703193655,0.7118893363974491,262057,153006,121340,0.5838653422728644,0.4630290356678127,98014,11037,42703,110303
P2,sen1floods11,dofa_upernet,F1,13,Spain_7558720,ESP,0.4154195189476013,0.9723966717720032,0.0042362213134765,0.0001190055336337,0.540245119877371,0.3735740399335434,0.4092693236714975,0.8375172532781228,0.4282479296066253,0.5583448355187485,0.540245119877371,0.6644945863561964,261984,2137,31710,0.0081569866862098,0.1210379259802125,229422,30425,852,1285
P2,sen1floods11,dofa_upernet,F1,13,Spain_7604243,ESP,0.3153131902217865,0.8730852603912354,0.0088946223258972,7.695214299019426e-05,0.1256572170467484,0.2920718737406346,0.4296928916494134,0.5935990338164252,0.5182022084195999,0.5138313779618128,0.1256572170467484,0.4108106223035485,262080,20919,25418,0.0798191391941391,0.0969856532356532,235948,5213,714,20205
P2,sen1floods11,dofa_upernet,F1,13,Spain_7786924,ESP,0.4110666513442993,0.9693683385849,0.0062503218650817,0.00011667090439,0.5256825561415727,0.3405232348935371,0.4224680814354727,0.8148938923395446,0.4425034506556246,0.5599551414768806,0.5256825561415727,0.6338390925896309,262111,3768,35180,0.0143755889680326,0.1342179458321093,225957,32386,974,2794
P2,sen1floods11,dofa_upernet,F1,13,Spain_7856615,ESP,0.4416558742523193,0.9868463277816772,0.0064309239387512,0.0001265663013327,0.4953369091852545,0.3761789710373974,0.4846877156659765,0.8878968253968254,0.4581176673567978,0.6102340694731999,0.4953369091852545,0.7348092557574446,261930,9637,40224,0.0367922727446264,0.1535677471080059,218679,33614,3027,6610
P2,sen1floods11,dofa_upernet,F1,13,Spain_8104659,ESP,0.4204535484313965,0.9756454825401306,0.0094996690750122,0.0001482366933487,0.5641771769745858,0.2744232348445123,0.6364302967563837,0.8830012077294686,0.6744953416149069,0.731308948700253,0.5641771769745858,0.6299552735568205,262128,3484,50566,0.0132912165049136,0.1929057559665506,211017,47627,545,2939
P2,sen1floods11,dofa_upernet,F1,13,Spain_8154154,ESP,0.422303706407547,0.9766208529472352,0.0053723454475402,8.608282951172441e-05,0.4968998758031804,0.4069028040520868,0.4308359213250517,0.7907393029675638,0.3766390614216701,0.5327380952380952,0.4968998758031804,0.6985929098595781,262118,4582,29723,0.0174806766418178,0.1133954936326387,231271,26265,1124,3458
P2,sen1floods11,dofa_upernet,F1,13,Spain_8199661,ESP,0.3446969389915466,0.9056551456451416,0.0066243410110473,0.0001240398996742,0.3668007464617634,0.3767506652216728,0.2956133540372671,0.698822463768116,0.4581176673567978,0.4841844950540603,0.3668007464617634,0.478966662066342,262036,8182,19068,0.0312247172144285,0.0727686272115281,241411,12443,1557,6625
P2,sen1floods11,dofa_upernet,F1,13,Spain_8372658,ESP,0.4291181266307831,0.9807493090629578,0.0088330507278442,4.891071512247436e-05,0.2244722719209197,0.1622582798413127,0.5973731884057971,0.68652950310559,0.4196428571428571,0.5678485162180814,0.2244722719209197,0.5978007178273367,262029,93104,114247,0.3553194493739242,0.4360089913711841,142433,26492,5349,87755
P2,sen1floods11,dofa_upernet,F1,13,Spain_8565131,ESP,0.432158887386322,0.9820929169654846,0.0077419281005859,5.916022200835869e-05,0.2820514639840075,0.2143156007756369,0.5453114216701174,0.7390226017943409,0.3866028295376121,0.5569789510006902,0.2820514639840075,0.6411352499194027,262084,52356,74583,0.1997680133087102,0.2845767005998077,182183,27545,5318,47038
P2,sen1floods11,dofa_upernet,F1,37,Bolivia_103757,BOL,0.4767089486122131,0.997916579246521,0.0144562721252441,4.9307327572023496e-05,0.2575813942714969,0.3310384814952916,0.8778899240855762,0.7610852311939269,0.6389751552795031,0.7593167701863354,0.2575813942714969,0.7203472052176909,88077,35362,24484,0.4014896056859339,0.2779840366951644,52235,480,11358,24004
P2,sen1floods11,dofa_upernet,F1,37,Bolivia_129334,BOL,0.4742725491523742,0.9974701404571532,0.0115153193473815,6.87673527863808e-05,0.3337723259441284,0.2176855264655569,0.8111413043478262,0.8201561421670118,0.6312974465148379,0.7541982976765587,0.3337723259441284,0.6165946917201166,237065,156067,116121,0.6583299938835341,0.489827684390357,77663,3335,43281,112786
P2,sen1floods11,dofa_upernet,F1,37,Bolivia_195474,BOL,0.2239091545343399,0.7111179232597351,0.0092823505401611,2.063303327304311e-05,0.4933793309931946,0.6021636093784859,0.3542744996549344,0.2325094893029675,0.308143547273982,0.2983091787439613,0.4933793309931946,0.4205650042522524,261335,1551,4981,0.0059349111293933,0.0190598274245699,255033,4751,1321,230
P2,sen1floods11,dofa_upernet,F1,37,Bolivia_23014,BOL,0.1496943086385727,0.5385290384292603,0.023153007030487,9.834251250140368e-05,0.1584638271922602,0.3449491935433687,0.5333635265700483,0.4891520013802622,0.8697377501725327,0.6307510927076144,0.1584638271922602,0.2576838975526432,182995,7780,9568,0.0425148228093663,0.052285581573267,172793,2422,634,7146
P2,sen1floods11,dofa_upernet,F1,37,Bolivia_233925,BOL,0.0978350043296814,0.4154966175556183,0.0272240042686462,0.0001356047141598,0.5026795357294216,0.8090044292416323,0.5357789855072463,0.5271739130434783,0.958786231884058,0.6739130434782609,0.5026795357294216,0.4217114228733338,146294,1,783,6.835550330157081e-06,0.0053522359085129,145510,783,1,0
P2,sen1floods11,dofa_upernet,F1,37,Bolivia_242570,BOL,0.4545278251171112,0.9919989109039308,0.0062022805213928,3.6056484532309696e-05,0.4287209250314343,0.3560102098359983,0.4849249482401656,0.6601751207729468,0.2301587301587301,0.4584195997239475,0.4287209250314343,0.6526306965846222,175507,27346,37980,0.1558114491159896,0.21640162500641,126885,21276,10642,16704
P2,sen1floods11,dofa_upernet,F1,37,Bolivia_290290,BOL,0.3890474736690521,0.9523282647132874,0.0079325437545776,7.798711158102378e-05,0.2467937435804161,0.3129584099538732,0.3993702553485161,0.6265527950310559,0.4722653554175293,0.4993961352657004,0.2467937435804161,0.4246054313146691,204633,19699,21502,0.0962650207933226,0.1050759163966711,178331,6603,4800,14899
P2,sen1floods11,dofa_upernet,F1,37,Bolivia_294583,BOL,0.3261787891387939,0.8812002539634705,0.0083426237106323,0.0001846071681939,0.217967762105385,0.1645160581204642,0.3452165286404416,0.6775577984817115,0.6489389233954451,0.5572377501725327,0.217967762105385,0.2409989968270762,130472,15008,21756,0.1150285118646146,0.1667484211171745,107983,7481,733,14275
P2,sen1floods11,dofa_upernet,F1,37,Bolivia_312675,BOL,0.3613694906234741,0.9214564561843872,0.0118149518966674,9.820065315579996e-05,0.3387453635589277,0.5128483461167361,0.5410628019323672,0.6367969289164942,0.7297920979986198,0.6358839429491604,0.3387453635589277,0.4730205597003086,158008,9575,6429,0.0605981975596172,0.0406878132752772,146330,2103,5249,4326
P2,sen1floods11,dofa_upernet,F1,37,Bolivia_314919,BOL,0.4446676671504974,0.9881900548934937,0.0084373354911804,4.870463817496784e-05,0.2099033037681049,0.1403383393723805,0.5833548999309869,0.6802536231884058,0.4252717391304348,0.5629600874166091,0.2099033037681049,0.4917375504285217,188845,83678,81169,0.4431041330191427,0.4298181047949376,95511,9656,12165,71513
P2,sen1floods11,dofa_upernet,F1,37,Bolivia_360519,BOL,0.0749068036675453,0.3435187637805938,0.0252394080162048,3.987750096712261e-05,0.4790056353627974,0.6251028309696304,0.5080012077294687,0.2610420979986197,0.6926544168391995,0.4872325741890959,0.4790056353627974,0.338831593659992,243678,414,2210,0.0016989633861078,0.009069345611832,241183,2081,285,129
P2,sen1floods11,dofa_upernet,F1,37,Bolivia_379434,BOL,0.3985306918621063,0.9601924419403076,0.0055838823318481,9.151337144430728e-05,0.4569561677606597,0.3428581115573162,0.3161231884057971,0.7003105590062111,0.4057539682539682,0.4740625718886588,0.4569561677606597,0.4793964737983188,262144,10790,29586,0.0411605834960937,0.1128616333007812,228298,23056,4260,6530
P2,sen1floods11,dofa_upernet,F1,37,Bolivia_432776,BOL,0.4609312117099762,0.9941692352294922,0.0139652490615844,0.0001313043467234,0.5002769505636488,0.4137914666754152,0.8434265010351967,0.9465148378191856,0.8374309868875086,0.875790775247297,0.5002769505636488,0.7273898980960313,155397,72145,27031,0.4642625018501,0.1739480170144854,82503,749,45863,26282
P2,sen1floods11,dofa_upernet,F1,37,Bolivia_60373,BOL,0.3245957195758819,0.8817009925842285,0.0190294981002807,0.0001776779245119,0.1655613918871132,0.3621448468879549,0.6075094893029676,0.6727268806073154,0.9064009661835748,0.728879112031286,0.1655613918871132,0.3814346398439229,199019,12480,13133,0.0627075806832513,0.0659886744481682,183894,2645,1992,10488
P2,sen1floods11,dofa_upernet,F1,37,Bolivia_76104,BOL,0.0375691317021846,0.2286630272865295,0.020544409751892,1.629560529181617e-06,0.500013091404184,0.9999999999781872,0.4323671497584541,0.0069444444444444,0.4323671497584541,0.2905595813204509,0.500013091404184,0.4222740442549482,190965,5,0,2.6182808368025558e-05,0.0,190960,0,5,0
P2,sen1floods11,dofa_upernet,F1,37,Mekong_1111068,KHM,0.459279716014862,0.9934330582618712,0.0087948441505432,2.6089501261594705e-05,0.4980784989752792,0.5665925090061039,0.6463293650793651,0.5957772601794341,0.2965407177363699,0.5128824476650564,0.4980784989752792,0.7806540570795149,262098,7449,23068,0.0284206670787262,0.0880128806782196,234358,20291,4672,2777
P2,sen1floods11,dofa_upernet,F1,37,Mekong_1149855,KHM,0.3374864459037781,0.8971093893051147,0.0055718421936035,0.0001223510334966,0.3144330401554731,0.2342226629081931,0.2049473775017253,0.6501035196687371,0.4667227398205659,0.4405912123303428,0.3144330401554731,0.262117053267365,224775,17260,28373,0.0767878990101212,0.1262284506728951,193364,14151,3038,14222
P2,sen1floods11,dofa_upernet,F1,37,Mekong_1191208,KHM,0.1751848757266998,0.6127485632896423,0.0099295377731323,0.0001441399799659,0.107090880848518,0.2271445926168169,0.3607660455486542,0.5876250862663907,0.735097481021394,0.5611628709454797,0.107090880848518,0.1814866391311557,202312,15265,15018,0.0754527660247538,0.0742318794732887,185519,1528,1775,13490
P2,sen1floods11,dofa_upernet,F1,37,Mekong_119477,KHM,0.2037024796009063,0.6332607269287109,0.007458209991455,1.2332840924500488e-05,0.3703258165208063,0.6464177661148789,0.1972049689440994,0.154265873015873,0.1381771911663216,0.163216011042098,0.3703258165208063,0.3866786253668721,260952,2996,4064,0.0114810386584505,0.0155737453631319,255414,2542,1474,1522
P2,sen1floods11,dofa_upernet,F1,37,Mekong_1248200,KHM,0.4585160315036773,0.993415355682373,0.0123482942581176,3.603429649956525e-05,0.2708778948518223,0.1320114376341602,0.8005952380952381,0.6754874051069704,0.5305167356797791,0.6688664596273292,0.2708778948518223,0.5658432755369756,260988,204588,186143,0.7838981102579429,0.7132243628059528,49682,6718,25163,179425
P2,sen1floods11,dofa_upernet,F1,37,Mekong_1282475,KHM,0.2143115848302841,0.6774289011955261,0.0099068880081176,7.843534694984555e-05,0.1249302901976647,0.15677771466284,0.3791839199447895,0.4772041062801932,0.6014277087646653,0.4859385783298826,0.1249302901976647,0.1788498159881727,262144,26551,31781,0.1012840270996093,0.1212348937988281,229383,6210,980,25571
P2,sen1floods11,dofa_upernet,F1,37,Mekong_1395593,KHM,0.1805520057678222,0.6067590713500977,0.0086927413940429,6.655746256001294e-05,0.1554603787430244,0.1784273637805344,0.2697765700483092,0.4233307453416149,0.4867581090407178,0.3932884748102139,0.1554603787430244,0.1489880075905597,261728,18875,23952,0.0721168541386477,0.0915148551167624,236798,6055,978,17897
P2,sen1floods11,dofa_upernet,F1,37,Mekong_1396181,KHM,0.4725994765758514,0.9971056580543518,0.0102391242980957,3.900391675415449e-05,0.2727380250702489,0.1924063990414899,0.7565346790890268,0.7204321946169772,0.4769668737060041,0.651311249137336,0.2727380250702489,0.6101735990070397,243062,145007,139588,0.5965844105619142,0.5742896874048596,82062,15993,21412,123595
P2,sen1floods11,dofa_upernet,F1,37,Mekong_1413877,KHM,0.1525873392820358,0.5400510430335999,0.0066980123519897,1.84832915692823e-05,0.3562708957215473,0.5563980850171376,0.1097308488612836,0.1601535541752933,0.1101621808143547,0.1266821946169772,0.3562708957215473,0.3202631319800152,256968,2512,4163,0.0097755362535412,0.0162004607577597,251839,2617,966,1546
P2,sen1floods11,dofa_upernet,F1,37,Mekong_1439641,KHM,0.4212437868118286,0.976219356060028,0.0114110708236694,5.569334462052211e-05,0.1687226335487398,0.078061328409833,0.6680253623188406,0.6394711870255348,0.5888975155279503,0.6321313549574419,0.1687226335487398,0.434164774851912,262083,197802,185588,0.7547303716761484,0.7081268147876818,60723,3558,15772,182030
P2,sen1floods11,dofa_upernet,F1,37,Mekong_1443339,KHM,0.4619675874710083,0.9944374561309814,0.0133998394012451,5.583249730989337e-05,0.2365752916013731,0.1206217934321022,0.8469634230503795,0.7718038302277432,0.6543521394064872,0.7577064642282033,0.2365752916013731,0.5795468574620329,262135,192783,178692,0.7354340320827055,0.6816792873900852,61563,7789,21880,170903
P2,sen1floods11,dofa_upernet,F1,37,Mekong_16233,KHM,0.189159870147705,0.6203583478927612,0.0127084851264953,4.751531741931103e-05,0.0494988246322821,0.0789822293945203,0.4511947895100069,0.3617796756383713,0.5996808143547274,0.4708850931677018,0.0494988246322821,0.1517196480205546,262132,62211,65217,0.2373269955594891,0.2487945004806738,195954,3967,961,61250
P2,sen1floods11,dofa_upernet,F1,37,Mekong_213094,KHM,0.0549509711563587,0.2823073267936706,0.0129034519195556,4.508985512075014e-06,0.4656681764381634,0.9452796478723582,0.370212215320911,0.0416666666666666,0.370212215320911,0.2606970324361629,0.4656681764381634,0.4068378570234033,229843,111,74,0.0004829383535717,0.0003219589023811,229670,62,99,12
P2,sen1floods11,dofa_upernet,F1,37,Mekong_221789,KHM,0.0291112810373306,0.1886895298957824,0.0165067315101623,1.4355035773405689e-06,0.0,0.9999999999759108,0.4003838854382333,0.0,0.4003838854382333,0.2669225902921555,0.0,0.4105229266733523,215327,0,0,0.0,0.0,215327,0,0,0
P2,sen1floods11,dofa_upernet,F1,37,Mekong_254910,KHM,0.3497049510478973,0.9110118746757508,0.0063896179199218,5.173608587938361e-05,0.5337843556850372,0.3353150546576517,0.2466571773636991,0.4910067287784679,0.2992581090407177,0.3456406717276283,0.5337843556850372,0.3834712436167504,205495,135,14520,0.0006569502907613,0.0706586534952188,190888,14472,87,48
P2,sen1floods11,dofa_upernet,F1,37,Mekong_269835,KHM,0.0360487587749958,0.2098521590232849,0.0097842216491699,1.5587767848046497e-05,0.224349304391638,0.7897176419360518,0.2468728433402346,0.0639233954451345,0.3107962387853692,0.2071974925235794,0.224349304391638,0.3359065701430874,212236,483,677,0.0022757684841402,0.00318984526659,211489,264,70,413
P2,sen1floods11,dofa_upernet,F1,37,Mekong_293769,KHM,0.2283565700054168,0.7097612619400024,0.0090029239654541,5.464127752929926e-05,0.0916604277922971,0.1522203947461364,0.343555900621118,0.4135395100069013,0.4784549689440994,0.4118501265240396,0.0916604277922971,0.1882969882501349,230540,30420,32911,0.1319510713975882,0.1427561377635117,196184,3936,1445,28975
P2,sen1floods11,dofa_upernet,F1,37,Mekong_333434,KHM,0.2842051088809967,0.8155298829078674,0.0055494904518127,3.11961630359292e-05,0.4227899106673716,0.5994136837289162,0.1618788819875776,0.3119608350586611,0.1716485507246377,0.2151627559236254,0.4227899106673716,0.4169719783917949,203133,3284,3998,0.0161667478942367,0.0196816863828132,196960,2889,2175,1109
P2,sen1floods11,dofa_upernet,F1,37,Mekong_342411,KHM,0.252194732427597,0.7595810890197754,0.0068874955177307,4.616913429345004e-05,0.1620676688103489,0.1649346113316722,0.1786145617667356,0.3930943754313319,0.2861240510697032,0.2859443294225903,0.1620676688103489,0.1810179443742421,262141,28914,35356,0.1102994190149576,0.134873980033646,224781,8446,2004,26910
P2,sen1floods11,dofa_upernet,F1,37,Mekong_382276,KHM,0.0638548508286476,0.3043630421161651,0.0092760324478149,4.037578037241474e-05,0.0685367677238062,0.2077130955699865,0.2462042788129744,0.2565131124913733,0.4402173913043478,0.3143115942028985,0.0685367677238062,0.0791112890556031,262111,9808,11167,0.0374192613053248,0.0426040875812155,250887,1416,57,9751
P2,sen1floods11,dofa_upernet,F1,37,Mekong_424793,KHM,0.1521353274583816,0.5533632636070251,0.0141686201095581,2.8577287594089285e-05,0.2994240528272258,0.4533734830284944,0.4529201173222912,0.2278295376121463,0.5210274327122153,0.4005923625488843,0.2994240528272258,0.2989273963409958,258487,4003,5882,0.0154862720368916,0.0227554964079431,251512,2972,1093,2910
P2,sen1floods11,dofa_upernet,F1,37,Mekong_45934,KHM,0.041820116341114,0.2363324612379074,0.0106128454208374,3.887983893946512e-06,0.4603194773820039,0.9867432845517372,0.2811421670117322,0.0277777777777777,0.2880866114561766,0.1990021854152288,0.4603194773820039,0.3986686904692034,261859,296,53,0.0011303793262786,0.000202399000989,261536,27,270,26
P2,sen1floods11,dofa_upernet,F1,37,Mekong_474783,KHM,0.2779690027236938,0.8123750686645508,0.0114818811416625,2.508159559511114e-05,0.4191875590806873,0.7686958246640712,0.4598214285714286,0.27408988957902,0.4317201518288475,0.388543823326432,0.4191875590806873,0.4958963651696931,262119,5780,3108,0.0220510531476161,0.0118572098932164,254619,1720,4392,1388
P2,sen1floods11,dofa_upernet,F1,37,Mekong_52610,KHM,0.4690196216106415,0.9962794184684752,0.013203740119934,2.3564598450320773e-05,0.2872171312063452,0.13504000906224,0.8528511042097999,0.6122110075914424,0.4769668737060041,0.6473429951690822,0.2872171312063452,0.5924294393873137,262144,210673,185772,0.8036537170410156,0.7086639404296875,47053,4418,29319,181354
P2,sen1floods11,dofa_upernet,F1,37,Mekong_596495,KHM,0.4017932713031769,0.9617491364479064,0.0188257694244384,3.8908750866539776e-05,0.1796087613324993,0.0560892431499568,0.7283471359558316,0.5281875431331953,0.6410239820565907,0.6325195537152059,0.1796087613324993,0.382459995495586,229483,177143,162724,0.7719221031623258,0.7090895621897918,50660,1680,16099,161044
P2,sen1floods11,dofa_upernet,F1,37,Mekong_774566,KHM,0.3022055327892303,0.8577484488487244,0.0094037055969238,9.688566933618858e-05,0.1251977798755956,0.0882156248959886,0.3910886818495513,0.5805296756383713,0.6193495514147689,0.5303226363008972,0.1251977798755956,0.2194925355244137,227728,77043,67409,0.338311494414389,0.2960066394997541,148859,1826,11460,65583
P2,sen1floods11,dofa_upernet,F1,37,Mekong_846007,KHM,0.2869241237640381,0.8235300183296204,0.0074545741081237,6.48288187221624e-05,0.214757923653345,0.1928386140966931,0.2475414078674948,0.4642425810904071,0.3978174603174603,0.3698671497584541,0.214757923653345,0.208949861045664,164030,7535,11731,0.0459367188928854,0.0715174053526793,151997,4498,302,7233
P2,sen1floods11,dofa_upernet,F1,37,Mekong_922373,KHM,0.436867356300354,0.9846972227096558,0.0078164339065551,7.820145401638001e-05,0.2710985692687744,0.1563417513653173,0.5069444444444444,0.7389579020013802,0.4674344375431332,0.5711122613296525,0.2710985692687744,0.4634523868741379,262138,119765,112791,0.4568776751176861,0.4302733674629393,125533,16840,23814,95951
P2,sen1floods11,dofa_upernet,F1,37,Mekong_977338,KHM,0.2025815993547439,0.6627805829048157,0.0136744976043701,0.0001158402810688,0.0566310756868474,0.0532134361435332,0.4946514837819185,0.5737577639751553,0.8134489302967565,0.6272860593512767,0.0566310756868474,0.1743914018626656,176958,65567,67935,0.370522948948338,0.3839046553419455,107780,3611,1243,64324
P2,sen1floods11,dofa_upernet,F1,37,Mekong_98310,KHM,0.2456139922142028,0.764695942401886,0.0121383666992187,7.480066415155306e-05,0.0665238478134466,0.0723240038580982,0.4622368875086265,0.4890441683919945,0.6656961697722568,0.5389924085576259,0.0665238478134466,0.1904742778564727,182771,85667,82191,0.4687122136443965,0.4496938792259166,95718,1386,4862,80805
P2,sen1floods11,dofa_upernet,F1,37,Nigeria_1095404,NGA,0.3842422366142273,0.9488718509674072,0.0091047883033752,6.656127516180277e-05,0.2211432071587873,0.1963792944403255,0.4667443064182194,0.5802493098688751,0.5268072808833679,0.5246002990568208,0.2211432071587873,0.3350347329959431,252283,46091,54247,0.1826956235655989,0.2150243972047264,191687,14505,6349,39742
P2,sen1floods11,dofa_upernet,F1,37,Nigeria_143329,NGA,0.1448858827352523,0.5536629557609558,0.0072466135025024,2.167669117625337e-05,0.4119639969769423,0.7813143570873938,0.1621161145617667,0.1897213595583161,0.1921152518978606,0.1813175753393144,0.4119639969769423,0.398588295234752,249500,2777,1148,0.011130260521042,0.0046012024048096,246193,530,2159,618
P2,sen1floods11,dofa_upernet,F1,37,Nigeria_22088,NGA,0.1200563833117485,0.5008588433265686,0.0246965289115905,0.0001522977108834,0.4835039583512349,0.9375977574956416,0.5357789855072465,0.5493659420289856,0.9532004830917876,0.6794484702093398,0.4835039583512349,0.4677944181393103,209501,170,493,0.0008114519739762,0.0023532107245311,208861,470,147,23
P2,sen1floods11,dofa_upernet,F1,37,Nigeria_225131,NGA,0.0758774131536483,0.3639374673366546,0.0047347545623779,5.3385865612654015e-06,0.5024890675840915,0.9871886373270116,0.0486111111111111,0.0798611111111111,0.03125,0.0532407407407407,0.5024890675840915,0.419412646949617,241255,1131,70,0.0046879857412281,0.0002901494269548,240054,70,1131,0
P2,sen1floods11,dofa_upernet,F1,37,Nigeria_31096,NGA,0.1579859256744384,0.5510978102684021,0.0117208957672119,2.9646482289535925e-05,0.451320920305492,0.6498339336624173,0.3968900966183575,0.2407263630089717,0.477894237405107,0.371836899010812,0.451320920305492,0.3751604961579108,217487,816,2504,0.0037519483923177,0.0115133318313278,214495,2176,488,328
P2,sen1floods11,dofa_upernet,F1,37,Nigeria_35845,NGA,0.0468036346137523,0.2421337813138961,0.0114116072654724,1.641944436414633e-05,0.4162899075359096,0.893141503337991,0.3226147342995169,0.0907091097308488,0.385546066252588,0.2662899700943179,0.4162899075359096,0.3854715032614004,213042,286,294,0.0013424582946085,0.0013800095755766,212546,210,202,84
P2,sen1floods11,dofa_upernet,F1,37,Nigeria_417184,NGA,0.4595008194446563,0.9936877489089966,0.0120143294334411,0.0001030445928336,0.3942404079804616,0.4277784387836905,0.7922273982056591,0.8976233609385784,0.7442848516218081,0.8113785369220152,0.3942404079804616,0.7299134472792244,50135,1384,3874,0.0276054652438416,0.0772713673082676,46004,2747,257,1127
P2,sen1floods11,dofa_upernet,F1,37,Nigeria_439488,NGA,0.1166862770915031,0.5036190152168274,0.0085304379463195,6.4176233536272775e-06,0.5034620418848168,0.980670011584439,0.2336309523809523,0.1006944444444444,0.1954365079365079,0.1765873015873016,0.5034620418848168,0.4510639820177641,229200,1468,119,0.0064048865619546,0.0005191972076788,227613,119,1468,0
P2,sen1floods11,dofa_upernet,F1,37,Nigeria_529525,NGA,0.4753695428371429,0.9976629614830016,0.0124421715736389,4.3953623389825225e-05,0.5064908467740405,0.201976187354806,0.8278122843340234,0.7360464113181504,0.5638586956521738,0.7092391304347826,0.5064908467740405,0.6160717958575685,262144,223651,150531,0.8531608581542969,0.5742301940917969,36894,1599,74719,148932
P2,sen1floods11,dofa_upernet,F1,37,Nigeria_598959,NGA,0.2240808457136154,0.7440580129623413,0.0076501965522766,1.124210666603176e-05,0.6067167469767965,0.9524740072260552,0.2476061076604554,0.1904114906832298,0.1524327122153209,0.1968167701863354,0.6067167469767965,0.5243714152621317,211208,46528,461,0.2202946858073557,0.0021826824741487,164522,158,46225,303
P2,sen1floods11,dofa_upernet,F1,37,Nigeria_600295,NGA,0.3030443787574768,0.855851411819458,0.0108547210693359,5.3394571295939386e-05,0.0828996650969675,0.0758715616503811,0.4503321256038647,0.4479382332643202,0.546001552795031,0.4814239705544054,0.0828996650969675,0.2243949097296792,181691,83661,83721,0.4604575900842639,0.460787821080846,94095,3935,3875,79786
P2,sen1floods11,dofa_upernet,F1,37,Nigeria_707067,NGA,0.1317274570465088,0.502914309501648,0.0091862678527832,1.656471795286052e-05,0.4836989381977961,0.864675123299521,0.2785110420979986,0.1427924430641822,0.2893590407177363,0.236887508626639,0.4836989381977961,0.436348056170213,261359,3756,957,0.014371037538405,0.0036616301715265,256866,737,3536,220
P2,sen1floods11,dofa_upernet,F1,37,Nigeria_78061,NGA,0.1777570247650146,0.6059780716896057,0.0098024606704711,0.0002550557255744,0.3030537698869787,0.2322248702851688,0.3500474465148378,0.5997023809523809,0.7434006211180124,0.5643834828617437,0.3030537698869787,0.1788670178991649,228886,5494,12073,0.0240032155745655,0.0527467822409409,216563,6829,250,5244
P2,sen1floods11,dofa_upernet,F1,37,Nigeria_812045,NGA,0.4123932719230652,0.9708779454231262,0.0132783651351928,3.896568159689196e-05,0.1070561435037377,0.1052420185277848,0.6963638716356108,0.5579925810904072,0.579235679779158,0.6111973775017253,0.1070561435037377,0.4156534626734398,236584,119583,119205,0.5054568356270923,0.5038590944442566,110500,6501,6879,112704
P2,sen1floods11,dofa_upernet,F1,37,Nigeria_81933,NGA,0.4614101052284241,0.9943079352378844,0.0099677443504333,0.0001143837507697,0.5303750228248955,0.2102850500778388,0.7303743961352657,0.9201173222912352,0.6979813664596273,0.7828243616287095,0.5303750228248955,0.585052767321009,246268,177950,95849,0.7225867753829162,0.3892060681858788,65341,2977,85078,92872
P2,sen1floods11,dofa_upernet,F1,37,Nigeria_820924,NGA,0.0674323141574859,0.3363220989704132,0.0080199241638183,5.08941093357862e-06,0.4718324056574502,0.9492050436979546,0.1691036922015183,0.0694444444444444,0.1621592477570738,0.1335691281343455,0.4718324056574502,0.4083715698856739,262143,1176,231,0.0044861010974925,0.0008811984298646,260817,150,1095,81
P2,sen1floods11,dofa_upernet,F1,37,Nigeria_952958,NGA,0.2146111130714416,0.7017760276794434,0.0057552456855773,0.0001769850787241,0.2179068089329171,0.2999645189406562,0.156055900621118,0.6251293995859214,0.5025448585231195,0.4279100529100529,0.2179068089329171,0.2426951292508529,227674,9735,12890,0.0427585055825434,0.0566160387220323,213451,4488,1333,8402
P2,sen1floods11,dofa_upernet,F1,37,Nigeria_984831,NGA,0.4733893573284149,0.9972652792930604,0.0110438466072082,3.1044011848280206e-05,0.5943564609700303,0.1822384674151631,0.7968857832988268,0.6608652518978606,0.4577510351966874,0.6385006901311249,0.5943564609700303,0.6080431995993836,240158,221680,142979,0.9230589861674398,0.5953538920210861,17254,1224,79925,141755
P2,sen1floods11,dofa_upernet,F1,37,Spain_1167260,ESP,0.4460901618003845,0.988814651966095,0.0061116218566894,8.426946442341432e-05,0.3435982068153574,0.2763074929192184,0.4501595928226362,0.81413906142167,0.4092261904761904,0.5578416149068323,0.3435982068153574,0.5566549700039664,262119,42519,62633,0.1622125828345141,0.238948721763779,190890,28710,8596,33923
P2,sen1floods11,dofa_upernet,F1,37,Spain_1199913,ESP,0.4379298985004425,0.9849236011505128,0.0079428553581237,8.313141734106466e-05,0.3965284388068805,0.441673686230999,0.5236801242236024,0.7793737060041407,0.5126811594202898,0.6052449965493443,0.3965284388068805,0.6264552410318076,262143,10090,25748,0.038490442239541,0.0982211998794551,234260,17793,2135,7955
P2,sen1floods11,dofa_upernet,F1,37,Spain_2472849,ESP,0.3715479373931885,0.9373092651367188,0.0068885684013366,4.122689279029146e-05,0.5144770571403466,0.6994041359077499,0.2743486887508627,0.4637896825396825,0.2610852311939268,0.3330745341614907,0.5144770571403466,0.5505591352390784,261759,20,7560,7.640615986460829e-05,0.0288815284288219,254179,7560,20,0
P2,sen1floods11,dofa_upernet,F1,37,Spain_2523247,ESP,0.4435953199863434,0.9877349138259888,0.0105454921722412,6.82965837768279e-05,0.5317892541101592,0.4876303906672,0.6802320565907523,0.7369090752242926,0.5836352657004832,0.6669254658385094,0.5317892541101592,0.6797041880169931,262039,2429,26650,0.0092696125385915,0.1017024183423078,234062,25548,1327,1102
P2,sen1floods11,dofa_upernet,F1,37,Spain_2594119,ESP,0.4161130785942077,0.9727704524993896,0.0069650411605834,5.303348734742031e-05,0.4923455519768344,0.4525619300950281,0.3949491028295375,0.6141951345755693,0.3243616287094548,0.4445019553715205,0.4923455519768344,0.568973559172644,262009,2877,23007,0.0109805388364521,0.0878099607265399,238420,20712,582,2295
P2,sen1floods11,dofa_upernet,F1,37,Spain_2938657,ESP,0.3085104823112488,0.8654947876930237,0.0083641409873962,0.0001286296901525,0.2132868075465867,0.3973368625244743,0.3344332298136646,0.6404416839199448,0.6226061076604555,0.5324936737980216,0.2132868075465867,0.3645344595764534,262074,9772,15593,0.0372871784305196,0.0594984622663827,246207,6095,274,9498
P2,sen1floods11,dofa_upernet,F1,37,Spain_3285448,ESP,0.3068994879722595,0.8604115843772888,0.0149421691894531,3.638766429503448e-05,0.0996441867180717,0.1364891606532502,0.5588552449965494,0.3823110766045549,0.5888975155279503,0.5100212790430182,0.0996441867180717,0.235277573434079,262136,56389,64274,0.2151135288552507,0.2451933347575304,196861,8886,1001,55388
P2,sen1floods11,dofa_upernet,F1,37,Spain_337094,ESP,0.4371711909770965,0.9849488139152528,0.0078268647193908,6.551598198711872e-05,0.3962517185571061,0.301466719168789,0.5128968253968254,0.708398033126294,0.430922187715666,0.5507390154129285,0.3962517185571061,0.5447273341141073,262056,26075,56750,0.099501633238697,0.216556766492658,201481,34500,3825,22250
P2,sen1floods11,dofa_upernet,F1,37,Spain_4282030,ESP,0.4491171240806579,0.990001916885376,0.0105115175247192,9.112255065701902e-05,0.2610053086730484,0.1908196785369607,0.6993831953071084,0.830874741200828,0.6584497929606625,0.7295692431561996,0.2610053086730484,0.5383422125820295,262123,98131,107564,0.374370047649386,0.4103569698195122,140400,23592,14159,83972
P2,sen1floods11,dofa_upernet,F1,37,Spain_4915752,ESP,0.3958150446414947,0.9587474465370178,0.0075567364692687,7.099587674019858e-05,0.3674049707951639,0.4217505268169035,0.398076259489303,0.6325051759834369,0.4343944099378882,0.4883252818035427,0.3674049707951639,0.507824442668649,262128,7664,22265,0.0292376243667216,0.0849394189098455,239540,14924,323,7341
P2,sen1floods11,dofa_upernet,F1,37,Spain_5650136,ESP,0.3929712176322937,0.954845130443573,0.0115287899971008,6.0514561482705176e-05,0.1865237808572808,0.1077681863378869,0.5914423740510697,0.5816727053140096,0.6125129399585921,0.5952093397745571,0.1865237808572808,0.347026382900664,171596,104207,109729,0.6072810555024593,0.6394612928040281,56293,11096,5574,98633
P2,sen1floods11,dofa_upernet,F1,37,Spain_5678382,ESP,0.4364826083183288,0.9843804836273192,0.0094464421272277,5.201887324801646e-05,0.5364295617615127,0.4752364285542281,0.6066036922015182,0.661037784679089,0.4891735679779158,0.585605014952841,0.5364295617615127,0.642067088078811,262117,3570,25806,0.0136198720418744,0.0984522179026923,233666,24881,2645,925
P2,sen1floods11,dofa_upernet,F1,37,Spain_5816638,ESP,0.3758391439914703,0.9392099976539612,0.0075898766517639,3.856148032355122e-05,0.4973157541378603,0.7095670531484384,0.3468771566597654,0.4589587646652864,0.3120471014492754,0.3726276742581091,0.4973157541378603,0.5691259716037835,262052,379,7084,0.0014462778379863,0.0270328026498557,254821,6852,147,232
P2,sen1floods11,dofa_upernet,F1,37,Spain_5923267,ESP,0.2899635732173919,0.8328648209571838,0.0187293291091918,1.844809048634488e-05,0.1559739757444795,0.0389891998670447,0.5775750517598344,0.2396911663216011,0.4984687715665976,0.4385783298826777,0.1559739757444795,0.2146688900183254,218743,201713,202611,0.9221460801031348,0.9262513543290528,13825,3205,2307,199406
P2,sen1floods11,dofa_upernet,F1,37,Spain_6095801,ESP,0.4371395409107208,0.9848325848579408,0.0070857405662536,8.7686326878611e-05,0.4562229001032201,0.2841684821002487,0.4631211180124223,0.7817891649413389,0.4664423740510697,0.570450885668277,0.4562229001032201,0.525051631563194,262062,22736,58142,0.0867580954125359,0.2218635284779937,198648,40678,5272,17464
P2,sen1floods11,dofa_upernet,F1,37,Spain_6199994,ESP,0.2740778028964996,0.80764240026474,0.0079222321510314,2.86981048702728e-05,0.5017100213366695,0.795107842819281,0.2712215320910973,0.2966485507246377,0.27050983436853,0.279459972394755,0.5017100213366695,0.4963095750689219,261902,783,2953,0.0029896678910432,0.0112752098113034,258205,2914,744,39
P2,sen1floods11,dofa_upernet,F1,37,Spain_6537196,ESP,0.4205480813980102,0.9754582047462464,0.0066453218460083,6.518254667753354e-05,0.4950623514683178,0.5705959407861521,0.386753795721187,0.6700957556935818,0.3430814354727398,0.4666436622958361,0.4950623514683178,0.6425276365691869,262106,3046,16238,0.0116212524703745,0.0619520346729948,244145,14915,1723,1323
P2,sen1floods11,dofa_upernet,F1,37,Spain_6860600,ESP,0.2893579304218292,0.8370163440704346,0.0073340535163879,3.458755963947624e-05,0.5037366686078497,0.8223913993232065,0.2500215665976535,0.3429520358868184,0.2622713940648723,0.2850816655164481,0.5037366686078497,0.5240681021691453,261969,246,2780,0.0009390424057808,0.0106119426344338,258955,2768,234,12
P2,sen1floods11,dofa_upernet,F1,37,Spain_716716,ESP,0.4005762934684753,0.9617539644241332,0.0065613985061645,5.385792610468343e-05,0.5157418040269197,0.4596040017616608,0.3352096273291925,0.5795591787439613,0.2992581090407177,0.4046756383712906,0.5157418040269197,0.5296721192182462,262067,2644,20414,0.0100890230360938,0.0778961105366185,240079,19344,1574,1070
P2,sen1floods11,dofa_upernet,F1,37,Spain_7370579,ESP,0.4550651013851166,0.992225170135498,0.0064930915832519,5.775817044195719e-05,0.3236111318632624,0.2265157094069736,0.4883971704623878,0.7574836093857833,0.3239949965493444,0.5232919254658385,0.3236111318632624,0.555538330601854,262045,70035,97425,0.2672632563109389,0.3717872884428247,155835,36175,8785,61250
P2,sen1floods11,dofa_upernet,F1,37,Spain_7387658,ESP,0.4699909687042236,0.9965447783470154,0.0104159712791442,5.7566299801692367e-05,0.3176300699436452,0.2074509523905162,0.7600069013112492,0.7965407177363699,0.5565476190476191,0.7043650793650794,0.3176300699436452,0.6123633377919461,262057,153006,135116,0.5838653422728644,0.5155977516341864,93465,15586,33476,119530
P2,sen1floods11,dofa_upernet,F1,37,Spain_7558720,ESP,0.4096404612064361,0.9684532284736632,0.0053975582122802,7.648367318324745e-05,0.5270405206778687,0.4304607543104425,0.3352096273291925,0.676565734989648,0.3580917874396135,0.456622383252818,0.5270405206778687,0.5393093660717585,261984,2137,24319,0.0081569866862098,0.0928262794674484,236535,23312,1130,1007
P2,sen1floods11,dofa_upernet,F1,37,Spain_7604243,ESP,0.3058904111385345,0.8639605045318604,0.0090805888175964,7.49323153286241e-05,0.0940787693188029,0.2987204013104628,0.382785541752933,0.5223861283643892,0.5529028640441684,0.4860248447204968,0.0940787693188029,0.2999977488636354,262080,20919,23851,0.0798191391941391,0.0910065628815628,237604,3557,625,20294
P2,sen1floods11,dofa_upernet,F1,37,Spain_7786924,ESP,0.4165166020393371,0.9731698632240297,0.0070379972457885,7.007769454503432e-05,0.5068824761083799,0.4264578002172019,0.4103260869565217,0.6649629054520358,0.3905063837129055,0.4885984587071543,0.5068824761083799,0.5552135345089888,262111,3768,26611,0.0143755889680326,0.1015256894979607,234109,24234,1391,2377
P2,sen1floods11,dofa_upernet,F1,37,Spain_7856615,ESP,0.4377297461032867,0.9850612282752992,0.0073857307434082,8.792807057034224e-05,0.4967739416885852,0.3806853095172005,0.4833290200138025,0.7877415458937198,0.480697895100069,0.5839228203358638,0.4967739416885852,0.604278909365391,261930,9637,38569,0.0367922727446264,0.1472492650708204,219891,32402,3470,6167
P2,sen1floods11,dofa_upernet,F1,37,Spain_8104659,ESP,0.443298727273941,0.9876429438591005,0.0094996690750122,9.385045996168628e-05,0.5612336856064609,0.331760827355781,0.6400750517598344,0.8152605244996548,0.6266606280193237,0.6939987347596043,0.5612336856064609,0.6109878840318443,262128,3484,49320,0.0132912165049136,0.1881523530488921,212250,46394,558,2926
P2,sen1floods11,dofa_upernet,F1,37,Spain_8154154,ESP,0.4239821135997772,0.977549970149994,0.0059444904327392,6.332992052193731e-05,0.4835817469030437,0.4440921592098733,0.3844030365769496,0.6725112146307798,0.3264104554865424,0.4611082355647573,0.4835817469030437,0.5882288375047096,262118,4582,25589,0.0174806766418178,0.0976239708833426,235269,22267,1260,3322
P2,sen1floods11,dofa_upernet,F1,37,Spain_8199661,ESP,0.3528646826744079,0.915137767791748,0.0071957111358642,9.21655009733513e-05,0.3601700705383703,0.4000530383199695,0.3014579020013803,0.6225414078674948,0.4807625948930296,0.4682539682539682,0.3601700705383703,0.411325394929908,262036,8182,18416,0.0312247172144285,0.0702804194843456,242066,11788,1554,6628
P2,sen1floods11,dofa_upernet,F1,37,Spain_8372658,ESP,0.4334127306938171,0.983153998851776,0.0088330507278442,3.891501546604559e-05,0.2116144855981985,0.1649329362526655,0.5638371290545203,0.6072506901311249,0.3974508281573498,0.5228462157809983,0.2116144855981985,0.4683662086524544,262029,93104,110813,0.3553194493739242,0.422903571742059,145252,23673,5964,87140
P2,sen1floods11,dofa_upernet,F1,37,Spain_8565131,ESP,0.4263476431369781,0.979007601737976,0.0077419281005859,5.090618651593104e-05,0.2838492124940086,0.2075815848133273,0.4760179434092477,0.6370557280883368,0.3825698757763975,0.4985478490913273,0.2838492124940086,0.4477953655023684,262084,52356,75768,0.1997680133087102,0.2890981517376108,181372,28356,4944,47412
P2,sen1floods11,dofa_upernet,F1,71,Bolivia_103757,BOL,0.4512244760990143,0.990869641304016,0.0239728093147277,6.342062988551334e-05,0.2839738134693998,0.2660437079103949,0.9628623188405796,0.8900750517598344,0.852937370600414,0.9019582470669426,0.2839738134693998,0.7106899485513392,88077,35362,22724,0.4014896056859339,0.2580015213960512,52483,232,12870,22492
P2,sen1floods11,dofa_upernet,F1,71,Bolivia_129334,BOL,0.4631454944610595,0.9947841167449952,0.0115153193473815,4.265660027158447e-05,0.6310025664533675,0.3811246587028196,0.8052536231884058,0.8097394755003451,0.6149930986887508,0.7433287324591672,0.6310025664533675,0.7671025812558898,237065,156067,50497,0.6583299938835341,0.2130090903338746,79771,1227,106797,49270
P2,sen1floods11,dofa_upernet,F1,71,Bolivia_195474,BOL,0.1877970546483993,0.627139687538147,0.0092823505401611,1.1108558283012826e-05,0.4984340712850661,0.6741896447710445,0.3563233264320221,0.2988914768806073,0.3418521394064872,0.3323556475730388,0.4984340712850661,0.4127953232920054,261335,1551,2923,0.0059349111293933,0.0111848776474639,256947,2837,1465,86
P2,sen1floods11,dofa_upernet,F1,71,Bolivia_23014,BOL,0.149675965309143,0.520430326461792,0.023153007030487,0.0001350271049886,0.1424125527615574,0.3049396704009803,0.5854468599033816,0.6129227053140097,0.9344806763285024,0.710950080515298,0.1424125527615574,0.2554813084409672,182995,7780,8419,0.0425148228093663,0.0460067214951228,173629,1586,947,6833
P2,sen1floods11,dofa_upernet,F1,71,Bolivia_233925,BOL,0.0657174587249755,0.2884058654308319,0.0226058959960937,0.0001393828570144,0.501524327723625,0.8341287745858001,0.5333635265700483,0.5643115942028986,0.9310084541062802,0.6762278582930756,0.501524327723625,0.3693414378183363,146294,1,446,6.835550330157081e-06,0.00304865544725,145847,446,1,0
P2,sen1floods11,dofa_upernet,F1,71,Bolivia_242570,BOL,0.3966497778892517,0.9591906666755676,0.0062022805213928,9.3545804702444e-06,0.4664060614805408,0.5983812916947898,0.4800940303657694,0.5662741545893719,0.1410886818495514,0.3958189556015642,0.4664060614805408,0.7625738455913087,175507,27346,12186,0.1558114491159896,0.0694331280233836,143048,5113,20273,7073
P2,sen1floods11,dofa_upernet,F1,71,Bolivia_290290,BOL,0.3579813241958618,0.9231472611427308,0.0079325437545776,5.235394201008603e-05,0.3614629543663477,0.4437058723239502,0.4870384748102139,0.7202380952380952,0.4475284679089027,0.5516016793190707,0.3614629543663477,0.629452926206659,204633,19699,9430,0.0962650207933226,0.0460824989126875,183033,1901,12170,7529
P2,sen1floods11,dofa_upernet,F1,71,Bolivia_294583,BOL,0.2947666943073272,0.8355472683906555,0.0083426237106323,0.0001662506838329,0.1864417772015907,0.1517557159629218,0.414617839889579,0.753968253968254,0.6322679434092477,0.6002846790890269,0.1864417772015907,0.3652350488383983,130472,15008,19327,0.1150285118646146,0.1481313998405788,110067,5397,1078,13930
P2,sen1floods11,dofa_upernet,F1,71,Bolivia_312675,BOL,0.273583173751831,0.8108187317848206,0.0118149518966674,6.095886055845767e-05,0.4154548552398591,0.6413298603616394,0.5518461007591442,0.6081564872325742,0.68131038647343,0.6137709914883828,0.4154548552398591,0.5119802678227147,158008,9575,2522,0.0605981975596172,0.0159612171535618,148083,350,7403,2172
P2,sen1floods11,dofa_upernet,F1,71,Bolivia_314919,BOL,0.4293137788772583,0.9802707433700562,0.0084373354911804,3.789341644733213e-05,0.2946002118111134,0.1520096750113352,0.6454020013802623,0.7933704278812974,0.4526613181504486,0.6304779158040028,0.2946002118111134,0.6598523477116723,188845,83678,60972,0.4431041330191427,0.3228679604967036,100976,4191,26897,56781
P2,sen1floods11,dofa_upernet,F1,71,Bolivia_360519,BOL,0.0539158098399639,0.2472147792577743,0.0252394080162048,3.704537084558979e-05,0.4778858850956284,0.5480052021845391,0.5461956521739131,0.3767037612146308,0.7631771911663217,0.5620255348516219,0.4778858850956284,0.2635000382289582,243678,414,1969,0.0016989633861078,0.0080803355247498,241415,1849,294,120
P2,sen1floods11,dofa_upernet,F1,71,Bolivia_379434,BOL,0.3593494594097137,0.923288345336914,0.0055838823318481,7.007888052612543e-05,0.4293975926987993,0.3944939588964754,0.3906573498964803,0.7817891649413389,0.4126984126984127,0.5283816425120773,0.4293975926987993,0.6155097352691323,262144,10790,17685,0.0411605834960937,0.0674629211425781,238670,12684,5789,5001
P2,sen1floods11,dofa_upernet,F1,71,Bolivia_432776,BOL,0.421580970287323,0.9764018058776855,0.0139652490615844,0.0001071263250196,0.6235779201093639,0.4912194088631657,0.8437284334023465,0.9357962387853692,0.8172230848861284,0.8655825856912814,0.6235779201093639,0.7712337413700574,155397,72145,13217,0.4642625018501,0.0850531220036422,82671,581,59509,12636
P2,sen1floods11,dofa_upernet,F1,71,Bolivia_60373,BOL,0.2909621298313141,0.8287206292152405,0.0190294981002807,0.0001222120772581,0.1942798993417496,0.3389867812125704,0.6828631815044859,0.7384187370600415,0.8897946859903382,0.7703588681849552,0.1942798993417496,0.4415335621181067,199019,12480,10450,0.0627075806832513,0.0525075495304468,185021,1518,3548,8932
P2,sen1floods11,dofa_upernet,F1,71,Bolivia_76104,BOL,0.0308163613080978,0.1951270997524261,0.020544409751892,1.4916215604898753e-06,0.500013091404184,0.9999999999702168,0.4962258454106281,0.0625,0.4337258454106281,0.330817230273752,0.500013091404184,0.4196819745313153,190965,5,0,2.6182808368025558e-05,0.0,190960,0,5,0
P2,sen1floods11,dofa_upernet,F1,71,Mekong_1111068,KHM,0.3393182456493377,0.9106865525245668,0.0084754228591918,1.0133882824447936e-05,0.4485862373864516,0.8351154906163398,0.4961611456176674,0.4658169427191166,0.2743486887508626,0.4121089256958822,0.4485862373864516,0.710575397905736,262098,7449,3697,0.0284206670787262,0.0141054109531549,252281,2368,6120,1329
P2,sen1floods11,dofa_upernet,F1,71,Mekong_1149855,KHM,0.3275218904018402,0.8842034935951233,0.0050967335700988,0.0001021559000946,0.3067816617477117,0.2264885557552068,0.3187111801242235,0.7493745686680469,0.4473990683229814,0.505161605705084,0.3067816617477117,0.4500053570397994,224775,17260,25022,0.0767878990101212,0.1113202090979868,195821,11694,3932,13328
P2,sen1floods11,dofa_upernet,F1,71,Mekong_1191208,KHM,0.1136810779571533,0.4426940679550171,0.0121596455574035,0.0001259442651644,0.0981540851148277,0.1528342061076294,0.4399801587301586,0.5896739130434783,0.8004874051069704,0.6100471589602025,0.0981540851148277,0.1640488400470112,202312,15265,15004,0.0754527660247538,0.0741626794258373,185677,1370,1631,13634
P2,sen1floods11,dofa_upernet,F1,71,Mekong_119477,KHM,0.1581822633743286,0.5421370267868042,0.007458209991455,5.729156782763312e-06,0.4170809604887547,0.8277877148978168,0.2200224292615596,0.2132289510006901,0.1624180469289164,0.1985564757303888,0.4170809604887547,0.4375712783226475,260952,2996,1180,0.0114810386584505,0.0045219044115392,257405,551,2367,629
P2,sen1floods11,dofa_upernet,F1,71,Mekong_1248200,KHM,0.4429161548614502,0.9874681830406188,0.0131005048751831,3.581090641091578e-05,0.3043645359450775,0.1100520426583392,0.8507375776397514,0.7933704278812974,0.6510524499654935,0.7650534851621807,0.3043645359450775,0.6545202366348152,260988,204588,177335,0.7838981102579429,0.6794756847058102,50993,5407,32660,171928
P2,sen1floods11,dofa_upernet,F1,71,Mekong_1282475,KHM,0.2190434336662292,0.6820015907287598,0.0099068880081176,5.668006633641198e-05,0.117824579129619,0.1410762674343582,0.4098084886128364,0.5161318150448585,0.5958419599723948,0.5072607545433633,0.117824579129619,0.2301597414052257,262144,26551,30383,0.1012840270996093,0.1159019470214843,230376,5217,1385,25166
P2,sen1floods11,dofa_upernet,F1,71,Mekong_1395593,KHM,0.1747678518295288,0.5821919441223145,0.0086927413940429,4.538299617706798e-05,0.1435972879005924,0.1562896451923283,0.2995384748102139,0.4579882677708764,0.4728045203588681,0.4101104209799861,0.1435972879005924,0.2004380883159772,261728,18875,22936,0.0721168541386477,0.087632962464849,237679,5174,1113,17762
P2,sen1floods11,dofa_upernet,F1,71,Mekong_1396181,KHM,0.4591184556484222,0.993596613407135,0.0132042169570922,3.368114266777411e-05,0.320961165989569,0.1821550175729325,0.8542097998619738,0.7884748102139407,0.6426846100759145,0.7617897400506096,0.320961165989569,0.6722829306113641,243062,145007,116229,0.5965844105619142,0.4781866355086356,89322,8733,37511,107496
P2,sen1floods11,dofa_upernet,F1,71,Mekong_1413877,KHM,0.1195554360747337,0.4330574572086334,0.0073791742324829,1.0676907550077884e-05,0.3747317221374152,0.6100916464005982,0.1898291925465838,0.239065734989648,0.2066727053140096,0.2118558776167471,0.3747317221374152,0.3208959672667686,256968,2512,2521,0.0097755362535412,0.0098105600697363,252980,1476,1467,1045
P2,sen1floods11,dofa_upernet,F1,71,Mekong_1439641,KHM,0.3810330331325531,0.94562029838562,0.0114110708236694,7.890897541074082e-05,0.1966840684280824,0.0617748888950427,0.7268374741200828,0.848537784679089,0.7273766390614217,0.7675839659535312,0.1966840684280824,0.5578403699076175,262083,197802,179379,0.7547303716761484,0.6844358466592644,61730,2551,20974,176828
P2,sen1floods11,dofa_upernet,F1,71,Mekong_1443339,KHM,0.4437987208366394,0.987817406654358,0.0142229199409484,6.662492523901165e-05,0.291304751848819,0.1067206169226833,0.8649930986887508,0.8949706694271911,0.7669082125603865,0.8422906602254429,0.291304751848819,0.6545202366348152,262135,192783,160633,0.7354340320827055,0.6127873042516261,65433,3919,36069,156714
P2,sen1floods11,dofa_upernet,F1,71,Mekong_16233,KHM,0.1752545088529586,0.5804668068885803,0.0127084851264953,4.7241439460776746e-05,0.0459678656412887,0.0634778247886482,0.4833721532091097,0.4639406487232574,0.662590579710145,0.5366344605475041,0.0459678656412887,0.1888906857892741,262132,62211,63512,0.2373269955594891,0.2422901438969679,197008,2913,1612,60599
P2,sen1floods11,dofa_upernet,F1,71,Mekong_213094,KHM,0.0451118759810924,0.2390156835317611,0.0129034519195556,7.85744941822486e-06,0.475820338661669,0.9583316475346236,0.4257030710835058,0.1886645962732919,0.4546454451345755,0.3563377041637911,0.475820338661669,0.3870245077832909,229843,111,39,0.0004829383535717,0.0001696810431468,229700,32,104,7
P2,sen1floods11,dofa_upernet,F1,71,Mekong_221789,KHM,0.0184635948389768,0.1317997425794601,0.016392707824707,1.3934273965787725e-06,0.0,0.9999999999639758,0.396911663216011,0.0,0.396911663216011,0.2646077754773406,0.0,0.3018693397637864,215327,0,0,0.0,0.0,215327,0,0,0
P2,sen1floods11,dofa_upernet,F1,71,Mekong_254910,KHM,0.2902165055274963,0.8308122158050537,0.0063896179199218,3.2238196581602097e-05,0.5243231096043444,0.3361269767495889,0.293197895100069,0.5493875086266391,0.311098171152519,0.384561191626409,0.5243231096043444,0.4398669267018815,205495,135,10017,0.0006569502907613,0.0487457115744908,195350,10010,128,7
P2,sen1floods11,dofa_upernet,F1,71,Mekong_269835,KHM,0.0262852944433689,0.1560531109571457,0.0097842216491699,1.28858509924612e-05,0.2394157681546491,0.7025402391572544,0.2572895100069013,0.1737620772946859,0.396329365079365,0.2757936507936507,0.2394157681546491,0.2360130907514906,212236,483,743,0.0022757684841402,0.0035008198420626,211431,322,62,421
P2,sen1floods11,dofa_upernet,F1,71,Mekong_293769,KHM,0.2058070302009582,0.6516507267951965,0.0105779767036437,4.321794040151872e-05,0.0888826196870347,0.1212756168226014,0.4251207729468599,0.4723731884057971,0.5722265355417531,0.4899068322981366,0.0888826196870347,0.2171146918365769,230540,30420,32848,0.1319510713975882,0.1424828663138717,196305,3815,1387,29033
P2,sen1floods11,dofa_upernet,F1,71,Mekong_333434,KHM,0.2388035953044891,0.7424020767211914,0.0065969228744506,1.9166714992024936e-05,0.4340658756951392,0.6530773643082496,0.2369306418219461,0.4109946514837819,0.2338034851621808,0.2939095928226363,0.4340658756951392,0.478793214562428,203133,3284,2419,0.0161667478942367,0.0119084540670398,198185,1664,2529,755
P2,sen1floods11,dofa_upernet,F1,71,Mekong_342411,KHM,0.2450985759496688,0.7417144179344177,0.0068874955177307,3.674519030028023e-05,0.1601919599548589,0.1480033955768749,0.2369306418219461,0.5039035541752933,0.3267123878536922,0.3558488612836439,0.1601919599548589,0.285195654159842,262141,28914,33524,0.1102994190149576,0.1278853746647796,225888,7339,2729,26185
P2,sen1floods11,dofa_upernet,F1,71,Mekong_382276,KHM,0.0447977855801582,0.2183987349271774,0.0092760324478149,3.0283317755674943e-05,0.0619561541154596,0.1498834819158594,0.2690864389233954,0.3506728778467909,0.4808704278812974,0.3668765815504946,0.0619561541154596,0.1049163116099416,262111,9808,10967,0.0374192613053248,0.0418410520733582,251068,1235,76,9732
P2,sen1floods11,dofa_upernet,F1,71,Mekong_424793,KHM,0.1013817563652992,0.4135302305221557,0.0141686201095581,1.613960921531543e-05,0.297219421937309,0.3790108424255548,0.476104209799862,0.2914294340924775,0.5522558661145618,0.4399298366689672,0.297219421937309,0.2531044494567458,258487,4003,5216,0.0154862720368916,0.0201789645127221,251996,2488,1275,2728
P2,sen1floods11,dofa_upernet,F1,71,Mekong_45934,KHM,0.0262654311954975,0.1617225557565689,0.0108612179756164,3.1908323308016406e-06,0.4736722208261837,0.986064683392989,0.3020402001380262,0.0868055555555555,0.3332902001380262,0.2407119852772026,0.4736722208261837,0.3269641569531549,261859,296,37,0.0011303793262786,0.0001412974157848,261543,20,279,17
P2,sen1floods11,dofa_upernet,F1,71,Mekong_474783,KHM,0.1870879977941513,0.6479249596595764,0.0115872621536254,1.1299764992145356e-05,0.4651355564321748,0.8968691977128149,0.4727182539682539,0.3048438578329882,0.4522946859903382,0.4099522659305268,0.4651355564321748,0.4856215619291414,262119,5780,868,0.0220510531476161,0.0033114730332406,256025,314,5226,554
P2,sen1floods11,dofa_upernet,F1,71,Mekong_52610,KHM,0.4480151236057281,0.9894900321960448,0.013203740119934,2.716007838898804e-05,0.3325490564106863,0.1084339902215988,0.8507375776397514,0.7693883712905452,0.6270703933747412,0.7490654474350126,0.3325490564106863,0.6545202366348152,262144,210673,175198,0.8036537170410156,0.6683273315429688,48083,3388,38863,171810
P2,sen1floods11,dofa_upernet,F1,71,Mekong_596495,KHM,0.3589194715023041,0.92237651348114,0.0188257694244384,5.370464350562543e-05,0.1851093203309892,0.0471460926405314,0.7875690131124913,0.7225888543823327,0.7623145272601795,0.7574907982516678,0.1851093203309892,0.4898422255336425,229483,177143,161502,0.7719221031623258,0.7037645490079876,50908,1432,17073,160070
P2,sen1floods11,dofa_upernet,F1,71,Mekong_774566,KHM,0.2449162900447845,0.7568101286888123,0.0094037055969238,0.0001041083960444,0.1270272411890782,0.0677640437617635,0.4091183574879227,0.656875431331953,0.6470410628019324,0.5710116172072693,0.1270272411890782,0.2768125340913099,227728,77043,66776,0.338311494414389,0.293227007658259,149086,1599,11866,65177
P2,sen1floods11,dofa_upernet,F1,71,Mekong_846007,KHM,0.2312009036540985,0.7274557948112488,0.0074545741081237,4.8368077841587365e-05,0.1626642617796831,0.1586306576859336,0.2808833678398895,0.5237448240165631,0.4120729813664596,0.4055670577409707,0.1626642617796831,0.2710693931858645,164030,7535,9816,0.0459367188928854,0.0598427116990794,153791,2704,423,7112
P2,sen1floods11,dofa_upernet,F1,71,Mekong_922373,KHM,0.4314529597759247,0.9816100597381592,0.0078768730163574,8.05173403932713e-05,0.2958890132767477,0.1487056151588032,0.5978045203588682,0.9175940303657696,0.5292874396135265,0.6815619967793881,0.2958890132767477,0.6598523477116723,262138,119765,100023,0.4568776751176861,0.3815661979568013,129994,12379,32121,87644
P2,sen1floods11,dofa_upernet,F1,71,Mekong_977338,KHM,0.1837168335914611,0.6208942532539368,0.0136744976043701,0.0001150896277977,0.0511602682793179,0.0436614909716627,0.5168435127674258,0.6245255348516218,0.8328373015873016,0.6580687830687831,0.0511602682793179,0.2020902894937215,176958,65567,67301,0.370522948948338,0.3803218842889273,108342,3049,1315,64252
P2,sen1floods11,dofa_upernet,F1,71,Mekong_98310,KHM,0.1924413591623306,0.6486109495162964,0.0121383666992187,8.43246525619179e-05,0.068860968695797,0.052579740257945,0.4880305383022774,0.5871721877156659,0.7499353002070392,0.6083793420749942,0.068860968695797,0.213052268009528,182771,85667,81947,0.4687122136443965,0.4483588753139174,95727,1377,5097,80570
P2,sen1floods11,dofa_upernet,F1,71,Nigeria_1095404,NGA,0.3785800039768219,0.9430474042892456,0.0091047883033752,5.307865285431035e-05,0.2152727748646017,0.1776693361978372,0.6010179434092477,0.7559308143547274,0.5375905797101449,0.6315131124913734,0.2152727748646017,0.5539613686933289,252283,46091,52051,0.1826956235655989,0.206319886793799,193261,12931,6971,39120
P2,sen1floods11,dofa_upernet,F1,71,Nigeria_143329,NGA,0.1273324787616729,0.503643274307251,0.0086025595664978,1.689340570010245e-05,0.4038477783223408,0.7390912393377029,0.283234126984127,0.3182151483781918,0.3445048309178744,0.3153180354267311,0.4038477783223408,0.3970906261409514,249500,2777,1309,0.011130260521042,0.0052464929859719,246104,619,2087,690
P2,sen1floods11,dofa_upernet,F1,71,Nigeria_22088,NGA,0.0788440927863121,0.3703381419181824,0.0246965289115905,0.0001189303147839,0.4792400185371015,0.9732571558552492,0.5705012077294686,0.5768417874396136,0.9390096618357489,0.695450885668277,0.4792400185371015,0.4205317354348612,209501,170,146,0.0008114519739762,0.0006968940482384,209198,133,157,13
P2,sen1floods11,dofa_upernet,F1,71,Nigeria_225131,NGA,0.0631323233246803,0.3124936819076538,0.0054097175598144,4.952199560648296e-06,0.5026320698016622,0.9635319227508734,0.0986456176673568,0.1656746031746031,0.0837646652864044,0.1160282953761214,0.5026320698016622,0.400670475884153,241255,1131,139,0.0046879857412281,0.0005761538620961,239985,139,1131,0
P2,sen1floods11,dofa_upernet,F1,71,Nigeria_31096,NGA,0.1162017211318016,0.4315732717514038,0.0122975707054138,2.2012574845575728e-05,0.4549257335109524,0.6781225532704698,0.4389233954451345,0.3472222222222222,0.5639233954451346,0.4500230043708304,0.4549257335109524,0.3547643798322017,217487,816,1506,0.0037519483923177,0.0069245518122922,215374,1297,607,209
P2,sen1floods11,dofa_upernet,F1,71,Nigeria_35845,NGA,0.0353754237294197,0.1791741102933883,0.0114116072654724,1.3908776963944549e-05,0.3968936167752628,0.8480221512391678,0.3618659420289855,0.2345151828847481,0.478325569358178,0.3582355647573039,0.3968936167752628,0.3391674809992163,213042,286,289,0.0013424582946085,0.0013565400249716,212566,190,187,99
P2,sen1floods11,dofa_upernet,F1,71,Nigeria_417184,NGA,0.4392056763172149,0.9857426285743712,0.0164899826049804,0.0001063906092895,0.385697997674291,0.3640442345760251,0.8934394409937887,0.9511732229123532,0.8515571083505866,0.8987232574189096,0.385697997674291,0.7510511647156434,50135,1384,3186,0.0276054652438416,0.0635484192679764,46567,2184,382,1002
P2,sen1floods11,dofa_upernet,F1,71,Nigeria_439488,NGA,0.1069123521447181,0.4778763055801391,0.0096140503883361,3.871824901580112e-06,0.5036147469458988,0.9693221416263612,0.3318883712905451,0.1805555555555555,0.2693883712905451,0.2606107660455486,0.5036147469458988,0.4416083801867397,229200,1468,189,0.0064048865619546,0.0008246073298429,227543,189,1468,0
P2,sen1floods11,dofa_upernet,F1,71,Nigeria_529525,NGA,0.4568361341953277,0.9928044080734252,0.0134142637252807,5.0022619689116254e-05,0.5921643284725,0.1849314090048027,0.8601621808143547,0.8368918219461698,0.6970540027605245,0.7980360018403497,0.5921643284725,0.6739495660275894,262144,223651,123791,0.8531608581542969,0.4722251892089844,37496,997,100857,122794
P2,sen1floods11,dofa_upernet,F1,71,Nigeria_598959,NGA,0.1354605108499527,0.5562610626220703,0.0085023641586303,6.336230853776215e-06,0.6080538967353253,0.957939797933014,0.2912353347135956,0.2310213940648723,0.2444789510006901,0.255578559926386,0.6080538967353253,0.4643516603548435,211208,46528,283,0.2202946858073557,0.0013399113669936,164582,98,46343,185
P2,sen1floods11,dofa_upernet,F1,71,Nigeria_600295,NGA,0.2749311327934265,0.8075935244560242,0.0108547210693359,5.444479029392824e-05,0.0813750125011147,0.0581805264503174,0.5136085231193925,0.5880132850241546,0.6229296066252588,0.574850471589602,0.0813750125011147,0.3159422769892274,181691,83661,84321,0.4604575900842639,0.4640901310466671,93868,4162,3502,80159
P2,sen1floods11,dofa_upernet,F1,71,Nigeria_707067,NGA,0.1097550466656684,0.4408529102802276,0.0091416835784912,1.2967008842679206e-05,0.4847603882268249,0.8556027084040607,0.3118098688750862,0.2709842995169082,0.3536275017253278,0.312140556705774,0.4847603882268249,0.4136126129533733,261359,3756,784,0.014371037538405,0.0029997053860781,257020,583,3555,201
P2,sen1floods11,dofa_upernet,F1,71,Nigeria_78061,NGA,0.1634527742862701,0.5545068383216858,0.0098024606704711,0.0002266559604322,0.2981868163990118,0.1862687670215953,0.378817287784679,0.6354166666666666,0.7364561766735679,0.5835633770416379,0.2981868163990118,0.2032851269418557,228886,5494,11831,0.0240032155745655,0.0516894873430441,216806,6586,249,5245
P2,sen1floods11,dofa_upernet,F1,71,Nigeria_812045,NGA,0.3999048173427582,0.9609904885292052,0.0132783651351928,3.918150468962267e-05,0.1158219378436612,0.0883887015422968,0.8092650103519667,0.7588423050379571,0.6579968944099379,0.7420347365999539,0.1158219378436612,0.6001906369288977,236584,119583,116818,0.5054568356270923,0.493769654752646,111113,5888,8653,110930
P2,sen1floods11,dofa_upernet,F1,71,Nigeria_81933,NGA,0.4279135465621948,0.9799492359161376,0.0100706815719604,0.000118646195915,0.5672319684783328,0.1817962896143136,0.7437025534851622,0.9657306763285024,0.7233221187025535,0.8109184495054061,0.5672319684783328,0.6631856185441227,246268,177950,85704,0.7225867753829162,0.3480111098478081,65868,2450,94696,83254
P2,sen1floods11,dofa_upernet,F1,71,Nigeria_820924,NGA,0.0686114206910133,0.3384804129600525,0.0082818865776062,5.645901183015667e-06,0.4523082208280248,0.8976478960401606,0.2412008281573499,0.1785067287784679,0.2183186680469289,0.2126754083275822,0.4523082208280248,0.4044803188946149,262143,1176,393,0.0044861010974925,0.0014991817443151,260717,250,1033,143
P2,sen1floods11,dofa_upernet,F1,71,Nigeria_952958,NGA,0.1519227772951126,0.5451294779777527,0.0065729022026062,0.0001727539784042,0.2215440697491384,0.2126835320561769,0.1663431677018633,0.6246980676328503,0.5132634575569359,0.4347682309638832,0.2215440697491384,0.2212907417064313,227674,9735,12812,0.0427585055825434,0.0562734436079657,213439,4500,1423,8312
P2,sen1floods11,dofa_upernet,F1,71,Nigeria_984831,NGA,0.4389504492282867,0.9857600927352904,0.0132251381874084,3.0453236831817776e-05,0.6180935983013507,0.1415865097341426,0.8507375776397514,0.7777562111801242,0.6354382332643203,0.7546440073613986,0.6180935983013507,0.664401003745293,240158,221680,134523,0.9230589861674398,0.5601437387053523,17494,984,88141,133539
P2,sen1floods11,dofa_upernet,F1,71,Spain_1167260,ESP,0.417152851819992,0.9736373424530028,0.0060476660728454,7.959410868352279e-05,0.3230666684211432,0.2614823060969157,0.4978864734299517,0.9032738095238096,0.44368961352657,0.6149499654934437,0.3230666684211432,0.6828329619106556,262119,42519,54245,0.1622125828345141,0.2069479892720482,197423,22177,10451,32068
P2,sen1floods11,dofa_upernet,F1,71,Spain_1199913,ESP,0.3427569270133972,0.9095536470413208,0.0079428553581237,6.146944360807538e-05,0.2904582182204646,0.4552970138110023,0.4509791235334714,0.7126250862663907,0.4759748102139406,0.5465263400046009,0.2904582182204646,0.5838813449259037,262143,10090,15581,0.038490442239541,0.0594370248299592,244521,7532,2041,8049
P2,sen1floods11,dofa_upernet,F1,71,Spain_2472849,ESP,0.2283076494932174,0.7460775971412659,0.0067700743675231,1.8680168068385683e-05,0.5049052754633079,0.7924064967371437,0.2369306418219461,0.4109946514837819,0.2338034851621808,0.2939095928226363,0.5049052754633079,0.51321221204215,261759,20,2548,7.640615986460829e-05,0.009734144766751,259191,2548,20,0
P2,sen1floods11,dofa_upernet,F1,71,Spain_2523247,ESP,0.3355989456176758,0.9024755954742432,0.0105454921722412,3.995453880634159e-05,0.4809200922889604,0.6104990104026071,0.5919815389924086,0.6332815734989647,0.566274154589372,0.5971790890269152,0.4809200922889604,0.6069810045117602,262039,2429,10106,0.0092696125385915,0.0385667782276684,250423,9187,1510,919
P2,sen1floods11,dofa_upernet,F1,71,Spain_2594119,ESP,0.3779690265655517,0.9415507912635804,0.0060924887657165,3.176313475705683e-05,0.4526990590273994,0.5393729577743172,0.4298869910282953,0.6909075224292616,0.3062672532781228,0.4756872555785599,0.4526990590273994,0.6907349385046369,262009,2877,13491,0.0109805388364521,0.0514905976512257,247675,11457,843,2034
P2,sen1floods11,dofa_upernet,F1,71,Spain_2938657,ESP,0.2167386263608932,0.7080816626548767,0.008284568786621,9.79531032498926e-05,0.2008679396678693,0.304902070107704,0.3235852311939268,0.6196946169772257,0.5771221532091098,0.5068006671267541,0.2008679396678693,0.3224680379795683,262074,9772,15238,0.0372871784305196,0.058143883025405,246649,5653,187,9585
P2,sen1floods11,dofa_upernet,F1,71,Spain_3285448,ESP,0.2407856434583664,0.7545137405395508,0.0149421691894531,3.635860048234463e-05,0.0845630582403187,0.1094557016678365,0.5970281228433402,0.5063190131124914,0.6843944099378882,0.5959138486312399,0.0845630582403187,0.2784791695075351,262136,56389,62541,0.2151135288552507,0.2385822626422925,198559,7188,1036,55353
P2,sen1floods11,dofa_upernet,F1,71,Spain_337094,ESP,0.4308783710002899,0.981286346912384,0.0070739388465881,4.897312101093121e-05,0.3543428788029829,0.3406972254102101,0.5550379572118703,0.8205227743271222,0.3894496204278813,0.588336783988958,0.3543428788029829,0.7393151434495516,262056,26075,40244,0.099501633238697,0.1535702292639741,214905,21076,6907,19168
P2,sen1floods11,dofa_upernet,F1,71,Spain_4282030,ESP,0.4092539250850677,0.9684990644454956,0.0105115175247192,0.0001168479939224,0.2430934450195816,0.1503096021424017,0.7293823326432023,0.9371549344375432,0.7327467218771567,0.7997613296526341,0.2430934450195816,0.6255820385888029,262123,98131,100646,0.374370047649386,0.3839647798934088,145537,18455,15940,82191
P2,sen1floods11,dofa_upernet,F1,71,Spain_4915752,ESP,0.3304222524166107,0.8934503197669983,0.0075567364692687,6.257970380829647e-05,0.3114425260147858,0.4116297988271722,0.4032522429261559,0.6933445479641132,0.4662482746721877,0.5209483551874857,0.3114425260147858,0.5348592352723939,262128,7664,17520,0.0292376243667216,0.0668375755356161,244364,10100,244,7420
P2,sen1floods11,dofa_upernet,F1,71,Spain_5650136,ESP,0.3361355066299438,0.8987067341804504,0.0115287899971008,6.260149530135095e-05,0.1900536575692584,0.084948121633839,0.6371635610766045,0.7076647688060732,0.6858393719806763,0.6768892339544514,0.1900536575692584,0.4357044541479043,171596,104207,109865,0.6072810555024593,0.6402538520711438,56053,11336,5678,98529
P2,sen1floods11,dofa_upernet,F1,71,Spain_5678382,ESP,0.3598450422286987,0.92573881149292,0.0092213153839111,3.0431587219936773e-05,0.5172748114106964,0.5490934688035729,0.5878838854382332,0.6694703243616287,0.4808704278812974,0.5794082125603864,0.5172748114106964,0.6674828495627657,262117,3570,13571,0.0136198720418744,0.0517745892101618,245434,13113,3112,458
P2,sen1floods11,dofa_upernet,F1,71,Spain_5816638,ESP,0.268415242433548,0.812057614326477,0.0075898766517639,1.897582296805922e-05,0.4619389050486149,0.8201309349645035,0.3322550034506556,0.4481107660455486,0.2920117322291235,0.3574591672417759,0.4619389050486149,0.578382111089959,262052,379,2529,0.0014462778379863,0.0096507563384366,259373,2300,150,229
P2,sen1floods11,dofa_upernet,F1,71,Spain_5923267,ESP,0.2357259392738342,0.7333122491836548,0.0203378200531005,2.517157008696813e-05,0.1581033954372075,0.0302323546393232,0.6275879917184265,0.4465795376121463,0.6816123188405798,0.5852599493903842,0.1581033954372075,0.2571262022483377,218743,201713,203890,0.9221460801031348,0.932098398577326,13239,3791,1614,200099
P2,sen1floods11,dofa_upernet,F1,71,Spain_6095801,ESP,0.4158281683921814,0.9727060198783876,0.0066325068473815,7.84502990427427e-05,0.4270915366925507,0.2864254509457927,0.5086050724637681,0.8984428916494134,0.4495772946859903,0.6188750862663905,0.4270915366925507,0.692669087001056,262062,22736,46109,0.0867580954125359,0.1759469133258542,208993,30333,6960,15776
P2,sen1floods11,dofa_upernet,F1,71,Spain_6199994,ESP,0.2502326965332031,0.771206259727478,0.0079222321510314,2.0946632503182627e-05,0.4803001889864755,0.8176072684447598,0.3225284679089026,0.4395703933747411,0.3313707729468599,0.3644898780768346,0.4803001889864755,0.5406367417674911,261902,783,2248,0.0029896678910432,0.0085833632427396,259015,2104,639,144
P2,sen1floods11,dofa_upernet,F1,71,Spain_6537196,ESP,0.3155036270618438,0.8775060772895813,0.0064499974250793,2.9211554647190496e-05,0.4673144998142315,0.66739443799515,0.3257203243616287,0.5770790200138026,0.3062672532781228,0.4030221992178514,0.4673144998142315,0.5982731298803295,262106,3046,7797,0.0116212524703745,0.0297475067339168,252243,6817,2066,980
P2,sen1floods11,dofa_upernet,F1,71,Spain_6860600,ESP,0.2278882563114166,0.741072416305542,0.0073340535163879,2.021969703491777e-05,0.5044089186125076,0.8277040472003352,0.2798266045548654,0.4288517943409247,0.2945565907522429,0.334411663216011,0.5044089186125076,0.5314261562337537,261969,246,2064,0.0009390424057808,0.0078787948192343,259659,2064,246,0
P2,sen1floods11,dofa_upernet,F1,71,Spain_716716,ESP,0.3004805743694305,0.8533596992492676,0.0065613985061645,2.8850679882452823e-05,0.4871781571505538,0.5015891283297012,0.3028597308488613,0.5542184265010353,0.3062672532781228,0.387781803542673,0.4871781571505538,0.5033713174027926,262067,2644,11481,0.0100890230360938,0.0438094075179248,248896,10527,1690,954
P2,sen1floods11,dofa_upernet,F1,71,Spain_7370579,ESP,0.4359212219715118,0.984271228313446,0.0064930915832519,5.411210440797731e-05,0.2870186561576269,0.2120829868277324,0.5239820565907523,0.8451949620427881,0.3761214630779848,0.5817661605705085,0.2870186561576269,0.6898023131693679,262045,70035,81084,0.2672632563109389,0.309427770039497,167979,24031,12982,57053
P2,sen1floods11,dofa_upernet,F1,71,Spain_7387658,ESP,0.4526192545890808,0.9913707971572876,0.0122459530830383,7.112183811841533e-05,0.335643514956629,0.1671673654804396,0.8253968253968254,0.9019151138716356,0.727311939268461,0.8182079595123074,0.335643514956629,0.6689496597789137,262057,153006,127868,0.5838653422728644,0.4879396467180804,95310,13741,38879,114127
P2,sen1floods11,dofa_upernet,F1,71,Spain_7558720,ESP,0.3621454238891601,0.9277347326278688,0.0051222443580627,4.862863352173008e-05,0.5151611512759284,0.4632287528243067,0.4024974120082816,0.7215967908902692,0.3358350586611456,0.4866430871865654,0.5151611512759284,0.6514611140467077,261984,2137,16917,0.0081569866862098,0.06457264565775,243616,16231,1451,686
P2,sen1floods11,dofa_upernet,F1,71,Spain_7604243,ESP,0.2236308455467224,0.7241641283035278,0.0088946223258972,5.969000267214142e-05,0.0633145360807125,0.2434108319217824,0.3664164941338854,0.5567201518288475,0.5473171152518979,0.4901512537382103,0.0633145360807125,0.2920115783520829,262080,20919,22052,0.0798191391941391,0.0841422466422466,239275,1886,753,20166
P2,sen1floods11,dofa_upernet,F1,71,Spain_7786924,ESP,0.3714000284671783,0.9362339973449708,0.0062503218650817,4.9252350436290726e-05,0.478167626384398,0.4664407964871359,0.4288302277432712,0.7323153899240856,0.3583937198067633,0.5065131124913734,0.478167626384398,0.6609539614212205,262111,3768,17239,0.0143755889680326,0.0657698455997649,243162,15181,1710,2058
P2,sen1floods11,dofa_upernet,F1,71,Spain_7856615,ESP,0.4109886586666107,0.969279646873474,0.0065193176269531,5.7795328757492825e-05,0.4562758199824624,0.4374257707679254,0.497821773636991,0.8238655969634231,0.380952380952381,0.5675465838509317,0.4562758199824624,0.7422268070369265,261930,9637,25843,0.0367922727446264,0.0986637651280876,231938,20355,4149,5488
P2,sen1floods11,dofa_upernet,F1,71,Spain_8104659,ESP,0.3909966647624969,0.9547216296195984,0.0102313756942749,7.05365528119728e-05,0.5247295722365625,0.3320834038078253,0.6997498274672187,0.8426501035196687,0.6609299516908214,0.7344432942259029,0.5247295722365625,0.6691078897875877,262128,3484,33294,0.0132912165049136,0.1270142830983336,227850,30794,984,2500
P2,sen1floods11,dofa_upernet,F1,71,Spain_8154154,ESP,0.3705419301986694,0.9356962442398072,0.0055183172225952,3.448316056164913e-05,0.4327895749006348,0.5423725405410511,0.4097437888198758,0.6898507591442375,0.3016735679779158,0.4670893719806764,0.4327895749006348,0.6815243529708994,262118,4582,13468,0.0174806766418178,0.0513814388939332,246854,10682,1796,2786
P2,sen1floods11,dofa_upernet,F1,71,Spain_8199661,ESP,0.2956835925579071,0.8399495482444763,0.0066243410110473,8.352024451596662e-05,0.3339157512767937,0.3683625100152073,0.3004442719116632,0.6951130089717046,0.4544082125603865,0.4833218311479181,0.3339157512767937,0.4550494922669196,262036,8182,16054,0.0312247172144285,0.0612663908775893,244414,9440,1568,6614
P2,sen1floods11,dofa_upernet,F1,71,Spain_8372658,ESP,0.404023677110672,0.9643203020095824,0.0093458294868469,4.015940066892654e-05,0.1916031737372135,0.1290620623376227,0.654697204968944,0.7588423050379571,0.5034290890269151,0.638989533011272,0.1916031737372135,0.6059643381922493,262029,93104,102620,0.3553194493739242,0.3916360402856172,151095,17830,8314,84790
P2,sen1floods11,dofa_upernet,F1,71,Spain_8565131,ESP,0.3931314051151275,0.9561866521835328,0.0089358687400817,4.555288251140155e-05,0.2570353393729795,0.1823653957186781,0.619241718426501,0.7563621463077984,0.4941338854382332,0.6232459167241776,0.2570353393729795,0.594645000298384,262084,52356,70378,0.1997680133087102,0.2685322263091222,186314,23414,5392,46964
P2,sen1floods11,dofa_upernet,F2,13,Ghana_103272,GHA,0.134744644165039,0.5276809334754944,0.0125024914741516,6.176532679091906e-06,0.2774924381809618,0.733014124141519,0.3922982654600301,0.2724071271865389,0.4800493624023035,0.3815849183496242,0.2774924381809618,0.3639660586425368,259269,1558,3438,0.0060092027970949,0.0132603589322286,255829,1882,2,1556
P2,sen1floods11,dofa_upernet,F2,13,Ghana_1033830,GHA,0.4488768875598907,0.989924967288971,0.0117288827896118,1.6345515177818015e-05,0.2028509929665587,0.2049531827787614,0.7533379610585493,0.853393542731778,0.6126838847427083,0.7398051295110118,0.2028509929665587,0.56400196560633,233229,96811,82354,0.4150898901937581,0.3531036020391975,131122,5296,19753,77058
P2,sen1floods11,dofa_upernet,F2,13,Ghana_1078550,GHA,0.0821696892380714,0.4075632691383362,0.0110909938812255,3.27189968629682e-06,0.5026836395263672,0.9999999999922902,0.2256095620066208,0.0254249427043544,0.2361058059587471,0.1623801035565741,0.5026836395263672,0.4277341372381746,262144,1407,0,0.0053672790527343,0.0,260737,0,1407,0
P2,sen1floods11,dofa_upernet,F2,13,Ghana_1089161,GHA,0.1131360009312629,0.4753642082214355,0.0136774778366088,5.851758942299057e-06,0.1980722024365142,0.7581959792451849,0.3843338034514505,0.2179352510234863,0.4997233158997864,0.3673307901249078,0.1980722024365142,0.3402874664566649,236164,2907,2693,0.0123092427296285,0.0114030927660439,232685,572,786,2121
P2,sen1floods11,dofa_upernet,F2,13,Ghana_11745,GHA,0.0787084028124809,0.395443320274353,0.0149189233779907,3.1823947210796177e-06,0.0,0.9999999999922292,0.3645772120036825,0.0018939393939393,0.3664711513976219,0.2443141009317479,0.0,0.4151830306975602,262144,0,0,0.0,0.0,262144,0,0,0
P2,sen1floods11,dofa_upernet,F2,13,Ghana_124834,GHA,0.0844024270772934,0.4146773219108581,0.0173614621162414,3.254036982980324e-06,0.0,0.9999999999923112,0.4139916456092926,0.0253692386045327,0.4169678360854831,0.2854429067664362,0.0,0.4386569316144502,262144,0,0,0.0,0.0,262144,0,0,0
P2,sen1floods11,dofa_upernet,F2,13,Ghana_128663,GHA,0.1517324745655059,0.5640174150466919,0.0156067013740539,8.775818969297688e-06,0.5050311522789728,0.8559917421515489,0.4834056874498051,0.3451168929110105,0.6212506855889208,0.4832577553165788,0.5050311522789728,0.4222462584314831,168848,0,1699,0.0,0.0100623045579456,167149,1699,0,0
P2,sen1floods11,dofa_upernet,F2,13,Ghana_132163,GHA,0.1137950122356414,0.4798803925514221,0.0136173963546752,4.7425833145098295e-06,0.5006994135686232,0.8961052751324058,0.3824398640575111,0.1638930922019157,0.4437872176842765,0.3300400579812344,0.5006994135686232,0.3888617400286731,55761,0,78,0.0,0.0013988271372464,55683,78,0,0
P2,sen1floods11,dofa_upernet,F2,13,Ghana_134751,GHA,0.3978437185287475,0.9580526351928712,0.035943865776062,7.777013524901122e-05,0.514935082176141,0.8478872124377765,0.85378102289867,0.8682243002095944,0.9855567226890756,0.9025206819324466,0.514935082176141,0.7018527067631168,37663,0,1125,0.0,0.029870164352282,36538,1125,0,0
P2,sen1floods11,dofa_upernet,F2,13,Ghana_135389,GHA,0.4377338290214538,0.9850006699562072,0.0510540604591369,0.0001135115890065,0.5282208390256053,0.797577315967127,0.9576881451881452,0.9576881451881452,1.0,0.9717920967920968,0.5282208390256053,0.7822887906567213,24624,252,1213,0.0102339181286549,0.0492608836907082,23163,1209,248,4
P2,sen1floods11,dofa_upernet,F2,13,Ghana_141271,GHA,0.0802905187010765,0.4011551737785339,0.009978711605072,3.231248683732701e-06,0.5031204223632812,0.9999999999921994,0.1656431803490626,0.0141170104405398,0.1722958414134884,0.1173520107343636,0.5031204223632812,0.4113480841863495,262144,1636,0,0.0062408447265625,0.0,260508,0,1636,0
P2,sen1floods11,dofa_upernet,F2,13,Ghana_141910,GHA,0.4204692244529724,0.9758384227752686,0.007699966430664,1.5831159544177353e-05,0.5731126235221871,0.119780303189841,0.4546140134375429,0.7624924095512331,0.4011845997140115,0.5394303409009291,0.5731126235221871,0.4334470021520383,262144,70650,170322,0.2695083618164062,0.6497268676757812,89257,102237,2565,68085
P2,sen1floods11,dofa_upernet,F2,13,Ghana_142312,GHA,0.0881881043314933,0.4207135438919067,0.010688841342926,3.423048156037112e-06,0.5000057220458984,0.9997685014393788,0.2044224158194746,0.0500314636344048,0.2244850737497796,0.159646317734553,0.5000057220458984,0.4206814377151413,262144,0,3,0.0,1.1444091796875e-05,262141,3,0,0
P2,sen1floods11,dofa_upernet,F2,13,Ghana_144050,GHA,0.0891771540045738,0.4312391579151153,0.013278305530548,3.3358996915922035e-06,0.0,0.9999999999924116,0.3539420138684844,0.049282212885154,0.3576741885565415,0.2536328051033933,0.0,0.4568491393862067,23551,0,0,0.0,0.0,23551,0,0,0
P2,sen1floods11,dofa_upernet,F2,13,Ghana_146222,GHA,0.076134480535984,0.3871158063411712,0.0262295603752136,3.2768396067695e-06,0.0,0.999999999992185,0.4607353430882843,0.0209367838044308,0.4816721268927151,0.3211147512618101,0.0,0.4188469029891347,181656,0,0,0.0,0.0,181656,0,0,0
P2,sen1floods11,dofa_upernet,F2,13,Ghana_147015,GHA,0.107999749481678,0.4807592332363128,0.0094765424728393,3.7967095067870105e-06,0.5067329406738281,0.9999999999925678,0.1884592123562711,0.1149916260210377,0.2009050998021586,0.1681186460598225,0.5067329406738281,0.4920746588385403,262144,3530,0,0.0134658813476562,0.0,258614,0,3530,0
P2,sen1floods11,dofa_upernet,F2,13,Ghana_154838,GHA,0.0853063315153122,0.4192104637622833,0.0200563669204711,3.286586206741049e-06,0.0,0.999999999992354,0.4443424222835987,0.0377594219505984,0.4521330385300974,0.3114116275880982,0.0,0.4453060801933666,42107,0,0,0.0,0.0,42107,0,0,0
P2,sen1floods11,dofa_upernet,F2,13,Ghana_156478,GHA,0.0769146606326103,0.3895217478275299,0.0207629203796386,3.2759521673142444e-06,0.0,0.9999999999921666,0.4330344900197841,0.0209367838044308,0.453971273824215,0.30264751588281,0.0,0.4160995702504454,262144,0,0,0.0,0.0,262144,0,0,0
P2,sen1floods11,dofa_upernet,F2,13,Ghana_161233,GHA,0.1656927168369293,0.6132080554962158,0.0148900151252746,3.640520662884228e-05,0.0,0.9796773429735688,0.4930969765528589,0.5966906867642161,0.8289602554308436,0.6395826395826395,0.0,0.5311285565304837,1892,0,0,0.0,0.0,1892,0,0,0
P2,sen1floods11,dofa_upernet,F2,13,Ghana_167233,GHA,0.0782861411571502,0.3948838114738464,0.0176207423210144,3.3223650461877696e-06,0.0,0.9999999999922418,0.404689060939061,0.0246689584924879,0.4293580194315489,0.2862386796210326,0.0,0.4201463817143449,262144,0,0,0.0,0.0,262144,0,0,0
P2,sen1floods11,dofa_upernet,F2,13,Ghana_168875,GHA,0.0737946927547454,0.3778320848941803,0.0355095863342285,3.2194031973631354e-06,0.0,0.9999999999920592,0.483718487394958,0.003732174688057,0.487450662083015,0.3249671080553433,0.0,0.4162876336123441,41796,0,0,0.0,0.0,41796,0,0,0
P2,sen1floods11,dofa_upernet,F2,13,Ghana_187318,GHA,0.0817869305610656,0.4046668112277984,0.0144200325012207,3.264631914134952e-06,0.0,0.9999999999922587,0.342363518834107,0.0216927680162974,0.3565919374742904,0.2402160747748982,0.0,0.425002825048539,262144,0,0,0.0,0.0,262144,0,0,0
P2,sen1floods11,dofa_upernet,F2,13,Ghana_194723,GHA,0.079753540456295,0.3986836373806,0.0164153575897216,3.3399307994841365e-06,0.0,0.9999999999922145,0.4027951215451216,0.0302393684746625,0.4255701406436701,0.2862015435544847,0.0,0.4203841835410353,47408,0,0,0.0,0.0,47408,0,0,0
P2,sen1floods11,dofa_upernet,F2,13,Ghana_247288,GHA,0.3955492675304413,0.9583086371421814,0.0121870040893554,1.5908191926428117e-05,0.4555779581735615,0.2702972189811872,0.6521278966131907,0.7227557981234451,0.6384350943174473,0.6711062630180278,0.4555779581735615,0.4767751893134747,40174,26650,26227,0.663364365012197,0.652835167023448,8276,5248,5671,20979
P2,sen1floods11,dofa_upernet,F2,13,Ghana_24858,GHA,0.0779762417078018,0.3921033143997192,0.0170904994010925,3.2805280625325395e-06,0.5009231567382812,0.999999999992178,0.4009568862510039,0.0209367838044308,0.4218936700554347,0.2812624467036231,0.5009231567382812,0.4165691899224519,262144,484,0,0.0018463134765625,0.0,261660,0,484,0
P2,sen1floods11,dofa_upernet,F2,13,Ghana_264787,GHA,0.0779897347092628,0.3932749629020691,0.0213904380798339,3.233957613701932e-06,0.0,0.9999999999921962,0.4330344900197841,0.0103848357524828,0.443419325772267,0.295612883848178,0.0,0.4177914291891982,181975,0,0,0.0,0.0,181975,0,0,0
P2,sen1floods11,dofa_upernet,F2,13,Ghana_308249,GHA,0.1939752697944641,0.646130383014679,0.0093621015548706,6.573779501195531e-06,0.2698283699743061,0.6110770982249987,0.2751758045875693,0.3266151740416446,0.3123953252629723,0.304728767964062,0.2698283699743061,0.3733279122620732,262144,8030,7149,0.0306320190429687,0.0272712707519531,251895,2219,3100,4930
P2,sen1floods11,dofa_upernet,F2,13,Ghana_313799,GHA,0.1675975471735,0.5907505750656128,0.0055040121078491,4.534959771262948e-06,0.4581878125487887,0.8521088386081819,0.1218113993849288,0.2306437435113905,0.1088323441264617,0.1537624956742603,0.4581878125487887,0.4267062626518375,244464,14933,2240,0.0610846586818509,0.0091629033313698,229365,166,12859,2074
P2,sen1floods11,dofa_upernet,F2,13,Ghana_319168,GHA,0.3891192674636841,0.9526061415672302,0.0077114701271057,1.1669649211398792e-05,0.1898875028927751,0.2398831229562892,0.4129834626158155,0.6847392803275156,0.3650620213120213,0.4875949214184508,0.1898875028927751,0.4418316477753197,171624,39521,34582,0.2302766512842027,0.2014986249009462,128278,3825,8764,30757
P2,sen1floods11,dofa_upernet,F2,13,Ghana_359826,GHA,0.1732804328203201,0.6067358255386353,0.0109248161315917,5.93412096350221e-06,0.341978760832958,0.8119392672176646,0.3295295390883626,0.3000522761552173,0.3725422861452273,0.3340413671296023,0.341978760832958,0.4352292722006995,262144,3496,2808,0.013336181640625,0.010711669921875,257398,1250,1938,1558
P2,sen1floods11,dofa_upernet,F2,13,Ghana_362274,GHA,0.2213019132614135,0.7079238295555115,0.0088575482368469,1.0552786079642829e-05,0.1674107378132627,0.3596825309242339,0.2649978697772815,0.4537686578127754,0.377452204658087,0.3654062440827146,0.1674107378132627,0.3048808453073715,259407,18364,17606,0.0707922299706638,0.067870180835521,238148,2895,3653,14711
P2,sen1floods11,dofa_upernet,F2,13,Ghana_406026,GHA,0.1540801525115966,0.5818133354187012,0.0135039687156677,7.867061867727898e-06,0.1580785291933086,0.6111472870886316,0.4500022036786743,0.3401910589410589,0.5525228448022566,0.4475720358073299,0.1580785291933086,0.3540380872817912,262144,4305,5814,0.0164222717285156,0.0221786499023437,256160,1679,170,4135
P2,sen1floods11,dofa_upernet,F2,13,Ghana_45911,GHA,0.0811384469270706,0.4025463163852691,0.024190604686737,3.2070233828562777e-06,0.0,0.9999999999922357,0.4472629086599675,0.007464349376114,0.4472629086599675,0.300663388898683,0.0,0.4237703796225761,29269,0,0,0.0,0.0,29269,0,0,0
P2,sen1floods11,dofa_upernet,F2,13,Ghana_495107,GHA,0.0984521135687828,0.4556776583194732,0.0090348720550537,3.5654084058478475e-06,0.5075511932373047,0.9999999999924576,0.1427555287849405,0.0812416749916749,0.1562769338504632,0.1267580458756929,0.5075511932373047,0.463309175370249,262144,3959,0,0.0151023864746093,0.0,258185,0,3959,0
P2,sen1floods11,dofa_upernet,F2,13,Ghana_49890,GHA,0.0791351646184921,0.3977473676204681,0.0232093930244445,3.2556254154769704e-06,0.0,0.9999999999922766,0.4472629086599675,0.019798828622358,0.4595973879062114,0.3088863750628456,0.0,0.4324347481270981,262144,0,0,0.0,0.0,262144,0,0,0
P2,sen1floods11,dofa_upernet,F2,13,Ghana_53713,GHA,0.0907194167375564,0.4368741512298584,0.0183144807815551,3.371226057424792e-06,0.0,0.9999999999924606,0.4360106804959746,0.055928140486964,0.4463887827858416,0.3127758679229267,0.0,0.4633598846952083,262144,0,0,0.0,0.0,262144,0,0,0
P2,sen1floods11,dofa_upernet,F2,13,Ghana_597288,GHA,0.2869834005832672,0.817602813243866,0.0079540014266967,1.164285004051635e-05,0.32706706183135,0.5780811862125175,0.2925518109341639,0.5576059969442323,0.371763653013653,0.4073071536306831,0.32706706183135,0.4537313842944721,262144,5690,10281,0.0217056274414062,0.0392189025878906,250521,5933,1342,4348
P2,sen1floods11,dofa_upernet,F2,13,Ghana_61925,GHA,0.0966097638010978,0.4401523470878601,0.0147043466567993,3.999890395789407e-06,0.152686107136817,0.9322911794932652,0.3891904663963487,0.0995842392901216,0.4357603181132592,0.3081783412665765,0.152686107136817,0.3995642867662412,262144,651,680,0.0024833679199218,0.002593994140625,261359,134,105,546
P2,sen1floods11,dofa_upernet,F2,13,Ghana_7496,GHA,0.0760132074356079,0.3865801990032196,0.0177418589591979,3.2495859159098472e-06,0.0,0.9999999999921608,0.404689060939061,0.0141727145403616,0.4188617754794226,0.2792411836529484,0.0,0.4150195364453969,262144,0,0,0.0,0.0,262144,0,0,0
P2,sen1floods11,dofa_upernet,F2,13,Ghana_8090,GHA,0.0773482173681259,0.391116201877594,0.0202683806419372,3.276339839430875e-06,0.5000102740077876,0.9999999999922204,0.4293580194315489,0.0209367838044308,0.4502948032359797,0.3001965354906531,0.5000102740077876,0.417651346197078,194666,4,0,2.0548015575395805e-05,0.0,194662,0,4,0
P2,sen1floods11,dofa_upernet,F2,13,Ghana_83200,GHA,0.1278784424066543,0.5126433968544006,0.0102813243865966,3.657185970951105e-06,0.5027592526599807,0.9806878993837016,0.249306453350571,0.1339163287692699,0.2330873783079665,0.2054367201426025,0.5027592526599807,0.4663040260801683,98215,533,9,0.0054268696227663,9.163569719492947e-05,97673,9,533,0
P2,sen1floods11,dofa_upernet,F2,13,Ghana_866994,GHA,0.3485308885574341,0.9146800637245178,0.0325022339820861,9.79294054559432e-06,0.6780279160043142,0.0840038212163124,0.7872733883763295,0.5687817084875908,0.7260111212317095,0.6940220726985432,0.6780279160043142,0.3460976362449854,117511,105971,83574,0.901796427568483,0.7112015045400005,854,10686,33083,72888
P2,sen1floods11,dofa_upernet,F2,13,Ghana_868803,GHA,0.3921375572681427,0.9564635157585144,0.008120059967041,1.192551735584857e-05,0.1320321752850792,0.1299645926649159,0.4245552241875771,0.6877154708037061,0.3796099733599734,0.4972935561170855,0.1320321752850792,0.3922204671105783,262144,144051,137506,0.5495109558105469,0.5245437622070312,112149,5944,12489,131562
P2,sen1floods11,dofa_upernet,F2,13,Ghana_887131,GHA,0.3306682109832763,0.8861050605773926,0.0082574486732482,9.967995538318064e-06,0.3476140492696703,0.5892210382106164,0.3558273834009128,0.5457918307183013,0.3213428728134611,0.4076540289775583,0.3476140492696703,0.5144219031118034,262144,10075,10792,0.0384330749511718,0.041168212890625,246622,5447,4730,5345
P2,sen1floods11,dofa_upernet,F2,13,Ghana_895194,GHA,0.171789214015007,0.6037641763687134,0.0084593296051025,7.114192158041988e-06,0.1117156450997483,0.5333257996981969,0.2008549048990225,0.3267743286125639,0.2705897044132338,0.2660729793082734,0.1117156450997483,0.3182772622315924,252706,8697,8681,0.0344154867711886,0.0343521720893053,242971,1038,1054,7643
P2,sen1floods11,dofa_upernet,F2,13,Ghana_953791,GHA,0.1235080584883689,0.5017632842063904,0.006289005279541,5.196504844207084e-06,0.3915656972213929,0.9040629272558276,0.076850233100233,0.2059258143816967,0.1460439070733188,0.1429399848517495,0.3915656972213929,0.3995478232886207,262144,2772,1177,0.0105743408203125,0.0044898986816406,258924,448,2043,729
P2,sen1floods11,dofa_upernet,F2,13,Ghana_97059,GHA,0.0827580541372299,0.3986373245716095,0.0166000127792358,3.612437467381824e-06,0.5043257647660071,0.9780473872744792,0.4046890609390609,0.0547901853048911,0.452014896867838,0.3038313810372633,0.5043257647660071,0.4006447525745241,27394,0,237,0.0,0.0086515295320143,27157,237,0,0
P2,sen1floods11,dofa_upernet,F2,13,Ghana_97516,GHA,0.1831194162368774,0.6456464529037476,0.01312917470932,6.137652235338464e-06,0.3481673214288278,0.7873400690087724,0.4740265861589391,0.324776938747527,0.5094078715402245,0.4360704654822302,0.3481673214288278,0.4497981714762219,187555,771,1917,0.0041107941670443,0.0102210018394604,185505,1279,133,638
P2,sen1floods11,dofa_upernet,F2,13,Pakistan_1027214,PAK,0.4141577482223511,0.9716184139251708,0.0143519639968872,1.370598329231143e-05,0.3244169276734331,0.1728237217459617,0.729623929991577,0.7343275596952067,0.6819663179957297,0.7153059358941712,0.3244169276734331,0.4391388082758415,158958,23870,31549,0.1501654525094679,0.1984738106921325,121688,13400,5721,18149
P2,sen1floods11,dofa_upernet,F2,13,Pakistan_1036366,PAK,0.395000547170639,0.9578126668930054,0.0127951502799987,2.011668220802676e-05,0.2901441459227608,0.2856271169926271,0.6842544710191769,0.7642816742081449,0.712087544808133,0.720207896678485,0.2901441459227608,0.4841160152661099,110380,22673,22207,0.2054085885124116,0.201186809204566,81529,6178,6644,16029
P2,sen1floods11,dofa_upernet,F2,13,Pakistan_132143,PAK,0.2248990833759308,0.7211282253265381,0.0080763101577758,6.737830517522525e-06,0.5032539367675781,0.8947427150005061,0.2343967307202601,0.3689117255293725,0.2450123406005759,0.2827735989500695,0.5032539367675781,0.5115338963098821,262144,0,1706,0.0,0.0065078735351562,260438,1706,0,0
P2,sen1floods11,dofa_upernet,F2,13,Pakistan_167553,PAK,0.4150370955467224,0.9717031717300416,0.0187481045722961,1.8471408111508936e-05,0.5817099810279975,0.3322840958727664,0.8109923165070223,0.7707262100644454,0.7997333548804137,0.7938172938172938,0.5817099810279975,0.5381100329827944,247105,1458,39742,0.0059003257724449,0.1608304162198255,206009,39638,1354,104
P2,sen1floods11,dofa_upernet,F2,13,Pakistan_210595,PAK,0.2535313367843628,0.7714507579803467,0.0179386734962463,5.573549060500227e-06,0.5042514801025391,0.8719925278642771,0.6271192043250867,0.3753495279230573,0.5635608264284735,0.5220098528922058,0.5042514801025391,0.5535458050130497,262144,0,2229,0.0,0.0085029602050781,259915,2229,0,0
P2,sen1floods11,dofa_upernet,F2,13,Pakistan_211386,PAK,0.3345533907413482,0.8930531144142151,0.0153082609176635,1.4398932762560436e-05,0.4872857443566458,0.702200590410401,0.6662381735911147,0.6401815096668038,0.7165144904115492,0.6743113912231559,0.4872857443566458,0.5680617176360904,255405,6859,7367,0.0268553865429416,0.0288443844090757,242155,6391,5883,976
P2,sen1floods11,dofa_upernet,F2,13,Pakistan_246510,PAK,0.4448408484458923,0.9882944226264954,0.0160441994667053,2.7870799385709688e-05,0.5665942931223934,0.2682025466058649,0.8701543554484731,0.931902656167362,0.8368555464143699,0.8796375193434017,0.5665942931223934,0.5998505689200977,258817,10741,71405,0.0415003651228474,0.2758899144955702,185695,62381,1717,9024
P2,sen1floods11,dofa_upernet,F2,13,Pakistan_246718,PAK,0.3315033614635467,0.8916243314743042,0.0162606239318847,1.0398641279607546e-05,0.2730283201772607,0.5106292080428463,0.6873139115786175,0.5647165334665334,0.6621252521987816,0.6380518990813109,0.2730283201772607,0.4915755932063888,235278,13126,14295,0.0557893215685274,0.0607579119169663,216935,5217,4048,9078
P2,sen1floods11,dofa_upernet,F2,13,Pakistan_336228,PAK,0.3451716601848602,0.9054284691810608,0.0095822811126708,1.0829735401785e-05,0.5507545047595322,0.5085237121045711,0.4552402254608137,0.60299688057041,0.4355460715754833,0.4979277258689023,0.5507545047595322,0.4991820318788341,132471,0,13448,0.0,0.1015165583410708,119023,13448,0,0
P2,sen1floods11,dofa_upernet,F2,13,Pakistan_35915,PAK,0.4116719365119934,0.9699690341949464,0.0128051042556762,2.005080932576675e-05,0.1992492398506259,0.2269480068056575,0.7032348778672308,0.7832620810561987,0.712087544808133,0.7328615012438542,0.1992492398506259,0.4615520751889264,129233,52301,56506,0.4047031331006786,0.4372412619067885,67841,9091,4886,47415
P2,sen1floods11,dofa_upernet,F2,13,Pakistan_366265,PAK,0.3422560691833496,0.9032135009765624,0.0105820298194885,1.1093932698713616e-05,0.5135634098247324,0.4065741577708774,0.4863402528843705,0.5981757213374861,0.4810826428473487,0.5218662056897351,0.5135634098247324,0.4642715300210853,127291,2,3451,1.5712029915704958e-05,0.0271111076195489,123838,3451,2,0
P2,sen1floods11,dofa_upernet,F2,13,Pakistan_401863,PAK,0.4390572011470794,0.9856718182563782,0.0131028890609741,1.70980129041709e-05,0.5356695417710946,0.3879749378106522,0.7889108440579029,0.8281191847368319,0.6978658596305656,0.7716319628084335,0.5356695417710946,0.627042071593731,258845,3324,39868,0.0128416619984933,0.1540226776642392,218635,36886,342,2982
P2,sen1floods11,dofa_upernet,F2,13,Pakistan_43105,PAK,0.3832134008407593,0.9483106732368468,0.0131855010986328,1.7605194443603978e-05,0.5613910370887016,0.3622167580239951,0.6852810180016062,0.7300597686627099,0.7034362696127402,0.7062590187590189,0.5613910370887016,0.5068241864312825,260942,271,31769,0.0010385449640149,0.1217473614826283,228902,31769,271,0
P2,sen1floods11,dofa_upernet,F2,13,Pakistan_474121,PAK,0.4054825603961944,0.965825855731964,0.0148192048072814,1.919741953315679e-05,0.4359428794998848,0.2996597621367961,0.7461558049793344,0.7680762864586395,0.7472870266987914,0.7538397060455884,0.4359428794998848,0.5123679023353434,180789,8893,28287,0.0491899396534081,0.1564641654082936,151173,20723,1329,7564
P2,sen1floods11,dofa_upernet,F2,13,Pakistan_528249,PAK,0.3489696681499481,0.9120110273361206,0.0108027458190917,5.2325299293443095e-06,0.5001558805954639,0.6286292159161958,0.5093858347534819,0.4507434966993791,0.3337618264088852,0.4312970526205821,0.5001558805954639,0.557540124707054,76982,0,24,0.0,0.0003117611909277,76958,24,0,0
P2,sen1floods11,dofa_upernet,F2,13,Pakistan_548910,PAK,0.1217354163527488,0.5216227173805237,0.0137175321578979,3.815648597083055e-06,0.5072954144321499,0.9999999999929148,0.4186805841217605,0.1493384066913478,0.3967796908973379,0.3215995605701487,0.5072954144321499,0.5548809564092494,235696,3439,0,0.0145908288642997,0.0,232257,0,3439,0
P2,sen1floods11,dofa_upernet,F2,13,Pakistan_65724,PAK,0.355592131614685,0.920516550540924,0.0163059830665588,1.1719851499947254e-05,0.5255528471101651,0.5612022703494421,0.712953712953713,0.6371073779162015,0.712664174061233,0.6875750883103825,0.5255528471101651,0.5399716327803628,262143,0,13397,0.0,0.0511056942203301,248746,13397,0,0
P2,sen1floods11,dofa_upernet,F2,13,Pakistan_664885,PAK,0.3667857646942138,0.9323276281356812,0.0132265090942382,1.2304378287808504e-05,0.3876826838045053,0.2948893835365218,0.6651136853342735,0.6572257399463282,0.6544460441519264,0.6589284898108426,0.3876826838045053,0.4595845910236239,73010,2383,7333,0.0326393644706204,0.1004382961238186,65529,5098,148,2235
P2,sen1floods11,dofa_upernet,F2,13,Pakistan_667363,PAK,0.3466911911964416,0.905645787715912,0.0224729180335998,7.99753161118133e-06,0.5554017861921181,0.441881255152321,0.753038015905663,0.5364335419482479,0.6667805233981705,0.6520840270840271,0.5554017861921181,0.4981292526974409,162484,1219,18285,0.0075022771472883,0.1125341572093252,143126,18139,1073,146
P2,sen1floods11,dofa_upernet,F2,13,Pakistan_694942,PAK,0.4023647606372833,0.9630241990089417,0.0127220749855041,1.58381608343916e-05,0.4629164583969113,0.1901816894322614,0.6832346574993633,0.7302201474995593,0.6620775058275058,0.6918441036088095,0.4629164583969113,0.4343509054001486,191444,18481,56668,0.0965347569001901,0.2960030087127306,133838,39125,938,17543
P2,sen1floods11,dofa_upernet,F2,13,Pakistan_70625,PAK,0.4212103486061096,0.9760630130767822,0.0125055909156799,1.983667789318133e-05,0.5930898227016861,0.2659025722241419,0.709825101369219,0.8011045327221797,0.6912199320287555,0.7340498553733847,0.5930898227016861,0.5163218162219747,262144,4667,59043,0.0178031921386718,0.2252311706542968,200896,56581,2205,2462
P2,sen1floods11,dofa_upernet,F2,13,Pakistan_712873,PAK,0.177583247423172,0.6226266622543335,0.0174254775047302,5.15958299729391e-06,0.4507118169567923,0.87715196368527,0.5351027648821767,0.2698673875144463,0.5403548657225128,0.4484416727063786,0.4507118169567923,0.467077406638788,119557,1316,1199,0.011007301956389,0.0100286892444608,117302,939,1056,260
P2,sen1floods11,dofa_upernet,F2,13,Pakistan_740461,PAK,0.4410405158996582,0.98662132024765,0.0173300504684448,5.1884522690670565e-05,0.6672853927058111,0.2351361516719308,0.876800283050283,0.9740051615051616,0.9027951215451216,0.9178668553668552,0.6672853927058111,0.5631228356099668,211456,0,70749,0.0,0.3345802436440678,140707,70749,0,0
P2,sen1floods11,dofa_upernet,F2,13,Pakistan_760290,PAK,0.4044353067874908,0.9647623896598816,0.0152718424797058,2.091321766783949e-05,0.5435035846131444,0.4844379274052948,0.7451359914595208,0.7717460235842588,0.7655047158723629,0.7607955769720475,0.5435035846131444,0.5685657685810457,233498,0,20318,0.0,0.0870157346101465,213180,20318,0,0
P2,sen1floods11,dofa_upernet,F2,13,Pakistan_849790,PAK,0.4273780286312103,0.9796692728996276,0.0104153752326965,2.228803350590169e-05,0.620264617715892,0.2510267835883902,0.6058763540381187,0.833314357211416,0.5892208281914164,0.6761371798136503,0.620264617715892,0.5097286122821485,257239,171908,66140,0.6682812481777647,0.2571149786774167,80617,4714,110482,61426
P2,sen1floods11,dofa_upernet,F2,13,Pakistan_909806,PAK,0.1206193268299102,0.5029202699661255,0.0079889893531799,4.212860858388012e-06,0.4177867514418882,0.9642584233137516,0.1236147431000372,0.1596118342441871,0.1427065581477346,0.141977711830653,0.4177867514418882,0.4515125828124321,116287,1414,319,0.012159570717277,0.0027432129128793,114812,61,1156,258
P2,sen1floods11,dofa_upernet,F2,13,Pakistan_94095,PAK,0.4506349265575409,0.990655243396759,0.0106570124626159,1.8034685126622207e-05,0.4042871281795399,0.1542633204238458,0.6875997776733072,0.877839684824979,0.5654394624982861,0.7102929749988575,0.4042871281795399,0.539754128686446,180570,53566,86793,0.296649498809326,0.4806612394085396,88428,38576,5349,48217
P2,sen1floods11,dofa_upernet,F2,13,Pakistan_9684,PAK,0.1658928096294403,0.6126294732093811,0.014495849609375,4.975454430677928e-06,0.4788377079813699,0.9763153611636514,0.4834748584748585,0.25937114356232,0.4820185941509471,0.4082881987293752,0.4788377079813699,0.5290700701270059,113550,1196,87,0.0105328049317481,0.0007661822985468,112331,23,1132,64
P2,sen1floods11,dofa_upernet,F2,13,USA_1010394,USA,0.1739764809608459,0.6195812821388245,0.0180913805961608,5.597633389697876e-06,0.4901777909555489,0.9125073017534052,0.5418111300464241,0.2863092789563377,0.5672930011165305,0.4651378033730974,0.4901777909555489,0.4901231379342546,262131,1481,1192,0.005649846832309,0.0045473446482865,259534,1116,1405,76
P2,sen1floods11,dofa_upernet,F2,13,USA_1039203,USA,0.2462175041437149,0.7591326832771301,0.01557457447052,6.190650765347527e-06,0.4597096069440719,0.7560145052411754,0.5877633396015749,0.3928804039098157,0.5550411598205716,0.5118949677773207,0.4597096069440719,0.5101200849686836,262112,1611,4471,0.0061462275668416,0.0170575937004028,256581,3920,1060,551
P2,sen1floods11,dofa_upernet,F2,13,USA_1049586,USA,0.1356504559516906,0.5424007177352905,0.0206647515296936,4.76653485748102e-06,0.2878586015785866,0.8769509023343693,0.5329382627176745,0.2155001860884213,0.5486309034103152,0.4323564507388037,0.2878586015785866,0.434480125341354,262061,2122,1372,0.0080973513800222,0.0052354222871774,259617,322,1072,1050
P2,sen1floods11,dofa_upernet,F2,13,USA_1068362,USA,0.3794235289096832,0.9432979226112366,0.0087873935699462,2.038624734268524e-05,0.2844636637229918,0.3202207975063944,0.4436470392352745,0.7453637049225285,0.490398082309847,0.5598029421558833,0.2844636637229918,0.4771574156051135,262124,31182,35416,0.118958965985564,0.1351116265584227,218286,12656,8422,22760
P2,sen1floods11,dofa_upernet,F2,13,USA_1082482,USA,0.1365317404270172,0.5460793972015381,0.0133309364318847,4.481711584958248e-06,0.40673608765587,0.9345020740064972,0.4310707674678262,0.2057599263481616,0.4370231484202072,0.3579512807453984,0.40673608765587,0.4748078927068494,262130,2206,800,0.0084156716133216,0.0030519208026551,259613,311,1717,489
P2,sen1floods11,dofa_upernet,F2,13,USA_11422,USA,0.3674285113811493,0.9335749745368958,0.0099789500236511,1.851106389949564e-05,0.3218747233888878,0.1972261093101435,0.4977516356192826,0.7155742541771954,0.541644629879924,0.5849901732254673,0.3218747233888878,0.3907853367494718,262142,36020,66391,0.1374064438357836,0.2532634984092591,194066,32056,1685,34335
P2,sen1floods11,dofa_upernet,F2,13,USA_114964,USA,0.1596719771623611,0.5994744896888733,0.0139219760894775,4.241609076416353e-06,0.5024396757272294,0.9255026592339936,0.4634189340071693,0.2178715891951186,0.4242509941039353,0.3685138391020744,0.5024396757272294,0.5030112749836275,262125,354,925,0.0013505007153075,0.0035288507391511,260846,925,354,0
P2,sen1floods11,dofa_upernet,F2,13,USA_115033,USA,0.1410194039344787,0.5596927404403687,0.0274571776390075,5.022059667680878e-06,0.3674298863105225,0.9272578080855148,0.5643712904742317,0.2393574562692209,0.5964568519715578,0.4667285329050035,0.3674298863105225,0.4818888104609203,262109,2359,788,0.0090000724889263,0.0030063828407265,259635,115,1686,673
P2,sen1floods11,dofa_upernet,F2,13,USA_170264,USA,0.3797148466110229,0.9447501301765442,0.0096895694732666,2.348013913433533e-05,0.2223364113941519,0.2386882010392542,0.5036348455466102,0.774826888797477,0.5702336878807467,0.616231807408278,0.2223364113941519,0.4330275374783048,261982,43535,53723,0.1661755387774732,0.2050637066668702,202971,15476,5288,38247
P2,sen1floods11,dofa_upernet,F2,13,USA_179917,USA,0.1583428978919983,0.5807923674583435,0.009186565876007,4.857219209952746e-06,0.3864093117955683,0.9367805366074804,0.2403846153846153,0.2440604738398855,0.2467746714070243,0.2437399202105084,0.3864093117955683,0.4882303681314671,262094,511,877,0.0019496821750974,0.0033461277251673,260966,617,251,260
P2,sen1floods11,dofa_upernet,F2,13,USA_181263,USA,0.3877459168434143,0.9523001313209534,0.0212979316711425,3.76628631784115e-05,0.5328792228670585,0.5512092696223316,0.7974709114414997,0.8325516395369337,0.9011497081350022,0.8437240863711452,0.5328792228670585,0.5846041790320283,207499,1065,14360,0.005132554855686,0.069205152795917,192189,14245,950,115
P2,sen1floods11,dofa_upernet,F2,13,USA_181503,USA,0.2718954980373382,0.8089492917060852,0.017979621887207,8.44467467686627e-06,0.4878866393613906,0.7130575203245704,0.6419921989774932,0.4630914428708547,0.6364297467238644,0.5805044628574041,0.4878866393613906,0.5079965363342177,262115,1194,5870,0.0045552524655208,0.0223947503958186,255379,5542,866,328
P2,sen1floods11,dofa_upernet,F2,13,USA_19225,USA,0.2220570892095565,0.7200255393981934,0.0140638351440429,7.601301604154287e-06,0.4163318359102843,0.8471050470964517,0.5159411666764608,0.3949334978746743,0.5562550194903135,0.4890432280138162,0.4163318359102843,0.4974120481892512,262122,1391,2461,0.0053066892515698,0.0093887579066236,258851,1880,810,581
P2,sen1floods11,dofa_upernet,F2,13,USA_198411,USA,0.4207222461700439,0.9755741357803344,0.0347427725791931,4.165255450061522e-05,0.229332285126832,0.4738483280635345,0.8887032085561497,0.8886677048441755,0.9614490901255608,0.9129400011752952,0.229332285126832,0.6019364705284433,84222,8737,8981,0.1037377407328251,0.1066348460022321,73139,2346,2102,6635
P2,sen1floods11,dofa_upernet,F2,13,USA_211406,USA,0.2352569103240966,0.7275180816650391,0.0210205316543579,5.954517291684169e-06,0.4226639348701898,0.8282772305416318,0.6159147225323696,0.3544127441186264,0.6045670016258252,0.5249648227589404,0.4226639348701898,0.5040715785783025,262101,1130,3034,0.0043113151037195,0.0115756902873319,258530,2441,537,593
P2,sen1floods11,dofa_upernet,F2,13,USA_217598,USA,0.3626971542835235,0.9290279746055604,0.0124716758728027,3.289707819931209e-05,0.2394377445987001,0.2663023012710143,0.6291092485945426,0.793577745783628,0.7644089978648801,0.7290319974143502,0.2394377445987001,0.4322541437510224,257297,45251,43871,0.1758706864052048,0.1705072348297881,202146,9900,11280,33971
P2,sen1floods11,dofa_upernet,F2,13,USA_224165,USA,0.1047852709889411,0.4740608334541321,0.0093717575073242,3.388492132216925e-06,0.5003071042170559,0.9999999999925224,0.1817508471920236,0.0844259906759906,0.1636310992928639,0.1432693123869594,0.5003071042170559,0.4873941910195967,262126,161,0,0.0006142084341118,0.0,261965,0,161,0
P2,sen1floods11,dofa_upernet,F2,13,USA_225017,USA,0.3221626579761505,0.8781154751777649,0.0107634663581848,1.525964034954086e-05,0.2197854334646152,0.4323623499728295,0.4748241954124307,0.63131537580067,0.5451074660633484,0.5504156790921497,0.2197854334646152,0.4521687161266151,262138,16780,18491,0.0640120852375466,0.070539181652412,240042,5316,3605,13175
P2,sen1floods11,dofa_upernet,F2,13,USA_231124,USA,0.2705907821655273,0.8037478923797607,0.0220879316329956,3.684463445097208e-05,0.4869277501012974,0.8847290817165859,0.6711493163699047,0.7006039303833421,0.9030993516287632,0.75828419946067,0.4869277501012974,0.5746297068694456,129409,3839,642,0.0296656337658122,0.0049610150762311,125170,400,3597,242
P2,sen1floods11,dofa_upernet,F2,13,USA_232060,USA,0.1955738663673401,0.6685954928398132,0.0274287462234497,5.759482064604526e-06,0.4463413863232184,0.8873313947231456,0.6236018883077707,0.3265527364792071,0.624421534348005,0.524858719711661,0.4463413863232184,0.505595301624618,262127,1713,1725,0.0065350002098219,0.0065807795457926,259051,1363,1351,362
P2,sen1floods11,dofa_upernet,F2,13,USA_251323,USA,0.1787509173154831,0.6334631443023682,0.0189419984817504,6.444241989811417e-06,0.4687935921750009,0.918596516904071,0.5635596021625433,0.3236389835654542,0.6037553133141369,0.4969846330140448,0.4687935921750009,0.5156429025111019,261038,695,897,0.0026624476129912,0.0034362813077023,259547,796,594,101
P2,sen1floods11,dofa_upernet,F2,13,USA_260929,USA,0.2220769822597503,0.7255496978759766,0.011137843132019,7.2292891672987025e-06,0.4724234033667462,0.9036965401958256,0.3991872098489746,0.3841109870521635,0.4212142024642025,0.4015041331217802,0.4724234033667462,0.5248913748985655,262134,5020,1517,0.0191505108074496,0.0057871165129285,256062,1052,4555,465
P2,sen1floods11,dofa_upernet,F2,13,USA_275372,USA,0.1840438246726989,0.6485030651092529,0.0148636102676391,5.672678980772616e-06,0.427419551377617,0.9148664887750336,0.507381099292864,0.3024316369904605,0.5204170829170829,0.4434099397334692,0.427419551377617,0.5031442908587132,262138,2722,1196,0.0103838436243505,0.0045624823566213,258749,667,2193,529
P2,sen1floods11,dofa_upernet,F2,13,USA_308150,USA,0.2898426055908203,0.8359488248825073,0.0144463181495666,8.800569958111737e-06,0.3922450878205755,0.7734296715790911,0.5886509324009324,0.4933944731738849,0.5820062290650525,0.5546838782132899,0.3922450878205755,0.5536738076378007,262027,2907,4532,0.0110942765440202,0.0172959275189198,255995,3125,1500,1407
P2,sen1floods11,dofa_upernet,F2,13,USA_347609,USA,0.3476402163505554,0.9111061692237854,0.0191715359687805,3.618489427026361e-05,0.4931487372709199,0.7471135794452202,0.7387538931656579,0.7794607353430882,0.8918471234647705,0.8033539173245056,0.4931487372709199,0.6049467558231523,204416,1642,4955,0.0080326393237319,0.0242397855353788,198093,4681,1368,274
P2,sen1floods11,dofa_upernet,F2,13,USA_348639,USA,0.3498868942260742,0.9125502705574036,0.0128693580627441,1.9196078937966377e-05,0.2475293563717202,0.3345510689827479,0.6310521586256881,0.6977875066110361,0.7024721601927484,0.6771039418098243,0.2475293563717202,0.4549217583822886,262118,27154,29767,0.1035945642802096,0.1135633569613685,225853,9111,6498,20656
P2,sen1floods11,dofa_upernet,F2,13,USA_350244,USA,0.1743073314428329,0.6256310343742371,0.0079628229141235,4.564407390716951e-06,0.4864039293681407,0.9317661849342144,0.1894502556267262,0.246821805645335,0.1640810170221934,0.2001176927647515,0.4864039293681407,0.5019171844332972,262120,1285,954,0.0049023348084846,0.0036395544025637,259958,877,1208,77
P2,sen1floods11,dofa_upernet,F2,13,USA_354981,USA,0.2455661296844482,0.7691959738731384,0.0147269368171691,7.027074843790615e-06,0.4389466694492612,0.9218631548875494,0.5802989902254608,0.4158702816791052,0.5609378366731308,0.5190357028592323,0.4389466694492612,0.5951738280646199,262011,1724,1241,0.0065798764174023,0.0047364423631068,259389,898,1381,343
P2,sen1floods11,dofa_upernet,F2,13,USA_366607,USA,0.339422196149826,0.901416540145874,0.0074825286865234,1.6194779163924977e-05,0.1093741956377214,0.2211482546164473,0.3264756077256077,0.6513780337309749,0.3841605698223345,0.4540047370929724,0.1093741956377214,0.3565290567358403,262139,49325,52179,0.1881635315614998,0.1990508852173846,206550,6264,3410,45915
P2,sen1floods11,dofa_upernet,F2,13,USA_375183,USA,0.2292428165674209,0.7293331623077393,0.0120169520378112,9.137200322584247e-06,0.3678304946040824,0.7766670607296946,0.4611577148341854,0.4329634825958355,0.52836073240485,0.4741606432782904,0.3678304946040824,0.4814467745565284,262065,6518,3749,0.0248716921374468,0.0143056112033274,254083,1464,4233,2285
P2,sen1floods11,dofa_upernet,F2,13,USA_387945,USA,0.3588386476039886,0.9219268560409546,0.0133540630340576,1.3757152373727877e-05,0.3338298376694992,0.5263239534029265,0.6517593925682161,0.6639273716479599,0.6745019686196156,0.6633962442785972,0.3338298376694992,0.5237570357697343,262139,13453,15015,0.0513201011677011,0.057278771949233,241545,7141,5579,7874
P2,sen1floods11,dofa_upernet,F2,13,USA_430764,USA,0.3969539701938629,0.9593824744224548,0.0092545747756958,2.1192608983255923e-05,0.3597404199404961,0.4335278446795324,0.4946438365556013,0.7709833059097765,0.5253906632583103,0.5970059352412294,0.3597404199404961,0.542832843611844,262137,15439,25370,0.0588966837951147,0.096781453972541,232073,14625,4694,10745
P2,sen1floods11,dofa_upernet,F2,13,USA_438959,USA,0.3154362440109253,0.871959388256073,0.0190783739089965,2.581921398814302e-05,0.3012763851616883,0.5821382993681445,0.7060861932185463,0.7231163444398738,0.8681704325086679,0.7657909900556961,0.3012763851616883,0.5136877431805985,253900,6303,10249,0.024824734147302,0.0403662859393462,242279,5318,1372,4931
P2,sen1floods11,dofa_upernet,F2,13,USA_486103,USA,0.3025614619255066,0.8504177927970886,0.0099768638610839,9.37442837312119e-06,0.4819086187052764,0.6870245202330114,0.4186389590801355,0.5104876740906152,0.415670726332491,0.4482657865010806,0.4819086187052764,0.5131079797574546,262060,7242,7162,0.0276348927726474,0.0273296191711821,248759,6059,6139,1103
P2,sen1floods11,dofa_upernet,F2,13,USA_504150,USA,0.1973071843385696,0.6672340035438538,0.0287940502166748,8.55179223435698e-06,0.336389273666035,0.810426294697832,0.6236018883077707,0.3935249799220387,0.6913937777908367,0.569506882006882,0.336389273666035,0.4781593553710765,262126,3262,2878,0.0124443969693963,0.0109794526296513,257540,1324,1708,1554
P2,sen1floods11,dofa_upernet,F2,13,USA_519181,USA,0.1946461051702499,0.6578525304794312,0.0124647617340087,6.773615496058483e-06,0.4595840632384609,0.8354971523010533,0.4494825027913263,0.3411698595522124,0.4878399786488021,0.4261641136641136,0.4595840632384609,0.4661482877698156,262127,2152,2595,0.0082097609174178,0.0098997814036707,257795,2180,1737,415
P2,sen1floods11,dofa_upernet,F2,13,USA_527077,USA,0.3087790012359619,0.8579356074333191,0.0255197286605834,8.227704711316619e-06,0.4933868328359511,0.5872708851676767,0.7271411186852363,0.4952259750053868,0.6857676637088402,0.6360449191331544,0.4933868328359511,0.5066566905627068,262127,1646,10655,0.0062793989173187,0.0406482353973455,250471,10010,1001,645
P2,sen1floods11,dofa_upernet,F2,13,USA_58086,USA,0.3550749123096466,0.9172001481056212,0.0095494389533996,1.596073889231775e-05,0.3140176311616165,0.3271023136324843,0.4570784607549313,0.6695534857299563,0.4965879708526767,0.5410733057791881,0.3140176311616165,0.4483943139759625,262112,15894,30928,0.0606382004639238,0.1179953607618117,229701,16517,1483,14411
P2,sen1floods11,dofa_upernet,F2,13,USA_595451,USA,0.3870790004730224,0.9504302144050598,0.0079063773155212,1.574669840920251e-05,0.4711986043565164,0.2136654666547752,0.4140589802354508,0.7171296840414487,0.4059922920217038,0.5123936520995345,0.4711986043565164,0.422356710849623,262136,20531,63493,0.0783219397564622,0.2422139652699362,195419,46186,3224,17307
P2,sen1floods11,dofa_upernet,F2,13,USA_604222,USA,0.3441638052463531,0.9069886207580566,0.0097456574440002,1.406585124641424e-05,0.4371064769746539,0.538979599449193,0.4608663395428101,0.6565744304714893,0.4947497355585591,0.5373968351909529,0.4371064769746539,0.5116360401487954,262123,6641,13788,0.0253354341282527,0.052601259713951,244818,10664,3517,3124
P2,sen1floods11,dofa_upernet,F2,13,USA_605492,USA,0.3705465793609619,0.9362462162971495,0.0104464292526245,1.8121383618563414e-05,0.547616065259342,0.353011166273749,0.5264098646451587,0.7233581369610782,0.5587310973340385,0.6028330329800918,0.547616065259342,0.486815004333147,262125,3031,30166,0.0115631855030996,0.1150824988078206,229754,29340,2205,826
P2,sen1floods11,dofa_upernet,F2,13,USA_638521,USA,0.3114639222621918,0.8651764392852783,0.0119106173515319,1.055424854712328e-05,0.5133001490632617,0.5918900780548539,0.5502469344381109,0.5617336095277272,0.5547363176039646,0.5555722871899342,0.5133001490632617,0.5164484912045428,262141,5164,10628,0.0196993221205381,0.0405430665176374,246812,10165,4701,463
P2,sen1floods11,dofa_upernet,F2,13,USA_646878,USA,0.2326147407293319,0.7346603870391846,0.0162902474403381,2.3567006792291068e-05,0.4007975522783384,0.7508589480149629,0.5820056169320876,0.6103571673424615,0.8168620595091185,0.6697416145945558,0.4007975522783384,0.4758506206477242,252297,2424,3586,0.0096077242297768,0.014213407214513,247346,2527,1365,1059
P2,sen1floods11,dofa_upernet,F2,13,USA_652955,USA,0.3517215549945831,0.913220465183258,0.0139996409416198,1.072366376320133e-05,0.3557108238906007,0.4843267476419203,0.6536533319621555,0.6000274235568352,0.6236367798867799,0.6257725118019235,0.3557108238906007,0.504205684268729,262141,8527,16679,0.0325282958407879,0.0636260638358745,243294,10320,2168,6359
P2,sen1floods11,dofa_upernet,F2,13,USA_655230,USA,0.1810239553451538,0.6390825510025024,0.0206497907638549,4.708516826212872e-06,0.4588416842884377,0.9397099985126244,0.5777323167029049,0.2573180495974613,0.5456547129341247,0.4602350264114969,0.4588416842884377,0.5304190624775993,262129,1145,890,0.0043680783125865,0.0033952748455912,260260,724,979,166
P2,sen1floods11,dofa_upernet,F2,13,USA_66026,USA,0.1979535222053527,0.6659712791442871,0.0211988687515258,4.464693574846024e-06,0.4846602311810756,0.9504657988607202,0.5881171524553878,0.2609388160858749,0.5388906436700555,0.462648870737106,0.4846602311810756,0.5456600024568782,262141,987,757,0.0037651492898859,0.0028877588778558,260459,695,925,62
P2,sen1floods11,dofa_upernet,F2,13,USA_664261,USA,0.3795468807220459,0.9433640837669371,0.015867531299591,1.6611269529676065e-05,0.4255265703337815,0.5102761360967778,0.7320522614640261,0.7141669604904899,0.74760656010656,0.7312752606870253,0.4255265703337815,0.5478200588683504,262087,4815,17090,0.01837176204848,0.0652073548096624,243907,13365,1090,3725
P2,sen1floods11,dofa_upernet,F2,13,USA_66511,USA,0.1439178586006164,0.5627831220626831,0.0117820501327514,4.429051386978244e-06,0.4940345407853717,0.9760257636902784,0.3617883342148048,0.2075981616422793,0.3621146010851893,0.3105003656474245,0.4940345407853717,0.4975640677428568,262136,2727,332,0.0104029969176305,0.0012665181432538,259146,263,2658,69
P2,sen1floods11,dofa_upernet,F2,13,USA_670826,USA,0.16397325694561,0.6046217679977417,0.0101933479309082,4.735279617307242e-06,0.5066416919719836,0.9660980126310648,0.299026341305753,0.2411399874635168,0.2831267996709173,0.2744310428133957,0.5066416919719836,0.5166554286307631,262132,3010,472,0.0114827644087711,0.001800619535196,258650,472,3010,0
P2,sen1floods11,dofa_upernet,F2,13,USA_67102,USA,0.3120728433132171,0.862303614616394,0.010823369026184,1.2894911378680264e-05,0.2383051004899603,0.4814832493289391,0.4693094895300778,0.6060018412959589,0.5290965162288692,0.5348026156849687,0.2383051004899603,0.4551236305577494,262091,9491,14514,0.0362126131763395,0.0553777123212929,246612,5988,965,8526
P2,sen1floods11,dofa_upernet,F2,13,USA_693819,USA,0.1708998531103134,0.6271302103996277,0.0229837894439697,5.281482572172536e-06,0.4384021077576158,0.9513320161645432,0.5796819601966661,0.278525396172455,0.5822284333313745,0.4801452632334985,0.4384021077576158,0.528186878899139,262104,2454,661,0.0093626957238348,0.0025218997039343,259353,297,2090,364
P2,sen1floods11,dofa_upernet,F2,13,USA_741073,USA,0.2784533500671386,0.8110138177871704,0.0197242498397827,9.64597893471364e-06,0.4456897511698309,0.7783151794978531,0.6647672180760417,0.4910628587099175,0.6812238007090949,0.6123512924983513,0.4456897511698309,0.543814047911211,262115,3375,4397,0.0128760276977662,0.0167750796406157,255246,3494,2472,903
P2,sen1floods11,dofa_upernet,F2,13,USA_741178,USA,0.1631955653429031,0.606948971748352,0.0247510075569152,5.6819585552148055e-06,0.4502743741978722,0.8618551585278075,0.5817350541615247,0.286253574856516,0.6109490999196883,0.492979242979243,0.4502743741978722,0.4544481243127874,262117,1446,1799,0.0055166204404903,0.0068633472838465,259192,1479,1126,320
P2,sen1floods11,dofa_upernet,F2,13,USA_758178,USA,0.2334193289279937,0.7363019585609436,0.0122418403625488,6.7242144723422825e-06,0.4443028430465436,0.8346456967124688,0.4783623239505592,0.3793522653816771,0.4785373939785704,0.4454173277702689,0.4443028430465436,0.5055618100056618,262133,1617,2840,0.0061686243242933,0.0108341948552833,258170,2346,1123,494
P2,sen1floods11,dofa_upernet,F2,13,USA_761032,USA,0.3127498030662536,0.8617435097694397,0.016361117362976,1.0023167305917012e-05,0.3541081000361632,0.637073945316535,0.667362661847956,0.5362254167401226,0.6573732639909111,0.6203204475263299,0.3541081000361632,0.5250377571855045,262125,12117,8441,0.0462260371959942,0.0322021936099189,246690,3318,6994,5123
P2,sen1floods11,dofa_upernet,F2,13,USA_770353,USA,0.4332813620567322,0.9828258156776428,0.0146944522857666,2.4981338356155906e-05,0.4069946443965431,0.2385223594957152,0.8048036522301227,0.8732670515758751,0.7938299445652387,0.8239668827904122,0.4069946443965431,0.5328104982139206,262141,34427,76300,0.1313300857172285,0.2910647323387032,182730,44984,3111,31316
P2,sen1floods11,dofa_upernet,F2,13,USA_778194,USA,0.3264201283454895,0.8852201700210571,0.0215166807174682,1.03154106909642e-05,0.3851788231070052,0.6455751145473033,0.7202589077589078,0.555094415388533,0.7046923664570723,0.6600152298681711,0.3851788231070052,0.5393181581276466,262070,3838,8753,0.0146449421910176,0.0333994734231312,252063,6169,1254,2584
P2,sen1floods11,dofa_upernet,F2,13,USA_788696,USA,0.3382003307342529,0.9002061486244202,0.011042833328247,1.018435250443872e-05,0.0854396360851679,0.1249450130937117,0.507471694971695,0.5647165334665334,0.4822830355918591,0.5181570880100291,0.0854396360851679,0.3237576654978929,262126,111448,108394,0.4251695749372439,0.4135186894852094,146502,4176,7230,104218
P2,sen1floods11,dofa_upernet,F2,13,USA_806273,USA,0.2914276421070099,0.8321082592010498,0.0085313320159912,8.027770491025876e-06,0.4696407839041305,0.6622361960101089,0.3272248584748585,0.47510761297526,0.3022932949403538,0.3682085887968241,0.4696407839041305,0.4906538965414806,262131,5787,7614,0.0220767478855991,0.0290465454295752,249976,6368,4541,1246
P2,sen1floods11,dofa_upernet,F2,13,USA_826217,USA,0.2148231863975525,0.7076417207717896,0.0188239216804504,7.002267921052408e-06,0.1928120128651742,0.6903650313456343,0.5906568921274804,0.3689117255293725,0.618254294724883,0.525940970793912,0.1928120128651742,0.433296842734297,262126,4498,4859,0.0171596865629506,0.0185368868406796,256360,1268,907,3591
P2,sen1floods11,dofa_upernet,F2,13,USA_831672,USA,0.4163271784782409,0.9729235768318176,0.0080655217170715,2.2378231733455323e-05,0.3956648873489239,0.4402801430472975,0.4480794940353764,0.8011602368220014,0.4635780885780885,0.5709392731451555,0.3956648873489239,0.5638489624060394,262116,20957,27463,0.0799531505135131,0.1047742221001388,225166,15993,9487,11470
P2,sen1floods11,dofa_upernet,F2,13,USA_84195,USA,0.2766101956367492,0.8090917468070984,0.0112828612327575,1.0691951501939911e-05,0.372558545112274,0.6589622407016092,0.4658264529588059,0.5193323833029715,0.5165049411372941,0.5005545924663571,0.372558545112274,0.4801886081777718,262137,3811,7147,0.0145381994911057,0.0272643693946295,253567,4759,1423,2388
P2,sen1floods11,dofa_upernet,F2,13,USA_86502,USA,0.4113544225692749,0.9694553017616272,0.0115066766738891,2.1418027245090343e-05,0.4384036745950256,0.3020292059977865,0.6301712992889463,0.7861758339699516,0.6457255979314802,0.6873575770634593,0.4384036745950256,0.5097931227984032,262132,66362,45983,0.2531625288022828,0.1754192544214365,179137,16633,37012,29350
P2,sen1floods11,dofa_upernet,F2,13,USA_905409,USA,0.2948400378227234,0.8417320847511292,0.0103675127029418,1.273046109417919e-05,0.0730238502301071,0.2194070505160574,0.4309110007639419,0.5799445652386828,0.5071399189046247,0.5059984949690831,0.0730238502301071,0.3136224514651067,262099,44467,45012,0.1696572669105948,0.1717366338673554,214501,3131,2586,41881
P2,sen1floods11,dofa_upernet,F2,13,USA_908474,USA,0.3732613325119018,0.9373925924301147,0.0245605111122131,7.181785804277752e-06,0.5170970921218001,0.6179886367659915,0.7927813607960668,0.5467492066756773,0.6484936631995456,0.6626747435570965,0.5170970921218001,0.5990404966329037,262071,1846,11579,0.0070438926855699,0.0441826833186426,248851,11374,1641,205
P2,sen1floods11,dofa_upernet,F2,13,USA_933610,USA,0.2488339394330978,0.7634254693984985,0.0099042654037475,8.858797627908643e-06,0.3141581263649695,0.7220972450397739,0.3795267232767232,0.4609906025347202,0.4052858905800082,0.4152677387971505,0.3141581263649695,0.4891960661827144,262027,3823,5096,0.0145900994935636,0.0194483774572849,255596,2608,1335,2488
P2,sen1floods11,dofa_upernet,F2,13,USA_955053,USA,0.4105468690395355,0.9694903492927552,0.0097711086273193,2.2986137992120348e-05,0.4177267930805786,0.2174867633590236,0.5367255293725881,0.795534122740005,0.5616381167851756,0.6312992562992562,0.4177267930805786,0.4498209621920305,262140,35838,72003,0.1367132066834515,0.2746738384069581,183717,42585,6420,29418
P2,sen1floods11,dofa_upernet,F2,13,USA_986268,USA,0.2017911225557327,0.6641730666160583,0.0107879638671875,6.382430910889525e-06,0.370557246215545,0.7710630311567047,0.3475525699790406,0.3333235392058922,0.3743872549019608,0.3517544546956312,0.370557246215545,0.4473808599278778,262123,9092,3692,0.0346860061879346,0.0140849906341679,252184,847,6247,2845
P2,sen1floods11,dofa_upernet,F2,13,USA_994009,USA,0.1677777916193008,0.6141038537025452,0.0140358805656433,4.793556399818044e-06,0.4811432345667356,0.967085219307458,0.4690450480891657,0.2489863078098372,0.4572039480127715,0.3917451013039248,0.4811432345667356,0.5267771298196043,262018,1897,470,0.0072399606133929,0.0017937698936714,259755,366,1793,104
P2,sen1floods11,dofa_upernet,F2,37,Ghana_103272,GHA,0.1300761997699737,0.5138336420059204,0.0125024914741516,5.624453024211107e-06,0.1993202940388745,0.8144062237231393,0.3955927650780592,0.2963598901098901,0.4888028638028638,0.3935851729969377,0.1993202940388745,0.3665245427002457,259269,1558,2315,0.0060092027970949,0.0089289502408695,256856,855,98,1460
P2,sen1floods11,dofa_upernet,F2,37,Ghana_1033830,GHA,0.4427071809768677,0.987500011920929,0.0127083659172058,1.4690273928863462e-05,0.2744657169050367,0.2254575318281598,0.7929980558657029,0.864860629566512,0.6712619488354783,0.7763735447558977,0.2744657169050367,0.5502525490252766,233229,96811,69343,0.4150898901937581,0.2973172289895339,132940,3478,30946,65865
P2,sen1floods11,dofa_upernet,F2,37,Ghana_1078550,GHA,0.0802178755402565,0.401528000831604,0.0110909938812255,4.08041069022147e-06,0.5026836395263672,0.9999999999923826,0.227336389101095,0.0564613082995435,0.2689804068480539,0.1842593680828975,0.5026836395263672,0.4385844926433072,262144,1407,0,0.0053672790527343,0.0,260737,0,1407,0
P2,sen1floods11,dofa_upernet,F2,37,Ghana_1089161,GHA,0.1121208220720291,0.477020263671875,0.0136774778366088,5.442201199912233e-06,0.2100820805386403,0.8018460612514764,0.409973604826546,0.2576920628391216,0.5175167969285617,0.3950608215314098,0.2100820805386403,0.3399342662061918,236164,2907,2165,0.0123092427296285,0.0091673582764519,232965,292,1034,1873
P2,sen1floods11,dofa_upernet,F2,37,Ghana_11745,GHA,0.0780555084347724,0.3930276036262512,0.0149189233779907,3.984067461715313e-06,0.0,0.9999999999922836,0.3674909649174355,0.0103848357524828,0.3778758006699184,0.2519172004466122,0.0,0.4005956645070237,262144,0,0,0.0,0.0,262144,0,0,0
P2,sen1floods11,dofa_upernet,F2,37,Ghana_124834,GHA,0.0800289139151573,0.4003118276596069,0.0173614621162414,4.035423899040325e-06,0.0,0.9999999999923356,0.4102594709212356,0.0405127960275019,0.4359549763961529,0.2955757477816301,0.0,0.4323265285916373,262144,0,0,0.0,0.0,262144,0,0,0
P2,sen1floods11,dofa_upernet,F2,37,Ghana_128663,GHA,0.118590272963047,0.4935923516750335,0.0132535696029663,5.85046791456989e-06,0.5037696626551691,0.8928060273516542,0.4214896622984858,0.2918717312099664,0.5363925290395879,0.4165846408493467,0.5037696626551691,0.3984955542566907,168848,0,1273,0.0,0.0075393253103382,167575,1273,0,0
P2,sen1floods11,dofa_upernet,F2,37,Ghana_132163,GHA,0.1020961329340934,0.453281819820404,0.0136173963546752,4.607175924320472e-06,0.0,0.9498620289739076,0.3976391255803021,0.1885473595032418,0.4607065728389258,0.3489643526408232,0.0,0.4032374890347388,55761,0,0,0.0,0.0,55761,0,0,0
P2,sen1floods11,dofa_upernet,F2,37,Ghana_134751,GHA,0.3437822461128235,0.9072502851486206,0.035943865776062,7.611536420881748e-05,0.5022568568621724,0.9684246341295444,0.8213906191847368,0.8377278358896005,0.9836627832951362,0.8809270794564913,0.5022568568621724,0.6899475102474206,37663,0,170,0.0,0.0045137137243448,37493,170,0,0
P2,sen1floods11,dofa_upernet,F2,37,Ghana_135389,GHA,0.4143245816230774,0.9695366621017456,0.0510540604591369,0.0001095971892937,0.5126885683467168,0.9083129005440927,0.9046664120193532,0.9046664120193532,1.0,0.9364442746795688,0.5126885683467168,0.7292457056071826,24624,252,412,0.0102339181286549,0.0167316439246263,23961,411,251,1
P2,sen1floods11,dofa_upernet,F2,37,Ghana_141271,GHA,0.0791299268603324,0.3967159986495971,0.009978711605072,3.971084879594855e-06,0.5031204223632812,0.999999999992258,0.1778595179330473,0.0177934810287751,0.1808357084092378,0.1254962357903534,0.5031204223632812,0.4046759414187715,262144,1636,0,0.0062408447265625,0.0,260508,0,1636,0
P2,sen1floods11,dofa_upernet,F2,37,Ghana_141910,GHA,0.41994309425354,0.975657284259796,0.007699966430664,1.3041131751378998e-05,0.5675413394267309,0.1253081019556756,0.4666234500793325,0.7748146461381755,0.4016222747840395,0.5476867903338491,0.5675413394267309,0.4358345574045539,262144,70650,168937,0.2695083618164062,0.6444435119628906,90695,100799,2512,68138
P2,sen1floods11,dofa_upernet,F2,37,Ghana_142312,GHA,0.0832409858703613,0.410597562789917,0.010688841342926,4.074679054610897e-06,0.0,0.999999999992334,0.216909316174022,0.0661458639399815,0.248868778280543,0.1773079861315155,0.0,0.4388190473321269,262144,0,0,0.0,0.0,262144,0,0,0
P2,sen1floods11,dofa_upernet,F2,37,Ghana_144050,GHA,0.0843736007809639,0.4158646166324615,0.013278305530548,4.057015303260414e-06,0.0,0.9999999999924007,0.3679476161093808,0.078368934986582,0.3764317790053084,0.2742494433670904,0.0,0.4691534256449893,23551,0,0,0.0,0.0,23551,0,0,0
P2,sen1floods11,dofa_upernet,F2,37,Ghana_146222,GHA,0.0756899863481521,0.3852105736732483,0.0262295603752136,4.124829047214007e-06,0.0,0.999999999992276,0.4607353430882843,0.058792922763511,0.5195282658517952,0.3463521772345301,0.0,0.4000684757154354,181656,0,0,0.0,0.0,181656,0,0,0
P2,sen1floods11,dofa_upernet,F2,37,Ghana_147015,GHA,0.0943465903401374,0.4454524219036102,0.0094765424728393,4.266006271791412e-06,0.5067329406738281,0.999999999992509,0.2000377073906485,0.1410133983663395,0.2229241346888405,0.1879917468152762,0.5067329406738281,0.5035221292365106,262144,3530,0,0.0134658813476562,0.0,258614,0,3530,0
P2,sen1floods11,dofa_upernet,F2,37,Ghana_154838,GHA,0.0826203972101211,0.409926176071167,0.0200563669204711,4.069798251293832e-06,0.0,0.9999999999924052,0.4434750298720887,0.0613314381696734,0.4765724471606825,0.3271263050674816,0.0,0.4518099678351084,42107,0,0,0.0,0.0,42107,0,0,0
P2,sen1floods11,dofa_upernet,F2,37,Ghana_156478,GHA,0.0761194452643394,0.3865370452404022,0.0207629203796386,4.08526875617099e-06,0.0,0.9999999999922436,0.4330344900197841,0.0490526630232512,0.4820871530430354,0.3213914353620236,0.0,0.39974174062319,262144,0,0,0.0,0.0,262144,0,0,0
P2,sen1floods11,dofa_upernet,F2,37,Ghana_161233,GHA,0.14581860601902,0.5773242115974426,0.0277548432350158,2.690475776034873e-05,0.0,0.9994823435717276,0.6045033397974575,0.6075064641241111,0.9244738105032222,0.7121612048082637,0.0,0.5441474630119058,1892,0,0,0.0,0.0,1892,0,0,0
P2,sen1floods11,dofa_upernet,F2,37,Ghana_167233,GHA,0.0765637159347534,0.3884038031101227,0.0176207423210144,4.107449967705179e-06,0.0,0.999999999992289,0.404689060939061,0.0550050439756322,0.4596941049146932,0.3064627366097954,0.0,0.4013501141274791,262144,0,0,0.0,0.0,262144,0,0,0
P2,sen1floods11,dofa_upernet,F2,37,Ghana_168875,GHA,0.0741702318191528,0.378795713186264,0.0355095863342285,4.03424155592802e-06,0.0,0.9999999999921276,0.4818245480010186,0.0331041507512095,0.5149286987522281,0.3432857991681521,0.0,0.3963650930263323,41796,0,0,0.0,0.0,41796,0,0,0
P2,sen1floods11,dofa_upernet,F2,37,Ghana_187318,GHA,0.0787808746099472,0.3954430222511291,0.0144200325012207,4.038419319840614e-06,0.0,0.9999999999923052,0.3537614346437875,0.0405127960275019,0.3794569401187048,0.2579103902633314,0.0,0.4182173231812147,262144,0,0,0.0,0.0,262144,0,0,0
P2,sen1floods11,dofa_upernet,F2,37,Ghana_194723,GHA,0.0769645273685455,0.3894326984882355,0.0164153575897216,4.080935013917042e-06,0.0,0.999999999992236,0.3960867563808741,0.0490526630232512,0.4451394194041254,0.2967596129360836,0.0,0.3994359729349668,47408,0,0,0.0,0.0,47408,0,0,0
P2,sen1floods11,dofa_upernet,F2,37,Ghana_247288,GHA,0.3921769559383392,0.9555373191833496,0.0111083388328552,1.3181808753870428e-05,0.4609741076080079,0.2690360063222146,0.6045382313764667,0.7395172229731053,0.574834479246244,0.639629977865272,0.4609741076080079,0.4729918818734764,40174,26650,27034,0.663364365012197,0.6729227858814159,7850,5674,5290,21360
P2,sen1floods11,dofa_upernet,F2,37,Ghana_24858,GHA,0.0763526037335395,0.3868728280067444,0.0170904994010925,4.054672899655998e-06,0.5009231567382812,0.9999999999922198,0.4009568862510039,0.0434265489412548,0.4443834351922587,0.2962556234615058,0.5009231567382812,0.3975825493679512,262144,484,0,0.0018463134765625,0.0,261660,0,484,0
P2,sen1floods11,dofa_upernet,F2,37,Ghana_264787,GHA,0.0766069516539573,0.3883112668991089,0.0213904380798339,4.065652774443152e-06,0.0,0.9999999999922696,0.437904619889914,0.0472144277291336,0.4851190476190476,0.3234126984126984,0.0,0.3997636451098953,181975,0,0,0.0,0.0,181975,0,0,0
P2,sen1floods11,dofa_upernet,F2,37,Ghana_308249,GHA,0.1985467970371246,0.6545412540435791,0.0087569952011108,6.306933755695354e-06,0.2765842135342322,0.625568194543136,0.2876057765763648,0.4044429834871011,0.3189353538618245,0.3369947046417634,0.2765842135342322,0.3958735106477872,262144,8030,6913,0.0306320190429687,0.0263710021972656,251964,2150,3267,4763
P2,sen1floods11,dofa_upernet,F2,37,Ghana_313799,GHA,0.13266122341156,0.5299654006958008,0.0055040121078491,4.372249804873718e-06,0.5305423293409255,0.9999999999930133,0.1168788319523613,0.21098937826879,0.0941105463164286,0.1406595855125267,0.5305423293409255,0.5884063112019275,244464,14933,0,0.0610846586818509,0.0,229531,0,14933,0
P2,sen1floods11,dofa_upernet,F2,37,Ghana_319168,GHA,0.3878854811191559,0.9517050981521606,0.0078867673873901,1.069498284778092e-05,0.1813485269727484,0.2339437585200643,0.4353152974476503,0.7156042486924841,0.3929507992007992,0.5146234484469779,0.1813485269727484,0.4359280995588609,171624,39521,36159,0.2302766512842027,0.2106873164592364,127725,4378,7740,31781
P2,sen1floods11,dofa_upernet,F2,37,Ghana_359826,GHA,0.1569435149431228,0.5716221332550049,0.0109248161315917,5.224218057264807e-06,0.4449153356649178,0.9420783206210936,0.3454156137979667,0.3002524436347966,0.3776125834949364,0.3410935469758999,0.4449153356649178,0.4682236231695944,262144,3496,847,0.013336181640625,0.0032310485839843,258278,370,3019,477
P2,sen1floods11,dofa_upernet,F2,37,Ghana_362274,GHA,0.2136633396148681,0.699469804763794,0.0094059109687805,1.0523558557906654e-05,0.1642985389723934,0.360516310700768,0.3341835860218213,0.5298292393880629,0.4738062182915123,0.4459396812337988,0.1642985389723934,0.3313514602941689,259407,18364,17534,0.0707922299706638,0.0675926247171433,238260,2783,3613,14751
P2,sen1floods11,dofa_upernet,F2,37,Ghana_406026,GHA,0.1442790776491165,0.5603469610214233,0.0129439234733581,6.948903319425881e-06,0.1395203030572893,0.6529367315059371,0.445881324557795,0.3731636011047776,0.5607297114650055,0.459924879042526,0.1395203030572893,0.3502960956171917,262144,4305,4877,0.0164222717285156,0.0186042785644531,256826,1013,441,3864
P2,sen1floods11,dofa_upernet,F2,37,Ghana_45911,GHA,0.0761813297867775,0.3856503367424011,0.024190604686737,4.000774879386881e-06,0.0,0.999999999992246,0.4494831149242914,0.0256398013750954,0.4751229162993868,0.3167486108662579,0.0,0.3996435215460773,29269,0,0,0.0,0.0,29269,0,0,0
P2,sen1floods11,dofa_upernet,F2,37,Ghana_495107,GHA,0.0827232748270034,0.409388780593872,0.0090348720550537,4.039868599647889e-06,0.5075511932373047,0.9999999999923208,0.1267445789504613,0.0472211611917494,0.145731719261131,0.1065658198011139,0.5075511932373047,0.429523115060316,262144,3959,0,0.0151023864746093,0.0,258185,0,3959,0
P2,sen1floods11,dofa_upernet,F2,37,Ghana_49890,GHA,0.0787292197346687,0.3960994184017181,0.0232093930244445,4.084390184289077e-06,0.0,0.9999999999923316,0.4568917602005837,0.0564613082995435,0.4985357779475426,0.3372962821492233,0.0,0.4310887004805753,262144,0,0,0.0,0.0,262144,0,0,0
P2,sen1floods11,dofa_upernet,F2,37,Ghana_53713,GHA,0.0835839211940765,0.4135771691799164,0.0183144807815551,4.099788384337444e-06,0.0,0.9999999999924324,0.4463398121486357,0.0862152553329023,0.4701346447669977,0.3342299040828453,0.0,0.4755626189353206,262144,0,0,0.0,0.0,262144,0,0,0
P2,sen1floods11,dofa_upernet,F2,37,Ghana_597288,GHA,0.2785949110984802,0.791069507598877,0.0075980424880981,9.3106173153501e-06,0.3337340862987147,0.7023362448534689,0.2928848112671642,0.5626775185598716,0.3498205226146402,0.4017942841472253,0.3337340862987147,0.4839371351397994,262144,5690,6350,0.0217056274414062,0.0242233276367187,253257,3197,2537,3153
P2,sen1floods11,dofa_upernet,F2,37,Ghana_61925,GHA,0.0923395156860351,0.4293966293334961,0.0135086178779602,4.426980467542308e-06,0.2748752363764036,0.9730225785379992,0.38135761297526,0.1509470921235627,0.4393878180642887,0.3238975077210371,0.2748752363764036,0.4059642205038927,262144,651,294,0.0024833679199218,0.0011215209960937,261493,0,357,294
P2,sen1floods11,dofa_upernet,F2,37,Ghana_7496,GHA,0.0753210112452507,0.3836663961410522,0.0177418589591979,4.0700906538404524e-06,0.0,0.9999999999922516,0.404689060939061,0.0490526630232512,0.4537417239623122,0.3024944826415415,0.0,0.3995071628705622,262144,0,0,0.0,0.0,262144,0,0,0
P2,sen1floods11,dofa_upernet,F2,37,Ghana_8090,GHA,0.0769807994365692,0.3895643651485443,0.0202683806419372,4.089710728294449e-06,0.5000102740077876,0.9999999999922696,0.4293580194315489,0.0520288534994417,0.4813868729309906,0.3209245819539937,0.5000102740077876,0.3997411044362537,194666,4,0,2.0548015575395805e-05,0.0,194662,0,4,0
P2,sen1floods11,dofa_upernet,F2,37,Ghana_83200,GHA,0.1068080514669418,0.4748375117778778,0.0102813243865966,4.026626356790075e-06,0.5027134348113832,0.9999999999926368,0.2626674795792442,0.1081785861197625,0.2206971949619008,0.1971810868869692,0.5027134348113832,0.5296899675615899,98215,533,0,0.0054268696227663,0.0,97682,0,533,0
P2,sen1floods11,dofa_upernet,F2,37,Ghana_866994,GHA,0.3662775754928589,0.9328922033309937,0.0325022339820861,9.47970966080902e-06,0.6819470527995921,0.0912474352219803,0.8303614277878983,0.6735427562633445,0.7802197802197802,0.7613746547570077,0.6819470527995921,0.3730223587823489,117511,105971,81914,0.901796427568483,0.6970751674311341,1051,10489,34546,71425
P2,sen1floods11,dofa_upernet,F2,37,Ghana_868803,GHA,0.4035869240760803,0.9647599458694458,0.0081999897956848,1.0316933185094967e-05,0.1530708773041083,0.1387681372685733,0.4570080654639478,0.723068598068598,0.4033913390531037,0.5278226675285499,0.1530708773041083,0.405667437448651,262144,144051,133256,0.5495109558105469,0.508331298828125,112662,5431,16226,127825
P2,sen1floods11,dofa_upernet,F2,37,Ghana_887131,GHA,0.3039018213748932,0.8509779572486877,0.0080365538597106,7.84865642344812e-06,0.3701170220692815,0.6719691207661318,0.3554956073338425,0.5661470882059116,0.3308890864037922,0.4175105939811821,0.3701170220692815,0.5202019228609484,262144,10075,7266,0.0384330749511718,0.0277175903320312,248766,3303,6112,3963
P2,sen1floods11,dofa_upernet,F2,37,Ghana_895194,GHA,0.1819017827510833,0.6185641884803772,0.0110542178153991,6.486023721663514e-06,0.1343013172748912,0.5933353229269156,0.3897732169790993,0.3963897621985857,0.4426841540812128,0.4096157110862993,0.1343013172748912,0.3743086131364069,252706,8697,7370,0.0344154867711886,0.0291643253424928,243478,531,1858,6839
P2,sen1floods11,dofa_upernet,F2,37,Ghana_953791,GHA,0.1116487011313438,0.4791194200515747,0.006289005279541,4.496243036555825e-06,0.4846914317601947,0.9917077863139956,0.0853968335585982,0.1863271532389179,0.1215751160604101,0.1310997009526421,0.4846914317601947,0.4547044551820189,262144,2772,113,0.0105743408203125,0.0004310607910156,259372,0,2659,113
P2,sen1floods11,dofa_upernet,F2,37,Ghana_97059,GHA,0.0784408599138259,0.3918241560459137,0.0165168046951293,4.171808996034088e-06,0.0,0.9999999999922444,0.3960867563808741,0.0666392431098313,0.4627259994907054,0.3084839996604703,0.0,0.3996119995173272,27394,0,0,0.0,0.0,27394,0,0,0
P2,sen1floods11,dofa_upernet,F2,37,Ghana_97516,GHA,0.1591445058584213,0.5954524278640747,0.01312917470932,5.357870577427093e-06,0.294465997526985,0.8591406678160103,0.4842375761493409,0.3356882088499736,0.5078322412881237,0.4425860087624794,0.294465997526985,0.4572264676484451,187555,771,1266,0.0041107941670443,0.006750019994135,186116,668,173,598
P2,sen1floods11,dofa_upernet,F2,37,Pakistan_1027214,PAK,0.4141552150249481,0.9714632630348206,0.0143519639968872,1.1223883120692337e-05,0.3261615623758275,0.1755939021698533,0.7577208330884802,0.7509641094199918,0.6859488550665022,0.731544599191658,0.3261615623758275,0.4424241146311604,158958,23870,32560,0.1501654525094679,0.2048339813032373,120995,14093,5403,18467
P2,sen1floods11,dofa_upernet,F2,37,Pakistan_1036366,PAK,0.3951047956943512,0.957752287387848,0.0127951502799987,1.9176435671397485e-05,0.2954547562790539,0.2711682315274579,0.6946882774088656,0.8093817946759123,0.7311726263932146,0.7450808994926642,0.2954547562790539,0.4781005079879112,110380,22673,24958,0.2054085885124116,0.2261098025004529,79750,7957,5672,17001
P2,sen1floods11,dofa_upernet,F2,37,Pakistan_132143,PAK,0.1436662971973419,0.5738885998725891,0.0080763101577758,4.697244548879098e-06,0.5002918243408203,0.9887735303016244,0.1997726538167714,0.2703870884017942,0.1945285107049812,0.2215627509745156,0.5002918243408203,0.5140868529891089,262144,0,153,0.0,0.0005836486816406,261991,153,0,0
P2,sen1floods11,dofa_upernet,F2,37,Pakistan_167553,PAK,0.3580786287784576,0.924636960029602,0.0187481045722961,1.0851492334040811e-05,0.559800489670383,0.3648993417110566,0.7770275068069186,0.6947299024504907,0.7614897357544417,0.7444157150039503,0.559800489670383,0.4974586202246325,247105,1458,28097,0.0059003257724449,0.1137047004309908,217550,28097,1458,0
P2,sen1floods11,dofa_upernet,F2,37,Pakistan_210595,PAK,0.1875690966844558,0.6600875854492188,0.0179386734962463,4.718843229056802e-06,0.5009212493896484,0.9685702531697302,0.5931397034338212,0.3210221151397622,0.537260533584063,0.4838074507192154,0.5009212493896484,0.5346134296552011,262144,0,483,0.0,0.0018424987792968,261661,483,0,0
P2,sen1floods11,dofa_upernet,F2,37,Pakistan_211386,PAK,0.2968637943267822,0.8392945528030396,0.0153082609176635,9.282051905756816e-06,0.5045353896493621,0.7743714772049486,0.65806681064034,0.5936740955123307,0.6840059450353568,0.6452489503960092,0.5045353896493621,0.5433437797161715,255405,6859,4586,0.0268553865429416,0.0179557956970302,244325,4221,6494,365
P2,sen1floods11,dofa_upernet,F2,37,Pakistan_246510,PAK,0.4407328069210052,0.9866142868995668,0.0160441994667053,2.2388445358956236e-05,0.5758020068015687,0.2746321780342083,0.8759818612759789,0.941851041115747,0.835024044582868,0.8842856489915313,0.5758020068015687,0.5887974506404077,258817,10741,69130,0.0415003651228474,0.2670999200207096,186576,61500,3111,7630
P2,sen1floods11,dofa_upernet,F2,37,Pakistan_246718,PAK,0.2858938574790954,0.829734742641449,0.0160539746284484,6.81006713421084e-06,0.3077729125053415,0.6203930792703706,0.6568731513584455,0.501816198507375,0.6140979118920296,0.5909290872526166,0.3077729125053415,0.4850665296724,235278,13126,8718,0.0557893215685274,0.0370540382016168,219929,2223,6631,6495
P2,sen1floods11,dofa_upernet,F2,37,Pakistan_336228,PAK,0.3004338145256042,0.8524531722068787,0.0095822811126708,8.439417797490023e-06,0.5382347834620407,0.5663593138630203,0.4448976268829209,0.5891792031497913,0.4433232208967503,0.4924666836431542,0.5382347834620407,0.4911548769775785,132471,0,10132,0.0,0.0764846645680941,122339,10132,0,0
P2,sen1floods11,dofa_upernet,F2,37,Pakistan_35915,PAK,0.4236659407615661,0.977666437625885,0.0128574967384338,1.6638365195831284e-05,0.209995956579747,0.2400352863763868,0.7391768770445241,0.822555508217273,0.7072106814753873,0.7563143555790615,0.209995956579747,0.4968540781378729,129233,52301,56738,0.4047031331006786,0.4390364690133325,67299,9633,5196,47105
P2,sen1floods11,dofa_upernet,F2,37,Pakistan_366265,PAK,0.3227802217006683,0.8790945410728455,0.0105820298194885,9.941345524566714e-06,0.5104799239537752,0.4201710931535726,0.5073602867720515,0.6260087951264421,0.5182807388689742,0.5505499402558226,0.5104799239537752,0.4609045689901619,127291,2,2666,1.5712029915704958e-05,0.0209441358776347,124623,2666,2,0
P2,sen1floods11,dofa_upernet,F2,37,Pakistan_401863,PAK,0.4275945425033569,0.9799752831459044,0.0131028890609741,1.4244098565541208e-05,0.5244975844209636,0.4085320290232062,0.7658854625766391,0.8018482742747448,0.6923444202855967,0.753359385712327,0.5244975844209636,0.5922419087451751,258845,3324,34545,0.0128416619984933,0.1334582472135834,223702,31819,598,2726
P2,sen1floods11,dofa_upernet,F2,37,Pakistan_43105,PAK,0.3785311281681061,0.943678081035614,0.0115152597427368,1.4854574146738742e-05,0.558265821523557,0.3690480273752086,0.6116285675109204,0.7390305772658714,0.6193989833695717,0.6566860427154545,0.558265821523557,0.5069589041457094,260942,271,30138,0.0010385449640149,0.1154969303523388,230533,30138,271,0
P2,sen1floods11,dofa_upernet,F2,37,Pakistan_474121,PAK,0.406045526266098,0.9666445851325988,0.0144928693771362,1.940666334121488e-05,0.435513287530514,0.2915040843484118,0.7480497443732738,0.8217162739221563,0.7796639634874929,0.7831433272609744,0.435513287530514,0.4926141864697989,180789,8893,28956,0.0491899396534081,0.160164611785009,150702,21194,1131,7762
P2,sen1floods11,dofa_upernet,F2,37,Pakistan_528249,PAK,0.2943932712078094,0.8442789316177368,0.0108027458190917,4.727482064481592e-06,0.0,0.6998199584600941,0.4952553573877103,0.4212466455113514,0.3391516571663631,0.4185512200218082,0.0,0.51975978839021,76982,0,0,0.0,0.0,76982,0,0,0
P2,sen1floods11,dofa_upernet,F2,37,Pakistan_548910,PAK,0.1040891408920288,0.4783214032649994,0.0137175321578979,4.178906237939373e-06,0.5072954144321499,0.999999999992741,0.4147812971342383,0.1417136784783843,0.4063461048755166,0.3209470268293797,0.5072954144321499,0.5396300387872505,235696,3439,0,0.0145908288642997,0.0,232257,0,3439,0
P2,sen1floods11,dofa_upernet,F2,37,Pakistan_65724,PAK,0.3077344298362732,0.8611878156661987,0.0163059830665588,8.056822480284609e-06,0.5163689284093034,0.6432459793753595,0.6884941039352804,0.5698792628939686,0.6639432871050519,0.6407722179781002,0.5163689284093034,0.5136485823746553,262143,0,8582,0.0,0.0327378568186066,253561,8582,0,0
P2,sen1floods11,dofa_upernet,F2,37,Pakistan_664885,PAK,0.3875677585601806,0.951185405254364,0.0131945610046386,1.139090454671532e-05,0.4105712673790218,0.2951455356360407,0.707175177763413,0.7137660133983663,0.6726012957630605,0.6978474956416133,0.4105712673790218,0.4704547687478605,73010,2383,8297,0.0326393644706204,0.1136419668538556,64576,6051,137,2246
P2,sen1floods11,dofa_upernet,F2,37,Pakistan_667363,PAK,0.3105864226818084,0.8662492036819458,0.0224729180335998,6.59674014968914e-06,0.5464866121895646,0.4952399453547378,0.747836109968463,0.5267355193825782,0.6741891686744628,0.649586932675168,0.5464866121895646,0.4751523485658184,162484,1219,14150,0.0075022771472883,0.0870854976489992,147136,14129,1198,21
P2,sen1floods11,dofa_upernet,F2,37,Pakistan_694942,PAK,0.3943243622779846,0.9577701687812804,0.0127220749855041,1.2821903510484844e-05,0.4546719141722124,0.1962186416056516,0.6880423498070556,0.7395172229731053,0.6546621270885977,0.6940738999562529,0.4546719141722124,0.4253201908059399,191444,18481,54826,0.0965347569001901,0.2863813961262824,135557,37406,1061,17420
P2,sen1floods11,dofa_upernet,F2,37,Pakistan_70625,PAK,0.4148429334163666,0.9722483158111572,0.0125055909156799,1.7725786165101454e-05,0.594618296979496,0.2616655776293731,0.7101936054141936,0.825636373430491,0.7034785067873304,0.7464361618773383,0.594618296979496,0.4996336371144103,262144,4667,58977,0.0178031921386718,0.2249794006347656,200821,56656,2346,2321
P2,sen1floods11,dofa_upernet,F2,37,Pakistan_712873,PAK,0.1564425975084304,0.5836784839630127,0.0171641707420349,4.993364655092591e-06,0.496752809894934,0.9399417641338376,0.5533828916181858,0.3043665892930599,0.5566853489647607,0.4714782766253355,0.496752809894934,0.4845958446226793,119557,1316,427,0.011007301956389,0.0035715181879772,117849,392,1281,35
P2,sen1floods11,dofa_upernet,F2,37,Pakistan_740461,PAK,0.4312782287597656,0.9819132089614868,0.0190299153327941,4.122109385207296e-05,0.6341721209140436,0.2665375906479541,0.8880659781395076,0.960601898101898,0.9274640800376096,0.9253773187596718,0.6341721209140436,0.5465839563867567,211456,0,56744,0.0,0.2683489709443099,154712,56744,0,0
P2,sen1floods11,dofa_upernet,F2,37,Pakistan_760290,PAK,0.3829346001148224,0.9482829570770264,0.0152718424797058,1.5115920177777298e-05,0.5357326401082665,0.5164119729826298,0.7465310424869248,0.7494643836555601,0.747655530743766,0.747883652295417,0.5357326401082665,0.5580396487095558,233498,0,16688,0.0,0.0714695629084617,216810,16688,0,0
P2,sen1floods11,dofa_upernet,F2,37,Pakistan_849790,PAK,0.4233602285385132,0.9774726629257202,0.0104755163192749,1.9049615730182268e-05,0.6146080344015139,0.2428804072401005,0.6215065571683219,0.8501939237233356,0.6171787771052477,0.6962930859989683,0.6146080344015139,0.4979402858711475,257239,171908,67928,0.6682812481777647,0.2640657132083393,80442,4889,108869,63039
P2,sen1floods11,dofa_upernet,F2,37,Pakistan_909806,PAK,0.1038102060556411,0.4689097702503204,0.0079889893531799,4.220707069180207e-06,0.5060797853586385,0.999999999992584,0.1284291688703453,0.143551913772502,0.1353603504338798,0.1357804776922424,0.5060797853586385,0.5204311538862214,116287,1414,0,0.012159570717277,0.0,114873,0,1414,0
P2,sen1floods11,dofa_upernet,F2,37,Pakistan_94095,PAK,0.4527269303798675,0.9914374947547911,0.011248230934143,1.469970175094204e-05,0.412389501780657,0.1596186564276072,0.728467610820552,0.8715622612681436,0.6000298720886956,0.7333532480591304,0.412389501780657,0.5249774728686071,180570,53566,88232,0.296649498809326,0.4886304480256964,87083,39921,5255,48311
P2,sen1floods11,dofa_upernet,F2,37,Pakistan_9684,PAK,0.1131056696176529,0.5010548830032349,0.014495849609375,4.25210328103276e-06,0.5052664024658741,0.9999999999928864,0.4471092632857338,0.1693520939844469,0.4282402646373234,0.3482338739691681,0.5052664024658741,0.566323888085206,113550,1196,0,0.0105328049317481,0.0,112354,0,1196,0
P2,sen1floods11,dofa_upernet,F2,37,USA_1010394,USA,0.1495035290718078,0.5753990411758423,0.0180913805961608,4.813377017853782e-06,0.5040151679885247,0.9521848004833382,0.5540831717302306,0.2811538951244833,0.5536534543887486,0.4629635070811542,0.5040151679885247,0.4829860666869978,262131,1481,624,0.005649846832309,0.0023804891447406,260026,624,1481,0
P2,sen1floods11,dofa_upernet,F2,37,USA_1039203,USA,0.2070088237524032,0.6914616823196411,0.01557457447052,5.005191724194447e-06,0.496176311636058,0.8471298320072733,0.5748730436230436,0.3489378268790033,0.5336042633836752,0.485805044628574,0.496176311636058,0.4875075289607006,262112,1611,2359,0.0061462275668416,0.0089999694786961,258228,2273,1525,86
P2,sen1floods11,dofa_upernet,F2,37,USA_1049586,USA,0.1189477816224098,0.5020043253898621,0.0206647515296936,4.705231276602717e-06,0.3199957843489025,0.921321459593154,0.5290389757301522,0.2285759583553701,0.5656059626647862,0.4410736322501028,0.3199957843489025,0.4156711070496612,262061,2122,890,0.0080973513800222,0.0033961558568424,259855,84,1316,806
P2,sen1floods11,dofa_upernet,F2,37,USA_1068362,USA,0.3809680640697479,0.9446529746055604,0.0106772184371948,1.819894532673061e-05,0.2885936333651262,0.3059598778654232,0.5702538882685941,0.7817923498070556,0.611170692053045,0.6544056433762316,0.2885936333651262,0.4681328742397056,262124,31182,39139,0.118958965985564,0.149314828096626,215764,15178,7221,23961
P2,sen1floods11,dofa_upernet,F2,37,USA_1082482,USA,0.1252286285161972,0.5201831459999084,0.0132827162742614,4.51340019935742e-06,0.4441828561034069,0.9682178709558434,0.4431824303147832,0.2214299181210945,0.4442579479344185,0.3696234321234321,0.4441828561034069,0.4546285119736249,262130,2206,408,0.0084156716133216,0.0015564796093541,259795,129,1927,279
P2,sen1floods11,dofa_upernet,F2,37,USA_11422,USA,0.3795986473560333,0.9441436529159546,0.0099789500236511,1.5840239939279854e-05,0.3487401131499383,0.1947728245982833,0.5408886456680574,0.7542788094258682,0.5542919090713209,0.6164864547217488,0.3487401131499383,0.408346861403522,262142,36020,72471,0.1374064438357836,0.2764570347368983,188499,37623,1172,34848
P2,sen1floods11,dofa_upernet,F2,37,USA_114964,USA,0.1533844172954559,0.5867193937301636,0.0136522650718688,4.471968622965505e-06,0.5020944206008584,0.9388330689180135,0.4872694707253531,0.2606468286615345,0.4431756968521675,0.3970306654130184,0.5020944206008584,0.4854369876225189,262125,354,744,0.0013505007153075,0.0028383404864091,261027,744,354,0
P2,sen1floods11,dofa_upernet,F2,37,USA_115033,USA,0.1216473132371902,0.5154282450675964,0.0274571776390075,4.639724920707522e-06,0.4076261555972895,0.9593891804105272,0.5641484740749447,0.2359846036316624,0.5933068157332864,0.4644799644799645,0.4076261555972895,0.4472733115881198,262109,2359,459,0.0090000724889263,0.0017511798526567,259745,5,1905,454
P2,sen1floods11,dofa_upernet,F2,37,USA_170264,USA,0.3825202882289886,0.9473764300346376,0.0103054046630859,1.8748431102721952e-05,0.2356360622880742,0.2333587188994907,0.5598690525161113,0.7884450108714813,0.6037620467767526,0.6506920367214485,0.2356360622880742,0.4310246861075769,261982,43535,56910,0.1661755387774732,0.217228664564741,200385,18062,4687,38848
P2,sen1floods11,dofa_upernet,F2,37,USA_179917,USA,0.1343633979558944,0.5387274026870728,0.009186565876007,4.508132406044751e-06,0.4454514233663613,0.9941912585884624,0.2451366035924859,0.2281315498227263,0.2395104895104895,0.2375928809752339,0.4454514233663613,0.5015889042543175,262094,511,80,0.0019496821750974,0.0003052340000152,261562,21,452,59
P2,sen1floods11,dofa_upernet,F2,37,USA_181263,USA,0.3848183453083038,0.9494107365608216,0.0212979316711425,3.200188439222984e-05,0.5266104857496414,0.627530217505265,0.8120745675892735,0.8626538902274197,0.9263885624179742,0.8670390067448892,0.5266104857496414,0.5911517707263928,207499,1065,11244,0.005132554855686,0.0541882129552431,195257,11177,998,67
P2,sen1floods11,dofa_upernet,F2,37,USA_181503,USA,0.242185041308403,0.7600055932998657,0.017979621887207,6.647910595347639e-06,0.4939418475956962,0.7713720610651985,0.6441499676793795,0.463029005308417,0.6342095404595405,0.580462837815779,0.4939418475956962,0.4930194131261803,262115,1194,4190,0.0045552524655208,0.0159853499418194,256895,4026,1030,164
P2,sen1floods11,dofa_upernet,F2,37,USA_19225,USA,0.1902011334896087,0.6675972938537598,0.0140638351440429,5.799662631034153e-06,0.4416752000723718,0.9236703634243186,0.5348034318622554,0.389944002076355,0.5478461489490901,0.4908645276292335,0.4416752000723718,0.5091584631376012,262122,1391,1135,0.0053066892515698,0.0043300447883046,259875,856,1112,279
P2,sen1floods11,dofa_upernet,F2,37,USA_198411,USA,0.3905209004878998,0.9555197358131408,0.0347694158554077,3.909807128366083e-05,0.1922939979586047,0.5231260764315337,0.8634588450764922,0.884610487551664,0.978848357524828,0.908972563384328,0.1922939979586047,0.5707303342328538,84222,8737,7159,0.1037377407328251,0.0850015435396927,74632,853,2431,6306
P2,sen1floods11,dofa_upernet,F2,37,USA_211406,USA,0.2041932046413421,0.6791139841079712,0.0210205316543579,5.108987807034282e-06,0.4179599527630907,0.950114911761518,0.6262995582848524,0.3546196450608215,0.5943890668155374,0.5251027567204037,0.4179599527630907,0.5364394372611209,262101,1130,743,0.0043113151037195,0.0028347850637731,260499,472,859,271
P2,sen1floods11,dofa_upernet,F2,37,USA_217598,USA,0.3528324067592621,0.9204477667808532,0.0124716758728027,3.119126631645486e-05,0.2460845138528675,0.2619606246450039,0.6413678233531175,0.8291879688938513,0.7758558843117667,0.7488038921862451,0.2460845138528675,0.4307366474080822,257297,45251,45024,0.1758706864052048,0.1749884374866399,201114,10932,11159,34092
P2,sen1floods11,dofa_upernet,F2,37,USA_224165,USA,0.0968365967273712,0.4538514018058777,0.0093717575073242,3.927178568119416e-06,0.5003071042170559,0.999999999992499,0.2018202385849444,0.0645781914164267,0.140918517756753,0.1357723159193747,0.5003071042170559,0.506423577917943,262126,161,0,0.0006142084341118,0.0,261965,0,161,0
P2,sen1floods11,dofa_upernet,F2,37,USA_225017,USA,0.3227777779102325,0.8807302713394165,0.0107744932174682,1.776451972546056e-05,0.2470115941799239,0.4087561879608402,0.5122304166421814,0.7170048089165737,0.6141468825292355,0.6144607026959968,0.2470115941799239,0.4600182500487177,262138,16780,20624,0.0640120852375466,0.078676117159664,238001,7357,3513,13267
P2,sen1floods11,dofa_upernet,F2,37,USA_231124,USA,0.2127697318792343,0.7175865173339844,0.0220879316329956,3.157988248858601e-05,0.5148328168829062,0.993848741024916,0.6524884429296194,0.6992798867798868,0.9301764412058532,0.7606482569717864,0.5148328168829062,0.601123954114126,129409,3839,0,0.0296656337658122,0.0,125570,0,3839,0
P2,sen1floods11,dofa_upernet,F2,37,USA_232060,USA,0.1535626649856567,0.5925871133804321,0.0274287462234497,4.811509825231042e-06,0.4944540759621842,0.9980202985726916,0.614943879649762,0.2945706254529784,0.6010974319797849,0.5035373123608418,0.4944540759621842,0.551471977911353,262127,1713,30,0.0065350002098219,0.0001144483399268,260414,0,1683,30
P2,sen1floods11,dofa_upernet,F2,37,USA_251323,USA,0.1617400646209716,0.6064477562904358,0.019780158996582,6.116317308624275e-06,0.5016549314659169,0.9751059167422532,0.5932511116334647,0.3758826957356369,0.6375597441773913,0.5355645171821642,0.5016549314659169,0.5302787230867027,261038,695,169,0.0026624476129912,0.0006474153188424,260174,169,695,0
P2,sen1floods11,dofa_upernet,F2,37,USA_260929,USA,0.2026853561401367,0.693961501121521,0.011137843132019,5.908536877541337e-06,0.492883215008143,0.9562736458945498,0.4150310473839885,0.3984906025347201,0.4233150428003369,0.4122788975730151,0.492883215008143,0.5387394039081578,262134,5020,674,0.0191505108074496,0.0025712040406814,256630,484,4830,190
P2,sen1floods11,dofa_upernet,F2,37,USA_275372,USA,0.1495984345674514,0.5849602222442627,0.0148636102676391,4.906913090962917e-06,0.4584936320428985,0.9775618154120566,0.5161290914967386,0.29949645942293,0.5145614189731836,0.4433956566309507,0.4584936320428985,0.5183942815169277,262138,2722,288,0.0103838436243505,0.001098657958785,259383,33,2467,255
P2,sen1floods11,dofa_upernet,F2,37,USA_308150,USA,0.2311721742153167,0.744176983833313,0.014422595500946,5.957565917924512e-06,0.4202641305147814,0.8670347469818508,0.5663956141897318,0.4234301237977708,0.5497400883430295,0.513188608776844,0.4202641305147814,0.5223503093847843,262027,2907,2231,0.0110942765440202,0.008514389738462,257648,1472,2148,759
P2,sen1floods11,dofa_upernet,F2,37,USA_347609,USA,0.3070494830608368,0.8590249419212341,0.0191715359687805,3.21066145261284e-05,0.5077660261427677,0.9028506765095736,0.7246791198997081,0.7856989823901588,0.9159480225656698,0.8087753749518455,0.5077660261427677,0.6198366188779809,204416,1642,1533,0.0080326393237319,0.0074994129618033,201241,1533,1642,0
P2,sen1floods11,dofa_upernet,F2,37,USA_348639,USA,0.3619610369205475,0.9280922412872314,0.0129887461662292,2.0584089725161903e-05,0.2959391211011765,0.3049534779920847,0.6785102152749212,0.800016772443243,0.7623069332628156,0.7469446403269933,0.2959391211011765,0.4551289184424488,262118,27154,37290,0.1035945642802096,0.1422641710985129,219094,15870,5734,21420
P2,sen1floods11,dofa_upernet,F2,37,USA_350244,USA,0.1546122580766677,0.5933017134666443,0.0079628229141235,4.6242703319876455e-06,0.5030692049443003,0.975409507925811,0.2143273393273393,0.2819098793363499,0.1878201455407337,0.2280191214014743,0.5030692049443003,0.5175890145086881,262120,1285,324,0.0049023348084846,0.0012360750801159,260511,324,1285,0
P2,sen1floods11,dofa_upernet,F2,37,USA_354981,USA,0.2035634517669677,0.700859010219574,0.0146256685256958,5.551567483053077e-06,0.4753932808590257,0.9548664982111906,0.5518341952165482,0.389944002076355,0.5477837113866526,0.4965206362265186,0.4753932808590257,0.5398838295194321,262011,1724,672,0.0065798764174023,0.0025647778146719,259745,542,1594,130
P2,sen1floods11,dofa_upernet,F2,37,USA_366607,USA,0.3550693690776825,0.9212421774864196,0.0085234642028808,1.5407611499540508e-05,0.1178420824543482,0.2368181542078328,0.4293696499578852,0.7244826252179193,0.4591523672406025,0.5376682141388023,0.1178420824543482,0.4045460687631659,262139,49325,52729,0.1881635315614998,0.2011490087320085,205848,6966,3562,45763
P2,sen1floods11,dofa_upernet,F2,37,USA_375183,USA,0.2148680984973907,0.7101174592971802,0.0116910934448242,7.293942417163635e-06,0.4045822172808426,0.8456505124086204,0.4597081839728898,0.4711256880374527,0.5130298622945682,0.4812879114349702,0.4045822172808426,0.4996459531575284,262065,6518,2325,0.0248716921374468,0.0088718447713353,254774,773,4966,1552
P2,sen1floods11,dofa_upernet,F2,37,USA_387945,USA,0.3259829580783844,0.8847265243530273,0.0129647254943847,1.0751716217782814e-05,0.3465253722451498,0.575997330431034,0.6297825948561243,0.6489784725078843,0.6599962537462538,0.6462524403700874,0.3465253722451498,0.5071948860481867,262139,13453,11064,0.0513201011677011,0.0422066155741801,244016,4670,7059,6394
P2,sen1floods11,dofa_upernet,F2,37,USA_430764,USA,0.395829290151596,0.9580007195472716,0.0092545747756958,1.8652621292858385e-05,0.3534774908120454,0.4728353410995327,0.5176826849620967,0.802617725411843,0.5474029646823764,0.6225677916854387,0.3534774908120454,0.5522974768640344,262137,15439,21776,0.0588966837951147,0.0830710658930254,234815,11883,5546,9893
P2,sen1floods11,dofa_upernet,F2,37,USA_438959,USA,0.2975447177886963,0.8503676652908325,0.0190783739089965,2.500818663975224e-05,0.2922416212213972,0.6218732222034851,0.7228408846055905,0.7572770366888013,0.8893643121584298,0.7898274111509406,0.2922416212213972,0.5110952765874455,253900,6303,8673,0.024824734147302,0.0341591177628987,243492,4105,1735,4568
P2,sen1floods11,dofa_upernet,F2,37,USA_486103,USA,0.2682818174362182,0.8003892302513123,0.0099768638610839,7.377937436103821e-06,0.4763310938509926,0.7725233467229163,0.4252157156568921,0.5169885261797027,0.4326745558363205,0.4582929325576383,0.4763310938509926,0.5117422867047065,262060,7242,4433,0.0276348927726474,0.0169159734411966,251300,3518,6327,915
P2,sen1floods11,dofa_upernet,F2,37,USA_504150,USA,0.1570967137813568,0.5859576463699341,0.0287940502166748,6.165704235172598e-06,0.3872437741412891,0.9066787594817606,0.6131056443556444,0.3624659654071419,0.6708310072280661,0.5488008723302841,0.3872437741412891,0.4708063536709069,262126,3262,1185,0.0124443969693963,0.0045207266734318,258528,336,2413,849
P2,sen1floods11,dofa_upernet,F2,37,USA_519181,USA,0.1770828813314438,0.6248651742935181,0.0124647617340087,6.091052910051076e-06,0.4853579929249566,0.8760042412495809,0.4676512213276919,0.3807528256057668,0.5011373430491077,0.4498471299941888,0.4853579929249566,0.4796727865892822,262127,2152,1793,0.0082097609174178,0.0068401957829601,258345,1630,1989,163
P2,sen1floods11,dofa_upernet,F2,37,USA_527077,USA,0.2787673473358154,0.8129379153251648,0.0255197286605834,6.442432095354889e-06,0.4996889692851943,0.6587811574286193,0.713606246694482,0.4764390021742963,0.680515562868504,0.6235202705790942,0.4996889692851943,0.4783079805688276,262127,1646,7553,0.0062793989173187,0.0288142770489114,253226,7255,1348,298
P2,sen1floods11,dofa_upernet,F2,37,USA_58086,USA,0.3493673801422119,0.9115291237831116,0.0096295475959777,1.4587261830456557e-05,0.3102298140289254,0.3337775057659649,0.4920630839748486,0.7141045229280523,0.5210830835830835,0.5757502301619949,0.3102298140289254,0.4604491792633339,262112,15894,30180,0.0606382004639238,0.1151416188499572,230338,15880,1594,14300
P2,sen1floods11,dofa_upernet,F2,37,USA_595451,USA,0.3898006975650787,0.9542336463928224,0.0080987811088562,1.4950878721720072e-05,0.4769612570079321,0.2190996912083455,0.4465675256116432,0.7561727488198076,0.4371957699163581,0.5466453481159363,0.4769612570079321,0.4365148529460751,262136,20531,64709,0.0783219397564622,0.2468527787102878,194129,47476,3298,17233
P2,sen1floods11,dofa_upernet,F2,37,USA_604222,USA,0.3388819694519043,0.9026963710784912,0.009832739830017,1.294625963055296e-05,0.4440353084755233,0.533907568040871,0.4971492967816496,0.6834433948404537,0.5235193727840787,0.5680373548020606,0.4440353084755233,0.5182260924355473,262123,6641,14154,0.0253354341282527,0.0539975507681508,244334,11148,3635,3006
P2,sen1floods11,dofa_upernet,F2,37,USA_605492,USA,0.3644004464149475,0.9304125905036926,0.0105646848678588,1.5614432413713075e-05,0.5448834162052584,0.3663544877076581,0.5578704383851443,0.7389748731660497,0.5769487865076101,0.624598032686268,0.5448834162052584,0.5008698510592008,262125,3031,28176,0.0115631855030996,0.1074907010014306,231650,27444,2299,732
P2,sen1floods11,dofa_upernet,F2,37,USA_638521,USA,0.2818520069122314,0.8204064965248108,0.0111756324768066,7.827028639439959e-06,0.5200162580089615,0.6506709138469271,0.4844328465651996,0.5333814469843882,0.4925919668566727,0.5034687534687535,0.5200162580089615,0.4847749166242412,262141,5164,7942,0.0196993221205381,0.0302966724014938,249153,7824,5046,118
P2,sen1floods11,dofa_upernet,F2,37,USA_646878,USA,0.213624969124794,0.7059284448623657,0.0162902474403381,1.866018101281952e-05,0.3886306024927405,0.8065615582646235,0.600181068931069,0.6250710074239486,0.8074480666392432,0.6775667143314203,0.3886306024927405,0.4781131466124961,252297,2424,2583,0.0096077242297768,0.0102379338636606,248243,1630,1471,953
P2,sen1floods11,dofa_upernet,F2,37,USA_652955,USA,0.3604132831096649,0.9247786402702332,0.0131446123123168,1.047119530994678e-05,0.3827414122178995,0.438983399834404,0.6851628763393469,0.6898597725803608,0.6647549754167401,0.6799258747788159,0.3827414122178995,0.5121221597197028,262141,8527,20679,0.0325282958407879,0.0788850275233557,239615,13999,1847,6680
P2,sen1floods11,dofa_upernet,F2,37,USA_655230,USA,0.147831842303276,0.5785216689109802,0.0206497907638549,4.401125352160307e-06,0.5021840391562933,0.9999999999933018,0.5786964261228967,0.2435046571075982,0.5308772110242699,0.4510260980849216,0.5021840391562933,0.6340988996431209,262129,1145,0,0.0043680783125865,0.0,260984,0,1145,0
P2,sen1floods11,dofa_upernet,F2,37,USA_66026,USA,0.152929201722145,0.5873256325721741,0.0211988687515258,4.213747615722241e-06,0.5019016483495524,0.9993290118846002,0.5883809817633348,0.2276118489353784,0.5112522281639929,0.442415019620902,0.5019016483495524,0.5487560779573832,262141,987,10,0.0037651492898859,3.814740921870291e-05,261144,10,987,0
P2,sen1floods11,dofa_upernet,F2,37,USA_664261,USA,0.3626178205013275,0.9279174208641052,0.015867531299591,1.2784431419277098e-05,0.4112430533962303,0.5578063172595882,0.737879767291532,0.711178527354998,0.7328382401911814,0.7272988449459038,0.4112430533962303,0.5534911932188193,262087,4815,13720,0.01837176204848,0.0523490291391789,246932,10340,1435,3380
P2,sen1floods11,dofa_upernet,F2,37,USA_66511,USA,0.1325177401304245,0.5420858263969421,0.0117820501327514,4.588167485053418e-06,0.5053350169377728,0.9949996748786112,0.3828775391275391,0.2415482801512213,0.3869916847858024,0.337139168021521,0.5053350169377728,0.5065263829527624,262136,2727,70,0.0104029969176305,0.0002670369579149,259339,70,2727,0
P2,sen1floods11,dofa_upernet,F2,37,USA_670826,USA,0.1339840143918991,0.5486230850219727,0.0101933479309082,4.251493464835221e-06,0.5057413822043856,0.9999999999931208,0.3015024191494779,0.1958525543084366,0.2561329601770778,0.2511626445449975,0.5057413822043856,0.5999373474528483,262132,3010,0,0.0114827644087711,0.0,259122,0,3010,0
P2,sen1floods11,dofa_upernet,F2,37,USA_67102,USA,0.317341536283493,0.8720293641090393,0.0113036036491394,1.2172577953606378e-05,0.2540429138865079,0.4850490202886096,0.5372054416172063,0.6509838201014672,0.5804538598656246,0.589547707194766,0.2540429138865079,0.4707530307316107,262091,9491,14685,0.0362126131763395,0.0560301574643921,246205,6395,1201,8290
P2,sen1floods11,dofa_upernet,F2,37,USA_693819,USA,0.1365550011396408,0.5583872199058533,0.0229837894439697,4.609059033100493e-06,0.4761303250741765,0.9868840912201844,0.5738262962527668,0.2538827593974653,0.575346222405046,0.4676850926850927,0.4761303250741765,0.50362382903345,262104,2454,174,0.0093626957238348,0.0006638586210054,259617,33,2313,141
P2,sen1floods11,dofa_upernet,F2,37,USA_741073,USA,0.2099213749170303,0.7031198740005493,0.0197242498397827,6.127551841927925e-06,0.4996621523150504,0.8923323353823576,0.6304137039431157,0.413045288045288,0.6375597441773913,0.5603395787219316,0.4996621523150504,0.5151328483106483,262115,3375,1696,0.0128760276977662,0.0064704423630849,257140,1600,3279,96
P2,sen1floods11,dofa_upernet,F2,37,USA_741178,USA,0.1532942205667495,0.5874588489532471,0.0247510075569152,5.514255008165492e-06,0.4577857775039083,0.876379881271054,0.6055855908797085,0.3434788250964722,0.6443238134414606,0.5311294098058804,0.4577857775039083,0.4593211410979273,262117,1446,1580,0.0055166204404903,0.0060278425283365,259351,1320,1186,260
P2,sen1floods11,dofa_upernet,F2,37,USA_758178,USA,0.2045365869998932,0.6935772895812988,0.0122418403625488,5.315920134307817e-06,0.4806316889939174,0.9503517802611694,0.4798185882744706,0.3679806712894948,0.4575926524455936,0.4351306373365197,0.4806316889939174,0.5371868137116973,262133,1617,785,0.0061686243242933,0.0029946630145765,259839,677,1509,108
P2,sen1floods11,dofa_upernet,F2,37,USA_761032,USA,0.2746557295322418,0.8153256177902222,0.016361117362976,8.356376383744646e-06,0.3561751627924974,0.6958468540718965,0.6460439070733189,0.5485672415819475,0.6850814626549921,0.6265642037700861,0.3561751627924974,0.4867623245033758,262125,12117,5992,0.0462260371959942,0.0228593228421554,248443,1565,7690,4427
P2,sen1floods11,dofa_upernet,F2,37,USA_770353,USA,0.4370423555374145,0.9847436547279358,0.0146944522857666,2.0811683498322964e-05,0.4264792818326491,0.2400278602758826,0.8432651906916613,0.9274212307300544,0.8034453291806234,0.8580439168674463,0.4264792818326491,0.5547457950198088,262141,34427,79893,0.1313300857172285,0.3047710964709831,178876,48838,3372,31055
P2,sen1floods11,dofa_upernet,F2,37,USA_778194,USA,0.2931169271469116,0.8449705243110657,0.0215166807174682,8.228456863434985e-06,0.3691663609197911,0.7141166117014883,0.7284737321502027,0.5806393361540421,0.7317627225715462,0.6802919302919302,0.3691663609197911,0.5251226282139885,262070,3838,6030,0.0146449421910176,0.0230091197008432,254378,3854,1662,2176
P2,sen1floods11,dofa_upernet,F2,37,USA_788696,USA,0.348463624715805,0.9137384295463562,0.0109577178955078,9.482187124376653e-06,0.0839513480010905,0.1339801305460302,0.5635455231043466,0.6590505083152142,0.5278961234843588,0.5834973849679731,0.0839513480010905,0.3651912916946054,262126,111448,109035,0.4251695749372439,0.4159640783440025,146280,4398,6811,104637
P2,sen1floods11,dofa_upernet,F2,37,USA_806273,USA,0.2761598229408264,0.8098478317260742,0.0085313320159912,6.835978638264351e-06,0.4787213655989246,0.6979367367085527,0.3386784783843607,0.4890930148283089,0.3182418072123955,0.3820044334750217,0.4787213655989246,0.4836233800098516,262131,5787,6363,0.0220767478855991,0.0242741224807443,250902,5442,4866,921
P2,sen1floods11,dofa_upernet,F2,37,USA_826217,USA,0.1900294125080108,0.6683708429336548,0.017993152141571,6.467249477282167e-06,0.1630102772285808,0.7395215066651466,0.5961158939100116,0.4101248016689193,0.6293394105894106,0.5451933687227806,0.1630102772285808,0.4321589965991319,262126,4498,3660,0.0171596865629506,0.0139627507381946,257270,358,1196,3302
P2,sen1floods11,dofa_upernet,F2,37,USA_831672,USA,0.4179661571979522,0.974271595478058,0.0080655217170715,1.9366489141248167e-05,0.4187039294439502,0.4195191458529871,0.4781327740886564,0.8446792178409825,0.4867840492840493,0.6031986804045627,0.4187039294439502,0.5725783320074238,262116,20957,30674,0.0799531505135131,0.1170245234934151,221738,19421,9704,11253
P2,sen1floods11,dofa_upernet,F2,37,USA_84195,USA,0.2502522766590118,0.7686367630958557,0.0112828612327575,8.35557329992298e-06,0.3560629710177818,0.7269123196118779,0.4746301492625022,0.5350948071536307,0.5271401392724921,0.5122883652295417,0.3560629710177818,0.477339317157408,262137,3811,5157,0.0145381994911057,0.0196729191224436,255271,3055,1709,2102
P2,sen1floods11,dofa_upernet,F2,37,USA_86502,USA,0.4100842177867889,0.9692513346672058,0.0115066766738891,1.882183460111264e-05,0.4441659115035357,0.3097181267932728,0.6506648988266636,0.822729353979354,0.6640614287673111,0.7124852271911095,0.4441659115035357,0.5050439550370149,262132,66362,45311,0.2531625288022828,0.1728556605069201,179087,16683,37734,28628
P2,sen1floods11,dofa_upernet,F2,37,USA_905409,USA,0.3075143098831177,0.8618987798690796,0.0104733705520629,1.1046787221857812e-05,0.0828866820737073,0.2303279633945949,0.4944369356134063,0.6397872960372961,0.533841770974124,0.5560220008749421,0.0828866820737073,0.3555578014745263,262099,44467,45452,0.1696572669105948,0.1734153888416209,213859,3773,2788,41679
P2,sen1floods11,dofa_upernet,F2,37,USA_908474,USA,0.3473541438579559,0.9101526141166688,0.0245605111122131,6.058887720428174e-06,0.5094888253603487,0.7052093110709241,0.7939193159781395,0.5478235000293823,0.6603347632759398,0.6673591930944872,0.5094888253603487,0.5751773435523423,262071,1846,7677,0.0070438926855699,0.0292935883787217,252700,7525,1694,152
P2,sen1floods11,dofa_upernet,F2,37,USA_933610,USA,0.2282454520463943,0.7326353192329407,0.0099042654037475,7.40052928449586e-06,0.3246191202704074,0.7936593507976722,0.3812468169085816,0.4730196274313921,0.4326745558363205,0.428980333392098,0.3246191202704074,0.4708858842440533,262027,3823,3402,0.0145900994935636,0.0129833948409896,256729,1475,1896,1927
P2,sen1floods11,dofa_upernet,F2,37,USA_955053,USA,0.4120738506317138,0.9707058668136596,0.0097711086273193,1.9797604181803763e-05,0.4342218222051149,0.2180752332206874,0.5646210407239819,0.8332255979314803,0.5885138146167558,0.6621201510907393,0.4342218222051149,0.4600099900267096,262140,35838,75884,0.1367132066834515,0.2894789044022278,179893,46409,6363,29475
P2,sen1floods11,dofa_upernet,F2,37,USA_986268,USA,0.1835992485284805,0.6309157013893127,0.0107879638671875,5.876337127119768e-06,0.4078538732372532,0.839860654020141,0.3801578323637147,0.3788588862118274,0.4080735441029559,0.3890300875594993,0.4078538732372532,0.4555300832065106,262123,9092,2376,0.0346860061879346,0.0090644468436573,252668,363,7079,2013
P2,sen1floods11,dofa_upernet,F2,37,USA_994009,USA,0.1408806294202804,0.5677632689476013,0.0140358805656433,4.535563220997574e-06,0.5038356143471059,0.9917926904966624,0.4774043358602182,0.2452804548392783,0.4605816977140506,0.3944221628045157,0.5038356143471059,0.5141393453167776,262018,1897,113,0.0072399606133929,0.0004312680808188,260008,113,1897,0
P2,sen1floods11,dofa_upernet,F2,71,Ghana_103272,GHA,0.1289347261190414,0.5118838548660278,0.0125024914741516,7.590964287373936e-06,0.2771888050589515,0.7245205263913017,0.3941365007541478,0.2905268750856986,0.4941663728428434,0.3929432495608966,0.2771888050589515,0.3603422071831951,259269,1558,3424,0.0060092027970949,0.0132063609610096,255840,1871,5,1553
P2,sen1floods11,dofa_upernet,F2,71,Ghana_1033830,GHA,0.4515831768512726,0.9909560084342957,0.0117288827896118,1.588365739735309e-05,0.2049845270070978,0.2066206942592908,0.7282172484378366,0.8206970725353078,0.6126838847427083,0.7205327352386176,0.2049845270070978,0.5412884934237576,233229,96811,82479,0.4150898901937581,0.353639555972885,130910,5508,19840,76971
P2,sen1floods11,dofa_upernet,F2,71,Ghana_1078550,GHA,0.0763900801539421,0.3878349959850311,0.0110909938812255,4.509845439315541e-06,0.5026836395263672,0.9999999999920148,0.2207394321364909,0.024662225029872,0.245401657166363,0.1636011047775753,0.5026836395263672,0.3970384107270204,262144,1407,0,0.0053672790527343,0.0,260737,0,1407,0
P2,sen1floods11,dofa_upernet,F2,71,Ghana_1089161,GHA,0.1120648011565208,0.4711214601993561,0.0136774778366088,7.589064352941932e-06,0.1941365488384627,0.7339567060688408,0.4008381324557795,0.2630555718791013,0.5283393077510725,0.3974110040286511,0.1941365488384627,0.3330900299845054,236164,2907,2944,0.0123092427296285,0.0124659135177249,232547,710,673,2234
P2,sen1floods11,dofa_upernet,F2,71,Ghana_11745,GHA,0.0776763707399368,0.3924591839313507,0.0149189233779907,4.517066372500267e-06,0.0,0.9999999999920084,0.3627389767095649,0.0265561644238114,0.3855072623454976,0.2582674678262913,0.0,0.3999736805551016,262144,0,0,0.0,0.0,262144,0,0,0
P2,sen1floods11,dofa_upernet,F2,71,Ghana_124834,GHA,0.0764410942792892,0.3879351019859314,0.0173614621162414,4.481421001401031e-06,0.0,0.999999999992016,0.4027951215451215,0.0227682856359326,0.4255634071810542,0.2837089381207028,0.0,0.398233415554901,262144,0,0,0.0,0.0,262144,0,0,0
P2,sen1floods11,dofa_upernet,F2,71,Ghana_128663,GHA,0.1340809464454651,0.5300400853157043,0.0132535696029663,8.826817065710202e-06,0.5046225007106984,0.8605527728653015,0.4310150633680045,0.3315330502830503,0.5568995955025366,0.4398159030511972,0.5046225007106984,0.4161048888846786,168848,0,1561,0.0,0.0092450014213967,167287,1561,0,0
P2,sen1floods11,dofa_upernet,F2,71,Ghana_132163,GHA,0.1114155724644661,0.473942756652832,0.0136173963546752,5.988761131447973e-06,0.5001524362905974,0.8925192610752674,0.3989441930618401,0.2082506953830483,0.4716404918610801,0.3596117934353228,0.5001524362905974,0.3884750742246485,55761,0,17,0.0,0.0003048725811947,55744,17,0,0
P2,sen1floods11,dofa_upernet,F2,71,Ghana_134751,GHA,0.3668598532676697,0.9289204478263856,0.035943865776062,8.337775943800807e-05,0.5058412765844462,0.921569275947028,0.7976025200289907,0.8139397367338544,0.9836627832951362,0.8650683466859937,0.5058412765844462,0.6632702748643328,37663,0,440,0.0,0.0116825531688925,37223,440,0,0
P2,sen1floods11,dofa_upernet,F2,71,Ghana_135389,GHA,0.43180912733078,0.9810854196548462,0.0510540604591369,0.0001171057738247,0.5215303792257351,0.8343197066308968,0.9032089234295118,0.9032089234295118,1.0,0.9354726156196744,0.5215303792257351,0.7245018618354987,24624,252,833,0.0102339181286549,0.0338287849252761,23540,832,251,1
P2,sen1floods11,dofa_upernet,F2,71,Ghana_141271,GHA,0.0763278901576995,0.3872951865196228,0.009978711605072,4.443810666998616e-06,0.5031204223632812,0.9999999999919288,0.1722891079508726,0.0018939393939393,0.174183047344812,0.116122031563208,0.5031204223632812,0.3914409139710093,262144,1636,0,0.0062408447265625,0.0,260508,0,1636,0
P2,sen1floods11,dofa_upernet,F2,71,Ghana_141910,GHA,0.4252129197120666,0.97837233543396,0.0079768300056457,1.5689758583903313e-05,0.584417659446296,0.1164968937723077,0.4547878591996239,0.7483821325733091,0.4042164942900237,0.5357954953543189,0.584417659446296,0.4306300327042446,262144,70650,173429,0.2695083618164062,0.6615791320800781,86174,105320,2541,68109
P2,sen1floods11,dofa_upernet,F2,71,Ghana_142312,GHA,0.0816908702254295,0.4043611586093902,0.010688841342926,4.545879164652433e-06,0.0,0.9999999999920088,0.2099860923390335,0.0414291590762179,0.2252343244990304,0.1588831919714272,0.0,0.4108134154362142,262144,0,0,0.0,0.0,262144,0,0,0
P2,sen1floods11,dofa_upernet,F2,71,Ghana_144050,GHA,0.0815143808722496,0.4054040312767029,0.013278305530548,4.5121332732378505e-06,0.0,0.9999999999920868,0.3412812677518559,0.0377526884879826,0.3528530293236175,0.243962328521152,0.0,0.4229747322781242,23551,0,0,0.0,0.0,23551,0,0,0
P2,sen1floods11,dofa_upernet,F2,71,Ghana_146222,GHA,0.0734234824776649,0.377580314874649,0.0262295603752136,4.5935453272250015e-06,0.0,0.999999999991969,0.4607353430882843,0.0406174707645295,0.5013528138528138,0.3342352092352092,0.0,0.3950940849627439,181656,0,0,0.0,0.0,181656,0,0,0
P2,sen1floods11,dofa_upernet,F2,71,Ghana_147015,GHA,0.1013413593173027,0.4608185291290283,0.0094765424728393,4.958302724844543e-06,0.5067329406738281,0.9999999999923244,0.2038812902783491,0.1344164414017355,0.2199479442126501,0.1860818919642449,0.5067329406738281,0.4922810768516749,262144,3530,0,0.0134658813476562,0.0,258614,0,3530,0
P2,sen1floods11,dofa_upernet,F2,71,Ghana_154838,GHA,0.0777507647871971,0.3932568430900574,0.0200563669204711,4.522075869317632e-06,0.0,0.9999999999920604,0.4312519588254883,0.0283943997179291,0.4558584797555386,0.3051682794329853,0.0,0.4055475890739276,42107,0,0,0.0,0.0,42107,0,0,0
P2,sen1floods11,dofa_upernet,F2,71,Ghana_156478,GHA,0.0727799013257026,0.374876856803894,0.0207629203796386,4.550546236714581e-06,0.0,0.999999999991914,0.4311962547256665,0.0283386956181073,0.4595349503437739,0.3063566335625159,0.0,0.3913805443691491,262144,0,0,0.0,0.0,262144,0,0,0
P2,sen1floods11,dofa_upernet,F2,71,Ghana_161233,GHA,0.1742257326841354,0.6315677165985107,0.0277548432350158,3.722041219589301e-05,0.0,0.9696838896502432,0.618031478325596,0.6313502673796791,0.9347894752306516,0.728057073645309,0.0,0.5361644140297183,1892,0,0,0.0,0.0,1892,0,0,0
P2,sen1floods11,dofa_upernet,F2,71,Ghana_167233,GHA,0.0736635699868202,0.3783303797245025,0.0176207423210144,4.542184797173832e-06,0.0,0.999999999991981,0.404689060939061,0.0283386956181073,0.4330277565571683,0.2886851710381122,0.0,0.3947261998503883,262144,0,0,0.0,0.0,262144,0,0,0
P2,sen1floods11,dofa_upernet,F2,71,Ghana_168875,GHA,0.0740784555673599,0.3798698186874389,0.0355095863342285,4.603401066560764e-06,0.0,0.9999999999919346,0.4799863127069009,0.0424557060586472,0.5224420187655482,0.3482946791770321,0.0,0.3934606236895203,41796,0,0,0.0,0.0,41796,0,0,0
P2,sen1floods11,dofa_upernet,F2,71,Ghana_187318,GHA,0.0756191611289978,0.3844042122364044,0.0144200325012207,4.5083161239745095e-06,0.0,0.9999999999919924,0.3367931088519323,0.024662225029872,0.3614553338818044,0.2409702225878696,0.0,0.396040357787963,262144,0,0,0.0,0.0,262144,0,0,0
P2,sen1floods11,dofa_upernet,F2,71,Ghana_194723,GHA,0.077249675989151,0.3912991881370544,0.0164153575897216,4.579603682941524e-06,0.0,0.9999999999920188,0.4009568862510039,0.0406731748643513,0.4378421823274765,0.2931574144809439,0.0,0.4019326052782827,47408,0,0,0.0,0.0,47408,0,0,0
P2,sen1floods11,dofa_upernet,F2,71,Ghana_247288,GHA,0.40042245388031,0.96168053150177,0.011261761188507,1.559431075293105e-05,0.4556096662911787,0.2564074141291662,0.5986415545239074,0.7115592740592741,0.5774286987522281,0.6292098424451366,0.4556096662911787,0.4684556484754055,40174,26650,28596,0.663364365012197,0.7118036541046447,7286,6238,4292,22358
P2,sen1floods11,dofa_upernet,F2,71,Ghana_24858,GHA,0.0744125247001648,0.3805848360061645,0.0170904994010925,4.545168849290349e-06,0.5009231567382812,0.9999999999919204,0.4009568862510039,0.0283386956181073,0.4292955818691112,0.2861970545794075,0.5009231567382812,0.3911820546024372,262144,484,0,0.0018463134765625,0.0,261660,0,484,0
P2,sen1floods11,dofa_upernet,F2,71,Ghana_264787,GHA,0.0746912807226181,0.3820003271102905,0.0213904380798339,4.576617357088253e-06,0.0,0.9999999999919672,0.434172445201857,0.0368852960764725,0.4710577412783295,0.314038494185553,0.0,0.3949197273729323,181975,0,0,0.0,0.0,181975,0,0,0
P2,sen1floods11,dofa_upernet,F2,71,Ghana_308249,GHA,0.1877507865428924,0.6365379095077515,0.0087569952011108,8.229698323702905e-06,0.2672464141265567,0.5681757673408873,0.2620773834009128,0.3714502409355351,0.3152588832735892,0.3162621692033456,0.2672464141265567,0.3683159523369593,262144,8030,8053,0.0306320190429687,0.0307197570800781,251329,2785,2762,5268
P2,sen1floods11,dofa_upernet,F2,71,Ghana_313799,GHA,0.1439658105373382,0.5435692667961121,0.0055040121078491,5.2557766139216255e-06,0.5164445177255814,0.9683214506650988,0.1066121378621378,0.1893180349062702,0.0827058970441323,0.1262120232708468,0.5164445177255814,0.479199769398873,244464,14933,435,0.0610846586818509,0.0017794031022972,229497,34,14532,401
P2,sen1floods11,dofa_upernet,F2,71,Ghana_319168,GHA,0.3897716999053955,0.9526277780532836,0.0078867673873901,1.2721054190478752e-05,0.1811450047817616,0.2283629695015472,0.3970416838063897,0.6620891363538424,0.3680939158880336,0.4757415786827552,0.1811450047817616,0.4209006713140426,171624,39521,36407,0.2302766512842027,0.2121323358038502,127595,4508,7622,31899
P2,sen1floods11,dofa_upernet,F2,71,Ghana_359826,GHA,0.1584155708551406,0.5764161348342896,0.0109248161315917,7.299805929505965e-06,0.357636758009532,0.746937819895269,0.3264909110497346,0.3085431725137607,0.3988756341697518,0.3446365725777491,0.357636758009532,0.3903309869036114,262144,3496,3629,0.013336181640625,0.0138435363769531,256661,1987,1854,1642
P2,sen1floods11,dofa_upernet,F2,71,Ghana_362274,GHA,0.2232319116592407,0.7127032279968262,0.0088575482368469,1.4006273886479905e-05,0.1701148376122853,0.3451987001905929,0.2839850100879513,0.5176686059039001,0.4395696215549157,0.4137410791822557,0.1701148376122853,0.3208405948715397,259407,18364,18603,0.0707922299706638,0.0717135620858342,237504,3539,3300,15064
P2,sen1floods11,dofa_upernet,F2,71,Ghana_406026,GHA,0.1593303382396698,0.6002463102340698,0.0129439234733581,9.902594683808276e-06,0.1630522283136921,0.6049353573327705,0.4530898023545082,0.3919016032986621,0.570747267438444,0.4719128910305381,0.1630522283136921,0.359805430638649,262144,4305,5923,0.0164222717285156,0.0225944519042968,256061,1778,160,4145
P2,sen1floods11,dofa_upernet,F2,71,Ghana_45911,GHA,0.0740450248122215,0.3795256316661834,0.024190604686737,4.535208972811233e-06,0.0,0.9999999999919676,0.4494831149242914,0.0283386956181073,0.4778218105423987,0.3185478736949325,0.0,0.3950202258758675,29269,0,0,0.0,0.0,29269,0,0,0
P2,sen1floods11,dofa_upernet,F2,71,Ghana_495107,GHA,0.0822130665183067,0.4073803126811981,0.0090348720550537,4.492188963922672e-06,0.5075511932373047,0.9999999999920004,0.1276119713619713,0.0358587490940432,0.1372897935397935,0.1002535046652693,0.5075511932373047,0.4085128919344487,262144,3959,0,0.0151023864746093,0.0,258185,0,3959,0
P2,sen1floods11,dofa_upernet,F2,71,Ghana_49890,GHA,0.075850062072277,0.3862277269363403,0.0232093930244445,4.530562364379875e-06,0.0,0.999999999992015,0.4494831149242914,0.0265004603239897,0.4759835752482811,0.317322383498854,0.0,0.3985398733078743,262144,0,0,0.0,0.0,262144,0,0,0
P2,sen1floods11,dofa_upernet,F2,71,Ghana_53713,GHA,0.077613241970539,0.3925724923610687,0.0183144807815551,4.479062681639334e-06,0.0,0.999999999991988,0.4170235401853049,0.024662225029872,0.4378978864272982,0.2931945505474917,0.0,0.3968103543984344,262144,0,0,0.0,0.0,262144,0,0,0
P2,sen1floods11,dofa_upernet,F2,71,Ghana_597288,GHA,0.2992932200431824,0.8404905796051025,0.0075980424880981,1.181707739306148e-05,0.3394664904300567,0.5450379980950202,0.2937032330414683,0.5520423204246734,0.3479822873205226,0.3979092802622214,0.3394664904300567,0.4520448712318688,262144,5690,11631,0.0217056274414062,0.0443687438964843,249344,7110,1169,4521
P2,sen1floods11,dofa_upernet,F2,71,Ghana_61925,GHA,0.0919035002589225,0.4254158139228821,0.0135086178779602,5.311931545293192e-06,0.14573091397662,0.9326751215377418,0.3643201161583514,0.1177529578264872,0.4157668312080076,0.2992799683976154,0.14573091397662,0.3786682208638571,262144,651,643,0.0024833679199218,0.0024528503417968,261387,106,114,537
P2,sen1floods11,dofa_upernet,F2,71,Ghana_7496,GHA,0.073465384542942,0.3775288164615631,0.0177418589591979,4.527042619884014e-06,0.0,0.999999999991954,0.404689060939061,0.0265004603239897,0.4311895212630507,0.2874596808420338,0.0,0.3947261998503883,262144,0,0,0.0,0.0,262144,0,0,0
P2,sen1floods11,dofa_upernet,F2,71,Ghana_8090,GHA,0.0768334493041038,0.3900161385536194,0.0202683806419372,4.580443146551261e-06,0.5000102740077876,0.9999999999920688,0.4312519588254883,0.0406731748643513,0.4681372549019608,0.3133541295306001,0.5000102740077876,0.4055475890739276,194666,4,0,2.0548015575395805e-05,0.0,194662,0,4,0
P2,sen1floods11,dofa_upernet,F2,71,Ghana_83200,GHA,0.10823255777359,0.4729252457618713,0.0102813243865966,4.717556294053793e-06,0.5027134348113832,0.9999999999924468,0.2572641818965348,0.1258698409433703,0.2475796262560968,0.2102378830320006,0.5027134348113832,0.508665785409,98215,533,0,0.0054268696227663,0.0,97682,0,533,0
P2,sen1floods11,dofa_upernet,F2,71,Ghana_866994,GHA,0.3496060967445373,0.9156087636947632,0.0325022339820861,9.894120921671856e-06,0.676940299552169,0.0788384972035407,0.7720184227537168,0.5545465563847917,0.7232430559636442,0.6832693450340509,0.676940299552169,0.3241298185203703,117511,105971,83832,0.901796427568483,0.7133970436810171,850,10690,32829,73142
P2,sen1floods11,dofa_upernet,F2,71,Ghana_868803,GHA,0.39748615026474,0.9603890776634216,0.008120059967041,1.2409100236254744e-05,0.1303425788852565,0.1264710873654246,0.4264558970441323,0.6732789269553976,0.3707505729564553,0.4901617989853284,0.1303425788852565,0.3968574741634048,262144,144051,138174,0.5495109558105469,0.5270919799804688,111944,6149,12026,132025
P2,sen1floods11,dofa_upernet,F2,71,Ghana_887131,GHA,0.3295020163059234,0.884773313999176,0.0080365538597106,9.725802556204144e-06,0.3528185758433123,0.6193352418483635,0.3302702199761023,0.5230370120076002,0.3033890129478365,0.3855654149771797,0.3528185758433123,0.5065472665281245,262144,10075,9469,0.0384330749511718,0.0361213684082031,247476,4593,5199,4876
P2,sen1floods11,dofa_upernet,F2,71,Ghana_895194,GHA,0.1611150950193405,0.5793150663375854,0.0084593296051025,8.987744877231307e-06,0.110792011288463,0.510099438705131,0.20496231709467,0.3535520851697322,0.31856807408278,0.2923608254490608,0.110792011288463,0.3026511533421324,252706,8697,8973,0.0344154867711886,0.0355076650336754,242818,1191,915,7782
P2,sen1floods11,dofa_upernet,F2,71,Ghana_953791,GHA,0.1207960322499275,0.4958451390266418,0.006289005279541,6.056957772671012e-06,0.408836458771499,0.9177656421850288,0.0950746557364204,0.2271196940314587,0.1526898346751287,0.1582947281476693,0.408836458771499,0.4134852795963014,262144,2772,995,0.0105743408203125,0.0037956237792968,258984,388,2165,607
P2,sen1floods11,dofa_upernet,F2,71,Ghana_97059,GHA,0.0795633792877197,0.3905271887779236,0.0165168046951293,4.826090844289865e-06,0.5019712345769147,0.9903758976670498,0.4009568862510039,0.0723210612916495,0.4694900687547746,0.314256005432476,0.5019712345769147,0.383542049295885,27394,0,108,0.0,0.0039424691538293,27286,108,0,0
P2,sen1floods11,dofa_upernet,F2,71,Ghana_97516,GHA,0.170694813132286,0.6250810623168945,0.01312917470932,7.240718787215883e-06,0.3474573692657483,0.7864126887137417,0.4768846349728702,0.3391577784960138,0.5186547521106345,0.4448990551931728,0.3474573692657483,0.4334517515636802,187555,771,1875,0.0041107941670443,0.0099970675268587,185539,1245,141,630
P2,sen1floods11,dofa_upernet,F2,71,Pakistan_1027214,PAK,0.4377796947956085,0.984943151473999,0.0143519639968872,1.5154097127378918e-05,0.3542757576854773,0.1736033318422307,0.760758236861178,0.765406162464986,0.6782341433076727,0.734799514211279,0.3542757576854773,0.4770715869751593,158958,23870,38700,0.1501654525094679,0.2434605367455554,116052,19036,4206,19664
P2,sen1floods11,dofa_upernet,F2,71,Pakistan_1036366,PAK,0.4031420648097992,0.964057445526123,0.0127951502799987,2.3162678189692087e-05,0.2978467223832373,0.2625423682955506,0.680515562868504,0.778559063485534,0.7166871119077001,0.7252539127539127,0.2978467223832373,0.4820132231479269,110380,22673,26969,0.2054085885124116,0.244328682732379,78494,9213,4917,17756
P2,sen1floods11,dofa_upernet,F2,71,Pakistan_132143,PAK,0.1858093291521072,0.6527284979820251,0.0080763101577758,6.581212346645771e-06,0.5015029907226562,0.9436482281444996,0.2200158909717733,0.3332053975436329,0.2274881980764334,0.2602364955306132,0.5015029907226562,0.5236125795954945,262144,0,788,0.0,0.0030059814453125,261356,788,0,0
P2,sen1floods11,dofa_upernet,F2,71,Pakistan_167553,PAK,0.3898705840110779,0.95438814163208,0.0187481045722961,1.6363386748707853e-05,0.5774110875345998,0.3300963913712238,0.767412122191534,0.6999942459501284,0.7763694638694639,0.7479252773370421,0.5774110875345998,0.4899849461842475,247105,1458,37553,0.0059003257724449,0.1519718338358187,208186,37461,1366,92
P2,sen1floods11,dofa_upernet,F2,71,Pakistan_210595,PAK,0.2142669707536697,0.7112612724304199,0.0179386734962463,5.8789041759155225e-06,0.5021743774414062,0.9239192978424704,0.5868690133396016,0.3167010685393038,0.5451625580302051,0.4829108799697035,0.5021743774414062,0.523904048278766,262144,0,1140,0.0,0.0043487548828125,261004,1140,0,0
P2,sen1floods11,dofa_upernet,F2,71,Pakistan_211386,PAK,0.3474281132221222,0.9105544686317444,0.0153082609176635,1.4880251001159197e-05,0.4716335940251021,0.6875077524075607,0.6711083034612446,0.6431019960431725,0.7108883763295528,0.6750328919446567,0.4716335940251021,0.5580791386406891,255405,6859,7598,0.0268553865429416,0.0297488302891486,242298,6248,5509,1350
P2,sen1floods11,dofa_upernet,F2,71,Pakistan_246510,PAK,0.458904355764389,0.9934625625610352,0.0160441994667053,2.62501671386417e-05,0.594165640363419,0.2654263882394616,0.8845774323715501,0.9377858660946896,0.8283156794186206,0.8835596592949534,0.594165640363419,0.6209085010321245,258817,10741,83654,0.0415003651228474,0.3232167902417538,174031,74045,1132,9609
P2,sen1floods11,dofa_upernet,F2,71,Pakistan_246718,PAK,0.3357947468757629,0.8958740234375,0.0162606239318847,1.0973062671837395e-05,0.2685794267183412,0.4965311729836137,0.6904015102544515,0.5888731366672543,0.6869821355115473,0.655418927477751,0.2685794267183412,0.4887053320589376,235278,13126,15025,0.0557893215685274,0.063860624452775,216560,5592,3693,9433
P2,sen1floods11,dofa_upernet,F2,71,Pakistan_336228,PAK,0.3428806960582733,0.9032427072525024,0.0095822811126708,1.0285139978805091e-05,0.5435868982645258,0.5449335951799482,0.4530757232963115,0.5755255773638126,0.4326323186617304,0.4870778731072849,0.5435868982645258,0.5050263494424928,132471,0,11548,0.0,0.0871737965290516,120923,11548,0,0
P2,sen1floods11,dofa_upernet,F2,71,Pakistan_35915,PAK,0.4530720710754394,0.9915000796318054,0.0128051042556762,2.2326163161778823e-05,0.2469159726327654,0.2398197770503952,0.7841386554621849,0.8783942772913361,0.7128992331198213,0.7918107219577807,0.2469159726327654,0.5781318075948522,129233,52301,61664,0.4047031331006786,0.4771536681807278,63261,13671,4308,47993
P2,sen1floods11,dofa_upernet,F2,71,Pakistan_366265,PAK,0.3638275563716888,0.928930401802063,0.0105820298194885,1.2893672646896448e-05,0.5154724214594905,0.4053251568091157,0.5108353656147775,0.6371563485534075,0.520112240700476,0.556034651622887,0.5154724214594905,0.4842367222753077,127291,2,3938,1.5712029915704958e-05,0.030936986904023,123351,3938,2,0
P2,sen1floods11,dofa_upernet,F2,71,Pakistan_401863,PAK,0.4512677490711212,0.9907979369163512,0.0126743912696838,1.9579554646043107e-05,0.5665915297723491,0.3482648201815017,0.7707910961587432,0.8508250328103268,0.6853856927386339,0.7690006072359014,0.5665915297723491,0.6293771204191747,258845,3324,51489,0.0128416619984933,0.1989182715524735,207021,48500,335,2989
P2,sen1floods11,dofa_upernet,F2,71,Pakistan_43105,PAK,0.386913388967514,0.9516711235046388,0.0131855010986328,2.053772550425492e-05,0.5714354147664998,0.3310885391540275,0.6737092564298447,0.7349298985328397,0.717602250690486,0.7087471352177235,0.5714354147664998,0.4921353223281803,260942,271,37010,0.0010385449640149,0.1418322845689846,223661,37010,271,0
P2,sen1floods11,dofa_upernet,F2,71,Pakistan_474121,PAK,0.4369076490402221,0.9844967126846312,0.0144928693771362,2.285371374455281e-05,0.4599851455064661,0.2895110944844545,0.7722118567706804,0.8294364948776713,0.7537180956298604,0.7851221490927373,0.4599851455064661,0.5580594126937142,180789,8893,34691,0.0491899396534081,0.1918866745211268,145532,26364,566,8327
P2,sen1floods11,dofa_upernet,F2,71,Pakistan_528249,PAK,0.3531199991703033,0.9177391529083252,0.0108027458190917,5.969269750494277e-06,0.5003182562157387,0.6308615763015197,0.5071588950265421,0.4458666333666334,0.342239255842197,0.4317549280784575,0.5003182562157387,0.5471306562846808,76982,0,49,0.0,0.0006365124314774,76933,49,0,0
P2,sen1floods11,dofa_upernet,F2,71,Pakistan_548910,PAK,0.1072000935673713,0.4854040443897247,0.0137175321578979,4.776168680109549e-06,0.5072954144321499,0.9999999999925492,0.4111672641084405,0.1466395124483359,0.401594116667646,0.3198002977414741,0.5072954144321499,0.5312560343985059,235696,3439,0,0.0145908288642997,0.0,232257,0,3439,0
P2,sen1floods11,dofa_upernet,F2,71,Pakistan_65724,PAK,0.3608767092227936,0.925889492034912,0.0163059830665588,1.196090943267336e-05,0.5252266892497606,0.5675906844146317,0.7081949912832267,0.6171004240857183,0.697415941901236,0.6742371190900603,0.5252266892497606,0.5332197638816377,262143,0,13226,0.0,0.0504533784995212,248917,13226,0,0
P2,sen1floods11,dofa_upernet,F2,71,Pakistan_664885,PAK,0.405998945236206,0.965511441230774,0.0132265090942382,1.5760993846924976e-05,0.4305853414804512,0.3007745298561972,0.7012785009108539,0.7256695510371981,0.6807726587138352,0.702573570220629,0.4305853414804512,0.5089574567880141,73010,2383,9374,0.0326393644706204,0.1283933707711272,63533,7094,103,2280
P2,sen1floods11,dofa_upernet,F2,71,Pakistan_667363,PAK,0.3371758759021759,0.8956467509269714,0.0224729180335998,8.719443030713592e-06,0.5594025393046058,0.4235494949936446,0.7389834430275607,0.5181534152122388,0.6744597314450256,0.6438655298949417,0.5594025393046058,0.4645947866524272,162484,1219,19220,0.0075022771472883,0.1182885699515029,142160,19105,1104,115
P2,sen1floods11,dofa_upernet,F2,71,Pakistan_694942,PAK,0.4279070794582367,0.9802065491676332,0.0127220749855041,1.7159616618300788e-05,0.4974760822360731,0.1902707291249536,0.7058848014730368,0.7614168919315978,0.6608838465456113,0.7093951799834152,0.4974760822360731,0.4645045864917309,191444,18481,63393,0.0965347569001901,0.3311307745345897,127160,45803,891,17590
P2,sen1floods11,dofa_upernet,F2,71,Pakistan_70625,PAK,0.4308531284332275,0.9813310503959656,0.0125055909156799,2.0803507140954025e-05,0.6111704300900656,0.2471137332262045,0.702096922685158,0.7926203698262522,0.6882994456523868,0.727672246054599,0.6111704300900656,0.5018546475288517,262144,4667,68176,0.0178031921386718,0.26007080078125,191960,65517,2008,2659
P2,sen1floods11,dofa_upernet,F2,71,Pakistan_712873,PAK,0.186771273612976,0.6403816938400269,0.0174254775047302,6.2696067288925406e-06,0.4389212673427106,0.8563233449442693,0.561929492076551,0.3171387436093318,0.560799494623024,0.4799559101029689,0.4389212673427106,0.4748145107497541,119557,1316,1391,0.011007301956389,0.0116346177973686,117181,1060,985,331
P2,sen1floods11,dofa_upernet,F2,71,Pakistan_740461,PAK,0.4451416730880737,0.9884127974510192,0.0173300504684448,4.94079795316793e-05,0.6651809359866828,0.2409504069316747,0.8594010156510157,0.956605894105894,0.9027951215451216,0.9062673437673436,0.6651809359866828,0.5593643682686487,211456,0,69859,0.0,0.3303713302058111,141597,69859,0,0
P2,sen1floods11,dofa_upernet,F2,71,Pakistan_760290,PAK,0.4281262755393982,0.9800353050231934,0.0152718424797058,2.67575651378138e-05,0.5661269047272354,0.4073449900599309,0.7726562653033242,0.8487786723080841,0.8150170907523848,0.8121506761212643,0.5661269047272354,0.5831394346297865,233498,0,30881,0.0,0.1322538094544707,202617,30881,0,0
P2,sen1floods11,dofa_upernet,F2,71,Pakistan_849790,PAK,0.4372176229953766,0.9847498536109924,0.0104153752326965,2.2639489543507807e-05,0.6102843257931403,0.2485330029847857,0.6171285822021116,0.8294364948776713,0.5986348210612916,0.6817332993803582,0.6102843257931403,0.5250102729730856,257239,171908,70884,0.6682812481777647,0.2755569723097975,79484,5847,106871,65037
P2,sen1floods11,dofa_upernet,F2,71,Pakistan_909806,PAK,0.1132645979523658,0.4856498837471008,0.0079889893531799,5.300158591126092e-06,0.4703465251626617,0.9822094024135556,0.1334174404027345,0.1608122269886975,0.1380170075023016,0.1440822249645779,0.4703465251626617,0.4589785203329617,116287,1414,115,0.012159570717277,0.0009889325547997,114859,14,1313,101
P2,sen1floods11,dofa_upernet,F2,71,Pakistan_94095,PAK,0.4585604071617126,0.9933996796607972,0.0106570124626159,1.7446185665903613e-05,0.4489939911800017,0.1486961415476946,0.6939194384047326,0.8570700133200133,0.5569418326771268,0.7026437614672908,0.4489939911800017,0.5404979534537258,180570,53566,96648,0.296649498809326,0.535238411696295,79902,47102,4020,49546
P2,sen1floods11,dofa_upernet,F2,71,Pakistan_9684,PAK,0.1323175728321075,0.5419445037841797,0.014495849609375,5.137380412634229e-06,0.5052664024658741,0.9999999999929324,0.4548588666235725,0.1893180349062702,0.430952625805567,0.3583765091118032,0.5052664024658741,0.573102271669396,113550,1196,0,0.0105328049317481,0.0,112354,0,1196,0
P2,sen1floods11,dofa_upernet,F2,71,USA_1010394,USA,0.1795126050710678,0.6308706998825073,0.0180913805961608,6.575543920916971e-06,0.4896353026498612,0.8991501171887171,0.5686935613406202,0.3257410481675188,0.5836302178213943,0.4926882757765111,0.4896353026498612,0.485034398975033,262131,1481,1380,0.005649846832309,0.0052645433008686,259356,1294,1395,86
P2,sen1floods11,dofa_upernet,F2,71,USA_1039203,USA,0.2403458952903747,0.7494555115699768,0.01557457447052,6.928923085069982e-06,0.4594602194683803,0.7637029284600193,0.5731529499911853,0.3752381197234138,0.5520092652445594,0.5001334449863862,0.4594602194683803,0.4802026457219314,262112,1611,4154,0.0061462275668416,0.0158481870345501,256867,3634,1091,520
P2,sen1floods11,dofa_upernet,F2,71,USA_1049586,USA,0.1289684474468231,0.5272876620292664,0.0206647515296936,5.75287640458555e-06,0.2899744058470197,0.8742831038023302,0.5340205137999257,0.2346397475073945,0.563011743158802,0.4438906681553741,0.2899744058470197,0.418489075924034,262061,2122,1336,0.0080973513800222,0.0050980496907208,259635,304,1090,1032
P2,sen1floods11,dofa_upernet,F2,71,USA_1068362,USA,0.392001748085022,0.9554176330566406,0.0087873935699462,2.4395705622737296e-05,0.291446181472587,0.2934681737925707,0.4522493437934615,0.7738070752776636,0.5274437572231689,0.5845000587647647,0.291446181472587,0.480461579225695,262124,31182,43722,0.118958965985564,0.166798919595306,212771,18171,5631,25551
P2,sen1floods11,dofa_upernet,F2,71,USA_1082482,USA,0.1305827647447586,0.5325658917427063,0.0132827162742614,5.433297701529227e-06,0.4184100121270605,0.9523781403665508,0.4310150633680045,0.2019230769230769,0.4272896221425633,0.3534092541445482,0.4184100121270605,0.4649078605978415,262130,2206,565,0.0084156716133216,0.0021554190668752,259763,161,1802,404
P2,sen1floods11,dofa_upernet,F2,71,USA_11422,USA,0.3762705326080322,0.9418687224388124,0.0099789500236511,2.086154927383177e-05,0.343664444595253,0.191175402578454,0.5043975632210926,0.7215199016669605,0.5617005543476132,0.5958726730785554,0.343664444595253,0.3879801228913036,262142,36020,72248,0.1374064438357836,0.2756063507564602,188996,37126,898,35122
P2,sen1floods11,dofa_upernet,F2,71,USA_114964,USA,0.1575098633766174,0.5967820286750793,0.0139219760894775,5.28974396729609e-06,0.5023652837386743,0.9246661066563716,0.4701830032712385,0.2198279661514955,0.4157668312080076,0.3685926002102472,0.5023652837386743,0.4786289443185517,262125,354,886,0.0013505007153075,0.003380066762041,260885,886,354,0
P2,sen1floods11,dofa_upernet,F2,71,USA_115033,USA,0.130467876791954,0.5351849794387817,0.0274571776390075,5.741433142247843e-06,0.3728284594451582,0.9254886653429586,0.5635596021625433,0.2346397475073945,0.5925508315214199,0.4635833937304525,0.3728284594451582,0.4429655786795516,262109,2359,759,0.0090000724889263,0.0028957418478571,259637,113,1713,646
P2,sen1floods11,dofa_upernet,F2,71,USA_170264,USA,0.3877780437469482,0.951760709285736,0.0096895694732666,2.4421497073490173e-05,0.2482835002694072,0.2278339835615926,0.5043975632210926,0.774826888797477,0.5881875477463712,0.6224706665883136,0.2482835002694072,0.4216053501659844,261982,43535,59852,0.1661755387774732,0.2284584437098732,197940,20507,4190,39345
P2,sen1floods11,dofa_upernet,F2,71,USA_179917,USA,0.1446590274572372,0.5561987161636353,0.009186565876007,5.918021088291425e-06,0.3551006299327492,0.949889508288442,0.2386020841903194,0.2489238702473996,0.2706252081252081,0.2527170541876424,0.3551006299327492,0.4678874642710768,262094,511,630,0.0019496821750974,0.0024037177501201,261211,372,253,258
P2,sen1floods11,dofa_upernet,F2,71,USA_181263,USA,0.4184246659278869,0.974437952041626,0.0247536897659301,3.6294921301305294e-05,0.543236400216055,0.516017351063174,0.8338230397053927,0.8480159546336017,0.9169470235646706,0.8662620059678884,0.543236400216055,0.5861006407971507,207499,1065,19393,0.005132554855686,0.0934606913768259,187248,19186,858,207
P2,sen1floods11,dofa_upernet,F2,71,USA_181503,USA,0.2859034240245819,0.8340466022491455,0.017979621887207,9.129701538768131e-06,0.4884649630091153,0.7052571891014574,0.6487562682415624,0.4776461283814225,0.644220362970363,0.5902075865311159,0.4884649630091153,0.5055684153082292,262115,1194,6239,0.0045552524655208,0.0238025294241077,255028,5893,848,346
P2,sen1floods11,dofa_upernet,F2,71,USA_19225,USA,0.2383605986833572,0.7520050406455994,0.0140638351440429,8.388263267988805e-06,0.418253368831341,0.8375566011035082,0.5397984368572604,0.4171594337035513,0.5509472145501557,0.5026350283703225,0.418253368831341,0.5103640781979839,262122,1391,2695,0.0053066892515698,0.0102814719863269,258643,2088,784,607
P2,sen1floods11,dofa_upernet,F2,71,USA_198411,USA,0.436139851808548,0.9838244318962096,0.0347427725791931,4.34907415183261e-05,0.2527499865806261,0.4747142257140663,0.892379679144385,0.9086679252120428,0.9703084905290787,0.9237853649618356,0.2527499865806261,0.6109558730321539,84222,8737,10074,0.1037377407328251,0.1196124528033055,72183,3302,1965,6772
P2,sen1floods11,dofa_upernet,F2,71,USA_211406,USA,0.2305322140455246,0.7235908508300781,0.0210205316543579,6.404736723197857e-06,0.4056531615866509,0.8785081153402473,0.6159704266321914,0.3457547354606178,0.5921768182797595,0.5179673267908562,0.4056531615866509,0.5057041990178903,262101,1130,1991,0.0043113151037195,0.0075963082933678,259493,1478,617,513
P2,sen1floods11,dofa_upernet,F2,71,USA_217598,USA,0.3823538720607757,0.9476236701011658,0.0132219195365905,3.480774466879666e-05,0.2521969211933714,0.269693518348197,0.6699770817417876,0.8073562466944819,0.7937607735401853,0.757031367325485,0.2521969211933714,0.4553074385254554,257297,45251,46159,0.1758706864052048,0.1793996820794645,200113,11933,11025,34226
P2,sen1floods11,dofa_upernet,F2,71,USA_224165,USA,0.0968789756298065,0.452832281589508,0.0098078250885009,4.347497906564968e-06,0.5003071042170559,0.9999999999922032,0.2150710808799044,0.0484080870110281,0.1666629938688762,0.1433807205866029,0.5003071042170559,0.4720196313366224,262126,161,0,0.0006142084341118,0.0,261965,0,161,0
P2,sen1floods11,dofa_upernet,F2,71,USA_225017,USA,0.348034918308258,0.9101192951202391,0.0107634663581848,1.8536660718382336e-05,0.2697801227648744,0.3822460300582354,0.5015327809445457,0.6720362970362971,0.5702471548059784,0.5812720775956071,0.2697801227648744,0.4711885821312002,262138,16780,24245,0.0640120852375466,0.0924894521206387,235033,10325,2860,13920
P2,sen1floods11,dofa_upernet,F2,71,USA_231124,USA,0.2854792773723602,0.828868567943573,0.0221912264823913,3.869585270876996e-05,0.4831347322977445,0.8979271716195039,0.6782953566041802,0.713251209574739,0.9168288819024112,0.7694584826937768,0.4831347322977445,0.572438149584686,129409,3839,706,0.0296656337658122,0.0054555710962916,125140,430,3563,276
P2,sen1floods11,dofa_upernet,F2,71,USA_232060,USA,0.1864883452653885,0.6516396999359131,0.0274287462234497,6.26423025096301e-06,0.4427580313797281,0.9035852736436308,0.6236018883077707,0.3208709182973889,0.6187397161661867,0.5210708409237822,0.4427580313797281,0.4950495699866214,262127,1713,1410,0.0065350002098219,0.0053790719765609,259348,1066,1369,344
P2,sen1floods11,dofa_upernet,F2,71,USA_251323,USA,0.1795514076948166,0.6366690397262573,0.0189419984817504,7.549965175712714e-06,0.4685164698350296,0.9184091684059266,0.5828662758809817,0.3544127441186265,0.6190102789367495,0.5187630996454525,0.4685164698350296,0.4953599785279319,261038,695,915,0.0026624476129912,0.0035052367854488,259531,812,592,103
P2,sen1floods11,dofa_upernet,F2,71,USA_260929,USA,0.2165471613407135,0.7226876616477966,0.011137843132019,7.616801667609252e-06,0.4849643940314558,0.923552034593736,0.4055136040430158,0.3819464848876613,0.4179117451176275,0.4017906113494349,0.4849643940314558,0.5286053801056776,262134,5020,1146,0.0191505108074496,0.0043718098377165,256269,845,4719,301
P2,sen1floods11,dofa_upernet,F2,71,USA_275372,USA,0.1788335293531417,0.6414938569068909,0.0148636102676391,6.230509370652726e-06,0.4390989434438129,0.9312798652425672,0.5218176431411725,0.310048407474878,0.5099208389649567,0.4472622965270024,0.4390989434438129,0.5148948006907331,262138,2722,920,0.0103838436243505,0.0035096018127856,258922,494,2296,426
P2,sen1floods11,dofa_upernet,F2,71,USA_308150,USA,0.2951759397983551,0.8438547253608704,0.014422595500946,9.352116649097296e-06,0.3921403190436496,0.7723874576584188,0.5886509324009324,0.4902511703982292,0.5751864557011616,0.551362852833441,0.3921403190436496,0.5415405821921317,262027,2907,4552,0.0110942765440202,0.0173722555309185,255980,3140,1495,1412
P2,sen1floods11,dofa_upernet,F2,71,USA_347609,USA,0.3963375389575958,0.9591346383094788,0.0238372683525085,4.1227023757528514e-05,0.4866690627024759,0.7188116000868157,0.8024659164365047,0.8384972870266988,0.9349976004387768,0.8586536013006602,0.4866690627024759,0.6321563218873871,204416,1642,6952,0.0080326393237319,0.0340090795241077,196337,6437,1127,515
P2,sen1floods11,dofa_upernet,F2,71,USA_348639,USA,0.3783741295337677,0.9439072608947754,0.0128693580627441,2.526624666643329e-05,0.292327963385714,0.3130535529851282,0.6432684962096726,0.7614168919315978,0.7404684776008305,0.7150512885807002,0.292327963385714,0.4732266947870606,262118,27154,37734,0.1035945642802096,0.1439580646884227,218983,15981,5401,21753
P2,sen1floods11,dofa_upernet,F2,71,USA_350244,USA,0.1740163713693618,0.6328202486038208,0.0091268420219421,5.598264579020906e-06,0.4954448151162511,0.9507386205782667,0.2796639634874929,0.2786153797183209,0.2436870727311904,0.267322138645668,0.4954448151162511,0.519820430832627,262120,1285,652,0.0049023348084846,0.0024874103464062,260214,621,1254,31
P2,sen1floods11,dofa_upernet,F2,71,USA_354981,USA,0.2777641117572784,0.8192506432533264,0.0147269368171691,8.097043973975815e-06,0.4496657752165657,0.8992443388110367,0.5944160006660006,0.4440485984603631,0.5713226724256136,0.5365957571839924,0.4496657752165657,0.56788118627494,262011,1724,1797,0.0065798764174023,0.0068584906740556,258843,1444,1371,353
P2,sen1floods11,dofa_upernet,F2,71,USA_366607,USA,0.3835341334342956,0.9487383961677552,0.0074825286865234,1.9004221030627377e-05,0.1339475507939151,0.2374722356355481,0.3800176539147127,0.7227135609488551,0.4153707811796047,0.5060339986810575,0.1339475507939151,0.43677790426266,262139,49325,55955,0.1881635315614998,0.2134554568377845,203307,9507,2877,46448
P2,sen1floods11,dofa_upernet,F2,71,USA_375183,USA,0.2539985179901123,0.7770593166351318,0.0116910934448242,1.1172727681696417e-05,0.3597893676783895,0.7213973597668644,0.479500279132632,0.5158573044602456,0.5490967365967365,0.5148181067298714,0.3597893676783895,0.4926934559113478,262065,6518,5065,0.0248716921374468,0.0193272661362639,253184,2363,3816,2702
P2,sen1floods11,dofa_upernet,F2,71,USA_387945,USA,0.3710874915122986,0.9354729652404784,0.0129647254943847,1.55317502503749e-05,0.3362274373009724,0.5065041831778766,0.6439687763217175,0.6658213110418992,0.6648174129791776,0.6582025001142647,0.3362274373009724,0.5197279513911279,262139,13453,16823,0.0513201011677011,0.0641758761573058,240216,8470,5100,8353
P2,sen1floods11,dofa_upernet,F2,71,USA_430764,USA,0.4145749509334564,0.9715662598609924,0.0092545747756958,2.2799835278419774e-05,0.3718423963371716,0.4127999678046702,0.5117860081095376,0.7841294734677087,0.5385992683786801,0.6115049166519755,0.3718423963371716,0.5554600597888912,262137,15439,29936,0.0588966837951147,0.1141998268081194,228391,18307,3810,11629
P2,sen1floods11,dofa_upernet,F2,71,USA_438959,USA,0.3713588118553161,0.9343553185462952,0.0194666385650634,3.119940447504632e-05,0.3643449526966533,0.5232502991593535,0.749950417229829,0.7784341883606589,0.8834119312060489,0.8039321789321789,0.3643449526966533,0.5255995619132077,253900,6303,15264,0.024824734147302,0.0601181567546278,237516,10081,1120,5183
P2,sen1floods11,dofa_upernet,F2,71,USA_486103,USA,0.3161998689174652,0.8712261319160461,0.0099768638610839,1.0877497516048606e-05,0.4846930926409025,0.6629987334535518,0.43572542653425,0.5513555072378602,0.4602082966053554,0.4824297434591552,0.4846930926409025,0.5039927306036291,262060,7242,8076,0.0276348927726474,0.0308173700679233,247884,6934,6100,1142
P2,sen1floods11,dofa_upernet,F2,71,USA_504150,USA,0.1908950060606002,0.6562864780426025,0.0287940502166748,9.635060450818855e-06,0.3430351828515066,0.815343115505615,0.6236018883077707,0.409106212415036,0.7069750102838338,0.5798943703355469,0.3430351828515066,0.4639347036129138,262126,3262,2675,0.0124443969693963,0.0102050159083799,257647,1217,1804,1458
P2,sen1floods11,dofa_upernet,F2,71,USA_519181,USA,0.2020084857940673,0.6774980425834656,0.0135300159454345,8.341379725607112e-06,0.4514109570714889,0.8192585141914723,0.5036623915300386,0.3866495024583259,0.5453211004681593,0.4785443314855079,0.4514109570714889,0.4733317200135709,262127,2152,2854,0.0082097609174178,0.0108878520717057,257627,2348,1646,506
P2,sen1floods11,dofa_upernet,F2,71,USA_527077,USA,0.3118844926357269,0.8638806343078613,0.0255197286605834,8.845562661008444e-06,0.4950704888097422,0.5841974262113034,0.7155693571134748,0.4872749799220388,0.6857119596090184,0.6295187655481773,0.4950704888097422,0.4819910863603812,262127,1646,10754,0.0062793989173187,0.041025914919104,250346,10135,1027,619
P2,sen1floods11,dofa_upernet,F2,71,USA_58086,USA,0.3800620436668396,0.9444531798362732,0.0095494389533996,1.964761941053439e-05,0.3518643243253938,0.3129832316972152,0.4834675128792775,0.7167122093592682,0.5359628116981059,0.5787141779788838,0.3518643243253938,0.4721777687842523,262112,15894,35964,0.0606382004639238,0.1372085215480405,224764,21454,1384,14510
P2,sen1floods11,dofa_upernet,F2,71,USA_595451,USA,0.3971925675868988,0.95994770526886,0.0079063773155212,1.7971138731809333e-05,0.476651460644896,0.2175346557564397,0.4063999725764431,0.7204376505847093,0.4170841413488472,0.5146405881699999,0.476651460644896,0.4273923340459198,262136,20531,64969,0.0783219397564622,0.2478446302682577,193972,47633,3195,17336
P2,sen1floods11,dofa_upernet,F2,71,USA_604222,USA,0.3697598278522491,0.9354581236839294,0.0097456574440002,1.71230985870352e-05,0.4523263387118992,0.4974407936535817,0.4861731405849052,0.6806943056943057,0.5218947718947718,0.5629207393913276,0.4523263387118992,0.5152243004829536,262123,6641,17236,0.0253354341282527,0.0657553896453191,241573,13909,3314,3327
P2,sen1floods11,dofa_upernet,F2,71,USA_605492,USA,0.3788226544857025,0.9445583820343018,0.0104464292526245,2.1161657059565187e-05,0.5529889898240584,0.3387278139831766,0.5252719094630859,0.7251963722551957,0.5862513711778418,0.6122398842987078,0.5529889898240584,0.4822051434526629,262125,3031,32810,0.0115631855030996,0.1251692894611349,227145,31949,2170,861
P2,sen1floods11,dofa_upernet,F2,71,USA_638521,USA,0.3158388137817383,0.8702579140663147,0.0111756324768066,1.0421573279018048e-05,0.5130234045194643,0.6199032928858129,0.4860696901138077,0.5428713443419326,0.5020683972889856,0.5103364772482419,0.5130234045194643,0.495382441658627,262141,5164,9557,0.0196993221205381,0.0364574789903143,247810,9167,4774,390
P2,sen1floods11,dofa_upernet,F2,71,USA_646878,USA,0.2738294899463653,0.809171736240387,0.0162902474403381,2.7841972041642293e-05,0.4241794899334689,0.6872053555825474,0.6230117921294392,0.6809722140604494,0.8464709310297547,0.7168183124065477,0.4241794899334689,0.4806535070723901,252297,2424,5576,0.0096077242297768,0.0221009365945691,245483,4390,1238,1186
P2,sen1floods11,dofa_upernet,F2,71,USA_652955,USA,0.3533084690570831,0.917031466960907,0.0131446123123168,1.3350201697903684e-05,0.3701897372745494,0.4226052505855763,0.6335839405692347,0.635311379796674,0.6581090478149302,0.642334789393613,0.3701897372745494,0.478768262721236,262141,8527,21014,0.0325282958407879,0.0801629657321823,239751,13863,1376,7151
P2,sen1floods11,dofa_upernet,F2,71,USA_655230,USA,0.1698669642210006,0.623198926448822,0.0206497907638549,5.454198799270671e-06,0.4557056351389719,0.9751275110288626,0.5769138949286008,0.2496241503594444,0.5351027648821767,0.4538802700567406,0.4557056351389719,0.5299332023493408,262129,1145,332,0.0043680783125865,0.0012665519648722,260778,206,1019,126
P2,sen1floods11,dofa_upernet,F2,71,USA_66026,USA,0.1765452325344085,0.6331573128700256,0.0211988687515258,5.085111752123339e-06,0.5021744023254661,0.9896843895496528,0.5933068157332864,0.2418402675755617,0.5168783422459893,0.4506751418516124,0.5021744023254661,0.5511154977455965,262141,987,153,0.0037651492898859,0.0005836553610461,261001,153,987,0
P2,sen1floods11,dofa_upernet,F2,71,USA_664261,USA,0.392955482006073,0.9555730819702148,0.015867531299591,1.87005425686948e-05,0.4408201785191398,0.4774314331337049,0.7320522614640261,0.7234695451607217,0.7569091447767919,0.7374769838005132,0.4408201785191398,0.5400293968822976,262087,4815,19987,0.01837176204848,0.076260936253992,241148,16124,952,3863
P2,sen1floods11,dofa_upernet,F2,71,USA_66511,USA,0.1427516639232635,0.569934606552124,0.0125872492790222,5.3905359891359694e-06,0.5050713051775945,0.9909827248164792,0.4121527981822099,0.2105253814812638,0.3961485818103465,0.3396089204912734,0.5050713051775945,0.5014108456374218,262136,2727,120,0.0104029969176305,0.0004577776421399,259291,118,2725,2
P2,sen1floods11,dofa_upernet,F2,71,USA_670826,USA,0.1522353440523147,0.5857439637184143,0.0101933479309082,5.297226834954927e-06,0.5061724627287016,0.9831927811937964,0.3064839572192513,0.2045730005288828,0.2673227507786331,0.2594599028422558,0.5061724627287016,0.5081077062211398,262132,3010,226,0.0114827644087711,0.0008621610486319,258896,226,3010,0
P2,sen1floods11,dofa_upernet,F2,71,USA_67102,USA,0.3399049043655395,0.9003280997276306,0.010823369026184,1.5209857338049916e-05,0.2930610128420965,0.434930983490343,0.4979120144561321,0.6375872901608196,0.5432067932067932,0.5595686992745816,0.2930610128420965,0.4760325629406726,262091,9491,18514,0.0362126131763395,0.0706395870136708,242847,9753,730,8761
P2,sen1floods11,dofa_upernet,F2,71,USA_693819,USA,0.1604251712560653,0.6113591194152832,0.0229837894439697,5.698347194993403e-06,0.4550778870485978,0.9672754673636292,0.5933625198331081,0.2726629987659399,0.5745902381931793,0.4802052522640758,0.4550778870485978,0.5237560856355901,262104,2454,394,0.0093626957238348,0.0015032200958398,259512,138,2198,256
P2,sen1floods11,dofa_upernet,F2,71,USA_741073,USA,0.2791479527950287,0.8140689134597778,0.0197242498397827,9.583053724782076e-06,0.448806518026478,0.7929480134044449,0.6580588529117941,0.4768344400697342,0.6737037472331591,0.6028656800715625,0.448806518026478,0.5267972572641761,262115,3375,4049,0.0128760276977662,0.0154474181180016,255513,3227,2553,822
P2,sen1floods11,dofa_upernet,F2,71,USA_741178,USA,0.1781845688819885,0.6415743231773376,0.0247510075569152,7.104624273779336e-06,0.447904326137207,0.8451850200632491,0.6123496601437779,0.3495983183483183,0.6400027668410022,0.5339835817776996,0.447904326137207,0.4753299168190587,262117,1446,2041,0.0055166204404903,0.007786599114136,258989,1682,1087,359
P2,sen1floods11,dofa_upernet,F2,71,USA_758178,USA,0.228878304362297,0.7341251373291016,0.0122418403625488,7.149621524149552e-06,0.4344844613129909,0.8488298595105082,0.481067951656187,0.3801082495935437,0.4782111271081859,0.4464624427859722,0.4344844613129909,0.5067380918999098,262133,1617,2451,0.0061686243242933,0.009350215348697,258573,1943,1109,508
P2,sen1floods11,dofa_upernet,F2,71,USA_761032,USA,0.3325665593147278,0.8884305357933044,0.016361117362976,1.2073129255441016e-05,0.3612938782118375,0.5924642664333561,0.6711083034612447,0.5837459109517933,0.7011481165892932,0.6520007770007771,0.3612938782118375,0.501040987039054,262125,12117,10455,0.0462260371959942,0.0398855507868383,245057,4951,6613,5504
P2,sen1floods11,dofa_upernet,F2,71,USA_770353,USA,0.4449290037155151,0.988317608833313,0.0146944522857666,2.3482691176468503e-05,0.4333295220002255,0.2391972126353517,0.8114985504691388,0.872448629801571,0.7766877730113024,0.8202116510940041,0.4333295220002255,0.5559020662400923,262141,34427,83515,0.1313300857172285,0.3185880880899974,176003,51711,2623,31804
P2,sen1floods11,dofa_upernet,F2,71,USA_778194,USA,0.3392044901847839,0.902147650718689,0.0215166807174682,1.1833382814074866e-05,0.3868336266825756,0.6306963961638012,0.7322126403008756,0.5993069430569431,0.7392270719476601,0.6902488851018264,0.3868336266825756,0.5388276098099326,262070,3838,9469,0.0146449421910176,0.0361315679017056,251481,6751,1120,2718
P2,sen1floods11,dofa_upernet,F2,71,USA_788696,USA,0.3762027323246002,0.9413192868232728,0.011042833328247,1.1998779882560484e-05,0.0925632856980552,0.1297345915585654,0.5490600086188321,0.6390013173101408,0.5238444153885331,0.5706352471058352,0.0925632856980552,0.3634105137857703,262126,111448,111786,0.4251695749372439,0.4264590311529569,144282,6396,6058,105390
P2,sen1floods11,dofa_upernet,F2,71,USA_806273,USA,0.3045754134654999,0.8539204001426697,0.0085313320159912,9.28507506614551e-06,0.4719955250397911,0.6614037514424345,0.3454492811110458,0.4932830649742414,0.3252764392470275,0.3880029284441049,0.4719955250397911,0.4963048239336757,262131,5787,7794,0.0220767478855991,0.0297332249905581,249770,6574,4567,1220
P2,sen1floods11,dofa_upernet,F2,71,USA_826217,USA,0.2187792062759399,0.7191049456596375,0.017993152141571,8.124839951051399e-06,0.1952213432532288,0.6846899791240997,0.5924394233217762,0.3952518070165129,0.6181428865252395,0.5352780389545095,0.1952213432532288,0.4304136879975491,262126,4498,4892,0.0171596865629506,0.0186627804948765,256323,1305,911,3587
P2,sen1floods11,dofa_upernet,F2,71,USA_831672,USA,0.4304291009902954,0.9815449118614196,0.0079370737075805,2.3512560801464133e-05,0.4032411042305232,0.4131511807401424,0.4613780827016121,0.8286737772031889,0.4703421578421578,0.5867980059156529,0.4032411042305232,0.5881255186341922,262116,20957,33060,0.0799531505135131,0.1261273634574005,220821,20338,8235,12722
P2,sen1floods11,dofa_upernet,F2,71,USA_84195,USA,0.2850787043571472,0.8251155614852905,0.0112828612327575,1.2004911695839835e-05,0.3758853016671675,0.6407328608119334,0.4696143317466847,0.5442517041781748,0.5391483516483517,0.5176714625244038,0.3758853016671675,0.4749253513558444,262137,3811,7725,0.0145381994911057,0.029469323292782,253079,5247,1333,2478
P2,sen1floods11,dofa_upernet,F2,71,USA_86502,USA,0.4228246212005615,0.9770445227622986,0.0115066766738891,2.450089050398674e-05,0.4547387693794973,0.3114982394411677,0.6406608097784569,0.8232147754206578,0.6760629076805547,0.7133128309598898,0.4547387693794973,0.5385722831916266,262132,66362,47544,0.2531625288022828,0.1813742694520318,176743,19027,37845,28517
P2,sen1floods11,dofa_upernet,F2,71,USA_905409,USA,0.3300338983535766,0.892509937286377,0.0103675127029418,1.5183345567493234e-05,0.081307249279575,0.2263131744916958,0.4796875918199448,0.6298034073769369,0.5327662533544887,0.5474190841837901,0.081307249279575,0.3609900175235317,262099,44467,46552,0.1696572669105948,0.1776122762772845,213345,4287,2202,42265
P2,sen1floods11,dofa_upernet,F2,71,USA_908474,USA,0.3647615015506744,0.9292460680007936,0.0245605111122131,7.195189937192481e-06,0.5124889807335364,0.6699939432379733,0.7653167910520853,0.5025654492566258,0.6400027668410022,0.6359616690499045,0.5124889807335364,0.5612809333331628,262071,1846,9414,0.0070438926855699,0.0359215632404959,250995,9230,1662,184
P2,sen1floods11,dofa_upernet,F2,71,USA_933610,USA,0.2587140500545501,0.7848756909370422,0.0099042654037475,1.0772680980153382e-05,0.3102417150378943,0.6901457194450458,0.3954195314489432,0.5025654492566257,0.4517241337094278,0.4499030381383322,0.3102417150378943,0.4732089449209497,262027,3823,5777,0.0145900994935636,0.0220473462658428,255148,3056,1102,2721
P2,sen1floods11,dofa_upernet,F2,71,USA_955053,USA,0.4259132742881775,0.9789901971817015,0.0106838345527648,2.424721787974704e-05,0.4405088665755513,0.2138673718172801,0.5963723776223777,0.8220835537012008,0.6195024338406692,0.6793194550547493,0.4405088665755513,0.4758120708512038,262140,35838,78887,0.1367132066834515,0.3009346150911726,177442,48860,5811,30027
P2,sen1floods11,dofa_upernet,F2,71,USA_986268,USA,0.1985248923301696,0.6597017049789429,0.0107879638671875,7.43403234082507e-06,0.3752631826371316,0.7790533707897981,0.3627383645765999,0.3533304930363754,0.3903357671740025,0.3688015415956593,0.3752631826371316,0.4459329472351334,262123,9092,3345,0.0346860061879346,0.0127611846346944,252381,650,6397,2695
P2,sen1floods11,dofa_upernet,F2,71,USA_994009,USA,0.1591901928186416,0.5979025363922119,0.0140358805656433,5.500807219505077e-06,0.4943393428761428,0.976788989706202,0.4739151779592956,0.2458430050341815,0.4455140447787507,0.3884240759240759,0.4943393428761428,0.5201657155956447,262018,1897,308,0.0072399606133929,0.001175491760108,259855,266,1855,42
P2,sen1floods11,dofa_upernet,F3,13,India_1017769,IND,0.39930060505867,0.9613274335861206,0.0131909251213073,4.180211544735357e-05,0.3369659600878221,0.1083410326504662,0.8166666666666667,0.6930555555555555,0.6819444444444445,0.7305555555555555,0.3369659600878221,0.3262844235540161,172971,98143,123012,0.5673956906070959,0.7111712367969197,46013,28815,3946,94197
P2,sen1floods11,dofa_upernet,F3,13,India_1018317,IND,0.390776664018631,0.9556047916412354,0.0267320871353149,9.98713312583277e-06,0.3595183237339301,0.0945499482991429,0.9013888888888888,0.4611111111111111,0.5430555555555556,0.6351851851851852,0.3595183237339301,0.2900250932372226,196977,150710,175928,0.7651147088238729,0.8931398082009575,20310,25957,739,149971
P2,sen1floods11,dofa_upernet,F3,13,India_1018327,IND,0.2776747047901153,0.8076823353767395,0.0116838216781616,0.0001429473195457,0.3054416091663997,0.2135068663549486,0.6513888888888888,0.7847222222222221,0.8111111111111111,0.7490740740740739,0.3054416091663997,0.5010234109187064,262142,36649,26750,0.1398059067223108,0.1020439303888732,219336,6157,16056,20593
P2,sen1floods11,dofa_upernet,F3,13,India_103447,IND,0.2508768737316131,0.7652080655097961,0.0065611600875854,4.797091969521716e-05,0.2484986776878047,0.1294210493831907,0.3486111111111111,0.5930555555555556,0.3472222222222222,0.4296296296296296,0.2484986776878047,0.3123473487633547,163567,26977,28406,0.1649293561659748,0.1736658372410082,128952,7638,6209,20768
P2,sen1floods11,dofa_upernet,F3,13,India_1050276,IND,0.2517794668674469,0.7590449452400208,0.0077359676361083,0.0002165854966733,0.487822684116873,0.2472886486602572,0.4166666666666666,0.7972222222222223,0.6194444444444445,0.611111111111111,0.487822684116873,0.5244035256012962,255185,49005,19019,0.1920371495189764,0.0745302427650528,198857,7323,37309,11696
P2,sen1floods11,dofa_upernet,F3,13,India_1068117,IND,0.3394464254379272,0.9003318548202515,0.0094727277755737,0.0001919831702252,0.3552927037424126,0.2108531297257582,0.5944444444444444,0.8763888888888889,0.7180555555555556,0.7296296296296297,0.3552927037424126,0.5230859022607328,229712,47960,33161,0.2087831719718604,0.1443590234728703,173475,8277,23076,24884
P2,sen1floods11,dofa_upernet,F3,13,India_1072277,IND,0.0237699672579765,0.1439172923564911,0.0103821754455566,6.252997536648763e-06,0.5420014533164874,0.937859811135358,0.2902777777777778,0.05,0.2986111111111111,0.212962962962963,0.5420014533164874,0.6749705895446934,262142,22546,136,0.0860068207307489,0.0005188027862761,239509,87,22497,49
P2,sen1floods11,dofa_upernet,F3,13,India_118868,IND,0.1553090959787368,0.564109742641449,0.0212517976760864,5.749589763581753e-05,0.5342189674281175,0.8062891118984177,0.7069444444444445,0.5986111111111111,0.8166666666666667,0.7074074074074074,0.5342189674281175,0.765742689161599,159275,10685,1825,0.0670852299482027,0.0114581698320514,146874,1716,10576,109
P2,sen1floods11,dofa_upernet,F3,13,India_135434,IND,0.1919180154800415,0.64168381690979,0.0091937780380249,6.789988401578739e-05,0.1770768106486477,0.1662426181669548,0.4736111111111111,0.6555555555555556,0.5930555555555556,0.5740740740740741,0.1770768106486477,0.3965916836771627,117150,10312,11139,0.0880239009816474,0.0950832266325224,104405,2433,1606,8706
P2,sen1floods11,dofa_upernet,F3,13,India_136196,IND,0.0304647777229547,0.1807955950498581,0.0269554853439331,4.952144081471488e-06,0.500387260087653,0.9305001318015044,0.5486111111111112,0.0777777777777777,0.5125000000000001,0.3796296296296297,0.500387260087653,0.6970885223514274,211744,0,164,0.0,0.000774520175306,211580,164,0,0
P2,sen1floods11,dofa_upernet,F3,13,India_164336,IND,0.0460335835814476,0.2425951361656189,0.0138536691665649,7.414327683363808e-06,0.4911653664864099,0.9179373267032226,0.5236111111111111,0.1444444444444444,0.4513888888888889,0.3731481481481482,0.4911653664864099,0.7229357596502067,259101,1881,220,0.0072597172531175,0.0008490897372067,257052,168,1829,52
P2,sen1floods11,dofa_upernet,F3,13,India_166709,IND,0.0486337058246135,0.2289896607398986,0.0109763145446777,1.541682104289066e-05,0.5115731816850516,0.8499247710342566,0.4263888888888888,0.2166666666666666,0.4347222222222222,0.3592592592592591,0.5115731816850516,0.68428064498111,256894,8839,414,0.0344071874002506,0.001611559631599,247751,304,8729,110
P2,sen1floods11,dofa_upernet,F3,13,India_177319,IND,0.044591337442398,0.2021642327308654,0.0157503485679626,6.08189293416217e-05,0.4992410630407812,0.7210185176959024,0.4972222222222222,0.4361111111111111,0.7861111111111111,0.5731481481481482,0.4992410630407812,0.6417706130358466,256490,1578,855,0.0061522866388553,0.0033334632929159,254083,829,1552,26
P2,sen1floods11,dofa_upernet,F3,13,India_179238,IND,0.0158840082585811,0.1136517375707626,0.0116942524909973,1.301089696426061e-06,0.5301119065678869,0.9999999999573708,0.3555555555555555,0.0291666666666666,0.3513888888888889,0.2453703703703703,0.5301119065678869,0.6953627344239242,192482,11592,0,0.0602238131357737,0.0,180890,0,11592,0
P2,sen1floods11,dofa_upernet,F3,13,India_180633,IND,0.3694751858711242,0.934963583946228,0.0082545280456542,3.3271393476752564e-05,0.1913041847140169,0.1285415177603621,0.5416666666666666,0.6138888888888888,0.386111111111111,0.5138888888888888,0.1913041847140169,0.365720446899995,164555,75763,86222,0.4604114125976117,0.523970708881529,74862,13930,3471,72292
P2,sen1floods11,dofa_upernet,F3,13,India_207862,IND,0.0803217515349388,0.3327597975730896,0.008178174495697,2.399103141215164e-05,0.5421037766806067,0.7478694960393426,0.2875,0.3,0.3180555555555555,0.3018518518518518,0.5421037766806067,0.6783327137383554,200115,21028,1054,0.1050795792419358,0.0052669714913924,178502,585,20559,469
P2,sen1floods11,dofa_upernet,F3,13,India_244057,IND,0.021869346499443,0.1413820683956146,0.0353066325187683,3.250492682127515e-06,0.5000155727340114,0.9562880607187192,0.5208333333333334,0.0375,0.5166666666666667,0.3583333333333334,0.5000155727340114,0.6749113218005044,160537,5,0,3.114546802294798e-05,0.0,160532,0,5,0
P2,sen1floods11,dofa_upernet,F3,13,India_25540,IND,0.0222076755017042,0.1380565613508224,0.0132163166999816,5.79447487325524e-06,0.526866959928182,0.9579530254214014,0.4236111111111111,0.05,0.4319444444444444,0.3018518518518518,0.526866959928182,0.6749705895446934,188625,11559,91,0.0612803180914512,0.0004824387011265,177058,8,11476,83
P2,sen1floods11,dofa_upernet,F3,13,India_265762,IND,0.0281150769442319,0.1514123976230621,0.0129280090332031,9.794443030841649e-06,0.5213655806714335,0.901021342887412,0.4458333333333333,0.0875,0.4472222222222222,0.3268518518518519,0.5213655806714335,0.6733265139337835,147296,8533,216,0.0579309689333043,0.0014664349337388,138676,87,8404,129
P2,sen1floods11,dofa_upernet,F3,13,India_273873,IND,0.1566440910100937,0.5374842286109924,0.0179277062416076,8.2841856055893e-05,0.4992058677438965,0.356572819667252,0.6749999999999999,0.6472222222222223,0.8666666666666667,0.7296296296296295,0.4992058677438965,0.5504944977585124,155608,5446,3948,0.0349982006066526,0.0253714461981389,146710,3452,4950,496
P2,sen1floods11,dofa_upernet,F3,13,India_285297,IND,0.1949662864208221,0.6389565467834473,0.005963385105133,5.761384454672225e-05,0.5112225353881896,0.2890998585480561,0.2861111111111111,0.6138888888888889,0.3805555555555556,0.4268518518518518,0.5112225353881896,0.5294871604972341,245042,36006,11829,0.1469380759216787,0.0482733572203948,202748,6288,30465,5541
P2,sen1floods11,dofa_upernet,F3,13,India_287642,IND,0.1926844120025634,0.6328405141830444,0.0105339884757995,8.031800098251551e-05,0.5486898320915585,0.5480171584094894,0.5597222222222222,0.6791666666666667,0.7194444444444444,0.6527777777777778,0.5486898320915585,0.681396331866898,115377,17914,1275,0.1552649141510006,0.0110507293481369,97160,303,16942,972
P2,sen1floods11,dofa_upernet,F3,13,India_324254,IND,0.0316896848380565,0.1624147742986679,0.0158485770225524,1.580108073540032e-05,0.4894105484930218,0.8341175785624395,0.4805555555555555,0.1736111111111111,0.5402777777777777,0.3981481481481481,0.4894105484930218,0.6553252809869714,262144,3883,393,0.0148124694824218,0.0014991760253906,258018,243,3733,150
P2,sen1floods11,dofa_upernet,F3,13,India_373039,IND,0.0439988151192665,0.2247993052005767,0.0267570614814758,1.1430746781115886e-05,0.5033207276467917,0.9125769264403903,0.5916666666666667,0.1736111111111111,0.5652777777777778,0.4435185185185185,0.5033207276467917,0.7084053911093497,242783,1509,244,0.0062154269450496,0.0010050127068204,241031,243,1508,1
P2,sen1floods11,dofa_upernet,F3,13,India_383430,IND,0.1840658634901046,0.6059355139732361,0.00734144449234,0.0001531827001599,0.4630296669758692,0.287432780917697,0.3347222222222222,0.736111111111111,0.5597222222222222,0.5435185185185185,0.4630296669758692,0.5275297950167802,251271,39228,10948,0.1561182945903029,0.043570487640834,209776,2267,30547,8681
P2,sen1floods11,dofa_upernet,F3,13,India_391908,IND,0.2120366245508194,0.6729550957679749,0.0087447166442871,0.0001820791803766,0.4140506281458481,0.2362792317349369,0.4458333333333333,0.7722222222222221,0.6736111111111112,0.6305555555555555,0.4140506281458481,0.4917929086637259,211832,25989,15883,0.1226868461799916,0.0749792288228407,179286,6557,16663,9326
P2,sen1floods11,dofa_upernet,F3,13,India_399883,IND,0.3971219956874847,0.9601145386695862,0.0122269392013549,3.8739930459996685e-05,0.3027364511673397,0.1121329468086955,0.7833333333333332,0.6819444444444445,0.6375,0.7009259259259258,0.3027364511673397,0.3415836056250054,262119,136292,154769,0.5199623071963497,0.5904531911078555,93454,32373,13896,122396
P2,sen1floods11,dofa_upernet,F3,13,India_44475,IND,0.017214547842741,0.1203956007957458,0.0251348614692688,1.5465751630472369e-06,0.0,0.9999999999594932,0.4958333333333333,0.0291666666666666,0.4916666666666667,0.3388888888888888,0.0,0.7011196836152748,260175,0,0,0.0,0.0,260175,0,0,0
P2,sen1floods11,dofa_upernet,F3,13,India_500266,IND,0.078800119459629,0.3166065216064453,0.0057566165924072,5.108482946525328e-05,0.5473618368374925,0.5439685505887784,0.15,0.4597222222222222,0.3402777777777778,0.3166666666666666,0.5473618368374925,0.6042496843154337,262141,38181,2268,0.1456506231379296,0.0086518324108018,223499,461,36374,1807
P2,sen1floods11,dofa_upernet,F3,13,India_533192,IND,0.4460247457027435,0.9889495372772216,0.0173252820968627,1.84750824701041e-05,0.249704058634581,0.2572202237649968,0.925,0.6180555555555556,0.5736111111111111,0.7055555555555556,0.249704058634581,0.6492271737141776,120661,43244,53591,0.3583925211957467,0.4441451670382311,63931,13486,3139,40105
P2,sen1floods11,dofa_upernet,F3,13,India_534470,IND,0.0233350042253732,0.1444605886936187,0.0103497505187988,6.067714366508881e-06,0.5092278995569488,0.914170484356068,0.2833333333333333,0.05,0.2916666666666667,0.2083333333333333,0.5092278995569488,0.6596187250344251,250570,7434,159,0.0296683561479826,0.0006345532186614,243061,75,7350,84
P2,sen1floods11,dofa_upernet,F3,13,India_56450,IND,0.0145016815513372,0.1084365621209144,0.0220133662223815,8.39636243199493e-07,0.5002262093926554,0.999999999957616,0.475,0.0208333333333333,0.4791666666666667,0.325,0.5002262093926554,0.6902494779694179,181248,82,0,0.0004524187853107,0.0,181166,0,82,0
P2,sen1floods11,dofa_upernet,F3,13,India_566697,IND,0.0463681407272815,0.2158116102218628,0.0087059736251831,2.247432894364465e-05,0.5274874162787778,0.6194911147639596,0.2569444444444444,0.2527777777777777,0.3347222222222222,0.2814814814814814,0.5274874162787778,0.591788101915981,215703,14719,943,0.0682373448677116,0.0043717518996026,200280,704,14480,239
P2,sen1floods11,dofa_upernet,F3,13,India_570384,IND,0.1328063011169433,0.4727831184864044,0.0107898712158203,8.778511255513877e-05,0.3450305756122188,0.2153824373682878,0.5027777777777778,0.6305555555555555,0.7277777777777777,0.6203703703703703,0.3450305756122188,0.4334881378439258,242000,14548,9554,0.0601157024793388,0.0394793388429752,224256,3196,8190,6358
P2,sen1floods11,dofa_upernet,F3,13,India_591317,IND,0.3300575613975525,0.8929310441017151,0.0170933604240417,1.7996866517933086e-05,0.1396339865003701,0.1154982141723311,0.8125,0.5055555555555555,0.5736111111111111,0.6305555555555555,0.1396339865003701,0.3326493963502681,246049,114039,120629,0.4634808513751326,0.4902641343797373,119499,12511,5921,108118
P2,sen1floods11,dofa_upernet,F3,13,India_591549,IND,0.0233977288007736,0.1360986083745956,0.0128018260002136,9.045417755260132e-06,0.5185498242909903,0.9233247298457808,0.4152777777777777,0.0652777777777777,0.4388888888888889,0.3064814814814814,0.5185498242909903,0.675043027898702,245709,11054,154,0.0449881770712509,0.0006267576686242,234588,67,10967,87
P2,sen1floods11,dofa_upernet,F3,13,India_592446,IND,0.1860967725515365,0.6101872324943542,0.0067672133445739,0.000116485345643,0.2932665902926658,0.2535869626696129,0.3069444444444444,0.7194444444444444,0.5152777777777778,0.5138888888888888,0.2932665902926658,0.5101799237838098,224355,9044,9307,0.0403111140825923,0.0414833634195805,211661,3650,3387,5657
P2,sen1floods11,dofa_upernet,F3,13,India_59460,IND,0.0201831348240375,0.1376258283853531,0.0241475701332092,1.3889899719288223e-06,0.500752317855488,0.9999999999603688,0.4916666666666666,0.0333333333333333,0.4833333333333333,0.3361111111111111,0.500752317855488,0.7036763118425278,209353,315,0,0.0015046357109761,0.0,209038,0,315,0
P2,sen1floods11,dofa_upernet,F3,13,India_624341,IND,0.0236055850982666,0.1370481997728347,0.0207359790802001,1.0687546819099223e-05,0.4916043633502346,0.8169578020245345,0.4763888888888889,0.0763888888888889,0.5111111111111112,0.3546296296296296,0.4916043633502346,0.6271211337433926,262142,3224,377,0.0122986778158402,0.0014381518413684,258645,273,3120,104
P2,sen1floods11,dofa_upernet,F3,13,India_631692,IND,0.0380473583936691,0.1788274198770523,0.011508822441101,1.61318985192338e-05,0.4064068238321801,0.7484050111316605,0.3958333333333333,0.1736111111111111,0.4555555555555556,0.3416666666666667,0.4064068238321801,0.6303785011577854,262144,802,738,0.0030593872070312,0.0028152465820312,260851,491,555,247
P2,sen1floods11,dofa_upernet,F3,13,India_652725,IND,0.139163464307785,0.4915875792503357,0.0085766911506652,9.703822433948515e-05,0.4627389524584191,0.3126711510234283,0.3680555555555556,0.6347222222222222,0.5888888888888888,0.5305555555555556,0.4627389524584191,0.5204800208776545,262094,21795,8154,0.0831571878791578,0.0311109754515555,236249,4050,17691,4104
P2,sen1floods11,dofa_upernet,F3,13,India_664410,IND,0.1580787897109985,0.5340314507484436,0.0100184082984924,0.0001291069056605,0.4368970767665758,0.2820539255335599,0.4819444444444444,0.6916666666666667,0.7180555555555556,0.6305555555555555,0.4368970767665758,0.5104065831761744,262142,13526,10245,0.0515979888762579,0.039081871657346,242149,6467,9748,3778
P2,sen1floods11,dofa_upernet,F3,13,India_691027,IND,0.1473461985588073,0.4971170127391815,0.011009931564331,0.0001426019734935,0.4005858468264484,0.3402523109189429,0.5291666666666667,0.6791666666666667,0.7944444444444444,0.6675925925925926,0.4005858468264484,0.5264476998261214,254034,8394,7691,0.0330428210397033,0.0302754749364258,241044,4596,5299,3095
P2,sen1floods11,dofa_upernet,F3,13,India_698338,IND,0.0900563672184944,0.3365890085697174,0.0085495114326477,3.635136818047613e-05,0.4408532057355903,0.5636318278797734,0.3069444444444444,0.3972222222222222,0.4125,0.3722222222222222,0.4408532057355903,0.6164752876192355,227984,9936,2201,0.0435820057547898,0.0096541862586848,217497,551,8286,1650
P2,sen1floods11,dofa_upernet,F3,13,India_70352,IND,0.2264904230833053,0.7088720798492432,0.0100310444831848,0.0001007498794933,0.2294256891215966,0.1837800089058689,0.5472222222222223,0.7208333333333333,0.6819444444444445,0.65,0.2294256891215966,0.4389881897760372,239229,13188,19890,0.0551270957952422,0.0831420939769008,218292,7749,1047,12141
P2,sen1floods11,dofa_upernet,F3,13,India_707886,IND,0.1280612796545028,0.4559703171253204,0.0126015543937683,0.0001251896610483,0.2843126729992302,0.2186720608694936,0.5805555555555556,0.6625,0.8458333333333334,0.6962962962962963,0.2843126729992302,0.4311027275443296,256881,5668,12114,0.0220646914329981,0.0471580225863337,244682,6531,85,5583
P2,sen1floods11,dofa_upernet,F3,13,India_73419,IND,0.0283908937126398,0.1571000963449478,0.0102871656417846,1.3045439118286596e-05,0.505865454339105,0.8157830085927299,0.3083333333333333,0.1430555555555555,0.3513888888888888,0.2675925925925925,0.505865454339105,0.6451953345667311,178934,6252,209,0.0349402573015748,0.0011680284350654,172617,65,6108,144
P2,sen1floods11,dofa_upernet,F3,13,India_747970,IND,0.1237655952572822,0.4469856023788452,0.0069153308868408,9.076800051843747e-05,0.3229993697968125,0.2806419300820615,0.2416666666666666,0.6180555555555556,0.4791666666666666,0.4462962962962962,0.3229993697968125,0.4872257112032397,246517,5007,8101,0.0203109724684301,0.0328618310299086,237007,4503,1409,3598
P2,sen1floods11,dofa_upernet,F3,13,India_747992,IND,0.3292458653450012,0.8860549330711365,0.0075355768203735,6.787460733903572e-05,0.6457507421660367,0.3790842156627869,0.4722222222222222,0.7555555555555555,0.4916666666666667,0.5731481481481482,0.6457507421660367,0.6536870336371574,262087,117322,15668,0.4476452475704632,0.0597816755504851,143988,777,102431,14891
P2,sen1floods11,dofa_upernet,F3,13,India_764946,IND,0.0951340273022651,0.3521850705146789,0.0123712420463562,7.763834582874551e-05,0.2990124664564714,0.334603139509763,0.5319444444444443,0.5777777777777777,0.7930555555555555,0.6342592592592592,0.2990124664564714,0.4963701289215932,242502,3146,4910,0.0129730888817411,0.0202472556927365,236812,2544,780,2366
P2,sen1floods11,dofa_upernet,F3,13,India_769408,IND,0.1018718034029007,0.3854398727416992,0.0077613592147827,5.285024963086471e-05,0.4691191337438132,0.5172212888423411,0.2819444444444444,0.4916666666666667,0.448611111111111,0.4074074074074074,0.4691191337438132,0.6213136284118506,175907,8582,2864,0.0487871432063533,0.0162813304757627,165632,1693,7411,1171
P2,sen1floods11,dofa_upernet,F3,13,India_772630,IND,0.0181847382336854,0.1260266005992889,0.0288193225860595,2.060434098893893e-06,0.5043326552159246,0.9995933430881626,0.5208333333333334,0.0333333333333333,0.5125,0.3555555555555555,0.5043326552159246,0.6864054642684759,155332,1345,1,0.0086588726083485,6.437823500630907e-06,153986,1,1345,0
P2,sen1floods11,dofa_upernet,F3,13,India_773682,IND,0.0676445215940475,0.2723616659641266,0.0079421997070312,3.0882409191690385e-05,0.5276345828241537,0.3913935859448708,0.2541666666666666,0.3305555555555556,0.3236111111111111,0.3027777777777777,0.5276345828241537,0.5185841069035991,252793,30959,3626,0.1224677898517759,0.014343751607046,220340,1494,28827,2132
P2,sen1floods11,dofa_upernet,F3,13,India_774689,IND,0.1998821049928665,0.6469801068305969,0.0078082680702209,0.0001438692852389,0.4176478579015004,0.3687802869221877,0.3916666666666666,0.7402777777777778,0.5958333333333333,0.575925925925926,0.4176478579015004,0.5869727105912357,237116,18757,7466,0.0791047419828269,0.0314866984935643,215878,2481,13772,4985
P2,sen1floods11,dofa_upernet,F3,13,India_79637,IND,0.0683966130018234,0.315147340297699,0.0123245120048522,2.623012915137224e-05,0.4676250247644767,0.536656174704235,0.5083333333333333,0.3041666666666667,0.5430555555555555,0.4518518518518519,0.4676250247644767,0.6035121301655271,262144,5165,2112,0.0197029113769531,0.008056640625,255456,1523,4576,589
P2,sen1floods11,dofa_upernet,F3,13,India_80221,IND,0.3366315066814422,0.9027080535888672,0.0193333625793457,1.0281824870617127e-05,0.3220105141194626,0.0954270137645234,0.8319444444444445,0.4319444444444444,0.5111111111111112,0.5916666666666667,0.3220105141194626,0.2695918233339275,151793,114506,132081,0.7543562614876839,0.8701389392132707,18982,18305,730,113776
P2,sen1floods11,dofa_upernet,F3,13,India_804466,IND,0.1465389877557754,0.5054874420166016,0.0086984634399414,9.342729026684538e-05,0.5521649710494274,0.4216333570780933,0.3847222222222222,0.6472222222222221,0.5930555555555554,0.5416666666666666,0.5521649710494274,0.5972332958556212,262134,50228,5541,0.1916119236726254,0.0211380439012108,210489,1417,46104,4124
P2,sen1floods11,dofa_upernet,F3,13,India_828067,IND,0.1371299773454666,0.4713150262832641,0.0090487003326416,0.0001156036814791,0.3161887542039189,0.3143511171522456,0.3972222222222222,0.6625000000000001,0.6541666666666667,0.5712962962962963,0.3161887542039189,0.5180748546633287,183120,6994,7807,0.0381935342944517,0.042633245958934,172569,3557,2744,4250
P2,sen1floods11,dofa_upernet,F3,13,India_833266,IND,0.0400344915688037,0.1968531310558319,0.0099580287933349,1.2727467037620954e-05,0.514799873409945,0.6304872226038325,0.3152777777777777,0.1625,0.3388888888888889,0.2722222222222222,0.514799873409945,0.5803669437425705,219674,18262,1142,0.0831322778298751,0.0051986124894161,201204,208,17328,934
P2,sen1floods11,dofa_upernet,F3,13,India_842775,IND,0.0259047336876392,0.1438733637332916,0.0105393528938293,6.324739388219314e-06,0.501379466255526,0.9184545376085844,0.3208333333333333,0.05,0.3291666666666666,0.2333333333333333,0.501379466255526,0.6692136403533427,246418,5929,185,0.0240607423159022,0.0007507568440617,240430,59,5803,126
P2,sen1floods11,dofa_upernet,F3,13,India_869358,IND,0.0787152871489524,0.3119074404239654,0.0142753720283508,8.688147499924526e-05,0.3813341188891093,0.3076047337194101,0.5541666666666667,0.5625,0.8472222222222222,0.6546296296296297,0.3813341188891093,0.4646512332225666,262144,5050,5778,0.0192642211914062,0.0220413208007812,253562,3532,2804,2246
P2,sen1floods11,dofa_upernet,F3,13,India_900498,IND,0.3812072277069092,0.946297287940979,0.0072725415229797,5.1256130973342806e-05,0.2263514185187949,0.117920754804331,0.4722222222222222,0.7222222222222222,0.4,0.5314814814814816,0.2263514185187949,0.3584928531102678,261992,123953,131039,0.4731174997709854,0.5001641271489206,117789,20250,13164,110789
P2,sen1floods11,dofa_upernet,F3,13,India_91379,IND,0.1389766186475753,0.4886626303195953,0.0065564513206481,7.337376882787794e-05,0.4776683793500901,0.3591025568332382,0.2541666666666666,0.6097222222222223,0.4583333333333333,0.4407407407407407,0.4776683793500901,0.535095460650805,262133,29594,6855,0.1128968882208649,0.0261508470890731,230423,2116,24855,4739
P2,sen1floods11,dofa_upernet,F3,13,India_943439,IND,0.3510273993015289,0.9144089221954346,0.0072412490844726,0.0001799443125491,0.3322665201555028,0.2123396474983629,0.4555555555555555,0.8805555555555555,0.575,0.637037037037037,0.3322665201555028,0.5313994796793364,250096,47609,38252,0.1903629006461518,0.1529492674812871,191822,10665,20022,27587
P2,sen1floods11,dofa_upernet,F3,13,India_952728,IND,0.0791747942566871,0.3192184567451477,0.0109938979148864,6.273543840507045e-05,0.4407880075534423,0.4646644273046794,0.4569444444444444,0.5013888888888889,0.6888888888888889,0.549074074074074,0.4407880075534423,0.5622296160594923,188716,5848,1949,0.0309883634667966,0.0103276881663451,181931,937,4836,1012
P2,sen1floods11,dofa_upernet,F3,13,India_956930,IND,0.1846002787351608,0.6112536787986755,0.0075024366378784,0.0001305965706706,0.484793688520549,0.2770119505673327,0.3513888888888888,0.7194444444444444,0.5597222222222222,0.5435185185185185,0.484793688520549,0.5274507713578616,237130,40096,11581,0.1690886855311432,0.0488381900223506,193537,3497,32012,8084
P2,sen1floods11,dofa_upernet,F3,13,India_979278,IND,0.3556678295135498,0.9188151359558104,0.02354496717453,6.62749371258542e-05,0.3213509745873034,0.5603948397196326,0.8513888888888889,0.7597222222222222,0.8500000000000001,0.8203703703703704,0.3213509745873034,0.7611045258062014,105990,5437,7296,0.0512972921973771,0.0688366827059156,96956,3597,1738,3699
P2,sen1floods11,dofa_upernet,F3,13,India_981708,IND,0.081662081182003,0.3425599038600921,0.0198876857757568,6.47066262899898e-05,0.5257982325459684,0.6853453246256432,0.6055555555555556,0.5208333333333334,0.826388888888889,0.650925925925926,0.5257982325459684,0.6464640149617078,219993,10346,1941,0.0470287690971985,0.0088230080048001,207753,1894,10299,47
P2,sen1floods11,dofa_upernet,F3,13,Paraguay_1019808,PRY,0.0211840495467185,0.1297975927591323,0.007880687713623,5.010557742934907e-06,0.4884177244274104,0.8861578732968423,0.1444444444444444,0.0416666666666666,0.1444444444444444,0.1101851851851851,0.4884177244274104,0.6423083656309139,262144,5170,226,0.0197219848632812,0.0008621215820312,256966,8,4952,218
P2,sen1floods11,dofa_upernet,F3,13,Paraguay_1029042,PRY,0.3493851125240326,0.9123672246932985,0.0126705765724182,7.41111725801602e-05,0.1480268562931236,0.1331280193015551,0.7749999999999999,0.7958333333333334,0.8097222222222222,0.7935185185185185,0.1480268562931236,0.3985879446787697,223004,61197,74137,0.2744210866172804,0.3324469516241861,147714,14093,1153,60044
P2,sen1floods11,dofa_upernet,F3,13,Paraguay_1029191,PRY,0.3275026679039001,0.8851546049118042,0.0134274959564208,8.455345960101113e-05,0.159998307475049,0.1392656364096269,0.7708333333333333,0.7875,0.8222222222222222,0.7935185185185185,0.159998307475049,0.4024517142944412,253937,50336,63765,0.19822239374333,0.2511055891815686,188998,14603,1174,49162
P2,sen1floods11,dofa_upernet,F3,13,Paraguay_1056717,PRY,0.1256733238697052,0.4530012607574463,0.0085001587867736,0.0001293441746383,0.3664245342032649,0.2276977165114841,0.3555555555555555,0.6583333333333333,0.625,0.5462962962962963,0.3664245342032649,0.4343030485084271,262144,5046,11519,0.0192489624023437,0.0439414978027343,249417,7681,1208,3838
P2,sen1floods11,dofa_upernet,F3,13,Paraguay_1076204,PRY,0.0707265958189964,0.3003164529800415,0.0103818774223327,3.8541613321285695e-05,0.3299193371921463,0.2478047487359436,0.4041666666666667,0.4027777777777778,0.5375000000000001,0.4481481481481482,0.3299193371921463,0.423595278818476,262144,3029,7660,0.0115547180175781,0.0292205810546875,254282,4833,202,2827
P2,sen1floods11,dofa_upernet,F3,13,Paraguay_11869,PRY,0.0387683920562267,0.1851289868354797,0.0070940256118774,4.284691021894105e-05,0.4510785425956659,0.454983843049327,0.1166666666666666,0.3486111111111111,0.3430555555555555,0.2694444444444444,0.4510785425956659,0.5109302058068074,257933,222,1892,0.0008606886284422,0.0073352382207782,256019,1692,22,200
P2,sen1floods11,dofa_upernet,F3,13,Paraguay_126224,PRY,0.2912551164627075,0.8297662734985352,0.0084288120269775,0.000110821754788,0.7086348668048119,0.2416505023968757,0.486111111111111,0.7805555555555556,0.6166666666666667,0.6277777777777778,0.7086348668048119,0.5354800348345166,262144,144382,24370,0.5507736206054688,0.0929641723632812,111920,5842,125854,18528
P2,sen1floods11,dofa_upernet,F3,13,Paraguay_12870,PRY,0.1360845565795898,0.4875230193138122,0.0132998824119567,1.999254891416058e-05,0.5188331604003906,0.2697615173701833,0.6055555555555556,0.3444444444444444,0.5444444444444445,0.4981481481481482,0.5188331604003906,0.4935390230735635,262144,0,9875,0.0,0.0376701354980468,252269,9875,0,0
P2,sen1floods11,dofa_upernet,F3,13,Paraguay_148318,PRY,0.0551880002021789,0.2376805245876312,0.0099741220474243,3.985063449363224e-05,0.2537719037772941,0.3855251608417751,0.3541666666666666,0.3875,0.525,0.4222222222222222,0.2537719037772941,0.499567169546762,240076,2229,3358,0.0092845598893683,0.0139872373748313,236352,1495,366,1863
P2,sen1floods11,dofa_upernet,F3,13,Paraguay_149787,PRY,0.2713745832443237,0.7977772355079651,0.0090988874435424,0.0001076353801181,0.1407794502284591,0.1426537877762249,0.5069444444444444,0.7597222222222222,0.6416666666666666,0.6361111111111111,0.1407794502284591,0.3857658916033163,262144,40091,45995,0.1529350280761718,0.1754570007324218,213469,8584,2680,37411
P2,sen1floods11,dofa_upernet,F3,13,Paraguay_149830,PRY,0.0572499074041843,0.2395961284637451,0.0094214677810668,1.6212847185670398e-05,0.3363131786221411,0.3344058626042656,0.3222222222222222,0.225,0.3305555555555555,0.2925925925925925,0.3363131786221411,0.4642549937242022,260440,1907,3709,0.0073222239287359,0.0142412839809553,256243,2290,488,1419
P2,sen1floods11,dofa_upernet,F3,13,Paraguay_153941,PRY,0.0607758313417434,0.2650021314620971,0.0095654726028442,3.1514326110482216e-05,0.5014840005691048,0.4913870952502165,0.3569444444444444,0.3375,0.4333333333333333,0.3759259259259259,0.5014840005691048,0.5800244914692219,262144,641,2324,0.0024452209472656,0.0088653564453125,259203,2300,617,24
P2,sen1floods11,dofa_upernet,F3,13,Paraguay_172476,PRY,0.1585597246885299,0.5395187735557556,0.0091914534568786,8.845274714985862e-05,0.4074846179473099,0.2661095461024594,0.4333333333333333,0.6555555555555556,0.6333333333333333,0.5740740740740741,0.4074846179473099,0.5102353652485175,262143,2815,11253,0.010738413766532,0.0429269520834048,250609,8719,281,2534
P2,sen1floods11,dofa_upernet,F3,13,Paraguay_179624,PRY,0.0768460035324096,0.3244295716285705,0.0166802406311035,1.2703142601822036e-05,0.5024226562231744,0.7011353260633792,0.575,0.2236111111111111,0.5291666666666667,0.4425925925925926,0.5024226562231744,0.6511047590753425,262109,42,1228,0.000160238679328,0.0046850737670205,260839,1228,42,0
P2,sen1floods11,dofa_upernet,F3,13,Paraguay_191503,PRY,0.0424195900559425,0.2141367942094802,0.0087996125221252,5.275172952678986e-06,0.5005092620849609,0.9293368036167888,0.261111111111111,0.1083333333333333,0.1944444444444444,0.1879629629629629,0.5005092620849609,0.7158371293512833,262144,90,177,0.0003433227539062,0.0006752014160156,261877,177,90,0
P2,sen1floods11,dofa_upernet,F3,13,Paraguay_198534,PRY,0.2385197430849075,0.7420451045036316,0.0099731683731079,5.831898670294322e-05,0.5489316425133128,0.1730565095781798,0.5430555555555555,0.6555555555555556,0.6041666666666666,0.6009259259259259,0.5489316425133128,0.4316206374388787,195487,0,19131,0.0,0.0978632850266258,176356,19131,0,0
P2,sen1floods11,dofa_upernet,F3,13,Paraguay_205585,PRY,0.0144177991896867,0.1080859825015068,0.0105149745941162,7.302709263967699e-07,0.0,0.9999999999568532,0.3083333333333333,0.0083333333333333,0.3,0.2055555555555555,0.0,0.690190210225229,262144,0,0,0.0,0.0,262144,0,0,0
P2,sen1floods11,dofa_upernet,F3,13,Paraguay_212687,PRY,0.0220769252628088,0.14811572432518,0.0240215063095092,1.6343279867214733e-06,0.5291976928710938,0.999999999962019,0.5069444444444444,0.0486111111111111,0.4833333333333333,0.3462962962962962,0.5291976928710938,0.7130506153424557,262144,15308,0,0.0583953857421875,0.0,246836,0,15308,0
P2,sen1floods11,dofa_upernet,F3,13,Paraguay_215904,PRY,0.0737216845154762,0.2913202047348022,0.0112478733062744,1.83864394784905e-05,0.5063210315145731,0.4727700268197972,0.4611111111111111,0.2638888888888889,0.4638888888888889,0.3962962962962963,0.5063210315145731,0.5585666566073791,226308,0,2862,0.0,0.0126464817858847,223446,2862,0,0
P2,sen1floods11,dofa_upernet,F3,13,Paraguay_224845,PRY,0.1894377619028091,0.6450780034065247,0.0476060509681701,5.04492963955272e-05,0.0,0.916961013890276,0.7680555555555555,0.5930555555555556,0.825,0.7287037037037036,0.0,0.8223095851161634,103920,0,0,0.0,0.0,103920,0,0,0
P2,sen1floods11,dofa_upernet,F3,13,Paraguay_225187,PRY,0.0767749175429344,0.3321194350719452,0.0165047049522399,1.4612266568292398e-05,0.5022850036621094,0.7304775978900795,0.575,0.2402777777777777,0.5458333333333333,0.4537037037037036,0.5022850036621094,0.6780495456272305,262144,47,1151,0.0001792907714843,0.0043907165527343,260946,1151,47,0
P2,sen1floods11,dofa_upernet,F3,13,Paraguay_232281,PRY,0.0546903423964977,0.2255521118640899,0.0126588940620422,8.731192792765796e-05,0.5587265757252776,0.5885747351706548,0.4944444444444444,0.5277777777777778,0.8222222222222222,0.6148148148148148,0.5587265757252776,0.5891887108430065,261391,29404,1617,0.1124904836050208,0.0061861349472629,230401,1586,29373,31
P2,sen1floods11,dofa_upernet,F3,13,Paraguay_24341,PRY,0.3843015432357788,0.948277473449707,0.0097895264625549,4.296717816032469e-05,0.2220772058683362,0.1400107204644127,0.6388888888888888,0.6847222222222222,0.5291666666666667,0.6175925925925926,0.2220772058683362,0.4254794571101248,262144,68353,90686,0.2607460021972656,0.3459396362304687,168540,25251,2918,65435
P2,sen1floods11,dofa_upernet,F3,13,Paraguay_246154,PRY,0.0176939852535724,0.1207727789878845,0.008133053779602,1.6301113419103783e-06,0.5000686645507812,0.9999999999584566,0.1611111111111111,0.0291666666666666,0.1569444444444444,0.1157407407407407,0.5000686645507812,0.7011196836152748,262144,36,0,0.0001373291015625,0.0,262108,0,36,0
P2,sen1floods11,dofa_upernet,F3,13,Paraguay_247656,PRY,0.1427077651023864,0.5021724104881287,0.0136816501617431,7.095791806932539e-05,0.1179782342622676,0.1422982818704783,0.6263888888888889,0.6111111111111112,0.8152777777777778,0.6842592592592593,0.1179782342622676,0.3233307043732221,262144,20976,25174,0.08001708984375,0.0960311889648437,236315,4853,655,20321
P2,sen1floods11,dofa_upernet,F3,13,Paraguay_252217,PRY,0.0432317964732646,0.2003256380558014,0.0084409713745117,2.758525079116225e-05,0.480759389942462,0.7328709227283947,0.2347222222222222,0.2583333333333333,0.3458333333333333,0.2796296296296296,0.480759389942462,0.6409276940073818,255778,300,599,0.001172892117383,0.0023418745943748,254915,563,264,36
P2,sen1floods11,dofa_upernet,F3,13,Paraguay_271769,PRY,0.2131904512643814,0.6890856027603149,0.0105001330375671,0.000115642142191,0.3962649217077144,0.4833763300418968,0.5847222222222221,0.7444444444444445,0.7597222222222222,0.6962962962962962,0.3962649217077144,0.6662233460522664,262144,2613,6677,0.0099678039550781,0.0254707336425781,254590,4941,877,1736
P2,sen1floods11,dofa_upernet,F3,13,Paraguay_280900,PRY,0.1781343668699264,0.5918570756912231,0.0100209712982177,0.0001342795876553,0.3736210923383214,0.2402290721267895,0.5027777777777778,0.7166666666666667,0.7222222222222222,0.6472222222222223,0.3736210923383214,0.4886677850790657,262142,6585,14120,0.0251199731443263,0.0538639363398463,246171,9386,1851,4734
P2,sen1floods11,dofa_upernet,F3,13,Paraguay_284928,PRY,0.0805018320679664,0.3261092603206634,0.0122102499008178,8.773267472861335e-05,0.5033535092283676,0.6253488362959461,0.5041666666666667,0.5625,0.7972222222222222,0.6212962962962963,0.5033535092283676,0.6220078444528168,261368,0,1753,0.0,0.0067070184567353,259615,1753,0,0
P2,sen1floods11,dofa_upernet,F3,13,Paraguay_305760,PRY,0.0317800231277942,0.1666715592145919,0.0101678371429443,9.767502888280433e-06,0.5833160540850195,0.8259735370255874,0.3111111111111111,0.1013888888888888,0.2986111111111111,0.237037037037037,0.5833160540850195,0.649225895940307,262144,43791,419,0.1670494079589843,0.0015983581542968,218002,351,43723,68
P2,sen1floods11,dofa_upernet,F3,13,Paraguay_339807,PRY,0.3747808933258056,0.9396957755088806,0.0090007781982421,9.089655941352248e-05,0.1856285449837698,0.1597884541603538,0.5791666666666666,0.8125,0.6222222222222222,0.6712962962962963,0.1856285449837698,0.4530163833723672,214619,58043,67023,0.2704466985681603,0.3122882876166602,142867,13709,4729,53314
P2,sen1floods11,dofa_upernet,F3,13,Paraguay_36015,PRY,0.0626837760210037,0.2807996273040771,0.0158780217170715,1.2526515092758927e-05,0.5030880563365238,0.6028786056571565,0.5541666666666667,0.2125,0.5055555555555555,0.4240740740740741,0.5030880563365238,0.6062975769203021,262139,0,1619,0.0,0.0061761126730475,260520,1619,0,0
P2,sen1floods11,dofa_upernet,F3,13,Paraguay_36146,PRY,0.0208609756082296,0.1366951465606689,0.0056813359260559,2.2108067696535727e-06,0.0,0.9999999999596254,0.0361111111111111,0.0333333333333333,0.0277777777777777,0.0324074074074074,0.0,0.7036763118425278,262144,0,0,0.0,0.0,262144,0,0,0
P2,sen1floods11,dofa_upernet,F3,13,Paraguay_403081,PRY,0.0290228817611932,0.1547236740589141,0.0081866979598999,2.132805639121216e-05,0.2114836176969106,0.5131538285649632,0.1958333333333333,0.1888888888888888,0.2986111111111111,0.2277777777777777,0.2114836176969106,0.5471543589824913,249836,1202,1487,0.0048111561184136,0.0059519044493187,248134,500,215,987
P2,sen1floods11,dofa_upernet,F3,13,Paraguay_40936,PRY,0.0241498872637748,0.1433629542589187,0.0118956565856933,4.153005193074932e-06,0.5001996925663281,0.9614370506884382,0.3638888888888889,0.0375,0.3597222222222222,0.2537037037037037,0.5001996925663281,0.6749113218005044,215331,0,86,0.0,0.0003993851326562,215245,86,0,0
P2,sen1floods11,dofa_upernet,F3,13,Paraguay_44682,PRY,0.048009917140007,0.2056912630796432,0.0180068612098693,1.3555668374465313e-05,0.3772109841036205,0.5465848819989221,0.5291666666666667,0.1708333333333333,0.5527777777777778,0.4175925925925925,0.3772109841036205,0.5656724803105014,262144,1309,1717,0.0049934387207031,0.0065498352050781,259728,1107,699,610
P2,sen1floods11,dofa_upernet,F3,13,Paraguay_470303,PRY,0.0624625384807586,0.2537426054477691,0.0140979290008544,2.4378965463256463e-05,0.3967402141807333,0.3958750711235539,0.5375,0.2875,0.5805555555555556,0.4685185185185185,0.3967402141807333,0.513306217826346,262144,10446,3464,0.0398483276367187,0.013214111328125,250921,777,7759,2687
P2,sen1floods11,dofa_upernet,F3,13,Paraguay_482517,PRY,0.1958455741405487,0.6478715538978577,0.0134907364845275,6.808547186665237e-05,0.098999335906852,0.1141051208210766,0.675,0.6555555555555556,0.7944444444444445,0.7083333333333334,0.098999335906852,0.2699388014674492,259600,47452,50507,0.182788906009245,0.1945570107858243,206399,5749,2694,44758
P2,sen1floods11,dofa_upernet,F3,13,Paraguay_48673,PRY,0.1054584681987762,0.3861035704612732,0.0106902718544006,4.0259561501443386e-05,0.4968556511064285,0.5206798031419605,0.4625,0.4416666666666666,0.5791666666666666,0.4944444444444444,0.4968556511064285,0.6210765574350948,262144,133,3109,0.0005073547363281,0.0118598937988281,258960,3051,75,58
P2,sen1floods11,dofa_upernet,F3,13,Paraguay_511199,PRY,0.160497173666954,0.5510445237159729,0.0081628561019897,5.357302143238485e-05,0.3868511013467474,0.392214173647037,0.3847222222222222,0.5652777777777778,0.4777777777777777,0.4759259259259258,0.3868511013467474,0.5839644553506295,262144,11544,6720,0.044036865234375,0.025634765625,247731,2869,7693,3851
P2,sen1floods11,dofa_upernet,F3,13,Paraguay_54421,PRY,0.0419187247753143,0.2035393565893173,0.0072135925292968,1.4005822777107824e-05,0.5015222645691599,0.6627312464129402,0.1375,0.175,0.1652777777777778,0.1592592592592593,0.5015222645691599,0.5887200329906335,262144,40,1010,0.000152587890625,0.0038528442382812,261095,1009,39,1
P2,sen1floods11,dofa_upernet,F3,13,Paraguay_581976,PRY,0.2658992707729339,0.7882435917854309,0.0087724328041076,8.172241359716281e-05,0.701415978072633,0.2295191073069568,0.486111111111111,0.7319444444444444,0.5930555555555556,0.6037037037037036,0.701415978072633,0.5065301185234815,261748,148589,22769,0.5676796002261717,0.086988248238764,111010,2149,127969,20620
P2,sen1floods11,dofa_upernet,F3,13,Paraguay_59731,PRY,0.0733750239014625,0.2913697361946106,0.00774747133255,8.226117643062025e-05,0.2728065589410559,0.2480768237167886,0.25,0.55,0.5388888888888889,0.4462962962962963,0.2728065589410559,0.4217564488263999,255656,2770,5868,0.0108348718590606,0.0229527177144287,249767,3119,21,2749
P2,sen1floods11,dofa_upernet,F3,13,Paraguay_605682,PRY,0.3137757778167724,0.860769510269165,0.0084722638130187,5.264677383820526e-05,0.4787092955625619,0.2375269974376231,0.5208333333333333,0.6888888888888889,0.4902777777777777,0.5666666666666665,0.4787092955625619,0.5446721089321253,262144,75440,27072,0.28778076171875,0.103271484375,182193,4511,52879,22561
P2,sen1floods11,dofa_upernet,F3,13,Paraguay_62897,PRY,0.1107413247227668,0.4199045896530151,0.0149349570274353,1.2479334145609757e-05,0.5533289459382819,0.5206813950523781,0.5986111111111111,0.2569444444444444,0.5055555555555555,0.4537037037037037,0.5533289459382819,0.627811328819651,262144,41142,3199,0.1569442749023437,0.0122032165527343,219840,1162,39105,2037
P2,sen1floods11,dofa_upernet,F3,13,Paraguay_648632,PRY,0.1004807725548744,0.3817790150642395,0.0088113546371459,4.010337943327613e-05,0.479336202684545,0.389191873792798,0.3361111111111111,0.4416666666666666,0.4527777777777778,0.4101851851851852,0.479336202684545,0.5385602856924027,262144,18394,4772,0.0701675415039062,0.0182037353515625,241320,2430,16052,2342
P2,sen1floods11,dofa_upernet,F3,13,Paraguay_651904,PRY,0.1151309236884117,0.4266875982284546,0.0099433064460754,5.118034823681228e-05,0.2045386945690006,0.1252285189679579,0.4319444444444444,0.5111111111111111,0.5708333333333333,0.5046296296296297,0.2045386945690006,0.2347139721207956,262144,27156,25683,0.1035919189453125,0.0979728698730468,229906,5082,6555,20601
P2,sen1floods11,dofa_upernet,F3,13,Paraguay_657443,PRY,0.3801586329936981,0.9446559548377992,0.0130444765090942,0.0001045611061272,0.1818735942891765,0.1500498797747353,0.8,0.8444444444444443,0.85,0.8314814814814815,0.1818735942891765,0.4492645639401635,262144,64974,81074,0.2478561401367187,0.3092727661132812,178384,18786,2686,62288
P2,sen1floods11,dofa_upernet,F3,13,Paraguay_683296,PRY,0.0532084815204143,0.2367578446865081,0.0080336928367614,5.273813803796656e-05,0.2312379697115971,0.2029078034401149,0.2527777777777777,0.4375,0.4736111111111111,0.3879629629629629,0.2312379697115971,0.3520425446121854,259578,7409,8382,0.0285424804875605,0.0322908721078057,249425,2744,1771,5638
P2,sen1floods11,dofa_upernet,F3,13,Paraguay_721886,PRY,0.2277685701847076,0.7009514570236206,0.0085395574569702,0.0001699776767054,0.3780810759083605,0.2657725081901844,0.4541666666666666,0.788888888888889,0.6569444444444444,0.6333333333333333,0.3780810759083605,0.5506118874160666,261426,10917,15022,0.0417594271419063,0.0574617673835043,241452,9057,4952,5965
P2,sen1floods11,dofa_upernet,F3,13,Paraguay_76868,PRY,0.215873584151268,0.6923584342002869,0.0088319778442382,6.46795378997922e-05,0.2006390989972756,0.1853619972332449,0.4583333333333333,0.6555555555555556,0.5444444444444445,0.5527777777777777,0.2006390989972756,0.4336049358202259,262121,17683,25982,0.0674612106622514,0.0991221611393211,235464,8974,675,17008
P2,sen1floods11,dofa_upernet,F3,13,Paraguay_7894,PRY,0.0203793030232191,0.1279064267873764,0.0093320608139038,4.6033983380766585e-06,0.0,0.9480657132086424,0.2305555555555555,0.0416666666666666,0.2305555555555555,0.1675925925925926,0.0,0.674931077715234,202187,0,0,0.0,0.0,202187,0,0,0
P2,sen1floods11,dofa_upernet,F3,13,Paraguay_790830,PRY,0.1919228285551071,0.6339734196662903,0.0111225843429565,6.028217467246577e-05,0.1269845236301152,0.1297723324137539,0.5819444444444444,0.6222222222222222,0.6847222222222222,0.6296296296296297,0.1269845236301152,0.2896537893537512,261199,31947,39178,0.1223090440621901,0.1499929172776312,221321,7931,700,31247
P2,sen1floods11,dofa_upernet,F3,13,Paraguay_791364,PRY,0.0264806151390075,0.1474448442459106,0.0098090767860412,6.380483227985678e-06,0.4645173716490628,0.8890346290568559,0.2694444444444444,0.0569444444444444,0.2708333333333333,0.199074074074074,0.4645173716490628,0.6581228228884962,261735,1206,243,0.0046077139091065,0.0009284199667602,260388,141,1104,102
P2,sen1floods11,dofa_upernet,F3,13,Paraguay_792268,PRY,0.0581085607409477,0.2481731474399566,0.007919430732727,5.519362457562238e-05,0.3349522601098695,0.4832405894329655,0.2388888888888888,0.4486111111111112,0.4569444444444445,0.3814814814814815,0.3349522601098695,0.5616545353971754,262120,1346,2378,0.0051350526476423,0.0090721806806043,259335,1439,407,939
P2,sen1floods11,dofa_upernet,F3,13,Paraguay_795075,PRY,0.0456242002546787,0.2087188065052032,0.0086483359336853,5.502418571268208e-05,0.2679528306637715,0.3100872772030218,0.2458333333333333,0.4138888888888889,0.4986111111111111,0.386111111111111,0.2679528306637715,0.4309672655344047,262138,3421,4247,0.0130503780451517,0.0162013901075006,256938,1779,953,2468
P2,sen1floods11,dofa_upernet,F3,13,Paraguay_80102,PRY,0.0139700006693601,0.1051343232393264,0.0100035071372985,7.511985700148216e-07,0.5000419618299936,0.9999999999568472,0.2583333333333333,0.0083333333333333,0.25,0.1722222222222222,0.5000419618299936,0.690190210225229,262143,22,0,8.392365998710627e-05,0.0,262121,0,22,0
P2,sen1floods11,dofa_upernet,F3,13,Paraguay_822142,PRY,0.4005968570709228,0.9620062112808228,0.0094057321548461,7.338452996918932e-05,0.2151456890748047,0.1551188042928134,0.6319444444444444,0.825,0.6208333333333333,0.6925925925925925,0.2151456890748047,0.4733706296167436,262144,80190,95767,0.3059005737304687,0.3653221130371094,159905,22049,6472,73718
P2,sen1floods11,dofa_upernet,F3,13,Paraguay_868895,PRY,0.226697638630867,0.7083740830421448,0.0088307857513427,0.0001143077606684,0.3833324658938947,0.1956148519452302,0.4666666666666667,0.7527777777777778,0.6333333333333333,0.6175925925925926,0.3833324658938947,0.4544915162992328,175465,15787,12716,0.0899723591599464,0.0724702932208702,153878,5800,8871,6916
P2,sen1floods11,dofa_upernet,F3,13,Paraguay_892933,PRY,0.1391883045434951,0.4888647794723511,0.0071466565132141,5.661906470777467e-05,0.5024540096658285,0.3644901263388844,0.2583333333333333,0.5444444444444445,0.3972222222222222,0.3999999999999999,0.5024540096658285,0.5347859513200407,262144,26570,6579,0.1013565063476562,0.0250968933105468,232003,3571,23562,3008
P2,sen1floods11,dofa_upernet,F3,13,Paraguay_896458,PRY,0.2806053757667541,0.814917266368866,0.0115461349487304,8.242359035648406e-05,0.1194132878351135,0.1269313995637835,0.6555555555555556,0.7361111111111112,0.7583333333333333,0.7166666666666667,0.1194132878351135,0.3248643726275151,240678,49299,55040,0.2048338443895994,0.2286872917341842,183216,8163,2422,46877
P2,sen1floods11,dofa_upernet,F3,13,Paraguay_913449,PRY,0.2112016975879669,0.6694536209106445,0.0080925226211547,0.0001115408595069,0.4050970219565838,0.2410080677120094,0.4166666666666666,0.7277777777777779,0.6000000000000001,0.5814814814814815,0.4050970219565838,0.5030960772893109,262144,5517,16193,0.0210456848144531,0.0617713928222656,244654,11973,1297,4220
P2,sen1floods11,dofa_upernet,F3,13,Paraguay_921838,PRY,0.0817901566624641,0.3363454937934875,0.0143086910247802,2.2686705051455647e-05,0.4786562325560533,0.5916103786605947,0.5652777777777778,0.3111111111111111,0.5847222222222223,0.487037037037037,0.4786562325560533,0.6160669987148228,262144,7350,1941,0.0280380249023437,0.0074043273925781,253488,1306,6715,635
P2,sen1floods11,dofa_upernet,F3,13,Paraguay_934240,PRY,0.0217579174786806,0.1402345597743988,0.0158315300941467,1.770660105648858e-06,0.5389556884765625,0.9697101578467154,0.4444444444444444,0.0333333333333333,0.4361111111111111,0.3046296296296296,0.5389556884765625,0.6806485150771253,262144,20358,66,0.0776596069335937,0.0002517700195312,241720,66,20358,0
P2,sen1floods11,dofa_upernet,F3,13,Paraguay_989230,PRY,0.3075559139251709,0.8553677797317505,0.0102939009666442,8.935617370298132e-05,0.1320489954658341,0.1561038022988921,0.6069444444444445,0.7722222222222221,0.6902777777777778,0.6898148148148149,0.1320489954658341,0.4283023105089207,219924,36591,39676,0.166380204070497,0.1804077772321347,177201,6132,3047,33544
P2,sen1floods11,dofa_upernet,F3,13,Paraguay_997480,PRY,0.077089175581932,0.3120312690734863,0.0090090632438659,1.825847903091926e-05,0.3880387698632348,0.3041257267458044,0.3291666666666666,0.2680555555555555,0.3277777777777778,0.3083333333333333,0.3880387698632348,0.4632551485816719,262144,19947,5706,0.0760917663574218,0.0217666625976562,242105,92,14333,5614
P2,sen1floods11,dofa_upernet,F3,13,Somalia_1068756,SOM,0.3247149586677551,0.8816098570823669,0.0106419920921325,0.000145360638271,0.5483862096992258,0.2653809946060571,0.6680555555555555,0.8444444444444443,0.7763888888888888,0.762962962962963,0.5483862096992258,0.5965390012378837,171193,6495,16856,0.0379396353822878,0.0984619698235325,148561,16137,5776,719
P2,sen1floods11,dofa_upernet,F3,13,Somalia_1087508,SOM,0.3282132446765899,0.885552167892456,0.008163034915924,0.0001979737426154,0.4120589252823151,0.2969666372543829,0.5166666666666666,0.8680555555555556,0.648611111111111,0.6777777777777777,0.4120589252823151,0.6081648498040528,212943,10021,17328,0.0470595417553054,0.0813738887871402,191140,11782,4475,5546
P2,sen1floods11,dofa_upernet,F3,13,Somalia_12849,SOM,0.4272027015686035,0.9796265363693236,0.0108054876327514,0.0001336898567387,0.5532024418233816,0.2439139182647322,0.7347222222222223,0.9027777777777778,0.7680555555555555,0.8018518518518519,0.5532024418233816,0.6086207950877207,191302,37192,43127,0.1944151132763902,0.225439357664844,124171,29939,24004,13188
P2,sen1floods11,dofa_upernet,F3,13,Somalia_166342,SOM,0.0501968450844287,0.2472834885120391,0.0124370455741882,1.3330148249224294e-05,0.5008092412173526,0.8737173466840988,0.4888888888888888,0.2083333333333333,0.4666666666666666,0.3879629629629629,0.5008092412173526,0.6910061259850465,220577,12,345,5.4402770914465245e-05,0.0015640796637908,220220,345,12,0
P2,sen1floods11,dofa_upernet,F3,13,Somalia_167787,SOM,0.1653739064931869,0.572374165058136,0.0069495439529418,7.294353417819366e-05,0.5031215023813882,0.3640477179788337,0.2958333333333333,0.6513888888888889,0.4583333333333333,0.4685185185185185,0.5031215023813882,0.5606617429233358,220505,225,7680,0.0010203850252828,0.034829142196322,212813,7467,12,213
P2,sen1floods11,dofa_upernet,F3,13,Somalia_195014,SOM,0.0565933622419834,0.2431297600269317,0.0087888240814208,2.4283242964884263e-05,0.5065075968328696,0.4161045890023733,0.2819444444444444,0.2736111111111111,0.3388888888888889,0.2981481481481481,0.5065075968328696,0.5220549713095542,233650,0,3041,0.0,0.0130151936657393,230609,3041,0,0
P2,sen1floods11,dofa_upernet,F3,13,Somalia_205466,SOM,0.1822117567062378,0.5988650321960449,0.0103269815444946,7.535632903454825e-05,0.5136598592986592,0.3371933961041313,0.5180555555555555,0.675,0.6819444444444445,0.625,0.5136598592986592,0.5560247875574984,240083,93,6466,0.0003873660359125,0.0269323525614058,233524,6466,93,0
P2,sen1floods11,dofa_upernet,F3,13,Somalia_230192,SOM,0.2873759567737579,0.8227439522743225,0.0111229419708251,0.000104048049252,0.5236185070543642,0.4001489655357658,0.6430555555555555,0.7680555555555555,0.7694444444444444,0.7268518518518517,0.5236185070543642,0.6365089802221153,232522,58,11853,0.0002494387627837,0.0509758216426832,220654,11810,15,43
P2,sen1floods11,dofa_upernet,F3,13,Somalia_256539,SOM,0.1129815727472305,0.4232842028141022,0.0048590302467346,5.3287534683477134e-05,0.5050980977045001,0.5582151921762517,0.1791666666666666,0.5083333333333333,0.3291666666666666,0.3388888888888888,0.5050980977045001,0.6372970905122135,221259,23,2233,0.0001039505737619,0.0100922448352383,219003,2233,23,0
P2,sen1floods11,dofa_upernet,F3,13,Somalia_295782,SOM,0.3652819693088531,0.9294322729110718,0.009808599948883,0.0001034093802445,0.471279832998106,0.2743393067057343,0.6263888888888889,0.825,0.6819444444444445,0.7111111111111111,0.471279832998106,0.6065942962192391,203048,16239,29136,0.0799761632717387,0.1434931641779283,165529,21280,8383,7856
P2,sen1floods11,dofa_upernet,F3,13,Somalia_322855,SOM,0.3412290811538696,0.9029477834701538,0.0060139298439025,4.268003976903856e-05,0.2677420687927889,0.1696996556143519,0.4027777777777778,0.663888888888889,0.3138888888888889,0.4601851851851852,0.2677420687927889,0.4625898756322313,255044,44737,49431,0.1754089490440865,0.1938136164740201,195388,14919,10225,34512
P2,sen1floods11,dofa_upernet,F3,13,Somalia_32375,SOM,0.228183314204216,0.7138872742652893,0.0111772418022155,0.0001174941498902,0.512626527311931,0.4712456271977526,0.6152777777777778,0.7569444444444444,0.7861111111111111,0.7194444444444444,0.512626527311931,0.659842460038801,133568,1,3372,7.486823191183517e-06,0.0252455678006708,130195,3372,1,0
P2,sen1floods11,dofa_upernet,F3,13,Somalia_371421,SOM,0.3631655573844909,0.9275620579719543,0.0086099505424499,8.691722905496135e-05,0.5975513174494238,0.2791176716443148,0.5499999999999999,0.8125,0.5930555555555554,0.6518518518518518,0.5975513174494238,0.6065350284750501,230962,34678,24609,0.1501459114486365,0.1065499952373117,174118,22166,32235,2443
P2,sen1floods11,dofa_upernet,F3,13,Somalia_60129,SOM,0.1108336597681045,0.4176051616668701,0.0110828280448913,2.4773438781267032e-05,0.5008440858910364,0.586642279821534,0.4972222222222222,0.3402777777777778,0.4874999999999999,0.4416666666666666,0.5008440858910364,0.6339633963055944,222316,677,1914,0.003045214919304,0.0086093668471904,219750,1889,652,25
P2,sen1floods11,dofa_upernet,F3,13,Somalia_61368,SOM,0.0192173216491937,0.1314405500888824,0.0125865340232849,1.983200945687713e-06,0.0,0.9999999999603806,0.4027777777777778,0.0333333333333333,0.3944444444444445,0.2768518518518518,0.0,0.7036763118425278,212969,0,0,0.0,0.0,212969,0,0,0
P2,sen1floods11,dofa_upernet,F3,13,Somalia_626316,SOM,0.4170637726783752,0.973608136177063,0.0074415206909179,9.726434655021876e-05,0.4662328706231703,0.2004623194662763,0.5180555555555555,0.8541666666666666,0.5194444444444444,0.6305555555555555,0.4662328706231703,0.5476660559411054,169085,21727,54354,0.1284975012567643,0.3214596209007304,111671,35687,3060,18667
P2,sen1floods11,dofa_upernet,F3,13,Somalia_649376,SOM,0.3240102231502533,0.8788933157920837,0.0087251663208007,0.0001031806677929,0.5250221972008553,0.3363913065049771,0.5375,0.8083333333333333,0.6097222222222223,0.6518518518518518,0.5250221972008553,0.6251525292669797,213929,5187,15352,0.0242463621107937,0.0717621266868914,194162,14580,4415,772
P2,sen1floods11,dofa_upernet,F3,13,Somalia_685158,SOM,0.25278040766716,0.7590052485466003,0.0063271522521972,9.991292608901858e-05,0.4632111624535976,0.3362335373391104,0.3402777777777778,0.725,0.4708333333333333,0.512037037037037,0.4632111624535976,0.5816305816594886,184172,25254,9107,0.1371218209065438,0.0494483417674782,155575,3343,19490,5764
P2,sen1floods11,dofa_upernet,F3,13,Somalia_699062,SOM,0.2513801455497741,0.7550251483917236,0.0085040926933288,4.563531547319144e-05,0.4606877918812816,0.3730160420885186,0.4583333333333333,0.5930555555555556,0.4569444444444444,0.5027777777777778,0.4606877918812816,0.6040327744584524,203209,3290,6816,0.0161902277950287,0.0335418214744425,194170,5749,2223,1067
P2,sen1floods11,dofa_upernet,F3,13,Somalia_7931,SOM,0.0771389007568359,0.3001933693885803,0.0083094239234924,1.4282079973781949e-05,0.5025275780801299,0.5673472820692516,0.2958333333333333,0.2361111111111111,0.2625,0.2648148148148148,0.5025275780801299,0.6089463994162935,201972,0,1021,0.0,0.0050551561602598,200951,1021,0,0
P2,sen1floods11,dofa_upernet,F3,13,Somalia_886726,SOM,0.3359524607658386,0.8954066634178162,0.0074020624160766,0.0001037409747368,0.3826682170332838,0.1830561582688084,0.4513888888888889,0.8194444444444444,0.5263888888888888,0.599074074074074,0.3826682170332838,0.4876563203625841,262036,82995,46021,0.3167312888305423,0.17562853958998,173269,5772,42746,40249
P2,sen1floods11,dofa_upernet,F3,13,Somalia_93023,SOM,0.1374976485967636,0.4891850352287292,0.0134932994842529,4.5512882934417576e-05,0.5064155463862638,0.5765588331907585,0.6138888888888889,0.5027777777777778,0.7027777777777777,0.6064814814814815,0.5064155463862638,0.6541832313760636,187825,0,2410,0.0,0.0128310927725276,185415,2410,0,0
P2,sen1floods11,dofa_upernet,F3,13,Somalia_94102,SOM,0.2482105046510696,0.7523325681686401,0.0074566006660461,3.92768342862837e-05,0.2443340608460056,0.2500531510749247,0.3888888888888889,0.5652777777777778,0.3597222222222222,0.4379629629629629,0.2443340608460056,0.5290607288726967,241360,12694,18942,0.0525936360623135,0.0784802784222737,220964,7702,1454,11240
P2,sen1floods11,dofa_upernet,F3,13,Somalia_970508,SOM,0.3956914246082306,0.9580093622207642,0.0066884756088256,0.0001182657288154,0.5199928140565331,0.236983050623001,0.4611111111111111,0.8736111111111111,0.5152777777777778,0.6166666666666667,0.5199928140565331,0.5759904222354206,217119,38112,45336,0.1755350752352396,0.2088071518383927,148871,30136,22912,15200
P2,sen1floods11,dofa_upernet,F3,13,Somalia_989553,SOM,0.3806042075157165,0.9451901912689208,0.0096005201339721,2.499090987839736e-05,0.5944942567291914,0.158838729493023,0.6236111111111111,0.5625,0.3916666666666666,0.5259259259259259,0.5944942567291914,0.4594416454261589,110303,2307,18542,0.0209151156360207,0.1681005956320317,89454,18542,2307,0
P2,sen1floods11,dofa_upernet,F3,13,Somalia_992457,SOM,0.0414523482322692,0.1936816275119781,0.0164947509765625,2.6569012334221043e-05,0.467599269670748,0.521989973794802,0.5055555555555555,0.2416666666666666,0.6166666666666667,0.4546296296296296,0.467599269670748,0.5609345862358585,181140,7852,1721,0.0433476868720326,0.0095009385006072,172497,791,6922,930
P2,sen1floods11,dofa_upernet,F3,13,Sri-Lanka_101973,LKA,0.0639153942465782,0.2787027657032013,0.0051429271697998,2.5730249035404995e-05,0.4671802185567102,0.6280171051752812,0.1305555555555555,0.3,0.1694444444444444,0.2,0.4671802185567102,0.6182263495123258,262143,2958,1468,0.0112839175564481,0.0055999969482305,258045,1140,2630,328
P2,sen1floods11,dofa_upernet,F3,13,Sri-Lanka_1038087,LKA,0.1145053505897522,0.4213947355747223,0.0060637593269348,5.08438388351351e-05,0.4521836817980197,0.3703534670344983,0.2055555555555555,0.5041666666666667,0.3513888888888889,0.3537037037037037,0.4521836817980197,0.5317332660893893,262143,18112,5479,0.069092060440294,0.020900806048607,241831,2200,14833,3279
P2,sen1floods11,dofa_upernet,F3,13,Sri-Lanka_1049830,LKA,0.1253959834575653,0.4532087743282318,0.00885671377182,6.986857624724507e-05,0.347521491649051,0.3211764164843487,0.375,0.5944444444444444,0.5805555555555556,0.5166666666666667,0.347521491649051,0.5126784300976978,190233,2577,5198,0.0135465455520335,0.0273243864103494,184369,3287,666,1911
P2,sen1floods11,dofa_upernet,F3,13,Sri-Lanka_117737,LKA,0.1395025849342346,0.5043609142303467,0.0103670358657836,4.344812623457983e-05,0.4577941768854044,0.5133918449276963,0.4819444444444444,0.5069444444444444,0.55,0.512962962962963,0.4577941768854044,0.6560566550370128,262144,6731,3828,0.0256767272949218,0.0146026611328125,252686,2727,5630,1101
P2,sen1floods11,dofa_upernet,F3,13,Sri-Lanka_120804,LKA,0.0665613338351249,0.2836171388626098,0.0054474472999572,3.1348143238574266e-05,0.4525925958532071,0.5923910227594282,0.1305555555555555,0.3375,0.2069444444444444,0.225,0.4525925958532071,0.6068902543621914,262144,6958,1643,0.0265426635742187,0.0062675476074218,254469,717,6032,926
P2,sen1floods11,dofa_upernet,F3,13,Sri-Lanka_132922,LKA,0.0869038105010986,0.3463158905506134,0.0071336030960083,2.8563914383994412e-05,0.513577418927917,0.6135051949245794,0.2055555555555555,0.3347222222222222,0.2402777777777777,0.2601851851851851,0.513577418927917,0.6244727704021649,262144,17843,1997,0.0680656433105468,0.0076179504394531,243114,1187,17033,810
P2,sen1floods11,dofa_upernet,F3,13,Sri-Lanka_135713,LKA,0.0208153240382671,0.1248778998851776,0.0261691212654113,6.945141649339348e-06,0.5008039901734535,0.8418488813968914,0.5083333333333333,0.05,0.5166666666666666,0.3583333333333333,0.5008039901734535,0.6327529621414556,134330,0,216,0.0,0.0016079803469068,134114,216,0,0
P2,sen1floods11,dofa_upernet,F3,13,Sri-Lanka_14484,LKA,0.1021100878715515,0.3886682987213135,0.0105025172233581,7.099804497556761e-05,0.5514193939492649,0.4564882040790377,0.4625,0.5625,0.7,0.5750000000000001,0.5514193939492649,0.5794318515590166,232015,38866,3591,0.1675150313557313,0.0154774475788203,191994,1155,36430,2436
P2,sen1floods11,dofa_upernet,F3,13,Sri-Lanka_152185,LKA,0.0707939863204956,0.2882804274559021,0.0112627148628234,4.113807153771632e-05,0.3060456070320303,0.3748034932686469,0.4611111111111111,0.4097222222222222,0.6097222222222223,0.4935185185185185,0.3060456070320303,0.5016886217094106,262144,2198,3962,0.0083847045898437,0.0151138305664062,257738,2208,444,1754
P2,sen1floods11,dofa_upernet,F3,13,Sri-Lanka_163406,LKA,0.0740997046232223,0.304086297750473,0.0096105933189392,3.544117134879343e-05,0.2016032453141159,0.3373427484174581,0.3611111111111111,0.3777777777777777,0.4694444444444444,0.4027777777777777,0.2016032453141159,0.4810462352436042,262144,5070,4816,0.0193405151367187,0.01837158203125,255989,1085,1339,3731
P2,sen1floods11,dofa_upernet,F3,13,Sri-Lanka_178753,LKA,0.0180791039019823,0.1173427924513816,0.023829698562622,4.1317252907902e-06,0.5014259098052963,0.9617313403544796,0.4875,0.0333333333333333,0.4875,0.3361111111111111,0.5014259098052963,0.6723546935732513,253873,645,79,0.0025406403989396,0.000311179211653,253149,79,645,0
P2,sen1floods11,dofa_upernet,F3,13,Sri-Lanka_233609,LKA,0.1421173214912414,0.4996321499347687,0.0077799558639526,4.665026790462434e-05,0.3883290715893952,0.4854847884886074,0.3347222222222222,0.5069444444444444,0.4194444444444444,0.4203703703703703,0.3883290715893952,0.6202791813914295,257120,6877,4434,0.0267462663347853,0.0172448662103298,248071,2172,4615,2262
P2,sen1floods11,dofa_upernet,F3,13,Sri-Lanka_236030,LKA,0.037911407649517,0.18157260119915,0.0162795782089233,3.503772313706577e-05,0.2923322913125415,0.3812125700112594,0.4805555555555555,0.3,0.6666666666666666,0.4824074074074074,0.2923322913125415,0.4678642034829838,206088,1713,2842,0.0083119832304646,0.013790225534723,202890,1485,356,1357
P2,sen1floods11,dofa_upernet,F3,13,Sri-Lanka_236628,LKA,0.0915617942810058,0.3423914313316345,0.0082833170890808,2.121481520589441e-05,0.3745927424060585,0.4710084141424819,0.3069444444444444,0.2958333333333333,0.3027777777777778,0.3018518518518518,0.3745927424060585,0.5705568560787492,262142,3081,3374,0.0117531719449763,0.0128708867712918,257040,2021,1728,1353
P2,sen1floods11,dofa_upernet,F3,13,Sri-Lanka_249079,LKA,0.0399895496666431,0.1976771801710128,0.0264657139778137,1.70399416674627e-05,0.5008769534213321,0.7940354718800364,0.5569444444444445,0.1944444444444444,0.6125,0.4546296296296296,0.5008769534213321,0.6572777283068393,164775,11,278,6.675769989379457e-05,0.0016871491427704,164486,278,11,0
P2,sen1floods11,dofa_upernet,F3,13,Sri-Lanka_31559,LKA,0.0140371220186352,0.1061638817191124,0.023611843585968,6.585486289623077e-07,0.50106035329875,0.999999999957581,0.4791666666666667,0.0083333333333333,0.4708333333333333,0.3194444444444445,0.50106035329875,0.690190210225229,218795,464,0,0.0021207065974999,0.0,218331,0,464,0
P2,sen1floods11,dofa_upernet,F3,13,Sri-Lanka_321316,LKA,0.40364471077919,0.9640158414840698,0.0078012943267822,9.030124056153e-05,0.6513474714124753,0.2431481646148838,0.5416666666666666,0.8458333333333333,0.5513888888888888,0.6462962962962963,0.6513474714124753,0.5924463591449711,262133,96905,48331,0.3696787508631114,0.1843758702643314,135110,30118,78692,18213
P2,sen1floods11,dofa_upernet,F3,13,Sri-Lanka_377277,LKA,0.1227882131934166,0.4504426419734955,0.0095444321632385,8.689716196386144e-05,0.2594119947391092,0.3149779560277652,0.4125,0.6180555555555556,0.6499999999999999,0.5601851851851851,0.2594119947391092,0.5102535079686422,259388,8603,7439,0.0331665304485943,0.0286790445201782,248708,2077,3241,5362
P2,sen1floods11,dofa_upernet,F3,13,Sri-Lanka_400518,LKA,0.0671170204877853,0.269719123840332,0.0092471837997436,5.56519407837186e-05,0.2880217331661749,0.3943783911277065,0.3402777777777778,0.4680555555555555,0.5472222222222223,0.4518518518518519,0.2880217331661749,0.5192360520896774,262144,2380,3590,0.0090789794921875,0.0136947631835937,257978,1786,576,1804
P2,sen1floods11,dofa_upernet,F3,13,Sri-Lanka_450918,LKA,0.2578968107700348,0.7924936413764954,0.0220729112625122,3.821336213150062e-05,0.5217702721788431,0.9099784972838132,0.7791666666666666,0.5805555555555555,0.7347222222222223,0.6981481481481481,0.5217702721788431,0.83971537338664,99126,4277,39,0.0431471057038516,0.0003934386538345,94810,39,4277,0
P2,sen1floods11,dofa_upernet,F3,13,Sri-Lanka_49764,LKA,0.0267938766628503,0.1508029699325561,0.0305427908897399,9.895265975501388e-06,0.5054967184077394,0.919081517853924,0.5430555555555555,0.0875,0.5444444444444444,0.3916666666666666,0.5054967184077394,0.6829214292527012,243327,2486,189,0.0102167042703851,0.0007767325450936,240652,189,2486,0
P2,sen1floods11,dofa_upernet,F3,13,Sri-Lanka_52223,LKA,0.0171979777514934,0.1171093434095382,0.010241687297821,1.9615806650108425e-06,0.5000858306884766,0.978326015485365,0.2749999999999999,0.0291666666666666,0.2708333333333333,0.1916666666666666,0.5000858306884766,0.6838488360412229,262144,0,45,0.0,0.0001716613769531,262099,45,0,0
P2,sen1floods11,dofa_upernet,F3,13,Sri-Lanka_523539,LKA,0.1336866170167923,0.4669538140296936,0.0064879059791564,5.0590268074302e-05,0.500802916464637,0.348437559558729,0.2458333333333333,0.5236111111111111,0.3722222222222222,0.3805555555555555,0.500802916464637,0.5206364010511678,218481,24669,4702,0.1129114202150301,0.0215213222202388,191974,1838,21805,2864
P2,sen1floods11,dofa_upernet,F3,13,Sri-Lanka_534068,LKA,0.1765741556882858,0.6035156846046448,0.0208687186241149,1.4005375305714551e-05,0.979332234165782,0.2356933424867712,0.7180555555555556,0.3569444444444444,0.5638888888888889,0.5462962962962963,0.979332234165782,0.4796764132455778,262144,257268,15641,0.9813995361328124,0.0596656799316406,34,4842,246469,10799
P2,sen1floods11,dofa_upernet,F3,13,Sri-Lanka_551926,LKA,0.0996285751461982,0.384061336517334,0.0089211463928222,3.780399129027501e-05,0.421183862383928,0.3906881311954581,0.3430555555555555,0.4263888888888889,0.4444444444444445,0.4046296296296297,0.421183862383928,0.5384878473383939,262144,19600,4832,0.07476806640625,0.0184326171875,242092,452,15220,4380
P2,sen1floods11,dofa_upernet,F3,13,Sri-Lanka_55568,LKA,0.2239157855510711,0.6719942092895508,0.0093165636062622,3.4748118196148425e-05,0.1693639924185207,0.2648917957875681,0.4819444444444444,0.5152777777777777,0.4527777777777777,0.4833333333333332,0.1693639924185207,0.5251163224035016,212858,15268,15140,0.0717285702205226,0.0711272303601462,194857,2733,2861,12407
P2,sen1floods11,dofa_upernet,F3,13,Sri-Lanka_579082,LKA,0.1454414576292038,0.5157877802848816,0.0092876553535461,8.99680599104613e-05,0.3768262416937669,0.3160160644910363,0.4333333333333333,0.6513888888888889,0.6375,0.5740740740740741,0.3768262416937669,0.5307065337866669,208263,14466,7820,0.0694602497803258,0.0375486764331638,191183,2614,9260,5206
P2,sen1floods11,dofa_upernet,F3,13,Sri-Lanka_612594,LKA,0.2357311248779297,0.7349526882171631,0.0078524351119995,7.131877646315843e-05,0.1032941732676451,0.1232864488446233,0.4208333333333333,0.6972222222222222,0.5236111111111111,0.5472222222222222,0.1032941732676451,0.2974893821213274,262144,43125,51077,0.1645088195800781,0.1948432922363281,210741,8278,326,42799
P2,sen1floods11,dofa_upernet,F3,13,Sri-Lanka_63307,LKA,0.0262051876634359,0.1534749120473861,0.0066525936126708,3.808490646406426e-06,0.509115881880587,0.9744863029080008,0.0944444444444444,0.0597222222222222,0.0680555555555555,0.074074074074074,0.509115881880587,0.7000605707285553,262144,7005,59,0.0267219543457031,0.0002250671386718,255138,1,6947,58
P2,sen1floods11,dofa_upernet,F3,13,Sri-Lanka_649970,LKA,0.0617513842880725,0.2760466635227203,0.0088281035423278,2.7399553800933063e-05,0.4962387010783544,0.6178043680392695,0.3041666666666667,0.3152777777777777,0.3583333333333333,0.3259259259259259,0.4962387010783544,0.6182987878663345,260855,17343,1521,0.0664852120910084,0.0058308255544267,243235,277,16099,1244
P2,sen1floods11,dofa_upernet,F3,13,Sri-Lanka_653336,LKA,0.2675673067569732,0.781060516834259,0.0073044896125793,7.438647298840806e-05,0.2772824400102456,0.3131866619870407,0.3874999999999999,0.7236111111111111,0.4944444444444444,0.5351851851851852,0.2772824400102456,0.5826320399966239,262141,17982,14496,0.0685966712570715,0.0552984844034317,240339,3820,7306,10676
P2,sen1floods11,dofa_upernet,F3,13,Sri-Lanka_713926,LKA,0.2863815128803253,0.8331759572029114,0.0132546424865722,4.2041621782118455e-05,0.0570093282058996,0.1208606087997926,0.7388888888888889,0.6152777777777778,0.6819444444444445,0.6787037037037038,0.0570093282058996,0.3207783240485299,262104,80506,85106,0.3071528858773616,0.3247031712602631,175961,5637,1037,79469
P2,sen1floods11,dofa_upernet,F3,13,Sri-Lanka_748447,LKA,0.0838302448391914,0.3243717849254608,0.012437880039215,8.717310265637934e-05,0.4148618946459201,0.4230915423032702,0.5083333333333333,0.5625,0.8013888888888888,0.6240740740740741,0.4148618946459201,0.5452485219014753,249187,1219,3705,0.0048919084863977,0.0148683518803147,245028,2940,454,765
P2,sen1floods11,dofa_upernet,F3,13,Sri-Lanka_845821,LKA,0.2469831109046936,0.7570102214813232,0.0244507789611816,2.324295746802818e-05,0.9626890175736252,0.2441491418675155,0.7680555555555555,0.4625,0.6361111111111111,0.6222222222222221,0.9626890175736252,0.522816467118015,240758,234546,22855,0.9741981574859402,0.0949293481421178,616,5596,217287,17259
P2,sen1floods11,dofa_upernet,F3,13,Sri-Lanka_847275,LKA,0.3099682629108429,0.8598339557647705,0.007688283920288,8.780357165960595e-05,0.237234949617183,0.1645742843009464,0.4638888888888888,0.7791666666666666,0.5402777777777777,0.5944444444444444,0.237234949617183,0.4479152220646109,231361,50464,40919,0.218118006059794,0.1768621332030895,175332,5565,15110,35354
P2,sen1floods11,dofa_upernet,F3,13,Sri-Lanka_849649,LKA,0.0668196305632591,0.2908573746681213,0.0128978490829467,4.565916606225073e-05,0.2297777809184615,0.4004743462211356,0.525,0.4263888888888889,0.6902777777777778,0.5472222222222222,0.2297777809184615,0.5190384929423809,218207,1892,2655,0.0086706659273075,0.0121673456855187,215267,1048,285,1607
P2,sen1floods11,dofa_upernet,F3,13,Sri-Lanka_85652,LKA,0.0220885816961526,0.1409907937049865,0.0201734900474548,2.2155620627017925e-06,0.504917210490049,0.999999999960925,0.4763888888888889,0.0333333333333333,0.4680555555555556,0.3259259259259259,0.504917210490049,0.7036763118425278,197368,1941,0,0.009834420980098,0.0,195427,0,1941,0
P2,sen1floods11,dofa_upernet,F3,13,Sri-Lanka_883641,LKA,0.1892021894454956,0.6283890604972839,0.0119204521179199,2.708814099605661e-05,0.1619883994388505,0.3023075099257457,0.5986111111111111,0.4402777777777777,0.5277777777777778,0.5222222222222223,0.1619883994388505,0.5376410234536768,262144,13500,11550,0.0514984130859375,0.0440597534179687,247356,1288,3238,10262
P2,sen1floods11,dofa_upernet,F3,13,Sri-Lanka_916628,LKA,0.3701508641242981,0.9348455667495728,0.0093090534210205,0.0001124911868828,0.2393173946845859,0.1649093548188702,0.5944444444444444,0.8402777777777778,0.6652777777777779,0.7000000000000001,0.2393173946845859,0.4684999539808331,259961,81524,64700,0.3136008862867891,0.2488834863691092,172222,6215,23039,58485
P2,sen1floods11,dofa_upernet,F3,13,Sri-Lanka_922192,LKA,0.1075833886861801,0.4042287170886993,0.0142724514007568,3.6301975342212245e-05,0.4269622777134981,0.3712415243783922,0.5944444444444444,0.4263888888888889,0.6708333333333334,0.5638888888888889,0.4269622777134981,0.5288276167019126,239783,1030,5316,0.0042955505602982,0.0221700454160636,234336,4417,131,899
P2,sen1floods11,dofa_upernet,F3,13,Sri-Lanka_92824,LKA,0.1930124908685684,0.6471957564353943,0.0098804235458374,5.6340806622756645e-05,0.5479072209816929,0.419334642219203,0.5138888888888888,0.6097222222222223,0.5875,0.5703703703703703,0.5479072209816929,0.6208953870778106,246506,55390,7082,0.2247004129716923,0.0287295238249778,190321,795,49103,6287
P2,sen1floods11,dofa_upernet,F3,13,Sri-Lanka_956740,LKA,0.1847042739391327,0.6182306408882141,0.0106405019760131,5.555962343350984e-05,0.1698229560340612,0.2047844850218568,0.5555555555555556,0.5930555555555556,0.6375,0.5953703703703704,0.1698229560340612,0.4481732029959374,202069,7918,11464,0.0391846349514274,0.056733096120632,190528,3623,77,7841
P2,sen1floods11,dofa_upernet,F3,37,India_1017769,IND,0.4093823730945587,0.968698024749756,0.0131909251213073,1.7109423424699344e-05,0.4357537850446678,0.0967456598575027,0.8333333333333333,0.7486111111111111,0.7291666666666666,0.7703703703703703,0.4357537850446678,0.3728243538495644,172971,98143,137725,0.5673956906070959,0.7962317382682647,33495,41333,1751,96392
P2,sen1floods11,dofa_upernet,F3,37,India_1018317,IND,0.3822954893112182,0.9483320116996764,0.0267320871353149,8.61043190525379e-06,0.3682574835769009,0.0872078476950278,0.8888888888888888,0.5333333333333333,0.6277777777777778,0.6833333333333332,0.3682574835769009,0.3086089542374149,196977,150710,176340,0.7651147088238729,0.8952314229580103,19732,26535,905,149805
P2,sen1floods11,dofa_upernet,F3,37,India_1018327,IND,0.3374167084693908,0.8977177143096924,0.0119481086730957,3.2503488910151646e-05,0.3487426688996733,0.1994214473937375,0.6861111111111111,0.8111111111111111,0.8111111111111111,0.7694444444444445,0.3487426688996733,0.5104932755884386,262142,36649,42001,0.1398059067223108,0.1602223222528248,207259,18234,12882,23767
P2,sen1floods11,dofa_upernet,F3,37,India_103447,IND,0.2692138850688934,0.7945641279220581,0.0065611600875854,1.7590571587788872e-05,0.2758702073780993,0.1190123882996478,0.3277777777777778,0.6291666666666667,0.3902777777777778,0.4490740740740741,0.2758702073780993,0.331057956528432,163567,26977,31713,0.1649293561659748,0.1938838518772124,126026,10564,5828,21149
P2,sen1floods11,dofa_upernet,F3,37,India_1050276,IND,0.3452394008636474,0.90789794921875,0.0062142014503479,5.007018262404017e-05,0.5109098119612676,0.2394092525889867,0.3888888888888889,0.8638888888888889,0.525,0.5925925925925926,0.5109098119612676,0.556009773982715,255185,49005,33503,0.1920371495189764,0.1312890647961282,186670,19510,35012,13993
P2,sen1floods11,dofa_upernet,F3,37,India_1068117,IND,0.3920604586601257,0.9549204111099244,0.0094727277755737,4.550942685455084e-05,0.4047328925655401,0.188924440975806,0.6347222222222222,0.8888888888888888,0.7291666666666667,0.7509259259259259,0.4047328925655401,0.5297209319706182,229712,47960,54882,0.2087831719718604,0.2389165563836456,156629,25123,18201,29759
P2,sen1floods11,dofa_upernet,F3,37,India_1072277,IND,0.0438930615782737,0.2548824250698089,0.0100378990173339,3.6390563309396384e-06,0.5430034103653745,0.9999999999779612,0.3236111111111111,0.0722222222222222,0.2930555555555555,0.2296296296296296,0.5430034103653745,0.6990936379744904,262142,22546,0,0.0860068207307489,0.0,239596,0,22546,0
P2,sen1floods11,dofa_upernet,F3,37,India_118868,IND,0.2047339528799057,0.672544002532959,0.0212517976760864,1.7251770259463228e-05,0.5350597428128533,0.6588932156913663,0.6944444444444444,0.5458333333333333,0.7930555555555555,0.6777777777777777,0.5350597428128533,0.6721435858411922,159275,10685,3909,0.0670852299482027,0.0245424580128708,144944,3646,10422,263
P2,sen1floods11,dofa_upernet,F3,37,India_135434,IND,0.2268081903457641,0.7146033048629761,0.0091937780380249,2.0922449039062485e-05,0.2370259865925186,0.1614879199974774,0.4583333333333333,0.6305555555555555,0.6083333333333334,0.5657407407407408,0.2370259865925186,0.3736435070731198,117150,10312,14644,0.0880239009816474,0.1250021340162185,101417,5421,1089,9223
P2,sen1floods11,dofa_upernet,F3,37,India_136196,IND,0.0664395987987518,0.3356491029262543,0.0265734791755676,4.671177975978935e-06,0.5004533776635938,0.958766899141888,0.5972222222222222,0.1680555555555555,0.5541666666666667,0.4398148148148148,0.5004533776635938,0.6668429770168097,211744,0,192,0.0,0.0009067553271875,211552,192,0,0
P2,sen1floods11,dofa_upernet,F3,37,India_164336,IND,0.0703085362911224,0.3642348945140838,0.0138536691665649,3.520880682117422e-06,0.5036298586265587,0.9999999999837154,0.5208333333333334,0.1222222222222222,0.4236111111111111,0.3555555555555555,0.5036298586265587,0.7372363921341624,259101,1881,0,0.0072597172531175,0.0,257220,0,1881,0
P2,sen1floods11,dofa_upernet,F3,37,India_166709,IND,0.1828572005033493,0.6017583608627319,0.0099639296531677,1.1121731404273303e-05,0.4891661337478485,0.6500995459623604,0.4527777777777778,0.3847222222222222,0.4625,0.4333333333333333,0.4891661337478485,0.6467176007959645,256894,8839,3546,0.0344071874002506,0.013803358583696,245256,2799,8092,747
P2,sen1floods11,dofa_upernet,F3,37,India_177319,IND,0.1169897764921188,0.4235077202320099,0.0149474740028381,2.0086648873984814e-05,0.4969398333205703,0.7883746133371348,0.5513888888888889,0.5097222222222222,0.7972222222222223,0.6194444444444445,0.4969398333205703,0.6386616340507373,256490,1578,1410,0.0061522866388553,0.0054972903427034,253553,1359,1527,51
P2,sen1floods11,dofa_upernet,F3,37,India_179238,IND,0.0291242823004722,0.1876366287469864,0.0116942524909973,3.483570935713942e-06,0.5301119065678869,0.9999999999747712,0.3555555555555555,0.025,0.3472222222222222,0.2425925925925926,0.5301119065678869,0.6484338414135327,192482,11592,0,0.0602238131357737,0.0,180890,0,11592,0
P2,sen1floods11,dofa_upernet,F3,37,India_180633,IND,0.3773604035377502,0.94271057844162,0.0082545280456542,1.4704011846333742e-05,0.2601782684166421,0.1127442419154426,0.5375,0.6402777777777777,0.3999999999999999,0.5259259259259259,0.2601782684166421,0.3878872159258533,164555,75763,94642,0.4604114125976117,0.5751390112728267,67062,21730,2851,72912
P2,sen1floods11,dofa_upernet,F3,37,India_207862,IND,0.1253559738397598,0.4881611764431,0.0078231692314147,8.185159458662383e-06,0.5452495103075332,0.781879218187583,0.2458333333333333,0.2652777777777777,0.2222222222222222,0.2444444444444444,0.5452495103075332,0.6432793621422973,200115,21028,1232,0.1050795792419358,0.0061564600354795,178231,856,20652,376
P2,sen1floods11,dofa_upernet,F3,37,India_244057,IND,0.0738564431667327,0.3732760846614837,0.0354784131050109,3.694686256494606e-06,0.5000155727340114,0.9999999999834588,0.6097222222222223,0.1305555555555555,0.5208333333333334,0.4203703703703704,0.5000155727340114,0.7373525198228028,160537,5,0,3.114546802294798e-05,0.0,160532,0,5,0
P2,sen1floods11,dofa_upernet,F3,37,India_25540,IND,0.0428897552192211,0.2496079057455063,0.0132163166999816,4.087245997652644e-06,0.5306401590457257,0.9999999999779462,0.4583333333333333,0.0916666666666666,0.4472222222222222,0.3324074074074074,0.5306401590457257,0.6993646025813179,188625,11559,0,0.0612803180914512,0.0,177066,0,11559,0
P2,sen1floods11,dofa_upernet,F3,37,India_265762,IND,0.034241821616888,0.2058932781219482,0.0129280090332031,3.515376647555968e-06,0.5289654844666523,0.9999999999759652,0.4236111111111111,0.0291666666666666,0.4194444444444444,0.2907407407407407,0.5289654844666523,0.6762043663285212,147296,8533,0,0.0579309689333043,0.0,138763,0,8533,0
P2,sen1floods11,dofa_upernet,F3,37,India_273873,IND,0.2590868473052978,0.7782928347587585,0.0179277062416076,3.385107629583217e-05,0.4660907920964705,0.3093690660611513,0.7333333333333334,0.7555555555555555,0.9305555555555556,0.8064814814814815,0.4660907920964705,0.5555391964170219,155608,5446,9123,0.0349982006066526,0.0586280911007146,142821,7341,3664,1782
P2,sen1floods11,dofa_upernet,F3,37,India_285297,IND,0.2470811307430267,0.7576088905334473,0.005963385105133,1.661809437791817e-05,0.5178541246788431,0.2901599752650501,0.2694444444444444,0.5791666666666666,0.3347222222222222,0.3944444444444444,0.5178541246788431,0.5221885454020834,245042,36006,16847,0.1469380759216787,0.0687514793382358,198413,10623,29782,6224
P2,sen1floods11,dofa_upernet,F3,37,India_287642,IND,0.3298864662647247,0.8870809078216553,0.0101548433303833,3.466002090135589e-05,0.5061192561353934,0.3770426263277587,0.6069444444444445,0.8222222222222222,0.7597222222222222,0.7296296296296297,0.5061192561353934,0.6364710013800046,115377,17914,4508,0.1552649141510006,0.0390719120795305,95681,1782,15188,2726
P2,sen1floods11,dofa_upernet,F3,37,India_324254,IND,0.0623490251600742,0.2885667383670807,0.0153329372406005,6.110496997280279e-06,0.4903015276050894,0.8982979526276479,0.5041666666666667,0.1708333333333333,0.5055555555555555,0.3935185185185185,0.4903015276050894,0.6128631761899132,262144,3883,475,0.0148124694824218,0.0018119812011718,257933,328,3736,147
P2,sen1floods11,dofa_upernet,F3,37,India_373039,IND,0.1908141523599624,0.639525294303894,0.0267570614814758,2.118497286573984e-05,0.5107717757911628,0.6059483583759957,0.7069444444444445,0.6055555555555555,0.8819444444444444,0.7314814814814815,0.5107717757911628,0.6528464281776398,242783,1509,3863,0.0062154269450496,0.0159113282231457,237414,3860,1506,3
P2,sen1floods11,dofa_upernet,F3,37,India_383430,IND,0.2967545390129089,0.8399606943130493,0.00734144449234,3.6616689612856135e-05,0.4537669275424087,0.3150724302155759,0.3819444444444444,0.8013888888888889,0.5555555555555556,0.5796296296296296,0.4537669275424087,0.5784671772925378,251271,39228,17292,0.1561182945903029,0.0688181286340246,205593,6450,28386,10842
P2,sen1floods11,dofa_upernet,F3,37,India_391908,IND,0.2954340279102325,0.8383212089538574,0.0087447166442871,3.675220068544149e-05,0.4612370578483958,0.2301314519744284,0.4833333333333333,0.7972222222222223,0.6611111111111111,0.6472222222222223,0.4612370578483958,0.5147669856621878,211832,25989,25466,0.1226868461799916,0.1202179085312889,170175,15668,16191,9798
P2,sen1floods11,dofa_upernet,F3,37,India_399883,IND,0.4128880202770233,0.9709359407424928,0.0122269392013549,1.5909330613794737e-05,0.3655117794272438,0.1014741204866186,0.786111111111111,0.7208333333333333,0.6458333333333333,0.7175925925925926,0.3655117794272438,0.3898919542223457,262119,136292,178742,0.5199623071963497,0.6819116508150878,76276,49551,7101,129191
P2,sen1floods11,dofa_upernet,F3,37,India_44475,IND,0.0336935259401798,0.2117145359516143,0.0251348614692688,3.426422154007014e-06,0.0,0.99999999997666,0.5125000000000001,0.025,0.4958333333333333,0.3444444444444445,0.0,0.6788210159147603,260175,0,0,0.0,0.0,260175,0,0,0
P2,sen1floods11,dofa_upernet,F3,37,India_500266,IND,0.1064846664667129,0.4164254367351532,0.0057566165924072,1.1419179827498738e-05,0.5472279707321452,0.6786065805985624,0.1402777777777777,0.3333333333333333,0.2097222222222222,0.2277777777777777,0.5472279707321452,0.6103386343085587,262141,38181,2086,0.1456506231379296,0.0079575495630214,223663,297,36392,1789
P2,sen1floods11,dofa_upernet,F3,37,India_533192,IND,0.4471816420555115,0.9894235730171204,0.0173252820968627,9.96859944280004e-06,0.282627612396555,0.2385474986163177,0.925,0.6430555555555556,0.5986111111111111,0.7222222222222223,0.282627612396555,0.6304990797199639,120661,43244,56261,0.3583925211957467,0.4662732780268687,61243,16174,3157,40087
P2,sen1floods11,dofa_upernet,F3,37,India_534470,IND,0.0307212248444557,0.1951099187135696,0.0098893046379089,3.517912546158186e-06,0.5148341780739913,0.9999999999749656,0.2819444444444444,0.0291666666666666,0.2777777777777778,0.1962962962962963,0.5148341780739913,0.6540343974719864,250570,7434,0,0.0296683561479826,0.0,243136,0,7434,0
P2,sen1floods11,dofa_upernet,F3,37,India_56450,IND,0.0355448722839355,0.2199304103851318,0.0218846201896667,3.446785285632359e-06,0.5002262093926554,0.9999999999766684,0.5041666666666667,0.0375,0.4833333333333334,0.3416666666666666,0.5002262093926554,0.6843446343088394,181248,82,0,0.0004524187853107,0.0,181166,0,82,0
P2,sen1floods11,dofa_upernet,F3,37,India_566697,IND,0.0994390472769737,0.39282888174057,0.0078363418579101,8.162392077792902e-06,0.5237705868453235,0.6645249955797229,0.2291666666666666,0.2486111111111111,0.2222222222222222,0.2333333333333333,0.5237705868453235,0.6064832893768223,215703,14719,1541,0.0682373448677116,0.0071440823725214,199830,1154,14332,387
P2,sen1floods11,dofa_upernet,F3,37,India_570384,IND,0.1824216097593307,0.6132226586341858,0.0104687809944152,2.3333877834375016e-05,0.3879359657989651,0.2202212532193996,0.4916666666666667,0.6194444444444445,0.7194444444444444,0.6101851851851853,0.3879359657989651,0.4299432741790169,242000,14548,14118,0.0601157024793388,0.0583388429752066,219795,7657,8087,6461
P2,sen1floods11,dofa_upernet,F3,37,India_591317,IND,0.3197996914386749,0.8793495297431946,0.0170933604240417,1.1829467439383734e-05,0.1544709797594655,0.0963906174668276,0.7625,0.5319444444444444,0.65,0.6481481481481481,0.1544709797594655,0.302937198180933,246049,114039,121402,0.4634808513751326,0.4934057850265597,118049,13961,6598,107441
P2,sen1floods11,dofa_upernet,F3,37,India_591549,IND,0.0304400566965341,0.1917405426502227,0.0128018260002136,3.632314474089071e-06,0.5224940885356255,0.9999999999745104,0.4069444444444444,0.0375,0.4111111111111111,0.2851851851851851,0.5224940885356255,0.6430655407323593,245709,11054,0,0.0449881770712509,0.0,234655,0,11054,0
P2,sen1floods11,dofa_upernet,F3,37,India_592446,IND,0.2840294241905212,0.8204720616340637,0.0067672133445739,2.991343535541091e-05,0.3474434809328195,0.2430971308945569,0.3388888888888889,0.75,0.5,0.5296296296296297,0.3474434809328195,0.5098441383953087,224355,9044,17720,0.0403111140825923,0.0789819705377638,204715,10596,1920,7124
P2,sen1floods11,dofa_upernet,F3,37,India_59460,IND,0.0466712675988674,0.269621878862381,0.0240746736526489,3.646008508439991e-06,0.500752317855488,0.9999999999788288,0.5416666666666667,0.0833333333333333,0.5,0.375,0.500752317855488,0.7063810440408356,209353,315,0,0.0015046357109761,0.0,209038,0,315,0
P2,sen1floods11,dofa_upernet,F3,37,India_624341,IND,0.0543297864496707,0.2797139585018158,0.0205609202384948,4.9673417379381135e-06,0.4943316633677026,0.9364529941737436,0.5472222222222223,0.1430555555555555,0.5375,0.4092592592592592,0.4943316633677026,0.6329916206992839,262142,3224,269,0.0122986778158402,0.0010261613934432,258731,187,3142,82
P2,sen1floods11,dofa_upernet,F3,37,India_631692,IND,0.0737232416868209,0.312890350818634,0.0110268592834472,5.3415105867316015e-06,0.4249856281857839,0.8775829284824541,0.4166666666666667,0.1638888888888889,0.3861111111111111,0.3222222222222222,0.4249856281857839,0.620790543407724,262144,802,607,0.0030593872070312,0.0023155212402343,260923,419,614,188
P2,sen1floods11,dofa_upernet,F3,37,India_652725,IND,0.2133970707654953,0.6838944554328918,0.0082096457481384,2.405646227998659e-05,0.4652720251531739,0.3349261532079193,0.3736111111111111,0.6597222222222222,0.5694444444444444,0.5342592592592593,0.4652720251531739,0.5349752935462532,262094,21795,12344,0.0831571878791578,0.0470976062023548,232781,7518,16969,4826
P2,sen1floods11,dofa_upernet,F3,37,India_664410,IND,0.2695695459842682,0.7960198521614075,0.0097752213478088,2.2960774003877304e-05,0.4580694683736087,0.2918087941689754,0.5444444444444444,0.7069444444444444,0.6847222222222222,0.6453703703703703,0.4580694683736087,0.5464515139022449,262142,13526,18247,0.0515979888762579,0.0696073120675054,235013,13603,8882,4644
P2,sen1floods11,dofa_upernet,F3,37,India_691027,IND,0.2405915856361389,0.7418679594993591,0.0099382400512695,3.139080581604503e-05,0.4318973212085526,0.2972451671622553,0.5138888888888888,0.7166666666666667,0.7333333333333334,0.6546296296296296,0.4318973212085526,0.5353827020459321,254034,8394,15872,0.0330428210397033,0.0624798255351645,233826,11814,4336,4058
P2,sen1floods11,dofa_upernet,F3,37,India_698338,IND,0.2512485682964325,0.7538666725158691,0.0082563161849975,1.6240808690781705e-05,0.3261715678215355,0.365261230027719,0.4055555555555555,0.5555555555555556,0.4472222222222222,0.4694444444444444,0.3261715678215355,0.5661994546640052,227984,9936,11125,0.0435820057547898,0.0487972840199312,212825,5223,4034,5902
P2,sen1floods11,dofa_upernet,F3,37,India_70352,IND,0.3010174036026001,0.8467703461647034,0.0100310444831848,3.0883136787451804e-05,0.3072669231599433,0.196285955803267,0.5861111111111111,0.7694444444444445,0.7277777777777779,0.6944444444444445,0.3072669231599433,0.4911896431313219,239229,13188,26107,0.0551270957952422,0.1091297459756133,212147,13894,975,12213
P2,sen1floods11,dofa_upernet,F3,37,India_707886,IND,0.2112161070108413,0.6799185872077942,0.0126015543937683,2.4062588636297733e-05,0.3836405320141468,0.2275504730857487,0.5916666666666667,0.6555555555555556,0.7916666666666667,0.6796296296296296,0.3836405320141468,0.4601901174876358,256881,5668,19343,0.0220646914329981,0.0752994577255616,237459,13754,79,5589
P2,sen1floods11,dofa_upernet,F3,37,India_73419,IND,0.0338659845292568,0.2078290432691574,0.0102871656417846,3.569914269974106e-06,0.5174701286507875,0.9999999999756776,0.3013888888888889,0.0333333333333333,0.2930555555555555,0.2092592592592592,0.5174701286507875,0.6623096669609996,178934,6252,0,0.0349402573015748,0.0,172682,0,6252,0
P2,sen1floods11,dofa_upernet,F3,37,India_747970,IND,0.2143329530954361,0.6916933655738831,0.0069153308868408,1.7378590200678445e-05,0.4098433738638243,0.2828118169023251,0.2833333333333333,0.5625,0.3819444444444444,0.4092592592592592,0.4098433738638243,0.5003655172273134,246517,5007,14433,0.0203109724684301,0.0585476863664574,230717,10793,1367,3640
P2,sen1floods11,dofa_upernet,F3,37,India_747992,IND,0.3539687991142273,0.9173486232757568,0.0075355768203735,2.4412474886048585e-05,0.5490681061969409,0.241693254212491,0.448611111111111,0.7916666666666667,0.5125000000000001,0.5842592592592593,0.5490681061969409,0.5550033340144984,262087,117322,34948,0.4476452475704632,0.1333450342825092,142916,1849,84223,33099
P2,sen1floods11,dofa_upernet,F3,37,India_764946,IND,0.1806959062814712,0.6037634611129761,0.0108116269111633,1.6868407328729518e-05,0.3641636363049034,0.3253154754146371,0.4958333333333333,0.5138888888888888,0.6263888888888889,0.5453703703703704,0.3641636363049034,0.5070874958329736,242502,3146,9573,0.0129730888817411,0.0394759630848405,232720,6636,209,2937
P2,sen1floods11,dofa_upernet,F3,37,India_769408,IND,0.1726333200931549,0.5861679315567017,0.0071551203727722,1.3550965377362443e-05,0.4814892041448891,0.5891193990641467,0.2388888888888888,0.4097222222222222,0.2736111111111111,0.3074074074074074,0.4814892041448891,0.6230485176006397,175907,8582,3319,0.0487871432063533,0.0188679245283018,165023,2302,7565,1017
P2,sen1floods11,dofa_upernet,F3,37,India_772630,IND,0.0869523212313652,0.4065980911254883,0.0284584760665893,5.351938398234779e-06,0.504754332655216,0.97146401304447,0.6319444444444444,0.1986111111111111,0.5666666666666667,0.4657407407407407,0.504754332655216,0.6897511224828334,155332,1345,132,0.0086588726083485,0.0008497927020832,153855,132,1345,0
P2,sen1floods11,dofa_upernet,F3,37,India_773682,IND,0.1021109223365783,0.3918725848197937,0.0079421997070312,1.0163184924749658e-05,0.5321534737945931,0.4021214313247395,0.2333333333333333,0.2861111111111111,0.2638888888888888,0.261111111111111,0.5321534737945931,0.5183259885495649,252793,30959,5344,0.1224677898517759,0.0211398258654314,218651,3183,28798,2161
P2,sen1floods11,dofa_upernet,F3,37,India_774689,IND,0.3117264211177826,0.8606750965118408,0.0078082680702209,4.37295348092448e-05,0.4322451630311544,0.3405713978750103,0.4194444444444444,0.8097222222222222,0.5930555555555556,0.6074074074074074,0.4322451630311544,0.5978854950541386,237116,18757,14343,0.0791047419828269,0.0604893807250459,210117,8242,12656,6101
P2,sen1floods11,dofa_upernet,F3,37,India_79637,IND,0.0891344398260116,0.4082509577274322,0.0123245120048522,5.405080628406722e-06,0.4693974206117409,0.7048083635666142,0.4874999999999999,0.2027777777777777,0.4263888888888888,0.3722222222222222,0.4693974206117409,0.6232992797575494,262144,5165,1621,0.0197029113769531,0.0061836242675781,255879,1100,4644,521
P2,sen1floods11,dofa_upernet,F3,37,India_80221,IND,0.3331059217453003,0.8961651921272278,0.0193333625793457,9.035753464559091e-06,0.3228621592231877,0.0799318603913037,0.8013888888888889,0.4888888888888889,0.6125,0.6342592592592593,0.3228621592231877,0.2483736496803018,151793,114506,132089,0.7543562614876839,0.8701916425658627,18947,18340,757,113749
P2,sen1floods11,dofa_upernet,F3,37,India_804466,IND,0.2445793598890304,0.7488856315612793,0.0083867907524108,2.456539914419409e-05,0.5273747801280648,0.3465956392360271,0.4138888888888888,0.6847222222222222,0.5847222222222223,0.5611111111111111,0.5273747801280648,0.5679994338379311,262134,50228,13054,0.1916119236726254,0.0497989577849496,206367,5539,42713,7515
P2,sen1floods11,dofa_upernet,F3,37,India_828067,IND,0.2134042978286743,0.6767961978912354,0.0085871219635009,2.6876206902670677e-05,0.3524439996522583,0.3199997040679082,0.3930555555555555,0.6708333333333333,0.6083333333333333,0.5574074074074074,0.3524439996522583,0.5324554170338811,183120,6994,12039,0.0381935342944517,0.0657437745740498,168989,7137,2092,4902
P2,sen1floods11,dofa_upernet,F3,37,India_833266,IND,0.0548730678856372,0.2819544672966003,0.0097972750663757,4.205259301670594e-06,0.5271215557721318,0.8731283720564537,0.3374999999999999,0.1277777777777777,0.3124999999999999,0.2592592592592592,0.5271215557721318,0.6069137562708193,219674,18262,521,0.0831322778298751,0.0023716962407931,201384,28,17769,493
P2,sen1floods11,dofa_upernet,F3,37,India_842775,IND,0.0614793412387371,0.281924307346344,0.0105393528938293,4.93855077365879e-06,0.4903995740854489,0.9014557792478411,0.3805555555555556,0.1388888888888889,0.3666666666666667,0.2953703703703704,0.4903995740854489,0.6126110854031401,246418,5929,436,0.0240607423159022,0.0017693512649238,240315,174,5667,262
P2,sen1floods11,dofa_upernet,F3,37,India_869358,IND,0.135355919599533,0.4939969778060913,0.0128041505813598,1.7146523532574065e-05,0.413508551300825,0.3177397136695216,0.5388888888888889,0.4708333333333333,0.7124999999999999,0.5740740740740741,0.413508551300825,0.478848797325886,262144,5050,9458,0.0192642211914062,0.0360794067382812,250149,6945,2537,2513
P2,sen1floods11,dofa_upernet,F3,37,India_900498,IND,0.410016119480133,0.9688591361045836,0.0072725415229797,1.8812121197697707e-05,0.3184030719202947,0.1057077527083526,0.4944444444444444,0.7847222222222222,0.4263888888888889,0.5685185185185185,0.3184030719202947,0.4139725167373198,261992,123953,156757,0.4731174997709854,0.5983274298451862,96940,41099,8295,115658
P2,sen1floods11,dofa_upernet,F3,37,India_91379,IND,0.2220349609851837,0.7008273005485535,0.0065564513206481,2.029714232776314e-05,0.4607620451967276,0.3567124486922097,0.2805555555555555,0.6180555555555556,0.4263888888888889,0.4416666666666667,0.4607620451967276,0.5536968451760117,262133,29594,11885,0.1128968882208649,0.0453395795264236,227252,5287,22996,6598
P2,sen1floods11,dofa_upernet,F3,37,India_943439,IND,0.3938736319541931,0.9564386606216432,0.0072412490844726,4.727067062049173e-05,0.3679963899058964,0.1836123052925198,0.4736111111111111,0.8972222222222223,0.5597222222222222,0.6435185185185185,0.3679963899058964,0.5148640150685537,250096,47609,63950,0.1903629006461518,0.2557018105047661,173539,28948,12607,35002
P2,sen1floods11,dofa_upernet,F3,37,India_952728,IND,0.1132726073265075,0.4305869936943054,0.010075569152832,1.1433413419581484e-05,0.43716981576982,0.5924699081686189,0.4083333333333333,0.3416666666666667,0.4777777777777778,0.4092592592592592,0.43716981576982,0.5891120091665124,188716,5848,2101,0.0309883634667966,0.0111331312660293,181843,1025,4772,1076
P2,sen1floods11,dofa_upernet,F3,37,India_956930,IND,0.3135833144187927,0.8636513352394104,0.0074563026428222,3.3186694054165855e-05,0.4865296636583374,0.3078352578004261,0.3986111111111111,0.7944444444444444,0.5569444444444445,0.5833333333333334,0.4865296636583374,0.5810451176492301,237130,40096,19298,0.1690886855311432,0.0813815206848564,187672,9362,30160,9936
P2,sen1floods11,dofa_upernet,F3,37,India_979278,IND,0.4127995371818542,0.9707446694374084,0.0178837180137634,2.1966372514725663e-05,0.4107372198151588,0.4304516230785623,0.8847222222222222,0.8333333333333333,0.8569444444444445,0.8583333333333334,0.4107372198151588,0.7313992004858572,105990,5437,15298,0.0512972921973771,0.1443343711670912,89928,10625,764,4673
P2,sen1floods11,dofa_upernet,F3,37,India_981708,IND,0.1197723522782325,0.4553438425064087,0.0198876857757568,1.5629913832526654e-05,0.5286609998837398,0.552621122223009,0.6069444444444444,0.4138888888888888,0.7486111111111111,0.5898148148148148,0.5286609998837398,0.5697959776829055,219993,10346,3891,0.0470287690971985,0.0176869264022037,205849,3798,10253,93
P2,sen1floods11,dofa_upernet,F3,37,Paraguay_1019808,PRY,0.0467316545546054,0.2373158633708953,0.0088026523590087,4.574513695843052e-06,0.4755756150683691,0.8985289858940386,0.2333333333333333,0.1138888888888888,0.2444444444444444,0.1972222222222222,0.4755756150683691,0.5906719295397298,262144,5170,376,0.0197219848632812,0.001434326171875,256948,26,4820,350
P2,sen1floods11,dofa_upernet,F3,37,Paraguay_1029042,PRY,0.3762159347534179,0.9415606260299684,0.0126705765724182,1.669306766416412e-05,0.308207227185058,0.1191008058163224,0.7611111111111111,0.711111111111111,0.6944444444444444,0.7222222222222222,0.308207227185058,0.3999592857075638,223004,61197,98891,0.2744210866172804,0.4434494448530071,124029,37778,84,61113
P2,sen1floods11,dofa_upernet,F3,37,Paraguay_1029191,PRY,0.3546548783779144,0.9194276332855223,0.0134274959564208,2.524459159758408e-05,0.2673641120824402,0.1324661163189129,0.7708333333333333,0.7916666666666667,0.8347222222222223,0.799074074074074,0.2673641120824402,0.4127460338517336,253937,50336,80465,0.19822239374333,0.3168699323060444,173050,30551,422,49914
P2,sen1floods11,dofa_upernet,F3,37,Paraguay_1056717,PRY,0.2026765197515487,0.6620151996612549,0.0085001587867736,2.2087317120167427e-05,0.4310619511233657,0.2302346529400577,0.3847222222222222,0.6263888888888889,0.5638888888888889,0.525,0.4310619511233657,0.4571089571468352,262144,5046,19047,0.0192489624023437,0.0726585388183593,242068,15030,1029,4017
P2,sen1floods11,dofa_upernet,F3,37,Paraguay_1076204,PRY,0.1061152964830398,0.4157479405403137,0.010741651058197,9.876648618956096e-06,0.3632937190956288,0.2903522060990738,0.4361111111111111,0.2902777777777777,0.4625,0.3962962962962963,0.3632937190956288,0.437921382612439,262144,3029,8918,0.0115547180175781,0.0340194702148437,252942,6173,284,2745
P2,sen1floods11,dofa_upernet,F3,37,Paraguay_11869,PRY,0.0669977962970733,0.2922514975070953,0.0070940256118774,1.0512520930205936e-05,0.4526270561033184,0.6427358035240702,0.1361111111111111,0.2708333333333333,0.2375,0.2148148148148148,0.4526270561033184,0.5791542577640841,257933,222,1606,0.0008606886284422,0.0062264231408931,256272,1439,55,167
P2,sen1floods11,dofa_upernet,F3,37,Paraguay_126224,PRY,0.3567433655261993,0.9205077290534972,0.0084288120269775,3.294671842013486e-05,0.6867276459159889,0.2419901479965651,0.5249999999999999,0.8402777777777777,0.6375,0.6675925925925924,0.6867276459159889,0.5556807455315672,262144,144382,34541,0.5507736206054688,0.1317634582519531,108787,8975,118816,25566
P2,sen1floods11,dofa_upernet,F3,37,Paraguay_12870,PRY,0.1508730351924896,0.532636821269989,0.0139549374580383,1.0499394193175249e-05,0.5158576965332031,0.3546838805452277,0.5833333333333333,0.3583333333333333,0.5972222222222222,0.512962962962963,0.5158576965332031,0.5090652596114779,262144,0,8314,0.0,0.0317153930664062,253830,8314,0,0
P2,sen1floods11,dofa_upernet,F3,37,Paraguay_148318,PRY,0.0950937569141388,0.3746679425239563,0.0099400281906127,1.1658379662549123e-05,0.2885222283973055,0.4912924893295974,0.375,0.3194444444444445,0.475,0.3898148148148148,0.2885222283973055,0.5349125355090381,240076,2229,3850,0.0092845598893683,0.016036588413669,235834,2013,392,1837
P2,sen1floods11,dofa_upernet,F3,37,Paraguay_149787,PRY,0.3473133444786072,0.9113219976425172,0.0090988874435424,2.6098108719452284e-05,0.2705091508157838,0.1507521309280196,0.5708333333333333,0.7986111111111112,0.6416666666666666,0.6703703703703704,0.2705091508157838,0.4387077705915578,262144,40091,64455,0.1529350280761718,0.2458763122558593,196074,25979,1615,38476
P2,sen1floods11,dofa_upernet,F3,37,Paraguay_149830,PRY,0.0803186073899269,0.3326589465141296,0.0094214677810668,6.492527518275892e-06,0.3467204093810765,0.5340467906798918,0.3347222222222222,0.1916666666666666,0.3152777777777777,0.2805555555555556,0.3467204093810765,0.5470846741617275,260440,1907,2489,0.0073222239287359,0.0095569037014283,257098,1435,853,1054
P2,sen1floods11,dofa_upernet,F3,37,Paraguay_153941,PRY,0.0817189663648605,0.3534068465232849,0.0109914541244506,6.170911092340248e-06,0.50457763671875,0.6787143387556742,0.4291666666666667,0.1958333333333333,0.4055555555555555,0.3435185185185185,0.50457763671875,0.5941573891496764,262144,641,1759,0.0024452209472656,0.0067100524902343,259744,1759,641,0
P2,sen1floods11,dofa_upernet,F3,37,Paraguay_172476,PRY,0.2354504615068435,0.7355997562408447,0.0079544186592102,1.629075632081367e-05,0.4595013157388667,0.2612795632298752,0.3541666666666666,0.5472222222222222,0.4041666666666667,0.4351851851851851,0.4595013157388667,0.5053089779729094,262143,2815,18352,0.010738413766532,0.070007591276517,243612,15716,179,2636
P2,sen1floods11,dofa_upernet,F3,37,Paraguay_179624,PRY,0.1132639870047569,0.4520919322967529,0.0166802406311035,4.331823674874613e-06,0.502340629280185,0.8017357527454774,0.5722222222222222,0.1916666666666666,0.4916666666666667,0.4185185185185185,0.502340629280185,0.6369041406981888,262109,42,1185,0.000160238679328,0.0045210198810418,260882,1185,42,0
P2,sen1floods11,dofa_upernet,F3,37,Paraguay_191503,PRY,0.1330268681049347,0.4632138013839721,0.0087996125221252,6.036171271261992e-06,0.5085296630859375,0.5353830706683207,0.3097222222222222,0.2222222222222222,0.2597222222222222,0.2638888888888889,0.5085296630859375,0.5671250408441768,262144,90,4382,0.0003433227539062,0.0167160034179687,257672,4382,90,0
P2,sen1floods11,dofa_upernet,F3,37,Paraguay_198534,PRY,0.2349636703729629,0.7364961504936218,0.0099731683731079,1.4339479093905538e-05,0.547084972402257,0.1807679421507857,0.5208333333333334,0.4916666666666667,0.5152777777777778,0.5092592592592593,0.547084972402257,0.4029224361228559,195487,0,18409,0.0,0.0941699448045138,177078,18409,0,0
P2,sen1floods11,dofa_upernet,F3,37,Paraguay_205585,PRY,0.0286070182919502,0.1854079365730285,0.0105149745941162,3.422512691031443e-06,0.0,0.999999999974752,0.3208333333333333,0.0208333333333333,0.3083333333333333,0.2166666666666666,0.0,0.6483757775692125,262144,0,0,0.0,0.0,262144,0,0,0
P2,sen1floods11,dofa_upernet,F3,37,Paraguay_212687,PRY,0.0351892262697219,0.2163844257593155,0.0240215063095092,3.488295078568626e-06,0.5291976928710938,0.9999999999763498,0.5,0.0291666666666666,0.4875,0.3388888888888888,0.5291976928710938,0.6788790797590805,262144,15308,0,0.0583953857421875,0.0,246836,0,15308,0
P2,sen1floods11,dofa_upernet,F3,37,Paraguay_215904,PRY,0.1032581031322479,0.4077241420745849,0.0112825036048889,7.795595593051985e-06,0.5104061721194124,0.4413024135445867,0.4513888888888889,0.2486111111111111,0.4361111111111111,0.3787037037037037,0.5104061721194124,0.5426480962377773,226308,0,4710,0.0,0.0208123442388249,221598,4710,0,0
P2,sen1floods11,dofa_upernet,F3,37,Paraguay_224845,PRY,0.2433992177248001,0.7443996071815491,0.0259056687355041,3.003410529345274e-05,0.5001202848344881,0.7149142108564114,0.7486111111111111,0.7125,0.9472222222222224,0.8027777777777777,0.5001202848344881,0.7106438262961637,103920,0,25,0.0,0.0002405696689761,103895,25,0,0
P2,sen1floods11,dofa_upernet,F3,37,Paraguay_225187,PRY,0.391492635011673,0.9546438455581664,0.016724944114685,2.2166625058162023e-05,0.5868825214987907,0.2397128851989685,0.8333333333333333,0.8,0.8388888888888889,0.8240740740740741,0.5868825214987907,0.5765171691476129,262144,47,45701,0.0001792907714843,0.1743354797363281,216422,45675,21,26
P2,sen1floods11,dofa_upernet,F3,37,Paraguay_232281,PRY,0.1237075701355934,0.4381020069122314,0.0126588940620422,2.2818174329586327e-05,0.5608182035629354,0.586284903463199,0.5083333333333333,0.5597222222222222,0.7958333333333334,0.6212962962962963,0.5608182035629354,0.5921506836859356,261391,29404,3349,0.1124904836050208,0.0128122238332612,228735,3252,29307,97
P2,sen1floods11,dofa_upernet,F3,37,Paraguay_24341,PRY,0.3916842341423034,0.9554593563079834,0.0097895264625549,1.3722303265240043e-05,0.3162144350331179,0.1222666714635957,0.6625,0.6319444444444444,0.4916666666666666,0.5953703703703703,0.3162144350331179,0.4068802129571581,262144,68353,109848,0.2607460021972656,0.419036865234375,150583,43208,1713,66640
P2,sen1floods11,dofa_upernet,F3,37,Paraguay_246154,PRY,0.033009860664606,0.2054807096719741,0.008133053779602,3.473794549790909e-06,0.5000686645507812,0.999999999975371,0.15,0.025,0.1416666666666666,0.1055555555555555,0.5000686645507812,0.6595188258418,262144,36,0,0.0001373291015625,0.0,262108,0,36,0
P2,sen1floods11,dofa_upernet,F3,37,Paraguay_247656,PRY,0.1948423981666565,0.6416035294532776,0.0136816501617431,2.0739547835546546e-05,0.200073707761168,0.1527844086960285,0.6263888888888889,0.6055555555555555,0.8013888888888889,0.6777777777777777,0.200073707761168,0.3461618589955756,262144,20976,30813,0.08001708984375,0.1175422668457031,230679,10489,652,20324
P2,sen1floods11,dofa_upernet,F3,37,Paraguay_252217,PRY,0.0465344712138175,0.2510531544685364,0.00919109582901,4.501785497268429e-06,0.5011337957134703,0.92503699701638,0.2694444444444444,0.1069444444444444,0.2736111111111111,0.2166666666666666,0.5011337957134703,0.6053551357035526,255778,300,280,0.001172892117383,0.0010946993095575,255198,280,300,0
P2,sen1floods11,dofa_upernet,F3,37,Paraguay_271769,PRY,0.3997606933116913,0.9615943431854248,0.0124362111091613,3.475959965726361e-05,0.5841655194170251,0.2227944135292259,0.7694444444444444,0.9013888888888888,0.8430555555555554,0.8379629629629629,0.5841655194170251,0.5830864175341741,262144,2613,54452,0.0099678039550781,0.2077178955078125,207053,52478,639,1974
P2,sen1floods11,dofa_upernet,F3,37,Paraguay_280900,PRY,0.2554936110973358,0.7717320322990417,0.0097614526748657,2.6095574867213145e-05,0.4221133064826872,0.2402560596262284,0.5402777777777777,0.7138888888888889,0.6958333333333333,0.65,0.4221133064826872,0.4995336358324831,262142,6585,22107,0.0251199731443263,0.0843321558544605,238744,16813,1291,5294
P2,sen1floods11,dofa_upernet,F3,37,Paraguay_284928,PRY,0.1877995729446411,0.6097539663314819,0.0122102499008178,2.3287277144845572e-05,0.5086678552845031,0.5830284094826261,0.5513888888888888,0.6194444444444445,0.7791666666666666,0.6499999999999999,0.5086678552845031,0.6313204912925411,261368,0,4531,0.0,0.0173357105690061,256837,4531,0,0
P2,sen1floods11,dofa_upernet,F3,37,Paraguay_305760,PRY,0.0369303897023201,0.2203906923532486,0.0101678371429443,3.7538363812927855e-06,0.5835247039794922,0.9999999999761682,0.3013888888888889,0.0625,0.3055555555555556,0.2231481481481481,0.5835247039794922,0.6846930173747605,262144,43791,0,0.1670494079589843,0.0,218353,0,43791,0
P2,sen1floods11,dofa_upernet,F3,37,Paraguay_339807,PRY,0.4162132740020752,0.9729453921318054,0.0090007781982421,2.2253319912124425e-05,0.325379546111308,0.1462893543265734,0.6430555555555555,0.8458333333333333,0.6027777777777777,0.6972222222222223,0.325379546111308,0.4901853826744794,214619,58043,91945,0.2704466985681603,0.4284103457755371,120378,36198,2296,55747
P2,sen1floods11,dofa_upernet,F3,37,Paraguay_36015,PRY,0.2603190541267395,0.7773020267486572,0.0164842009544372,1.2255993169674184e-05,0.5333315531073209,0.2855721118205877,0.7152777777777778,0.4930555555555556,0.65,0.6194444444444445,0.5333315531073209,0.5297112053683153,262139,0,17475,0.0,0.0666631062146418,244664,17475,0,0
P2,sen1floods11,dofa_upernet,F3,37,Paraguay_36146,PRY,0.0484404042363166,0.2569828927516937,0.0056813359260559,3.937125256925356e-06,0.0,0.9999999999773724,0.0597222222222222,0.0916666666666666,0.0486111111111111,0.0666666666666666,0.0,0.6993646025813179,262144,0,0,0.0,0.0,262144,0,0,0
P2,sen1floods11,dofa_upernet,F3,37,Paraguay_403081,PRY,0.0476051494479179,0.2428261488676071,0.0083228349685668,7.010217359493254e-06,0.2497232085922454,0.6170268655198872,0.2083333333333333,0.1458333333333333,0.2513888888888889,0.2018518518518518,0.2497232085922454,0.5412346557523146,249836,1202,1611,0.0048111561184136,0.0064482300389055,247966,668,259,943
P2,sen1floods11,dofa_upernet,F3,37,Paraguay_40936,PRY,0.1102316081523895,0.4160798192024231,0.0106581449508667,6.9148159127507824e-06,0.5027004936586,0.8097140974263732,0.4361111111111111,0.2263888888888889,0.3986111111111111,0.3537037037037037,0.5027004936586,0.6347132926369645,215331,0,1163,0.0,0.0054009873172,214168,1163,0,0
P2,sen1floods11,dofa_upernet,F3,37,Paraguay_44682,PRY,0.0738615021109581,0.307902991771698,0.0180068612098693,4.834623723581899e-06,0.3971935637302987,0.6948858948821779,0.5513888888888889,0.1513888888888889,0.525,0.4092592592592592,0.3971935637302987,0.5894019613476876,262144,1309,1503,0.0049934387207031,0.0057334899902343,259825,1010,816,493
P2,sen1floods11,dofa_upernet,F3,37,Paraguay_470303,PRY,0.0955092906951904,0.3800093233585357,0.0153122544288635,9.117727131524587e-06,0.3880399042119787,0.4662993403431087,0.5291666666666667,0.2597222222222222,0.5694444444444444,0.4527777777777778,0.3880399042119787,0.5285377948596484,262144,10446,4270,0.0398483276367187,0.0162887573242187,250441,1257,7433,3013
P2,sen1floods11,dofa_upernet,F3,37,Paraguay_482517,PRY,0.290594220161438,0.8332701325416565,0.0134907364845275,1.665114723437e-05,0.185434021431748,0.1316257220387126,0.7166666666666667,0.6319444444444444,0.7291666666666666,0.6925925925925925,0.185434021431748,0.3757489785555226,259600,47452,60544,0.182788906009245,0.2332203389830508,196566,15582,2490,44962
P2,sen1floods11,dofa_upernet,F3,37,Paraguay_48673,PRY,0.1372487246990203,0.4921089708805084,0.0113155841827392,9.629407031752636e-06,0.5072212219238281,0.572087173829537,0.475,0.3027777777777778,0.4805555555555555,0.4194444444444444,0.5072212219238281,0.5855092358162678,262144,133,3653,0.0005073547363281,0.0139350891113281,258358,3653,133,0
P2,sen1floods11,dofa_upernet,F3,37,Paraguay_511199,PRY,0.2103657573461532,0.671504557132721,0.0081628561019897,1.1697066838678438e-05,0.4069157573695177,0.4994562451959694,0.3611111111111111,0.4333333333333333,0.3472222222222222,0.3805555555555556,0.4069157573695177,0.6096084476890765,262144,11544,6607,0.044036865234375,0.0252037048339843,247388,3212,8149,3395
P2,sen1floods11,dofa_upernet,F3,37,Paraguay_54421,PRY,0.0577147305011749,0.2893713116645813,0.0072135925292968,6.0824745560239535e-06,0.5023860931396484,0.7100452237378084,0.1486111111111111,0.1708333333333333,0.15,0.1564814814814814,0.5023860931396484,0.5925407047380896,262144,40,1211,0.000152587890625,0.0046195983886718,260893,1211,40,0
P2,sen1floods11,dofa_upernet,F3,37,Paraguay_581976,PRY,0.315968245267868,0.8725224137306213,0.0087724328041076,2.851330464181956e-05,0.6718827268434766,0.2151269304897568,0.4916666666666666,0.7736111111111111,0.6291666666666667,0.6314814814814814,0.6718827268434766,0.5050074048344687,261748,148589,34390,0.5676796002261717,0.1313859131683909,108116,5043,119242,29347
P2,sen1floods11,dofa_upernet,F3,37,Paraguay_59731,PRY,0.1276788115501403,0.4612095057964325,0.00774747133255,2.053471507679205e-05,0.324804611119829,0.3053169031837734,0.2333333333333333,0.5180555555555556,0.4791666666666667,0.4101851851851852,0.324804611119829,0.4603977295082362,255656,2770,7483,0.0108348718590606,0.0292698000438088,248167,4719,6,2764
P2,sen1floods11,dofa_upernet,F3,37,Paraguay_605682,PRY,0.3219155967235565,0.8778067231178284,0.0084722638130187,1.856661401689053e-05,0.4395698528328902,0.2090203006810057,0.4833333333333333,0.6805555555555556,0.5194444444444444,0.5611111111111111,0.4395698528328902,0.5063853590752105,262144,75440,36854,0.28778076171875,0.1405868530273437,179084,7620,46206,29234
P2,sen1floods11,dofa_upernet,F3,37,Paraguay_62897,PRY,0.1421476006507873,0.5297399759292603,0.0149349570274353,5.721819889004109e-06,0.5590292717512679,0.5864638269528935,0.5916666666666667,0.2472222222222222,0.4944444444444444,0.4444444444444444,0.5590292717512679,0.6109767450934351,262144,41142,3457,0.1569442749023437,0.0131874084472656,219261,1741,39426,1716
P2,sen1floods11,dofa_upernet,F3,37,Paraguay_648632,PRY,0.1029110252857208,0.4120629727840423,0.0088113546371459,9.225170288118534e-06,0.4805341669802121,0.506205570459545,0.3138888888888889,0.2819444444444444,0.3319444444444445,0.3092592592592593,0.4805341669802121,0.5486550992064725,262144,18394,3801,0.0701675415039062,0.0144996643066406,242107,1643,16236,2158
P2,sen1floods11,dofa_upernet,F3,37,Paraguay_651904,PRY,0.1770465224981308,0.6009241938591003,0.0099433064460754,1.450337549613323e-05,0.2594380919898127,0.1451832149581032,0.4527777777777778,0.4305555555555556,0.5083333333333333,0.4638888888888888,0.2594380919898127,0.3203492624495989,262144,27156,30966,0.1035919189453125,0.1181259155273437,224666,10322,6512,20644
P2,sen1floods11,dofa_upernet,F3,37,Paraguay_657443,PRY,0.4131583571434021,0.971050262451172,0.013853907585144,2.6856518161366694e-05,0.3533562217857454,0.1378717123458817,0.8416666666666666,0.8736111111111111,0.8541666666666666,0.8564814814814814,0.3533562217857454,0.4566833710123122,262144,64974,114429,0.2478561401367187,0.4365119934082031,146657,50513,1058,63916
P2,sen1floods11,dofa_upernet,F3,37,Paraguay_683296,PRY,0.115258865058422,0.4377305805683136,0.0080336928367614,1.320200135523919e-05,0.2929090576154771,0.2480363102539088,0.261111111111111,0.35,0.3388888888888889,0.3166666666666666,0.2929090576154771,0.4192583756217196,259578,7409,11417,0.0285424804875605,0.0439829261339558,246530,5639,1631,5778
P2,sen1floods11,dofa_upernet,F3,37,Paraguay_721886,PRY,0.3319437801837921,0.8889012932777405,0.0085395574569702,4.0187496779253706e-05,0.4425609199986747,0.2504601809869256,0.5041666666666667,0.8305555555555556,0.6569444444444444,0.6638888888888889,0.4425609199986747,0.5616669515013326,261426,10917,28465,0.0417594271419063,0.1088835846472806,229010,21499,3951,6966
P2,sen1floods11,dofa_upernet,F3,37,Paraguay_76868,PRY,0.2984992265701294,0.8446075320243835,0.0088319778442382,1.800337849999778e-05,0.3079413695987941,0.1870806676407057,0.4958333333333333,0.663888888888889,0.5319444444444446,0.563888888888889,0.3079413695987941,0.4730912157661427,262121,17683,36611,0.0674612106622514,0.1396721361508616,225062,19376,448,17235
P2,sen1floods11,dofa_upernet,F3,37,Paraguay_7894,PRY,0.0295335557311773,0.189470037817955,0.0093320608139038,3.434490054132766e-06,0.0,0.9999999999753468,0.2458333333333333,0.0208333333333333,0.2333333333333333,0.1666666666666666,0.0,0.6594607619974798,202187,0,0,0.0,0.0,202187,0,0,0
P2,sen1floods11,dofa_upernet,F3,37,Paraguay_790830,PRY,0.2651395797729492,0.790703535079956,0.0111225843429565,1.466171488573309e-05,0.2190833981668997,0.1412430004324402,0.6027777777777779,0.5263888888888889,0.5625,0.563888888888889,0.2190833981668997,0.3776606475576927,261199,31947,48331,0.1223090440621901,0.1850351647594363,212213,17039,655,31292
P2,sen1floods11,dofa_upernet,F3,37,Paraguay_791364,PRY,0.0330559946596622,0.2056066244840622,0.0098090767860412,3.4646930089365924e-06,0.5023038569545533,0.9999999999755316,0.2777777777777777,0.025,0.2694444444444444,0.1907407407407407,0.5023038569545533,0.6595188258418,261735,1206,0,0.0046077139091065,0.0,260529,0,1206,0
P2,sen1floods11,dofa_upernet,F3,37,Paraguay_792268,PRY,0.0947618037462234,0.3906761109828949,0.007919430732727,1.0037215361080598e-05,0.3497902830531304,0.6976297472485291,0.2263888888888888,0.2791666666666667,0.2638888888888888,0.2564814814814815,0.3497902830531304,0.6116887222077945,262120,1346,1680,0.0051350526476423,0.0064092781931939,259804,970,636,710
P2,sen1floods11,dofa_upernet,F3,37,Paraguay_795075,PRY,0.080598346889019,0.3378717303276062,0.0086483359336853,1.2915362276544329e-05,0.3046170107094468,0.3935771615965714,0.2791666666666667,0.3236111111111111,0.3833333333333333,0.3287037037037037,0.3046170107094468,0.4961731538544224,262138,3421,4948,0.0130503780451517,0.0188755540974601,256179,2538,1011,2410
P2,sen1floods11,dofa_upernet,F3,37,Paraguay_80102,PRY,0.0282660201191902,0.1840792745351791,0.0100035071372985,3.4204363146272958e-06,0.5000419618299936,0.9999999999748738,0.2847222222222222,0.0166666666666666,0.2763888888888889,0.1925925925925926,0.5000419618299936,0.645643000294333,262143,22,0,8.392365998710627e-05,0.0,262121,0,22,0
P2,sen1floods11,dofa_upernet,F3,37,Paraguay_822142,PRY,0.4284411966800689,0.9803259968757628,0.0094057321548461,2.470927756803576e-05,0.3444636093652402,0.146811265530643,0.6902777777777778,0.888888888888889,0.6569444444444446,0.7453703703703703,0.3444636093652402,0.5023758005982115,262144,80190,125106,0.3059005737304687,0.4772415161132812,133293,48661,3745,76445
P2,sen1floods11,dofa_upernet,F3,37,Paraguay_868895,PRY,0.2904490232467651,0.8303126096725464,0.0087434649467468,2.7262447474640797e-05,0.4188044431589369,0.1960104831527225,0.4680555555555555,0.7458333333333333,0.625,0.612962962962963,0.4188044431589369,0.4783786186708976,175465,15787,18294,0.0899723591599464,0.1042601088536175,148780,10898,8391,7396
P2,sen1floods11,dofa_upernet,F3,37,Paraguay_892933,PRY,0.2470949292182922,0.7469574213027954,0.0071466565132141,1.6248646716121584e-05,0.5139058868149972,0.369027402153367,0.3083333333333333,0.5555555555555556,0.35,0.4046296296296296,0.5139058868149972,0.5661994546640052,262144,26570,12281,0.1013565063476562,0.0468482971191406,226697,8877,23166,3404
P2,sen1floods11,dofa_upernet,F3,37,Paraguay_896458,PRY,0.3566921055316925,0.9211694002151488,0.0115461349487304,2.1679181372746825e-05,0.223812321636272,0.1375064626702583,0.7027777777777777,0.7583333333333333,0.7333333333333334,0.7314814814814814,0.223812321636272,0.4122815230971721,240678,49299,68379,0.2048338443895994,0.2841098895619874,170289,21090,2010,47289
P2,sen1floods11,dofa_upernet,F3,37,Paraguay_913449,PRY,0.2927356958389282,0.8360957503318787,0.0080925226211547,1.853576031862758e-05,0.4512372688443427,0.240080664820195,0.4430555555555555,0.6680555555555556,0.4916666666666667,0.5342592592592593,0.4512372688443427,0.5185094987023957,262144,5517,26215,0.0210456848144531,0.1000022888183593,235315,21312,614,4903
P2,sen1floods11,dofa_upernet,F3,37,Paraguay_921838,PRY,0.2311526238918304,0.7190180420875549,0.0146663784980773,1.6936248357524164e-05,0.4910282772387445,0.3788851874010107,0.6597222222222222,0.5625,0.7416666666666667,0.6546296296296296,0.4910282772387445,0.5722248506580361,262144,7350,11114,0.0280380249023437,0.0423965454101562,245023,9771,6007,1343
P2,sen1floods11,dofa_upernet,F3,37,Paraguay_934240,PRY,0.045468520373106,0.2561251819133758,0.0158315300941467,3.684526745928451e-06,0.5388298034667969,0.9999999999778324,0.4708333333333333,0.0722222222222222,0.4402777777777777,0.3277777777777778,0.5388298034667969,0.6990936379744904,262144,20358,0,0.0776596069335937,0.0,241786,0,20358,0
P2,sen1floods11,dofa_upernet,F3,37,Paraguay_989230,PRY,0.3702976107597351,0.9353981018066406,0.0102939009666442,2.707606108742766e-05,0.2285129006369199,0.1548658381529238,0.6611111111111111,0.8236111111111111,0.7236111111111111,0.736111111111111,0.2285129006369199,0.4552974995938497,219924,36591,52319,0.166380204070497,0.237895818555501,165916,17417,1689,34902
P2,sen1floods11,dofa_upernet,F3,37,Paraguay_997480,PRY,0.0894506275653839,0.3739697933197021,0.0090090632438659,8.306790732603986e-06,0.3537413271109429,0.3251410458894961,0.3097222222222222,0.2305555555555555,0.3208333333333333,0.287037037037037,0.3537413271109429,0.4505364569515353,262144,19947,6976,0.0760917663574218,0.026611328125,242112,85,13056,6891
P2,sen1floods11,dofa_upernet,F3,37,Somalia_1068756,SOM,0.4156408607959747,0.9727408289909364,0.0106419920921325,4.764832192449831e-05,0.5955446150711341,0.185949370159126,0.7388888888888889,0.9263888888888888,0.7958333333333334,0.8203703703703704,0.5955446150711341,0.5450784404209772,171193,6495,41815,0.0379396353822878,0.2442564824496328,125713,38985,3665,2830
P2,sen1floods11,dofa_upernet,F3,37,Somalia_1087508,SOM,0.4092493951320648,0.9679526686668396,0.008163034915924,6.972021947149187e-05,0.5144855917965855,0.2268717350442346,0.5638888888888889,0.9263888888888888,0.6375,0.7092592592592593,0.5144855917965855,0.5914589408917731,212943,10021,42658,0.0470595417553054,0.2003259088112781,167428,35494,2857,7164
P2,sen1floods11,dofa_upernet,F3,37,Somalia_12849,SOM,0.437311053276062,0.9848504066467284,0.0108054876327514,4.604705463862047e-05,0.6205909127863299,0.1455926183854549,0.7736111111111111,0.9611111111111112,0.7958333333333334,0.8435185185185187,0.6205909127863299,0.5087316674275466,191302,37192,92758,0.1944151132763902,0.484877314403404,86417,67693,12127,25065
P2,sen1floods11,dofa_upernet,F3,37,Somalia_166342,SOM,0.1356182396411895,0.5140567421913147,0.0124370455741882,1.0780573575175367e-05,0.5039328669806915,0.7503122343269689,0.523611111111111,0.3583333333333333,0.5458333333333333,0.4759259259259258,0.5039328669806915,0.654190338557817,220577,12,1723,5.4402770914465245e-05,0.0078113311904686,218842,1723,12,0
P2,sen1floods11,dofa_upernet,F3,37,Somalia_167787,SOM,0.4039262235164642,0.9644047021865844,0.0069495439529418,4.038660335936584e-05,0.5807762542713465,0.2575918576374172,0.4736111111111111,0.913888888888889,0.5430555555555556,0.6435185185185185,0.5807762542713465,0.6218649892130554,220505,225,37133,0.0010203850252828,0.1683998095281286,183370,36910,2,223
P2,sen1floods11,dofa_upernet,F3,37,Somalia_195014,SOM,0.07411939650774,0.309325635433197,0.0092400312423706,7.125143383746035e-06,0.5041087096083886,0.6482879592447803,0.3111111111111111,0.1875,0.3125,0.2703703703703703,0.5041087096083886,0.583342407738799,233650,0,1920,0.0,0.0082174192167772,231730,1920,0,0
P2,sen1floods11,dofa_upernet,F3,37,Somalia_205466,SOM,0.1876366436481475,0.6197303533554077,0.0110466480255126,1.559127849759534e-05,0.5085262180162693,0.5177166363999448,0.5222222222222223,0.4805555555555555,0.5972222222222223,0.5333333333333333,0.5085262180162693,0.607977921866843,240083,93,4001,0.0003873660359125,0.0166650699966261,235989,4001,93,0
P2,sen1floods11,dofa_upernet,F3,37,Somalia_230192,SOM,0.4043013155460357,0.9645779132843018,0.0111229419708251,3.700614615809173e-05,0.6063583770466547,0.2253399526690146,0.7416666666666667,0.9097222222222222,0.8069444444444445,0.8194444444444445,0.6063583770466547,0.5885519720839332,232522,58,49662,0.0002494387627837,0.2135797902994125,182842,49622,18,40
P2,sen1floods11,dofa_upernet,F3,37,Somalia_256539,SOM,0.2669247388839721,0.7864958047866821,0.0048590302467346,2.795846012304537e-05,0.5185800351624115,0.4460031537503893,0.2833333333333333,0.7388888888888889,0.4555555555555556,0.4925925925925926,0.5185800351624115,0.6466615298964394,221259,23,8199,0.0001039505737619,0.0370561197510609,213037,8199,23,0
P2,sen1floods11,dofa_upernet,F3,37,Somalia_295782,SOM,0.3956887125968933,0.9579614996910096,0.0096807479858398,3.3840304240584373e-05,0.5047109033949359,0.2397368570865075,0.6583333333333333,0.8819444444444444,0.7291666666666666,0.7564814814814814,0.5047109033949359,0.5830085182803617,203048,16239,42105,0.0799761632717387,0.2073647610417241,154185,32624,6758,9481
P2,sen1floods11,dofa_upernet,F3,37,Somalia_322855,SOM,0.3454886376857757,0.9092040657997132,0.0060139298439025,1.5987272490747273e-05,0.3166765998089142,0.1976541316761163,0.3763888888888889,0.6625,0.3111111111111111,0.45,0.3166765998089142,0.5217958989604816,255044,44737,41697,0.1754089490440865,0.1634894371167328,197246,13061,16101,28636
P2,sen1floods11,dofa_upernet,F3,37,Somalia_32375,SOM,0.4005446434020996,0.9616028070449828,0.0111772418022155,5.0600821850821376e-05,0.593715760882737,0.2577297512269668,0.7333333333333334,0.9138888888888888,0.8194444444444444,0.8222222222222223,0.593715760882737,0.6165155623519368,133568,1,25041,7.486823191183517e-06,0.1874775395304264,108527,25040,0,1
P2,sen1floods11,dofa_upernet,F3,37,Somalia_371421,SOM,0.3912070989608764,0.9541565775871276,0.0091009140014648,3.276599818491377e-05,0.6001233035592413,0.2415797477721799,0.6041666666666666,0.8736111111111111,0.6833333333333333,0.7203703703703703,0.6001233035592413,0.5775429637306029,230962,34678,37543,0.1501459114486365,0.1625505494410336,163772,32512,29647,5031
P2,sen1floods11,dofa_upernet,F3,37,Somalia_60129,SOM,0.2292098104953766,0.7110517621040344,0.0110828280448913,1.5181981325440574e-05,0.5106395754218136,0.4571847416858421,0.5597222222222222,0.4958333333333333,0.575,0.5435185185185185,0.5106395754218136,0.6156357668619827,222316,677,5344,0.003045214919304,0.0240378560247575,216328,5311,644,33
P2,sen1floods11,dofa_upernet,F3,37,Somalia_61368,SOM,0.0381776764988899,0.2295208275318145,0.0125865340232849,3.641225248429691e-06,0.0,0.9999999999769474,0.3972222222222222,0.0541666666666666,0.3847222222222222,0.2787037037037037,0.0,0.6872516031166794,212969,0,0,0.0,0.0,212969,0,0,0
P2,sen1floods11,dofa_upernet,F3,37,Somalia_626316,SOM,0.4217867255210876,0.97651606798172,0.0080925226211547,3.850491339107976e-05,0.6032358744197135,0.1448204606524823,0.5875,0.9458333333333334,0.625,0.7194444444444444,0.6032358744197135,0.498711484086322,169085,21727,84139,0.1284975012567643,0.4976136262826389,83316,64042,1630,20097
P2,sen1floods11,dofa_upernet,F3,37,Somalia_649376,SOM,0.3995175063610077,0.9609870910644532,0.0087251663208007,4.437060124473646e-05,0.5888739613984608,0.2208201122771241,0.5833333333333333,0.9055555555555556,0.6611111111111112,0.7166666666666667,0.5888739613984608,0.5739069943549382,213929,5187,46190,0.0242463621107937,0.2159127561013233,164731,44011,3008,2179
P2,sen1floods11,dofa_upernet,F3,37,Somalia_685158,SOM,0.3593401610851288,0.9226309061050416,0.0063271522521972,3.377413668204099e-05,0.4220496656477792,0.2924071636694704,0.3972222222222222,0.8444444444444443,0.5055555555555555,0.5824074074074074,0.4220496656477792,0.6027534605195162,184172,25254,18816,0.1371218209065438,0.1021653671567882,150114,8804,15242,10012
P2,sen1floods11,dofa_upernet,F3,37,Somalia_699062,SOM,0.2533669769763946,0.7667458653450012,0.0085040926933288,1.291073567699641e-05,0.4671449584270117,0.4355051371841413,0.4333333333333333,0.4861111111111111,0.375,0.4314814814814815,0.4671449584270117,0.6360064208595233,203209,3290,5878,0.0161902277950287,0.0289258841882003,194894,5025,2437,853
P2,sen1floods11,dofa_upernet,F3,37,Somalia_7931,SOM,0.0397047586739063,0.2315926849842071,0.0086022615432739,3.5716398087970447e-06,0.0,0.9999999999765912,0.2097222222222222,0.0569444444444444,0.1777777777777777,0.1481481481481481,0.0,0.6944228814943842,201972,0,0,0.0,0.0,201972,0,0,0
P2,sen1floods11,dofa_upernet,F3,37,Somalia_886726,SOM,0.3780733644962311,0.9428675770759584,0.0077750086784362,3.5572451452026144e-05,0.3773444681136856,0.1697204005249344,0.4861111111111111,0.8763888888888889,0.5847222222222221,0.649074074074074,0.3773444681136856,0.4890948628870257,262036,82995,65085,0.3167312888305423,0.2483819017234273,162347,16694,34604,48391
P2,sen1floods11,dofa_upernet,F3,37,Somalia_93023,SOM,0.3113018274307251,0.8640957474708557,0.0135234594345092,2.447713450237643e-05,0.5305497138293624,0.3250483449190746,0.725,0.7458333333333333,0.8347222222222223,0.7685185185185185,0.5305497138293624,0.5914526905604286,187825,0,11476,0.0,0.0610994276587248,176349,11476,0,0
P2,sen1floods11,dofa_upernet,F3,37,Somalia_94102,SOM,0.2393682301044464,0.7418665885925293,0.0074566006660461,1.552956018713303e-05,0.2465008122204335,0.26892627065658,0.3291666666666666,0.5222222222222223,0.3541666666666667,0.4018518518518518,0.2465008122204335,0.5105030871211219,241360,12694,17858,0.0525936360623135,0.0739890619821014,221597,7069,1905,10789
P2,sen1floods11,dofa_upernet,F3,37,Somalia_970508,SOM,0.4110541641712188,0.969848334789276,0.0066884756088256,3.427687624935061e-05,0.6162181691214532,0.1714149716482147,0.4708333333333333,0.9138888888888888,0.5319444444444444,0.6388888888888888,0.6162181691214532,0.5136898583609408,217119,38112,75703,0.1755350752352396,0.3486705447243217,119846,59161,21570,16542
P2,sen1floods11,dofa_upernet,F3,37,Somalia_989553,SOM,0.3718796074390411,0.9372146725654602,0.0096800327301025,1.4859002476441674e-05,0.5920555197954724,0.1463858984958522,0.6333333333333333,0.6361111111111111,0.5083333333333333,0.5925925925925926,0.5920555197954724,0.4471421343853076,110303,2307,18001,0.0209151156360207,0.1631959239549241,89995,18001,2307,0
P2,sen1floods11,dofa_upernet,F3,37,Somalia_992457,SOM,0.0832609385251998,0.3612599968910217,0.0131826996803283,7.701582035224419e-06,0.4828369759538511,0.8007869330060455,0.5166666666666667,0.2194444444444444,0.5166666666666666,0.4175925925925925,0.4828369759538511,0.6203513812667814,181140,7852,997,0.0433476868720326,0.0055040300320194,172919,369,7224,628
P2,sen1floods11,dofa_upernet,F3,37,Sri-Lanka_101973,LKA,0.1247924864292144,0.4582569301128387,0.0051429271697998,1.0325156836188398e-05,0.4744985158903815,0.5368956890585854,0.1361111111111111,0.3180555555555555,0.1819444444444444,0.212037037037037,0.4744985158903815,0.5684605092635411,262143,2958,4068,0.0112839175564481,0.0155182476739794,255602,3583,2473,485
P2,sen1floods11,dofa_upernet,F3,37,Sri-Lanka_1038087,LKA,0.1495674550533294,0.5244629383087158,0.0060637593269348,1.2263381904631387e-05,0.4533562605024618,0.4241962160140675,0.1847222222222222,0.3861111111111111,0.2263888888888889,0.2657407407407408,0.4533562605024618,0.5593347818341491,262143,18112,6307,0.069092060440294,0.0240593874335763,241118,2913,14718,3394
P2,sen1floods11,dofa_upernet,F3,37,Sri-Lanka_1049830,LKA,0.1851499527692794,0.6180538535118103,0.0080605149269104,1.7379739801981486e-05,0.3737164818863623,0.3913211994713081,0.3277777777777778,0.5333333333333333,0.4555555555555555,0.4388888888888889,0.3737164818863623,0.5588309673010289,190233,2577,6128,0.0135465455520335,0.0322131281113161,183425,4231,680,1897
P2,sen1floods11,dofa_upernet,F3,37,Sri-Lanka_117737,LKA,0.144695833325386,0.5488945245742798,0.010726511478424,9.572892849973869e-06,0.4613274728813915,0.6996578417392237,0.4805555555555555,0.3305555555555555,0.4583333333333333,0.4231481481481481,0.4613274728813915,0.653610180909334,262144,6731,2124,0.0256767272949218,0.0081024169921875,254129,1284,5891,840
P2,sen1floods11,dofa_upernet,F3,37,Sri-Lanka_120804,LKA,0.0938109084963798,0.3847015798091888,0.0054474472999572,8.96617984835757e-06,0.4619280161941412,0.6213285633028094,0.1166666666666666,0.2597222222222222,0.1430555555555555,0.1731481481481481,0.4619280161941412,0.5847255779091616,262144,6958,2380,0.0265426635742187,0.0090789794921875,253694,1492,6070,888
P2,sen1floods11,dofa_upernet,F3,37,Sri-Lanka_132922,LKA,0.1125260218977928,0.443078875541687,0.0071015357971191,7.70534279581625e-06,0.521957682227451,0.8691692295081412,0.1875,0.2458333333333333,0.1611111111111111,0.1981481481481481,0.521957682227451,0.6468964576979075,262144,17843,829,0.0680656433105468,0.0031623840332031,243911,390,17404,439
P2,sen1floods11,dofa_upernet,F3,37,Sri-Lanka_135713,LKA,0.0433744490146636,0.2493296712636947,0.0254690051078796,3.872119123116136e-06,0.5000521104742053,0.9968331684217886,0.5430555555555556,0.0847222222222222,0.525,0.3842592592592593,0.5000521104742053,0.6456904047708253,134330,0,14,0.0,0.0001042209484106,134316,14,0,0
P2,sen1floods11,dofa_upernet,F3,37,Sri-Lanka_14484,LKA,0.1199643239378929,0.4590851068496704,0.0084398984909057,1.1621897101576906e-05,0.5649905610196242,0.625317047691511,0.2972222222222221,0.3458333333333333,0.3708333333333333,0.3379629629629629,0.5649905610196242,0.6076450470579449,232015,38866,2677,0.1675150313557313,0.0115380471090231,191965,1184,37373,1493
P2,sen1floods11,dofa_upernet,F3,37,Sri-Lanka_152185,LKA,0.1475535333156585,0.525653600692749,0.0105912089347839,1.176256682811072e-05,0.3481387322891078,0.4618747321466403,0.4763888888888889,0.3819444444444444,0.513888888888889,0.4574074074074074,0.3481387322891078,0.5703617024180963,262144,2198,5549,0.0083847045898437,0.0211677551269531,256271,3675,324,1874
P2,sen1floods11,dofa_upernet,F3,37,Sri-Lanka_163406,LKA,0.0953955426812172,0.3811658024787903,0.0101824402809143,9.215406862495e-06,0.1829649401186861,0.4382503621750695,0.3888888888888889,0.2666666666666666,0.4222222222222223,0.3592592592592593,0.1829649401186861,0.5330924236511141,262144,5070,4507,0.0193405151367187,0.0171928405761718,256312,762,1325,3745
P2,sen1floods11,dofa_upernet,F3,37,Sri-Lanka_178753,LKA,0.0349128581583499,0.2169414907693863,0.023829698562622,3.352063458805788e-06,0.5012703201994698,0.9999999999768112,0.5,0.0208333333333333,0.4791666666666667,0.3333333333333333,0.5012703201994698,0.6787629520704401,253873,645,0,0.0025406403989396,0.0,253228,0,645,0
P2,sen1floods11,dofa_upernet,F3,37,Sri-Lanka_233609,LKA,0.202429324388504,0.6666979193687439,0.0077799558639526,1.67791386047611e-05,0.3784563589912862,0.4594763055323771,0.325,0.5458333333333333,0.423611111111111,0.4314814814814814,0.3784563589912862,0.605633679271588,257120,6877,7209,0.0267462663347853,0.0280374922215308,246069,4174,3842,3035
P2,sen1floods11,dofa_upernet,F3,37,Sri-Lanka_236030,LKA,0.0676605701446533,0.3049312829971313,0.0162795782089233,8.297960448544472e-06,0.3329845909835555,0.4593970275937182,0.5083333333333333,0.2097222222222222,0.5402777777777777,0.4194444444444444,0.3329845909835555,0.5144674615750098,206088,1713,3488,0.0083119832304646,0.0169248088195334,202225,2150,375,1338
P2,sen1floods11,dofa_upernet,F3,37,Sri-Lanka_236628,LKA,0.0937248170375824,0.3579752445220947,0.0082833170890808,5.720913577533793e-06,0.4047649001934896,0.7051839632819923,0.2583333333333333,0.1847222222222222,0.2236111111111111,0.2222222222222222,0.4047649001934896,0.6087825314691792,262142,3081,1867,0.0117531719449763,0.0071220941321878,258029,1032,2246,835
P2,sen1floods11,dofa_upernet,F3,37,Sri-Lanka_249079,LKA,0.0443460345268249,0.2552686631679535,0.0250763297080993,3.983261649409542e-06,0.5000333788499469,0.9999999999783468,0.5430555555555556,0.0916666666666666,0.5319444444444444,0.3888888888888889,0.5000333788499469,0.6993646025813179,164775,11,0,6.675769989379457e-05,0.0,164764,0,11,0
P2,sen1floods11,dofa_upernet,F3,37,Sri-Lanka_31559,LKA,0.0360459648072719,0.2230463922023773,0.0212749242782592,3.4321817565796664e-06,0.50106035329875,0.9999999999769376,0.5041666666666667,0.0375,0.475,0.3388888888888888,0.50106035329875,0.6870193477393987,218795,464,0,0.0021207065974999,0.0,218331,0,464,0
P2,sen1floods11,dofa_upernet,F3,37,Sri-Lanka_321316,LKA,0.4119116365909576,0.9701709151268004,0.0078012943267822,3.1038460292620584e-05,0.5325717239318213,0.1838746024435857,0.5277777777777778,0.8819444444444444,0.5569444444444445,0.6555555555555556,0.5325717239318213,0.5280246814588426,262133,96905,78138,0.3696787508631114,0.2980853230993427,130983,34245,53012,43893
P2,sen1floods11,dofa_upernet,F3,37,Sri-Lanka_377277,LKA,0.2023908942937851,0.6573336124420166,0.0086416006088256,1.979601802304387e-05,0.2815243489288774,0.38072167020491,0.3930555555555556,0.5972222222222222,0.5430555555555556,0.5111111111111112,0.2815243489288774,0.562009862305134,259388,8603,9691,0.0331665304485943,0.0373610190139867,246887,3898,2810,5793
P2,sen1floods11,dofa_upernet,F3,37,Sri-Lanka_400518,LKA,0.098516471683979,0.3879184424877167,0.0087726116180419,9.40106747293612e-06,0.3306332157996566,0.5672642881587181,0.2902777777777777,0.2708333333333333,0.3277777777777778,0.2962962962962963,0.3306332157996566,0.5645579433755252,262144,2380,2894,0.0090789794921875,0.0110397338867187,258233,1531,1017,1363
P2,sen1floods11,dofa_upernet,F3,37,Sri-Lanka_450918,LKA,0.3280978500843048,0.8938984274864197,0.0182657837867736,1.6417205188190565e-05,0.5230102314531234,0.7847534285977453,0.8013888888888889,0.65,0.7736111111111111,0.7416666666666667,0.5230102314531234,0.7734605505272939,99126,4277,722,0.0431471057038516,0.007283659181244,94147,702,4257,20
P2,sen1floods11,dofa_upernet,F3,37,Sri-Lanka_49764,LKA,0.041517149657011,0.2420478910207748,0.0304544568061828,3.758684442800586e-06,0.5051083521351926,0.9999999999775387,0.5513888888888889,0.0847222222222222,0.5333333333333333,0.3898148148148148,0.5051083521351926,0.6992678295074509,243327,2486,0,0.0102167042703851,0.0,240841,0,2486,0
P2,sen1floods11,dofa_upernet,F3,37,Sri-Lanka_52223,LKA,0.0321356132626533,0.2028593569993972,0.010241687297821,3.441277613092097e-06,0.0,0.9999999999757644,0.2972222222222222,0.025,0.2888888888888889,0.2037037037037037,0.0,0.6595188258418,262144,0,0,0.0,0.0,262144,0,0,0
P2,sen1floods11,dofa_upernet,F3,37,Sri-Lanka_523539,LKA,0.1838236898183822,0.6261938810348511,0.0064879059791564,2.063140163954813e-05,0.4731251094539457,0.2936142597646995,0.2430555555555555,0.5930555555555556,0.4305555555555556,0.4222222222222222,0.4731251094539457,0.4931533091666806,218481,24669,9388,0.1129114202150301,0.0429694115277758,189309,4503,19784,4885
P2,sen1floods11,dofa_upernet,F3,37,Sri-Lanka_534068,LKA,0.3217338919639587,0.8776437044143677,0.0208687186241149,1.0568357538431885e-05,0.9558783284616892,0.2727659783376162,0.7930555555555556,0.5083333333333333,0.6569444444444444,0.6527777777777778,0.9558783284616892,0.557562811579935,262144,257268,26627,0.9813995361328124,0.1015739440917968,634,4242,234883,22385
P2,sen1floods11,dofa_upernet,F3,37,Sri-Lanka_551926,LKA,0.2821902334690094,0.8213037848472595,0.0089211463928222,2.092599424941e-05,0.2817600046375341,0.3156970137770691,0.4833333333333333,0.6847222222222222,0.5791666666666666,0.5824074074074074,0.2817600046375341,0.5754443780705634,262144,19600,18088,0.07476806640625,0.069000244140625,236822,5722,7234,12366
P2,sen1floods11,dofa_upernet,F3,37,Sri-Lanka_55568,LKA,0.1869291514158249,0.641004204750061,0.0093165636062622,1.0126639608643018e-05,0.1390161993826324,0.2093398792964793,0.4444444444444444,0.3736111111111111,0.3875,0.4018518518518518,0.1390161993826324,0.4334570111592687,212858,15268,19143,0.0717285702205226,0.0899331948998863,193162,4428,553,14715
P2,sen1floods11,dofa_upernet,F3,37,Sri-Lanka_579082,LKA,0.1936318725347519,0.6425637602806091,0.0092456936836242,1.7792266589822248e-05,0.379092291097087,0.3866945332473916,0.4333333333333333,0.5611111111111111,0.5638888888888889,0.5194444444444445,0.379092291097087,0.5616997076740409,208263,14466,8054,0.0694602497803258,0.0386722557535424,190958,2839,9251,5215
P2,sen1floods11,dofa_upernet,F3,37,Sri-Lanka_612594,LKA,0.2741522789001465,0.8051798939704895,0.0078524351119995,2.076539021800272e-05,0.1692758132918421,0.122081291574011,0.3888888888888888,0.6777777777777778,0.4916666666666667,0.5194444444444444,0.1692758132918421,0.3344100814760601,262144,43125,58637,0.1645088195800781,0.2236824035644531,203424,15595,83,43042
P2,sen1floods11,dofa_upernet,F3,37,Sri-Lanka_63307,LKA,0.1339226812124252,0.4950535297393799,0.0066525936126708,8.425935448030941e-06,0.5160179138183594,0.8027997402677567,0.1930555555555555,0.2763888888888889,0.1722222222222222,0.2138888888888888,0.5160179138183594,0.6461089124910437,262144,7005,1393,0.0267219543457031,0.0053138732910156,253746,1393,7005,0
P2,sen1floods11,dofa_upernet,F3,37,Sri-Lanka_649970,LKA,0.0790644586086273,0.3484821319580078,0.0086023211479187,7.297389856830705e-06,0.497411945750015,0.690515727417417,0.2749999999999999,0.2125,0.2680555555555555,0.2518518518518518,0.497411945750015,0.5943896445269572,260855,17343,1604,0.0664852120910084,0.0061490099863909,243127,385,16124,1219
P2,sen1floods11,dofa_upernet,F3,37,Sri-Lanka_653336,LKA,0.274723470211029,0.8064696192741394,0.0073044896125793,2.3115875592338853e-05,0.2841972870197203,0.2308757494483109,0.3555555555555555,0.711111111111111,0.4916666666666667,0.5194444444444444,0.2841972870197203,0.4993018612499211,262141,17982,26626,0.0685966712570715,0.1015712917857183,232260,11899,3255,14727
P2,sen1floods11,dofa_upernet,F3,37,Sri-Lanka_713926,LKA,0.3034927248954773,0.8598790764808655,0.0142179727554321,1.7012956959661096e-05,0.08523641554005,0.1117709152870187,0.7333333333333334,0.6402777777777777,0.7375,0.7037037037037037,0.08523641554005,0.3424170876063457,262104,80506,89518,0.3071528858773616,0.3415361841101242,171951,9647,635,79871
P2,sen1floods11,dofa_upernet,F3,37,Sri-Lanka_748447,LKA,0.1013619005680084,0.4095920920372009,0.0111535787582397,1.0186064173467456e-05,0.3991457976383039,0.7574350544467583,0.4513888888888889,0.2944444444444444,0.4819444444444445,0.4092592592592592,0.3991457976383039,0.6301191765467271,249187,1219,1428,0.0048919084863977,0.0057306360283642,246997,971,762,457
P2,sen1floods11,dofa_upernet,F3,37,Sri-Lanka_845821,LKA,0.4186179339885711,0.9745551943778992,0.0244507789611816,2.788008532661479e-05,0.901581032415258,0.2917843331134916,0.9263888888888888,0.8986111111111111,0.9388888888888888,0.9212962962962964,0.901581032415258,0.6516531322457455,240758,234546,45930,0.9741981574859402,0.1907724769270387,3200,3012,191628,42918
P2,sen1floods11,dofa_upernet,F3,37,Sri-Lanka_847275,LKA,0.3036485910415649,0.8550592064857483,0.007688283920288,1.9772771338466555e-05,0.2383193906952725,0.1497888665733309,0.4111111111111111,0.6916666666666667,0.4666666666666667,0.5231481481481481,0.2383193906952725,0.4077956175178544,231361,50464,45910,0.218118006059794,0.1984344811787639,172398,8499,13053,37411
P2,sen1floods11,dofa_upernet,F3,37,Sri-Lanka_849649,LKA,0.1268156468868255,0.5006380677223206,0.0117938518524169,9.766851690073963e-06,0.2263490878979241,0.577540425264844,0.4916666666666667,0.3069444444444444,0.5013888888888889,0.4333333333333333,0.2263490878979241,0.5966522840888553,218207,1892,2039,0.0086706659273075,0.0093443381743023,215675,640,493,1399
P2,sen1floods11,dofa_upernet,F3,37,Sri-Lanka_85652,LKA,0.0325896553695201,0.2045143693685531,0.0201734900474548,3.487680487523903e-06,0.504917210490049,0.9999999999760052,0.4875,0.025,0.4791666666666667,0.3305555555555555,0.504917210490049,0.676146302484201,197368,1941,0,0.009834420980098,0.0,195427,0,1941,0
P2,sen1floods11,dofa_upernet,F3,37,Sri-Lanka_883641,LKA,0.1856987476348877,0.6239041686058044,0.0124452710151672,1.2412495379976464e-05,0.1580112021331868,0.2491787107073899,0.5583333333333333,0.4166666666666667,0.5694444444444444,0.5148148148148148,0.1580112021331868,0.4685253042339246,262144,13500,16035,0.0514984130859375,0.0611686706542968,244816,3828,1293,12207
P2,sen1floods11,dofa_upernet,F3,37,Sri-Lanka_916628,LKA,0.3825492858886719,0.9470007419586182,0.0093522071838378,3.399814886506647e-05,0.2873752831426759,0.1700923812281107,0.6263888888888889,0.8777777777777778,0.7097222222222221,0.7379629629629628,0.2873752831426759,0.4944636443629177,259961,81524,66279,0.3136008862867891,0.2549574743903893,167809,10628,25873,55651
P2,sen1floods11,dofa_upernet,F3,37,Sri-Lanka_922192,LKA,0.1318123042583465,0.4790633916854858,0.0130687355995178,7.90468038758263e-06,0.3820607844426078,0.6068913348204648,0.5430555555555555,0.2527777777777777,0.5236111111111111,0.4398148148148148,0.3820607844426078,0.5971108008445711,239783,1030,3035,0.0042955505602982,0.0126572776218497,236521,2232,227,803
P2,sen1floods11,dofa_upernet,F3,37,Sri-Lanka_92824,LKA,0.1337191015481948,0.5150865912437439,0.0098804235458374,9.940944437403232e-06,0.5737320879797492,0.533417468174029,0.4333333333333333,0.3263888888888889,0.4236111111111111,0.3944444444444444,0.5737320879797492,0.5890827732531358,246506,55390,3909,0.2247004129716923,0.0158576261835411,190897,219,51700,3690
P2,sen1floods11,dofa_upernet,F3,37,Sri-Lanka_956740,LKA,0.2340981364250183,0.737849771976471,0.0106405019760131,1.2829551451432051e-05,0.2143294286213002,0.237389866463663,0.5527777777777778,0.4625,0.5180555555555556,0.5111111111111112,0.2143294286213002,0.4764158854010638,202069,7918,13049,0.0391846349514274,0.0645769514373803,188952,5199,68,7850
P2,sen1floods11,dofa_upernet,F3,71,India_1017769,IND,0.4385189116001129,0.9855022430419922,0.0131909251213073,1.537853131594602e-05,0.3797540340004364,0.1273348382951419,0.8291666666666666,0.6097222222222223,0.5944444444444444,0.6777777777777777,0.3797540340004364,0.3379031799914169,172971,98143,129717,0.5673956906070959,0.7499349601956398,40450,34378,2804,95339
P2,sen1floods11,dofa_upernet,F3,71,India_1018317,IND,0.4363004863262176,0.9851258993148804,0.0267320871353149,6.991182544879848e-06,0.3395619096530896,0.1167205417399321,0.913888888888889,0.4708333333333333,0.5402777777777779,0.6416666666666667,0.3395619096530896,0.227896762123461,196977,150710,174127,0.7651147088238729,0.8839966087411221,21940,24327,910,149800
P2,sen1floods11,dofa_upernet,F3,71,India_1018327,IND,0.2944265604019165,0.8360586166381836,0.0116838216781616,9.556161967338994e-05,0.3347010625787033,0.1778569800184537,0.6333333333333333,0.7652777777777777,0.7958333333333334,0.7314814814814815,0.3347010625787033,0.5427798577228868,262142,36649,36400,0.1398059067223108,0.1388560398562611,211662,13831,14080,22569
P2,sen1floods11,dofa_upernet,F3,71,India_103447,IND,0.2556843161582947,0.771919310092926,0.0065611600875854,2.998238051077351e-05,0.2685615826251398,0.1420302917023492,0.3125,0.6,0.3763888888888889,0.4296296296296296,0.2685615826251398,0.338735471874844,163567,26977,31154,0.1649293561659748,0.1904662921004848,126624,9966,5789,21188
P2,sen1floods11,dofa_upernet,F3,71,India_1050276,IND,0.3173070847988128,0.8705891966819763,0.0062142014503479,0.0001326432247878,0.4980503833704274,0.203892661695389,0.3416666666666667,0.8125,0.5291666666666667,0.5611111111111111,0.4980503833704274,0.5864755681995322,255185,49005,33388,0.1920371495189764,0.1308384113486294,187771,18409,34026,14979
P2,sen1floods11,dofa_upernet,F3,71,India_1068117,IND,0.3782293796539306,0.9429421424865724,0.0094727277755737,9.001390571938828e-05,0.3890679615289032,0.1834502780961658,0.6027777777777777,0.8236111111111111,0.6819444444444444,0.7027777777777778,0.3890679615289032,0.5786853221948057,229712,47960,51577,0.2087831719718604,0.2245289754126906,159781,21971,18354,29606
P2,sen1floods11,dofa_upernet,F3,71,India_1072277,IND,0.0437882617115974,0.2151110023260116,0.0100378990173339,8.233088919951115e-06,0.5406518746399269,0.8313151518608951,0.3402777777777778,0.1638888888888889,0.3569444444444444,0.287037037037037,0.5406518746399269,0.6006567763067648,262142,22546,427,0.0860068207307489,0.0016288881598522,239293,303,22422,124
P2,sen1floods11,dofa_upernet,F3,71,India_118868,IND,0.266832947731018,0.808575451374054,0.0212517976760864,1.8880937204812653e-05,0.5351263665383815,0.8309823072045729,0.7597222222222222,0.5375,0.7027777777777778,0.6666666666666666,0.5351263665383815,0.7631637911053972,159275,10685,3649,0.0670852299482027,0.0229100612148799,145179,3411,10447,238
P2,sen1floods11,dofa_upernet,F3,71,India_135434,IND,0.1889033019542694,0.6264185905456543,0.0091937780380249,4.515408727456816e-05,0.2125895508460209,0.1537056178055253,0.4361111111111111,0.6083333333333334,0.6,0.5481481481481482,0.2125895508460209,0.3881813019397226,117150,10312,13453,0.0880239009816474,0.1148356807511737,102530,4308,1167,9145
P2,sen1floods11,dofa_upernet,F3,71,India_136196,IND,0.064197838306427,0.3067241907119751,0.0265734791755676,1.3931661669630556e-05,0.5016458553725254,0.7832760018360355,0.6041666666666666,0.2916666666666666,0.6625,0.5194444444444444,0.5016458553725254,0.6552430002669315,211744,0,697,0.0,0.0032917107450506,211047,697,0,0
P2,sen1floods11,dofa_upernet,F3,71,India_164336,IND,0.0488804541528224,0.2667612433433532,0.0156115293502807,3.831010872090701e-06,0.4933939638775907,0.964090707974569,0.5208333333333334,0.1180555555555555,0.4444444444444444,0.3611111111111111,0.4933939638775907,0.5964356600375271,259101,1881,104,0.0072597172531175,0.0004013878757704,257156,64,1841,40
P2,sen1floods11,dofa_upernet,F3,71,India_166709,IND,0.0957699343562126,0.3517909646034241,0.010562241077423,2.4061149815679528e-05,0.49431037400968,0.5529420846715232,0.4291666666666667,0.4125,0.5861111111111111,0.4759259259259259,0.49431037400968,0.6428766198188158,256894,8839,2338,0.0344071874002506,0.009101029996808,246257,1798,8299,540
P2,sen1floods11,dofa_upernet,F3,71,India_177319,IND,0.0896233394742012,0.3278503715991974,0.0149474740028381,6.94199261488393e-05,0.5038958670172944,0.3960401360088144,0.5513888888888889,0.5583333333333333,0.8541666666666667,0.6546296296296297,0.5038958670172944,0.6406100932019085,256490,1578,3887,0.0061522866388553,0.0151545869234668,251095,3817,1508,70
P2,sen1floods11,dofa_upernet,F3,71,India_179238,IND,0.0150203192606568,0.1026003062725067,0.0121298432350158,2.0057502752024448e-06,0.5300259679419701,0.9977247278289694,0.375,0.0291666666666666,0.3791666666666666,0.2611111111111111,0.5300259679419701,0.5615693342708815,192482,11592,4,0.0602238131357737,2.0781163952993007e-05,180888,2,11590,2
P2,sen1floods11,dofa_upernet,F3,71,India_180633,IND,0.4156157672405243,0.9730499386787416,0.0082545280456542,1.2075152881152462e-05,0.232853759977485,0.1736234534528099,0.5347222222222222,0.5458333333333333,0.2944444444444444,0.4583333333333333,0.232853759977485,0.4302863675989665,164555,75763,91483,0.4604114125976117,0.5559417823827899,70093,18699,2979,72784
P2,sen1floods11,dofa_upernet,F3,71,India_207862,IND,0.153980404138565,0.5253238081932068,0.0078231692314147,4.5747539843432605e-05,0.5260472182795808,0.4625045513924529,0.2958333333333333,0.5611111111111111,0.5069444444444444,0.4546296296296296,0.5260472182795808,0.6652585592195208,200115,21028,4220,0.1050795792419358,0.0210878744721784,176307,2780,19588,1440
P2,sen1floods11,dofa_upernet,F3,71,India_244057,IND,0.0436971299350261,0.2358154952526092,0.0354784131050109,4.837080268771388e-06,0.5000778636700574,0.9500152330072108,0.5819444444444445,0.1152777777777777,0.5333333333333333,0.4101851851851852,0.5000778636700574,0.5948231478367328,160537,5,20,3.114546802294798e-05,0.0001245818720917,160512,20,5,0
P2,sen1floods11,dofa_upernet,F3,71,India_25540,IND,0.023746084421873,0.1362120360136032,0.0132163166999816,8.716596312297042e-06,0.5200938706999602,0.8411329721390945,0.4402777777777777,0.1388888888888889,0.5125,0.3638888888888889,0.5200938706999602,0.5890310162035025,188625,11559,279,0.0612803180914512,0.0014791252485089,177021,45,11325,234
P2,sen1floods11,dofa_upernet,F3,71,India_265762,IND,0.0294047202914953,0.1529061496257782,0.0129280090332031,8.304403309011832e-06,0.522288170619376,0.8038684943676735,0.4499999999999999,0.1416666666666666,0.4888888888888889,0.3601851851851851,0.522288170619376,0.5907260098244078,147296,8533,249,0.0579309689333043,0.0016904736041711,138631,132,8416,117
P2,sen1floods11,dofa_upernet,F3,71,India_273873,IND,0.2267316579818725,0.7117120623588562,0.0179277062416076,8.685377542860806e-05,0.483361806893156,0.2525837287593295,0.7069444444444444,0.7069444444444444,0.8944444444444444,0.7694444444444444,0.483361806893156,0.6024008088144535,155608,5446,8513,0.0349982006066526,0.0547079841653385,142991,7171,4104,1342
P2,sen1floods11,dofa_upernet,F3,71,India_285297,IND,0.2398799359798431,0.7428308725357056,0.005963385105133,5.205778506933712e-05,0.5203593066579728,0.2159724437690956,0.2722222222222222,0.6708333333333334,0.4236111111111111,0.4555555555555555,0.5203593066579728,0.5352723733832908,245042,36006,22344,0.1469380759216787,0.0911843683939896,194002,15034,28696,7310
P2,sen1floods11,dofa_upernet,F3,71,India_287642,IND,0.3318426012992859,0.8900970816612244,0.0101548433303833,0.0001203513165819,0.4614831259383977,0.2403011961885555,0.5874999999999999,0.8125,0.7583333333333333,0.7194444444444444,0.4614831259383977,0.648252246883873,115377,17914,8707,0.1552649141510006,0.075465647399395,93706,3757,12964,4950
P2,sen1floods11,dofa_upernet,F3,71,India_324254,IND,0.0402985773980617,0.1919838935136795,0.0153329372406005,1.511280788690783e-05,0.4776518526219891,0.6442149018002823,0.4930555555555556,0.2527777777777777,0.6069444444444445,0.4509259259259259,0.4776518526219891,0.6029079157566231,262144,3883,992,0.0148124694824218,0.0037841796875,257550,711,3602,281
P2,sen1floods11,dofa_upernet,F3,71,India_373039,IND,0.1569818407297134,0.5448561906814575,0.0266253948211669,7.354343688348308e-05,0.5157792217009363,0.3631765828613816,0.675,0.6138888888888889,0.9222222222222224,0.737037037037037,0.5157792217009363,0.6433495919222599,242783,1509,6539,0.0062154269450496,0.026933516761882,234747,6527,1497,12
P2,sen1floods11,dofa_upernet,F3,71,India_383430,IND,0.2366819381713867,0.7293359041213989,0.0076860785484313,0.0001221033016918,0.4469250254470498,0.2245698547263935,0.3763888888888888,0.7513888888888889,0.6083333333333334,0.5787037037037037,0.4469250254470498,0.5783454767638473,251271,39228,17876,0.1561182945903029,0.0711423124833347,205559,6484,27836,11392
P2,sen1floods11,dofa_upernet,F3,71,India_391908,IND,0.263963907957077,0.7807584404945374,0.0087447166442871,0.0001130779637605,0.44792731872579,0.1914004920526153,0.4430555555555555,0.7722222222222221,0.6375,0.6175925925925926,0.44792731872579,0.5642379244383101,211832,25989,26326,0.1226868461799916,0.1242777295215076,170236,15607,15270,10719
P2,sen1floods11,dofa_upernet,F3,71,India_399883,IND,0.4423272609710693,0.9874133467674256,0.0122269392013549,1.3629528439196292e-05,0.3276721016295949,0.1380773101202494,0.7916666666666666,0.5972222222222222,0.5444444444444444,0.6444444444444444,0.3276721016295949,0.3421543263008226,262119,136292,166764,0.5199623071963497,0.6362148489808064,85437,40390,9918,126374
P2,sen1floods11,dofa_upernet,F3,71,India_44475,IND,0.0204111337661743,0.1379225999116897,0.0252618789672851,1.5747398265375525e-06,0.0,0.9999999999521136,0.5125000000000001,0.0458333333333333,0.4916666666666667,0.35,0.0,0.5880732033932797,260175,0,0,0.0,0.0,260175,0,0,0
P2,sen1floods11,dofa_upernet,F3,71,India_500266,IND,0.1099025830626487,0.4083532392978668,0.0057566165924072,5.646526915370487e-05,0.5259476759036303,0.358166188900302,0.1472222222222222,0.5541666666666667,0.4236111111111111,0.375,0.5259476759036303,0.617114304811536,262141,38181,5114,0.1456506231379296,0.0195085850744446,222360,1600,34667,3514
P2,sen1floods11,dofa_upernet,F3,71,India_533192,IND,0.4761174023151397,0.9978373646736144,0.0173252820968627,8.459234777546953e-06,0.2797352044918557,0.3255246630194995,0.9319444444444444,0.5972222222222222,0.5458333333333333,0.6916666666666668,0.2797352044918557,0.6234644257279414,120661,43244,56319,0.3583925211957467,0.4667539635839252,61328,16089,3014,40230
P2,sen1floods11,dofa_upernet,F3,71,India_534470,IND,0.0229357481002807,0.1328656375408172,0.0098893046379089,5.617724582407391e-06,0.5081998224916624,0.8469620354458173,0.2958333333333333,0.0708333333333333,0.3,0.2222222222222222,0.5081998224916624,0.5606388386440043,250570,7434,248,0.0296683561479826,0.000989743385082,242990,146,7332,102
P2,sen1floods11,dofa_upernet,F3,71,India_56450,IND,0.0145117053762078,0.1055433824658393,0.0220133662223815,1.287344389311329e-06,0.5002262093926554,0.9999999999452212,0.4791666666666667,0.025,0.4791666666666667,0.3277777777777778,0.5002262093926554,0.5740300917834541,181248,82,0,0.0004524187853107,0.0,181166,0,82,0
P2,sen1floods11,dofa_upernet,F3,71,India_566697,IND,0.0816195681691169,0.3121873140335083,0.0078363418579101,3.2794123399071395e-05,0.5181855861028635,0.3808096976326894,0.2375,0.4666666666666667,0.4708333333333333,0.3916666666666666,0.5181855861028635,0.5878385885475576,215703,14719,2898,0.0682373448677116,0.0134351399841448,198753,2231,14052,667
P2,sen1floods11,dofa_upernet,F3,71,India_570384,IND,0.1431670486927032,0.5056453347206116,0.0104687809944152,7.400935282930732e-05,0.3847741416859445,0.1798709865102284,0.4513888888888889,0.5930555555555556,0.7277777777777779,0.5907407407407407,0.3847741416859445,0.4714154904284015,242000,14548,13271,0.0601157024793388,0.0548388429752066,220514,6938,8215,6333
P2,sen1floods11,dofa_upernet,F3,71,India_591317,IND,0.3780566453933716,0.9466317892074584,0.0170933604240417,1.214717576658586e-05,0.1456210901346557,0.1518886405382785,0.8125,0.525,0.5930555555555556,0.6435185185185185,0.1456210901346557,0.3578693669202102,246049,114039,120128,0.4634808513751326,0.48822795459441,119326,12684,6595,107444
P2,sen1floods11,dofa_upernet,F3,71,India_591549,IND,0.0197315365076065,0.117363192141056,0.0128018260002136,5.429514203569852e-06,0.5193964115215941,0.8902297031925809,0.4111111111111111,0.05,0.4277777777777777,0.2962962962962963,0.5193964115215941,0.5609185032621931,245709,11054,137,0.0449881770712509,0.0005575701337761,234587,68,10985,69
P2,sen1floods11,dofa_upernet,F3,71,India_592446,IND,0.2158337235450744,0.6796093583106995,0.0067672133445739,9.5948445959948e-05,0.3303791342372786,0.1953791609079505,0.2875,0.7069444444444445,0.5083333333333333,0.5009259259259259,0.3303791342372786,0.5356436678371636,224355,9044,15123,0.0403111140825923,0.0674065654877315,206946,8365,2286,6758
P2,sen1floods11,dofa_upernet,F3,71,India_59460,IND,0.0200446769595146,0.13779217004776,0.0240746736526489,1.3192367305236985e-06,0.500752317855488,0.9999999999502176,0.5041666666666667,0.0458333333333333,0.4833333333333333,0.3444444444444444,0.500752317855488,0.5880732033932797,209353,315,0,0.0015046357109761,0.0,209038,0,315,0
P2,sen1floods11,dofa_upernet,F3,71,India_624341,IND,0.0259047411382198,0.1395773738622665,0.0205609202384948,1.1088852261309512e-05,0.4843971068256827,0.6634037131050625,0.4888888888888889,0.1666666666666666,0.5888888888888889,0.4148148148148148,0.4843971068256827,0.5706438792321039,262142,3224,689,0.0122986778158402,0.0026283464687077,258397,521,3056,168
P2,sen1floods11,dofa_upernet,F3,71,India_631692,IND,0.0566221885383129,0.2415612488985061,0.0110268592834472,1.933994099090341e-05,0.4157963586792675,0.4538969776946322,0.4208333333333333,0.3375,0.5638888888888889,0.4407407407407407,0.4157963586792675,0.569660496046632,262144,802,2346,0.0030593872070312,0.0089492797851562,259469,1873,329,473
P2,sen1floods11,dofa_upernet,F3,71,India_652725,IND,0.2003752887248993,0.6493991017341614,0.0082096457481384,9.596230665920302e-05,0.4533756972823475,0.2405564700406078,0.3722222222222222,0.6944444444444444,0.6055555555555556,0.5574074074074075,0.4533756972823475,0.5963198641474614,262094,21795,14929,0.0831571878791578,0.056960479827848,231251,9048,15914,5881
P2,sen1floods11,dofa_upernet,F3,71,India_664410,IND,0.1842071861028671,0.6057313680648804,0.0100184082984924,8.745116065256298e-05,0.4565859972092624,0.1907716349805779,0.4736111111111111,0.6541666666666667,0.7138888888888888,0.6138888888888888,0.4565859972092624,0.5125529859622318,262142,13526,17834,0.0515979888762579,0.0680318300768285,235401,13215,8907,4619
P2,sen1floods11,dofa_upernet,F3,71,India_691027,IND,0.165205031633377,0.5597106218338013,0.0099382400512695,0.0001149351155618,0.4254987231872931,0.2027726752437407,0.4458333333333333,0.6666666666666667,0.7458333333333333,0.6194444444444445,0.4254987231872931,0.5217998016797301,254034,8394,15292,0.0330428210397033,0.060196666587937,234472,11168,4270,4124
P2,sen1floods11,dofa_upernet,F3,71,India_698338,IND,0.1328558176755905,0.4616470038890838,0.0082563161849975,4.143776459386572e-05,0.3539418586726219,0.3432530455928531,0.2847222222222222,0.5208333333333334,0.5194444444444445,0.4416666666666667,0.3539418586726219,0.585977254806574,227984,9936,5692,0.0435820057547898,0.0249666643273212,216211,1837,6081,3855
P2,sen1floods11,dofa_upernet,F3,71,India_70352,IND,0.2565133571624756,0.7701183557510376,0.010793924331665,7.730128709226847e-05,0.2928386338656238,0.1716945458203426,0.5694444444444444,0.7027777777777777,0.7361111111111112,0.6694444444444444,0.2928386338656238,0.4841621783516503,239229,13188,25177,0.0551270957952422,0.105242257418624,213211,12830,841,12347
P2,sen1floods11,dofa_upernet,F3,71,India_707886,IND,0.1361884176731109,0.4806404411792755,0.0137301087379455,8.187670755432919e-05,0.3736812917911152,0.1547798678526933,0.5583333333333333,0.5902777777777778,0.8541666666666666,0.6675925925925926,0.3736812917911152,0.3831547030931474,256881,5668,18385,0.0220646914329981,0.0715701044452489,238432,12781,64,5604
P2,sen1floods11,dofa_upernet,F3,71,India_73419,IND,0.0273599103093147,0.1453988999128341,0.0102871656417846,9.461042282055132e-06,0.5064289027901552,0.7221749542121924,0.3152777777777777,0.1541666666666666,0.3805555555555555,0.2833333333333333,0.5064289027901552,0.5799579692545699,178934,6252,219,0.0349402573015748,0.001223914963059,172601,81,6114,138
P2,sen1floods11,dofa_upernet,F3,71,India_747970,IND,0.1471895277500152,0.5213491320610046,0.0074313282966613,6.940441380720586e-05,0.3819508240757681,0.2092232087614332,0.2666666666666666,0.601388888888889,0.5263888888888889,0.4648148148148148,0.3819508240757681,0.4989283401525318,246517,5007,12289,0.0203109724684301,0.0498505174085357,232967,8543,1261,3746
P2,sen1floods11,dofa_upernet,F3,71,India_747992,IND,0.3469239175319671,0.9089537262916564,0.0075355768203735,6.111905531724915e-05,0.487586948371838,0.1743448661871097,0.4416666666666666,0.7527777777777778,0.5277777777777778,0.5740740740740741,0.487586948371838,0.5148484141352576,262087,117322,49409,0.4476452475704632,0.1885213688584325,140812,3953,71866,45456
P2,sen1floods11,dofa_upernet,F3,71,India_764946,IND,0.1142706274986267,0.4182636141777038,0.0108116269111633,6.134760042186826e-05,0.3625788152188089,0.2057511247618174,0.4444444444444445,0.5625,0.7208333333333334,0.575925925925926,0.3625788152188089,0.4771464064562352,242502,3146,9700,0.0129730888817411,0.0399996701058135,232647,6709,155,2991
P2,sen1floods11,dofa_upernet,F3,71,India_769408,IND,0.1504109352827072,0.5112628936767578,0.0071551203727722,5.8884299505734816e-05,0.4625626615278181,0.3836227835960848,0.2180555555555555,0.5861111111111111,0.4708333333333333,0.425,0.4625626615278181,0.6391544228874511,175907,8582,5268,0.0487871432063533,0.0299476427885189,163708,3617,6931,1651
P2,sen1floods11,dofa_upernet,F3,71,India_772630,IND,0.0352315716445446,0.1844467520713806,0.0284584760665893,1.0203961210208943e-05,0.5050472536244947,0.8830255538259414,0.5694444444444444,0.1791666666666666,0.6097222222222223,0.4527777777777778,0.5050472536244947,0.6069068083226081,155332,1345,223,0.0086588726083485,0.0014356346406406,153764,223,1345,0
P2,sen1floods11,dofa_upernet,F3,71,India_773682,IND,0.0642551705241203,0.2596487402915954,0.0079421997070312,3.462441236479208e-05,0.521815475534374,0.2650342171838985,0.2180555555555555,0.4555555555555555,0.4791666666666666,0.3842592592592592,0.521815475534374,0.5068974725241903,252793,30959,5210,0.1224677898517759,0.0206097478965003,219292,2542,28291,2668
P2,sen1floods11,dofa_upernet,F3,71,India_774689,IND,0.2595732808113098,0.7734623551368713,0.0078082680702209,0.0001380167232127,0.4234472018737407,0.2546529352734342,0.3930555555555556,0.7722222222222223,0.6208333333333333,0.5953703703703704,0.4234472018737407,0.6300052883742677,237116,18757,15155,0.0791047419828269,0.0639138649437406,209828,8531,12133,6624
P2,sen1floods11,dofa_upernet,F3,71,India_79637,IND,0.0812834501266479,0.3607989251613617,0.0127323865890502,1.8710245058173317e-05,0.4711764610208435,0.4708034885558099,0.5222222222222221,0.3638888888888889,0.6305555555555555,0.5055555555555555,0.4711764610208435,0.5815770033745975,262144,5165,2869,0.0197029113769531,0.0109443664550781,254730,2249,4545,620
P2,sen1floods11,dofa_upernet,F3,71,India_80221,IND,0.3929170370101928,0.9580684900283812,0.0193333625793457,6.453445166698657e-06,0.3238814099850995,0.1232603726239561,0.8319444444444445,0.4180555555555555,0.4972222222222223,0.5824074074074074,0.3238814099850995,0.2360708488289138,151793,114506,132135,0.7543562614876839,0.8704946868432668,18891,18396,767,113739
P2,sen1floods11,dofa_upernet,F3,71,India_804466,IND,0.1919967532157898,0.6248462200164795,0.0083867907524108,9.339855023426936e-05,0.5154250388783443,0.2471004188147966,0.3680555555555556,0.6819444444444445,0.6055555555555556,0.5518518518518519,0.5154250388783443,0.5908575301313022,262134,50228,13557,0.1916119236726254,0.0517178237084849,206844,5062,41733,8495
P2,sen1floods11,dofa_upernet,F3,71,India_828067,IND,0.1496013402938842,0.5202621817588806,0.0090487003326416,0.0001026370955514,0.3492290039172656,0.205874130000635,0.3652777777777777,0.65,0.6736111111111112,0.562962962962963,0.3492290039172656,0.5144754489481289,183120,6994,13084,0.0381935342944517,0.0714504150283966,168305,7821,1731,5263
P2,sen1floods11,dofa_upernet,F3,71,India_833266,IND,0.0588052384555339,0.2678849995136261,0.0097972750663757,1.245132807525806e-05,0.5053163156366889,0.5231434138670286,0.3513888888888888,0.2569444444444444,0.3999999999999999,0.3361111111111111,0.5053163156366889,0.5725461038649745,219674,18262,1779,0.0831322778298751,0.0080983639392918,200931,481,16964,1298
P2,sen1floods11,dofa_upernet,F3,71,India_842775,IND,0.0304993689060211,0.151999294757843,0.0105393528938293,7.148757049435517e-06,0.4905949870085464,0.7869069470835983,0.3527777777777778,0.0999999999999999,0.35,0.2675925925925926,0.4905949870085464,0.5733430439716538,246418,5929,439,0.0240607423159022,0.0017815257002329,240310,179,5669,260
P2,sen1floods11,dofa_upernet,F3,71,India_869358,IND,0.0818688869476318,0.3254658877849579,0.0128041505813598,6.807196768932045e-05,0.4110958504433688,0.20202270453482,0.5222222222222221,0.5583333333333333,0.825,0.6351851851851852,0.4110958504433688,0.4749544620603491,262144,5050,9220,0.0192642211914062,0.0351715087890625,250384,6710,2540,2510
P2,sen1floods11,dofa_upernet,F3,71,India_900498,IND,0.4281744956970215,0.9803160429000854,0.0072725415229797,1.497800349170575e-05,0.275905805856946,0.1434029697642367,0.4722222222222222,0.5805555555555555,0.2583333333333333,0.437037037037037,0.275905805856946,0.3344588071787218,261992,123953,147015,0.4731174997709854,0.5611430883385752,105566,32473,9411,114542
P2,sen1floods11,dofa_upernet,F3,71,India_91379,IND,0.1757078319787979,0.5897646546363831,0.0065564513206481,7.85820375313051e-05,0.4470193258270514,0.2471968354768514,0.2513888888888889,0.6458333333333334,0.4833333333333333,0.4601851851851852,0.4470193258270514,0.5753386452483047,262133,29594,12759,0.1128968882208649,0.0486737648445636,227238,5301,22136,7458
P2,sen1floods11,dofa_upernet,F3,71,India_943439,IND,0.3695209324359894,0.9345556497573853,0.0073873400688171,8.669865201227367e-05,0.3487911977107554,0.182671583854031,0.4486111111111111,0.8125,0.5305555555555556,0.5972222222222222,0.3487911977107554,0.5738436610837937,250096,47609,54490,0.1903629006461518,0.2178763354871729,180699,21788,14907,32702
P2,sen1floods11,dofa_upernet,F3,71,India_952728,IND,0.0940827131271362,0.3562518954277038,0.010075569152832,5.745809539803304e-05,0.4372525664745226,0.3709106277957898,0.3944444444444444,0.5430555555555556,0.6819444444444445,0.5398148148148149,0.4372525664745226,0.6121489215703575,188716,5848,2768,0.0309883634667966,0.0146675427626698,181281,1587,4667,1181
P2,sen1floods11,dofa_upernet,F3,71,India_956930,IND,0.2562996447086334,0.7630924582481384,0.0074563026428222,0.000107696338091,0.4824954794374373,0.2270377702020479,0.3722222222222222,0.7472222222222222,0.5833333333333334,0.5675925925925926,0.4824954794374373,0.576854624438905,237130,40096,19937,0.1690886855311432,0.0840762450976257,187451,9583,29742,10354
P2,sen1floods11,dofa_upernet,F3,71,India_979278,IND,0.4399839639663696,0.986169457435608,0.02354496717453,2.12057821045164e-05,0.3751481872908997,0.6338490118410995,0.8930555555555555,0.6708333333333334,0.7194444444444444,0.7611111111111111,0.3751481872908997,0.7751707654130466,105990,5437,12027,0.0512972921973771,0.1134729691480328,92911,7642,1052,4385
P2,sen1floods11,dofa_upernet,F3,71,India_981708,IND,0.1178711652755737,0.4656855762004852,0.0198876857757568,2.147011582565028e-05,0.5279385916381824,0.6606898145421778,0.6027777777777779,0.4,0.7083333333333334,0.5703703703703704,0.5279385916381824,0.6713702262320786,219993,10346,3523,0.0470287690971985,0.0160141459046424,206212,3435,10258,88
P2,sen1floods11,dofa_upernet,F3,71,Paraguay_1019808,PRY,0.0230894442647695,0.126024916768074,0.007880687713623,6.497657068393892e-06,0.4672769680502402,0.7082096839769281,0.15,0.0708333333333333,0.1624999999999999,0.1277777777777777,0.4672769680502402,0.5352723536732192,262144,5170,530,0.0197219848632812,0.0020217895507812,256885,89,4729,441
P2,sen1floods11,dofa_upernet,F3,71,Paraguay_1029042,PRY,0.4035554528236389,0.9638158679008484,0.0136814713478088,2.0932202460244295e-05,0.2436339891754175,0.1637916442400823,0.7875,0.625,0.6597222222222222,0.6907407407407407,0.2436339891754175,0.4233772972600664,223004,61197,88577,0.2744210866172804,0.3971991533784147,134132,27675,295,60902
P2,sen1floods11,dofa_upernet,F3,71,Paraguay_1029191,PRY,0.3641566634178161,0.928292989730835,0.0146031379699707,3.42883649864234e-05,0.2207389445503192,0.1642974881135831,0.7805555555555557,0.7152777777777778,0.7652777777777777,0.7537037037037037,0.2207389445503192,0.4607104642605893,253937,50336,72250,0.19822239374333,0.2845193886672679,180745,22856,942,49394
P2,sen1floods11,dofa_upernet,F3,71,Paraguay_1056717,PRY,0.1396417766809463,0.4951216280460357,0.0091558694839477,8.98201105883345e-05,0.4186545000651198,0.1687507278188337,0.3611111111111111,0.6027777777777777,0.661111111111111,0.5416666666666666,0.4186545000651198,0.4200467685299133,262144,5046,17524,0.0192489624023437,0.0668487548828125,243625,13473,995,4051
P2,sen1floods11,dofa_upernet,F3,71,Paraguay_1076204,PRY,0.0889617726206779,0.3547374904155731,0.010741651058197,3.0515240723616444e-05,0.3692960273594815,0.2319954907238927,0.4291666666666667,0.4597222222222222,0.6333333333333333,0.5074074074074074,0.3692960273594815,0.471678920469759,262144,3029,9670,0.0115547180175781,0.0368881225585937,252288,6827,186,2843
P2,sen1floods11,dofa_upernet,F3,71,Paraguay_11869,PRY,0.0468189269304275,0.2077547162771225,0.0070940256118774,4.4513977627502754e-05,0.4690251240920032,0.3379900848672779,0.1208333333333333,0.4513888888888889,0.4333333333333333,0.3351851851851852,0.4690251240920032,0.5500868693864256,257933,222,2902,0.0008606886284422,0.0112509837826102,255020,2691,11,211
P2,sen1floods11,dofa_upernet,F3,71,Paraguay_126224,PRY,0.3347062766551971,0.8957042694091797,0.0090668201446533,7.34308414394036e-05,0.672025457720784,0.1900926284621351,0.5152777777777777,0.7513888888888889,0.625,0.6305555555555555,0.672025457720784,0.55649497784321,262144,144382,42663,0.5507736206054688,0.1627464294433593,105975,11787,113506,30876
P2,sen1floods11,dofa_upernet,F3,71,Paraguay_12870,PRY,0.1239018812775611,0.441212922334671,0.0132998824119567,2.7528847567737103e-05,0.5231380462646484,0.2053006777956906,0.55,0.4361111111111111,0.7,0.5620370370370371,0.5231380462646484,0.4244180767028813,262144,0,12131,0.0,0.0462760925292968,250013,12131,0,0
P2,sen1floods11,dofa_upernet,F3,71,Paraguay_148318,PRY,0.0667768493294715,0.2702827751636505,0.0099400281906127,4.341323074186221e-05,0.3174507159323996,0.269653598180451,0.3666666666666667,0.4861111111111111,0.6444444444444445,0.499074074074074,0.3174507159323996,0.5245842023991034,240076,2229,5298,0.0092845598893683,0.0220680117962645,234619,3228,159,2070
P2,sen1floods11,dofa_upernet,F3,71,Paraguay_149787,PRY,0.329215258359909,0.8888546824455261,0.0110458731651306,3.855268005281687e-05,0.2264021356790824,0.1782389780182609,0.6444444444444444,0.6986111111111111,0.701388888888889,0.6814814814814815,0.2264021356790824,0.5155444822992576,262144,40091,57720,0.1529350280761718,0.220184326171875,202588,19465,1836,38255
P2,sen1floods11,dofa_upernet,F3,71,Paraguay_149830,PRY,0.0482143387198448,0.207766905426979,0.0094214677810668,1.7683752957964316e-05,0.3420150889844111,0.2651278808250327,0.2916666666666666,0.2861111111111111,0.4388888888888889,0.3388888888888888,0.3420150889844111,0.4353819305218803,260440,1907,3880,0.0073222239287359,0.0148978651512824,256080,2453,480,1427
P2,sen1floods11,dofa_upernet,F3,71,Paraguay_153941,PRY,0.0644114166498184,0.2711248099803924,0.0095654726028442,2.8497170205810107e-05,0.5004624264327489,0.4174697817274306,0.3388888888888888,0.4166666666666666,0.5472222222222222,0.4342592592592592,0.5004624264327489,0.6028943347171423,262144,641,2739,0.0024452209472656,0.0104484558105468,258803,2700,602,39
P2,sen1floods11,dofa_upernet,F3,71,Paraguay_172476,PRY,0.1537608951330185,0.5311494469642639,0.0091914534568786,6.48103523417376e-05,0.4470074851694445,0.1810770443007752,0.3930555555555555,0.6055555555555556,0.6402777777777778,0.5462962962962963,0.4470074851694445,0.4819820088676764,262143,2815,16342,0.010738413766532,0.0623400205231495,245621,13707,180,2635
P2,sen1floods11,dofa_upernet,F3,71,Paraguay_179624,PRY,0.0407778732478618,0.1991529315710067,0.0169236063957214,4.930949671688722e-06,0.5010892414987658,0.7690605827257114,0.5097222222222222,0.1027777777777777,0.4736111111111111,0.362037037037037,0.5010892414987658,0.5671496742048658,262109,42,529,0.000160238679328,0.0020182443182034,261538,529,42,0
P2,sen1floods11,dofa_upernet,F3,71,Paraguay_191503,PRY,0.0887937098741531,0.3322443068027496,0.0087996125221252,1.3168155419407412e-05,0.5063819885253906,0.4462376090300222,0.2819444444444444,0.2805555555555555,0.3069444444444444,0.2898148148148148,0.5063819885253906,0.5468110716690895,262144,90,3256,0.0003433227539062,0.012420654296875,258798,3256,90,0
P2,sen1floods11,dofa_upernet,F3,71,Paraguay_198534,PRY,0.2583024501800537,0.7678182721138,0.0099731683731079,3.645159449661151e-05,0.5590960012686266,0.1563069116492049,0.5305555555555556,0.6263888888888889,0.6208333333333333,0.5925925925925926,0.5590960012686266,0.40654089997298,195487,0,23105,0.0,0.1181920025372531,172382,23105,0,0
P2,sen1floods11,dofa_upernet,F3,71,Paraguay_205585,PRY,0.0150604471564292,0.1064975559711456,0.0105149745941162,1.3873086572857574e-06,0.0,0.9999999999443656,0.3138888888888889,0.025,0.3138888888888889,0.2175925925925926,0.0,0.5740300917834541,262144,0,0,0.0,0.0,262144,0,0,0
P2,sen1floods11,dofa_upernet,F3,71,Paraguay_212687,PRY,0.0176293421536684,0.1209572181105613,0.0240215063095092,1.8400451153866011e-06,0.5291976928710938,0.9999999999478056,0.4916666666666666,0.0375,0.4875,0.3388888888888888,0.5291976928710938,0.5842254438322293,262144,15308,0,0.0583953857421875,0.0,246836,0,15308,0
P2,sen1floods11,dofa_upernet,F3,71,Paraguay_215904,PRY,0.0687839090824127,0.2730133235454559,0.0112825036048889,2.222239891125355e-05,0.5118444774378281,0.2702002214833853,0.4277777777777778,0.3652777777777777,0.5847222222222221,0.4592592592592592,0.5118444774378281,0.4741736014261167,226308,0,5361,0.0,0.0236889548756561,220947,5361,0,0
P2,sen1floods11,dofa_upernet,F3,71,Paraguay_224845,PRY,0.3171620070934295,0.8786320090293884,0.0476060509681701,2.3989676265046e-05,0.5000577367205543,0.8896410420283997,0.8125,0.5972222222222222,0.7847222222222222,0.7314814814814815,0.5000577367205543,0.7979990593701873,103920,0,12,0.0,0.0001154734411085,103908,12,0,0
P2,sen1floods11,dofa_upernet,F3,71,Paraguay_225187,PRY,0.3637470602989197,0.9285942316055298,0.016724944114685,5.339995550457388e-05,0.5956242854623385,0.1881382147061161,0.8055555555555556,0.776388888888889,0.851388888888889,0.8111111111111112,0.5956242854623385,0.558778424011407,262144,47,50166,0.0001792907714843,0.1913681030273437,211942,50155,36,11
P2,sen1floods11,dofa_upernet,F3,71,Paraguay_232281,PRY,0.0766739621758461,0.2936957776546478,0.0126588940620422,7.020293560344726e-05,0.5622954287930577,0.3139108915328158,0.5069444444444444,0.5430555555555556,0.825,0.625,0.5622954287930577,0.5896078562742055,261391,29404,4676,0.1124904836050208,0.017888909717626,227469,4518,29246,158
P2,sen1floods11,dofa_upernet,F3,71,Paraguay_24341,PRY,0.4162769019603729,0.9727573394775392,0.0103241205215454,1.4326576092571486e-05,0.2683341170345432,0.1754591813278826,0.6638888888888889,0.5722222222222222,0.4499999999999999,0.562037037037037,0.2683341170345432,0.4460285973383266,262144,68353,99700,0.2607460021972656,0.3803253173828125,160107,33684,2337,66016
P2,sen1floods11,dofa_upernet,F3,71,Paraguay_246154,PRY,0.0226922985166311,0.1274963319301605,0.008133053779602,3.079329871980008e-06,0.5003700256347656,0.9105360731164972,0.1625,0.0541666666666666,0.15,0.1222222222222222,0.5003700256347656,0.5631516883681347,262144,36,158,0.0001373291015625,0.0006027221679687,261950,158,36,0
P2,sen1floods11,dofa_upernet,F3,71,Paraguay_247656,PRY,0.1643411666154861,0.5644010305404663,0.0136816501617431,4.294202881283127e-05,0.1931253576952076,0.1623734325555047,0.6069444444444444,0.5736111111111112,0.788888888888889,0.6564814814814816,0.1931253576952076,0.3965770137344528,262144,20976,30440,0.08001708984375,0.116119384765625,231127,10041,577,20399
P2,sen1floods11,dofa_upernet,F3,71,Paraguay_252217,PRY,0.0495060198009014,0.2130777984857559,0.0084409713745117,2.405669329164084e-05,0.4832158815142013,0.5727115599450723,0.2236111111111111,0.3583333333333333,0.4347222222222222,0.3388888888888888,0.4832158815142013,0.6344471032934572,255778,300,1122,0.001172892117383,0.0043866165190125,254409,1069,247,53
P2,sen1floods11,dofa_upernet,F3,71,Paraguay_271769,PRY,0.381040096282959,0.945575475692749,0.0124362111091613,7.417141750920564e-05,0.5917532313016987,0.1817432261103215,0.7458333333333333,0.8069444444444445,0.8083333333333333,0.7870370370370371,0.5917532313016987,0.5717321358537041,262144,2613,59176,0.0099678039550781,0.225738525390625,202569,56962,399,2214
P2,sen1floods11,dofa_upernet,F3,71,Paraguay_280900,PRY,0.1934380829334259,0.6321399807929993,0.0100209712982177,9.231502917828038e-05,0.4234488487463548,0.1718110062739499,0.4888888888888889,0.6819444444444445,0.726388888888889,0.6324074074074074,0.4234488487463548,0.4741097519934413,262142,6585,22345,0.0251199731443263,0.0852400607304438,238515,17042,1282,5303
P2,sen1floods11,dofa_upernet,F3,71,Paraguay_284928,PRY,0.1237141340970993,0.4389542043209076,0.0122102499008178,8.39659187477082e-05,0.51196971320131,0.3314725142627643,0.5125,0.5902777777777777,0.8166666666666667,0.6398148148148147,0.51196971320131,0.610215846528548,261368,0,6257,0.0,0.02393942640262,255111,6257,0,0
P2,sen1floods11,dofa_upernet,F3,71,Paraguay_305760,PRY,0.0357794910669326,0.170118823647499,0.0101678371429443,1.0538766218815e-05,0.5833866540792372,0.6266834057347235,0.3319444444444444,0.175,0.3763888888888889,0.2944444444444444,0.5833866540792372,0.5577146092810064,262144,43791,945,0.1670494079589843,0.0036048889160156,217540,813,43659,132
P2,sen1floods11,dofa_upernet,F3,71,Paraguay_339807,PRY,0.4316251575946808,0.982014775276184,0.0091720819473266,2.267714444315061e-05,0.2900316510183582,0.1955849612299016,0.6111111111111112,0.6666666666666667,0.475,0.5842592592592593,0.2900316510183582,0.5235415751258301,214619,58043,86216,0.2704466985681603,0.401716530223326,125984,30592,2419,55624
P2,sen1floods11,dofa_upernet,F3,71,Paraguay_36015,PRY,0.1806626170873642,0.6031919717788696,0.0164842009544372,3.708113945322111e-05,0.5296998920420082,0.2102917638451542,0.6472222222222223,0.5722222222222222,0.8055555555555556,0.6749999999999999,0.5296998920420082,0.4878325225170474,262139,0,15571,0.0,0.0593997840840164,246568,15571,0,0
P2,sen1floods11,dofa_upernet,F3,71,Paraguay_36146,PRY,0.0360597483813762,0.1704466640949249,0.0056813359260559,5.418378350441344e-06,0.5016689300537109,0.6497026865105058,0.0736111111111111,0.0986111111111111,0.0416666666666666,0.0712962962962962,0.5016689300537109,0.5384672199712666,262144,0,875,0.0,0.0033378601074218,261269,875,0,0
P2,sen1floods11,dofa_upernet,F3,71,Paraguay_403081,PRY,0.0315632559359073,0.1569016426801681,0.0081866979598999,2.264998693135567e-05,0.2980678971351451,0.3780170618105766,0.1888888888888888,0.3124999999999999,0.3986111111111111,0.3,0.2980678971351451,0.5215833015197584,249836,1202,2205,0.0048111561184136,0.008825789718055,247419,1215,212,990
P2,sen1floods11,dofa_upernet,F3,71,Paraguay_40936,PRY,0.0682712495326995,0.2711994051933288,0.0106581449508667,1.593529486854095e-05,0.5049017559013798,0.5044130297255986,0.4055555555555555,0.3041666666666667,0.5013888888888889,0.4037037037037037,0.5049017559013798,0.5701593810125545,215331,0,2111,0.0,0.0098035118027594,213220,2111,0,0
P2,sen1floods11,dofa_upernet,F3,71,Paraguay_44682,PRY,0.0550852641463279,0.2174323201179504,0.0192881226539611,1.3290613424032928e-05,0.3837557039589674,0.392939995572936,0.5291666666666667,0.2416666666666667,0.6236111111111111,0.4648148148148148,0.3837557039589674,0.5021581469961969,262144,1309,2751,0.0049934387207031,0.0104942321777343,258875,1960,518,791
P2,sen1floods11,dofa_upernet,F3,71,Paraguay_470303,PRY,0.0557759590446949,0.2368729710578918,0.0140979290008544,2.6965484721586108e-05,0.3599561719125481,0.2429450331156762,0.4930555555555555,0.3708333333333333,0.7,0.5212962962962963,0.3599561719125481,0.4568994067151317,262144,10446,5375,0.0398483276367187,0.0205039978027343,250087,1611,6682,3764
P2,sen1floods11,dofa_upernet,F3,71,Paraguay_482517,PRY,0.270639955997467,0.80279541015625,0.0134907364845275,2.451013460813556e-05,0.1517111685406507,0.1687465547749139,0.7083333333333333,0.5819444444444444,0.6958333333333333,0.662037037037037,0.1517111685406507,0.4156855601593655,259600,47452,56380,0.182788906009245,0.2171802773497688,200669,11479,2551,44901
P2,sen1floods11,dofa_upernet,F3,71,Paraguay_48673,PRY,0.1268451511859893,0.4529136419296264,0.0106902718544006,4.565587005345151e-05,0.5101650414665524,0.3003840771700224,0.4444444444444445,0.5291666666666667,0.6875,0.5537037037037037,0.5101650414665524,0.5768324665568155,262144,133,7388,0.0005073547363281,0.0281829833984375,254682,7329,74,59
P2,sen1floods11,dofa_upernet,F3,71,Paraguay_511199,PRY,0.1742878407239914,0.5786231160163879,0.0081628561019897,4.839893881580792e-05,0.3851955681695151,0.3078403848196078,0.3402777777777778,0.5930555555555556,0.5194444444444445,0.4842592592592593,0.3851955681695151,0.6053834201935921,262144,11544,9288,0.044036865234375,0.035430908203125,245812,4788,7044,4500
P2,sen1floods11,dofa_upernet,F3,71,Paraguay_54421,PRY,0.0446823313832283,0.2094363421201706,0.0072135925292968,1.822739613999147e-05,0.4977060065006753,0.479095032746608,0.1375,0.2986111111111111,0.2888888888888888,0.2416666666666667,0.4977060065006753,0.5622013385783499,262144,40,1696,0.000152587890625,0.0064697265625,260427,1677,21,19
P2,sen1floods11,dofa_upernet,F3,71,Paraguay_581976,PRY,0.3042163550853729,0.8526864051818848,0.0098554491996765,6.722744728904217e-05,0.6639400364200619,0.1855845768594399,0.5597222222222222,0.7319444444444445,0.6888888888888889,0.6601851851851852,0.6639400364200619,0.5383395211059157,261748,148589,37135,0.5676796002261717,0.1418730993169002,107586,5573,117027,31562
P2,sen1floods11,dofa_upernet,F3,71,Paraguay_59731,PRY,0.0839874371886253,0.3231880962848663,0.00774747133255,7.329667278099805e-05,0.3409897932499031,0.2010566725042929,0.2444444444444444,0.5583333333333333,0.5472222222222223,0.45,0.3409897932499031,0.4749544620603491,255656,2770,8160,0.0108348718590606,0.0319178896642363,247495,5391,1,2769
P2,sen1floods11,dofa_upernet,F3,71,Paraguay_605682,PRY,0.3795230984687805,0.943666398525238,0.0084722638130187,2.4179700631066225e-05,0.4021441945406028,0.207056639642578,0.5222222222222223,0.6569444444444444,0.4347222222222222,0.537962962962963,0.4021441945406028,0.5280855309142536,262144,75440,57018,0.28778076171875,0.2175064086914062,169653,17051,35473,39967
P2,sen1floods11,dofa_upernet,F3,71,Paraguay_62897,PRY,0.1094956025481224,0.4206279516220093,0.0155288577079772,1.5727859135949984e-05,0.5455093604490024,0.4110271650613128,0.5666666666666667,0.3388888888888889,0.6194444444444445,0.5083333333333333,0.5455093604490024,0.5716008716735559,262144,41142,4248,0.1569442749023437,0.016204833984375,219450,1552,38446,2696
P2,sen1floods11,dofa_upernet,F3,71,Paraguay_648632,PRY,0.1060470342636108,0.3909332156181335,0.0088113546371459,3.7529520341195166e-05,0.480877296930292,0.3083486344689379,0.3013888888888889,0.5166666666666667,0.5402777777777779,0.4527777777777778,0.480877296930292,0.5793822180585161,262144,18394,6498,0.0701675415039062,0.0247879028320312,239808,3942,15838,2556
P2,sen1floods11,dofa_upernet,F3,71,Paraguay_651904,PRY,0.1453179717063903,0.5208346247673035,0.0102795958518981,2.945410960819572e-05,0.2507066751151554,0.1573417466723972,0.4416666666666666,0.4916666666666666,0.5916666666666666,0.5083333333333333,0.2507066751151554,0.3521821453778053,262144,27156,30080,0.1035919189453125,0.11474609375,225561,9427,6503,20653
P2,sen1floods11,dofa_upernet,F3,71,Paraguay_657443,PRY,0.4219971001148224,0.9766331315040588,0.0130444765090942,2.9913207981735468e-05,0.2912925438513865,0.1763498324492447,0.7958333333333333,0.7291666666666666,0.7305555555555555,0.7518518518518519,0.2912925438513865,0.5210941935790987,262144,64974,101686,0.2478561401367187,0.3879013061523437,159045,38125,1413,63561
P2,sen1floods11,dofa_upernet,F3,71,Paraguay_683296,PRY,0.0689751207828521,0.2917235195636749,0.0080336928367614,3.670043952297419e-05,0.2856721455415676,0.1926311069423891,0.2416666666666666,0.4708333333333333,0.4875,0.3999999999999999,0.2856721455415676,0.4332635679263389,259578,7409,10851,0.0285424804875605,0.0418024639992603,247033,5136,1694,5715
P2,sen1floods11,dofa_upernet,F3,71,Paraguay_721886,PRY,0.2624854743480682,0.7800837755203247,0.0103315114974975,0.000139154100907,0.4277922143273053,0.1969376220749943,0.5513888888888889,0.7805555555555556,0.7708333333333333,0.700925925925926,0.4277922143273053,0.5674670733485279,261426,10917,25717,0.0417594271419063,0.0983720058448662,231734,18775,3975,6942
P2,sen1floods11,dofa_upernet,F3,71,Paraguay_76868,PRY,0.2816811800003052,0.8195533752441406,0.0088319778442382,3.69101035175845e-05,0.2810044914951202,0.2101681840812425,0.4597222222222222,0.6555555555555556,0.5208333333333334,0.5453703703703704,0.2810044914951202,0.5252791003761639,262121,17683,33579,0.0674612106622514,0.1281049591600825,228095,16343,447,17236
P2,sen1floods11,dofa_upernet,F3,71,Paraguay_7894,PRY,0.0196319799870252,0.114501878619194,0.0135681629180908,3.888304490828887e-06,0.5000717157878598,0.8748527199374908,0.4236111111111111,0.0333333333333333,0.4319444444444444,0.2962962962962963,0.5000717157878598,0.544375558725693,202187,0,29,0.0,0.0001434315757195,202158,29,0,0
P2,sen1floods11,dofa_upernet,F3,71,Paraguay_790830,PRY,0.2263978868722915,0.7138744592666626,0.0116897821426391,2.723886063904501e-05,0.1809901372617903,0.1607562245574285,0.5916666666666666,0.5527777777777778,0.625,0.5898148148148148,0.1809901372617903,0.3897826034706295,261199,31947,44383,0.1223090440621901,0.1699202523746262,216226,13026,590,31357
P2,sen1floods11,dofa_upernet,F3,71,Paraguay_791364,PRY,0.0273998491466045,0.1420608013868332,0.0098763108253479,4.78526453662198e-06,0.442837322342976,0.8004595158416775,0.3,0.0708333333333333,0.2958333333333333,0.2222222222222222,0.442837322342976,0.5607625607741709,261735,1206,391,0.0046077139091065,0.0014938773950751,260308,221,1036,170
P2,sen1floods11,dofa_upernet,F3,71,Paraguay_792268,PRY,0.0686134174466133,0.2725951671600342,0.007919430732727,4.600320244207978e-05,0.3720796469821722,0.364641375204121,0.2249999999999999,0.4902777777777778,0.5069444444444444,0.4074074074074074,0.3720796469821722,0.5894294060859253,262120,1346,3560,0.0051350526476423,0.0135815656951014,258247,2527,313,1033
P2,sen1floods11,dofa_upernet,F3,71,Paraguay_795075,PRY,0.0567397959530353,0.2449352741241455,0.0086483359336853,4.828027886105701e-05,0.3308463510070382,0.2433207127788491,0.2513888888888889,0.4833333333333333,0.5402777777777779,0.425,0.3308463510070382,0.5042870623281782,262138,3421,6066,0.0130503780451517,0.0231404832569104,255140,3577,932,2489
P2,sen1floods11,dofa_upernet,F3,71,Paraguay_80102,PRY,0.0136811789125204,0.1016472652554512,0.0100035071372985,1.0672765711206011e-06,0.5000419618299936,0.9999999999434788,0.275,0.025,0.275,0.1916666666666666,0.5000419618299936,0.5740300917834541,262143,22,0,8.392365998710627e-05,0.0,262121,0,22,0
P2,sen1floods11,dofa_upernet,F3,71,Paraguay_822142,PRY,0.449832022190094,0.9903524518013,0.00968998670578,2.055672848655377e-05,0.3126573370341816,0.2013676970852013,0.6652777777777777,0.6666666666666666,0.4791666666666666,0.6037037037037037,0.3126573370341816,0.5290169259394453,262144,80190,118293,0.3059005737304687,0.4512519836425781,139833,42121,4018,76172
P2,sen1floods11,dofa_upernet,F3,71,Paraguay_868895,PRY,0.2579142451286316,0.7723674774169922,0.0087434649467468,6.0097598179709166e-05,0.4132799181234392,0.1827770785242406,0.4263888888888889,0.6916666666666667,0.5736111111111111,0.563888888888889,0.4132799181234392,0.5206699325370876,175465,15787,18012,0.0899723591599464,0.102652950730915,149169,10509,8284,7503
P2,sen1floods11,dofa_upernet,F3,71,Paraguay_892933,PRY,0.1901265978813171,0.6206415891647339,0.0071466565132141,6.103544728830457e-05,0.5169764203384434,0.2485391676286856,0.2583333333333333,0.6263888888888889,0.4708333333333333,0.4518518518518519,0.5169764203384434,0.5672265945170194,262144,26570,13394,0.1013565063476562,0.0510940551757812,225613,9961,23137,3433
P2,sen1floods11,dofa_upernet,F3,71,Paraguay_896458,PRY,0.3511694967746734,0.9153977632522584,0.0115716457366943,2.636477438500151e-05,0.1990544025387794,0.1743549610574042,0.6763888888888889,0.6333333333333333,0.6208333333333333,0.6435185185185185,0.1990544025387794,0.4653471710378069,240678,49299,65045,0.2048338443895994,0.2702573563017808,173591,17788,2042,47257
P2,sen1floods11,dofa_upernet,F3,71,Paraguay_913449,PRY,0.238043874502182,0.7308204770088196,0.0083412528038024,7.033112342469394e-05,0.4435593648266472,0.1831997966739852,0.4055555555555555,0.6902777777777778,0.576388888888889,0.5574074074074075,0.4435593648266472,0.5197193339514962,262144,5517,24988,0.0210456848144531,0.0953216552734375,236576,20051,580,4937
P2,sen1floods11,dofa_upernet,F3,71,Paraguay_921838,PRY,0.2219972014427185,0.6948137879371643,0.0146663784980773,5.4887696023797616e-05,0.4925909178326698,0.2584185467175781,0.6625000000000001,0.6625000000000001,0.8305555555555556,0.7185185185185187,0.4925909178326698,0.5929538482462482,262144,7350,15808,0.0280380249023437,0.060302734375,240883,13911,5453,1897
P2,sen1floods11,dofa_upernet,F3,71,Paraguay_934240,PRY,0.0190120190382003,0.1179157048463821,0.0158315300941467,2.9410552997433115e-06,0.539276123046875,0.8511516857719577,0.4444444444444444,0.0416666666666666,0.4444444444444444,0.3101851851851852,0.539276123046875,0.5480995961565769,262144,20358,234,0.0776596069335937,0.0008926391601562,241552,234,20358,0
P2,sen1floods11,dofa_upernet,F3,71,Paraguay_989230,PRY,0.3669873774051666,0.9319475293159484,0.0106617212295532,3.4634234907571226e-05,0.2012028944769169,0.1926673933100992,0.6666666666666667,0.7236111111111112,0.6597222222222223,0.6833333333333335,0.2012028944769169,0.5462260366631505,219924,36591,48618,0.166380204070497,0.2210672777868718,169322,14011,1984,34607
P2,sen1floods11,dofa_upernet,F3,71,Paraguay_997480,PRY,0.0648981407284736,0.2810379564762115,0.0091152787208557,1.842418350861408e-05,0.3224955324467502,0.1974426628900728,0.298611111111111,0.3402777777777778,0.4305555555555556,0.3564814814814814,0.3224955324467502,0.3785494973273766,262144,19947,8565,0.0760917663574218,0.0326728820800781,241819,378,11760,8187
P2,sen1floods11,dofa_upernet,F3,71,Somalia_1068756,SOM,0.4329960644245147,0.9827860593795776,0.0117024779319763,4.697278927778825e-05,0.624815957059072,0.195234682088379,0.7458333333333333,0.8,0.7180555555555556,0.7546296296296297,0.624815957059072,0.5795382322451426,171193,6495,53999,0.0379396353822878,0.3154276167833965,114475,50223,2719,3776
P2,sen1floods11,dofa_upernet,F3,71,Somalia_1087508,SOM,0.4316900968551636,0.9820115566253662,0.008163034915924,8.31612924230285e-05,0.5830496143277224,0.2037084388354363,0.5347222222222222,0.8486111111111111,0.5805555555555555,0.6546296296296296,0.5830496143277224,0.6041802107154719,212943,10021,66362,0.0470595417553054,0.3116420826230494,145025,57897,1556,8465
P2,sen1floods11,dofa_upernet,F3,71,Somalia_12849,SOM,0.4532147347927093,0.9915524125099182,0.0108054876327514,1.871482709248085e-05,0.7028685859017292,0.137941894788639,0.7361111111111112,0.6708333333333334,0.5375000000000001,0.6481481481481483,0.7028685859017292,0.3732353990311877,191302,37192,129912,0.1944151132763902,0.6790937888783181,56460,97650,4930,32262
P2,sen1floods11,dofa_upernet,F3,71,Somalia_166342,SOM,0.1600484102964401,0.5524617433547974,0.0124370455741882,5.057675298303366e-05,0.5093980786754739,0.481990591551969,0.5569444444444445,0.5902777777777778,0.7805555555555554,0.6425925925925926,0.5093980786754739,0.6871401156420137,220577,12,4135,5.4402770914465245e-05,0.0187462881442761,216430,4135,12,0
P2,sen1floods11,dofa_upernet,F3,71,Somalia_167787,SOM,0.438326746225357,0.9853072166442872,0.0091797709465026,6.04789711360354e-05,0.6550254269315412,0.2108720164428181,0.6319444444444444,0.8416666666666667,0.6291666666666667,0.700925925925926,0.6550254269315412,0.6066346784234616,220505,225,69240,0.0010203850252828,0.3140064851137162,151264,69016,1,224
P2,sen1floods11,dofa_upernet,F3,71,Somalia_195014,SOM,0.0510542765259742,0.2207255065441131,0.0087888240814208,2.7927262635785155e-05,0.5083137170982238,0.2990259717638428,0.2277777777777778,0.3736111111111111,0.4541666666666666,0.3518518518518518,0.5083137170982238,0.5051410071711422,233650,0,3885,0.0,0.0166274341964476,229765,3885,0,0
P2,sen1floods11,dofa_upernet,F3,71,Somalia_205466,SOM,0.2041791826486587,0.6569329500198364,0.0103269815444946,8.480362157570198e-05,0.5231378314999395,0.2446676966420913,0.5013888888888889,0.6777777777777778,0.7180555555555554,0.6324074074074074,0.5231378314999395,0.5893666778063598,240083,93,11018,0.0003873660359125,0.0458924621901592,228972,11018,93,0
P2,sen1floods11,dofa_upernet,F3,71,Somalia_230192,SOM,0.4302113652229309,0.9811547994613647,0.0111229419708251,4.5135635446058586e-05,0.6933705313616315,0.1739316546553164,0.7250000000000001,0.7875000000000001,0.7097222222222223,0.7407407407407408,0.6933705313616315,0.531355013805273,232522,58,90111,0.0002494387627837,0.3875375233311257,142411,90053,0,58
P2,sen1floods11,dofa_upernet,F3,71,Somalia_256539,SOM,0.2814048826694488,0.8135624527931213,0.0048590302467346,0.0001158082741312,0.53073279009174,0.2908950630682435,0.2972222222222222,0.7805555555555556,0.4833333333333333,0.5203703703703704,0.53073279009174,0.6815543946519778,221259,23,13596,0.0001039505737619,0.0614483478638157,207641,13595,22,1
P2,sen1floods11,dofa_upernet,F3,71,Somalia_295782,SOM,0.4296137392520904,0.9809540510177612,0.0096807479858398,3.741699765669182e-05,0.6033501236013781,0.1873764008049725,0.6402777777777777,0.7791666666666668,0.6166666666666667,0.6787037037037037,0.6033501236013781,0.561009546863034,203048,16239,80606,0.0799761632717387,0.3969800244277215,119694,67115,2748,13491
P2,sen1floods11,dofa_upernet,F3,71,Somalia_322855,SOM,0.3246168196201324,0.8826684355735779,0.0060139298439025,3.260898301959969e-05,0.2780977017768651,0.1542275873855297,0.325,0.6625,0.3625,0.45,0.2780977017768651,0.4134598037019114,255044,44737,50400,0.1754089490440865,0.1976129609008641,194214,16093,10430,34307
P2,sen1floods11,dofa_upernet,F3,71,Somalia_32375,SOM,0.4352315962314605,0.9837788939476012,0.0111772418022155,7.483489025617018e-05,0.6700646873749097,0.201493339087215,0.7416666666666667,0.8527777777777779,0.7583333333333333,0.7842592592592593,0.6700646873749097,0.6064133958214135,133568,1,45437,7.486823191183517e-06,0.3401787853378055,88131,45436,0,1
P2,sen1floods11,dofa_upernet,F3,71,Somalia_371421,SOM,0.3936155438423157,0.9569458961486816,0.0086099505424499,4.845594230573624e-05,0.6335103827229718,0.1854480612917315,0.5305555555555556,0.7625,0.5402777777777779,0.6111111111111112,0.6335103827229718,0.5533140277409331,230962,34678,58158,0.1501459114486365,0.2518076566707943,145299,50985,27505,7173
P2,sen1floods11,dofa_upernet,F3,71,Somalia_60129,SOM,0.3116734027862549,0.8599275946617126,0.0123479962348937,6.711864261887968e-05,0.5383930822992038,0.2518224022231066,0.6749999999999999,0.7319444444444445,0.8041666666666667,0.737037037037037,0.5383930822992038,0.6140678096277713,222316,677,17928,0.003045214919304,0.0806419690890444,203821,17818,567,110
P2,sen1floods11,dofa_upernet,F3,71,Somalia_61368,SOM,0.0357383713126182,0.1884653866291046,0.0135230422019958,7.402088158414699e-06,0.5005212026163433,0.8978047836889952,0.4805555555555555,0.1180555555555555,0.4597222222222222,0.3527777777777777,0.5005212026163433,0.5908778278038009,212969,0,222,0.0,0.0010424052326864,212747,222,0,0
P2,sen1floods11,dofa_upernet,F3,71,Somalia_626316,SOM,0.4438691437244415,0.9878563284873962,0.0074415206909179,2.8332084184512496e-05,0.6527473570650494,0.1666253065457088,0.5305555555555556,0.7347222222222222,0.4125,0.5592592592592592,0.6527473570650494,0.4785254696220105,169085,21727,96230,0.1284975012567643,0.5691220392110476,71720,75638,1135,20592
P2,sen1floods11,dofa_upernet,F3,71,Somalia_649376,SOM,0.4155782163143158,0.9725816249847412,0.0087251663208007,6.674162432318553e-05,0.6187665946338514,0.2031858845707178,0.5388888888888889,0.8152777777777778,0.5847222222222223,0.6462962962962963,0.6187665946338514,0.5897789495126025,213929,5187,58986,0.0242463621107937,0.2757269935352383,152328,56414,2615,2572
P2,sen1floods11,dofa_upernet,F3,71,Somalia_685158,SOM,0.3386614322662353,0.8982207775115967,0.0068241357803344,9.227032569469884e-05,0.4626492477913819,0.2122167324151948,0.3652777777777777,0.7805555555555556,0.5041666666666667,0.5499999999999999,0.4626492477913819,0.5828621080379858,184172,25254,23201,0.1371218209065438,0.1259746324088352,145205,13713,15766,9488
P2,sen1floods11,dofa_upernet,F3,71,Somalia_699062,SOM,0.2553341090679168,0.7645830512046814,0.0085040926933288,5.456358485389501e-05,0.4762647395371501,0.2563768778895954,0.4180555555555555,0.6833333333333333,0.5652777777777778,0.5555555555555555,0.4762647395371501,0.5975309237908419,203209,3290,11962,0.0161902277950287,0.058865503004296,189447,10472,1800,1490
P2,sen1floods11,dofa_upernet,F3,71,Somalia_7931,SOM,0.0432069599628448,0.1997667700052261,0.0083094239234924,5.656895154970698e-06,0.5010125165864575,0.7243949424926039,0.2152777777777778,0.1069444444444444,0.1833333333333333,0.1685185185185185,0.5010125165864575,0.5609996074024479,201972,0,409,0.0,0.002025033172915,201563,409,0,0
P2,sen1floods11,dofa_upernet,F3,71,Somalia_886726,SOM,0.4235093891620636,0.9775034785270692,0.0074020624160766,4.015344165964052e-05,0.3680106334908863,0.1974280653826118,0.4847222222222221,0.775,0.4652777777777778,0.5750000000000001,0.3680106334908863,0.568613564212824,262036,82995,81966,0.3167312888305423,0.3128043474942374,153391,25650,26679,56316
P2,sen1floods11,dofa_upernet,F3,71,Somalia_93023,SOM,0.3826037347316742,0.9468541145324708,0.0135234594345092,8.506270387442783e-05,0.5812671369625981,0.225381064549481,0.7833333333333333,0.8194444444444444,0.8583333333333333,0.8203703703703704,0.5812671369625981,0.6100781518378422,187825,0,30529,0.0,0.1625395980300812,157296,30529,0,0
P2,sen1floods11,dofa_upernet,F3,71,Somalia_94102,SOM,0.3297207057476043,0.8876278400421143,0.0074566006660461,3.683949398691766e-05,0.3689012207761699,0.227483007352817,0.4249999999999999,0.6791666666666667,0.4625,0.5222222222222221,0.3689012207761699,0.5547626118941322,241360,12694,32493,0.0525936360623135,0.1346246271130262,208030,20636,837,11857
P2,sen1floods11,dofa_upernet,F3,71,Somalia_970508,SOM,0.4216091632843017,0.9762919545173644,0.0067358613014221,3.5958240914624184e-05,0.6185821283325402,0.1741723478139462,0.4416666666666666,0.7555555555555555,0.4027777777777778,0.5333333333333333,0.6185821283325402,0.5179043511879949,217119,38112,85949,0.1755350752352396,0.3958612558090263,112909,66098,18261,19851
P2,sen1floods11,dofa_upernet,F3,71,Somalia_989553,SOM,0.4244495630264282,0.978103518486023,0.0080583691596984,1.1007279681507498e-05,0.627086298650082,0.2082121454241584,0.5263888888888889,0.5222222222222221,0.2541666666666666,0.4342592592592593,0.627086298650082,0.4726229407713482,110303,2307,25729,0.0209151156360207,0.2332574816641433,82267,25729,2307,0
P2,sen1floods11,dofa_upernet,F3,71,Somalia_992457,SOM,0.0526576228439807,0.2324970811605453,0.0131826996803283,2.353374111407902e-05,0.4622155224168669,0.4476203442839501,0.4888888888888889,0.3666666666666666,0.6916666666666667,0.5157407407407407,0.4622155224168669,0.5813749243329491,181140,7852,2115,0.0433476868720326,0.0116760516727393,172234,1054,6791,1061
P2,sen1floods11,dofa_upernet,F3,71,Sri-Lanka_101973,LKA,0.0972854122519493,0.3780473172664642,0.0051429271697998,3.9030488551361486e-05,0.4811599380558349,0.3044531169368756,0.1388888888888889,0.5166666666666667,0.3777777777777778,0.3444444444444445,0.4811599380558349,0.5714938546708228,262143,2958,5896,0.0112839175564481,0.0224915408765444,253847,5338,2400,558
P2,sen1floods11,dofa_upernet,F3,71,Sri-Lanka_1038087,LKA,0.1435584425926208,0.4963427484035492,0.0060637593269348,4.781954703503288e-05,0.4523127127272861,0.2889225997447013,0.1638888888888889,0.5375000000000001,0.3986111111111111,0.3666666666666667,0.4523127127272861,0.5710904679224674,262143,18112,8612,0.069092060440294,0.0328522981731345,239281,4750,14250,3862
P2,sen1floods11,dofa_upernet,F3,71,Sri-Lanka_1049830,LKA,0.1398428678512573,0.4897050857543945,0.0080605149269104,6.952296098461375e-05,0.3775340970900604,0.2340028365622384,0.2763888888888889,0.5777777777777778,0.5597222222222222,0.4712962962962963,0.3775340970900604,0.5215080269933394,190233,2577,7613,0.0135465455520335,0.0400193446983436,182245,5411,375,2202
P2,sen1floods11,dofa_upernet,F3,71,Sri-Lanka_117737,LKA,0.1326942443847656,0.4907512068748474,0.0115108489990234,3.724083580891602e-05,0.4546730634419965,0.4346557094039862,0.4791666666666666,0.5125,0.6972222222222222,0.5629629629629629,0.4546730634419965,0.6441536181901975,262144,6731,4576,0.0256767272949218,0.0174560546875,252088,3325,5480,1251
P2,sen1floods11,dofa_upernet,F3,71,Sri-Lanka_120804,LKA,0.0795204266905784,0.3210252523422241,0.0054474472999572,3.277153518865816e-05,0.4565050670669547,0.4392009508223208,0.1236111111111111,0.4736111111111111,0.35,0.3157407407407407,0.4565050670669547,0.6272284246566833,262144,6958,2858,0.0265426635742187,0.0109024047851562,253354,1832,5932,1026
P2,sen1floods11,dofa_upernet,F3,71,Sri-Lanka_132922,LKA,0.1145973652601242,0.4203381538391113,0.0071015357971191,3.2479023502673954e-05,0.5058078525469913,0.4424766422446539,0.1944444444444444,0.4930555555555555,0.4013888888888888,0.3629629629629629,0.5058078525469913,0.6359178453287457,262144,17843,4009,0.0680656433105468,0.0152931213378906,241574,2727,16561,1282
P2,sen1floods11,dofa_upernet,F3,71,Sri-Lanka_135713,LKA,0.0266759525984525,0.1505319625139236,0.0254690051078796,8.988846275315154e-06,0.5014404823941041,0.7042615278505561,0.5305555555555556,0.1569444444444444,0.5847222222222223,0.424074074074074,0.5014404823941041,0.5718570011297991,134330,0,387,0.0,0.0028809647882081,133943,387,0,0
P2,sen1floods11,dofa_upernet,F3,71,Sri-Lanka_14484,LKA,0.1180846244096756,0.427480399608612,0.0084398984909057,6.518151349155232e-05,0.5483851971971437,0.3445766798848259,0.2930555555555555,0.5736111111111111,0.5805555555555556,0.4824074074074074,0.5483851971971437,0.6079956782200625,232015,38866,5434,0.1675150313557313,0.0234208995108074,190651,2498,35930,2936
P2,sen1floods11,dofa_upernet,F3,71,Sri-Lanka_152185,LKA,0.0990200415253639,0.3676613867282867,0.0105912089347839,4.443410216481425e-05,0.3609236536500391,0.3067959821306839,0.4402777777777778,0.5208333333333334,0.6833333333333333,0.5481481481481482,0.3609236536500391,0.5732321512560982,262144,2198,6139,0.0083847045898437,0.0234184265136718,255709,4237,296,1902
P2,sen1floods11,dofa_upernet,F3,71,Sri-Lanka_163406,LKA,0.0731138288974762,0.2912580966949463,0.0101824402809143,3.2958152587525547e-05,0.2201788535071668,0.2579341692719141,0.3791666666666666,0.4624999999999999,0.6166666666666667,0.4861111111111111,0.2201788535071668,0.5055152632776438,262144,5070,6103,0.0193405151367187,0.0232810974121093,255034,2040,1007,4063
P2,sen1floods11,dofa_upernet,F3,71,Sri-Lanka_178753,LKA,0.0213405452668666,0.1327387690544128,0.023829698562622,3.22647451866942e-06,0.501469238556286,0.9390017219438376,0.5041666666666667,0.0541666666666666,0.4916666666666666,0.35,0.501469238556286,0.5678847064007506,253873,645,101,0.0025406403989396,0.0003978367136324,253127,101,645,0
P2,sen1floods11,dofa_upernet,F3,71,Sri-Lanka_233609,LKA,0.1854330003261566,0.6111689805984497,0.0077799558639526,6.235753244254738e-05,0.4040161269737488,0.3086062348310955,0.3277777777777778,0.6333333333333334,0.5472222222222223,0.5027777777777778,0.4040161269737488,0.6300753172389475,257120,6877,9873,0.0267462663347853,0.0383984131922837,243535,6708,3712,3165
P2,sen1floods11,dofa_upernet,F3,71,Sri-Lanka_236030,LKA,0.0453518070280551,0.2084265202283859,0.0162795782089233,3.104871939285658e-05,0.3463651300620551,0.2752660503542846,0.4930555555555556,0.4013888888888889,0.7555555555555555,0.5499999999999999,0.3463651300620551,0.4929408387797316,206088,1713,4313,0.0083119832304646,0.0209279531074104,201531,2844,244,1469
P2,sen1floods11,dofa_upernet,F3,71,Sri-Lanka_236628,LKA,0.0641925036907196,0.2555887103080749,0.0082833170890808,1.7260679669561796e-05,0.3669716808437299,0.3626999241372258,0.2388888888888888,0.3138888888888889,0.3583333333333333,0.3037037037037037,0.3669716808437299,0.5156353137589891,262142,3081,3493,0.0117531719449763,0.0133248392092835,257007,2054,1642,1439
P2,sen1floods11,dofa_upernet,F3,71,Sri-Lanka_249079,LKA,0.0585471279919147,0.2830152213573456,0.0250763297080993,1.006017828331096e-05,0.5009194355939919,0.8444347974276796,0.5833333333333334,0.2138888888888888,0.5888888888888889,0.462037037037037,0.5009194355939919,0.622423630951291,164775,11,292,6.675769989379457e-05,0.0017721134880898,164472,292,11,0
P2,sen1floods11,dofa_upernet,F3,71,Sri-Lanka_31559,LKA,0.0277159865945577,0.1781910806894302,0.0212749242782592,1.2648562233152916e-06,0.50106035329875,0.999999999958719,0.5319444444444444,0.0819444444444444,0.475,0.3629629629629629,0.50106035329875,0.60421069892711,218795,464,0,0.0021207065974999,0.0,218331,0,464,0
P2,sen1floods11,dofa_upernet,F3,71,Sri-Lanka_321316,LKA,0.4332970380783081,0.9827509522438048,0.0081858038902282,4.947763591189869e-05,0.4831025268890225,0.1830820244772883,0.5513888888888889,0.8083333333333333,0.5319444444444444,0.6305555555555555,0.4831025268890225,0.5735487893504614,262133,96905,97382,0.3696787508631114,0.3714984378159178,125394,39834,39357,57548
P2,sen1floods11,dofa_upernet,F3,71,Sri-Lanka_377277,LKA,0.1392377465963363,0.4906507134437561,0.0086416006088256,6.892572855576873e-05,0.2851837700736862,0.2456806398785139,0.3013888888888889,0.5777777777777778,0.5847222222222223,0.487962962962963,0.2851837700736862,0.5451731171564193,259388,8603,10540,0.0331665304485943,0.0406341079772387,246256,4529,2592,6011
P2,sen1floods11,dofa_upernet,F3,71,Sri-Lanka_400518,LKA,0.0807660147547721,0.3039287030696869,0.0087726116180419,5.232978946878575e-05,0.3399147374511632,0.2877752279694844,0.2708333333333333,0.5277777777777778,0.5652777777777778,0.4546296296296296,0.3399147374511632,0.566003424805437,262144,2380,5502,0.0090789794921875,0.0209884643554687,256241,3523,401,1979
P2,sen1floods11,dofa_upernet,F3,71,Sri-Lanka_450918,LKA,0.3925952911376953,0.9611920118331908,0.0220729112625122,1.614068605704233e-05,0.5201789884802054,0.8986640948864228,0.8430555555555556,0.5847222222222223,0.675,0.700925925925926,0.5201789884802054,0.7946812422769148,99126,4277,315,0.0431471057038516,0.0031777737425095,94559,290,4252,25
P2,sen1floods11,dofa_upernet,F3,71,Sri-Lanka_49764,LKA,0.039910938590765,0.198441743850708,0.0304544568061828,9.72954057942843e-06,0.5061049534165958,0.8025261820345498,0.5694444444444444,0.1791666666666666,0.6097222222222223,0.4527777777777778,0.5061049534165958,0.6069068083226081,243327,2486,485,0.0102167042703851,0.0019932025628064,240356,485,2486,0
P2,sen1floods11,dofa_upernet,F3,71,Sri-Lanka_52223,LKA,0.0145644191652536,0.1006502136588096,0.010241687297821,1.596546326254611e-06,0.500030517578125,0.9906607457922362,0.2833333333333333,0.025,0.2833333333333333,0.1972222222222222,0.500030517578125,0.5598310376856062,262144,0,16,0.0,6.103515625e-05,262128,16,0,0
P2,sen1floods11,dofa_upernet,F3,71,Sri-Lanka_523539,LKA,0.1265872567892074,0.4638279676437378,0.007169485092163,5.967777542537078e-05,0.4699188363881845,0.1903964203711141,0.1986111111111111,0.5666666666666667,0.4708333333333333,0.412037037037037,0.4699188363881845,0.4742754071390611,218481,24669,9574,0.1129114202150301,0.0438207441379341,189294,4518,19613,5056
P2,sen1floods11,dofa_upernet,F3,71,Sri-Lanka_534068,LKA,0.4311448335647583,0.9817807078361512,0.0208687186241149,3.176310201524757e-05,0.8682435014974823,0.2259344769334068,0.8638888888888889,0.7513888888888889,0.8125,0.8092592592592593,0.8682435014974823,0.5825520291895099,262144,257268,73116,0.9813995361328124,0.2789154052734375,322,4554,188706,68562
P2,sen1floods11,dofa_upernet,F3,71,Sri-Lanka_551926,LKA,0.2389295846223831,0.7398754358291626,0.0089211463928222,5.523105937754736e-05,0.2876986849206109,0.2372782075833247,0.4222222222222221,0.675,0.5777777777777778,0.5583333333333332,0.2876986849206109,0.584340850294726,262144,19600,19386,0.07476806640625,0.0739517211914062,235794,6750,6964,12636
P2,sen1floods11,dofa_upernet,F3,71,Sri-Lanka_55568,LKA,0.1206335499882698,0.4496390223503113,0.0093165636062622,3.480105442577042e-05,0.1394534438642434,0.1324273881135637,0.3652777777777777,0.5013888888888889,0.5805555555555555,0.4824074074074074,0.1394534438642434,0.2844180860530979,212858,15268,19804,0.0717285702205226,0.0930385515226113,192780,4810,274,14994
P2,sen1floods11,dofa_upernet,F3,71,Sri-Lanka_579082,LKA,0.1886184215545654,0.6171162128448486,0.0092456936836242,8.371976582566276e-05,0.387651412858133,0.2552310672002672,0.425,0.6541666666666667,0.6652777777777777,0.5814814814814815,0.387651412858133,0.5788152384188554,208263,14466,11726,0.0694602497803258,0.0563038081656367,188040,5757,8497,5969
P2,sen1floods11,dofa_upernet,F3,71,Sri-Lanka_612594,LKA,0.2821072340011596,0.8175148963928223,0.0078524351119995,3.0194469218258743e-05,0.1762873177927004,0.1529917735326744,0.4180555555555555,0.6291666666666667,0.4527777777777777,0.5,0.1762873177927004,0.3990997832090975,262144,43125,59511,0.1645088195800781,0.2270164489746093,202569,16450,64,43061
P2,sen1floods11,dofa_upernet,F3,71,Sri-Lanka_63307,LKA,0.1109805181622505,0.408483624458313,0.0066525936126708,2.721737473621033e-05,0.4887637338923176,0.4611015512742075,0.1833333333333333,0.4319444444444444,0.3375,0.3175925925925926,0.4887637338923176,0.6102991066145399,262144,7005,3595,0.0267219543457031,0.0137138366699218,252130,3009,6419,586
P2,sen1floods11,dofa_upernet,F3,71,Sri-Lanka_649970,LKA,0.0752634778618812,0.3069902956485748,0.0086023211479187,3.1355048122350127e-05,0.4829610540215274,0.416337677866305,0.2708333333333333,0.4597222222222222,0.4972222222222222,0.4092592592592592,0.4829610540215274,0.6212278991554877,260855,17343,3076,0.0664852120910084,0.0117919917195376,242271,1241,15508,1835
P2,sen1floods11,dofa_upernet,F3,71,Sri-Lanka_653336,LKA,0.2576537430286407,0.7752817869186401,0.0073044896125793,6.243560346774757e-05,0.301496166828417,0.1836893468852989,0.3597222222222222,0.7069444444444445,0.5055555555555555,0.5240740740740741,0.301496166828417,0.5272911309434305,262141,17982,30531,0.0685966712570715,0.1164678550856218,229099,15060,2511,15471
P2,sen1floods11,dofa_upernet,F3,71,Sri-Lanka_713926,LKA,0.4242556989192962,0.978200614452362,0.0132546424865722,1.602611519047059e-05,0.1033830423265331,0.2027654444237404,0.8041666666666667,0.5972222222222222,0.6069444444444445,0.6694444444444444,0.1033830423265331,0.4991792612736895,262104,80506,92121,0.3071528858773616,0.3514673564691878,169441,12157,542,79964
P2,sen1floods11,dofa_upernet,F3,71,Sri-Lanka_748447,LKA,0.1159306615591049,0.4133130013942718,0.0111535787582397,7.51714687794447e-05,0.4407075260882398,0.3377672626982204,0.4625,0.5736111111111111,0.7583333333333333,0.5981481481481482,0.4407075260882398,0.6031389380572798,249187,1219,5818,0.0048919084863977,0.0233479274601002,243014,4954,355,864
P2,sen1floods11,dofa_upernet,F3,71,Sri-Lanka_845821,LKA,0.4688329696655273,0.9962764382362366,0.0244507789611816,2.388827124377713e-05,0.6197638815631434,0.1703613554839895,0.9444444444444444,0.7583333333333333,0.7555555555555555,0.8194444444444443,0.6197638815631434,0.5039770551783066,240758,234546,177359,0.9741981574859402,0.736669186486015,2253,3959,61146,173400
P2,sen1floods11,dofa_upernet,F3,71,Sri-Lanka_847275,LKA,0.302828699350357,0.8510249257087708,0.007688283920288,4.757822534884326e-05,0.2302814271869455,0.1566325592446668,0.4180555555555555,0.6875,0.5027777777777778,0.5361111111111111,0.2302814271869455,0.4330256935983516,231361,50464,45546,0.218118006059794,0.1968611823081677,173033,7864,12782,37682
P2,sen1floods11,dofa_upernet,F3,71,Sri-Lanka_849649,LKA,0.0635883137583732,0.2694011032581329,0.0117938518524169,4.0500923205399886e-05,0.2710331518769746,0.3182855500664442,0.4402777777777777,0.4819444444444445,0.713888888888889,0.5453703703703704,0.2710331518769746,0.5638653954298332,218207,1892,3387,0.0086706659273075,0.0155219585072889,214608,1707,212,1680
P2,sen1floods11,dofa_upernet,F3,71,Sri-Lanka_85652,LKA,0.0299280807375907,0.1575391292572021,0.0201734900474548,4.622678261512192e-06,0.5045834056094621,0.8892537223756909,0.5069444444444445,0.0805555555555555,0.4847222222222223,0.3574074074074074,0.5045834056094621,0.5746970293056006,197368,1941,239,0.009834420980098,0.0012109359166632,195192,235,1937,4
P2,sen1floods11,dofa_upernet,F3,71,Sri-Lanka_883641,LKA,0.1595234721899032,0.5581973791122437,0.0119204521179199,2.9885293770348653e-05,0.1728402555248729,0.1943663694351106,0.5194444444444445,0.5152777777777777,0.6680555555555556,0.5675925925925926,0.1728402555248729,0.4539086743821079,262144,13500,17750,0.0514984130859375,0.0677108764648437,243523,5121,871,12629
P2,sen1floods11,dofa_upernet,F3,71,Sri-Lanka_916628,LKA,0.4017552137374878,0.963011622428894,0.0093090534210205,3.861550067085773e-05,0.2495673840533663,0.1840423950653036,0.5944444444444444,0.7541666666666667,0.5958333333333333,0.6481481481481483,0.2495673840533663,0.5498374345703823,259961,81524,73514,0.3136008862867891,0.2827885721319736,166601,11836,19846,61678
P2,sen1floods11,dofa_upernet,F3,71,Sri-Lanka_922192,LKA,0.0910859256982803,0.3564895987510681,0.0130687355995178,3.23045278491918e-05,0.4113211266177191,0.3516945369518454,0.5263888888888888,0.4777777777777777,0.7486111111111111,0.5842592592592591,0.4113211266177191,0.5770272450133496,239783,1030,4496,0.0042955505602982,0.0187502867175738,235151,3602,136,894
P2,sen1floods11,dofa_upernet,F3,71,Sri-Lanka_92824,LKA,0.2070067375898361,0.67392897605896,0.0098804235458374,5.098353358334862e-05,0.5398083080576525,0.3676389336337158,0.5013888888888889,0.6458333333333334,0.6694444444444445,0.6055555555555555,0.5398083080576525,0.658326160811592,246506,55390,8829,0.2247004129716923,0.0358165724160872,189571,1545,48106,7284
P2,sen1floods11,dofa_upernet,F3,71,Sri-Lanka_956740,LKA,0.1552095711231231,0.5477399230003357,0.0106405019760131,3.875171751133166e-05,0.2178965239277623,0.1697786150288658,0.4847222222222223,0.5611111111111111,0.6791666666666667,0.5750000000000001,0.2178965239277623,0.4083453570410522,202069,7918,13285,0.0391846349514274,0.0657448693268141,188752,5399,32,7886
