block,partition,seed,split,setting,source_order,sample_id,event_id,temperature,soft_dice_risk_binary,sdc_exact,uncertainty,top_tail_msp,spatial_inconsistency,input_valid_pixels,reference_valid_pixels,predicted_foreground_input,nll_sum,brier_sum,confusion_0_0,confusion_0_1,confusion_1_0,confusion_1_1,hard_disagreement_all_pixels,hard_disagreement_reference_valid
P1,F2,71,calibration,calibrated,0,India_1017769,IND,1.8636171955692646,0.11957639739717885,0.11957646181060388,0.9442844986915588,0.3774963617324829,0.0007197562954388559,262144,172971,170625,73457.684420607,23245.095720023266,45836,28992,2988,95155,0,0
P1,F2,71,calibration,t1,0,India_1017769,IND,1.0,0.04431340789003824,0.044313375286455514,0.8324304223060608,0.28952741622924805,0.002717280061915517,262144,172971,170625,92330.82090749894,26431.852283047552,45836,28992,2988,95155,0,0
P1,F2,71,calibration,calibrated,1,India_1018317,IND,1.8636171955692646,0.09028105851207935,0.09028104815481497,0.920539915561676,0.353441059589386,0.0004544614930637181,262144,196977,193595,62274.61206406322,18770.471584441697,22398,23869,643,150067,0,0
P1,F2,71,calibration,t1,1,India_1018317,IND,1.0,0.030792945111137282,0.030792891409486045,0.773403525352478,0.255556583404541,0.001389671117067337,262144,196977,193595,78284.53819294655,21397.194119203137,22398,23869,643,150067,0,0
P1,F2,71,calibration,calibrated,2,India_1018327,IND,1.8636171955692646,0.4380988516251104,0.43809884602082927,0.8740748167037964,0.315167099237442,0.0008053203346207738,262144,262142,18423,57203.69513358343,16104.269667914625,224460,1033,19259,17390,0,0
P1,F2,71,calibration,t1,2,India_1018327,IND,1.0,0.18580656733854828,0.18580656159887643,0.6726046800613403,0.20731396973133087,0.002786732278764248,262144,262142,18423,71823.86926113622,17391.93693424057,224460,1033,19259,17390,0,0
P1,F2,71,calibration,calibrated,3,India_103447,IND,1.8636171955692646,0.3822690286338316,0.382269064618609,0.9559674859046936,0.39322805404663086,0.0005399193614721298,262144,163567,32120,34390.032821293935,9412.679796186001,134995,1595,9522,17455,0,0
P1,F2,71,calibration,t1,3,India_103447,IND,1.0,0.1928880187637656,0.1928880456707126,0.8650359511375427,0.31426024436950684,0.001642477000132203,262144,163567,32120,36474.69069978164,9223.818321714622,134995,1595,9522,17455,0,0
P1,F2,71,calibration,calibrated,4,India_1050276,IND,1.8636171955692646,0.6470064263982409,0.6470064282493393,0.9144287705421448,0.34465014934539795,0.0007548038847744465,262144,255185,9991,93228.5046112417,29527.94944981904,205310,870,40299,8706,0,0
P1,F2,71,calibration,t1,4,India_1050276,IND,1.0,0.3779678010914713,0.37796782139505214,0.7555664777755737,0.2414391040802002,0.0024209022521972656,262144,255185,9991,134162.66848452055,34588.66968718779,205310,870,40299,8706,0,0
P1,F2,71,calibration,calibrated,5,India_1068117,IND,1.8636171955692646,0.34594043105665717,0.3459404132436754,0.9174035787582397,0.3513120114803314,0.0011888211593031883,262144,229712,32121,69928.8844138307,20732.765092147973,178352,3400,23334,24626,0,0
P1,F2,71,calibration,t1,5,India_1068117,IND,1.0,0.14808201982031954,0.14808196292916975,0.7666485905647278,0.25321224331855774,0.004826652351766825,262144,229712,32121,92531.13204418283,22800.6303069357,178352,3400,23334,24626,0,0
P1,F2,71,calibration,calibrated,6,India_1072277,IND,1.8636171955692646,0.9995708600023564,0.9995708600247342,0.6733076572418213,0.18065722286701202,0.00017919113452080637,262144,262142,6,62846.28904721871,18312.636800477005,239595,1,22541,5,0,0
P1,F2,71,calibration,t1,6,India_1072277,IND,1.0,0.9972953282681558,0.997295328424436,0.31725016236305237,0.060510918498039246,0.0001491595321567729,262144,262142,6,89476.8508064809,21041.74239672934,239595,1,22541,5,0,0
P1,F2,71,calibration,calibrated,7,India_118868,IND,1.8636171955692646,0.7932444402931781,0.7932444503469279,0.7337250709533691,0.22195562720298767,0.0007486007525585592,159275,159275,2456,36716.69643361871,9985.135235323027,146394,2196,10425,260,0,0
P1,F2,71,calibration,t1,7,India_118868,IND,1.0,0.42200245289163774,0.42200247702793636,0.4263812303543091,0.10638901591300964,0.002382625825703144,159275,159275,2456,43657.51624838812,11094.389318807667,146394,2196,10425,260,0,0
P1,F2,71,calibration,calibrated,8,India_135434,IND,1.8636171955692646,0.7732777665817633,0.7732777522394297,0.9358974695205688,0.36930352449417114,0.0004083903331775218,258866,117150,5339,16996.896091328454,4816.71101155159,106296,542,7991,2321,0,0
P1,F2,71,calibration,t1,8,India_135434,IND,1.0,0.5583628191600173,0.5583628295369301,0.8121935129165649,0.27820608019828796,0.0010206468869000673,258866,117150,5339,16553.1452373028,5448.412035483008,106296,542,7991,2321,0,0
P1,F2,71,calibration,calibrated,9,India_136196,IND,1.8636171955692646,0.9177403139454193,0.917740318570522,0.7800479531288147,0.2581612765789032,0.00043014995753765106,262144,211744,1380,16246.834981301548,2531.2391036522085,210379,1365,0,0,0,0
P1,F2,71,calibration,t1,9,India_136196,IND,1.0,0.7492360793160349,0.7492360855848051,0.5190227031707764,0.15062713623046875,0.000889613467734307,262144,211744,1380,5678.4726354267,1272.1216038263767,210379,1365,0,0,0,0
P1,F2,71,calibration,calibrated,10,India_164336,IND,1.8636171955692646,0.9975058073834802,0.997505807384241,0.4846583902835846,0.10840784013271332,0.00013811157259624451,262144,259101,27,16876.143732658573,2261.8925175928025,257213,7,1861,20,0,0
P1,F2,71,calibration,t1,10,India_164336,IND,1.0,0.9746445161314646,0.9746445138081863,0.14464014768600464,0.022829577326774597,8.723897190066054e-05,262144,259101,27,9928.555582086137,1826.7388610727226,257213,7,1861,20,0,0
P1,F2,71,calibration,calibrated,11,India_166709,IND,1.8636171955692646,0.9991565179197328,0.9991565179413845,0.6225821375846863,0.16303730010986328,0.00020870658045168966,262144,256894,11,32142.57775246601,7621.34122703753,248054,1,8829,10,0,0
P1,F2,71,calibration,t1,11,India_166709,IND,1.0,0.9943628598677545,0.9943628598284148,0.27623480558395386,0.054213691502809525,0.00020678956934716552,262144,256894,11,35139.78176299522,8137.522333958958,248054,1,8829,10,0,0
P1,F2,71,calibration,calibrated,12,India_177319,IND,1.8636171955692646,0.9561662232154204,0.9561662218510645,0.5009284019470215,0.12245059013366699,0.0005791460280306637,261409,256490,481,16868.803189590508,2309.713865670332,254447,465,1562,16,0,0
P1,F2,71,calibration,t1,12,India_177319,IND,1.0,0.7285845734096223,0.7285845586035709,0.18383941054344177,0.03995063900947571,0.0013803367037326097,261409,256490,481,9984.592328039826,1826.5290150571257,254447,465,1562,16,0,0
P1,F2,71,calibration,calibrated,13,India_179238,IND,1.8636171955692646,0.9973993843604705,0.997399384367192,0.6663013696670532,0.17990587651729584,0.00020422006491571665,262144,192482,35,36971.93035377118,9826.594109696856,180888,2,11559,33,0,0
P1,F2,71,calibration,t1,13,India_179238,IND,1.0,0.9837720772780947,0.983772078939757,0.31715768575668335,0.062812939286232,0.00019279566186014563,262144,192482,35,48469.650033317346,10755.366456803413,180888,2,11559,33,0,0
P1,F2,71,calibration,calibrated,14,India_180633,IND,1.8636171955692646,0.1763452511724084,0.1763452207373175,0.9600800275802612,0.3980273902416229,0.0005617665010504425,262144,164555,97146,34997.87021246116,8728.405987501754,81621,7171,3910,71853,0,0
P1,F2,71,calibration,t1,14,India_180633,IND,1.0,0.07117400530739781,0.07117398976339118,0.8762881755828857,0.32149839401245117,0.0019498191541060805,262144,164555,97146,30063.082400049152,8276.913462326165,81621,7171,3910,71853,0,0
P1,F2,71,calibration,calibrated,15,India_207862,IND,1.8636171955692646,0.9311163951196867,0.9311164003301077,0.7717133164405823,0.24500297009944916,0.00035512313479557633,262144,200115,1144,54225.58635500423,16161.731426711072,178820,267,20239,789,0,0
P1,F2,71,calibration,t1,15,India_207862,IND,1.0,0.7648212622300403,0.7648212517982569,0.48610445857048035,0.1295291632413864,0.0006683559040538967,262144,200115,1144,77141.2411158836,18437.1474642803,178820,267,20239,789,0,0
P1,F2,71,calibration,calibrated,16,India_244057,IND,1.8636171955692646,0.9363122363938289,0.9363122377600251,0.7051985859870911,0.21158508956432343,0.0002593054377939552,262144,160537,904,10191.244306858875,1215.0807534903292,160116,416,5,0,0,0
P1,F2,71,calibration,t1,16,India_244057,IND,1.0,0.7548168675794809,0.7548168553750129,0.39940154552459717,0.10234875977039337,0.0004359269223641604,262144,160537,904,2545.503967165937,441.4177583277666,160116,416,5,0,0,0
P1,F2,71,calibration,calibrated,17,India_25540,IND,1.8636171955692646,0.9986391602143442,0.9986391603473653,0.7065713405609131,0.20138387382030487,0.0001604105345904827,262144,188625,19,30741.487685306678,8517.383544818947,177066,0,11540,19,0,0
P1,F2,71,calibration,t1,17,India_25540,IND,1.0,0.992625790941135,0.9926257908281975,0.37721022963523865,0.08116015791893005,0.00014466173888649791,262144,188625,19,36575.88451760165,9867.916516525147,177066,0,11540,19,0,0
P1,F2,71,calibration,calibrated,18,India_265762,IND,1.8636171955692646,0.9934601409007091,0.9934601406189029,0.585387647151947,0.14677885174751282,0.00020081792899873108,262144,147296,80,27058.598819225666,7192.257903461088,138745,18,8496,37,0,0
P1,F2,71,calibration,t1,18,India_265762,IND,1.0,0.9519298595073681,0.9519298591012524,0.23340043425559998,0.04358471557497978,0.0001915171160362661,262144,147296,80,36563.41758224697,7994.105970852177,138745,18,8496,37,0,0
P1,F2,71,calibration,calibrated,19,India_273873,IND,1.8636171955692646,0.574373421203406,0.5743734565964248,0.9410610198974609,0.3768675923347473,0.0006766223232261837,262144,155608,13342,29439.457064749557,7780.0449509378905,144516,5646,4811,635,0,0
P1,F2,71,calibration,t1,19,India_273873,IND,1.0,0.3353815442916419,0.3353815961249841,0.8265930414199829,0.29032713174819946,0.0020386320538818836,262144,155608,13342,35168.457550810854,8082.553720425091,144516,5646,4811,635,0,0
P1,F2,71,calibration,calibrated,20,India_285297,IND,1.8636171955692646,0.6776852818358856,0.677685288845546,0.8964574933052063,0.3320366442203522,0.0005879892851226032,262144,245042,8631,82659.51950884305,25415.789396286025,206458,2578,30153,5853,0,0
P1,F2,71,calibration,t1,20,India_285297,IND,1.0,0.40018264867227227,0.40018267538505226,0.7179974913597107,0.22729554772377014,0.0015376063529402018,262144,245042,8631,117019.17677585791,28716.451281251295,206458,2578,30153,5853,0,0
P1,F2,71,calibration,calibrated,21,India_287642,IND,1.8636171955692646,0.5809352390906848,0.5809352466455966,0.9814949035644531,0.4303033649921417,0.0010503982193768024,262144,115377,20903,34847.88600858027,10729.786072725561,95112,2351,12391,5523,0,0
P1,F2,71,calibration,t1,21,India_287642,IND,1.0,0.38686982147099,0.38686985552290787,0.9390942454338074,0.37395069003105164,0.0033088987693190575,262144,115377,20903,40231.26404519021,11439.701965024833,95112,2351,12391,5523,0,0
P1,F2,71,calibration,calibrated,22,India_324254,IND,1.8636171955692646,0.9925017628804829,0.9925017629381593,0.5013612508773804,0.11936690658330917,0.00017786439275369048,262144,262144,81,19891.955096846043,3512.7787979473583,258238,23,3825,58,0,0
P1,F2,71,calibration,t1,22,India_324254,IND,1.0,0.9372016824822116,0.9372016841528003,0.1768587976694107,0.0334823839366436,0.00019044541113544255,262144,262144,81,15404.366131769673,3476.1347489325303,258238,23,3825,58,0,0
P1,F2,71,calibration,calibrated,23,India_373039,IND,1.8636171955692646,0.6594114533727352,0.6594114921394724,0.9709246158599854,0.4146406054496765,0.0008705165819264948,262144,242783,11408,35087.97855823664,8797.29173754041,230882,10392,1485,24,0,0
P1,F2,71,calibration,t1,23,India_373039,IND,1.0,0.4553638744869791,0.4553638834066629,0.9078413248062134,0.34852883219718933,0.002627031411975622,262144,242783,11408,27629.635112286232,7801.578701443685,230882,10392,1485,24,0,0
P1,F2,71,calibration,calibrated,24,India_383430,IND,1.8636171955692646,0.4693163059300929,0.4693162890462076,0.812882661819458,0.27541449666023254,0.000887639238499105,262144,251271,13711,86435.56154076336,24532.145635844798,210313,1730,27612,11616,0,0
P1,F2,71,calibration,t1,24,India_383430,IND,1.0,0.18681095719960705,0.18681093829295903,0.5653075575828552,0.1653132438659668,0.0031711470801383257,262144,251271,13711,131514.1497513253,26847.751573529364,210313,1730,27612,11616,0,0
P1,F2,71,calibration,calibrated,25,India_391908,IND,1.8636171955692646,0.5713898983838144,0.5713899202756958,0.8197625279426575,0.2749555706977844,0.0006684708059765399,262144,211832,9695,51732.443038578276,14749.057532430168,185101,742,17645,8344,0,0
P1,F2,71,calibration,t1,25,India_391908,IND,1.0,0.252016024112812,0.2520160444793449,0.567071259021759,0.1600777953863144,0.002199028618633747,262144,211832,9695,69237.84801361203,16239.616938656956,185101,742,17645,8344,0,0
P1,F2,71,calibration,calibrated,26,India_399883,IND,1.8636171955692646,0.1315129425005579,0.13151286422312913,0.9681210517883301,0.4081508219242096,0.000716998940333724,262144,262119,161664,97516.46562154422,29883.97621228979,92868,32959,7612,128680,0,0
P1,F2,71,calibration,t1,26,India_399883,IND,1.0,0.05607809461248858,0.056078108449289066,0.8986535668373108,0.337123304605484,0.002727211220189929,262144,262119,161664,111983.64938900078,32329.340166085847,92868,32959,7612,128680,0,0
P1,F2,71,calibration,calibrated,27,India_44475,IND,1.8636171955692646,0.9899543866846443,0.9899543876109728,0.445056676864624,0.09727340936660767,0.00014822735101915896,262144,260175,100,11602.877692531181,641.6918659070275,260131,44,0,0,0,0
P1,F2,71,calibration,t1,27,India_44475,IND,1.0,0.8980523826775123,0.8980523866279159,0.1246192455291748,0.02061367593705654,0.00010803414625115693,262144,260175,100,1120.453591905229,48.560184291529474,260131,44,0,0,0,0
P1,F2,71,calibration,calibrated,28,India_500266,IND,1.8636171955692646,0.9421808381212432,0.9421808386638821,0.8714752197265625,0.3024360239505768,0.0002832394966389984,262144,262141,1091,91524.73423028507,27931.722836875153,223929,31,37121,1060,0,0
P1,F2,71,calibration,t1,28,India_500266,IND,1.0,0.8258174865751751,0.825817473338724,0.6535407304763794,0.1827743798494339,0.0004696461255662143,262144,262141,1091,135083.47091930656,32166.973771105102,223929,31,37121,1060,0,0
P1,F2,71,calibration,calibrated,29,India_533192,IND,1.8636171955692646,0.2206771608509488,0.22067717618268856,0.962139368057251,0.40059974789619446,0.000661224068608135,156878,120661,55795,35130.72099111423,9853.74895496773,70027,7390,4693,38551,0,0
P1,F2,71,calibration,t1,29,India_533192,IND,1.0,0.09406280657936761,0.09406285068241771,0.8818640112876892,0.32543429732322693,0.0024333694018423557,156878,120661,55795,34366.6071771513,9658.15466228863,70027,7390,4693,38551,0,0
P1,F2,71,calibration,calibrated,30,India_534470,IND,1.8636171955692646,0.9761961086869495,0.9761961080359906,0.5153605341911316,0.12707091867923737,0.0001935159380082041,262144,250570,246,25988.841273163292,5896.257210122612,243095,41,7229,205,0,0
P1,F2,71,calibration,t1,30,India_534470,IND,1.0,0.8332738459953193,0.8332738483871374,0.19577878713607788,0.04090629890561104,0.00022087599791120738,262144,250570,246,27143.8809470312,6452.091571328376,243095,41,7229,205,0,0
P1,F2,71,calibration,calibrated,31,India_56450,IND,1.8636171955692646,0.9972333757116045,0.9972333757548253,0.49992579221725464,0.11517372727394104,0.0001658669934840873,262144,181248,30,9096.418443569448,660.6758552525353,181137,29,82,0,0,0
P1,F2,71,calibration,t1,31,India_56450,IND,1.0,0.9739695637603131,0.9739695648462967,0.16134656965732574,0.027665507048368454,0.00013843544002156705,262144,181248,30,1451.8776142889851,139.94439573230815,181137,29,82,0,0,0
P1,F2,71,calibration,calibrated,32,India_566697,IND,1.8636171955692646,0.9817694228203327,0.9817694240740682,0.8350495100021362,0.272455096244812,0.00027053867233917117,262144,215703,314,41861.69567095702,11708.22124291685,200824,160,14615,104,0,0
P1,F2,71,calibration,t1,32,India_566697,IND,1.0,0.9321894121213526,0.9321894105228995,0.5739476084709167,0.14496542513370514,0.00041489399154670537,262144,215703,314,49197.82618582924,12738.740340724586,200824,160,14615,104,0,0
P1,F2,71,calibration,calibrated,33,India_570384,IND,1.8636171955692646,0.5490376541296669,0.5490376220640734,0.77928227186203,0.24771064519882202,0.0004351535753812641,262144,242000,9497,31788.366839396007,7732.295862061411,226574,878,8525,6023,0,0
P1,F2,71,calibration,t1,33,India_570384,IND,1.0,0.21375198168277976,0.21375201608715477,0.49457821249961853,0.13027909398078918,0.0011761535424739122,262144,242000,9497,32942.703596964384,8036.216027384999,226574,878,8525,6023,0,0
P1,F2,71,calibration,calibrated,34,India_591317,IND,1.8636171955692646,0.13963086625019694,0.13963089620404767,0.923629879951477,0.35649287700653076,0.0005591863300651312,262144,246049,120576,52711.63482360484,13136.66466267797,120651,11359,4822,109217,0,0
P1,F2,71,calibration,t1,34,India_591317,IND,1.0,0.04948569988406448,0.04948563611409984,0.7812260389328003,0.2598383128643036,0.0016820183955132961,262144,246049,120576,42591.961331487204,12264.62278959803,120651,11359,4822,109217,0,0
P1,F2,71,calibration,calibrated,35,India_591549,IND,1.8636171955692646,0.9862652703116481,0.9862652708576155,0.4949011206626892,0.11471009999513626,0.00016822566976770759,262144,245709,142,37840.58592747652,9511.315398147264,234626,29,10943,111,0,0
P1,F2,71,calibration,t1,35,India_591549,IND,1.0,0.8812146557355155,0.881214652132983,0.16201139986515045,0.028951536864042282,0.00015066731430124491,262144,245709,142,49899.775680782775,10432.155245094913,234626,29,10943,111,0,0
P1,F2,71,calibration,calibrated,36,India_592446,IND,1.8636171955692646,0.5005682610848725,0.5005682966988012,0.7498766779899597,0.23833604156970978,0.0006052025710232556,262144,224355,10781,20283.114187201427,4211.159150357096,213499,1812,3654,5390,0,0
P1,F2,71,calibration,t1,36,India_592446,IND,1.0,0.18319675011362402,0.1831967412315274,0.46907591819763184,0.12894485890865326,0.0019777133129537106,262144,224355,10781,14369.566564068926,4156.100048540469,213499,1812,3654,5390,0,0
P1,F2,71,calibration,calibrated,37,India_59460,IND,1.8636171955692646,0.9894329042137514,0.9894329041182294,0.5707862973213196,0.14716555178165436,0.0001833570859162137,262144,209353,129,11435.853188698104,1096.0865433115525,208951,87,315,0,0,0
P1,F2,71,calibration,t1,37,India_59460,IND,1.0,0.9315514472488768,0.9315514488432489,0.23969383537769318,0.05127369984984398,0.0002071867202175781,262144,209353,129,3041.512483454936,453.26348742989046,208951,87,315,0,0,0
P1,F2,71,calibration,calibrated,38,India_624341,IND,1.8636171955692646,0.9668946626257785,0.9668946637527226,0.5470065474510193,0.13732226192951202,0.00018701667431741953,262144,262142,369,21432.145041764576,3664.1121515375103,258619,299,3154,70,0,0
P1,F2,71,calibration,t1,38,India_624341,IND,1.0,0.7899249046468896,0.7899249069798804,0.215923011302948,0.04485475644469261,0.00021862846915610135,262144,262142,369,17238.985756472754,3257.725940447075,258619,299,3154,70,0,0
P1,F2,71,calibration,calibrated,39,India_631692,IND,1.8636171955692646,0.99868681388581,0.9986868138649793,0.3770095109939575,0.07593495398759842,0.00013507777475751936,262144,262144,13,12369.058020331038,1036.0070709986517,261339,3,792,10,0,0
P1,F2,71,calibration,t1,39,India_631692,IND,1.0,0.9833413528634032,0.983341352372213,0.08349787443876266,0.01251303032040596,9.267056884709746e-05,262144,262144,13,3384.4543364309666,692.2420564096325,261339,3,792,10,0,0
P1,F2,71,calibration,calibrated,40,India_652725,IND,1.8636171955692646,0.8175411528135783,0.8175411412632555,0.8502767086029053,0.29113680124282837,0.0004208237223792821,262144,262094,3659,55799.3871889445,15565.93888580701,239725,574,18710,3085,0,0
P1,F2,71,calibration,t1,40,India_652725,IND,1.0,0.5515349034589638,0.551534894151311,0.6152783632278442,0.17344430088996887,0.0009659210918471217,262144,262094,3659,69439.83153059332,16818.9584097427,239725,574,18710,3085,0,0
P1,F2,71,calibration,calibrated,41,India_664410,IND,1.8636171955692646,0.93088083051002,0.9308808341239205,0.8033899068832397,0.2567577064037323,0.00040872348472476006,262144,262142,1216,44141.44502364749,11074.15019026295,248459,157,12467,1059,0,0
P1,F2,71,calibration,t1,41,India_664410,IND,1.0,0.7634519398438169,0.7634519513766023,0.5233277082443237,0.13339006900787354,0.0009029311477206647,262144,262142,1216,48728.15939489827,11193.173190342615,248459,157,12467,1059,0,0
P1,F2,71,calibration,calibrated,42,India_691027,IND,1.8636171955692646,0.8348342982616799,0.8348342997775066,0.6391690373420715,0.18720710277557373,0.0003871092922054231,262144,254034,2313,27011.30618694074,5966.519291674145,245083,557,6640,1754,0,0
P1,F2,71,calibration,t1,42,India_691027,IND,1.0,0.49288774673844526,0.4928877292673951,0.33982303738594055,0.09114517271518707,0.000993086607195437,262144,254034,2313,26506.131332321183,6121.877786441168,245083,557,6640,1754,0,0
P1,F2,71,calibration,calibrated,43,India_698338,IND,1.8636171955692646,0.993720234696041,0.9937202348158116,0.6648087501525879,0.19564342498779297,0.0001890588173409924,262144,227984,84,26115.505076047884,6488.778406339171,218029,19,9876,60,0,0
P1,F2,71,calibration,t1,43,India_698338,IND,1.0,0.96965986489535,0.9696598649058779,0.36836880445480347,0.09265391528606415,0.00022327605984173715,262144,227984,84,26250.548182723487,7439.716708299673,218029,19,9876,60,0,0
P1,F2,71,calibration,calibrated,44,India_70352,IND,1.8636171955692646,0.35686492962871197,0.35686491813140586,0.7239550352096558,0.22742268443107605,0.0006434267852455378,262144,239229,18949,20462.655892175935,3649.4911593014094,223391,2650,1664,11524,0,0
P1,F2,71,calibration,t1,44,India_70352,IND,1.0,0.10776847298597159,0.10776846814208019,0.4393994212150574,0.1226399689912796,0.0022656552027910948,262144,239229,18949,12173.789200191564,3279.545080671159,223391,2650,1664,11524,0,0
P1,F2,71,calibration,calibrated,45,India_707886,IND,1.8636171955692646,0.6140520711871267,0.6140520971900447,0.5493916273117065,0.15361620485782623,0.0004177219234406948,262144,256881,5742,14706.895886643772,1828.2473579168284,250334,879,846,4822,0,0
P1,F2,71,calibration,t1,45,India_707886,IND,1.0,0.20702034585780682,0.2070203489264979,0.26868683099746704,0.07160602509975433,0.0013017266755923629,262144,256881,5742,4833.8696223765855,1262.574713622857,250334,879,846,4822,0,0
P1,F2,71,calibration,calibrated,46,India_73419,IND,1.8636171955692646,0.9731936490184998,0.9731936470004712,0.5337967872619629,0.13182871043682098,0.0001904176751850173,262144,178934,280,24539.242535711994,5620.772871863106,172643,39,6150,102,0,0
P1,F2,71,calibration,t1,46,India_73419,IND,1.0,0.8142939008730905,0.8142938955077945,0.20439699292182922,0.04096701741218567,0.00021513490355573595,262144,178934,280,30847.648486777332,5878.908867350707,172643,39,6150,102,0,0
P1,F2,71,calibration,calibrated,47,India_747970,IND,1.8636171955692646,0.7461010200187855,0.7461010332475773,0.5383918285369873,0.14961843192577362,0.00034902882180176675,262144,246517,3332,17045.246519500033,2815.2292778086794,240961,549,2568,2439,0,0
P1,F2,71,calibration,t1,47,India_747970,IND,1.0,0.3257781907900804,0.32577817682497867,0.25861266255378723,0.0700598955154419,0.0009243281674571335,262144,246517,3332,10847.754766017873,2564.2013625718723,240961,549,2568,2439,0,0
P1,F2,71,calibration,calibrated,48,India_747992,IND,1.8636171955692646,0.6238593257911607,0.6238593230082912,0.9790689945220947,0.42569032311439514,0.0006806589080952108,262144,262087,17715,206871.08342565276,69825.85668550653,144645,120,99727,17595,0,0
P1,F2,71,calibration,t1,48,India_747992,IND,1.0,0.4247755846190263,0.4247755543106452,0.9315313100814819,0.366081565618515,0.001933594699949026,262144,262087,17715,328046.3667217347,83507.31703627825,144645,120,99727,17595,0,0
P1,F2,71,calibration,calibrated,49,India_764946,IND,1.8636171955692646,0.8491606777169585,0.8491606653175652,0.5074392557144165,0.13486380875110626,0.0002469508908689022,262144,242502,1790,14250.128211991236,1959.5251914813448,239075,281,2044,1102,0,0
P1,F2,71,calibration,t1,49,India_764946,IND,1.0,0.45988674916562955,0.4598867146655239,0.22048713266849518,0.05865301191806793,0.000531977042555809,262144,242502,1790,6443.349178942028,1709.955680252666,239075,281,2044,1102,0,0
P1,F2,71,calibration,calibrated,50,India_769408,IND,1.8636171955692646,0.8997585125319633,0.899758508263659,0.7337533235549927,0.22162947058677673,0.00035481006489135325,262144,175907,1460,25792.279434844182,6487.143139236891,166960,365,7521,1061,0,0
P1,F2,71,calibration,t1,50,India_769408,IND,1.0,0.6464004583941402,0.6464004870513149,0.4263414144515991,0.1056014820933342,0.0006724300910718739,262144,175907,1460,27630.36539625108,6809.41324602514,166960,365,7521,1061,0,0
P1,F2,71,calibration,calibrated,51,India_772630,IND,1.8636171955692646,0.9711104578279468,0.9711104588567074,0.7668027877807617,0.24426430463790894,0.00031570595456287265,262144,155332,467,14861.440146186414,2713.6841164746465,153656,331,1342,3,0,0
P1,F2,71,calibration,t1,51,India_772630,IND,1.0,0.8943096935706598,0.8943096812056001,0.4858108162879944,0.1308569610118866,0.0005655254353769124,262144,155332,467,9996.321807448365,1888.9478704750818,153656,331,1342,3,0,0
P1,F2,71,calibration,calibrated,52,India_773682,IND,1.8636171955692646,0.8790076851933029,0.8790076885549495,0.7521042823791504,0.2302604764699936,0.000287143251625821,262144,252793,1778,76817.59293806495,23055.05185925568,221711,123,29304,1655,0,0
P1,F2,71,calibration,t1,52,India_773682,IND,1.0,0.6002462397183318,0.6002462525172151,0.4516623318195343,0.11165614426136017,0.0004826409858651459,262144,252793,1778,114826.768981254,26587.334949208678,221711,123,29304,1655,0,0
P1,F2,71,calibration,calibrated,53,India_774689,IND,1.8636171955692646,0.60836393271312,0.6083639468210515,0.8934767842292786,0.32857558131217957,0.001143236760981381,261156,237116,10377,45442.16422092804,12440.271517755078,215378,2981,13055,5702,0,0
P1,F2,71,calibration,t1,53,India_774689,IND,1.0,0.32610344400617397,0.32610342183201013,0.7104417681694031,0.22214072942733765,0.003625015262514353,261156,237116,10377,52617.394294122874,13217.898711374022,215378,2981,13055,5702,0,0
P1,F2,71,calibration,calibrated,54,India_79637,IND,1.8636171955692646,0.9614619244815894,0.9614619251011893,0.5653926730155945,0.1400313675403595,0.00016661033441778272,262144,262144,421,26727.46337119572,5075.188621072491,256930,49,4793,372,0,0
P1,F2,71,calibration,t1,54,India_79637,IND,1.0,0.7493512297545752,0.7493512465630356,0.21814405918121338,0.0411362461745739,0.00015638662443961948,262144,262144,421,26018.874686171715,4717.6513847158485,256930,49,4793,372,0,0
P1,F2,71,calibration,calibrated,55,India_80221,IND,1.8636171955692646,0.10210385551877499,0.10210384712661147,0.8955702781677246,0.33138805627822876,0.00039147178176790476,262144,151793,165596,44855.70456186215,13231.159657635259,21312,15975,1052,113454,0,0
P1,F2,71,calibration,t1,55,India_80221,IND,1.0,0.03308374238493428,0.03308376189461382,0.7163289785385132,0.22655285894870758,0.0011295495787635446,262144,151793,165596,54428.27936360401,14846.576014438888,21312,15975,1052,113454,0,0
P1,F2,71,calibration,calibrated,56,India_804466,IND,1.8636171955692646,0.9300293290423666,0.9300293345658048,0.8694615960121155,0.30205237865448,0.0003422071458771825,262144,262134,1465,115178.88857173084,36112.35333987982,211881,25,48788,1440,0,0
P1,F2,71,calibration,t1,56,India_804466,IND,1.0,0.7992961457967264,0.7992961554560052,0.6489813923835754,0.1832553595304489,0.0006898870342411101,262144,262134,1465,176662.8637064871,42381.38996227161,211881,25,48788,1440,0,0
P1,F2,71,calibration,calibrated,57,India_828067,IND,1.8636171955692646,0.7769762834822035,0.7769762922082257,0.590243399143219,0.16954758763313293,0.00037462988984771073,262144,183120,3071,17548.69324212396,3743.60291581569,175808,318,4347,2647,0,0
P1,F2,71,calibration,t1,57,India_828067,IND,1.0,0.3868318725292519,0.38683187354709936,0.30104485154151917,0.08242354542016983,0.0010143885156139731,262144,183120,3071,14979.068498915278,3777.3921513291757,175808,318,4347,2647,0,0
P1,F2,71,calibration,calibrated,58,India_833266,IND,1.8636171955692646,0.978431878470825,0.978431878070449,0.5659835338592529,0.14163921773433685,0.00018088007345795631,262144,219674,258,54289.785527720145,15156.366365868595,201409,3,18007,255,0,0
P1,F2,71,calibration,t1,58,India_833266,IND,1.0,0.8546322016862298,0.8546321947156453,0.22263702750205994,0.0438137911260128,0.00017966616724152118,262144,219674,258,80780.7802155203,17010.4813433374,201409,3,18007,255,0,0
P1,F2,71,calibration,calibrated,59,India_842775,IND,1.8636171955692646,0.9951398913710209,0.99513989137385,0.523917555809021,0.13000689446926117,0.00016299089475069195,262144,246418,52,24191.235164919406,5020.714553516686,240463,26,5903,26,0,0
P1,F2,71,calibration,t1,59,India_842775,IND,1.0,0.9623228550403693,0.9623228566879016,0.20334599912166595,0.04215199872851372,0.00013991353625897318,262144,246418,52,23719.140227227854,5208.246691040304,240463,26,5903,26,0,0
P1,F2,71,calibration,calibrated,60,India_869358,IND,1.8636171955692646,0.9585615673079432,0.9585615686981502,0.7348212599754333,0.21773838996887207,0.0002972733345814049,262144,262144,650,25335.603598692906,4821.538561382202,256962,132,4532,518,0,0
P1,F2,71,calibration,t1,60,India_869358,IND,1.0,0.8245051137348656,0.824505120490456,0.4155051112174988,0.09734252840280533,0.0005625511985272169,262144,262144,650,17406.377341854462,4039.6930694055186,256962,132,4532,518,0,0
P1,F2,71,calibration,calibrated,61,India_900498,IND,1.8636171955692646,0.17045730489919042,0.1704572691690377,0.968368411064148,0.4081697463989258,0.0009337834198959172,262144,261992,130881,81562.99925580207,23223.143884301167,119397,18642,11866,112087,0,0
P1,F2,71,calibration,t1,61,India_900498,IND,1.0,0.07300041325698992,0.0730003770618699,0.899321436882019,0.3370411694049835,0.0036663124337792397,262144,261992,130881,81831.88324369089,22952.415695839587,119397,18642,11866,112087,0,0
P1,F2,71,calibration,calibrated,62,India_91379,IND,1.8636171955692646,0.9209149283442944,0.9209149253296468,0.8267467617988586,0.27301475405693054,0.00028656268841587007,262144,262133,1463,74064.29626480708,21820.92889874329,232504,35,28166,1428,0,0
P1,F2,71,calibration,t1,62,India_91379,IND,1.0,0.7512423319510544,0.7512423332186171,0.5675866603851318,0.15158577263355255,0.00047633593203499913,262144,262133,1463,103753.78914476563,24684.619801671364,232504,35,28166,1428,0,0
P1,F2,71,calibration,calibrated,63,India_943439,IND,1.8636171955692646,0.27932575177798225,0.2793256677018564,0.9269533753395081,0.3614897131919861,0.0015265775145962834,262144,250096,43099,60281.63332033098,17321.897093944972,193775,8712,14713,32896,0,0
P1,F2,71,calibration,t1,63,India_943439,IND,1.0,0.11472714923095162,0.11472710402906117,0.7906671762466431,0.26791131496429443,0.0067385220900177956,262144,250096,43099,70068.18341758702,18831.673927865,193775,8712,14713,32896,0,0
P1,F2,71,calibration,calibrated,64,India_952728,IND,1.8636171955692646,0.9045109319473233,0.9045109297299249,0.5958099365234375,0.158152237534523,0.00027436649543233216,262144,188716,1143,22166.066248687996,4931.3836888145015,182662,206,5282,566,0,0
P1,F2,71,calibration,t1,64,India_952728,IND,1.0,0.5809455710056259,0.5809455769216572,0.2649354040622711,0.05924172326922417,0.0004637242527678609,262144,188716,1143,23985.99213526248,5056.1570559797565,182662,206,5282,566,0,0
P1,F2,71,calibration,calibrated,65,India_956930,IND,1.8636171955692646,0.7335365777074231,0.7335365799875844,0.8391057252883911,0.28611114621162415,0.00046827923506498337,262144,237130,5339,89272.17892094041,27222.75087002771,196902,132,35178,4918,0,0
P1,F2,71,calibration,t1,65,India_956930,IND,1.0,0.42407030808492663,0.4240703215196674,0.5983782410621643,0.17041677236557007,0.0012312686303630471,262144,237130,5339,137342.00145642998,31491.33628819931,196902,132,35178,4918,0,0
P1,F2,71,calibration,calibrated,66,India_979278,IND,1.8636171955692646,0.6065665114949668,0.606566502325168,0.9272717833518982,0.3576597571372986,0.0009058715077117085,124051,105990,6858,18364.48049238049,4096.098308785104,98528,2025,1738,3699,0,0
P1,F2,71,calibration,t1,66,India_979278,IND,1.0,0.3255705953900624,0.3255705861930579,0.7880322337150574,0.2598820626735687,0.003127714153379202,124051,105990,6858,12634.143368685829,3248.5025259414233,98528,2025,1738,3699,0,0
P1,F2,71,calibration,calibrated,67,India_981708,IND,1.8636171955692646,0.8611628226868067,0.8611628270335611,0.7650695443153381,0.2321241796016693,0.00041821025661192834,222572,219993,1820,37390.60005778562,9581.829294539784,208026,1621,10278,68,0,0
P1,F2,71,calibration,t1,67,India_981708,IND,1.0,0.5490083700753903,0.5490083540798552,0.45782670378685,0.10761450976133347,0.0011264645727351308,222572,219993,1820,38996.876921941424,10346.675528472711,208026,1621,10278,68,0,0
P1,F2,71,calibration,calibrated,68,Paraguay_1019808,PRY,1.8636171955692646,0.9996303757342275,0.9996303757348779,0.7640462517738342,0.2427627444267273,0.00018142843327950686,262144,262144,6,22100.236875794144,4033.9788699711976,256974,0,5164,6,0,0
P1,F2,71,calibration,t1,68,Paraguay_1019808,PRY,1.0,0.9985393596366405,0.9985393593844681,0.4857487082481384,0.12939754128456116,0.0001787661894923076,262144,262144,6,12169.873083446262,3348.053342567597,256974,0,5164,6,0,0
P1,F2,71,calibration,calibrated,69,Paraguay_1029042,PRY,1.8636171955692646,0.19712795892032664,0.19712797824083828,0.9169189929962158,0.3509613275527954,0.000982288853265345,262144,223004,72386,36682.11553963324,7917.848830527535,154295,7512,719,60478,0,0
P1,F2,71,calibration,t1,69,Paraguay_1029042,PRY,1.0,0.07370040674458733,0.07370033574438917,0.7658655047416687,0.2528379559516907,0.004380630329251289,262144,223004,72386,22038.518003700592,6077.267903358595,154295,7512,719,60478,0,0
P1,F2,71,calibration,calibrated,70,Paraguay_1029191,PRY,1.8636171955692646,0.21896502451269906,0.2189650113877396,0.8566252589225769,0.30053257942199707,0.0009791781194508076,262144,253937,55876,36176.03647932042,7164.001128247557,197260,6341,987,49349,0,0
P1,F2,71,calibration,t1,70,Paraguay_1029191,PRY,1.0,0.07172435810985933,0.07172436568335283,0.6352637410163879,0.18865346908569336,0.004211306571960449,262144,253937,55876,20417.59897851323,5472.660900608921,197260,6341,987,49349,0,0
P1,F2,71,calibration,calibrated,71,Paraguay_1056717,PRY,1.8636171955692646,0.7597673970992453,0.7597674027833008,0.6638719439506531,0.20508109033107758,0.0004957523196935654,262144,262144,3747,19003.77533141727,3051.59324589936,256310,788,2087,2959,0,0
P1,F2,71,calibration,t1,71,Paraguay_1056717,PRY,1.0,0.4004689862640165,0.40046897028522777,0.3886389434337616,0.11127929389476776,0.0013915926683694124,262144,262144,3747,9110.823953785128,2367.5690144203436,256310,788,2087,2959,0,0
P1,F2,71,calibration,calibrated,72,Paraguay_1076204,PRY,1.8636171955692646,0.6911533687057978,0.6911533712926785,0.5605825781822205,0.15097631514072418,0.0002462127595208585,262144,262144,3987,16635.21618524097,2219.1494146241957,257678,1437,479,2550,0,0
P1,F2,71,calibration,t1,72,Paraguay_1076204,PRY,1.0,0.2522736627146549,0.2522736050775337,0.25358036160469055,0.06304853409528732,0.0004961382364854217,262144,262144,3987,6639.432951820138,1689.6515008223848,257678,1437,479,2550,0,0
P1,F2,71,calibration,calibrated,73,Paraguay_11869,PRY,1.8636171955692646,0.9012766203504996,0.9012766195361573,0.5095017552375793,0.1199876144528389,0.00019196582434233278,262144,257933,993,13615.180524208594,1132.4644441601145,257107,604,52,170,0,0
P1,F2,71,calibration,t1,73,Paraguay_11869,PRY,1.0,0.48899866211360643,0.4889986619549609,0.1727629452943802,0.031854938715696335,0.00024050025967881083,262144,257933,993,2636.071703877932,496.0407919807429,257107,604,52,170,0,0
P1,F2,71,calibration,calibrated,74,Paraguay_126224,PRY,1.8636171955692646,0.9610612360850889,0.9610612333320988,0.9794209003448486,0.42156216502189636,0.00024092909006867558,262144,262144,1455,267618.0340022029,90631.36732653852,117698,64,142991,1391,0,0
P1,F2,71,calibration,t1,74,Paraguay_126224,PRY,1.0,0.9268684768024977,0.9268684706975509,0.9318734407424927,0.35790273547172546,0.00044602519483305514,262144,262144,1455,436971.06890353677,110743.53710879742,117698,64,142991,1391,0,0
P1,F2,71,calibration,calibrated,75,Paraguay_12870,PRY,1.8636171955692646,0.9552967057071945,0.9552967041243677,0.7842893004417419,0.24278190732002258,0.00020894891349598765,262144,262144,748,20870.762853132645,2792.6573722026837,261396,748,0,0,0,0
P1,F2,71,calibration,t1,75,Paraguay_12870,PRY,1.0,0.8263940528563039,0.8263940560399599,0.48670274019241333,0.1171150803565979,0.0002491011982783675,262144,262144,748,5610.221073848885,799.1534589821742,261396,748,0,0,0,0
P1,F2,71,calibration,calibrated,76,Paraguay_148318,PRY,1.8636171955692646,0.9462726897021249,0.9462726931868869,0.5401709675788879,0.13353951275348663,0.00018591960542835295,262144,240076,541,13654.34248660213,1670.2165384003015,237798,49,1737,492,0,0
P1,F2,71,calibration,t1,76,Paraguay_148318,PRY,1.0,0.6777848609690862,0.6777848522092647,0.2059992551803589,0.041379258036613464,0.00023127533495426178,262144,240076,541,5248.018452798413,1349.1359089782138,237798,49,1737,492,0,0
P1,F2,71,calibration,calibrated,77,Paraguay_149787,PRY,1.8636171955692646,0.23730574010217187,0.23730576369358536,0.7952934503555298,0.262005478143692,0.0009457161067984998,262144,262144,43070,30803.92472559812,5566.237116159319,217512,4541,1562,38529,0,0
P1,F2,71,calibration,t1,77,Paraguay_149787,PRY,1.0,0.0697805558861545,0.06978057807890703,0.5303146243095398,0.14923208951950073,0.00398906460031867,262144,262144,43070,15768.145431843539,4336.812871747348,217512,4541,1562,38529,0,0
P1,F2,71,calibration,calibrated,78,Paraguay_149830,PRY,1.8636171955692646,0.9514844610511165,0.9514844604398587,0.5167463421821594,0.12664254009723663,0.00015353273192886263,262144,260440,471,14333.435258365975,1600.663328452682,258490,43,1490,417,0,0
P1,F2,71,calibration,t1,78,Paraguay_149830,PRY,1.0,0.6966512328462433,0.6966512274856704,0.1947227269411087,0.039439085870981216,0.00015484569303225726,262144,260440,471,4627.714265988253,1177.0791620429416,258490,43,1490,417,0,0
P1,F2,71,calibration,calibrated,79,Paraguay_153941,PRY,1.8636171955692646,0.9957507179497499,0.9957507182954805,0.4252425730228424,0.08985099196434021,0.00015887960034888238,262144,262144,46,13441.75910991275,1111.5330957858941,261480,23,618,23,0,0
P1,F2,71,calibration,t1,79,Paraguay_153941,PRY,1.0,0.9534109135804513,0.9534109127143092,0.10787923634052277,0.016588708385825157,0.00010713272786233574,262144,262144,46,3504.9890950398094,594.6996777672144,261480,23,618,23,0,0
P1,F2,71,calibration,calibrated,80,Paraguay_172476,PRY,1.8636171955692646,0.899378262321232,0.8993782705969445,0.6600521206855774,0.19804853200912476,0.00036046106833964586,262144,262143,1406,17159.19416267879,2448.4686144160246,258914,414,1823,992,0,0
P1,F2,71,calibration,t1,80,Paraguay_172476,PRY,1.0,0.6483867085439169,0.6483867231604927,0.37055864930152893,0.10002590715885162,0.0009134532301686704,262144,262143,1406,6683.141169698931,1658.195143496099,258914,414,1823,992,0,0
P1,F2,71,calibration,calibrated,81,Paraguay_179624,PRY,1.8636171955692646,0.9993747362287474,0.9993747362526426,0.48245924711227417,0.11194966733455658,0.0001355031708953902,262144,262109,7,12296.694057146511,806.9772393620244,262060,7,42,0,0,0
P1,F2,71,calibration,t1,81,Paraguay_179624,PRY,1.0,0.9942691692311417,0.9942691695294662,0.16052456200122833,0.028699276968836784,9.068815415957943e-05,262144,262109,7,1516.3365139646453,109.91152614478877,262060,7,42,0,0,0
P1,F2,71,calibration,calibrated,82,Paraguay_191503,PRY,1.8636171955692646,0.999999999991543,1.0,0.44293683767318726,0.09391709417104721,0.0001400624605594203,262144,262144,0,12383.286910315313,724.7969774941708,262054,0,90,0,0,0
P1,F2,71,calibration,t1,82,Paraguay_191503,PRY,1.0,0.9999999999075598,1.0,0.11367244273424149,0.01606861874461174,6.397737888619304e-05,262144,262144,0,1491.9626384443409,100.66785954708912,262054,0,90,0,0,0
P1,F2,71,calibration,calibrated,83,Paraguay_198534,PRY,1.8636171955692646,0.9624214929189279,0.9624214943092125,0.6567259430885315,0.1778670847415924,0.00019956185133196414,262144,195487,460,10859.112179063599,982.4713240007005,195223,264,0,0,0,0
P1,F2,71,calibration,t1,83,Paraguay_198534,PRY,1.0,0.7955361628494839,0.7955361615388516,0.309925377368927,0.06453623622655869,0.0002484798023942858,262144,195487,460,1910.762415367108,234.31992803207922,195223,264,0,0,0,0
P1,F2,71,calibration,calibrated,84,Paraguay_205585,PRY,1.8636171955692646,0.999999999991219,1.0,0.4098738133907318,0.08362478017807007,0.00013088530977256596,262144,262144,0,11692.136578589274,581.2099373740194,262144,0,0,0,0,0
P1,F2,71,calibration,t1,84,Paraguay_205585,PRY,1.0,0.9999999998964346,1.0,0.09360061585903168,0.01256499532610178,5.322142897057347e-05,262144,262144,0,970.1524023558584,8.962053979874982,262144,0,0,0,0,0
P1,F2,71,calibration,calibrated,85,Paraguay_212687,PRY,1.8636171955692646,0.9949396175481141,0.9949396168717326,0.9188224077224731,0.35466253757476807,0.00016915184096433222,262144,262144,101,31741.351019924514,8255.488102144285,246798,38,15245,63,0,0
P1,F2,71,calibration,t1,85,Paraguay_212687,PRY,1.0,0.9870912756312604,0.9870912759261936,0.7777888178825378,0.25958317518234253,0.00018504748004488647,262144,262144,101,25828.8887596641,8939.418189063472,246798,38,15245,63,0,0
P1,F2,71,calibration,calibrated,86,Paraguay_215904,PRY,1.8636171955692646,0.9998259145289086,0.9998259145384186,0.502467930316925,0.11524169147014618,0.00014633887622039765,262144,226308,2,11108.684752172354,713.1418686629411,226306,2,0,0,0,0
P1,F2,71,calibration,t1,86,Paraguay_215904,PRY,1.0,0.9983199367825375,0.9983199365902491,0.1613132208585739,0.02626914530992508,9.44053172133863e-05,262144,226308,2,1227.0461155084936,40.26779222809019,226306,2,0,0,0,0
P1,F2,71,calibration,calibrated,87,Paraguay_224845,PRY,1.8636171955692646,0.8948344445382231,0.8948344426482847,0.7530737519264221,0.22837387025356293,0.0006608992116525769,109183,103920,979,10824.326654658264,1168.0011383633332,103920,0,0,0,0,0
P1,F2,71,calibration,t1,87,Paraguay_224845,PRY,1.0,0.6289204816194236,0.628920484169416,0.44394487142562866,0.10764986276626587,0.0018688857089728117,109183,103920,979,2019.270676341941,86.62532703207904,103920,0,0,0,0,0
P1,F2,71,calibration,calibrated,88,Paraguay_225187,PRY,1.8636171955692646,0.5801246904646302,0.5801246956570063,0.9937331676483154,0.45981156826019287,0.0009037056588567793,262144,262144,26884,64402.92930113837,18609.405245722723,235250,26847,10,37,0,0
P1,F2,71,calibration,t1,88,Paraguay_225187,PRY,1.0,0.41927255167647093,0.4192725402609194,0.9786515831947327,0.42590105533599854,0.002580916741862893,262144,262144,26884,51553.91591468539,16852.629859075976,235250,26847,10,37,0,0
P1,F2,71,calibration,calibrated,89,Paraguay_232281,PRY,1.8636171955692646,0.9333337165592402,0.9333337118283256,0.9913085103034973,0.4518878161907196,0.0004051158030051738,261391,261391,2234,54168.099212288995,16399.952957865244,231428,559,27729,1675,0,0
P1,F2,71,calibration,t1,89,Paraguay_232281,PRY,1.0,0.8878248404447499,0.8878248439789665,0.9705846905708313,0.4116075038909912,0.0008702074410393834,261391,261391,2234,51236.812574065436,16720.297599811565,231428,559,27729,1675,0,0
P1,F2,71,calibration,calibrated,90,Paraguay_24341,PRY,1.8636171955692646,0.19070538375851032,0.1907053486054222,0.926934003829956,0.36092379689216614,0.0010861189803108573,262144,262144,73415,40512.084032396146,8737.637614469359,186384,7407,2345,66008,0,0
P1,F2,71,calibration,t1,90,Paraguay_24341,PRY,1.0,0.0725858771370187,0.07258584066210438,0.7900609970092773,0.26675382256507874,0.004688388202339411,262144,262144,73415,24163.05846940295,6952.013959775034,186384,7407,2345,66008,0,0
P1,F2,71,calibration,calibrated,91,Paraguay_246154,PRY,1.8636171955692646,0.9987164958746824,0.9987164959011169,0.3599718511104584,0.06943581253290176,0.00011699742753989995,262144,262144,12,11183.098895873536,518.2504406214848,262106,2,26,10,0,0
P1,F2,71,calibration,t1,91,Paraguay_246154,PRY,1.0,0.981744589661411,0.9817445882562778,0.06878887116909027,0.00876696314662695,4.9675931222736835e-05,262144,262144,12,920.9121276321544,30.173605347025486,262106,2,26,10,0,0
P1,F2,71,calibration,calibrated,92,Paraguay_247656,PRY,1.8636171955692646,0.31747055805595126,0.31747060622767187,0.6673374176025391,0.1906076967716217,0.0005716202431358397,262144,262144,21916,21627.652743385173,2872.494727328053,239600,1568,628,20348,0,0
P1,F2,71,calibration,t1,92,Paraguay_247656,PRY,1.0,0.07689662683185894,0.07689664384736317,0.34469839930534363,0.08305814862251282,0.0018236824544146657,262144,262144,21916,7766.157277593786,1731.2940453298652,239600,1568,628,20348,0,0
P1,F2,71,calibration,calibrated,93,Paraguay_252217,PRY,1.8636171955692646,0.994899457350467,0.9948994572121692,0.43033450841903687,0.09179503470659256,0.00015607343812007457,262144,255778,53,12420.894696660673,868.1804877706134,255438,40,299,1,0,0
P1,F2,71,calibration,t1,93,Paraguay_252217,PRY,1.0,0.9445526434921677,0.9445526409068873,0.11215991526842117,0.017765525728464127,9.855731332208961e-05,262144,255778,53,2312.9719807272295,317.0043845270294,255438,40,299,1,0,0
P1,F2,71,calibration,calibrated,94,Paraguay_271769,PRY,1.8636171955692646,0.33908609828256986,0.33908609219655383,0.9927316904067993,0.45658496022224426,0.0011717494344338775,262144,262144,68897,110660.65083059974,38509.7322241731,192773,66758,474,2139,0,0
P1,F2,71,calibration,t1,94,Paraguay_271769,PRY,1.0,0.20554318748991796,0.20554318822523177,0.9753086566925049,0.42007821798324585,0.00400208355858922,262144,262144,68897,131743.24141010296,45990.183035824695,192773,66758,474,2139,0,0
P1,F2,71,calibration,calibrated,95,Paraguay_280900,PRY,1.8636171955692646,0.776815881025179,0.7768158660672422,0.7116895318031311,0.2271541804075241,0.0005345725803636014,262144,262142,3704,22950.981758600123,4307.469304817053,254647,910,3791,2794,0,0
P1,F2,71,calibration,t1,95,Paraguay_280900,PRY,1.0,0.4492289606039662,0.44922894265425795,0.43822383880615234,0.12888246774673462,0.0015504201874136925,262144,262142,3704,15588.595869321998,3716.8219909971012,254647,910,3791,2794,0,0
P1,F2,71,calibration,calibrated,96,Paraguay_284928,PRY,1.8636171955692646,0.9804419058128117,0.9804419059015311,0.9598206281661987,0.38806045055389404,0.0005190930096432567,261368,261368,524,33801.23465990054,7275.309171290795,260844,524,0,0,0,0
P1,F2,71,calibration,t1,96,Paraguay_284928,PRY,1.0,0.9568666837696663,0.9568666875941553,0.8717806339263916,0.30174949765205383,0.0012566933874040842,261368,261368,524,16051.11274526512,3321.693111526995,260844,524,0,0,0,0
P1,F2,71,calibration,calibrated,97,Paraguay_305760,PRY,1.8636171955692646,0.9935393019431663,0.9935393017533976,0.9611149430274963,0.39036476612091064,0.0002279093605466187,262144,262144,200,79799.5340846597,26140.71631904492,218350,3,43594,197,0,0
P1,F2,71,calibration,t1,97,Paraguay_305760,PRY,1.0,0.9863120159865975,0.9863120160489062,0.8756882548332214,0.30561667680740356,0.00035599645343609154,262144,262144,200,96564.19339527067,30348.372704184305,218350,3,43594,197,0,0
P1,F2,71,calibration,calibrated,98,Paraguay_339807,PRY,1.8636171955692646,0.21107769968226486,0.21107769062888715,0.9307451844215393,0.36443743109703064,0.0012250854633748531,262144,214619,68952,36769.347698814396,8428.869533673722,148897,7679,2321,55722,0,0
P1,F2,71,calibration,t1,98,Paraguay_339807,PRY,1.0,0.08307972421615917,0.08307967621690016,0.7990297079086304,0.2714794874191284,0.005587979685515165,262144,214619,68952,24517.49028622162,7130.947896976385,148897,7679,2321,55722,0,0
P1,F2,71,calibration,calibrated,99,Paraguay_36015,PRY,1.8636171955692646,0.9775179601872271,0.9775179598421776,0.8471606373786926,0.29109105467796326,0.00030462685390375555,262144,262139,448,23198.8703636331,3545.505424310969,261691,448,0,0,0,0
P1,F2,71,calibration,t1,99,Paraguay_36015,PRY,1.0,0.9269895410134552,0.9269895392359182,0.6141055822372437,0.17545510828495026,0.0005000036908313632,262144,262139,448,7338.38509972742,1231.43248342481,261691,448,0,0,0,0
P1,F2,71,calibration,calibrated,100,Paraguay_36146,PRY,1.8636171955692646,0.9981492066623392,0.9981492065326134,0.5173916220664978,0.12080880999565125,0.00016459354083053768,262144,262144,21,13385.327136460273,893.4961790468374,262123,21,0,0,0,0
P1,F2,71,calibration,t1,100,Paraguay_36146,PRY,1.0,0.9828879817213397,0.9828879815214959,0.17341917753219604,0.02953125163912773,0.00011510126932989806,262144,262144,21,1554.7519045093006,67.21726616905856,262123,21,0,0,0,0
P1,F2,71,calibration,calibrated,101,Paraguay_403081,PRY,1.8636171955692646,0.8849141501938884,0.8849141541368836,0.4515800178050995,0.10149413347244263,0.00018064228061120957,262144,249836,1064,12207.933794689685,913.9473216284796,248511,123,261,941,0,0
P1,F2,71,calibration,t1,101,Paraguay_403081,PRY,1.0,0.4210466307255891,0.42104659009680856,0.1357647031545639,0.02513323351740837,0.0002096106909448281,262144,249836,1064,2256.028383963912,343.9810985294737,248511,123,261,941,0,0
P1,F2,71,calibration,calibrated,102,Paraguay_40936,PRY,1.8636171955692646,0.9966541934604011,0.9966541934849174,0.6767054200172424,0.18720175325870514,0.0001668889744905755,262144,215331,49,14399.949457067807,1498.077630390961,215282,49,0,0,0,0
P1,F2,71,calibration,t1,102,Paraguay_40936,PRY,1.0,0.9808355051791017,0.9808355039578787,0.33761101961135864,0.07097382843494415,0.0001344808260910213,262144,215331,49,2774.477098622765,242.28616356384993,215282,49,0,0,0,0
P1,F2,71,calibration,calibrated,103,Paraguay_44682,PRY,1.8636171955692646,0.9994025779311376,0.9994025779065899,0.4866876006126404,0.11008105427026749,0.00015236758918035775,262144,262144,7,14526.848850695684,1556.9992648900588,260835,0,1302,7,0,0
P1,F2,71,calibration,t1,103,Paraguay_44682,PRY,1.0,0.994312245990853,0.9943122459078191,0.15008893609046936,0.024599486961960793,0.00012041648733429611,262144,262144,7,4937.760847176264,1110.5763718411729,260835,0,1302,7,0,0
P1,F2,71,calibration,calibrated,104,Paraguay_470303,PRY,1.8636171955692646,0.9889084297345141,0.9889084294060869,0.9079124927520752,0.3314511179924011,0.0001780101447366178,262144,262144,217,32659.47909893294,7904.6242970599715,251687,11,10240,206,0,0
P1,F2,71,calibration,t1,104,Paraguay_470303,PRY,1.0,0.967236720523,0.9672367199206295,0.7353419065475464,0.21873018145561218,0.0002288663381477818,262144,262144,217,24672.36233785677,7455.166327261138,251687,11,10240,206,0,0
P1,F2,71,calibration,calibrated,105,Paraguay_482517,PRY,1.8636171955692646,0.31729814553449975,0.31729817141214434,0.9700509905815125,0.4131852984428406,0.0005359473871067166,262144,259600,48619,46488.50609048722,10622.165217564449,207938,4210,3043,44409,0,0
P1,F2,71,calibration,t1,105,Paraguay_482517,PRY,1.0,0.15924025620074178,0.15924028199608853,0.9049525260925293,0.34605005383491516,0.0019295272650197148,262144,259600,48619,29212.204636211474,6720.675866879925,207938,4210,3043,44409,0,0
P1,F2,71,calibration,calibrated,106,Paraguay_48673,PRY,1.8636171955692646,0.9740353222069108,0.9740353232447065,0.49120956659317017,0.11642587929964066,0.00018678579363040626,262144,262144,286,13438.804995504976,1014.3094880492389,261773,238,85,48,0,0
P1,F2,71,calibration,t1,106,Paraguay_48673,PRY,1.0,0.808504528630597,0.8085045340715531,0.16840246319770813,0.03374022990465164,0.0001821076002670452,262144,262144,286,2198.7106064106365,287.04704765470643,261773,238,85,48,0,0
P1,F2,71,calibration,calibrated,107,Paraguay_511199,PRY,1.8636171955692646,0.9512179427264738,0.951217944028276,0.8039923906326294,0.26218870282173157,0.00023011857410892844,262144,262144,724,32469.951114782132,7809.54515833602,250559,41,10861,683,0,0
P1,F2,71,calibration,t1,107,Paraguay_511199,PRY,1.0,0.826589983983119,0.8265899586099458,0.540285050868988,0.14385531842708588,0.0003522862680256367,262144,262144,724,30403.730785480653,8144.903662788605,250559,41,10861,683,0,0
P1,F2,71,calibration,calibrated,108,Paraguay_54421,PRY,1.8636171955692646,0.993507615295179,0.9935076152194299,0.4732856750488281,0.10700424015522003,0.00015568033268209547,262144,262144,74,12762.282724923287,810.5495603870563,262037,67,33,7,0,0
P1,F2,71,calibration,t1,108,Paraguay_54421,PRY,1.0,0.940376372338992,0.9403763693428547,0.1445346623659134,0.02535197325050831,0.00010741076403064653,262144,262144,74,1474.4228360248262,107.8394771071968,262037,67,33,7,0,0
P1,F2,71,calibration,calibrated,109,Paraguay_581976,PRY,1.8636171955692646,0.9692883612833286,0.9692883591302892,0.9772995710372925,0.4170331060886383,0.00025432161055505276,261748,261748,1120,269590.7357346511,91836.75899048375,113159,0,147469,1120,0,0
P1,F2,71,calibration,t1,109,Paraguay_581976,PRY,1.0,0.9419889866034017,0.9419889829679808,0.9250590801239014,0.3500188887119293,0.00046138730249367654,261748,261748,1120,441815.6826451664,113154.7167084392,113159,0,147469,1120,0,0
P1,F2,71,calibration,calibrated,110,Paraguay_59731,PRY,1.8636171955692646,0.6041466463416018,0.6041466120503733,0.532965362071991,0.13310173153877258,0.00030797955696471035,262144,255656,5199,14670.078912428153,1654.663669737368,251542,1344,70,2700,0,0
P1,F2,71,calibration,t1,110,Paraguay_59731,PRY,1.0,0.16055635939869495,0.16055638481244527,0.2068818360567093,0.04395543038845062,0.0007744459435343742,262144,255656,5199,4999.759796921865,1148.810787754173,251542,1344,70,2700,0,0
P1,F2,71,calibration,calibrated,111,Paraguay_605682,PRY,1.8636171955692646,0.9916314988987617,0.9916314992696234,0.9745262861251831,0.41335368156433105,0.00020907491852995008,262144,262144,299,122671.75597354179,43128.848925177066,186691,13,75154,286,0,0
P1,F2,71,calibration,t1,111,Paraguay_605682,PRY,1.0,0.9836473136579604,0.9836473133894623,0.9167458415031433,0.34415239095687866,0.00032843800727277994,262144,262144,299,170186.42456962727,53248.718594722945,186691,13,75154,286,0,0
P1,F2,71,calibration,calibrated,112,Paraguay_62897,PRY,1.8636171955692646,0.9952368489481223,0.995236849732202,0.9795218110084534,0.42007285356521606,0.00017997462418861687,262144,262144,151,60359.64042556656,19359.64140759745,221002,0,40991,151,0,0
P1,F2,71,calibration,t1,112,Paraguay_62897,PRY,1.0,0.9911309610446479,0.9911309618250612,0.9319806098937988,0.3549802899360657,0.0002449003222864121,262144,262144,151,61941.03388531493,22216.932610592674,221002,0,40991,151,0,0
P1,F2,71,calibration,calibrated,113,Paraguay_648632,PRY,1.8636171955692646,0.9514244052549871,0.9514244095170681,0.9430909156799316,0.3698214292526245,0.00022219913080334663,262144,262144,989,39769.46548439449,10772.384013690684,243730,20,17425,969,0,0
P1,F2,71,calibration,t1,113,Paraguay_648632,PRY,1.0,0.8801605970903529,0.8801605952996104,0.8263038396835327,0.27485352754592896,0.00033419427927583456,262144,262144,989,33401.27305969637,10842.878699422712,243730,20,17425,969,0,0
P1,F2,71,calibration,calibrated,114,Paraguay_651904,PRY,1.8636171955692646,0.372332207598302,0.37233220602094397,0.8874756097793579,0.3257078230381012,0.00039216698496602476,262144,262144,22835,31020.362011679463,6707.120062201098,233057,1931,6252,20904,0,0
P1,F2,71,calibration,t1,114,Paraguay_651904,PRY,1.0,0.15272263162677147,0.15272262184223917,0.7020381093025208,0.22025208175182343,0.0012166820233687758,262144,262144,22835,19540.03967520935,5744.597743494885,233057,1931,6252,20904,0,0
P1,F2,71,calibration,calibrated,115,Paraguay_657443,PRY,1.8636171955692646,0.19679119714337034,0.1967912368998842,0.9103214740753174,0.3446212410926819,0.0011556558310985565,262144,262144,76074,48051.8856163097,11093.494543358796,185190,11980,880,64094,0,0
P1,F2,71,calibration,t1,115,Paraguay_657443,PRY,1.0,0.07330381150616028,0.07330382513898304,0.7498471140861511,0.24408937990665436,0.005465186666697264,262144,262144,76074,33215.88438301772,9489.686655359359,185190,11980,880,64094,0,0
P1,F2,71,calibration,calibrated,116,Paraguay_683296,PRY,1.8636171955692646,0.5659562445241344,0.5659562628676529,0.5236256122589111,0.12958760559558868,0.0003033138345927,262144,259578,6124,18140.72044024023,2507.9177214707734,251621,548,1833,5576,0,0
P1,F2,71,calibration,t1,116,Paraguay_683296,PRY,1.0,0.13983591457318123,0.1398359395358163,0.19934915006160736,0.04211556166410446,0.0007404119824059308,262144,259578,6124,9667.473142916766,2019.9724325977804,251621,548,1833,5576,0,0
P1,F2,71,calibration,calibrated,117,Paraguay_721886,PRY,1.8636171955692646,0.6033067870164781,0.6033067851799476,0.7314372658729553,0.23577781021595,0.001027955673635006,261426,261426,7702,28822.590115484356,6338.920282479043,248345,2164,5379,5538,0,0
P1,F2,71,calibration,t1,117,Paraguay_721886,PRY,1.0,0.2598102612183857,0.25981026588123113,0.4627423882484436,0.1342257410287857,0.003436571452766657,261426,261426,7702,25644.440592043335,6199.692871181763,248345,2164,5379,5538,0,0
P1,F2,71,calibration,calibrated,118,Paraguay_76868,PRY,1.8636171955692646,0.48261676949013255,0.4826167732758322,0.9588750004768372,0.3935334086418152,0.0004654219374060631,262144,262121,17524,31172.35229336098,6474.240022588918,243378,1060,1219,16464,0,0
P1,F2,71,calibration,t1,118,Paraguay_76868,PRY,1.0,0.2651467752977754,0.2651467961629821,0.8718177676200867,0.31322962045669556,0.001471343683078885,262144,262121,17524,15651.783896008483,3819.960235765946,243378,1060,1219,16464,0,0
P1,F2,71,calibration,calibrated,119,Paraguay_7894,PRY,1.8636171955692646,0.999999999991254,1.0,0.42146173119544983,0.0874173566699028,0.0001425040391040966,262144,202187,0,8950.014403237,452.38630574400645,202187,0,0,0,0,0
P1,F2,71,calibration,t1,119,Paraguay_7894,PRY,1.0,0.9999999999003825,1.0,0.10137335956096649,0.014116901904344559,6.87390856910497e-05,262144,202187,0,758.1533321205295,9.190585841318502,202187,0,0,0,0,0
P1,F2,71,calibration,calibrated,120,Paraguay_790830,PRY,1.8636171955692646,0.25036723061215904,0.2503672252556125,0.7012520432472229,0.2089264839887619,0.0006112634437158704,262144,261199,33341,23847.16369945275,3461.74819587865,227042,2210,816,31131,0,0
P1,F2,71,calibration,t1,120,Paraguay_790830,PRY,1.0,0.061198860826576884,0.06119883788746394,0.3915866017341614,0.09963919222354889,0.002203861251473427,262144,261199,33341,9330.391457082367,2266.94186947632,227042,2210,816,31131,0,0
P1,F2,71,calibration,calibrated,121,Paraguay_791364,PRY,1.8636171955692646,0.9986991719388179,0.9986991719044531,0.40587320923805237,0.08413582295179367,0.00013050614506937563,262144,261735,13,13748.942305890905,1420.440807862966,260527,2,1195,11,0,0
P1,F2,71,calibration,t1,121,Paraguay_791364,PRY,1.0,0.9841856702690022,0.9841856719835768,0.09790639579296112,0.01471271924674511,7.661699055461213e-05,262144,261735,13,5358.792692292405,1085.0793914237408,260527,2,1195,11,0,0
P1,F2,71,calibration,calibrated,122,Paraguay_792268,PRY,1.8636171955692646,0.918410350294996,0.9184103456905105,0.5265710949897766,0.1293627768754959,0.00022045861987862736,262144,262120,873,14388.407303777622,1324.8562713436554,260677,97,570,776,0,0
P1,F2,71,calibration,t1,122,Paraguay_792268,PRY,1.0,0.5713034786495832,0.5713035251959726,0.19773028790950775,0.04032767191529274,0.0003366107412148267,262144,262120,873,3449.450031086392,582.0260531835143,260677,97,570,776,0,0
P1,F2,71,calibration,calibrated,123,Paraguay_795075,PRY,1.8636171955692646,0.7664680412398718,0.7664680455378586,0.5175815224647522,0.12591707706451416,0.00020624833996407688,262144,262138,2493,15048.34201497678,1679.6085629191666,258488,229,1157,2264,0,0
P1,F2,71,calibration,t1,123,Paraguay_795075,PRY,1.0,0.27180105819315836,0.27180106867335696,0.19080063700675964,0.03792359307408333,0.00033551620435900986,262144,262138,2493,5224.303482143028,1143.420303682084,258488,229,1157,2264,0,0
P1,F2,71,calibration,calibrated,124,Paraguay_80102,PRY,1.8636171955692646,0.9999999999909532,1.0,0.3842977285385132,0.07622230798006058,0.00012661126675084233,262144,262143,0,11378.628078549344,548.7005250986522,262121,0,22,0,0,0
P1,F2,71,calibration,t1,124,Paraguay_80102,PRY,1.0,0.9999999998868483,1.0,0.08041968941688538,0.010465395636856556,5.015090937376954e-05,262144,262143,0,977.3925665826139,28.452713911678497,262121,0,22,0,0,0
P1,F2,71,calibration,calibrated,125,Paraguay_822142,PRY,1.8636171955692646,0.18801478309354736,0.18801475198060436,0.9594155550003052,0.3964886963367462,0.00115576118696481,262144,262144,91809,54573.543441519294,13702.509993960794,167684,14270,2651,77539,0,0
P1,F2,71,calibration,t1,125,Paraguay_822142,PRY,1.0,0.08147220930786303,0.081472161341408,0.8739120364189148,0.31875672936439514,0.0051342458464205265,262144,262144,91809,40200.61090985303,12088.67745463979,167684,14270,2651,77539,0,0
P1,F2,71,calibration,calibrated,126,Paraguay_868895,PRY,1.8636171955692646,0.469712375423713,0.4697123557662979,0.8730990886688232,0.31132206320762634,0.0005974906380288303,262144,175465,15578,31802.08866152221,8880.62322926828,157037,2641,10045,5742,0,0
P1,F2,71,calibration,t1,126,Paraguay_868895,PRY,1.0,0.205439060676901,0.20543905134270002,0.6672168374061584,0.20007264614105225,0.0019449664978310466,262144,175465,15578,33163.473753008635,9774.49949751396,157037,2641,10045,5742,0,0
P1,F2,71,calibration,calibrated,127,Paraguay_892933,PRY,1.8636171955692646,0.9858068470130421,0.9858068463664217,0.9778176546096802,0.42078348994255066,0.00020793243311345577,262144,262144,468,53982.422897442244,15657.745470741733,235573,1,26103,467,0,0
P1,F2,71,calibration,t1,127,Paraguay_892933,PRY,1.0,0.9727633831147948,0.9727633818564205,0.9272813200950623,0.35713425278663635,0.00032107371953316033,262144,262144,468,47945.72338443178,15244.18655201769,235573,1,26103,467,0,0
P1,F2,71,calibration,calibrated,128,Paraguay_896458,PRY,1.8636171955692646,0.19538239859394846,0.19538245716270564,0.819872260093689,0.27525782585144043,0.0007941011572256684,262144,240678,55799,28856.064707722,5289.251089518242,187855,3524,2090,47209,0,0
P1,F2,71,calibration,t1,128,Paraguay_896458,PRY,1.0,0.056656231660048406,0.05665621577651925,0.5681532025337219,0.16062194108963013,0.0032786193769425154,262144,240678,55799,14862.892731290227,4033.4075318627383,187855,3524,2090,47209,0,0
P1,F2,71,calibration,calibrated,129,Paraguay_913449,PRY,1.8636171955692646,0.8716834595610041,0.8716834562897385,0.5774251818656921,0.1612902730703354,0.0003894740657415241,262144,262144,1641,20405.06929603759,3717.730379627398,256248,379,4255,1262,0,0
P1,F2,71,calibration,t1,129,Paraguay_913449,PRY,1.0,0.53576369641544,0.5357636821127306,0.2789342701435089,0.07375595718622208,0.0009511973476037383,262144,262144,1641,13849.565240794604,3620.166918385381,256248,379,4255,1262,0,0
P1,F2,71,calibration,calibrated,130,Paraguay_921838,PRY,1.8636171955692646,0.993760189207515,0.9937601890961677,0.9445167779922485,0.3669978976249695,0.00021425487648230046,262144,262144,195,47418.40908720027,11545.080253687907,254757,37,7192,158,0,0
P1,F2,71,calibration,t1,130,Paraguay_921838,PRY,1.0,0.9853533156385884,0.985353314085716,0.8271520733833313,0.2681608200073242,0.00029345115763135254,262144,262144,195,31749.71531673195,7616.352358323655,254757,37,7192,158,0,0
P1,F2,71,calibration,calibrated,131,Paraguay_934240,PRY,1.8636171955692646,0.9993694336092609,0.9993694336132524,0.9399003982543945,0.3626021146774292,0.00023964146384969354,262144,262144,18,52749.950297613825,15015.772740828172,241774,12,20352,6,0,0
P1,F2,71,calibration,t1,131,Paraguay_934240,PRY,1.0,0.9984966553882058,0.9984966553777318,0.8153308629989624,0.26210442185401917,0.0003315817448310554,262144,262144,18,50192.78981555538,15161.27698591706,241774,12,20352,6,0,0
P1,F2,71,calibration,calibrated,132,Paraguay_989230,PRY,1.8636171955692646,0.25548581419319183,0.2554858147993264,0.8560872673988342,0.3024654984474182,0.0008873889455571771,262144,219924,43186,27150.494964978716,5048.145576575198,181302,2031,2693,33898,0,0
P1,F2,71,calibration,t1,132,Paraguay_989230,PRY,1.0,0.08583322849096575,0.08583322797513238,0.637885332107544,0.19295953214168549,0.0035832670982927084,262144,219924,43186,14859.50263439901,3742.9258168383094,181302,2031,2693,33898,0,0
P1,F2,71,calibration,calibrated,133,Paraguay_997480,PRY,1.8636171955692646,0.9973152501017185,0.9973152499786299,0.7829327583312988,0.25046902894973755,0.00015763413102831692,262144,262144,38,42534.06172750658,12472.960981290444,242197,0,19909,38,0,0
P1,F2,71,calibration,t1,133,Paraguay_997480,PRY,1.0,0.9887149485667011,0.9887149489102882,0.508815348148346,0.13317441940307617,0.0001523662795079872,262144,262144,38,50321.89191509206,15191.32836569431,242197,0,19909,38,0,0
P1,F2,71,calibration,calibrated,134,Somalia_1068756,SOM,1.8636171955692646,0.2893056294909516,0.28930563292721634,0.9980461001396179,0.4774389863014221,0.0013370231026783586,261231,171193,126116,138175.26164325688,48392.44893536148,92836,71862,1634,4861,0,0
P1,F2,71,calibration,t1,134,Somalia_1068756,SOM,1.0,0.19078792698274627,0.19078798830564137,0.9932543635368347,0.45809438824653625,0.004016663413494825,261231,171193,126116,183437.71298349753,54980.50686808434,92836,71862,1634,4861,0,0
P1,F2,71,calibration,calibrated,135,Somalia_1087508,SOM,1.8636171955692646,0.4060166161261948,0.4060166279412186,0.9960723519325256,0.46806612610816956,0.0014202357269823551,262144,212943,64657,90891.94537937762,29650.38751176967,159939,42983,2004,8017,0,0
P1,F2,71,calibration,t1,135,Somalia_1087508,SOM,1.0,0.2670836786832579,0.26708368713646413,0.9865222573280334,0.44088372588157654,0.004827388562262058,262144,212943,64657,95309.93316019358,31245.83932132967,159939,42983,2004,8017,0,0
P1,F2,71,calibration,calibrated,136,Somalia_12849,SOM,1.8636171955692646,0.1991063953659611,0.19910634432966134,0.9963756799697876,0.4692533612251282,0.0013019513571634889,262144,191302,186258,179403.43284176337,65780.82667570795,54383,99727,6719,30473,0,0
P1,F2,71,calibration,t1,136,Somalia_12849,SOM,1.0,0.11776260539526584,0.11776267368184012,0.9875500798225403,0.4430501163005829,0.004574522376060486,262144,191302,186258,257240.6106014156,80519.3143168643,54383,99727,6719,30473,0,0
P1,F2,71,calibration,calibrated,137,Somalia_166342,SOM,1.8636171955692646,0.9182607359620476,0.9182607422045236,0.7363472580909729,0.23151372373104095,0.0005642089527100325,262144,220577,1402,17056.118107863716,2305.528769659583,219278,1287,12,0,0,0
P1,F2,71,calibration,t1,137,Somalia_166342,SOM,1.0,0.7160850668464742,0.7160850629794085,0.4496951401233673,0.1236257553100586,0.0010455118026584387,262144,220577,1402,5118.316119865591,1070.7787404631752,219278,1287,12,0,0,0
P1,F2,71,calibration,calibrated,138,Somalia_167787,SOM,1.8636171955692646,0.17302597374973616,0.1730259933325654,0.9955146908760071,0.4658079743385315,0.0009921002201735973,262144,220505,222224,287085.80604450335,109473.4455035256,35860,184420,1,224,0,0
P1,F2,71,calibration,t1,138,Somalia_167787,SOM,1.0,0.09903572076587686,0.09903574742512855,0.9846325516700745,0.4367597997188568,0.0029919524677097797,262144,220505,222224,443368.4527718234,140677.94917472225,35860,184420,1,224,0,0
P1,F2,71,calibration,calibrated,139,Somalia_195014,SOM,1.8636171955692646,0.9989260953683066,0.9989260953228529,0.35928216576576233,0.07013227045536041,0.00012141469051130116,262144,233650,11,10131.38204251535,479.3648374972853,233639,11,0,0,0,0
P1,F2,71,calibration,t1,139,Somalia_195014,SOM,1.0,0.9860217973424819,0.986021796787348,0.07184065133333206,0.010046564973890781,5.0840659241657704e-05,262144,233650,11,817.0534201406267,19.63663257249604,233639,11,0,0,0,0
P1,F2,71,calibration,calibrated,140,Somalia_205466,SOM,1.8636171955692646,0.8824607922008525,0.8824607913036294,0.5368346571922302,0.14428620040416718,0.00027535215485841036,262144,240083,1492,13363.696499394038,1363.2870087701774,238903,1087,93,0,0,0
P1,F2,71,calibration,t1,140,Somalia_205466,SOM,1.0,0.5367913131048092,0.536791308981114,0.23987045884132385,0.06216805800795555,0.00046517449663951993,262144,240083,1492,3426.894869952176,782.2997782875725,238903,1087,93,0,0,0
P1,F2,71,calibration,calibrated,141,Somalia_230192,SOM,1.8636171955692646,0.155193036907753,0.15519308390808517,0.996248185634613,0.4688006639480591,0.0009172667050734162,262144,232522,225591,352032.66467433586,128933.75055837733,31238,201226,0,58,0,0
P1,F2,71,calibration,t1,141,Somalia_230192,SOM,1.0,0.08957256102038935,0.08957259990665445,0.9871189594268799,0.442226767539978,0.002622127067297697,262144,232522,225591,568527.7272574229,161097.24854969527,31238,201226,0,58,0,0
P1,F2,71,calibration,calibrated,142,Somalia_256539,SOM,1.8636171955692646,0.9408836483175447,0.9408836520541931,0.7953975200653076,0.25507572293281555,0.00035393773578107357,262144,221259,1103,18456.20552033641,2573.9533897090732,220290,946,23,0,0,0
P1,F2,71,calibration,t1,142,Somalia_256539,SOM,1.0,0.7931773184792764,0.7931773169163837,0.5158674120903015,0.13513652980327606,0.0005901159602217376,262144,221259,1103,5424.155069918118,923.2208489402949,220290,946,23,0,0,0
P1,F2,71,calibration,calibrated,143,Somalia_295782,SOM,1.8636171955692646,0.5255342371708105,0.5255342654748296,0.9900954365730286,0.44924667477607727,0.0011673204135149717,262144,203048,31948,70733.10565267537,21772.386440645412,166167,20642,8990,7249,0,0
P1,F2,71,calibration,t1,143,Somalia_295782,SOM,1.0,0.3440744330533785,0.3440744262457257,0.9666133522987366,0.40697038173675537,0.0035470142029225826,262144,203048,31948,72837.39050835016,22064.354926869815,166167,20642,8990,7249,0,0
P1,F2,71,calibration,calibrated,144,Somalia_322855,SOM,1.8636171955692646,0.6045949716586125,0.6045949883287393,0.9213322997093201,0.35627204179763794,0.0005314464215189219,262144,255044,11683,70373.86738260755,23353.88164991534,209672,635,33975,10762,0,0
P1,F2,71,calibration,t1,144,Somalia_322855,SOM,1.0,0.3502880102967232,0.3502879851020866,0.77713543176651,0.26083239912986755,0.0014951082412153482,262144,255044,11683,94570.78343699985,28356.980183860345,209672,635,33975,10762,0,0
P1,F2,71,calibration,calibrated,145,Somalia_32375,SOM,1.8636171955692646,0.17399321273880086,0.1739931816572471,0.9969199895858765,0.47172361612319946,0.0011766757816076279,261366,133568,220902,184725.97275818657,68820.51893503814,22082,111485,0,1,0,0
P1,F2,71,calibration,t1,145,Somalia_32375,SOM,1.0,0.10376812726124307,0.10376812758132503,0.9894037842750549,0.44757959246635437,0.0032842534128576517,261366,133568,220902,290326.431648288,86846.76565845162,22082,111485,0,1,0,0
P1,F2,71,calibration,calibrated,146,Somalia_371421,SOM,1.8636171955692646,0.42267554774956073,0.42267556203187917,0.9921929836273193,0.4549528956413269,0.0011686058714985847,262144,230962,51185,121913.87447769672,41999.36463107352,157666,38618,29634,5044,0,0
P1,F2,71,calibration,t1,146,Somalia_371421,SOM,1.0,0.26339884278236736,0.2633988689288621,0.9735203385353088,0.4171452224254608,0.0037736601661890745,262144,230962,51185,155744.18289808155,49428.16768968234,157666,38618,29634,5044,0,0
P1,F2,71,calibration,calibrated,147,Somalia_60129,SOM,1.8636171955692646,0.48971253599575937,0.4897125171000656,0.989791214466095,0.4485563635826111,0.001310706720687449,262144,222316,33853,57819.70211180167,17089.719829136164,195205,26434,659,18,0,0
P1,F2,71,calibration,t1,147,Somalia_60129,SOM,1.0,0.30638893596731454,0.30638893970464876,0.965630292892456,0.40576139092445374,0.004020478576421738,262144,222316,33853,52616.519738076764,17629.09468740257,195205,26434,659,18,0,0
P1,F2,71,calibration,calibrated,148,Somalia_61368,SOM,1.8636171955692646,0.9943873202764049,0.9943873202796764,0.4491516649723053,0.09949801862239838,0.00018934176478069276,262144,212969,63,10314.135826900223,627.1234905850303,212918,51,0,0,0,0
P1,F2,71,calibration,t1,148,Somalia_61368,SOM,1.0,0.9460357948031074,0.9460358011358482,0.130158931016922,0.022830303758382797,0.00014888290024828166,262144,212969,63,1116.8370550583131,69.29774965973485,212918,51,0,0,0,0
P1,F2,71,calibration,calibrated,149,Somalia_626316,SOM,1.8636171955692646,0.2209779064347831,0.22097794593677678,0.9982438087463379,0.47867000102996826,0.0009578651515766978,262144,169085,169783,173973.90582161705,62838.027696001125,47910,99448,649,21078,0,0
P1,F2,71,calibration,t1,149,Somalia_626316,SOM,1.0,0.1445483832431924,0.14454840835477112,0.9939337372779846,0.46036863327026367,0.002926477463915944,262144,169085,169783,255226.53448445068,75564.89643996092,47910,99448,649,21078,0,0
P1,F2,71,calibration,calibrated,150,Somalia_649376,SOM,1.8636171955692646,0.45251948705945066,0.45251945547598493,0.9891933798789978,0.44694748520851135,0.0009733012993820012,262144,213929,38768,69861.16212540412,22114.017959715773,178489,30253,4032,1155,0,0
P1,F2,71,calibration,t1,150,Somalia_649376,SOM,1.0,0.2807196485725252,0.2807196227843909,0.9636691212654114,0.40289705991744995,0.0029881412629038095,262144,213929,38768,75683.64688747053,24038.03456493177,178489,30253,4032,1155,0,0
P1,F2,71,calibration,calibrated,151,Somalia_685158,SOM,1.8636171955692646,0.6380706087515382,0.6380706035468476,0.9255531430244446,0.36007970571517944,0.0006756383809261024,262144,184172,10921,52498.051812406164,16496.63651130547,155987,2931,20609,4645,0,0
P1,F2,71,calibration,t1,151,Somalia_685158,SOM,1.0,0.3777494666132718,0.37774950650544925,0.786970853805542,0.2659037113189697,0.0018544503254815936,262144,184172,10921,68491.21843331048,19251.857238366312,155987,2931,20609,4645,0,0
P1,F2,71,calibration,calibrated,152,Somalia_699062,SOM,1.8636171955692646,0.8546379706317526,0.8546379737282409,0.6287783980369568,0.18895308673381805,0.00034720601979643106,262144,203209,2146,19459.508628554187,3867.4988180388086,198590,1329,3142,148,0,0
P1,F2,71,calibration,t1,152,Somalia_699062,SOM,1.0,0.5439929962896146,0.5439930285733587,0.3467947542667389,0.09941056370735168,0.0006699566729366779,262144,203209,2146,16606.04289747007,3724.937965155713,198590,1329,3142,148,0,0
P1,F2,71,calibration,calibrated,153,Somalia_7931,SOM,1.8636171955692646,0.9978036648263897,0.997803664973353,0.3867134749889374,0.07890291512012482,0.00012974764104001224,262144,201972,22,8700.030783889006,424.07963762460247,201960,12,0,0,0,0
P1,F2,71,calibration,t1,153,Somalia_7931,SOM,1.0,0.9730392879393208,0.9730392860703859,0.0892135500907898,0.013459215871989727,6.904751353431493e-05,262144,201972,22,725.3782482801302,19.113511509720528,201960,12,0,0,0,0
P1,F2,71,calibration,calibrated,154,Somalia_886726,SOM,1.8636171955692646,0.29702603790082216,0.2970260727465086,0.995053231716156,0.46407538652420044,0.0010803058976307511,262144,262036,105291,127538.72440344573,41653.25902356192,138745,40296,18001,64994,0,0
P1,F2,71,calibration,t1,154,Somalia_886726,SOM,1.0,0.18255608904647558,0.18255603222025496,0.9830749034881592,0.4336063265800476,0.00352387223392725,262144,262036,105291,134887.3473135656,43048.128190600124,138745,40296,18001,64994,0,0
P1,F2,71,calibration,calibrated,155,Somalia_93023,SOM,1.8636171955692646,0.25684274762688175,0.25684272710373024,0.9987765550613403,0.48215213418006897,0.001282225945033133,262144,187825,170933,188303.0615581896,70604.87322444154,65093,122732,0,0,0,0
P1,F2,71,calibration,t1,155,Somalia_93023,SOM,1.0,0.17448599085591165,0.17448599013984767,0.995766818523407,0.4668077528476715,0.00399653660133481,262144,187825,170933,262564.17248861364,86688.36519109731,65093,122732,0,0,0,0
P1,F2,71,calibration,calibrated,156,Somalia_94102,SOM,1.8636171955692646,0.5012789107074971,0.5012789345265364,0.9606077671051025,0.39930078387260437,0.0008972458308562636,262144,241360,20576,42782.554045148485,11634.236284120196,216231,12435,4722,7972,0,0
P1,F2,71,calibration,t1,156,Somalia_94102,SOM,1.0,0.2779348885891556,0.2779348596812249,0.8780299425125122,0.3237449526786804,0.0027010913472622633,262144,241360,20576,36898.63256879817,11730.456505606468,216231,12435,4722,7972,0,0
P1,F2,71,calibration,calibrated,157,Somalia_970508,SOM,1.8636171955692646,0.26568444892648535,0.2656844413629692,0.9957585334777832,0.46688008308410645,0.0013511856086552143,262144,217119,116545,182481.26553810306,63582.87281648361,100927,78080,15140,22972,0,0
P1,F2,71,calibration,t1,157,Somalia_970508,SOM,1.0,0.1590495126490339,0.15904955886997962,0.9854604601860046,0.4387226998806,0.004731324966996908,262144,217119,116545,259226.98848300078,74087.63861244713,100927,78080,15140,22972,0,0
P1,F2,71,calibration,calibrated,158,Somalia_989553,SOM,1.8636171955692646,0.24947443049112883,0.24947445963211212,0.9846189022064209,0.43659707903862,0.0007755245314911008,262144,110303,85001,51540.143916921246,16917.990803945406,84469,23527,2307,0,0,0
P1,F2,71,calibration,t1,158,Somalia_989553,SOM,1.0,0.128663832069834,0.128663877969721,0.9489543437957764,0.38478952646255493,0.002478446811437607,262144,110303,85001,64429.73584002012,19318.63445752422,84469,23527,2307,0,0,0
P1,F2,71,calibration,calibrated,159,Somalia_992457,SOM,1.8636171955692646,0.9463564593047801,0.9463564625048737,0.8476419448852539,0.28775009512901306,0.0003197529003955424,262144,181140,985,31991.496997358547,7771.459617598419,173094,194,7082,770,0,0
P1,F2,71,calibration,t1,159,Somalia_992457,SOM,1.0,0.8235342601389449,0.8235342576338116,0.6091800928115845,0.1682727038860321,0.0005456348299048841,262144,181140,985,31758.606178914848,7038.571387281428,173094,194,7082,770,0,0
P1,F2,71,calibration,calibrated,160,Sri-Lanka_101973,LKA,1.8636171955692646,0.9811765294997348,0.9811765300058685,0.7828400135040283,0.23938901722431183,0.00021750389714725316,262144,262143,298,25946.36710044707,4703.454483278227,258895,290,2950,8,0,0
P1,F2,71,calibration,t1,160,Sri-Lanka_101973,LKA,1.0,0.919029127946016,0.9190291268398771,0.4793403446674347,0.11109426617622375,0.0002623058680910617,262144,262143,298,16885.446459901636,3257.9493284376604,258895,290,2950,8,0,0
P1,F2,71,calibration,calibrated,161,Sri-Lanka_1038087,LKA,1.8636171955692646,0.8459478357408343,0.845947839650462,0.8660461902618408,0.3002637028694153,0.0002822721435222775,262144,262143,3159,42950.04982966195,12149.7614140471,243427,604,15557,2555,0,0
P1,F2,71,calibration,t1,161,Sri-Lanka_1038087,LKA,1.0,0.6164561160814308,0.6164561113115397,0.6427950263023376,0.181827574968338,0.0005271386471576989,262144,262143,3159,44882.91354614115,13424.274065711481,243427,604,15557,2555,0,0
P1,F2,71,calibration,calibrated,162,Sri-Lanka_1049830,LKA,1.8636171955692646,0.7458149504198492,0.7458149286914019,0.7660617232322693,0.25079038739204407,0.00028439407469704747,262144,190233,4514,14676.561164106823,2629.863409522368,185658,1998,1384,1193,0,0
P1,F2,71,calibration,t1,162,Sri-Lanka_1049830,LKA,1.0,0.4219046866311833,0.42190466876803157,0.5009725093841553,0.14419935643672943,0.0006307194707915187,262144,190233,4514,7398.760731157271,2180.92986649973,185658,1998,1384,1193,0,0
P1,F2,71,calibration,calibrated,163,Sri-Lanka_117737,LKA,1.8636171955692646,0.976400267178095,0.9764002641427569,0.7868371605873108,0.24397410452365875,0.00021366728469729424,262144,262144,388,29573.252121627054,6555.623943608229,255253,160,6503,228,0,0
P1,F2,71,calibration,t1,163,Sri-Lanka_117737,LKA,1.0,0.906051442403675,0.9060514407141598,0.48974815011024475,0.11792425066232681,0.00026788917602971196,262144,262144,388,24490.045281242597,6038.451988562763,255253,160,6503,228,0,0
P1,F2,71,calibration,calibrated,164,Sri-Lanka_120804,LKA,1.8636171955692646,0.976532481122404,0.9765324814800256,0.8743062019348145,0.30034339427948,0.0002584404428489506,262144,262144,478,35013.43709581115,7902.282719774628,255125,61,6541,417,0,0
P1,F2,71,calibration,t1,164,Sri-Lanka_120804,LKA,1.0,0.9260859708247954,0.9260859715714693,0.6529284715652466,0.17648658156394958,0.0003878978895954788,262144,262144,478,25916.306389925023,6236.947951644371,255125,61,6541,417,0,0
P1,F2,71,calibration,calibrated,165,Sri-Lanka_132922,LKA,1.8636171955692646,0.9984036545598298,0.998403654601416,0.8150124549865723,0.258110374212265,0.00022951510618440807,262144,262144,29,51385.4532559002,14530.85507154866,244279,22,17836,7,0,0
P1,F2,71,calibration,t1,165,Sri-Lanka_132922,LKA,1.0,0.9936982620591227,0.993698262170588,0.5342873930931091,0.1286027580499649,0.0002707420790102333,262144,262144,29,61672.05954897026,15957.945680437835,244279,22,17836,7,0,0
P1,F2,71,calibration,calibrated,166,Sri-Lanka_135713,LKA,1.8636171955692646,0.9887907812440535,0.9887907817769915,0.45464128255844116,0.10308873653411865,0.00014808934065513313,262144,134330,117,5830.757043299094,336.83023782181647,134279,51,0,0,0,0
P1,F2,71,calibration,t1,166,Sri-Lanka_135713,LKA,1.0,0.9001803917093291,0.9001803822932656,0.13972201943397522,0.026516756042838097,0.00013154053885955364,262144,134330,117,626.2488914281716,56.73967330677463,134279,51,0,0,0,0
P1,F2,71,calibration,calibrated,167,Sri-Lanka_14484,LKA,1.8636171955692646,0.7738562349699498,0.7738562407783001,0.7664774656295776,0.24976052343845367,0.0003261895617470145,262144,232015,3656,102470.4004556387,30311.637276107103,192183,966,36511,2355,0,0
P1,F2,71,calibration,t1,167,Sri-Lanka_14484,LKA,1.0,0.4537553645619271,0.4537553809608529,0.504035472869873,0.14118054509162903,0.0007581071695312858,262144,232015,3656,167209.00303525495,34356.62927343092,192183,966,36511,2355,0,0
P1,F2,71,calibration,calibrated,168,Sri-Lanka_152185,LKA,1.8636171955692646,0.8153371184634753,0.8153371145988738,0.5693092942237854,0.15871651470661163,0.00022724068548996001,262144,262144,2446,15561.543040990022,1970.9826077330054,258927,1019,771,1427,0,0
P1,F2,71,calibration,t1,168,Sri-Lanka_152185,LKA,1.0,0.4268474898868704,0.4268474749198876,0.27465054392814636,0.07277711480855942,0.0004029911942780018,262144,262144,2446,5584.416370550132,1354.1773404427909,258927,1019,771,1427,0,0
P1,F2,71,calibration,calibrated,169,Sri-Lanka_163406,LKA,1.8636171955692646,0.9602806156914988,0.9602806151049346,0.5110217928886414,0.125651553273201,0.00018024859309662133,262144,262144,427,20520.21412729459,3889.80825966421,257049,25,4668,402,0,0
P1,F2,71,calibration,t1,169,Sri-Lanka_163406,LKA,1.0,0.7464841416878298,0.7464841670193465,0.19127389788627625,0.04066646471619606,0.00020619042334146798,262144,262144,427,15932.498085331415,4066.3195556542223,257049,25,4668,402,0,0
P1,F2,71,calibration,calibrated,170,Sri-Lanka_178753,LKA,1.8636171955692646,0.994320251682063,0.9943202516796779,0.4259450137615204,0.09145842492580414,0.00012974749552085996,262144,253873,57,12510.45248330431,1095.6932776386002,253171,57,645,0,0,0
P1,F2,71,calibration,t1,170,Sri-Lanka_178753,LKA,1.0,0.9384724823254516,0.9384724780145605,0.1135636642575264,0.01867625117301941,8.21101784822531e-05,262144,253873,57,3637.2879423600516,660.9289901865445,253171,57,645,0,0,0
P1,F2,71,calibration,calibrated,171,Sri-Lanka_233609,LKA,1.8636171955692646,0.9404621793370567,0.9404621812304877,0.8279650211334229,0.2738440930843353,0.0002864118723664433,262144,257120,1092,31627.52323451503,7184.448541708971,249508,735,6520,357,0,0
P1,F2,71,calibration,t1,171,Sri-Lanka_233609,LKA,1.0,0.8086714813471154,0.8086714900933911,0.5692797899246216,0.15249425172805786,0.00048467752640135586,262144,257120,1092,25841.014674555074,6436.961915640539,249508,735,6520,357,0,0
P1,F2,71,calibration,calibrated,172,Sri-Lanka_236030,LKA,1.8636171955692646,0.9028309105047194,0.9028309127980231,0.44400325417518616,0.10313308984041214,0.00020649844373110682,262144,206088,974,10220.390950917417,991.5568401003673,204328,47,791,922,0,0
P1,F2,71,calibration,t1,172,Sri-Lanka_236030,LKA,1.0,0.4940659172835943,0.4940659279911763,0.14423972368240356,0.031038951128721237,0.0003405919997021556,262144,206088,974,2861.312380102779,651.9341210714878,204328,47,791,922,0,0
P1,F2,71,calibration,calibrated,173,Sri-Lanka_236628,LKA,1.8636171955692646,0.8544749227716826,0.8544749365057026,0.5889790654182434,0.17038878798484802,0.0001942510571097955,262144,262142,1865,18829.2044502505,3044.173863637108,258058,1003,2219,862,0,0
P1,F2,71,calibration,t1,173,Sri-Lanka_236628,LKA,1.0,0.5220644208575547,0.5220644161471019,0.3051234483718872,0.0839657112956047,0.00032012880546972156,262144,262142,1865,11760.17780867788,2544.52907957854,258058,1003,2219,862,0,0
P1,F2,71,calibration,calibrated,174,Sri-Lanka_249079,LKA,1.8636171955692646,0.9758174756127226,0.9758174763887949,0.5511645674705505,0.139646515250206,0.0001715380494715646,262144,164775,280,8676.497448640195,772.5124613636995,164492,272,11,0,0,0
P1,F2,71,calibration,t1,174,Sri-Lanka_249079,LKA,1.0,0.8451840685265795,0.8451840635513524,0.22174860537052155,0.047067973762750626,0.00018706981791183352,262144,164775,280,1587.518180718661,243.1878950598147,164492,272,11,0,0,0
P1,F2,71,calibration,calibrated,175,Sri-Lanka_31559,LKA,1.8636171955692646,0.9954793986656995,0.9954793988834966,0.4452269375324249,0.09728900343179703,0.00013478405890055,262144,218795,46,11315.7407595152,986.9847323435715,218285,46,464,0,0,0
P1,F2,71,calibration,t1,175,Sri-Lanka_31559,LKA,1.0,0.9522429896060092,0.9522429905986449,0.12490860372781754,0.020523514598608017,8.586133481003344e-05,262144,218795,46,3650.62973562015,513.0574184472481,218285,46,464,0,0,0
P1,F2,71,calibration,calibrated,176,Sri-Lanka_321316,LKA,1.8636171955692646,0.9956303232043114,0.9956303230520851,0.9902427792549133,0.44469690322875977,0.00019030366092920303,262144,262133,170,131608.8885418318,46814.99049467912,165216,12,96747,158,0,0
P1,F2,71,calibration,t1,176,Sri-Lanka_321316,LKA,1.0,0.9927529993750448,0.9927529990246063,0.9668221473693848,0.3982512652873993,0.000332084484398365,262144,262133,170,184782.62018279385,58674.03093234937,165216,12,96747,158,0,0
P1,F2,71,calibration,calibrated,177,Sri-Lanka_377277,LKA,1.8636171955692646,0.6712867790220054,0.6712868020454982,0.7647239565849304,0.24889186024665833,0.000370054884115234,262144,259388,5990,22877.48553748032,4616.265075189856,249603,1182,3795,4808,0,0
P1,F2,71,calibration,t1,177,Sri-Lanka_377277,LKA,1.0,0.3280946467294842,0.3280946644812368,0.5012867450714111,0.1406349539756775,0.0009242120431736112,262144,259388,5990,15641.488448115844,4118.611364777806,249603,1182,3795,4808,0,0
P1,F2,71,calibration,calibrated,178,Sri-Lanka_400518,LKA,1.8636171955692646,0.8380711715571937,0.838071180004677,0.4646979570388794,0.11463899165391922,0.00021457148250192404,262144,262144,1758,13523.829327134868,1413.5040829880024,259452,312,934,1446,0,0
P1,F2,71,calibration,t1,178,Sri-Lanka_400518,LKA,1.0,0.38677944070905557,0.38677948037337917,0.1742365062236786,0.04157247766852379,0.0004138904041610658,262144,262144,1758,4084.1406628782697,959.7727446970487,259452,312,934,1446,0,0
P1,F2,71,calibration,calibrated,179,Sri-Lanka_450918,LKA,1.8636171955692646,0.8621210630389757,0.8621210704478466,0.8202635049819946,0.2778908610343933,0.0010753454407677054,123231,99126,1629,20331.16339015402,4699.174574770073,94448,401,4244,33,0,0
P1,F2,71,calibration,t1,179,Sri-Lanka_450918,LKA,1.0,0.5977072178151772,0.597707229419133,0.5724985003471375,0.16576334834098816,0.003206514986231923,123231,99126,1629,20581.063233961853,4350.529859483137,94448,401,4244,33,0,0
P1,F2,71,calibration,calibrated,180,Sri-Lanka_49764,LKA,1.8636171955692646,0.9925434526150466,0.9925434529123346,0.45270150899887085,0.10058359056711197,0.00015843973960727453,262144,243327,76,18803.3121312968,2907.040950101103,240765,76,2486,0,0,0
P1,F2,71,calibration,t1,180,Sri-Lanka_49764,LKA,1.0,0.9263062240515275,0.9263062218624826,0.1326858103275299,0.022942112758755684,0.00013606913853436708,262144,243327,76,15424.31869475017,2531.4084029893193,240765,76,2486,0,0,0
P1,F2,71,calibration,calibrated,181,Sri-Lanka_52223,LKA,1.8636171955692646,0.9993643242711989,0.999364324294834,0.4646345376968384,0.10189230740070343,0.00013354592374525964,262144,262144,7,11957.773196199483,673.1185484066023,262137,7,0,0,0,0
P1,F2,71,calibration,t1,181,Sri-Lanka_52223,LKA,1.0,0.9932372203296079,0.9932372203971297,0.1315356194972992,0.020223509520292282,7.10521126165986e-05,262144,262144,7,1148.3429589273342,30.024816542701977,262137,7,0,0,0,0
P1,F2,71,calibration,calibrated,182,Sri-Lanka_523539,LKA,1.8636171955692646,0.6797099394546573,0.6797099747277965,0.843160092830658,0.2971805930137634,0.000368340261047706,262144,218481,6751,69818.60407060699,19843.88445101944,191682,2130,21696,2973,0,0
P1,F2,71,calibration,t1,182,Sri-Lanka_523539,LKA,1.0,0.3802279736956008,0.3802279480186357,0.6250818967819214,0.19030869007110596,0.000851208926178515,262144,218481,6751,105706.48594948371,21685.199116686075,191682,2130,21696,2973,0,0
P1,F2,71,calibration,calibrated,183,Sri-Lanka_534068,LKA,1.8636171955692646,0.9999999999972023,1.0,0.8273958563804626,0.2616846561431885,0.000203698014956899,262144,262144,0,559964.8200487155,192121.22332556488,4876,0,257268,0,0,0
P1,F2,71,calibration,t1,183,Sri-Lanka_534068,LKA,1.0,0.9999999999910124,1.0,0.5471276044845581,0.12770672142505646,0.00021895620739087462,262144,262144,0,981719.2573686441,235900.3233636555,4876,0,257268,0,0,0
P1,F2,71,calibration,calibrated,184,Sri-Lanka_551926,LKA,1.8636171955692646,0.9672237879931441,0.9672237887657702,0.8193716406822205,0.2721881866455078,0.00035201371065340936,262144,262144,591,53005.61877288362,14764.299162301948,242362,182,19191,409,0,0
P1,F2,71,calibration,t1,184,Sri-Lanka_551926,LKA,1.0,0.8856488613138043,0.8856488648843425,0.5635920166969299,0.15468895435333252,0.0005892741028219461,262144,262144,591,65421.78050720728,16440.879813830303,242362,182,19191,409,0,0
P1,F2,71,calibration,calibrated,185,Sri-Lanka_55568,LKA,1.8636171955692646,0.875987414912821,0.8759874043548279,0.7596459984779358,0.2726682126522064,0.00016803236212581396,262144,212858,1915,23525.30945697998,6344.658738658722,197312,278,13631,1637,0,0
P1,F2,71,calibration,t1,185,Sri-Lanka_55568,LKA,1.0,0.6850990122002348,0.6850990176901759,0.572228729724884,0.18782639503479004,0.00030366244027391076,262144,212858,1915,20353.534278990577,7582.4327951536625,197312,278,13631,1637,0,0
P1,F2,71,calibration,calibrated,186,Sri-Lanka_579082,LKA,1.8636171955692646,0.5868940106288758,0.5868939994652532,0.7799278497695923,0.26200130581855774,0.0004724050813820213,262144,208263,8480,34655.783643637515,9020.035735037134,191780,2017,9333,5133,0,0
P1,F2,71,calibration,t1,186,Sri-Lanka_579082,LKA,1.0,0.26741303351189327,0.26741304582674874,0.5352162718772888,0.1573413759469986,0.0013854742283001542,262144,208263,8480,43339.66524091152,9682.350942868996,191780,2017,9333,5133,0,0
P1,F2,71,calibration,calibrated,187,Sri-Lanka_612594,LKA,1.8636171955692646,0.3236434323681634,0.32364343996392897,0.9420550465583801,0.3771955966949463,0.000851492746733129,262144,262144,49150,47399.67563558626,10395.144294989597,210840,8179,2154,40971,0,0
P1,F2,71,calibration,t1,187,Sri-Lanka_612594,LKA,1.0,0.1386883390579876,0.13868832759780392,0.828183114528656,0.2903278172016144,0.0023519026581197977,262144,262144,49150,27401.775894874772,7426.179314529545,210840,8179,2154,40971,0,0
P1,F2,71,calibration,calibrated,188,Sri-Lanka_63307,LKA,1.8636171955692646,0.5000313412905294,0.5000313092130237,0.9950879216194153,0.46429145336151123,0.0014781837817281485,262144,262144,42911,92749.87638528476,28940.020639779832,214164,40975,5069,1936,0,0
P1,F2,71,calibration,t1,188,Sri-Lanka_63307,LKA,1.0,0.337336792920759,0.33733678398879685,0.9831945300102234,0.4340056777000427,0.004480807576328516,262144,262144,42911,88920.77225631832,29753.29999588045,214164,40975,5069,1936,0,0
P1,F2,71,calibration,calibrated,189,Sri-Lanka_649970,LKA,1.8636171955692646,0.8840992255480234,0.8840992207195696,0.8200826644897461,0.2732238471508026,0.00028575994656421244,262144,260855,1985,46190.950140066365,12945.239117878711,243067,445,15803,1540,0,0
P1,F2,71,calibration,t1,189,Sri-Lanka_649970,LKA,1.0,0.6675693083956062,0.6675693034502461,0.5653573274612427,0.15629969537258148,0.0005143816815689206,262144,260855,1985,55930.380685729724,14280.200769884603,243067,445,15803,1540,0,0
P1,F2,71,calibration,calibrated,190,Sri-Lanka_653336,LKA,1.8636171955692646,0.709806755281059,0.7098067574772221,0.9033496975898743,0.33891427516937256,0.0004405395593494177,262144,262141,7983,38180.17437023122,9698.124416445877,243558,601,10600,7382,0,0
P1,F2,71,calibration,t1,190,Sri-Lanka_653336,LKA,1.0,0.4497500707247357,0.4497500429153125,0.7348161935806274,0.2369665503501892,0.0010383272310718894,262144,262141,7983,32184.803215742635,9244.928475139473,243558,601,10600,7382,0,0
P1,F2,71,calibration,calibrated,191,Sri-Lanka_713926,LKA,1.8636171955692646,0.21992375506284068,0.21992381643972514,0.9901164174079895,0.44929853081703186,0.0007576272473670542,262144,262104,111338,82599.43023517486,23885.01097427772,150496,31102,294,80212,0,0
P1,F2,71,calibration,t1,191,Sri-Lanka_713926,LKA,1.0,0.11797529189476108,0.11797538383653383,0.9666790962219238,0.4070605933666229,0.002470835344865918,262144,262104,111338,71303.0527019664,22323.55426624563,150496,31102,294,80212,0,0
P1,F2,71,calibration,calibrated,192,Sri-Lanka_748447,LKA,1.8636171955692646,0.8708239022871576,0.8708238944985587,0.5138404965400696,0.1358368694782257,0.00022261602862272412,262144,249187,1484,13457.598557029673,1533.3619795214936,247121,847,590,629,0,0
P1,F2,71,calibration,t1,192,Sri-Lanka_748447,LKA,1.0,0.49736430222101624,0.4973643216743545,0.22362303733825684,0.05666670203208923,0.00043648117571137846,262144,249187,1484,4167.72081677766,1023.2003897371834,247121,847,590,629,0,0
P1,F2,71,calibration,calibrated,193,Sri-Lanka_845821,LKA,1.8636171955692646,0.999999999997435,1.0,0.8943894505500793,0.3129706382751465,0.0002486704906914383,262144,240758,0,510943.1715526946,172322.08918780848,6212,0,234546,0,0,0
P1,F2,71,calibration,t1,193,Sri-Lanka_845821,LKA,1.0,0.9999999999931591,1.0,0.6942234635353088,0.18922138214111328,0.00032902785460464656,262144,240758,0,893314.2914275165,210493.8393006999,6212,0,234546,0,0,0
P1,F2,71,calibration,calibrated,194,Sri-Lanka_847275,LKA,1.8636171955692646,0.7432067812109919,0.7432067891803241,0.9392034411430359,0.37530717253685,0.00042460550321266055,262144,231361,7029,88812.8934838977,29095.84195021944,180580,317,44583,5881,0,0
P1,F2,71,calibration,t1,194,Sri-Lanka_847275,LKA,1.0,0.536893169992728,0.5368931575047255,0.8215610980987549,0.2882521152496338,0.0011088509345427155,262144,231361,7029,131453.89265547067,35607.15582133909,180580,317,44583,5881,0,0
P1,F2,71,calibration,calibrated,195,Sri-Lanka_849649,LKA,1.8636171955692646,0.8418166615518162,0.8418166649041467,0.4814039170742035,0.1216450035572052,0.00018224887026008219,262144,218207,1780,11241.910772169693,1135.9370880453007,216116,199,625,1267,0,0
P1,F2,71,calibration,t1,195,Sri-Lanka_849649,LKA,1.0,0.409087025613059,0.4090869976957201,0.19026322662830353,0.04636819660663605,0.00027967753703705966,262144,218207,1780,3060.60740718031,679.6037215321458,216116,199,625,1267,0,0
P1,F2,71,calibration,calibrated,196,Sri-Lanka_85652,LKA,1.8636171955692646,0.9816474298411113,0.981647429938369,0.5006935000419617,0.12126028537750244,0.0001729956129565835,262144,197368,205,14376.015052678735,2247.42035305656,195242,185,1921,20,0,0
P1,F2,71,calibration,t1,196,Sri-Lanka_85652,LKA,1.0,0.8666985969317531,0.8666985913367979,0.18177250027656555,0.03742057830095291,0.00017145165475085378,262144,197368,205,10460.602986975387,1937.305056969135,195242,185,1921,20,0,0
P1,F2,71,calibration,calibrated,197,Sri-Lanka_883641,LKA,1.8636171955692646,0.74801471902188,0.7480147189184516,0.8288105726242065,0.29007816314697266,0.0003333136555738747,262144,262144,5030,29585.54321489261,7368.814130681207,247647,997,9467,4033,0,0
P1,F2,71,calibration,t1,197,Sri-Lanka_883641,LKA,1.0,0.4640983986660929,0.46409841413683817,0.6008889079093933,0.1850266307592392,0.0007154549239203334,262144,262144,5030,25386.81569242973,7878.487106168981,247647,997,9467,4033,0,0
P1,F2,71,calibration,calibrated,198,Sri-Lanka_916628,LKA,1.8636171955692646,0.30937145449760295,0.3093714682793953,0.9658472537994385,0.40545958280563354,0.0010291619691997766,262144,259961,47270,93152.49921050729,27721.307027919156,178113,324,35080,46444,0,0
P1,F2,71,calibration,t1,198,Sri-Lanka_916628,LKA,1.0,0.15651003172769784,0.1565100603641405,0.8923377990722656,0.3330415189266205,0.003679831512272358,262144,259961,47270,126019.6456485627,29403.679996188104,178113,324,35080,46444,0,0
P1,F2,71,calibration,calibrated,199,Sri-Lanka_922192,LKA,1.8636171955692646,0.9455384343236598,0.9455384329949627,0.5882236361503601,0.16662974655628204,0.00016408039664383978,262144,239783,670,13771.884849580374,1707.6051020065054,238225,528,930,100,0,0
P1,F2,71,calibration,t1,199,Sri-Lanka_922192,LKA,1.0,0.7569332734124773,0.7569332558295945,0.29831060767173767,0.07676677405834198,0.00019648644956760108,262144,239783,670,4275.538512158193,1061.032230574919,238225,528,930,100,0,0
P1,F2,71,calibration,calibrated,200,Sri-Lanka_92824,LKA,1.8636171955692646,0.8409536685974016,0.8409536702089291,0.8595519661903381,0.30479714274406433,0.0003641608345787972,262144,246506,3063,116660.81471794809,38272.41891237919,191015,101,52574,2816,0,0
P1,F2,71,calibration,t1,200,Sri-Lanka_92824,LKA,1.0,0.6160584540214598,0.6160584304255045,0.6456221342086792,0.19548724591732025,0.0008074694778770208,262144,246506,3063,187608.2329659093,45889.98156374563,191015,101,52574,2816,0,0
P1,F2,71,calibration,calibrated,201,Sri-Lanka_956740,LKA,1.8636171955692646,0.41924592402938454,0.4192459853537627,0.677819550037384,0.1997516006231308,0.00044952332973480225,262144,202069,12992,11932.022964302509,1509.2668653356254,193040,1111,204,7714,0,0
P1,F2,71,calibration,t1,201,Sri-Lanka_956740,LKA,1.0,0.11816386530886336,0.11816388663606114,0.3714616000652313,0.09401292353868484,0.0013532767770811915,262144,202069,12992,4216.364266086208,1052.807450582392,193040,1111,204,7714,0,0
P1,F2,71,test,calibrated,0,Ghana_103272,GHA,1.8636171955692646,0.7591934421776223,0.7591934347405237,0.43850231170654297,0.10415483266115189,0.00018620282935444266,262144,259269,2464,13114.9747768949,1319.0664646934406,256623,1088,182,1376,0,0
P1,F2,71,test,t1,0,Ghana_103272,GHA,1.0,0.2595115326274249,0.2595114719990075,0.1509028524160385,0.034432873129844666,0.0003072443651035428,262144,259269,2464,3674.2510143727704,937.2918270510371,256623,1088,182,1376,0,0
P1,F2,71,test,calibrated,1,Ghana_1033830,GHA,1.8636171955692646,0.3252875280580483,0.3252875562216545,0.9870486259460449,0.44204777479171753,0.0011835652403533459,262144,233229,57473,104167.92305278443,34980.081156514236,135791,627,51364,45447,0,0
P1,F2,71,test,t1,1,Ghana_1033830,GHA,1.0,0.18391742521969445,0.183917423175615,0.9567400217056274,0.3943077325820923,0.0040160794742405415,262144,233229,57473,140673.16657324624,40691.62783518281,135791,627,51364,45447,0,0
P1,F2,71,test,calibrated,2,Ghana_1078550,GHA,1.8636171955692646,0.9982073678488372,0.9982073677653294,0.3814336955547333,0.07566040754318237,0.0001298615534324199,262144,262144,17,14896.67209463239,1682.0537083000368,260734,3,1393,14,0,0
P1,F2,71,test,t1,2,Ghana_1078550,GHA,1.0,0.9759986329303741,0.975998630221392,0.079572394490242,0.010813811793923378,5.59955915377941e-05,262144,262144,17,7532.071524316525,1336.3935678450976,260734,3,1393,14,0,0
P1,F2,71,test,calibrated,3,Ghana_1089161,GHA,1.8636171955692646,0.7754975569053593,0.7754975675256541,0.409040629863739,0.08972456306219101,0.00016777026758063585,262144,236164,2070,12506.468202902774,1253.7679490877795,233173,84,921,1986,0,0
P1,F2,71,test,t1,3,Ghana_1089161,GHA,1.0,0.24148296679264047,0.24148295512864904,0.11532848328351974,0.022489234805107117,0.00022520752099808306,262144,236164,2070,4589.032070180334,861.9909778811545,233173,84,921,1986,0,0
P1,F2,71,test,calibrated,4,Ghana_11745,GHA,1.8636171955692646,0.9999999999905439,1.0,0.3508446514606476,0.06665889173746109,0.00011643823381746188,262144,262144,0,10815.390192450983,464.3250034023317,262144,0,0,0,0,0
P1,F2,71,test,t1,4,Ghana_11745,GHA,1.0,0.9999999998706212,1.0,0.06367209553718567,0.007703912444412708,4.1114577470580116e-05,262144,262144,0,774.8418256522355,3.7985694193353914,262144,0,0,0,0,0
P1,F2,71,test,calibrated,5,Ghana_124834,GHA,1.8636171955692646,0.9999999999907369,1.0,0.3717759847640991,0.07246250659227371,0.00012069735385011882,262144,262144,0,11053.507307151454,497.2570225860469,262144,0,0,0,0,0
P1,F2,71,test,t1,5,Ghana_124834,GHA,1.0,0.9999999998790685,1.0,0.0733988881111145,0.009213569574058056,4.36922928201966e-05,262144,262144,0,829.5031344859973,5.103371071436516,262144,0,0,0,0,0
P1,F2,71,test,calibrated,6,Ghana_128663,GHA,1.8636171955692646,0.8622344398289007,0.8622344425430462,0.447376549243927,0.11082474142313004,0.0006244824617169797,261406,168848,1475,8906.860556307569,992.2536078603032,167687,1161,0,0,0,0
P1,F2,71,test,t1,6,Ghana_128663,GHA,1.0,0.4432928641890015,0.44329290273287125,0.1672070324420929,0.0427425317466259,0.0018320154631510377,261406,168848,1475,2650.9338498629113,741.2250231372719,167687,1161,0,0,0,0
P1,F2,71,test,calibrated,7,Ghana_132163,GHA,1.8636171955692646,0.8781704318593541,0.8781704336289876,0.4209764003753662,0.09503649920225143,0.00018521095626056194,262144,55761,1145,2964.029617468962,255.91223883794316,55554,207,0,0,0,0
P1,F2,71,test,t1,7,Ghana_132163,GHA,1.0,0.41206373351207526,0.41206372295535276,0.12809109687805176,0.026600955054163933,0.0003092082333751023,262144,55761,1145,641.6103385537991,148.43091938438647,55554,207,0,0,0,0
P1,F2,71,test,calibrated,8,Ghana_134751,GHA,1.8636171955692646,0.7905684444434284,0.7905684708965398,0.7388851642608643,0.2286342978477478,0.002662400947883725,37663,37663,833,5335.107387340029,901.0813395042212,36830,833,0,0,0,0
P1,F2,71,test,t1,8,Ghana_134751,GHA,1.0,0.44185321897419905,0.4418532183139289,0.43567830324172974,0.1169242411851883,0.00840042345225811,37663,37663,833,2386.7652705457454,593.3941139354819,36830,833,0,0,0,0
P1,F2,71,test,calibrated,9,Ghana_135389,GHA,1.8636171955692646,0.7199045751391693,0.7199045635759875,0.8154333829879761,0.27521616220474243,0.0036271943245083094,24624,24624,906,4642.70971296256,1000.2970408187666,23470,902,248,4,0,0
P1,F2,71,test,t1,9,Ghana_135389,GHA,1.0,0.3846989105059745,0.3846989185724541,0.5600131750106812,0.1634145826101303,0.011468442156910896,24624,24624,906,3168.70235956985,846.4450726200155,23470,902,248,4,0,0
P1,F2,71,test,calibrated,10,Ghana_141271,GHA,1.8636171955692646,0.9999999999910477,1.0,0.3999951183795929,0.08071424067020416,0.00013578403741121292,262144,262144,0,15966.767346860192,1968.3644149493562,260508,0,1636,0,0,0
P1,F2,71,test,t1,10,Ghana_141271,GHA,1.0,0.9999999998919643,1.0,0.08812963217496872,0.011786771938204765,5.8728790463646874e-05,262144,262144,0,9327.97565358939,1611.345648250881,260508,0,1636,0,0,0
P1,F2,71,test,calibrated,11,Ghana_141910,GHA,1.8636171955692646,0.20536745685697078,0.20536751775567652,0.9907180666923523,0.4509505331516266,0.0012566521763801575,262144,262144,125523,172491.77372742444,59037.193494133586,121618,69876,15003,55647,0,0
P1,F2,71,test,t1,11,Ghana_141910,GHA,1.0,0.10912757840529497,0.10912761074122357,0.9686582684516907,0.41000694036483765,0.004844932816922665,262144,262144,125523,240179.5319911008,68593.91899140633,121618,69876,15003,55647,0,0
P1,F2,71,test,calibrated,12,Ghana_142312,GHA,1.8636171955692646,0.999999999991238,1.0,0.4241624176502228,0.08969628810882568,0.00013967648555990309,262144,262144,0,11744.763276210175,624.1405270025414,262144,0,0,0,0,0
P1,F2,71,test,t1,12,Ghana_142312,GHA,1.0,0.9999999999046905,1.0,0.10884898155927658,0.01648172177374363,6.553789717145264e-05,262144,262144,0,1063.1849197818638,25.29468713402946,262144,0,0,0,0,0
P1,F2,71,test,calibrated,13,Ghana_144050,GHA,1.8636171955692646,0.9999999999911976,1.0,0.4116418957710266,0.08464229106903076,0.00013459760521072894,262144,23551,0,1010.860970155352,46.110782763935,23551,0,0,0,0,0
P1,F2,71,test,t1,13,Ghana_144050,GHA,1.0,0.9999999998976586,1.0,0.09662986546754837,0.013381117954850197,5.3694500820711255e-05,262144,23551,0,76.67954665963217,0.39342466324904246,23551,0,0,0,0,0
P1,F2,71,test,calibrated,14,Ghana_146222,GHA,1.8636171955692646,0.9999999999903166,1.0,0.3226723372936249,0.05911536142230034,0.00010611599282128736,262144,181656,0,7291.411762339938,295.40130000988904,181656,0,0,0,0,0
P1,F2,71,test,t1,14,Ghana_146222,GHA,1.0,0.9999999998598753,1.0,0.05165272578597069,0.005905980709940195,3.375012238393538e-05,262144,181656,0,493.4223000273822,1.7336390452031525,181656,0,0,0,0,0
P1,F2,71,test,calibrated,15,Ghana_147015,GHA,1.8636171955692646,0.9959943218708022,0.9959943219220055,0.4629271328449249,0.10372494161128998,0.00017283231136389077,262144,262144,44,19721.79206535978,3334.0251296131587,258602,12,3498,32,0,0
P1,F2,71,test,t1,15,Ghana_147015,GHA,1.0,0.9613922913529087,0.9613922939103703,0.1388711780309677,0.023911746218800545,0.00015642399375792593,262144,262144,44,15251.950702288766,3220.983586280306,258602,12,3498,32,0,0
P1,F2,71,test,calibrated,16,Ghana_154838,GHA,1.8636171955692646,0.9999999999905618,1.0,0.3540653884410858,0.0673634260892868,0.00011041549441870302,262144,42107,0,1894.1129215948704,89.55901024420382,42107,0,0,0,0,0
P1,F2,71,test,t1,16,Ghana_154838,GHA,1.0,0.9999999998709886,1.0,0.06438025832176208,0.007743761409074068,3.583272700780071e-05,262144,42107,0,148.8167669967968,0.8527895466219473,42107,0,0,0,0,0
P1,F2,71,test,calibrated,17,Ghana_156478,GHA,1.8636171955692646,0.999999999990503,1.0,0.3459177613258362,0.06527828425168991,0.00011266890942351893,262144,262144,0,10765.935086245052,457.1286185924222,262144,0,0,0,0,0
P1,F2,71,test,t1,17,Ghana_156478,GHA,1.0,0.9999999998686011,1.0,0.0613180473446846,0.0073307715356349945,3.7642304960172623e-05,262144,262144,0,762.7841752009874,3.4577523558470222,262144,0,0,0,0,0
P1,F2,71,test,calibrated,18,Ghana_161233,GHA,1.8636171955692646,0.9095453349325806,0.9095453398789433,0.7868982553482056,0.24659566581249237,0.0005405018455348909,162668,1892,1278,499.8248554163813,122.96775492316632,1807,85,0,0,0,0
P1,F2,71,test,t1,18,Ghana_161233,GHA,1.0,0.6815758895406956,0.6815758741475878,0.49547749757766724,0.12329625338315964,0.0013992309104651213,162668,1892,1278,291.8560376346429,73.78048786405823,1807,85,0,0,0,0
P1,F2,71,test,calibrated,19,Ghana_167233,GHA,1.8636171955692646,0.999999999990636,1.0,0.3600803315639496,0.06905858218669891,0.00011754982551792637,262144,262144,0,10926.701645959234,477.8598116879584,262144,0,0,0,0,0
P1,F2,71,test,t1,19,Ghana_167233,GHA,1.0,0.9999999998741672,1.0,0.06728842854499817,0.0082076545804739,3.978486347477883e-05,262144,262144,0,796.7550147701727,4.057883042484793,262144,0,0,0,0,0
P1,F2,71,test,calibrated,20,Ghana_168875,GHA,1.8636171955692646,0.9999999999902079,1.0,0.3064127564430237,0.05502360686659813,0.00010396799916634336,262144,41796,0,1653.9802731094262,65.18734510107711,41796,0,0,0,0,0
P1,F2,71,test,t1,20,Ghana_168875,GHA,1.0,0.9999999998547296,1.0,0.0457654744386673,0.005096757784485817,3.4563912777230144e-05,262144,41796,0,108.99829400692579,0.33577767930229485,41796,0,0,0,0,0
P1,F2,71,test,calibrated,21,Ghana_187318,GHA,1.8636171955692646,0.999999999990634,1.0,0.36404308676719666,0.07054485380649567,0.00011531706695677713,262144,262144,0,10928.259743938597,484.01239151503717,262144,0,0,0,0,0
P1,F2,71,test,t1,21,Ghana_187318,GHA,1.0,0.9999999998759853,1.0,0.07076669484376907,0.008932220749557018,4.195701694698073e-05,262144,262144,0,809.1970962202286,5.5426369457454125,262144,0,0,0,0,0
P1,F2,71,test,calibrated,22,Ghana_194723,GHA,1.8636171955692646,0.9855901147360668,0.9855901139544232,0.3556389808654785,0.06896943598985672,0.00012342042464297265,262144,47408,112,2236.437861596677,163.1800489789742,47296,112,0,0,0,0
P1,F2,71,test,t1,22,Ghana_194723,GHA,1.0,0.8206307686939142,0.8206307613403852,0.06934811919927597,0.009579424746334553,8.449076995020732e-05,262144,47408,112,394.75451223456304,81.55405965530466,47296,112,0,0,0,0
P1,F2,71,test,calibrated,23,Ghana_247288,GHA,1.8636171955692646,0.298873858739201,0.2988738811889382,0.929953932762146,0.36466678977012634,0.0012752998154610395,261625,40174,37701,24487.05982262159,8272.259557319949,10790,2734,9312,17338,0,0
P1,F2,71,test,t1,23,Ghana_247288,GHA,1.0,0.12802523616985717,0.1280252238809666,0.7980634570121765,0.2724672555923462,0.0044921948574483395,261625,40174,37701,32865.46846895222,9448.410911715635,10790,2734,9312,17338,0,0
P1,F2,71,test,calibrated,24,Ghana_24858,GHA,1.8636171955692646,0.9957815900802067,0.9957815901844473,0.34049513936042786,0.0642966777086258,0.00011764870578190312,262144,262144,36,12167.639517812862,882.1156726366773,261640,20,468,16,0,0
P1,F2,71,test,t1,24,Ghana_24858,GHA,1.0,0.9385168581287383,0.9385168593775745,0.06059546023607254,0.007738545536994934,6.35086908005178e-05,262144,262144,36,3470.091158488929,475.7345280138612,261640,20,468,16,0,0
P1,F2,71,test,calibrated,25,Ghana_264787,GHA,1.8636171955692646,0.9999999999904067,1.0,0.33634790778160095,0.06266580522060394,0.00010821848991326988,262144,181975,0,7352.074433440433,302.1454120742543,181975,0,0,0,0,0
P1,F2,71,test,t1,25,Ghana_264787,GHA,1.0,0.9999999998642173,1.0,0.05703115835785866,0.00667692581191659,3.6044664739165455e-05,262144,181975,0,504.45573154726355,1.8998381062471899,181975,0,0,0,0,0
P1,F2,71,test,calibrated,26,Ghana_308249,GHA,1.8636171955692646,0.7037812224876638,0.7037812456993122,0.5229559540748596,0.13982518017292023,0.0003076507127843797,262144,262144,3778,20681.11679554586,3857.812320248357,253986,128,4380,3650,0,0
P1,F2,71,test,t1,26,Ghana_308249,GHA,1.0,0.26137741740580167,0.26137746273202944,0.2327243983745575,0.0598127506673336,0.0007780485320836306,262144,262144,3778,15911.151858032925,3821.8159286786795,253986,128,4380,3650,0,0
P1,F2,71,test,calibrated,27,Ghana_313799,GHA,1.8636171955692646,0.9661941671451978,0.9661941642753984,0.45343858003616333,0.10769761353731155,0.0001585365243954584,262144,244464,340,44901.952026371684,12022.044939902893,229530,1,14594,339,0,0
P1,F2,71,test,t1,27,Ghana_313799,GHA,1.0,0.7623372965570889,0.7623373028329494,0.15760190784931183,0.03388465568423271,0.0001842341443989426,262144,244464,340,64086.981121545476,13551.838253246799,229530,1,14594,339,0,0
P1,F2,71,test,calibrated,28,Ghana_319168,GHA,1.8636171955692646,0.4353120902965648,0.4353121211895533,0.9619564414024353,0.39965713024139404,0.0005903004785068333,262144,171624,25444,46551.06233581222,14933.659709984448,131516,587,23173,16348,0,0
P1,F2,71,test,t1,28,Ghana_319168,GHA,1.0,0.23743739845984624,0.2374373987589543,0.8810577988624573,0.3236560523509979,0.001760483137331903,262144,171624,25444,57861.56073069248,17452.778970495347,131516,587,23173,16348,0,0
P1,F2,71,test,calibrated,29,Ghana_359826,GHA,1.8636171955692646,0.8802593697192929,0.8802593735213994,0.528744637966156,0.13188956677913666,0.00022372759121935815,262144,262144,1273,17066.71735723711,2380.1139066451933,258597,51,2274,1222,0,0
P1,F2,71,test,t1,29,Ghana_359826,GHA,1.0,0.47885478000277804,0.4788548535495897,0.20391906797885895,0.044030141085386276,0.0004002651257906109,262144,262144,1273,8673.16452215238,1958.5465933544585,258597,51,2274,1222,0,0
P1,F2,71,test,calibrated,30,Ghana_362274,GHA,1.8636171955692646,0.5688433699554637,0.5688433931580421,0.7961245775222778,0.26678282022476196,0.00034109075204469264,262144,259407,9244,30915.418725749834,7629.616580604639,240654,389,10143,8221,0,0
P1,F2,71,test,t1,30,Ghana_362274,GHA,1.0,0.25010130756446514,0.2501013111952176,0.5455715656280518,0.1578856110572815,0.0008383928798139095,262144,259407,9244,29277.442880292125,8178.146636764798,240654,389,10143,8221,0,0
P1,F2,71,test,calibrated,31,Ghana_406026,GHA,1.8636171955692646,0.6494653001177568,0.6494652761862734,0.5303612351417542,0.12863758206367493,0.0002548618649598211,262144,262144,4408,15038.237843836803,1433.8963355525068,257346,493,390,3915,0,0
P1,F2,71,test,t1,31,Ghana_406026,GHA,1.0,0.1790123753999534,0.1790124143593681,0.19200657308101654,0.03780720755457878,0.0004423416394274682,262144,262144,4408,3681.3693919158877,724.4537228081258,257346,493,390,3915,0,0
P1,F2,71,test,calibrated,32,Ghana_45911,GHA,1.8636171955692646,0.9999999999902788,1.0,0.318539559841156,0.058212317526340485,0.00010201735858572647,262144,29269,0,1158.946699351132,45.82078911346953,29269,0,0,0,0,0
P1,F2,71,test,t1,32,Ghana_45911,GHA,1.0,0.9999999998586256,1.0,0.05070925131440163,0.005826345179229975,3.463432949502021e-05,262144,29269,0,76.61493908719977,0.24310313439711764,29269,0,0,0,0,0
P1,F2,71,test,calibrated,33,Ghana_495107,GHA,1.8636171955692646,0.9969657030545286,0.9969657029779024,0.4605380892753601,0.10190556943416595,0.00016394224076066166,262144,262144,32,20253.078298981673,3559.7955508294726,258185,0,3927,32,0,0
P1,F2,71,test,t1,33,Ghana_495107,GHA,1.0,0.9688671298467447,0.9688671299687491,0.1334945261478424,0.02209428884088993,0.00012351336772553623,262144,262144,32,15999.589229320973,3576.599839622908,258185,0,3927,32,0,0
P1,F2,71,test,calibrated,34,Ghana_49890,GHA,1.8636171955692646,0.9999999999907783,1.0,0.36758601665496826,0.07106821238994598,0.00012059126311214641,262144,262144,0,11101.73757879635,497.34263775877685,262144,0,0,0,0,0
P1,F2,71,test,t1,34,Ghana_49890,GHA,1.0,0.9999999998789723,1.0,0.07048333436250687,0.008681167848408222,4.046923640999012e-05,262144,262144,0,828.524186450157,4.489397460500081,262144,0,0,0,0,0
P1,F2,71,test,calibrated,35,Ghana_53713,GHA,1.8636171955692646,0.999999999991309,1.0,0.4178326725959778,0.08562485873699188,0.00013773787941318005,262144,262144,0,11817.851042340117,596.5660723429289,262144,0,0,0,0,0
P1,F2,71,test,t1,35,Ghana_53713,GHA,1.0,0.9999999998989202,1.0,0.09637638181447983,0.012850676663219929,5.3502011724049225e-05,262144,262144,0,993.6597799697142,8.536380046390192,262144,0,0,0,0,0
P1,F2,71,test,calibrated,36,Ghana_597288,GHA,1.8636171955692646,0.6975619109002194,0.6975619155435846,0.5432385802268982,0.14876486361026764,0.00044696807162836194,262144,262144,4079,16283.336068586425,2184.1996673412887,256246,208,1819,3871,0,0
P1,F2,71,test,t1,36,Ghana_597288,GHA,1.0,0.2665966809806145,0.2665967011385687,0.25397568941116333,0.06647761911153793,0.0014219098957255483,262144,262144,4079,7286.596980369752,1626.117002429546,256246,208,1819,3871,0,0
P1,F2,71,test,calibrated,37,Ghana_61925,GHA,1.8636171955692646,0.9358603872051511,0.9358603929384759,0.3501133322715759,0.0689573809504509,0.00012387584138195962,262144,262144,504,11018.684313237045,565.3212291927027,261488,5,152,499,0,0
P1,F2,71,test,t1,37,Ghana_61925,GHA,1.0,0.5067867751455615,0.5067867480604655,0.07226557284593582,0.011519297957420349,9.94309812085703e-05,262144,262144,504,1137.8616946543184,121.08281229540954,261488,5,152,499,0,0
P1,F2,71,test,calibrated,38,Ghana_7496,GHA,1.8636171955692646,0.999999999990411,1.0,0.33456066250801086,0.062147028744220734,0.00010739525896497071,262144,262144,0,10656.327211317719,441.44813693099815,262144,0,0,0,0,0
P1,F2,71,test,t1,38,Ghana_7496,GHA,1.0,0.9999999998639949,1.0,0.0561034232378006,0.006523043382912874,3.4268960007466376e-05,262144,262144,0,736.6725378443888,2.799678106907044,262144,0,0,0,0,0
P1,F2,71,test,calibrated,39,Ghana_8090,GHA,1.8636171955692646,0.9999999999903777,1.0,0.32940372824668884,0.06087232753634453,0.00010878428292926401,262144,194666,0,7942.649998861649,332.3137154755458,194662,0,4,0,0,0
P1,F2,71,test,t1,39,Ghana_8090,GHA,1.0,0.999999999862897,1.0,0.0543200820684433,0.006344376131892204,3.7311052437871695e-05,262144,194666,0,562.4463826057412,6.339212358462915,194662,0,4,0,0,0
P1,F2,71,test,calibrated,40,Ghana_83200,GHA,1.8636171955692646,0.9887163017853728,0.9887163005904205,0.5182874798774719,0.12749846279621124,0.00014208235370460898,262144,98215,124,5922.986933336015,655.6039361850043,97682,0,528,5,0,0
P1,F2,71,test,t1,40,Ghana_83200,GHA,1.0,0.9166948578656042,0.9166948546627189,0.19504162669181824,0.04089480638504028,0.00011085758887929842,262144,98215,124,1993.6683466700524,437.3171179953237,97682,0,528,5,0,0
P1,F2,71,test,calibrated,41,Ghana_866994,GHA,1.8636171955692646,0.09884596275315793,0.09884598907192887,0.9169679880142212,0.35357627272605896,0.0004084248503204435,262144,117511,192738,121097.15783071039,38673.25203994388,1053,10487,35487,70484,0,0
P1,F2,71,test,t1,41,Ghana_866994,GHA,1.0,0.03272193920078348,0.032721860435246164,0.7684847712516785,0.25815731287002563,0.0010781328892335296,262144,117511,192738,198908.96418058206,43579.53061563476,1053,10487,35487,70484,0,0
P1,F2,71,test,calibrated,42,Ghana_868803,GHA,1.8636171955692646,0.21961967018827355,0.21961972196000656,0.9916897416114807,0.4536239504814148,0.0009236320038326085,262144,262144,108094,86869.66570303813,26685.244477924265,116499,1594,37551,106500,0,0
P1,F2,71,test,t1,42,Ghana_868803,GHA,1.0,0.11844679795579294,0.11844680202231883,0.971862256526947,0.41477906703948975,0.003170840907841921,262144,262144,108094,87383.99922963159,27711.18800395079,116499,1594,37551,106500,0,0
P1,F2,71,test,calibrated,43,Ghana_887131,GHA,1.8636171955692646,0.8385964224565192,0.8385964255280476,0.557390034198761,0.15462827682495117,0.00032603563158772886,262144,262144,1943,26493.712914814536,6209.067724766186,252002,67,8199,1876,0,0
P1,F2,71,test,t1,43,Ghana_887131,GHA,1.0,0.4627412110137784,0.4627412576734392,0.2667660415172577,0.0704149678349495,0.0007739754510112107,262144,262144,1943,26493.24705454187,6919.095882018781,252002,67,8199,1876,0,0
P1,F2,71,test,calibrated,44,Ghana_895194,GHA,1.8636171955692646,0.5822660695237718,0.5822660703995763,0.5302509069442749,0.14836722612380981,0.00024175575526896864,262144,252706,6384,16041.482082271938,2441.0324852313124,243811,198,2511,6186,0,0
P1,F2,71,test,t1,44,Ghana_895194,GHA,1.0,0.18606511828938388,0.1860650867525412,0.25996261835098267,0.07044292986392975,0.0005334956222213805,262144,252706,6384,8021.587183380433,2096.911471255865,243811,198,2511,6186,0,0
P1,F2,71,test,calibrated,45,Ghana_953791,GHA,1.8636171955692646,0.9571592838476971,0.9571592858930934,0.45330238342285156,0.10386884212493896,0.0001530275185359642,262144,262144,422,16812.463535883657,2471.057336022621,259205,167,2517,255,0,0
P1,F2,71,test,t1,45,Ghana_953791,GHA,1.0,0.6942384655862085,0.6942384639096845,0.14337290823459625,0.028165148571133614,0.00015414299559779465,262144,262144,422,9888.891870918138,2314.4176976249746,259205,167,2517,255,0,0
P1,F2,71,test,calibrated,46,Ghana_97059,GHA,1.8636171955692646,0.9595549561784958,0.9595549523834964,0.32764989137649536,0.06251968443393707,0.00011515759979374707,262144,27394,307,1580.2150683407203,226.03431662709767,27087,307,0,0,0,0
P1,F2,71,test,t1,46,Ghana_97059,GHA,1.0,0.6099397871879129,0.6099397944078855,0.061348333954811096,0.009224075824022293,8.209778752643615e-05,262144,27394,307,728.6997514327247,227.84486693125967,27087,307,0,0,0,0
P1,F2,71,test,calibrated,47,Ghana_97516,GHA,1.8636171955692646,0.8856808185275626,0.8856808188546117,0.45780110359191895,0.10351460427045822,0.00019066546519752592,262144,187555,1034,9170.623568725248,653.5775750292296,186683,101,179,592,0,0
P1,F2,71,test,t1,47,Ghana_97516,GHA,1.0,0.43193112513191145,0.4319311191671181,0.139347642660141,0.026077913120388985,0.00021966456552036107,262144,187555,1034,1476.156057632827,228.30630806542877,186683,101,179,592,0,0
P1,F2,71,test,calibrated,48,Pakistan_1027214,PAK,1.8636171955692646,0.2489730120332977,0.2489730938275444,0.9856864213943481,0.43959274888038635,0.0007031486020423472,262144,158958,90790,44336.80662631493,13004.349823128265,124787,10301,5846,18024,0,0
P1,F2,71,test,t1,48,Pakistan_1027214,PAK,1.0,0.12820381521271973,0.12820379182835517,0.9524487853050232,0.39013177156448364,0.0023843504022806883,262144,158958,90790,44258.66140293688,12698.763658759748,124787,10301,5846,18024,0,0
P1,F2,71,test,calibrated,49,Pakistan_1036366,PAK,1.8636171955692646,0.4936918951592445,0.4936918983204144,0.9527065753936768,0.38624557852745056,0.0006025173934176564,262144,110380,21932,32679.25202144288,9865.335673476653,86661,1046,11700,10973,0,0
P1,F2,71,test,t1,49,Pakistan_1036366,PAK,1.0,0.27112056927698835,0.2711206451945074,0.8544403910636902,0.3021111786365509,0.0018673399463295937,262144,110380,21932,41448.25292108279,10589.299050677513,86661,1046,11700,10973,0,0
P1,F2,71,test,calibrated,50,Pakistan_132143,PAK,1.8636171955692646,0.994945173456391,0.9949451734375171,0.6688302159309387,0.1856260895729065,0.00017382878286298364,262144,262144,66,15663.597799734971,1547.4769682754181,262078,66,0,0,0,0
P1,F2,71,test,t1,50,Pakistan_132143,PAK,1.0,0.9706038707844403,0.970603872247456,0.33511900901794434,0.07210066169500351,0.0001710178330540657,262144,262144,66,2902.942866618552,278.9157395863863,262078,66,0,0,0,0
P1,F2,71,test,calibrated,51,Pakistan_167553,PAK,1.8636171955692646,0.7434402873033448,0.7434402777898574,0.9805013537406921,0.4296041429042816,0.0008654756238684058,262144,247105,10470,44157.71460571505,10850.80719133391,235654,9993,1232,226,0,0
P1,F2,71,test,t1,51,Pakistan_167553,PAK,1.0,0.5643692861037432,0.5643693326422098,0.9362459182739258,0.3730584979057312,0.0022841556929051876,262144,247105,10470,29152.953552967534,8093.683841999963,235654,9993,1232,226,0,0
P1,F2,71,test,calibrated,52,Pakistan_210595,PAK,1.8636171955692646,0.9999999999937015,1.0,0.6830688714981079,0.1895512044429779,0.00020306830992922187,262144,262144,0,16830.06404379476,1670.7698394371105,262144,0,0,0,0,0
P1,F2,71,test,t1,52,Pakistan_210595,PAK,1.0,0.9999999999657251,1.0,0.3441435396671295,0.07192149758338928,0.000173418884514831,262144,262144,0,3049.2867847901025,232.05481058039666,262144,0,0,0,0,0
P1,F2,71,test,calibrated,53,Pakistan_211386,PAK,1.8636171955692646,0.9762477487014034,0.9762477501836662,0.7510559558868408,0.22576157748699188,0.00031845096964389086,262144,255405,422,32810.97503366905,6766.020415319393,248490,56,6553,306,0,0
P1,F2,71,test,t1,53,Pakistan_211386,PAK,1.0,0.8971710538936896,0.8971710603557037,0.4374748170375824,0.10359916090965271,0.0004518591158557683,262144,255405,422,28428.157012873322,5938.584360464392,248490,56,6553,306,0,0
P1,F2,71,test,calibrated,54,Pakistan_246510,PAK,1.8636171955692646,0.5865277769696946,0.5865277714214796,0.9806788563728333,0.42799490690231323,0.0006070549716241658,262144,258817,21919,62936.33565848023,17712.270648910235,232428,15648,4632,6109,0,0
P1,F2,71,test,t1,54,Pakistan_246510,PAK,1.0,0.3877607634918727,0.3877607929475023,0.9364117383956909,0.3698276877403259,0.0016659451648592949,262144,258817,21919,52672.95898281949,15863.517279842326,232428,15648,4632,6109,0,0
P1,F2,71,test,calibrated,55,Pakistan_246718,PAK,1.8636171955692646,0.6428950525791544,0.6428950438516685,0.8797708749771118,0.31611180305480957,0.00037545955274254084,262144,235278,8960,25661.86262261097,5358.988188790892,221793,359,4525,8601,0,0
P1,F2,71,test,t1,55,Pakistan_246718,PAK,1.0,0.34838746067249393,0.3483874280885443,0.6794631481170654,0.20548801124095917,0.0009925791528075933,262144,235278,8960,15628.606182934553,4010.1049347925946,221793,359,4525,8601,0,0
P1,F2,71,test,calibrated,56,Pakistan_336228,PAK,1.8636171955692646,0.6661872414371431,0.6661872508584356,0.8908398747444153,0.3368799686431885,0.0002702921919990331,262144,132471,7888,17241.077086971192,4479.55329948739,125105,7366,0,0,0,0
P1,F2,71,test,t1,56,Pakistan_336228,PAK,1.0,0.4025283509035005,0.4025283327183191,0.7229259610176086,0.240973562002182,0.0005537103861570358,262144,132471,7888,12846.322343171763,4429.43435016068,125105,7366,0,0,0,0
P1,F2,71,test,calibrated,57,Pakistan_35915,PAK,1.8636171955692646,0.3549336198211066,0.35493367681211896,0.9918937087059021,0.4542042315006256,0.0007662224234081805,262144,129233,64652,42234.766105892195,12009.117686233374,69611,7321,5334,46967,0,0
P1,F2,71,test,t1,57,Pakistan_35915,PAK,1.0,0.21101078711010235,0.21101082955704908,0.9725379347801208,0.4158182144165039,0.002372630639001727,262144,129233,64652,40560.02741528752,10602.38134766293,69611,7321,5334,46967,0,0
P1,F2,71,test,calibrated,58,Pakistan_366265,PAK,1.8636171955692646,0.978829631485112,0.9788296306637798,0.9041708707809448,0.32822948694229126,0.00030762390815652907,262144,127291,558,11537.442058321563,1742.1016444384923,127289,0,2,0,0,0
P1,F2,71,test,t1,58,Pakistan_366265,PAK,1.0,0.9411901291716367,0.9411901277697615,0.7245398163795471,0.2143530547618866,0.0004978632787242532,262144,127291,558,3372.5552452678166,378.20568553561594,127289,0,2,0,0,0
P1,F2,71,test,calibrated,59,Pakistan_401863,PAK,1.8636171955692646,0.8965702267032402,0.8965702260575337,0.9136652946472168,0.3449532687664032,0.00041439279448240995,262144,258845,2633,30802.225431730283,5922.078680214025,254472,1049,1747,1577,0,0
P1,F2,71,test,t1,59,Pakistan_401863,PAK,1.0,0.7473222425152577,0.7473222590606113,0.7551329135894775,0.2426004707813263,0.0008235635468736291,262144,258845,2633,14210.690789998152,3096.5483442146196,254472,1049,1747,1577,0,0
P1,F2,71,test,calibrated,60,Pakistan_43105,PAK,1.8636171955692646,0.9529795064258466,0.9529795067966169,0.9253561496734619,0.35328996181488037,0.0004468288389034569,261411,260942,1156,29961.82082090462,5702.119417326626,259515,1156,271,0,0,0
P1,F2,71,test,t1,60,Pakistan_43105,PAK,1.0,0.8811613779514096,0.8811613794636934,0.7815016508102417,0.25220248103141785,0.0009916354902088642,261411,260942,1156,13014.911121746893,2563.248445219168,259515,1156,271,0,0,0
P1,F2,71,test,calibrated,61,Pakistan_474121,PAK,1.8636171955692646,0.5408167318016315,0.5408167074278466,0.9658592343330383,0.402971088886261,0.0005314685986377299,262144,180789,23488,32607.185325362057,8076.412958191772,166201,5695,1567,7326,0,0
P1,F2,71,test,t1,61,Pakistan_474121,PAK,1.0,0.3247415415593924,0.32474151684573316,0.8914165496826172,0.3280680775642395,0.0013798540458083153,262144,180789,23488,22126.395997429103,6062.859711298484,166201,5695,1567,7326,0,0
P1,F2,71,test,calibrated,62,Pakistan_528249,PAK,1.8636171955692646,0.9712812290652743,0.9712812292536759,0.9444091320037842,0.36902159452438354,0.00020999668049626052,262144,76982,721,5652.736291377834,812.6623870861058,76965,17,0,0,0,0
P1,F2,71,test,t1,62,Pakistan_528249,PAK,1.0,0.9304292097952921,0.9304292070641835,0.8282325863838196,0.2723662853240967,0.0002962326107081026,262144,76982,721,1637.3174152081845,237.32397793838763,76965,17,0,0,0,0
P1,F2,71,test,calibrated,63,Pakistan_548910,PAK,1.8636171955692646,0.9990874501072669,0.999087450076289,0.6959436535835266,0.1944723129272461,0.00020687842334154993,262144,235696,13,21328.606443107274,3804.8781721655723,232244,13,3439,0,0,0
P1,F2,71,test,t1,63,Pakistan_548910,PAK,1.0,0.9947334603275285,0.9947334600997656,0.3572184443473816,0.07407070696353912,0.0001893956505227834,262144,235696,13,13524.14720442298,3124.1227452266457,232244,13,3439,0,0,0
P1,F2,71,test,calibrated,64,Pakistan_65724,PAK,1.8636171955692646,0.9884244716395255,0.9884244718779387,0.8836473822593689,0.3107447624206543,0.0002537915715947747,262144,262143,231,23957.980757902355,3904.6850293406587,261912,231,0,0,0,0
P1,F2,71,test,t1,64,Pakistan_65724,PAK,1.0,0.9639313356381521,0.9639313374498741,0.67830491065979,0.19189029932022095,0.0004062678781338036,262144,262143,231,8007.963253634711,1253.7243205386633,261912,231,0,0,0,0
P1,F2,71,test,calibrated,65,Pakistan_664885,PAK,1.8636171955692646,0.5125860350240599,0.5125860106330875,0.9685342311859131,0.4056108891963959,0.0004573589831124991,262144,73010,26922,13514.284567150746,3438.9408635826303,67047,3580,526,1857,0,0
P1,F2,71,test,t1,65,Pakistan_664885,PAK,1.0,0.3046832489151651,0.304683239616498,0.8989025354385376,0.33187445998191833,0.001114387414418161,262144,73010,26922,9529.335521920693,2920.855740220628,67047,3580,526,1857,0,0
P1,F2,71,test,calibrated,66,Pakistan_667363,PAK,1.8636171955692646,0.9117660060089633,0.9117659963064104,0.9410279393196106,0.373279333114624,0.00027203705394640565,262144,162484,2224,22606.01171750766,5089.913867206429,159179,2086,1131,88,0,0
P1,F2,71,test,t1,66,Pakistan_667363,PAK,1.0,0.8057052429182527,0.8057052467025495,0.8236504197120667,0.2830091714859009,0.0005025647697038949,262144,162484,2224,12346.127521188788,3084.83158490923,159179,2086,1131,88,0,0
P1,F2,71,test,calibrated,67,Pakistan_694942,PAK,1.8636171955692646,0.3298779080226486,0.32987788069892754,0.9949858784675598,0.46399205923080444,0.0007826071814633906,262144,191444,80426,75972.50187559097,24534.769321288928,135887,37076,1056,17425,0,0
P1,F2,71,test,t1,67,Pakistan_694942,PAK,1.0,0.19922501478931143,0.1992250275892018,0.98285311460495,0.4334670603275299,0.0023664399050176144,262144,191444,80426,76682.5605031937,25668.758831284835,135887,37076,1056,17425,0,0
P1,F2,71,test,calibrated,68,Pakistan_70625,PAK,1.8636171955692646,0.6571514910352747,0.6571514818210786,0.982607901096344,0.43250271677970886,0.0004927003756165504,262144,262144,15247,51195.46890779761,13910.879368635175,243020,14457,3877,790,0,0
P1,F2,71,test,t1,68,Pakistan_70625,PAK,1.0,0.4688193199108981,0.46881929470959605,0.9426251649856567,0.3777380883693695,0.0012409500777721405,262144,262144,15247,40649.371650822584,12361.229833475038,243020,14457,3877,790,0,0
P1,F2,71,test,calibrated,69,Pakistan_712873,PAK,1.8636171955692646,0.9378394571402261,0.9378394566320807,0.5928618311882019,0.15894341468811035,0.0001969066943274811,262144,119557,788,8699.204517247756,1342.5220243547267,118005,236,965,351,0,0
P1,F2,71,test,t1,69,Pakistan_712873,PAK,1.0,0.7008568244627811,0.7008568240845976,0.26712363958358765,0.0622456856071949,0.00027464484446682036,262144,119557,788,5193.961341303871,1017.2161180063621,118005,236,965,351,0,0
P1,F2,71,test,calibrated,70,Pakistan_740461,PAK,1.8636171955692646,0.3075473029022746,0.3075473115065097,0.9896970391273499,0.4482995867729187,0.001212487230077386,262144,211456,71029,100530.5610279493,35796.19890479138,151303,60153,0,0,0,0
P1,F2,71,test,t1,70,Pakistan_740461,PAK,1.0,0.17433732467508356,0.17433732361388554,0.9653173089027405,0.4053020775318146,0.004707729443907738,262144,211456,71029,129136.40351578467,43861.049888819056,151303,60153,0,0,0,0
P1,F2,71,test,calibrated,71,Pakistan_760290,PAK,1.8636171955692646,0.9537604726590918,0.9537604739218233,0.9130401611328125,0.3435025215148926,0.00042782496893778443,262144,233498,1210,27406.3951807786,4906.830387936363,232406,1092,0,0,0,0
P1,F2,71,test,t1,71,Pakistan_760290,PAK,1.0,0.8770392926856675,0.8770392963866549,0.752914309501648,0.24003928899765015,0.0007824435015209019,262144,233498,1210,10445.145565330226,1952.1634755688865,232406,1092,0,0,0,0
P1,F2,71,test,calibrated,72,Pakistan_849790,PAK,1.8636171955692646,0.7723169298880632,0.7723169320250409,0.9560067653656006,0.3932400643825531,0.0004296347324270755,262144,257239,7774,421433.51160823065,129765.9723042891,85139,192,164471,7437,0,0
P1,F2,71,test,t1,72,Pakistan_849790,PAK,1.0,0.5807245602501945,0.5807245335395439,0.865073025226593,0.3142487704753876,0.0009811291238293052,262144,257239,7774,736679.137807091,149993.452720369,85139,192,164471,7437,0,0
P1,F2,71,test,calibrated,73,Pakistan_909806,PAK,1.8636171955692646,0.9202200400281675,0.9202200373669795,0.6121376752853394,0.1658284217119217,0.00019752974912989885,262144,116287,931,7666.486748220502,1207.4817015612239,114724,149,1123,291,0,0
P1,F2,71,test,t1,73,Pakistan_909806,PAK,1.0,0.6378494565175437,0.6378494649213293,0.28644561767578125,0.06462109088897705,0.00029668284696526825,262144,116287,931,4950.02278139317,1103.290712125743,114724,149,1123,291,0,0
P1,F2,71,test,calibrated,74,Pakistan_94095,PAK,1.8636171955692646,0.1898146189344807,0.1898145698805629,0.9898180961608887,0.4486144781112671,0.0009507525246590376,262144,180570,136009,79695.55111268748,25944.328791414722,94480,32524,6717,46849,0,0
P1,F2,71,test,t1,74,Pakistan_94095,PAK,1.0,0.09562887341319426,0.09562887123202579,0.9657130837440491,0.4058604836463928,0.0036271102726459503,262144,180570,136009,94851.05706097899,28874.487433791546,94480,32524,6717,46849,0,0
P1,F2,71,test,calibrated,75,Pakistan_9684,PAK,1.8636171955692646,0.9747238304524363,0.9747238304661148,0.8050103783607483,0.26045337319374084,0.00025983754312619567,262144,113550,416,8711.30601719931,1360.764299269984,112325,29,863,333,0,0
P1,F2,71,test,t1,75,Pakistan_9684,PAK,1.0,0.9044624220533353,0.904462423413624,0.5352393388748169,0.13985715806484222,0.00039382276008836925,262144,113550,416,3465.42247963676,813.0080317002248,112325,29,863,333,0,0
P1,F2,71,test,calibrated,76,USA_1010394,USA,1.8636171955692646,0.8508334577631738,0.8508334517455454,0.8131430745124817,0.27600163221359253,0.0004803722840733826,262144,262131,2991,23578.552007065082,3835.1339566463375,258379,2271,761,720,0,0
P1,F2,71,test,t1,76,USA_1010394,USA,1.0,0.6001596575818573,0.6001596757806946,0.5651878118515015,0.16640152037143707,0.0010093668242916465,262144,262131,2991,9676.534530994653,2254.0084166087418,258379,2271,761,720,0,0
P1,F2,71,test,calibrated,77,USA_1039203,USA,1.8636171955692646,0.7589988070581886,0.7589987753639021,0.8200773596763611,0.2855704724788666,0.0004836956795770675,262144,262112,5060,23280.135845154025,4124.642820626364,256427,4074,625,986,0,0
P1,F2,71,test,t1,77,USA_1039203,USA,1.0,0.4648273809338489,0.4648274156090607,0.5877918004989624,0.181385338306427,0.001095878891646862,262144,262112,5060,10642.316552861632,3002.1078984193687,256427,4074,625,986,0,0
P1,F2,71,test,calibrated,78,USA_1049586,USA,1.8636171955692646,0.8826794798083252,0.8826794846533491,0.6141185164451599,0.16869299113750458,0.00030254150624386966,262144,262061,1466,16199.34145631871,1900.0286567048327,259709,230,886,1236,0,0
P1,F2,71,test,t1,78,USA_1049586,USA,1.0,0.5420798917748666,0.5420798861953426,0.29397377371788025,0.0691654309630394,0.00048217858420684934,262144,262061,1466,4946.708915755835,1009.8538892595252,259709,230,886,1236,0,0
P1,F2,71,test,calibrated,79,USA_1068362,USA,1.8636171955692646,0.38856099578490866,0.388560972781397,0.9882501363754272,0.44478851556777954,0.0014944049762561917,262144,262124,48540,78651.74357753996,23041.998151513886,205844,25098,7740,23442,0,0
P1,F2,71,test,t1,79,USA_1068362,USA,1.0,0.22463521179055101,0.22463519254308673,0.9606084823608398,0.3991061747074127,0.005382645409554243,262144,262124,48540,74426.54887030943,22834.526708185047,205844,25098,7740,23442,0,0
P1,F2,71,test,calibrated,80,USA_1082482,USA,1.8636171955692646,0.8992486795631395,0.8992486852797253,0.6417790651321411,0.1864665150642395,0.00032929127337411046,262144,262130,1288,17980.94451351444,2554.437806235214,259524,400,1318,888,0,0
P1,F2,71,test,t1,80,USA_1082482,USA,1.0,0.6229725786288512,0.622972586152019,0.3397034704685211,0.08813941478729248,0.0006121151964180171,262144,262130,1288,8070.290549350288,1682.0576320702232,259524,400,1318,888,0,0
P1,F2,71,test,calibrated,81,USA_11422,USA,1.8636171955692646,0.27295521177494686,0.2729551732027783,0.9618662595748901,0.40006405115127563,0.0010217910166829824,262144,262142,58654,65328.797094429894,18618.433524941865,202163,23959,1325,34695,0,0
P1,F2,71,test,t1,81,USA_11422,USA,1.0,0.12338900681198528,0.12338901906595556,0.881064772605896,0.3245290517807007,0.003582254284992814,262144,262142,58654,63813.21917310045,19245.723812042143,202163,23959,1325,34695,0,0
P1,F2,71,test,calibrated,82,USA_114964,USA,1.8636171955692646,0.8673738809184377,0.8673738770276023,0.7444797158241272,0.23799048364162445,0.0003693847975227982,262144,262125,2204,19196.512334988092,2816.056491728129,259679,2092,242,112,0,0
P1,F2,71,test,t1,82,USA_114964,USA,1.0,0.6077777040559116,0.6077776740704175,0.46534085273742676,0.1316697895526886,0.0007283839513547719,262144,262125,2204,6787.230516813043,1657.6917490358242,259679,2092,242,112,0,0
P1,F2,71,test,calibrated,83,USA_115033,USA,1.8636171955692646,0.8778065090853112,0.8778064992098316,0.6552682518959045,0.1903550773859024,0.0003559172328095883,262144,262109,1605,18286.86806723919,2491.330931349361,259368,382,1136,1223,0,0
P1,F2,71,test,t1,83,USA_115033,USA,1.0,0.5641023469710591,0.5641023775046694,0.349342942237854,0.08831243216991425,0.000653489085379988,262144,262109,1605,7586.195307065323,1500.5440452114765,259368,382,1136,1223,0,0
P1,F2,71,test,calibrated,84,USA_170264,USA,1.8636171955692646,0.3464004061045104,0.34640044741296716,0.9355268478393555,0.36926376819610596,0.0009896699339151382,262144,261982,37095,46986.608121013225,11379.444911549694,215594,2853,9300,34235,0,0
P1,F2,71,test,t1,84,USA_170264,USA,1.0,0.15316415902612712,0.15316417745889566,0.8108774423599243,0.2782876789569855,0.0034090904518961906,262144,261982,37095,37199.082808580744,9761.560753747184,215594,2853,9300,34235,0,0
P1,F2,71,test,calibrated,85,USA_179917,USA,1.8636171955692646,0.9570026592482138,0.9570026573111808,0.5903403162956238,0.15409281849861145,0.00025891882251016796,262144,262094,493,14617.724299046888,1316.2225286067483,261452,131,149,362,0,0
P1,F2,71,test,t1,85,USA_179917,USA,1.0,0.7559806211938725,0.7559806118097316,0.25539714097976685,0.05432920902967453,0.0003211780858691782,262144,262094,493,2635.858703031716,348.53212607467367,261452,131,149,362,0,0
P1,F2,71,test,calibrated,86,USA_181263,USA,1.8636171955692646,0.5803281292760301,0.5803281262484912,0.9940058588981628,0.46050533652305603,0.0009176527382805943,207502,207499,25642,66767.80406611484,19140.440594588003,181712,24722,145,920,0,0
P1,F2,71,test,t1,86,USA_181263,USA,1.0,0.4024711779212039,0.40247115701856395,0.9795589447021484,0.42713868618011475,0.0028399478178471327,207502,207499,25642,54227.113817870435,17027.47164915097,181712,24722,145,920,0,0
P1,F2,71,test,calibrated,87,USA_181503,USA,1.8636171955692646,0.6115120849490492,0.6115120458795991,0.9757989645004272,0.42110857367515564,0.0009726910502649844,262144,262115,16498,44504.55116598863,11281.529695230523,245245,15676,372,822,0,0
P1,F2,71,test,t1,87,USA_181503,USA,1.0,0.39304286013318823,0.39304286242182374,0.9218423962593079,0.35871925950050354,0.002814107807353139,262144,262115,16498,31406.605354449137,10092.875011211556,245245,15676,372,822,0,0
P1,F2,71,test,calibrated,88,USA_19225,USA,1.8636171955692646,0.8355608421412812,0.8355608409078535,0.7341418266296387,0.2319549173116684,0.0004795673885382712,262144,262122,2647,19409.202606168226,2811.055077511468,259029,1702,446,945,0,0
P1,F2,71,test,t1,88,USA_19225,USA,1.0,0.5313324233757187,0.5313324228162215,0.45118167996406555,0.12567245960235596,0.0010708167683333158,262144,262122,2647,6939.25210336661,1662.4601969552373,259029,1702,446,945,0,0
P1,F2,71,test,calibrated,89,USA_198411,USA,1.8636171955692646,0.433139671818202,0.43313963062193217,0.9943886995315552,0.4619452655315399,0.0009469660581089556,87651,84222,18336,30202.077786399437,8889.931810476133,65906,9579,1521,7216,0,0
P1,F2,71,test,t1,89,USA_198411,USA,1.0,0.2759451883704166,0.27594520180078663,0.9808480739593506,0.4297579228878021,0.002925637410953641,87651,84222,18336,26224.202901303186,8087.378737820197,65906,9579,1521,7216,0,0
P1,F2,71,test,calibrated,90,USA_211406,USA,1.8636171955692646,0.7800443309003577,0.7800443338274337,0.8542695045471191,0.30996137857437134,0.00048280437476933,262144,262101,4681,23592.553881226886,4283.185975238805,257066,3905,354,776,0,0
P1,F2,71,test,t1,90,USA_211406,USA,1.0,0.5218098738862774,0.5218098628167603,0.6493504643440247,0.20942093431949615,0.0011314766015857458,262144,262101,4681,10774.742101184718,2918.917959063693,257066,3905,354,776,0,0
P1,F2,71,test,calibrated,91,USA_217598,USA,1.8636171955692646,0.2983634856084495,0.29836350037339054,0.9929616451263428,0.45722100138664246,0.0014002057723701,257309,257297,84413,110899.34798420138,36052.00816044219,164905,47141,7979,37272,0,0
P1,F2,71,test,t1,91,USA_217598,USA,1.0,0.17616141522023387,0.17616142252430855,0.9760715961456299,0.42121610045433044,0.005162154324352741,257309,257297,84413,119902.95427815395,38994.04779326957,164905,47141,7979,37272,0,0
P1,F2,71,test,calibrated,92,USA_224165,USA,1.8636171955692646,0.9843015586840801,0.9843015576135358,0.6435534358024597,0.1725783348083496,0.00020453525939956307,262144,262126,207,15967.290203248154,1503.3522148101852,261848,117,71,90,0,0
P1,F2,71,test,t1,92,USA_224165,USA,1.0,0.906282796331166,0.9062827889076218,0.2984027862548828,0.061373524367809296,0.000214661136851646,262144,262126,207,2800.8480981679154,262.08725326567674,261848,117,71,90,0,0
P1,F2,71,test,calibrated,93,USA_225017,USA,1.8636171955692646,0.4842247360327031,0.4842247373142502,0.8763269186019897,0.3177476227283478,0.0007210723706521094,262144,262138,16521,30714.066159269263,6136.333423878812,242583,2775,3034,13746,0,0
P1,F2,71,test,t1,93,USA_225017,USA,1.0,0.21523520668743135,0.21523519077050757,0.6782816648483276,0.2111506164073944,0.0022258509416133165,262144,262138,16521,17513.627541249043,4520.948844027719,242583,2775,3034,13746,0,0
P1,F2,71,test,calibrated,94,USA_231124,USA,1.8636171955692646,0.652820328388187,0.6528203407019841,0.990281343460083,0.4496544897556305,0.0008290943223983049,133432,129409,11166,39206.356596978614,10757.132823161397,116348,9222,3174,665,0,0
P1,F2,71,test,t1,94,USA_231124,USA,1.0,0.4591381071883771,0.45913813189437347,0.9672186970710754,0.40768492221832275,0.002429940737783909,133432,129409,11166,33160.316024371765,9333.694528273269,116348,9222,3174,665,0,0
P1,F2,71,test,calibrated,95,USA_232060,USA,1.8636171955692646,0.8976303624269055,0.8976303552272987,0.8239009380340576,0.27769502997398376,0.00043951577390544116,262144,262127,1914,23475.803452903467,3787.8663774885345,259255,1159,958,755,0,0
P1,F2,71,test,t1,95,USA_232060,USA,1.0,0.696646758881739,0.6966467760557846,0.5739892721176147,0.1630045771598816,0.0008839477668516338,262144,262127,1914,9551.257119753827,2018.5312609067869,259255,1159,958,755,0,0
P1,F2,71,test,calibrated,96,USA_251323,USA,1.8636171955692646,0.8607825096438944,0.8607825165756002,0.7659813761711121,0.2482026368379593,0.0003736009821295738,261626,261038,2401,20160.12881385086,3074.4037881624154,258247,2096,458,237,0,0
P1,F2,71,test,t1,96,USA_251323,USA,1.0,0.6011829230692651,0.601182890339961,0.491608202457428,0.1393372267484665,0.0007732295780442655,261626,261038,2401,7614.159186211515,1830.4036890869675,258247,2096,458,237,0,0
P1,F2,71,test,calibrated,97,USA_260929,USA,1.8636171955692646,0.8110583652818697,0.8110583609521057,0.7803395390510559,0.2619505822658539,0.000528572709299624,262144,262134,3458,24018.80878041962,4618.873901966064,255397,1717,3279,1741,0,0
P1,F2,71,test,t1,97,USA_260929,USA,1.0,0.5307222139679495,0.530722219142632,0.5265354514122009,0.15806438028812408,0.001330132014118135,262144,262134,3458,14851.655606228756,3825.2600492355587,255397,1717,3279,1741,0,0
P1,F2,71,test,calibrated,98,USA_275372,USA,1.8636171955692646,0.8637724808178231,0.8637724798852231,0.7219313383102417,0.22976846992969513,0.00041165988659486175,262144,262138,2119,22266.274016129355,3776.4846699804393,258127,1289,1892,830,0,0
P1,F2,71,test,t1,98,USA_275372,USA,1.0,0.5954155356750795,0.5954155252662221,0.4448179304599762,0.1282152682542801,0.0008861068054102361,262144,262138,2119,13280.25618320697,2793.533569505845,258127,1289,1892,830,0,0
P1,F2,71,test,calibrated,99,USA_308150,USA,1.8636171955692646,0.7381080885944786,0.7381080841052332,0.8991987109184265,0.3421497941017151,0.0007650890038348734,262144,262027,6318,26961.534687452913,5267.170548153103,254799,4321,910,1997,0,0
P1,F2,71,test,t1,99,USA_308150,USA,1.0,0.4799109875725578,0.47991097847779096,0.7349446415901184,0.24633827805519104,0.002008881652727723,262144,262027,6318,13638.712613539228,3763.8288881719814,254799,4321,910,1997,0,0
P1,F2,71,test,calibrated,100,USA_347609,USA,1.8636171955692646,0.46475253953663154,0.4647525642026973,0.994168758392334,0.46117040514945984,0.000996016664430499,209488,204416,39993,79192.40493092641,24682.148794085842,165841,36933,273,1369,0,0
P1,F2,71,test,t1,100,USA_347609,USA,1.0,0.29580899004599104,0.2958089812144562,0.9801081418991089,0.4283517003059387,0.0031726518645882607,209488,204416,39993,77066.32020595744,25409.54441312985,165841,36933,273,1369,0,0
P1,F2,71,test,calibrated,101,USA_348639,USA,1.8636171955692646,0.41729843472708605,0.41729843522784016,0.9501820206642151,0.38518083095550537,0.0009851461509242654,262144,262118,29496,50617.58502817611,12210.495826599446,227415,7549,5207,21947,0,0
P1,F2,71,test,t1,101,USA_348639,USA,1.0,0.2056651990182553,0.2056651486918667,0.8486660718917847,0.30147993564605713,0.003264477476477623,262144,262118,29496,39283.99336664773,10132.12923222224,227415,7549,5207,21947,0,0
P1,F2,71,test,calibrated,102,USA_350244,USA,1.8636171955692646,0.8423928118357336,0.842392803955732,0.8175788521766663,0.28011825680732727,0.0005626927013508976,262144,262120,3003,22994.661145181006,3932.3440753726945,258288,2547,829,456,0,0
P1,F2,71,test,t1,102,USA_350244,USA,1.0,0.5916313646795347,0.5916313524332013,0.5768860578536987,0.17188118398189545,0.0012114831479266286,262144,262120,3003,10404.812476550216,2557.208663756731,258288,2547,829,456,0,0
P1,F2,71,test,calibrated,103,USA_354981,USA,1.8636171955692646,0.8539172966783168,0.853917288564813,0.8056157231330872,0.2695983350276947,0.0006582189816981554,262144,262011,2637,22190.32584265699,3534.007384114497,258629,1658,745,979,0,0
P1,F2,71,test,t1,103,USA_354981,USA,1.0,0.5971821579778853,0.5971821457398079,0.551120936870575,0.15804582834243774,0.001526074600405991,262144,262011,2637,8901.425960146817,2025.0882020408783,258629,1658,745,979,0,0
P1,F2,71,test,calibrated,104,USA_366607,USA,1.8636171955692646,0.2775058633764329,0.27750584012905566,0.9692178964614868,0.41043078899383545,0.0009321646648459136,262144,262139,61381,55813.42233224622,13873.080762349191,198598,14216,2160,47165,0,0
P1,F2,71,test,t1,104,USA_366607,USA,1.0,0.13134396418960403,0.13134399528734464,0.9021555781364441,0.34107205271720886,0.0031455480493605137,262144,262139,61381,39599.00389894507,11656.275022063663,198598,14216,2160,47165,0,0
P1,F2,71,test,calibrated,105,USA_375183,USA,1.8636171955692646,0.7444061541748725,0.7444061553756371,0.8176540732383728,0.27889594435691833,0.0006360377301461995,262144,262065,4916,29013.211307463604,5635.782543369242,253971,1576,3178,3340,0,0
P1,F2,71,test,t1,105,USA_375183,USA,1.0,0.42957177830974747,0.4295717720739356,0.5747739672660828,0.16936519742012024,0.0015885934699326754,262144,262065,4916,20997.139256558607,4356.345061890999,253971,1576,3178,3340,0,0
P1,F2,71,test,calibrated,106,USA_387945,USA,1.8636171955692646,0.6773250875521872,0.6773250619331761,0.815791666507721,0.2748279273509979,0.0005300670163705945,262144,262139,6815,33178.54426635675,8073.449025035981,246800,1886,8524,4929,0,0
P1,F2,71,test,t1,106,USA_387945,USA,1.0,0.34663405751468046,0.34663410683594975,0.5662359595298767,0.16224929690361023,0.0014837200287729502,262144,262139,6815,29338.719046492442,8320.500700225051,246800,1886,8524,4929,0,0
P1,F2,71,test,calibrated,107,USA_430764,USA,1.8636171955692646,0.6928923311457327,0.6928923278860272,0.8669496774673462,0.31149351596832275,0.00050953752361238,262144,262137,7295,35444.87377248551,8576.254111265685,245547,1151,9295,6144,0,0
P1,F2,71,test,t1,107,USA_430764,USA,1.0,0.39674782621069427,0.396747838093771,0.6614018082618713,0.20443175733089447,0.0013484854716807604,262144,262137,7295,30187.700736615057,8312.4255088856,245547,1151,9295,6144,0,0
P1,F2,71,test,calibrated,108,USA_438959,USA,1.8636171955692646,0.5062193191972839,0.5062193026759195,0.9930540919303894,0.4574708938598633,0.00137770501896739,253924,253900,38759,83599.31042425618,24326.100369481697,215057,32540,84,6219,0,0
P1,F2,71,test,t1,108,USA_438959,USA,1.0,0.3314252179724524,0.33142523913059274,0.9763795137405396,0.42166340351104736,0.004425657447427511,253924,253900,38759,71128.27705291304,22407.6839362716,215057,32540,84,6219,0,0
P1,F2,71,test,calibrated,109,USA_486103,USA,1.8636171955692646,0.649800653304976,0.6498006340010308,0.9681133031845093,0.40953946113586426,0.001144699170254171,262144,262060,13180,53163.98383243168,13678.800950761757,243650,11168,5230,2012,0,0
P1,F2,71,test,t1,109,USA_486103,USA,1.0,0.4250342263076621,0.4250342245935841,0.8992461562156677,0.3399174213409424,0.0033274211455136538,262144,262060,13180,49602.35566017746,12435.718428626798,243650,11168,5230,2012,0,0
P1,F2,71,test,calibrated,110,USA_504150,USA,1.8636171955692646,0.8637866954895778,0.8637866933078524,0.7618433237075806,0.23768842220306396,0.0004500534851104021,262144,262126,2346,21308.560213433942,3053.346498355044,258566,298,1214,2048,0,0
P1,F2,71,test,t1,110,USA_504150,USA,1.0,0.5787091976431791,0.57870916565816,0.4682905972003937,0.12084458023309708,0.0008208422805182636,262144,262126,2346,7541.928813409107,1464.569125980082,258566,298,1214,2048,0,0
P1,F2,71,test,calibrated,111,USA_519181,USA,1.8636171955692646,0.8808881205123913,0.8808881216240831,0.7552213668823242,0.23845019936561584,0.0004591229953803122,262144,262127,1969,20546.32836204904,3003.1514249743273,259164,811,994,1158,0,0
P1,F2,71,test,t1,111,USA_519181,USA,1.0,0.6255938844509475,0.6255938741767256,0.468039333820343,0.1263459473848343,0.0008835361222736537,262144,262127,1969,7635.095750947212,1594.4295329945485,259164,811,994,1158,0,0
P1,F2,71,test,calibrated,112,USA_527077,USA,1.8636171955692646,0.920944301066916,0.9209443035840873,0.7267833352088928,0.22143419086933136,0.0004098973295185715,262144,262127,1244,19868.25436390748,2654.1286809481808,260007,474,876,770,0,0
P1,F2,71,test,t1,112,USA_527077,USA,1.0,0.7046142273809507,0.7046142021875057,0.4244706928730011,0.10938773304224014,0.0007352292886935174,262144,262127,1244,6396.809628923323,1284.0650624465418,260007,474,876,770,0,0
P1,F2,71,test,calibrated,113,USA_58086,USA,1.8636171955692646,0.42655136954718387,0.42655141065237046,0.9876625537872314,0.44351792335510254,0.0011836363701149821,262144,262112,41994,73609.25560428281,20572.118975185116,219436,26782,682,15212,0,0
P1,F2,71,test,t1,113,USA_58086,USA,1.0,0.24935068474565714,0.24935068671009364,0.9587265849113464,0.3968949615955353,0.003920532297343016,262144,262112,41994,63504.05373789526,19173.682107360197,219436,26782,682,15212,0,0
P1,F2,71,test,calibrated,114,USA_595451,USA,1.8636171955692646,0.27394004297696906,0.27394000839325106,0.9583547115325928,0.3958602547645569,0.0010772240348160267,262144,262136,55848,109049.25811441462,32695.54168354019,203094,38511,3194,17337,0,0
P1,F2,71,test,t1,114,USA_595451,USA,1.0,0.12248512450924587,0.1224851050514777,0.8714281320571899,0.31813982129096985,0.004199783783406019,262144,262136,55848,145516.5886130565,35326.3698855657,203094,38511,3194,17337,0,0
P1,F2,71,test,calibrated,115,USA_604222,USA,1.8636171955692646,0.7301338097304113,0.730133795875781,0.8829982280731201,0.32308229804039,0.0005376262124627829,262144,262123,6697,36142.16116678174,7815.594681499362,251649,3833,3777,2864,0,0
P1,F2,71,test,t1,115,USA_604222,USA,1.0,0.4488742267442619,0.44887419052001953,0.6922271847724915,0.2177385687828064,0.0012977003352716565,262144,262123,6697,28355.858306358885,6330.852795729053,251649,3833,3777,2864,0,0
P1,F2,71,test,calibrated,116,USA_605492,USA,1.8636171955692646,0.495942176901206,0.4959421895390158,0.8788381814956665,0.3186279535293579,0.0007824059575796127,262144,262125,15953,45280.26462234398,12272.758007233977,244334,14760,1838,1193,0,0
P1,F2,71,test,t1,116,USA_605492,USA,1.0,0.2218971862644723,0.22189721078501556,0.6821233630180359,0.21131056547164917,0.002459489507600665,262144,262125,15953,45383.09729687785,13238.42640751421,244334,14760,1838,1193,0,0
P1,F2,71,test,calibrated,117,USA_638521,USA,1.8636171955692646,0.6175880308346926,0.6175880050649747,0.9552590847015381,0.3937448561191559,0.0008619559230282903,262144,262141,13290,42944.90665727775,10882.33951901385,245284,11693,3567,1597,0,0
P1,F2,71,test,t1,117,USA_638521,USA,1.0,0.37621814820107824,0.3762181503284543,0.8640806078910828,0.3157583475112915,0.002489857142791152,262144,262141,13290,36588.03358037688,10417.538347795551,245284,11693,3567,1597,0,0
P1,F2,71,test,calibrated,118,USA_646878,USA,1.8636171955692646,0.8218998659404435,0.8218998808306728,0.8308433294296265,0.28058016300201416,0.0009936366695910692,254040,252297,3421,24995.60450294405,4400.798502625105,247736,2137,1469,955,0,0
P1,F2,71,test,t1,118,USA_646878,USA,1.0,0.540109428497946,0.5401094692616824,0.5838174223899841,0.16445250809192657,0.002908857772126794,254040,252297,3421,12253.462024293047,2909.76118947203,247736,2137,1469,955,0,0
P1,F2,71,test,calibrated,119,USA_652955,USA,1.8636171955692646,0.6369269559375257,0.6369269348596368,0.8736121654510498,0.31306421756744385,0.0005106437020003796,262144,262141,9273,30142.8514728309,6357.425037664043,249911,3703,2957,5570,0,0
P1,F2,71,test,t1,119,USA_652955,USA,1.0,0.3389822522757452,0.33898223953635154,0.6685532927513123,0.2032582014799118,0.0014114045770838857,262144,262141,9273,18996.769585917446,5068.298672974747,249911,3703,2957,5570,0,0
P1,F2,71,test,calibrated,120,USA_655230,USA,1.8636171955692646,0.8707918831851832,0.8707918864698208,0.740403413772583,0.24225032329559326,0.0003761611587833613,262144,262129,2079,19358.939688390506,2957.8867787521167,259443,1541,607,538,0,0
P1,F2,71,test,t1,120,USA_655230,USA,1.0,0.626714951555577,0.6267149141256367,0.4778527617454529,0.14198830723762512,0.0007823209743946791,262144,262129,2079,7619.392938737447,1835.5468226632788,259443,1541,607,538,0,0
P1,F2,71,test,calibrated,121,USA_66026,USA,1.8636171955692646,0.8658797069572528,0.8658796976641867,0.7830774188041687,0.2607928514480591,0.00041683815652504563,262144,262141,2335,20302.15729262494,3096.135120493374,259431,1723,375,612,0,0
P1,F2,71,test,t1,121,USA_66026,USA,1.0,0.6254211262968801,0.6254211151045068,0.5242018103599548,0.1541406810283661,0.0008994804229587317,262144,262141,2335,7291.766386088793,1715.1350939931435,259431,1723,375,612,0,0
P1,F2,71,test,calibrated,122,USA_664261,USA,1.8636171955692646,0.7121981620285069,0.712198172354608,0.8253671526908875,0.28176018595695496,0.0005016937502659857,262095,262087,6047,24421.381180425262,4212.809233756821,254968,2304,1072,3743,0,0
P1,F2,71,test,t1,122,USA_664261,USA,1.0,0.39020594964904864,0.3902059287592329,0.582524836063385,0.17039376497268677,0.0012635287130251527,262095,262087,6047,11018.944233640272,2709.5241910143677,254968,2304,1072,3743,0,0
P1,F2,71,test,calibrated,123,USA_66511,USA,1.8636171955692646,0.9671020281710533,0.967102028198939,0.6066904067993164,0.16160739958286285,0.00026070227613672614,262144,262136,419,19736.333476401822,3078.911513746235,259186,223,2531,196,0,0
P1,F2,71,test,t1,123,USA_66511,USA,1.0,0.8182021570390945,0.8182021513425805,0.272185742855072,0.060258641839027405,0.00037148260162211955,262144,262136,419,11323.66032358113,2478.9819752128014,259186,223,2531,196,0,0
P1,F2,71,test,calibrated,124,USA_670826,USA,1.8636171955692646,0.9008506507462852,0.9008506534295702,0.685620129108429,0.2045164257287979,0.000316336692776531,262144,262132,1454,24208.36050094085,4278.626521180766,257987,1135,2691,319,0,0
P1,F2,71,test,t1,124,USA_670826,USA,1.0,0.6479417358527995,0.6479417362144799,0.3801465332508087,0.09967868030071259,0.0005910694599151611,262144,262132,1454,18139.531198810102,3427.5967407996304,257987,1135,2691,319,0,0
P1,F2,71,test,calibrated,125,USA_67102,USA,1.8636171955692646,0.5419891464912845,0.5419891267749348,0.8683925271034241,0.3113762140274048,0.0005699307657778263,262144,262091,12506,26246.190096153055,4877.309114924699,248841,3759,744,8747,0,0
P1,F2,71,test,t1,125,USA_67102,USA,1.0,0.2539725723160905,0.25397250156105733,0.661802351474762,0.2032349705696106,0.0015417688991874456,262144,262091,12506,12632.399322237223,3289.401349557047,248841,3759,744,8747,0,0
P1,F2,71,test,calibrated,126,USA_693819,USA,1.8636171955692646,0.8565131673587985,0.8565131709144613,0.8088901042938232,0.27690616250038147,0.0005401794915087521,262144,262104,2547,22837.355831560082,3956.3963859306364,258064,1586,1493,961,0,0
P1,F2,71,test,t1,126,USA_693819,USA,1.0,0.6176120710393818,0.617612091604643,0.5679358839988708,0.1706361323595047,0.0011987171601504087,262144,262104,2547,11344.394313053144,2671.840078599768,258064,1586,1493,961,0,0
P1,F2,71,test,calibrated,127,USA_741073,USA,1.8636171955692646,0.46361568456378244,0.4636156765027628,0.9928146600723267,0.4567547142505646,0.0013495923485606909,262144,262115,43306,82155.46513544282,25248.736597867442,218264,40476,545,2830,0,0
P1,F2,71,test,t1,127,USA_741073,USA,1.0,0.2953610814198946,0.2953610558628884,0.9755846261978149,0.42037728428840637,0.004392350558191538,262144,262115,43306,77128.15836498239,26237.105086481948,218264,40476,545,2830,0,0
P1,F2,71,test,calibrated,128,USA_741178,USA,1.8636171955692646,0.8871850395044816,0.8871850366973528,0.801170289516449,0.266764760017395,0.0004829492245335132,262144,262117,1977,22030.93352927969,3521.0752146377654,259331,1340,809,637,0,0
P1,F2,71,test,t1,128,USA_741178,USA,1.0,0.6686746310523818,0.668674629770044,0.5439764261245728,0.15506033599376678,0.0009710918529890478,262144,262117,1977,9477.446598382638,1988.874385863053,259331,1340,809,637,0,0
P1,F2,71,test,calibrated,129,USA_758178,USA,1.8636171955692646,0.8492617962885727,0.8492617993720355,0.8004544973373413,0.27153146266937256,0.0004520732327364385,262144,262133,2802,23146.69093897721,3970.365739660083,258211,2305,1120,497,0,0
P1,F2,71,test,t1,129,USA_758178,USA,1.0,0.601276318707274,0.6012763101976737,0.5516749024391174,0.1651759296655655,0.0009558649035170674,262144,262133,2802,11681.455597850832,2682.060097883819,258211,2305,1120,497,0,0
P1,F2,71,test,calibrated,130,USA_761032,USA,1.8636171955692646,0.5682406212125044,0.5682406242414562,0.9140949845314026,0.3531491160392761,0.0008119373815134168,262144,262125,12669,42797.47785668835,11007.796483356977,242393,7615,7063,5054,0,0
P1,F2,71,test,t1,130,USA_761032,USA,1.0,0.30639299270056,0.3063929948169508,0.7652690410614014,0.2592145800590515,0.002527696778997779,262144,262125,12669,42196.25903924547,11055.03713513273,242393,7615,7063,5054,0,0
P1,F2,71,test,calibrated,131,USA_770353,USA,1.8636171955692646,0.36132934262977134,0.36132934970774955,0.9689409732818604,0.409778356552124,0.0010295327519997954,262144,262141,40246,52421.495023040705,13730.748810221457,216101,11613,5794,28633,0,0
P1,F2,71,test,t1,131,USA_770353,USA,1.0,0.18384206068228803,0.18384205050213775,0.9012511372566223,0.33992427587509155,0.003708531614392996,262144,262141,40246,40873.73282063831,12446.339624539763,216101,11613,5794,28633,0,0
P1,F2,71,test,calibrated,132,USA_778194,USA,1.8636171955692646,0.47771922556069146,0.4777192450057871,0.987742006778717,0.4436306953430176,0.0011709000682458282,262144,262070,34950,68702.48359615273,20084.60225476211,227007,31225,113,3725,0,0
P1,F2,71,test,t1,132,USA_778194,USA,1.0,0.29233259558641056,0.2923326030845279,0.9589753746986389,0.3970809280872345,0.003701664274558425,262144,262070,34950,60747.5503813688,20262.331125384822,227007,31225,113,3725,0,0
P1,F2,71,test,calibrated,133,USA_788696,USA,1.8636171955692646,0.16245129760621335,0.16245132314624178,0.9845466613769531,0.43680617213249207,0.0007817671867087483,262144,262126,126600,66879.97721844632,18380.42547117728,131289,19389,4238,107210,0,0
P1,F2,71,test,t1,133,USA_788696,USA,1.0,0.08007911325199257,0.08007910785060646,0.9487879872322083,0.3852308392524719,0.0026528658345341682,262144,262126,126600,55406.104053520925,16960.92783731346,131289,19389,4238,107210,0,0
P1,F2,71,test,calibrated,134,USA_806273,USA,1.8636171955692646,0.6186211000640232,0.6186211076576724,0.8867884874343872,0.33257201313972473,0.000713262299541384,262144,262131,9946,37287.18289804846,8936.112789233372,248322,8022,3863,1924,0,0
P1,F2,71,test,t1,134,USA_806273,USA,1.0,0.340341012590781,0.3403410051302913,0.7111194133758545,0.23476044833660126,0.0020353219006210566,262144,262131,9946,34886.678282216475,8664.591989756784,248322,8022,3863,1924,0,0
P1,F2,71,test,calibrated,135,USA_826217,USA,1.8636171955692646,0.5694532523706468,0.5694532852605398,0.9597995281219482,0.39982879161834717,0.0009005494648590684,262144,262126,15291,35745.88188327568,8496.689827681992,246190,11438,645,3853,0,0
P1,F2,71,test,t1,135,USA_826217,USA,1.0,0.3371455249252071,0.3371454731812086,0.8767030835151672,0.3253017067909241,0.002635492943227291,262144,262126,15291,23690.83861056099,7502.679178631196,246190,11438,645,3853,0,0
P1,F2,71,test,calibrated,136,USA_831672,USA,1.8636171955692646,0.5039005748113112,0.5039005789748453,0.968872606754303,0.41037362813949585,0.0012628276599571109,262144,262116,22523,53868.001848668166,14751.998399959019,230389,10770,9204,11753,0,0
P1,F2,71,test,t1,136,USA_831672,USA,1.0,0.28714083113862077,0.28714083892289755,0.9013714790344238,0.3411644697189331,0.004299233667552471,262144,262116,22523,50161.69052073467,14560.3420679925,230389,10770,9204,11753,0,0
P1,F2,71,test,calibrated,137,USA_84195,USA,1.8636171955692646,0.7732597953508653,0.7732597806787753,0.7087916135787964,0.22067783772945404,0.00041327401413582265,262144,262137,3821,20181.72792266102,2980.943086930045,257049,1277,1267,2544,0,0
P1,F2,71,test,t1,137,USA_84195,USA,1.0,0.4187161699422213,0.41871618128055743,0.4227938652038574,0.11785722523927689,0.0008928091847337782,262144,262137,3821,8150.619728668999,1923.4216707404096,257049,1277,1267,2544,0,0
P1,F2,71,test,calibrated,138,USA_86502,USA,1.8636171955692646,0.9463426134622087,0.9463426152117497,0.9753339290618896,0.41664496064186096,0.00030365996644832194,262144,262132,1909,105300.60633985569,36478.631575128835,195657,113,64566,1796,0,0
P1,F2,71,test,t1,138,USA_86502,USA,1.0,0.895954986136106,0.8959549928600409,0.9195209741592407,0.35017135739326477,0.0005564753082580864,262144,262132,1909,138637.49162727164,44631.57360086044,195657,113,64566,1796,0,0
P1,F2,71,test,calibrated,139,USA_905409,USA,1.8636171955692646,0.2785813657167796,0.27858136114907506,0.9900630712509155,0.4491315484046936,0.0010095936013385653,262144,262099,81911,87947.86550173344,26663.494902199127,179748,37884,441,44026,0,0
P1,F2,71,test,t1,139,USA_905409,USA,1.0,0.15744429155664297,0.15744430709646384,0.9665043950080872,0.4067613184452057,0.0033870672341436148,262144,262099,81911,82883.65987776249,26831.161473175656,179748,37884,441,44026,0,0
P1,F2,71,test,calibrated,140,USA_908474,USA,1.8636171955692646,0.5749189477001364,0.574918951850196,0.9860240817070007,0.43976590037345886,0.000853486533742398,262144,262071,22611,56377.971312511756,15736.207275289915,237884,22341,1576,270,0,0
P1,F2,71,test,t1,140,USA_908474,USA,1.0,0.38011649475719134,0.38011646294831114,0.9534609913825989,0.3903272747993469,0.002338166581466794,262144,262071,22611,45678.159302126405,15055.596985807395,237884,22341,1576,270,0,0
P1,F2,71,test,calibrated,141,USA_933610,USA,1.8636171955692646,0.5931690151018901,0.5931690174792378,0.9648281335830688,0.40665343403816223,0.0008683850173838437,262144,262027,14602,35792.019927799665,8359.331435927033,247101,11103,324,3499,0,0
P1,F2,71,test,t1,141,USA_933610,USA,1.0,0.36222728350835065,0.36222735115038096,0.8907474875450134,0.3360491693019867,0.002521616406738758,262144,262027,14602,22615.715780278817,7115.707219935112,247101,11103,324,3499,0,0
P1,F2,71,test,calibrated,142,USA_955053,USA,1.8636171955692646,0.30603743898115254,0.30603742444414883,0.9873061180114746,0.442901074886322,0.0010865716030821204,262144,262140,64020,95879.5052728143,29324.827536097866,191695,34607,6425,29413,0,0
P1,F2,71,test,t1,142,USA_955053,USA,1.0,0.1640501766177882,0.16405019039893864,0.9576029181480408,0.3958510160446167,0.004033169709146023,262144,262140,64020,109083.00785866026,30990.86969114002,191695,34607,6425,29413,0,0
P1,F2,71,test,calibrated,143,USA_986268,USA,1.8636171955692646,0.8703061288959237,0.8703061305251191,0.5439059138298035,0.14252303540706635,0.00027187346131540835,262144,262123,1515,29059.240519611954,6528.834301526975,252989,42,7619,1473,0,0
P1,F2,71,test,t1,143,USA_986268,USA,1.0,0.48717015123873675,0.4871700961456382,0.23342618346214294,0.05547458305954933,0.0005283716018311679,262144,262123,1515,30944.892069141006,6910.108365824799,252989,42,7619,1473,0,0
P1,F2,71,test,calibrated,144,USA_994009,USA,1.8636171955692646,0.7324145168085454,0.7324145133925415,0.9247022867202759,0.36307811737060547,0.0008107727626338601,262144,262018,7080,29271.051134292204,6051.880876164886,254263,5858,675,1222,0,0
P1,F2,71,test,t1,144,USA_994009,USA,1.0,0.48729565246276063,0.4872956542515656,0.7896481156349182,0.2726828455924988,0.0021118212025612593,262144,262018,7080,15883.223203450776,4544.492959958014,254263,5858,675,1222,0,0
