block,partition,seed,split,setting,source_order,sample_id,event_id,temperature,soft_dice_risk_binary,sdc_exact,uncertainty,top_tail_msp,spatial_inconsistency,input_valid_pixels,reference_valid_pixels,predicted_foreground_input,nll_sum,brier_sum,confusion_0_0,confusion_0_1,confusion_1_0,confusion_1_1,hard_disagreement_all_pixels,hard_disagreement_reference_valid
P1,F1,71,calibration,calibrated,0,Ghana_103272,GHA,1.3992437478750352,0.44851815102439174,0.44851818229445795,0.27073320746421814,0.055305615067481995,0.00047397674643434584,262144,259269,3264,8324.973436706077,1419.5938953992581,255984,1727,21,1537,0,0
P1,F1,71,calibration,t1,0,Ghana_103272,GHA,1.0,0.178587126102709,0.1785871332105461,0.1306997388601303,0.02633933536708355,0.0008484888821840286,262144,259269,3264,6241.268841341939,1449.3040035004067,255984,1727,21,1537,0,0
P1,F1,71,calibration,calibrated,1,Ghana_1033830,GHA,1.3992437478750352,0.38944758722940154,0.3894475995990735,0.9457986950874329,0.38082006573677063,0.0016285321908071637,262144,233229,24183,191150.78412229946,60561.72322173725,136264,154,78263,18548,0,0
P1,F1,71,calibration,t1,1,Ghana_1033830,GHA,1.0,0.27928358348611293,0.27928356831703227,0.9000905156135559,0.33872857689857483,0.0030272644944489002,262144,233229,24183,250858.67623381695,66433.8712560194,136264,154,78263,18548,0,0
P1,F1,71,calibration,calibrated,2,Ghana_1078550,GHA,1.3992437478750352,0.9758868249167203,0.9758868237064295,0.16378116607666016,0.025242744013667107,8.214748959289864e-05,262144,262144,65,8762.4245224304,1315.8537187121167,260734,3,1345,62,0,0
P1,F1,71,calibration,t1,2,Ghana_1078550,GHA,1.0,0.8805603829541715,0.8805603819781461,0.05331166461110115,0.007019480690360069,7.18439114280045e-05,262144,262144,65,7965.420112682654,1312.1263402994541,260734,3,1345,62,0,0
P1,F1,71,calibration,calibrated,3,Ghana_1089161,GHA,1.3992437478750352,0.5154099780987885,0.5154099584693594,0.21412688493728638,0.040099289268255234,0.00023522805713582784,262144,236164,2165,6345.70470756458,841.3631736187176,233180,77,819,2088,0,0
P1,F1,71,calibration,t1,3,Ghana_1089161,GHA,1.0,0.19812680120413018,0.19812678782617732,0.09168335050344467,0.017034560441970825,0.0004010587290395051,262144,236164,2165,4566.956662819524,808.2341030686252,233180,77,819,2088,0,0
P1,F1,71,calibration,calibrated,4,Ghana_11745,GHA,1.3992437478750352,0.9999999999729021,1.0,0.19204042851924896,0.030382558703422546,8.909487951314077e-05,262144,262144,0,3726.6947086406653,70.57820261012802,262144,0,0,0,0,0
P1,F1,71,calibration,t1,4,Ghana_11745,GHA,1.0,0.9999999998652646,1.0,0.06667231023311615,0.008414972573518753,5.204459012020379e-05,262144,262144,0,745.4640709997409,6.130169181333889,262144,0,0,0,0,0
P1,F1,71,calibration,calibrated,5,Ghana_124834,GHA,1.3992437478750352,0.9999999999734548,1.0,0.19527174532413483,0.030962325632572174,8.834178879624233e-05,262144,262144,0,3804.2366057916433,72.29913981928327,262144,0,0,0,0,0
P1,F1,71,calibration,t1,5,Ghana_124834,GHA,1.0,0.9999999998688508,1.0,0.0681653544306755,0.00856313668191433,4.91609207529109e-05,262144,262144,0,765.305994723228,5.4443231366804605,262144,0,0,0,0,0
P1,F1,71,calibration,calibrated,6,Ghana_128663,GHA,1.3992437478750352,0.5766789837387012,0.5766790254646386,0.29328736662864685,0.06398781388998032,0.0029731120448559523,261406,168848,2197,6603.16570607057,1341.0694649355357,167060,1788,0,0,0,0
P1,F1,71,calibration,t1,6,Ghana_128663,GHA,1.0,0.2811376327687273,0.28113761799784753,0.15237395465373993,0.03360520675778389,0.00504027446731925,261406,168848,2197,5541.842414315563,1406.2776995750262,167060,1788,0,0,0,0
P1,F1,71,calibration,calibrated,7,Ghana_132163,GHA,1.3992437478750352,0.626143396545564,0.6261433957806208,0.26505473256111145,0.0535801462829113,0.0005520034465007484,262144,55761,1610,1551.8405442093112,245.62146886450714,55458,303,0,0,0,0
P1,F1,71,calibration,t1,7,Ghana_132163,GHA,1.0,0.3039815993118866,0.3039816659468403,0.12626461684703827,0.02514479123055935,0.0009689174476079643,262144,55761,1610,1015.1587650018901,248.34035317472905,55458,303,0,0,0,0
P1,F1,71,calibration,calibrated,8,Ghana_134751,GHA,1.3992437478750352,0.6891960870192144,0.6891960736400982,0.5079745054244995,0.12983042001724243,0.008302168920636177,37663,37663,506,2068.501833500157,333.76888089127084,37157,506,0,0,0,0
P1,F1,71,calibration,t1,8,Ghana_134751,GHA,1.0,0.43312249818945436,0.4331225137736545,0.3317701518535614,0.07814519107341766,0.014967570081353188,37663,37663,506,1218.754914046077,317.88861430335237,37157,506,0,0,0,0
P1,F1,71,calibration,calibrated,9,Ghana_135389,GHA,1.3992437478750352,0.620505934303399,0.6205059466851712,0.6154876947402954,0.17114649713039398,0.012536090798676014,24624,24624,514,2538.2788533575076,580.8890472519658,23859,513,251,1,0,0
P1,F1,71,calibration,t1,9,Ghana_135389,GHA,1.0,0.38401335908593925,0.3840133552358648,0.44394850730895996,0.11159106343984604,0.022972773760557175,24624,24624,514,2279.0762680562884,594.8837815711768,23859,513,251,1,0,0
P1,F1,71,calibration,calibrated,10,Ghana_141271,GHA,1.3992437478750352,0.9992033908143375,0.9992033907600048,0.21671061217784882,0.0360652394592762,0.00012516598508227617,262144,262144,3,10249.544682321637,1616.6009957107278,260505,3,1636,0,0,0
P1,F1,71,calibration,t1,10,Ghana_141271,GHA,1.0,0.9962046709736012,0.9962046712617585,0.08165211975574493,0.011144542135298252,8.850305312080309e-05,262144,262144,3,9489.112086199613,1604.2539453672548,260505,3,1636,0,0,0
P1,F1,71,calibration,calibrated,11,Ghana_141910,GHA,1.3992437478750352,0.1902542559548901,0.19025424838189986,0.9810073971748352,0.42959585785865784,0.004438505973666906,262144,262144,92441,167913.15731720778,54040.425112262266,143816,47678,25887,44763,0,0
P1,F1,71,calibration,t1,11,Ghana_141910,GHA,1.0,0.1335194240679045,0.13351947294131017,0.9636264443397522,0.4026881754398346,0.00922939833253622,262144,262144,92441,205191.4514003839,58455.70035935405,143816,47678,25887,44763,0,0
P1,F1,71,calibration,calibrated,12,Ghana_142312,GHA,1.3992437478750352,0.9997264283490486,0.9997264283677522,0.19556206464767456,0.03215615078806877,8.314936712849885e-05,262144,262144,1,3860.209104803549,89.69806010415475,262143,1,0,0,0,0
P1,F1,71,calibration,t1,12,Ghana_142312,GHA,1.0,0.9986816765928345,0.9986816767458051,0.07152109593153,0.010041744448244572,5.1266113587189466e-05,262144,262144,1,813.4800054476688,17.202418654908612,262143,1,0,0,0,0
P1,F1,71,calibration,calibrated,13,Ghana_144050,GHA,1.3992437478750352,0.9999999999712083,1.0,0.15919868648052216,0.023624591529369354,5.240450263954699e-05,262144,23551,0,313.1820918732843,4.578201530431974,23551,0,0,0,0,0
P1,F1,71,calibration,t1,13,Ghana_144050,GHA,1.0,0.999999999847848,1.0,0.049286894500255585,0.005719993729144335,2.3367570975096896e-05,262144,23551,0,58.049305878982025,0.18390047509915772,23551,0,0,0,0,0
P1,F1,71,calibration,calibrated,14,Ghana_146222,GHA,1.3992437478750352,0.9999999999712845,1.0,0.17471230030059814,0.026540743187069893,7.766355702187866e-05,262144,181656,0,2400.960648950686,38.35548539230548,181656,0,0,0,0,0
P1,F1,71,calibration,t1,14,Ghana_146222,GHA,1.0,0.9999999998501292,1.0,0.05656713992357254,0.006676059681922197,3.730540265678428e-05,262144,181656,0,455.2126767296851,1.966311997506165,181656,0,0,0,0,0
P1,F1,71,calibration,calibrated,15,Ghana_147015,GHA,1.3992437478750352,0.9031866334220184,0.9031866265684256,0.30358320474624634,0.06275241822004318,0.00044119288213551044,262144,262144,386,14366.521570080542,2873.9619907021233,258565,49,3193,337,0,0
P1,F1,71,calibration,t1,15,Ghana_147015,GHA,1.0,0.7116208465268474,0.7116208716948873,0.15196937322616577,0.029542742297053337,0.0006413121009245515,262144,262144,386,14405.481245071727,2941.1611038274277,258565,49,3193,337,0,0
P1,F1,71,calibration,calibrated,16,Ghana_154838,GHA,1.3992437478750352,0.9999999999703644,1.0,0.15646882355213165,0.02287653088569641,5.01627910125535e-05,262144,42107,0,583.8404865338574,9.07518276365971,42107,0,0,0,0,0
P1,F1,71,calibration,t1,16,Ghana_154838,GHA,1.0,0.9999999998404077,1.0,0.047176070511341095,0.005290974397212267,2.137684350600466e-05,262144,42107,0,110.73530212689852,0.3902627539598842,42107,0,0,0,0,0
P1,F1,71,calibration,calibrated,17,Ghana_156478,GHA,1.3992437478750352,0.9999999999722684,1.0,0.18468071520328522,0.028582250699400902,7.200896652648225e-05,262144,262144,0,3638.1684855489725,63.07330001319054,262144,0,0,0,0,0
P1,F1,71,calibration,t1,17,Ghana_156478,GHA,1.0,0.9999999998587796,1.0,0.061810821294784546,0.0074841780588030815,3.576459130272269e-05,262144,262144,0,710.1062391095656,3.885843469273656,262144,0,0,0,0,0
P1,F1,71,calibration,calibrated,18,Ghana_161233,GHA,1.3992437478750352,0.8741150418703261,0.8741150435071415,0.354841411113739,0.07451149076223373,0.0015083736507222056,162668,1892,583,81.63563884392156,4.161710504858945,1892,0,0,0,0,0
P1,F1,71,calibration,t1,18,Ghana_161233,GHA,1.0,0.6640095985786709,0.6640095863747968,0.18221509456634521,0.035098206251859665,0.002736652037128806,162668,1892,583,25.542808816244296,0.6066549605248092,1892,0,0,0,0,0
P1,F1,71,calibration,calibrated,19,Ghana_167233,GHA,1.3992437478750352,0.9999999999727787,1.0,0.1860405057668686,0.028879493474960327,7.699020352447405e-05,262144,262144,0,3706.9158317249103,65.37268921046042,262144,0,0,0,0,0
P1,F1,71,calibration,t1,19,Ghana_167233,GHA,1.0,0.9999999998624599,1.0,0.0626145750284195,0.007608599960803986,3.890261723427102e-05,262144,262144,0,729.0792529961009,3.9646504618970324,262144,0,0,0,0,0
P1,F1,71,calibration,calibrated,20,Ghana_168875,GHA,1.3992437478750352,0.9999999999719504,1.0,0.18595974147319794,0.029044995084404945,0.00012427745969034731,262144,41796,0,523.0193629988,8.488784297560203,41796,0,0,0,0,0
P1,F1,71,calibration,t1,20,Ghana_168875,GHA,1.0,0.9999999998573101,1.0,0.06320121139287949,0.007803534623235464,7.470889249816537e-05,262144,41796,0,98.457835919465,0.5505036694365022,41796,0,0,0,0,0
P1,F1,71,calibration,calibrated,21,Ghana_187318,GHA,1.3992437478750352,0.9999999999737434,1.0,0.20591284334659576,0.03379806503653526,8.784424426266924e-05,262144,262144,0,3853.2851919716436,85.02027049546905,262144,0,0,0,0,0
P1,F1,71,calibration,t1,21,Ghana_187318,GHA,1.0,0.9999999998747964,1.0,0.07579468935728073,0.010230605490505695,5.274489740259014e-05,262144,262144,0,805.070632625584,11.451556132092897,262144,0,0,0,0,0
P1,F1,71,calibration,calibrated,22,Ghana_194723,GHA,1.3992437478750352,0.9341698633331439,0.9341698662992969,0.2064061462879181,0.03429495915770531,0.00017397913325112313,262144,47408,167,1046.0918608529466,131.69761800807584,47245,163,0,0,0,0
P1,F1,71,calibration,t1,22,Ghana_194723,GHA,1.0,0.7395785320429198,0.7395785592444819,0.07667315006256104,0.010847864672541618,0.00021514223772101104,262144,47408,167,578.3152227518426,130.04710389263653,47245,163,0,0,0,0
P1,F1,71,calibration,calibrated,23,Ghana_247288,GHA,1.3992437478750352,0.22606872342691064,0.22606874696776214,0.8475199341773987,0.30329814553260803,0.003597918665036559,261625,40174,29824,33791.83576384112,10938.279803858288,11681,1843,12825,13825,0,0
P1,F1,71,calibration,t1,23,Ghana_247288,GHA,1.0,0.13840620109378932,0.13840618846225305,0.7465441226959229,0.24803127348423004,0.006943608168512583,261625,40174,29824,43007.6188732663,11942.490706782219,11681,1843,12825,13825,0,0
P1,F1,71,calibration,calibrated,24,Ghana_24858,GHA,1.3992437478750352,0.9823763748473284,0.9823763750332501,0.1808580756187439,0.02835928276181221,0.00010034914885181934,262144,262144,48,5633.701755028087,521.0107195843583,261635,25,461,23,0,0
P1,F1,71,calibration,t1,24,Ghana_24858,GHA,1.0,0.9116577264117307,0.9116577241801493,0.06113338842988014,0.00793055072426796,8.956270903581753e-05,262144,262144,48,3548.616130285518,475.33746261098713,261635,25,461,23,0,0
P1,F1,71,calibration,calibrated,25,Ghana_264787,GHA,1.3992437478750352,0.9999999999714928,1.0,0.17498932778835297,0.0265448410063982,7.064656529109925e-05,262144,181975,0,2433.0943899202557,38.860567605348194,181975,0,0,0,0,0
P1,F1,71,calibration,t1,25,Ghana_264787,GHA,1.0,0.9999999998518044,1.0,0.056516218930482864,0.0066449521109461784,3.396156898816116e-05,262144,181975,0,462.65955709108295,1.8965212854688374,181975,0,0,0,0,0
P1,F1,71,calibration,calibrated,26,Ghana_308249,GHA,1.3992437478750352,0.4399530042861368,0.4399529836553384,0.3343466818332672,0.07937540858983994,0.0009871317306533456,262144,262144,4238,16343.682624486104,3632.385203395975,253854,260,4052,3978,0,0
P1,F1,71,calibration,t1,26,Ghana_308249,GHA,1.0,0.20146903765173252,0.20146903640476976,0.19200532138347626,0.04611248895525932,0.0018484322354197502,262144,262144,4238,16839.063083055746,3766.2834321535065,253854,260,4052,3978,0,0
P1,F1,71,calibration,calibrated,27,Ghana_313799,GHA,1.3992437478750352,0.8135089131941518,0.8135089358098095,0.3111560344696045,0.07131647318601608,0.00029496493516489863,262144,244464,840,49115.208810859185,12424.216129075216,229529,2,14100,833,0,0
P1,F1,71,calibration,t1,27,Ghana_313799,GHA,1.0,0.57137703411961,0.5713770559264806,0.171942800283432,0.03979697823524475,0.0004381566250231117,262144,244464,840,63672.5116929994,13122.526924836156,229529,2,14100,833,0,0
P1,F1,71,calibration,calibrated,28,Ghana_319168,GHA,1.3992437478750352,0.2838370393953328,0.28383705449285923,0.9244910478591919,0.36138877272605896,0.0012989412061870098,262144,171624,29818,45131.03006510138,14334.682808471907,131196,907,19825,19696,0,0
P1,F1,71,calibration,t1,28,Ghana_319168,GHA,1.0,0.1903358126258594,0.1903358174199249,0.864477813243866,0.31500378251075745,0.002514955820515752,262144,171624,29818,52408.03411048385,15603.251123988255,131196,907,19825,19696,0,0
P1,F1,71,calibration,calibrated,29,Ghana_359826,GHA,1.3992437478750352,0.6214898332071568,0.621489850566371,0.36401504278182983,0.08124963939189911,0.0008756811730563641,262144,262144,2204,10956.640979585467,1819.4069691288548,258264,384,1676,1820,0,0
P1,F1,71,calibration,t1,29,Ghana_359826,GHA,1.0,0.3312841403154505,0.33128412090007586,0.2002633959054947,0.04222309961915016,0.0014996941899880767,262144,262144,2204,8666.365362019646,1759.4694666776575,258264,384,1676,1820,0,0
P1,F1,71,calibration,calibrated,30,Ghana_362274,GHA,1.3992437478750352,0.32747820027394825,0.327478161267303,0.570151686668396,0.16906191408634186,0.0007777769933454692,262144,259407,10960,26646.04123812102,7024.342568130495,240548,495,8633,9731,0,0
P1,F1,71,calibration,t1,30,Ghana_362274,GHA,1.0,0.1767550510848891,0.17675504220479865,0.4196004569530487,0.12012422829866409,0.0014288778183981776,262144,259407,10960,28781.167995786003,7431.408831925256,240548,495,8633,9731,0,0
P1,F1,71,calibration,calibrated,31,Ghana_406026,GHA,1.3992437478750352,0.4044505940320987,0.4044506064776612,0.2913793623447418,0.05933878943324089,0.0004041812790092081,262144,262144,4321,7118.965056415142,851.8457249443393,257367,472,456,3849,0,0
P1,F1,71,calibration,t1,31,Ghana_406026,GHA,1.0,0.1532856072207247,0.1532856629971867,0.1416596919298172,0.02759072557091713,0.0006983772618696094,262144,262144,4321,3926.5145728841744,781.6477809112534,257367,472,456,3849,0,0
P1,F1,71,calibration,calibrated,32,Ghana_45911,GHA,1.3992437478750352,0.9999999999718915,1.0,0.1892402321100235,0.029770098626613617,9.062118624569848e-05,262144,29269,0,406.9168948843603,6.691253962132439,29269,0,0,0,0,0
P1,F1,71,calibration,t1,32,Ghana_45911,GHA,1.0,0.999999999857791,1.0,0.06513680517673492,0.008122943341732025,4.8862497351365164e-05,262144,29269,0,78.32532023918834,0.33156743555843066,29269,0,0,0,0,0
P1,F1,71,calibration,calibrated,33,Ghana_495107,GHA,1.3992437478750352,0.9548224779982748,0.9548224745850472,0.256786048412323,0.04896150901913643,0.0002703887003008276,262144,262144,182,16305.025710403017,3427.2583408711553,258151,34,3811,148,0,0
P1,F1,71,calibration,t1,33,Ghana_495107,GHA,1.0,0.8365921178980249,0.8365921164169684,0.11457649618387222,0.020565660670399666,0.00035116783692501485,262144,262144,182,17345.477976919938,3557.060680646787,258151,34,3811,148,0,0
P1,F1,71,calibration,calibrated,34,Ghana_49890,GHA,1.3992437478750352,0.9999999999717204,1.0,0.16531260311603546,0.024557186290621758,5.799376231152564e-05,262144,262144,0,3564.1277589338715,55.31346227956375,262144,0,0,0,0,0
P1,F1,71,calibration,t1,34,Ghana_49890,GHA,1.0,0.9999999998514458,1.0,0.05136566609144211,0.005867902655154467,2.562487861723639e-05,262144,262144,0,674.3726400177345,2.422226012830892,262144,0,0,0,0,0
P1,F1,71,calibration,calibrated,35,Ghana_53713,GHA,1.3992437478750352,0.9999999999733555,1.0,0.17709147930145264,0.026909630745649338,7.213219942059368e-05,262144,262144,0,3785.427278540793,63.66085303591119,262144,0,0,0,0,0
P1,F1,71,calibration,t1,35,Ghana_53713,GHA,1.0,0.9999999998642308,1.0,0.0573853962123394,0.00674493657425046,3.408461998333223e-05,262144,262144,0,738.1145704065161,3.118988101232866,262144,0,0,0,0,0
P1,F1,71,calibration,calibrated,36,Ghana_597288,GHA,1.3992437478750352,0.3992289915907463,0.39922900979826303,0.35903817415237427,0.084437295794487,0.0023093523923307657,262144,262144,5254,9710.424598841028,1517.6722898351002,255807,647,1083,4607,0,0
P1,F1,71,calibration,t1,36,Ghana_597288,GHA,1.0,0.1756151784789528,0.17561518697354705,0.20642529428005219,0.0478455051779747,0.004434563685208559,262144,262144,5254,7036.378759364321,1430.5666332298526,255807,647,1083,4607,0,0
P1,F1,71,calibration,calibrated,37,Ghana_61925,GHA,1.3992437478750352,0.7792321242570475,0.7792321427966368,0.18997858464717865,0.030936051160097122,0.00016374104598071426,262144,262144,590,3895.7715810297486,142.7644378367476,261469,24,85,566,0,0
P1,F1,71,calibration,t1,37,Ghana_61925,GHA,1.0,0.41386036736203335,0.41386030897888093,0.06768915802240372,0.009622626937925816,0.00023190703359432518,262144,262144,590,991.9188415971895,87.37235570172956,261469,24,85,566,0,0
P1,F1,71,calibration,calibrated,38,Ghana_7496,GHA,1.3992437478750352,0.9999999999711948,1.0,0.17092198133468628,0.025713903829455376,6.39811041764915e-05,262144,262144,0,3499.5372971260854,55.08270587232549,262144,0,0,0,0,0
P1,F1,71,calibration,t1,38,Ghana_7496,GHA,1.0,0.9999999998487472,1.0,0.05437030643224716,0.006321877706795931,2.9346845622058026e-05,262144,262144,0,662.4566620086326,2.6051742418662274,262144,0,0,0,0,0
P1,F1,71,calibration,calibrated,39,Ghana_8090,GHA,1.3992437478750352,0.9967501807642649,0.9967501809207135,0.16413889825344086,0.024549277499318123,6.523598858620971e-05,262144,194666,9,2605.985654415013,47.059397585787124,194653,9,4,0,0,0
P1,F1,71,calibration,t1,39,Ghana_8090,GHA,1.0,0.9819797597333011,0.9819797598950378,0.051369547843933105,0.006068164948374033,4.021676068077795e-05,262144,194666,9,508.3995365785415,9.618390115340123,194653,9,4,0,0,0
P1,F1,71,calibration,calibrated,40,Ghana_83200,GHA,1.3992437478750352,0.765472298999415,0.7654722870513789,0.3574623167514801,0.08465856313705444,0.0002894771459978074,262144,98215,1265,3283.7470065756115,495.82889136749037,97510,172,419,114,0,0
P1,F1,71,calibration,t1,40,Ghana_83200,GHA,1.0,0.5131882012858078,0.5131882059584567,0.205597385764122,0.04861970990896225,0.0003924337215721607,262144,98215,1265,2131.8134961461374,472.8180211618552,97510,172,419,114,0,0
P1,F1,71,calibration,calibrated,41,Ghana_866994,GHA,1.3992437478750352,0.10943142847129983,0.10943141457383032,0.9844575524330139,0.4369417428970337,0.0008319212938658893,262144,117511,170766,156875.60874077753,46335.880975591994,1069,10471,43842,62129,0,0
P1,F1,71,calibration,t1,41,Ghana_866994,GHA,1.0,0.07291823795711494,0.07291827224106173,0.9701393246650696,0.41267576813697815,0.0014274368295446038,262144,117511,170766,206110.96633759563,49154.99728434006,1069,10471,43842,62129,0,0
P1,F1,71,calibration,calibrated,42,Ghana_868803,GHA,1.3992437478750352,0.22643686535943497,0.22643684163844624,0.9763744473457336,0.4219489097595215,0.002636680845171213,262144,262144,62643,170442.28166777763,57755.39268606325,117627,466,81874,62177,0,0
P1,F1,71,calibration,t1,42,Ghana_868803,GHA,1.0,0.16091232800052246,0.16091232034281489,0.9550220370292664,0.3924601078033447,0.005389577243477106,262144,262144,62643,213046.83306869154,64171.83097038113,117627,466,81874,62177,0,0
P1,F1,71,calibration,calibrated,43,Ghana_887131,GHA,1.3992437478750352,0.6089181918308283,0.6089182144146253,0.4013960659503937,0.10619889199733734,0.0010567731224000454,262144,262144,2678,22778.38090786948,6014.295250936877,251913,156,7553,2522,0,0
P1,F1,71,calibration,t1,43,Ghana_887131,GHA,1.0,0.36866794429037597,0.36866796004396307,0.2600032091140747,0.06898670643568039,0.0019058152101933956,262144,262144,2678,25513.172216535746,6449.593505104204,251913,156,7553,2522,0,0
P1,F1,71,calibration,calibrated,44,Ghana_895194,GHA,1.3992437478750352,0.3031629716094085,0.3031630117717077,0.36410436034202576,0.08459273725748062,0.0007241789135150611,262144,252706,7748,9408.731932044291,1580.690532991927,243498,511,1460,7237,0,0
P1,F1,71,calibration,t1,44,Ghana_895194,GHA,1.0,0.12241993860928935,0.12241989574504186,0.2068769931793213,0.04700716957449913,0.0013031786074861884,262144,252706,7748,6686.678810411222,1547.8906440170765,243498,511,1460,7237,0,0
P1,F1,71,calibration,calibrated,45,Ghana_953791,GHA,1.3992437478750352,0.9147937800500578,0.9147937816707246,0.20413519442081451,0.03698952868580818,0.00010659250256139785,262144,262144,253,11326.443039073009,2227.244378002247,259367,5,2524,248,0,0
P1,F1,71,calibration,t1,45,Ghana_953791,GHA,1.0,0.6980305247397334,0.6980304819105871,0.08465021848678589,0.014698606915771961,0.00011092172644566745,262144,262144,253,11225.10843175882,2318.3091008386227,259367,5,2524,248,0,0
P1,F1,71,calibration,calibrated,46,Ghana_97059,GHA,1.3992437478750352,0.8337920717325518,0.8337920567906374,0.20360104739665985,0.03384067118167877,0.00020981975831091404,262144,27394,416,1593.6522204599487,351.0796816135121,26991,403,0,0,0,0
P1,F1,71,calibration,t1,46,Ghana_97059,GHA,1.0,0.5056659425514074,0.5056658960022024,0.07548452168703079,0.010793866589665413,0.0002765985846053809,262144,27394,416,1692.6104529336135,366.30195513883075,26991,403,0,0,0,0
P1,F1,71,calibration,calibrated,47,Ghana_97516,GHA,1.3992437478750352,0.8613525879588813,0.8613526088256993,0.20807674527168274,0.04041580110788345,0.00012547423830255866,262144,187555,500,3469.149209497968,319.59873360224213,186772,12,347,424,0,0
P1,F1,71,calibration,t1,47,Ghana_97516,GHA,1.0,0.5959776182288474,0.5959776334466007,0.09123504906892776,0.01881730929017067,0.00014106708113104105,262144,187555,500,1500.807027945336,288.3625357369292,186772,12,347,424,0,0
P1,F1,71,calibration,calibrated,48,Pakistan_1027214,PAK,1.3992437478750352,0.1595355447802027,0.15953553294943312,0.9742151498794556,0.4186430871486664,0.002126519102603197,262144,158958,91115,42466.23184441072,12236.381802252683,124990,10098,5322,18548,0,0
P1,F1,71,calibration,t1,48,Pakistan_1027214,PAK,1.0,0.10830374457739367,0.10830368352468722,0.9510383605957031,0.3880658447742462,0.004261121619492769,262144,158958,91115,43987.52091384336,12209.8785061876,124990,10098,5322,18548,0,0
P1,F1,71,calibration,calibrated,49,Pakistan_1036366,PAK,1.3992437478750352,0.35287960338563307,0.352879620135059,0.8337801694869995,0.29009464383125305,0.0010988120920956135,262144,110380,18307,38785.69790535726,11244.432262635464,87169,538,14106,8567,0,0
P1,F1,71,calibration,t1,49,Pakistan_1036366,PAK,1.0,0.22063090318277967,0.22063086121050612,0.7236160039901733,0.23179543018341064,0.001974473474547267,262144,110380,18307,47863.5931097516,12035.60726402887,87169,538,14106,8567,0,0
P1,F1,71,calibration,calibrated,50,Pakistan_132143,PAK,1.3992437478750352,0.9202948080135581,0.9202948068793262,0.4584646224975586,0.11560579389333725,0.00024915722315199673,262144,262144,500,7338.61107010991,775.7966205765197,261644,500,0,0,0,0
P1,F1,71,calibration,t1,50,Pakistan_132143,PAK,1.0,0.8084790056851058,0.8084789953134658,0.2899914085865021,0.06941106915473938,0.00031430769013240933,262144,262144,500,3078.2638204044915,495.60123981583433,261644,500,0,0,0,0
P1,F1,71,calibration,calibrated,51,Pakistan_167553,PAK,1.3992437478750352,0.5834920444083762,0.583492045052252,0.9816368222236633,0.4309847056865692,0.0032310092356055975,262144,247105,19754,54191.00531851279,15238.127694504215,227068,18579,1087,371,0,0
P1,F1,71,calibration,t1,51,Pakistan_167553,PAK,1.0,0.47793747212855464,0.4779375018111055,0.9648146033287048,0.4045788049697876,0.006081862840801477,262144,247105,19754,47767.37970395984,14219.500939600232,227068,18579,1087,371,0,0
P1,F1,71,calibration,calibrated,52,Pakistan_210595,PAK,1.3992437478750352,0.9956549786787604,0.9956549786308344,0.4162622392177582,0.0910128504037857,0.0002761087380349636,262144,262144,28,7200.733737361353,416.1611433777683,262116,28,0,0,0,0
P1,F1,71,calibration,t1,52,Pakistan_210595,PAK,1.0,0.9858127842579311,0.9858127850877607,0.23250256478786469,0.043872274458408356,0.0002470636391080916,262144,262144,28,2256.127823516499,127.73006177355995,262116,28,0,0,0,0
P1,F1,71,calibration,calibrated,53,Pakistan_211386,PAK,1.3992437478750352,0.7285987145852033,0.7285987135934378,0.943989098072052,0.3780827522277832,0.0025139038916677237,262144,255405,8367,42713.522321451244,10281.146133929513,242869,5677,4594,2265,0,0
P1,F1,71,calibration,t1,53,Pakistan_211386,PAK,1.0,0.6148598126108936,0.6148598155190306,0.8967537879943848,0.33509644865989685,0.00447095837444067,262144,255405,8367,35549.361726655174,8834.10709518743,242869,5677,4594,2265,0,0
P1,F1,71,calibration,calibrated,54,Pakistan_246510,PAK,1.3992437478750352,0.3827287555209974,0.38272878752375017,0.9828612208366394,0.4332713782787323,0.002365220570936799,262144,258817,38612,99249.66550315185,27540.65341495754,217715,30361,2797,7944,0,0
P1,F1,71,calibration,t1,54,Pakistan_246510,PAK,1.0,0.29315566927156955,0.2931556751006308,0.967111349105835,0.4076656401157379,0.004447347950190306,262144,258817,38612,108302.00015201242,27109.203917079263,217715,30361,2797,7944,0,0
P1,F1,71,calibration,calibrated,55,Pakistan_246718,PAK,1.3992437478750352,0.3613974384345172,0.36139745026655434,0.8205388188362122,0.28060609102249146,0.0013482187641784549,262144,235278,16507,22652.333483241535,5407.829187077561,217060,5092,1820,11306,0,0
P1,F1,71,calibration,t1,55,Pakistan_246718,PAK,1.0,0.2259370165415575,0.2259369879522216,0.7039251923561096,0.22104668617248535,0.0026005462277680635,262144,235278,16507,19041.31843224977,5169.346683965874,217060,5092,1820,11306,0,0
P1,F1,71,calibration,calibrated,56,Pakistan_336228,PAK,1.3992437478750352,0.3289322708540905,0.32893232448836074,0.7452368140220642,0.24265863001346588,0.0012338160304352641,262144,132471,14943,27967.542836844965,9010.500563363978,119949,12522,0,0,0,0
P1,F1,71,calibration,t1,56,Pakistan_336228,PAK,1.0,0.19516453915958654,0.195164517010324,0.6082499623298645,0.18431830406188965,0.0024229635018855333,262144,132471,14943,32617.89405251536,9919.438945243448,119949,12522,0,0,0,0
P1,F1,71,calibration,calibrated,57,Pakistan_35915,PAK,1.3992437478750352,0.2278991751409537,0.22789911329332102,0.8574469685554504,0.3016520142555237,0.0009774020873010159,262144,129233,49161,35119.518148906645,9237.584093599113,73907,3025,8222,44079,0,0
P1,F1,71,calibration,t1,57,Pakistan_35915,PAK,1.0,0.13287051931024552,0.13287051090846336,0.7555451393127441,0.24278463423252106,0.0016842545010149479,262144,129233,49161,37541.9790467463,9250.707091659031,73907,3025,8222,44079,0,0
P1,F1,71,calibration,calibrated,58,Pakistan_366265,PAK,1.3992437478750352,0.5976535441343453,0.5976535218896987,0.9772807359695435,0.422775000333786,0.0016812393441796303,262144,127291,17203,15204.21750316447,3253.656793192788,125019,2270,2,0,0,0
P1,F1,71,calibration,t1,58,Pakistan_366265,PAK,1.0,0.49324742473419525,0.4932474161165822,0.9566550254821777,0.39349624514579773,0.0029122920241206884,262144,127291,17203,10341.293677651702,2367.0194655157534,125019,2270,2,0,0,0
P1,F1,71,calibration,calibrated,59,Pakistan_401863,PAK,1.3992437478750352,0.9029413339280801,0.9029413442517262,0.7366655468940735,0.22260436415672302,0.0006016495171934366,262144,258845,1352,20308.48918650537,3540.638584167832,254870,651,2633,691,0,0
P1,F1,71,calibration,t1,59,Pakistan_401863,PAK,1.0,0.8061846050588839,0.8061845954241914,0.5807723999023438,0.1561870574951172,0.0007743755704723299,262144,258845,1352,12971.75870209541,2781.5803832995634,254870,651,2633,691,0,0
P1,F1,71,calibration,calibrated,60,Pakistan_43105,PAK,1.3992437478750352,0.3953816114270011,0.3953815514717324,0.8560803532600403,0.30306658148765564,0.0013633569469675422,261411,260942,18142,42629.85390446955,12802.319425671289,242595,18076,265,6,0,0
P1,F1,71,calibration,t1,60,Pakistan_43105,PAK,1.0,0.2534654286541673,0.2534653947464739,0.7549015879631042,0.24530310928821564,0.0022607932332903147,261411,260942,18142,43013.717805515436,13730.97295132625,242595,18076,265,6,0,0
P1,F1,71,calibration,calibrated,61,Pakistan_474121,PAK,1.3992437478750352,0.3700450888505925,0.3700451217412276,0.9757184982299805,0.42019468545913696,0.001724866102449596,262144,180789,35653,44106.096995098516,12092.818551345958,158465,13431,801,8092,0,0
P1,F1,71,calibration,t1,61,Pakistan_474121,PAK,1.0,0.27843019084496246,0.27843017400228876,0.9537624716758728,0.3900483250617981,0.0032785311341285706,262144,180789,35653,43288.456575128715,11457.54238632935,158465,13431,801,8092,0,0
P1,F1,71,calibration,calibrated,62,Pakistan_528249,PAK,1.3992437478750352,0.2759182257259386,0.2759182506559079,0.9273880124092102,0.36125320196151733,0.0012790086911991239,262144,76982,38962,9725.022758408539,2694.279221385481,72914,4068,0,0,0,0
P1,F1,71,calibration,t1,62,Pakistan_528249,PAK,1.0,0.18022972053496766,0.18022977788447803,0.8684147596359253,0.3140902519226074,0.002311046700924635,262144,76982,38962,8525.795025472253,2710.858548101014,72914,4068,0,0,0,0
P1,F1,71,calibration,calibrated,63,Pakistan_548910,PAK,1.3992437478750352,0.9844527940680995,0.9844527946075836,0.595004677772522,0.15648908913135529,0.0005925582372583449,262144,235696,134,16581.962120774533,3352.967209126875,232176,81,3386,53,0,0
P1,F1,71,calibration,t1,63,Pakistan_548910,PAK,1.0,0.9609944597218336,0.9609944570562794,0.4113422930240631,0.09499630331993103,0.0007268890622071922,262144,235696,134,13771.016817648844,3157.721834063127,232176,81,3386,53,0,0
P1,F1,71,calibration,calibrated,64,Pakistan_65724,PAK,1.3992437478750352,0.34768479858407575,0.3476848151041244,0.9470192193984985,0.3827280104160309,0.0021555444691330194,262144,262143,28240,56070.27895532819,18282.77300441527,233903,28240,0,0,0,0
P1,F1,71,calibration,t1,64,Pakistan_65724,PAK,1.0,0.24459411176370904,0.2445941274031801,0.9023410677909851,0.34126630425453186,0.004306563641875982,262144,262143,28240,59623.97642923465,19842.24858513843,233903,28240,0,0,0,0
P1,F1,71,calibration,calibrated,65,Pakistan_664885,PAK,1.3992437478750352,0.3046538239598008,0.3046538306291564,0.9223408699035645,0.3552875816822052,0.0014123540604487062,262144,73010,34113,17687.446122251757,4580.210279546917,65728,4899,145,2238,0,0
P1,F1,71,calibration,t1,65,Pakistan_664885,PAK,1.0,0.2024701553559668,0.2024701790011464,0.8595752716064453,0.30644214153289795,0.0026108711026608944,262144,73010,34113,18244.612336221715,4447.931391220018,65728,4899,145,2238,0,0
P1,F1,71,calibration,calibrated,66,Pakistan_667363,PAK,1.3992437478750352,0.3009488364874954,0.3009488281769904,0.9499892592430115,0.3862755000591278,0.00169082242064178,262144,162484,36472,60502.46014024222,20381.80729385268,131421,29844,103,1116,0,0
P1,F1,71,calibration,t1,66,Pakistan_667363,PAK,1.0,0.20664537612567957,0.20664541340296028,0.9075329899787903,0.3458143472671509,0.0032509861048310995,262144,162484,36472,70483.3252373245,22468.493798632342,131421,29844,103,1116,0,0
P1,F1,71,calibration,calibrated,67,Pakistan_694942,PAK,1.3992437478750352,0.2585391096729185,0.2585390705693661,0.9841955304145813,0.43571093678474426,0.001653625164180994,262144,191444,66618,65811.84836309185,20271.606881328924,147231,25732,1584,16897,0,0
P1,F1,71,calibration,t1,67,Pakistan_694942,PAK,1.0,0.1902622340974408,0.1902622596640533,0.969618558883667,0.41095787286758423,0.002988164545968175,262144,191444,66618,67011.29577151717,20384.15368343069,147231,25732,1584,16897,0,0
P1,F1,71,calibration,calibrated,68,Pakistan_70625,PAK,1.3992437478750352,0.2875068374016019,0.2875067879759997,0.9750988483428955,0.4198203980922699,0.002681030659005046,262144,262144,50805,115848.35006279738,35878.01451522818,209920,47557,1419,3248,0,0
P1,F1,71,calibration,t1,68,Pakistan_70625,PAK,1.0,0.2052587955470725,0.2052588180770485,0.9526535868644714,0.3896108567714691,0.0053520118817687035,262144,262144,50805,135168.2750726443,38113.84491753178,209920,47557,1419,3248,0,0
P1,F1,71,calibration,calibrated,69,Pakistan_712873,PAK,1.3992437478750352,0.8799815537782676,0.8799815505426524,0.4617489278316498,0.11292155086994171,0.00040947715751826763,262144,119557,773,6377.104677644582,1193.8275513264803,117839,402,945,371,0,0
P1,F1,71,calibration,t1,69,Pakistan_712873,PAK,1.0,0.7169295598392187,0.7169295522605177,0.28465795516967773,0.0647803246974945,0.0005790470750071108,262144,119557,773,5410.1297343648785,1111.6042922596612,117839,402,945,371,0,0
P1,F1,71,calibration,calibrated,70,Pakistan_740461,PAK,1.3992437478750352,0.24139322599669988,0.24139326003390738,0.9836554527282715,0.4347407817840576,0.0038009046111255884,262144,211456,71573,120971.18008362013,41040.57941781362,151147,60309,0,0,0,0
P1,F1,71,calibration,t1,70,Pakistan_740461,PAK,1.0,0.17395191376810604,0.17395189164034075,0.9686060547828674,0.4096507430076599,0.008010268211364746,262144,211456,71573,145416.06849998556,45185.91596550829,151147,60309,0,0,0,0
P1,F1,71,calibration,calibrated,71,Pakistan_760290,PAK,1.3992437478750352,0.8983283826244567,0.8983283879944606,0.8160578012466431,0.2673488259315491,0.0012671025469899178,262144,233498,1780,20409.740162225757,2879.025589055249,232829,669,0,0,0,0
P1,F1,71,calibration,t1,71,Pakistan_760290,PAK,1.0,0.8108521170688975,0.8108521148443384,0.6902624368667603,0.20214024186134338,0.0018603112548589706,262144,233498,1780,10580.756511092137,1439.8823054074314,232829,669,0,0,0,0
P1,F1,71,calibration,calibrated,72,Pakistan_849790,PAK,1.3992437478750352,0.2926430231503858,0.29264305093416243,0.9845053553581238,0.4365493953227997,0.0031884356867522,262144,257239,55162,343800.6369685647,100717.4508836405,81137,4194,121552,50356,0,0
P1,F1,71,calibration,t1,72,Pakistan_849790,PAK,1.0,0.21775535289888026,0.21775535817227798,0.9702092409133911,0.41210874915122986,0.006437981966882944,262144,257239,55162,452846.7199741616,107912.89125839123,81137,4194,121552,50356,0,0
P1,F1,71,calibration,calibrated,73,Pakistan_909806,PAK,1.3992437478750352,0.6789929367604222,0.6789929202405817,0.5631297826766968,0.15820294618606567,0.0007530295988544822,262144,116287,2572,5694.013166528702,1161.525789960908,114452,421,920,494,0,0
P1,F1,71,calibration,t1,73,Pakistan_909806,PAK,1.0,0.4727507400097982,0.47275070614980086,0.39910435676574707,0.10587770491838455,0.0012783326674252748,262144,116287,2572,5087.903566099181,1154.411021956494,114452,421,920,494,0,0
P1,F1,71,calibration,calibrated,74,Pakistan_94095,PAK,1.3992437478750352,0.15246210409264926,0.1524620776186708,0.9870696663856506,0.4423074424266815,0.0028122218791395426,262144,180570,118355,74701.72486845762,22888.862137999,105032,21972,8709,44857,0,0
P1,F1,71,calibration,t1,74,Pakistan_94095,PAK,1.0,0.10786689221590362,0.10786693450427809,0.9750733971595764,0.4199622571468353,0.005774213932454586,262144,180570,118355,84629.96024717911,23831.034197828638,105032,21972,8709,44857,0,0
P1,F1,71,calibration,calibrated,75,Pakistan_9684,PAK,1.3992437478750352,0.6416841786928915,0.6416841857880001,0.7597370147705078,0.24778923392295837,0.0012057912535965443,262144,113550,5101,6921.453543470401,1414.1472136450172,111025,1329,323,873,0,0
P1,F1,71,calibration,t1,75,Pakistan_9684,PAK,1.0,0.4676252574618167,0.4676252734904609,0.624136209487915,0.1880936473608017,0.0021366565488278866,262144,113550,5101,4787.978027706065,1260.910430833063,111025,1329,323,873,0,0
P1,F1,71,calibration,calibrated,76,USA_1010394,USA,1.3992437478750352,0.9999999999777067,1.0,0.22232556343078613,0.036834072321653366,0.0001033530497807078,262144,262131,0,9099.07045213172,1412.545883937134,260650,0,1481,0,0,0
P1,F1,71,calibration,t1,76,USA_1010394,USA,1.0,0.9999999998979439,1.0,0.0836835652589798,0.011079186573624611,6.199908966664225e-05,262144,262131,0,7365.694204554882,1417.9237079496531,260650,0,1481,0,0,0
P1,F1,71,calibration,calibrated,77,USA_1039203,USA,1.3992437478750352,0.8897366549000978,0.8897366501597592,0.2799372673034668,0.05765159800648689,0.00021170731633901596,262144,262112,491,7337.572306178492,1030.759252697045,260421,80,1200,411,0,0
P1,F1,71,calibration,t1,77,USA_1039203,USA,1.0,0.6794128036431806,0.6794127953856575,0.13648726046085358,0.027706502005457878,0.00025169606669805944,262144,262112,491,4428.994028365691,1016.1768854435652,260421,80,1200,411,0,0
P1,F1,71,calibration,calibrated,78,USA_1049586,USA,1.3992437478750352,0.7918525834988079,0.7918526027946798,0.26687943935394287,0.053944554179906845,0.00014814284804742783,262144,262061,832,7682.542262833107,1190.8667780273513,259919,20,1310,812,0,0
P1,F1,71,calibration,t1,78,USA_1049586,USA,1.0,0.48939164873089314,0.48939164949620884,0.12838943302631378,0.02511296607553959,0.00013953028246760368,262144,262061,832,5373.048596100007,1179.793506789919,259919,20,1310,812,0,0
P1,F1,71,calibration,calibrated,79,USA_1068362,USA,1.3992437478750352,0.32028995980086605,0.3202899985345117,0.7653718590736389,0.25217267870903015,0.0010646787704899907,262144,262124,16346,49698.023879530556,14346.137321435504,228779,2163,16999,14183,0,0
P1,F1,71,calibration,t1,79,USA_1068362,USA,1.0,0.18994171068971089,0.18994175277842829,0.6327866315841675,0.19319508969783783,0.001951943733729422,262144,262124,16346,57743.452330771244,15405.503481071415,228779,2163,16999,14183,0,0
P1,F1,71,calibration,calibrated,80,USA_1082482,USA,1.3992437478750352,0.8553756348326702,0.8553756388008837,0.281887412071228,0.05663038045167923,0.0002657940494827926,262144,262130,568,9051.552907766003,1444.4221104835967,259902,22,1660,546,0,0
P1,F1,71,calibration,t1,80,USA_1082482,USA,1.0,0.599955353961255,0.5999553518848382,0.13519465923309326,0.0257643461227417,0.00031988980481401086,262144,262130,568,6955.978538072173,1437.656752787391,259902,22,1660,546,0,0
P1,F1,71,calibration,calibrated,81,USA_11422,USA,1.3992437478750352,0.15611986453386895,0.15611987573770358,0.8270221948623657,0.2860996723175049,0.002241947455331683,262144,262142,51767,57746.55169442221,16764.602480261052,207633,18489,2742,33278,0,0
P1,F1,71,calibration,t1,81,USA_11422,USA,1.0,0.08681576188094631,0.08681576905513266,0.7142118811607361,0.22759784758090973,0.004540905822068453,262144,262142,51767,64581.68836544543,17720.046454840296,207633,18489,2742,33278,0,0
P1,F1,71,calibration,calibrated,82,USA_114964,USA,1.3992437478750352,0.992028546524592,0.9920285464329022,0.3072440028190613,0.05944303795695305,0.00021403258142527193,262144,262125,37,6202.27067635325,448.4527878565351,261759,12,329,25,0,0
P1,F1,71,calibration,t1,82,USA_114964,USA,1.0,0.9687755197067026,0.968775516543862,0.14492301642894745,0.02413874864578247,0.00019530305871739984,262144,262125,37,2393.766453058416,318.68685459958994,261759,12,329,25,0,0
P1,F1,71,calibration,calibrated,83,USA_115033,USA,1.3992437478750352,0.9280295113208639,0.9280295118465798,0.20871227979660034,0.0378485843539238,9.194831363856792e-05,262144,262109,252,9989.899504635976,1850.7259680107811,259750,0,2107,252,0,0
P1,F1,71,calibration,t1,83,USA_115033,USA,1.0,0.7403879010306234,0.7403878969546684,0.0855570062994957,0.01515477430075407,6.544130155816674e-05,262144,262109,252,9166.492625274765,1920.5896381787747,259750,0,2107,252,0,0
P1,F1,71,calibration,calibrated,84,USA_170264,USA,1.3992437478750352,0.21438828332716597,0.21438829272895954,0.8308753967285156,0.2899569869041443,0.0025606320705264807,262144,261982,35069,39025.748391982845,10032.652231003,216531,1916,10388,33147,0,0
P1,F1,71,calibration,t1,84,USA_170264,USA,1.0,0.12427119792332575,0.12427117097883911,0.7207450866699219,0.23238340020179749,0.005147935822606087,262144,261982,35069,38914.14201044789,10027.600341347803,216531,1916,10388,33147,0,0
P1,F1,71,calibration,calibrated,85,USA_179917,USA,1.3992437478750352,0.9278346048451677,0.9278346084727942,0.40928128361701965,0.095034658908844,0.0005196249694563448,262144,262094,385,7298.497896163066,740.6418811504348,261324,259,385,126,0,0
P1,F1,71,calibration,t1,85,USA_179917,USA,1.0,0.8021386563649109,0.8021386426399295,0.23892615735530853,0.05131741985678673,0.0006332254852168262,262144,262094,385,3123.7741155429394,537.2684125701805,261324,259,385,126,0,0
P1,F1,71,calibration,calibrated,86,USA_181263,USA,1.3992437478750352,0.9613059001186031,0.9613058987591412,0.5477249026298523,0.13652744889259338,0.0011019440134987235,207502,207499,281,10443.801387556523,1369.3169096164775,206210,224,1008,57,0,0
P1,F1,71,calibration,t1,86,USA_181263,USA,1.0,0.8977743819052889,0.8977743800997386,0.356317400932312,0.07770819216966629,0.0017240821616724133,207502,207499,281,5788.8238596071205,1058.848567238687,206210,224,1008,57,0,0
P1,F1,71,calibration,calibrated,87,USA_181503,USA,1.3992437478750352,0.9980396061641499,0.9980396060688107,0.21135693788528442,0.03544517233967781,0.00010323024616809562,262144,262115,8,7872.796358442585,1096.300688010103,260921,0,1186,8,0,0
P1,F1,71,calibration,t1,87,USA_181503,USA,1.0,0.9909472110195208,0.990947211125105,0.07974229753017426,0.011426931247115135,6.578702596016228e-05,262144,262115,8,5809.00806554913,1088.5143234108423,260921,0,1186,8,0,0
P1,F1,71,calibration,calibrated,88,USA_19225,USA,1.3992437478750352,0.944128537670005,0.9441285360579597,0.3007757365703583,0.06271383911371231,0.00027409425820223987,262144,262122,235,7444.660887117972,1060.7634163391278,260692,39,1195,196,0,0
P1,F1,71,calibration,t1,88,USA_19225,USA,1.0,0.8184941893630604,0.8184941785712976,0.15229403972625732,0.029962005093693733,0.0003235556650906801,262144,262122,235,4647.823666366136,1025.844888026916,260692,39,1195,196,0,0
P1,F1,71,calibration,calibrated,89,USA_198411,USA,1.3992437478750352,0.4953367855400155,0.4953367814362759,0.8864516615867615,0.33414918184280396,0.002392727183178067,87651,84222,5152,13689.78618646508,3363.5967950697864,75451,34,3864,4873,0,0
P1,F1,71,calibration,t1,89,USA_198411,USA,1.0,0.340316938785416,0.3403169480307058,0.8060739636421204,0.28404858708381653,0.004134810529649258,87651,84222,5152,13222.55086486959,3264.172160840043,75451,34,3864,4873,0,0
P1,F1,71,calibration,calibrated,90,USA_211406,USA,1.3992437478750352,0.9588703730071477,0.9588703701639365,0.30435317754745483,0.06054290756583214,0.00020901912648696452,262144,262101,167,7105.63648932192,774.9373627164632,260960,11,974,156,0,0
P1,F1,71,calibration,t1,90,USA_211406,USA,1.0,0.8553160967288111,0.8553161059253847,0.14594869315624237,0.02646555006504059,0.0002068343892460689,262144,262101,167,3537.97520786331,708.3735245881497,260960,11,974,156,0,0
P1,F1,71,calibration,calibrated,91,USA_217598,USA,1.3992437478750352,0.17406284217906454,0.1740628652489079,0.6541270017623901,0.19841058552265167,0.0024429161567240953,257309,257297,30440,55517.04461223772,13853.178951014484,211326,720,15531,29720,0,0
P1,F1,71,calibration,t1,91,USA_217598,USA,1.0,0.08566421879239938,0.08566419460916097,0.4977611005306244,0.1422652006149292,0.004859040956944227,257309,257297,30440,66415.51179212169,14315.20519441942,211326,720,15531,29720,0,0
P1,F1,71,calibration,calibrated,92,USA_224165,USA,1.3992437478750352,0.990902298265237,0.9909022982232926,0.40843769907951355,0.08776234835386276,0.00036190447281114757,262144,262126,57,7889.626427690903,499.63654559989294,261927,38,142,19,0,0
P1,F1,71,calibration,t1,92,USA_224165,USA,1.0,0.9696007771214197,0.969600781468625,0.22324718534946442,0.041149284690618515,0.0004057422047480941,262144,262126,57,2647.7647076635058,212.60265183604358,261927,38,142,19,0,0
P1,F1,71,calibration,calibrated,93,USA_225017,USA,1.3992437478750352,0.2883940134973553,0.28839402196666986,0.5996807217597961,0.16973982751369476,0.0011058843228965998,262144,262138,13626,17442.206512931847,3765.713506634734,244645,713,3867,12913,0,0
P1,F1,71,calibration,t1,93,USA_225017,USA,1.0,0.14425058810115632,0.14425060109091292,0.4306190311908722,0.11369827389717102,0.0021768761798739433,262144,262138,13626,14805.552084935374,3678.9265893427405,244645,713,3867,12913,0,0
P1,F1,71,calibration,calibrated,94,USA_231124,USA,1.3992437478750352,0.9426266523127542,0.9426266585829524,0.47653570771217346,0.11573336273431778,0.00144218432251364,133432,129409,291,16875.22277814118,3582.26483274763,125568,2,3821,18,0,0
P1,F1,71,calibration,t1,94,USA_231124,USA,1.0,0.8473163469782263,0.8473163542222423,0.29337039589881897,0.065363809466362,0.00236333766952157,133432,129409,291,17810.437012731672,3583.147707513785,125568,2,3821,18,0,0
P1,F1,71,calibration,calibrated,95,USA_232060,USA,1.3992437478750352,0.9104354527327962,0.9104354573250952,0.28818750381469727,0.06116991862654686,0.00014202251622918993,262144,262127,437,9980.08333531973,1723.704869391596,260057,357,1633,80,0,0
P1,F1,71,calibration,t1,95,USA_232060,USA,1.0,0.7387777896727619,0.7387778060615017,0.14425718784332275,0.03090914897620678,0.0001284623722312972,262144,262127,437,8063.000690917408,1723.3863662212898,260057,357,1633,80,0,0
P1,F1,71,calibration,calibrated,96,USA_251323,USA,1.3992437478750352,0.9378469203478405,0.9378469205645774,0.4369296431541443,0.1003471165895462,0.0005820973310619593,261626,261038,376,8393.228660991184,802.1440895740527,260232,111,508,187,0,0
P1,F1,71,calibration,t1,96,USA_251323,USA,1.0,0.8255759089319226,0.8255759026650515,0.2549924850463867,0.05248839780688286,0.0007835269789211452,261626,261038,376,3647.8325111217687,546.3838252014693,260232,111,508,187,0,0
P1,F1,71,calibration,calibrated,97,USA_260929,USA,1.3992437478750352,0.8727516068602807,0.872751599103597,0.44032981991767883,0.11324828118085861,0.0008263180498033762,262144,262134,857,15662.944845698024,3373.017611109607,256942,172,4335,685,0,0
P1,F1,71,calibration,t1,97,USA_260929,USA,1.0,0.7128815714415928,0.7128815815655996,0.2798454463481903,0.07040093839168549,0.001246920321136713,262144,262134,857,14267.196356217375,3476.1065930111477,256942,172,4335,685,0,0
P1,F1,71,calibration,calibrated,98,USA_275372,USA,1.3992437478750352,0.9601580848474565,0.9601580844012126,0.2021504044532776,0.03503303974866867,0.00010667611786630005,262144,262138,133,12462.217120970196,2351.7849135824745,259416,0,2589,133,0,0
P1,F1,71,calibration,t1,98,USA_275372,USA,1.0,0.8352854643767887,0.8352854423211666,0.0783257782459259,0.012676848098635674,9.088760270969942e-05,262144,262138,133,12681.063356142744,2423.719942469652,259416,0,2589,133,0,0
P1,F1,71,calibration,calibrated,99,USA_308150,USA,1.3992437478750352,0.9793892208039005,0.9793892225818069,0.23738543689250946,0.04397926852107048,0.00015191569400485605,262144,262027,79,11256.79191188787,2367.614737747268,259117,3,2831,76,0,0
P1,F1,71,calibration,t1,99,USA_308150,USA,1.0,0.9164165740955358,0.9164165903120005,0.10250451415777206,0.017545199021697044,0.0001283588499063626,262144,262027,79,10588.37305197676,2521.355900849965,259117,3,2831,76,0,0
P1,F1,71,calibration,calibrated,100,USA_347609,USA,1.3992437478750352,0.8971957524806942,0.89719576531582,0.44082877039909363,0.1062544658780098,0.0012142166960984468,209488,204416,652,9373.435878995073,1337.6919142326842,202670,104,1446,196,0,0
P1,F1,71,calibration,t1,100,USA_347609,USA,1.0,0.7405180144459784,0.7405180314491895,0.26539337635040283,0.06028665229678154,0.0019260726403445005,209488,204416,652,5833.280393102534,1224.0066579749023,202670,104,1446,196,0,0
P1,F1,71,calibration,calibrated,101,USA_348639,USA,1.3992437478750352,0.25210897861807813,0.25210897996281434,0.7232404947280884,0.22795894742012024,0.0013205396244302392,262144,262118,22062,33127.48175603569,7961.903021168551,232763,2201,7293,19861,0,0
P1,F1,71,calibration,t1,101,USA_348639,USA,1.0,0.13652179766709016,0.13652184122408295,0.5760854482650757,0.16806139051914215,0.002597603015601635,262144,262118,22062,33465.510601184316,7959.3264736093415,232763,2201,7293,19861,0,0
P1,F1,71,calibration,calibrated,102,USA_350244,USA,1.3992437478750352,0.98959515555976,0.9895951563535765,0.3255307674407959,0.06554964184761047,0.00031208101427182555,262144,262120,49,8756.645744237987,1211.066792681076,260813,22,1258,27,0,0
P1,F1,71,calibration,t1,102,USA_350244,USA,1.0,0.9613829287014146,0.9613829296799791,0.1613141894340515,0.028623169288039207,0.0003141321649309248,262144,262120,49,5801.449352258875,1143.9924427993537,260813,22,1258,27,0,0
P1,F1,71,calibration,calibrated,103,USA_354981,USA,1.3992437478750352,0.8767109150136219,0.8767109013189537,0.26741018891334534,0.05317462980747223,0.00017849082360044122,262144,262011,494,9238.78834700421,1639.5374290881896,259886,401,1631,93,0,0
P1,F1,71,calibration,t1,103,USA_354981,USA,1.0,0.6378146577960704,0.6378146778785804,0.126112163066864,0.02402578666806221,0.00017426144040655345,262144,262011,494,7468.015995336228,1689.9890018171227,259886,401,1631,93,0,0
P1,F1,71,calibration,calibrated,104,USA_366607,USA,1.3992437478750352,0.12545995249089903,0.12545997126853914,0.5857633352279663,0.16372470557689667,0.0009463129681535065,262144,262139,42729,24028.153741679154,5413.678500725192,212745,69,6665,42660,0,0
P1,F1,71,calibration,t1,104,USA_366607,USA,1.0,0.05464938182042833,0.05464931403475126,0.41464027762413025,0.1084311380982399,0.0017598405247554183,262144,262139,42729,22075.797634337985,5452.272526497596,212745,69,6665,42660,0,0
P1,F1,71,calibration,calibrated,105,USA_375183,USA,1.3992437478750352,0.8033288177240664,0.8033288230713918,0.31880953907966614,0.07470215111970901,0.00026214710669592023,262144,262065,1016,21954.950870424065,5011.187820554276,255368,179,5681,837,0,0
P1,F1,71,calibration,t1,105,USA_375183,USA,1.0,0.5589955926242813,0.5589955834227847,0.17916935682296753,0.04298828914761543,0.0003349633770994842,262144,262065,1016,24828.09486832768,5238.321055269077,255368,179,5681,837,0,0
P1,F1,71,calibration,calibrated,106,USA_387945,USA,1.3992437478750352,0.5084522585658708,0.5084522931839168,0.6879997849464417,0.21667921543121338,0.001553666195832193,262144,262139,7388,27384.368084512404,7352.438810861235,246620,2066,8131,5322,0,0
P1,F1,71,calibration,t1,106,USA_387945,USA,1.0,0.3254175141383713,0.32541746041112685,0.5417517423629761,0.1606125831604004,0.002772130537778139,262144,262139,7388,27511.62388743083,7738.035160670048,246620,2066,8131,5322,0,0
P1,F1,71,calibration,calibrated,107,USA_430764,USA,1.3992437478750352,0.5419689118436128,0.5419688836244121,0.8023976683616638,0.27653592824935913,0.0012683056993409991,262144,262137,8880,29484.524765151054,7675.921102915745,244783,1915,8474,6965,0,0
P1,F1,71,calibration,t1,107,USA_430764,USA,1.0,0.37508612400673047,0.3750861578372956,0.6848858594894409,0.21992641687393188,0.0022446669172495604,262144,262137,8880,27486.73406074675,7782.810751073006,244783,1915,8474,6965,0,0
P1,F1,71,calibration,calibrated,108,USA_438959,USA,1.3992437478750352,0.6126621182745857,0.6126621277014559,0.3378031849861145,0.08110181987285614,0.0003418798733036965,253924,253900,2421,14385.052230266745,3314.323170304988,247525,72,3954,2349,0,0
P1,F1,71,calibration,t1,108,USA_438959,USA,1.0,0.3328420534662855,0.33284205802088274,0.19722802937030792,0.0476791113615036,0.00047458484186790884,253924,253900,2421,14030.095093504002,3482.172748635763,247525,72,3954,2349,0,0
P1,F1,71,calibration,calibrated,109,USA_486103,USA,1.3992437478750352,0.9999999999782855,1.0,0.2467765063047409,0.04375007003545761,0.00016711528587620705,262144,262060,0,31196.05841488145,6801.516591689795,254818,0,7242,0,0,0
P1,F1,71,calibration,t1,109,USA_486103,USA,1.0,0.9999999999068356,1.0,0.10259350389242172,0.015356024727225304,0.00013026257511228323,262144,262060,0,38193.97107658739,7021.236414010336,254818,0,7242,0,0,0
P1,F1,71,calibration,calibrated,110,USA_504150,USA,1.3992437478750352,0.8258431746185861,0.825843184140952,0.4582979679107666,0.1088271513581276,0.0005666171200573444,262144,262126,1103,12215.29103332128,2139.959813589283,258662,202,2361,901,0,0
P1,F1,71,calibration,t1,110,USA_504150,USA,1.0,0.6051766457994514,0.6051766324291438,0.2773415148258209,0.059592071920633316,0.0007223947905004025,262144,262126,1103,8723.165352595963,2069.2572573143175,258662,202,2361,901,0,0
P1,F1,71,calibration,calibrated,111,USA_519181,USA,1.3992437478750352,0.9370534359180267,0.9370534365250368,0.3646470904350281,0.07851476967334747,0.0004267517360858619,262144,262127,300,10162.236654435317,1711.463087530736,259892,83,1935,217,0,0
P1,F1,71,calibration,t1,111,USA_519181,USA,1.0,0.8079129894363611,0.8079129892233117,0.19546958804130554,0.03811032697558403,0.0005036193178966641,262144,262127,300,7456.272581245282,1699.7906908452505,259892,83,1935,217,0,0
P1,F1,71,calibration,calibrated,112,USA_527077,USA,1.3992437478750352,0.8430594259169666,0.8430594338674705,0.3404833674430847,0.08039093017578125,0.00016143849643412977,262144,262127,905,10383.237864861583,1840.5894419500876,259724,757,1498,148,0,0
P1,F1,71,calibration,t1,112,USA_527077,USA,1.0,0.6305812063641898,0.6305812292109192,0.1929320991039276,0.04643993824720383,0.00016705309099052101,262144,262127,905,8097.250349194566,1814.5759397574516,259724,757,1498,148,0,0
P1,F1,71,calibration,calibrated,113,USA_58086,USA,1.3992437478750352,0.28482834321933637,0.2848283394143476,0.6908389925956726,0.2066044956445694,0.0006752755725756288,262144,262112,15388,20873.754473798854,5414.205531029671,242840,3378,3884,12010,0,0
P1,F1,71,calibration,t1,113,USA_58086,USA,1.0,0.15187460367609473,0.15187464970415598,0.53245609998703,0.14446872472763062,0.0012627209071069956,262144,262112,15388,19745.67192362163,5603.384512706512,242840,3378,3884,12010,0,0
P1,F1,71,calibration,calibrated,114,USA_595451,USA,1.3992437478750352,0.14632880967479367,0.14632880546987548,0.7164735794067383,0.22957390546798706,0.002464085118845105,262144,262136,41335,89750.29025503097,25099.09189603883,216369,25236,4432,16099,0,0
P1,F1,71,calibration,t1,114,USA_595451,USA,1.0,0.07545432719124223,0.07545429259333192,0.5746101140975952,0.17238928377628326,0.005127009470015764,262144,262136,41335,113075.68516672717,26593.8671842157,216369,25236,4432,16099,0,0
P1,F1,71,calibration,calibrated,115,USA_604222,USA,1.3992437478750352,0.6320688566846926,0.6320688820663828,0.6007829904556274,0.17276723682880402,0.00043200707295909524,262144,262123,4018,27501.190388970506,6445.164911614632,252740,2742,5365,1276,0,0
P1,F1,71,calibration,t1,115,USA_604222,USA,1.0,0.4163137649260177,0.41631378686715226,0.4378591775894165,0.11783482879400253,0.0006344949943013489,262144,262123,4018,28905.190144936612,6613.306949508563,252740,2742,5365,1276,0,0
P1,F1,71,calibration,calibrated,116,USA_605492,USA,1.3992437478750352,0.38013897492118287,0.38013900409377044,0.6776359677314758,0.20939597487449646,0.0011632393579930067,262144,262125,10737,34703.46215421057,9956.370671216679,248639,10455,2749,282,0,0
P1,F1,71,calibration,t1,116,USA_605492,USA,1.0,0.22107117793101272,0.22107112473718105,0.5264320373535156,0.15246303379535675,0.0021121990866959095,262144,262125,10737,38241.88988405517,10714.422843227112,248639,10455,2749,282,0,0
P1,F1,71,calibration,calibrated,117,USA_638521,USA,1.3992437478750352,0.9980872642717261,0.9980872644267739,0.23591965436935425,0.042390115559101105,0.00017457966168876737,262144,262141,8,21485.08234330412,4676.756541159145,256971,6,5162,2,0,0
P1,F1,71,calibration,t1,117,USA_638521,USA,1.0,0.9916959604637856,0.9916959605555543,0.09906342625617981,0.01567717269062996,0.00015674764290452003,262144,262141,8,24707.034729353352,4879.442452622547,256971,6,5162,2,0,0
P1,F1,71,calibration,calibrated,118,USA_646878,USA,1.3992437478750352,0.6656040407664965,0.6656040272573086,0.742482602596283,0.23234765231609344,0.002999956952407956,254040,252297,4469,19143.059167900283,3684.3922194702,247199,2674,969,1455,0,0
P1,F1,71,calibration,t1,118,USA_646878,USA,1.0,0.47938086138676594,0.4793808164309379,0.5953676104545593,0.16942207515239716,0.0050588008016347885,254040,252297,4469,13815.127975040978,3147.2374158229873,247199,2674,969,1455,0,0
P1,F1,71,calibration,calibrated,119,USA_652955,USA,1.3992437478750352,0.400840226477964,0.40084021442444207,0.6795246601104736,0.2034502923488617,0.0018144652713090181,262144,262141,11006,25181.102077330626,5802.9895889827385,248969,4645,2166,6361,0,0
P1,F1,71,calibration,t1,119,USA_652955,USA,1.0,0.22785509933827308,0.22785508330434046,0.5195715427398682,0.14298737049102783,0.003351714229211211,262144,262141,11006,23048.28952196744,5701.387360886951,248969,4645,2166,6361,0,0
P1,F1,71,calibration,calibrated,120,USA_655230,USA,1.3992437478750352,0.9992869154220969,0.9992869154494571,0.24332264065742493,0.0434408038854599,0.00011374917812645435,262144,262129,3,7240.359397108414,1008.3246130089049,260984,0,1142,3,0,0
P1,F1,71,calibration,t1,120,USA_655230,USA,1.0,0.9968848932831483,0.9968848933210488,0.101924829185009,0.015577122569084167,8.650575182400644e-05,262144,262129,3,4859.730866120736,1007.9695568182004,260984,0,1142,3,0,0
P1,F1,71,calibration,calibrated,121,USA_66026,USA,1.3992437478750352,0.9605616048775071,0.960561604894412,0.34151697158813477,0.07252074778079987,0.0003288868465460837,262144,262141,207,7322.862928031711,779.0237043521656,261083,71,851,136,0,0
P1,F1,71,calibration,t1,121,USA_66026,USA,1.0,0.8727648321837171,0.8727648268932231,0.17753154039382935,0.0350366085767746,0.00039288646075874567,262144,262141,207,3428.6374919568075,669.8725729435068,261083,71,851,136,0,0
P1,F1,71,calibration,calibrated,122,USA_664261,USA,1.3992437478750352,0.6265679366646131,0.6265679207539769,0.5583012104034424,0.155118927359581,0.0005058159586042166,262095,262087,3636,14345.387339557648,2946.4891396966327,255982,1290,2469,2346,0,0
P1,F1,71,calibration,t1,122,USA_664261,USA,1.0,0.40006960759829946,0.40006962213493136,0.3923736810684204,0.1025138571858406,0.0007788937073200941,262095,262087,3636,11162.467585413091,2872.4438575625863,255982,1290,2469,2346,0,0
P1,F1,71,calibration,calibrated,123,USA_66511,USA,1.3992437478750352,0.9546769309581297,0.9546769328373633,0.3959959149360657,0.08849386870861053,0.0005697698798030615,262144,262136,261,12926.722477052894,2285.3508700343145,259342,67,2533,194,0,0
P1,F1,71,calibration,t1,123,USA_66511,USA,1.0,0.8648992754378897,0.8648992817146622,0.22114714980125427,0.04521142691373825,0.0007443047943525016,262144,262136,261,10690.518569312624,2235.804646870203,259342,67,2533,194,0,0
P1,F1,71,calibration,calibrated,124,USA_670826,USA,1.3992437478750352,0.9708608720428387,0.9708608709863359,0.34708040952682495,0.07204518467187881,0.0003203786618541926,262144,262132,145,16352.551651385955,2834.385419369243,259091,31,2896,114,0,0
P1,F1,71,calibration,t1,124,USA_670826,USA,1.0,0.9010134805414638,0.901013481799992,0.1779302954673767,0.03302369639277458,0.00036266384995542467,262144,262132,145,16135.688563170002,2763.8530528990204,259091,31,2896,114,0,0
P1,F1,71,calibration,calibrated,125,USA_67102,USA,1.3992437478750352,0.35842216966957885,0.3584221704913748,0.545329749584198,0.14854656159877777,0.0007309769280254841,262144,262091,9286,12035.410902809832,2056.8634085810413,251454,1146,1351,8140,0,0
P1,F1,71,calibration,t1,125,USA_67102,USA,1.0,0.18043858406935687,0.18043857717691347,0.37471166253089905,0.09625456482172012,0.0013118248898535967,262144,262091,9286,7764.331655832097,1853.5851761920421,251454,1146,1351,8140,0,0
P1,F1,71,calibration,calibrated,126,USA_693819,USA,1.3992437478750352,0.9281165298667653,0.9281165357873513,0.20358747243881226,0.03667698800563812,0.00011774414451792836,262144,262104,247,10565.123896310553,1999.946556764501,259614,36,2243,211,0,0
P1,F1,71,calibration,t1,126,USA_693819,USA,1.0,0.7384278135615228,0.738427797822115,0.08265126496553421,0.014577255584299564,0.00011625236948020756,262144,262104,247,9985.420459009183,2079.158576551304,259614,36,2243,211,0,0
P1,F1,71,calibration,calibrated,127,USA_741073,USA,1.3992437478750352,0.9811326344447833,0.9811326325059406,0.24081328511238098,0.04376542568206787,0.00013246644812170416,262144,262115,73,13598.518616762345,2897.149581055762,258734,6,3308,67,0,0
P1,F1,71,calibration,t1,127,USA_741073,USA,1.0,0.9218138643029975,0.9218138608909879,0.10161489248275757,0.016661960631608963,0.00011261420149821788,262144,262115,73,13724.334171362216,3054.472510299089,258734,6,3308,67,0,0
P1,F1,71,calibration,calibrated,128,USA_741178,USA,1.3992437478750352,0.9833620734495804,0.9833620718751381,0.3212076723575592,0.06603531539440155,0.00027193990536034107,262144,262117,79,9604.194986438011,1470.0221379416535,260594,77,1444,2,0,0
P1,F1,71,calibration,t1,128,USA_741178,USA,1.0,0.9408335880520242,0.9408335839679942,0.16218383610248566,0.030209120362997055,0.00028143837698735297,262144,262117,79,7219.5000803680105,1410.4401542330377,260594,77,1444,2,0,0
P1,F1,71,calibration,calibrated,129,USA_758178,USA,1.3992437478750352,0.9484001321383623,0.9484001353864115,0.2776758372783661,0.05425809696316719,0.00017621311417315155,262144,262133,200,9222.950826871007,1369.0471136128906,260483,33,1450,167,0,0
P1,F1,71,calibration,t1,129,USA_758178,USA,1.0,0.8180541281137754,0.8180541186257169,0.1296590268611908,0.023330437019467354,0.00017279674648307264,262144,262133,200,7190.924515325348,1336.9162972383451,260483,33,1450,167,0,0
P1,F1,71,calibration,calibrated,130,USA_761032,USA,1.3992437478750352,0.4557034901282212,0.45570350458299436,0.519110381603241,0.14478546380996704,0.0009774192003533244,262144,262125,6041,30122.761481629004,7256.4771822292805,248653,1355,7431,4686,0,0
P1,F1,71,calibration,t1,130,USA_761032,USA,1.0,0.2526394469194947,0.2526393665207527,0.3594590425491333,0.09722577780485153,0.0017594246892258525,262144,262125,6041,33869.62080494021,7522.080131758725,248653,1355,7431,4686,0,0
P1,F1,71,calibration,calibrated,131,USA_770353,USA,1.3992437478750352,0.27888545696195866,0.27888544795328474,0.9061909914016724,0.3433970808982849,0.0017478513764217496,262144,262141,30848,38383.06263035745,10449.293267794485,222613,5101,8680,25747,0,0
P1,F1,71,calibration,t1,131,USA_770353,USA,1.0,0.17998679223261038,0.17998679184790511,0.8339582085609436,0.2927546501159668,0.0034963341895490885,262144,262141,30848,35757.58157326444,10412.091106429285,222613,5101,8680,25747,0,0
P1,F1,71,calibration,calibrated,132,USA_778194,USA,1.3992437478750352,0.7860966558895062,0.7860966637075527,0.3877990245819092,0.09359150379896164,0.0002396140043856576,262144,262070,1320,11814.716201137258,2414.5511765476867,257850,382,2900,938,0,0
P1,F1,71,calibration,t1,132,USA_778194,USA,1.0,0.5428759947379087,0.5428760269250262,0.23084408044815063,0.05427190288901329,0.00027523646713234484,262144,262070,1320,9334.979817940219,2518.7602408066086,257850,382,2900,938,0,0
P1,F1,71,calibration,calibrated,133,USA_788696,USA,1.3992437478750352,0.09572037737902739,0.09572040426345918,0.737755537033081,0.23516730964183807,0.0006441051373258233,262144,262126,98912,45505.25549733067,10827.15362661338,150544,134,12670,98778,0,0
P1,F1,71,calibration,t1,133,USA_788696,USA,1.0,0.04692085875496921,0.04692083865970864,0.5929019451141357,0.1750190705060959,0.0011353929294273257,262144,262126,98912,45411.96299799495,10618.27885956434,150544,134,12670,98778,0,0
P1,F1,71,calibration,calibrated,134,USA_806273,USA,1.3992437478750352,0.7828790208288926,0.7828790281993084,0.34003746509552,0.07626605033874512,0.00037929246900603175,262144,262131,1084,21982.179723470228,4442.858715131408,256269,75,4778,1009,0,0
P1,F1,71,calibration,t1,134,USA_806273,USA,1.0,0.5159097389828768,0.5159097486908375,0.18549111485481262,0.04057091847062111,0.0005150705110281706,262144,262131,1084,24372.726284404358,4483.209454303875,256269,75,4778,1009,0,0
P1,F1,71,calibration,calibrated,135,USA_826217,USA,1.3992437478750352,0.5095285261157323,0.5095284840056079,0.2933945655822754,0.06256384402513504,0.00028938232571817935,262144,262126,3024,8276.21136369545,1275.4626263010941,257602,26,1500,2998,0,0
P1,F1,71,calibration,t1,135,USA_826217,USA,1.0,0.22021986420848338,0.22021984468332934,0.150796577334404,0.031345583498477936,0.00042967358604073524,262144,262126,3024,5678.480304668707,1250.0164014586887,257602,26,1500,2998,0,0
P1,F1,71,calibration,calibrated,136,USA_831672,USA,1.3992437478750352,0.6077063682656394,0.6077064167170627,0.555929958820343,0.154969722032547,0.0007437405874952674,262144,262116,3555,49860.45012535087,14027.770347007145,241044,115,17517,3440,0,0
P1,F1,71,calibration,t1,136,USA_831672,USA,1.0,0.3853912871998879,0.385391250573878,0.3919309079647064,0.10284631699323654,0.0011471959296613932,262144,262116,3555,61204.10700206674,15153.72355683176,241044,115,17517,3440,0,0
P1,F1,71,calibration,calibrated,137,USA_84195,USA,1.3992437478750352,0.9331644616199685,0.9331644700702996,0.25634676218032837,0.053783852607011795,0.00012036230327794328,262144,262137,287,12819.323364428634,2806.978399997182,258325,1,3525,286,0,0
P1,F1,71,calibration,t1,137,USA_84195,USA,1.0,0.7908311809083952,0.7908311746095148,0.1255405694246292,0.02723056823015213,0.00010584511619526893,262144,262137,287,12633.169918557029,2984.9550654015443,258325,1,3525,286,0,0
P1,F1,71,calibration,calibrated,138,USA_86502,USA,1.3992437478750352,0.3646096450720723,0.36460967857060844,0.9315159320831299,0.3643554747104645,0.0006926570786163211,262144,262132,30363,96292.26840043288,30935.237573407234,192703,3067,39066,27296,0,0
P1,F1,71,calibration,t1,138,USA_86502,USA,1.0,0.24805437188210067,0.2480543949585321,0.8751521110534668,0.3177056908607483,0.001176539808511734,262144,262132,30363,112010.88163422584,33519.13938779102,192703,3067,39066,27296,0,0
P1,F1,71,calibration,calibrated,139,USA_905409,USA,1.3992437478750352,0.12465823771952333,0.12465816844674593,0.5568476319313049,0.1498902440071106,0.0006765915895812213,262144,262099,40710,17261.9356019109,3321.226042945104,217501,131,3888,40579,0,0
P1,F1,71,calibration,t1,139,USA_905409,USA,1.0,0.05221743709454152,0.05221756033715086,0.38013556599617004,0.09540387988090515,0.0012583954958245158,262144,262099,40710,13196.247952914191,3165.478200711068,217501,131,3888,40579,0,0
P1,F1,71,calibration,calibrated,140,USA_908474,USA,1.3992437478750352,0.6845561737197453,0.6845561598322929,0.5962069034576416,0.17418290674686432,0.0003327906015329063,262144,262071,3613,17683.668629898268,3746.7261896953605,256820,3405,1638,208,0,0
P1,F1,71,calibration,t1,140,USA_908474,USA,1.0,0.4740427444759988,0.4740427720326552,0.43629229068756104,0.12124598026275635,0.0004180977412033826,262144,262071,3613,14242.07568206804,3674.7249931113593,256820,3405,1638,208,0,0
P1,F1,71,calibration,calibrated,141,USA_933610,USA,1.3992437478750352,0.7901149573850603,0.7901149578529876,0.2819541096687317,0.06363307684659958,0.00017368898261338472,262144,262027,977,10602.400144955205,2283.4017173177212,258100,104,2950,873,0,0
P1,F1,71,calibration,t1,141,USA_933610,USA,1.0,0.5210552955520049,0.5210552681830984,0.1519387662410736,0.03530097007751465,0.00020606743055395782,262144,262027,977,9218.80370706311,2443.5670790914346,258100,104,2950,873,0,0
P1,F1,71,calibration,calibrated,142,USA_955053,USA,1.3992437478750352,0.1833784027141464,0.18337837291463954,0.867110550403595,0.3121030628681183,0.002128622494637966,262144,262140,47409,78555.89521684927,23164.766977240422,205303,20999,9428,26410,0,0
P1,F1,71,calibration,t1,142,USA_955053,USA,1.0,0.10707661375248789,0.10707662275413954,0.7723597288131714,0.2559927999973297,0.004330615513026714,262144,262140,47409,92977.22146577234,24876.3099049162,205303,20999,9428,26410,0,0
P1,F1,71,calibration,calibrated,143,USA_986268,USA,1.3992437478750352,0.8005622379101486,0.800562232556906,0.32646116614341736,0.07647480815649033,0.0003596468595787883,262144,262123,959,27521.54858150832,6884.756729445232,253010,21,8154,938,0,0
P1,F1,71,calibration,t1,143,USA_986268,USA,1.0,0.555482854982565,0.5554828533206163,0.18583881855010986,0.04360780492424965,0.000530133256688714,262144,262123,959,32751.706285481418,7302.074700898807,253010,21,8154,938,0,0
P1,F1,71,calibration,calibrated,144,USA_994009,USA,1.3992437478750352,0.9999999999752942,1.0,0.2007155418395996,0.03293994441628456,9.596989548299462e-05,262144,262018,0,9366.8207242811,1700.1263462934166,260121,0,1897,0,0,0
P1,F1,71,calibration,t1,144,USA_994009,USA,1.0,0.9999999998832879,1.0,0.07388994842767715,0.010026605799794197,5.6653094361536205e-05,262144,262018,0,8241.5997998241,1773.8695996963647,260121,0,1897,0,0,0
P1,F1,71,test,calibrated,0,Bolivia_103757,BOL,1.3992437478750352,0.3261792091485247,0.32617921809099837,0.9937096834182739,0.4597562253475189,0.002729457803070545,101623,88077,23636,34163.644476080255,11557.381945802537,52149,566,18507,16855,0,0
P1,F1,71,test,t1,0,Bolivia_103757,BOL,1.0,0.25577733261124524,0.25577726051850513,0.9877775311470032,0.4439252018928528,0.005218898877501488,101623,88077,23636,37192.413222731055,12373.090902019343,52149,566,18507,16855,0,0
P1,F1,71,test,calibrated,1,Bolivia_129334,BOL,1.3992437478750352,0.23249661889582085,0.2324966068755785,0.9982879161834717,0.4789314568042755,0.0027585497591644526,261395,237065,142025,95280.45635595007,30745.611888894113,76567,4431,36754,119313,0,0
P1,F1,71,test,t1,1,Bolivia_129334,BOL,1.0,0.18953939850389911,0.18953941006240682,0.9966548681259155,0.47055354714393616,0.005399362649768591,261395,237065,142025,94287.7312517916,30111.789554279218,76567,4431,36754,119313,0,0
P1,F1,71,test,calibrated,2,Bolivia_195474,BOL,1.3992437478750352,0.8927138038556901,0.8927138015231875,0.36809343099594116,0.08620531111955643,0.00024508993374183774,262144,261335,509,10341.826155465358,1893.6068452415811,259280,504,1546,5,0,0
P1,F1,71,test,t1,2,Bolivia_195474,BOL,1.0,0.7287182301817972,0.7287182062736217,0.21311306953430176,0.04811187833547592,0.00030892001814208925,262144,261335,509,8664.464361065495,1835.7581627751965,259280,504,1546,5,0,0
P1,F1,71,test,calibrated,3,Bolivia_23014,BOL,1.3992437478750352,0.37940465861557093,0.3794046560986323,0.5446644425392151,0.15852491557598114,0.0010549493599683046,193558,182995,8882,13621.279348240645,2699.5799864567407,173338,1877,775,7005,0,0
P1,F1,71,test,t1,3,Bolivia_23014,BOL,1.0,0.19502188125025333,0.19502190907784855,0.39420032501220703,0.11118952184915543,0.0021596597507596016,193558,182995,8882,10808.983910935092,2544.9147874711734,173338,1877,775,7005,0,0
P1,F1,71,test,calibrated,4,Bolivia_233925,BOL,1.3992437478750352,0.6965494998903471,0.6965495028194788,0.33161526918411255,0.06795413792133331,0.0007256329408846796,197636,146294,1546,6429.794218881308,875.863950777478,145329,964,1,0,0,0
P1,F1,71,test,t1,4,Bolivia_233925,BOL,1.0,0.38820020706797864,0.3882001577363178,0.16466158628463745,0.03103761188685894,0.0014295141445472836,197636,146294,1546,3993.170694806715,826.4742774077624,145329,964,1,0,0,0
P1,F1,71,test,calibrated,5,Bolivia_242570,BOL,1.3992437478750352,0.5508268789449833,0.5508269021366348,0.9189022183418274,0.3534650504589081,0.0006933452095836401,262144,175507,12158,53896.378343905715,16519.10546829927,145256,2905,19377,7969,0,0
P1,F1,71,test,t1,5,Bolivia_242570,BOL,1.0,0.4118459683075276,0.4118459542891679,0.8542747497558594,0.30457472801208496,0.0011236736318096519,262144,175507,12158,60336.79257266173,17485.001725434213,145256,2905,19377,7969,0,0
P1,F1,71,test,calibrated,6,Bolivia_290290,BOL,1.3992437478750352,0.35406634702166784,0.3540663373060593,0.9309900403022766,0.3672499358654022,0.0008543647709302604,262144,204633,21627,26788.798445663255,7377.331879006677,180837,4097,6014,13685,0,0
P1,F1,71,test,t1,6,Bolivia_290290,BOL,1.0,0.2513301854818546,0.2513301314684211,0.875220537185669,0.32212570309638977,0.0016186150023713708,262144,204633,21627,26429.26709801708,7350.511883608162,180837,4097,6014,13685,0,0
P1,F1,71,test,calibrated,7,Bolivia_294583,BOL,1.3992437478750352,0.14838334552862475,0.1483833629428727,0.6875525712966919,0.21284857392311096,0.0032767581287771463,262144,130472,37436,16104.924420496704,3889.2353297509367,111518,3946,821,14187,0,0
P1,F1,71,test,t1,7,Bolivia_294583,BOL,1.0,0.07488169490379593,0.07488167475258634,0.5360628366470337,0.1549874097108841,0.006964799482375383,262144,130472,37436,16370.93610405346,3930.800873351671,111518,3946,821,14187,0,0
P1,F1,71,test,calibrated,8,Bolivia_312675,BOL,1.3992437478750352,0.4575836884531075,0.45758367702619773,0.8565534949302673,0.3121693730354309,0.0016966123366728425,253960,158008,11572,16034.883898805047,4345.095990664129,146549,1884,4375,5200,0,0
P1,F1,71,test,t1,8,Bolivia_312675,BOL,1.0,0.3191036233051673,0.31910367724769173,0.761695384979248,0.25900083780288696,0.002952963812276721,253960,158008,11572,14422.892071806704,4390.095074410237,146549,1884,4375,5200,0,0
P1,F1,71,test,calibrated,9,Bolivia_314919,BOL,1.3992437478750352,0.18514936466607146,0.18514940404233815,0.9877445101737976,0.4437653124332428,0.002232830971479416,262144,188845,99071,62288.8009183676,20300.407015172572,101093,4074,27427,56251,0,0
P1,F1,71,test,t1,9,Bolivia_314919,BOL,1.0,0.13496251668421755,0.13496256472752333,0.9763531684875488,0.4219479262828827,0.004459687974303961,262144,188845,99071,66216.05656329707,21475.04549459167,101093,4074,27427,56251,0,0
P1,F1,71,test,calibrated,10,Bolivia_360519,BOL,1.3992437478750352,0.7166862010007844,0.7166862075284707,0.39011770486831665,0.09166055172681808,0.0003445516631472856,250723,243678,1577,10674.245785082076,1673.8716312885472,241815,1449,286,128,0,0
P1,F1,71,test,t1,10,Bolivia_360519,BOL,1.0,0.4487995165044385,0.44879949921105655,0.22611893713474274,0.051149915903806686,0.0005829241708852351,250723,243678,1577,7737.823643629445,1552.1123813312886,241815,1449,286,128,0,0
P1,F1,71,test,calibrated,11,Bolivia_379434,BOL,1.3992437478750352,0.5060180247939313,0.5060180477561769,0.6876019835472107,0.21911153197288513,0.002125838538631797,262144,262144,6760,32197.18109501547,8592.90100583663,247822,3532,7562,3228,0,0
P1,F1,71,test,t1,11,Bolivia_379434,BOL,1.0,0.3350244055994811,0.3350243656988149,0.5449886918067932,0.16436362266540527,0.003979350905865431,262144,262144,6760,35438.00671297395,8959.246628130579,247822,3532,7562,3228,0,0
P1,F1,71,test,calibrated,12,Bolivia_432776,BOL,1.3992437478750352,0.2878564215753796,0.2878564235788339,0.9888520836830139,0.4460498094558716,0.0021990558598190546,210723,155397,56807,73530.22029493154,24126.671606782154,80796,2456,33024,39121,0,0
P1,F1,71,test,t1,12,Bolivia_432776,BOL,1.0,0.21582263366119736,0.21582263559512627,0.9784565567970276,0.42505669593811035,0.004444633144885302,210723,155397,56807,81629.04421483603,25550.082527671264,80796,2456,33024,39121,0,0
P1,F1,71,test,calibrated,13,Bolivia_60373,BOL,1.3992437478750352,0.3926484033753632,0.3926484080462165,0.6860669851303101,0.2167530655860901,0.0021892341319471598,221330,199019,10083,17736.819310687657,4351.890592394246,186237,302,5560,6920,0,0
P1,F1,71,test,t1,13,Bolivia_60373,BOL,1.0,0.22646901717273926,0.22646913228596877,0.5423775315284729,0.16117152571678162,0.003928396850824356,221330,199019,10083,16432.42038988671,4510.295782355395,186237,302,5560,6920,0,0
P1,F1,71,test,calibrated,14,Bolivia_76104,BOL,1.3992437478750352,0.999999999973181,1.0,0.21241025626659393,0.03461364284157753,5.099010741105303e-05,262144,190965,0,2692.3837675221757,52.16045100744094,190960,0,5,0,0,0
P1,F1,71,test,t1,14,Bolivia_76104,BOL,1.0,0.9999999998694299,1.0,0.07786370813846588,0.010036845691502094,2.515263440727722e-05,262144,190965,0,556.276250551989,7.686566536906029,190960,0,5,0,0,0
P1,F1,71,test,calibrated,15,Mekong_1111068,KHM,1.3992437478750352,0.37965644389038866,0.37965647123481017,0.9920858144760132,0.45466282963752747,0.0014833967434242368,262144,262098,48495,80607.93809044726,27204.055188984024,211353,43296,2250,5199,0,0
P1,F1,71,test,t1,15,Mekong_1111068,KHM,1.0,0.30371482005184114,0.30371477871852504,0.9846503138542175,0.43689242005348206,0.002857804764062166,262144,262098,48495,82254.36716647483,28658.13563647512,211353,43296,2250,5199,0,0
P1,F1,71,test,calibrated,16,Mekong_1149855,KHM,1.3992437478750352,0.24883327353376017,0.24883329022872558,0.6610349416732788,0.20159420371055603,0.005183139815926552,262144,224775,18338,22898.851833516615,5831.278683103752,204782,2733,4759,12501,0,0
P1,F1,71,test,t1,16,Mekong_1149855,KHM,1.0,0.13252272251825403,0.1325228238257654,0.5073318481445312,0.14515285193920135,0.010456068441271782,262144,224775,18338,23241.14121672441,6039.47304086606,204782,2733,4759,12501,0,0
P1,F1,71,test,calibrated,17,Mekong_1191208,KHM,1.3992437478750352,0.2263728572696585,0.22637282024807792,0.5894718170166016,0.1627073585987091,0.0021651468705385923,262144,202312,18992,12714.280101188175,2289.0499479536793,185853,1194,1295,13970,0,0
P1,F1,71,test,t1,17,Mekong_1191208,KHM,1.0,0.10792254493310649,0.10792256115671572,0.41579920053482056,0.10587425529956818,0.004067032597959042,262144,202312,18992,9180.199735482056,2065.286080595128,185853,1194,1295,13970,0,0
P1,F1,71,test,calibrated,18,Mekong_119477,KHM,1.3992437478750352,0.7038661778482911,0.7038661715425485,0.48229923844337463,0.13615989685058594,0.0005548876360990107,262144,260952,2221,10052.977759044326,2039.8269680703984,256981,975,1750,1246,0,0
P1,F1,71,test,t1,18,Mekong_119477,KHM,1.0,0.5009436785579605,0.5009436913652588,0.3343118131160736,0.0934578999876976,0.0008822889649309218,262144,260952,2221,7182.55325394751,1968.602539343378,256981,975,1750,1246,0,0
P1,F1,71,test,calibrated,19,Mekong_1248200,KHM,1.3992437478750352,0.15647371036238733,0.15647368656396698,0.9921121597290039,0.454634428024292,0.005379464942961931,262144,260988,162954,115643.63308660602,35651.43230073678,55530,870,43224,161364,0,0
P1,F1,71,test,t1,19,Mekong_1248200,KHM,1.0,0.11491069391189213,0.11491064582895116,0.9846993684768677,0.43684935569763184,0.010993082076311111,262144,260988,162954,124377.82251007447,35735.26243095121,55530,870,43224,161364,0,0
P1,F1,71,test,calibrated,20,Mekong_1282475,KHM,1.3992437478750352,0.15667446226906467,0.15667450730503352,0.5464339256286621,0.1528286635875702,0.0018009976483881474,262144,262144,27864,14031.815731399973,2646.5778807645083,233217,2376,1063,25488,0,0
P1,F1,71,test,t1,20,Mekong_1282475,KHM,1.0,0.07043634453541925,0.0704363230601418,0.3826998770236969,0.10226239264011383,0.0036561451852321625,262144,262144,27864,9676.714997757983,2526.859364065731,233217,2376,1063,25488,0,0
P1,F1,71,test,calibrated,21,Mekong_1395593,KHM,1.3992437478750352,0.19212560249300648,0.1921255670774027,0.5050512552261353,0.13712821900844574,0.0017097878735512495,262144,261728,19982,14024.985757314105,2759.6374569583195,240488,2365,1258,17617,0,0
P1,F1,71,test,t1,21,Mekong_1395593,KHM,1.0,0.08572801944390274,0.08572808259846598,0.34165406227111816,0.08952294290065765,0.0033599548041820526,262144,261728,19982,10440.325686347098,2716.3303132799774,240488,2365,1258,17617,0,0
P1,F1,71,test,calibrated,22,Mekong_1396181,KHM,1.3992437478750352,0.1444593133580191,0.14445929708454908,0.9808744788169861,0.42951756715774536,0.005764225497841835,262144,243062,125141,98207.21615299876,30842.680899878273,91931,6124,35360,109647,0,0
P1,F1,71,test,t1,22,Mekong_1396181,KHM,1.0,0.09964220250964784,0.0996422319519844,0.9633837938308716,0.4025954008102417,0.012205865234136581,262144,243062,125141,110865.54099709011,32430.516131179356,91931,6124,35360,109647,0,0
P1,F1,71,test,calibrated,23,Mekong_1413877,KHM,1.3992437478750352,0.674409277318192,0.674409294077011,0.3655145764350891,0.08855246007442474,0.0005753811565227807,262144,256968,1835,7696.57700935164,1298.2954281718526,254022,434,1183,1329,0,0
P1,F1,71,test,t1,23,Mekong_1413877,KHM,1.0,0.40914759913188514,0.4091476326100567,0.21654807031154633,0.052123699337244034,0.0009504161425866187,262144,256968,1835,4998.967842275128,1252.1391925317394,254022,434,1183,1329,0,0
P1,F1,71,test,calibrated,24,Mekong_1439641,KHM,1.3992437478750352,0.08575206386484846,0.0857521501763312,0.9507587552070618,0.38519781827926636,0.0035407671239227057,262144,262083,178464,63128.928362541235,17390.90153612803,63445,836,20174,177628,0,0
P1,F1,71,test,t1,24,Mekong_1439641,KHM,1.0,0.052289767252650776,0.05228978429884046,0.9085359573364258,0.3440675735473633,0.007265791296958923,262144,262083,178464,62261.966347972935,17125.014456759243,63445,836,20174,177628,0,0
P1,F1,71,test,calibrated,25,Mekong_1443339,KHM,1.3992437478750352,0.10679034469771187,0.1067903409899823,0.9720068573951721,0.4146557152271271,0.004288071766495705,262144,262135,156297,97348.99230465267,29429.329929250438,68514,838,37324,155459,0,0
P1,F1,71,test,t1,25,Mekong_1443339,KHM,1.0,0.06990533378833996,0.06990542518555254,0.9469393491744995,0.38270771503448486,0.008944738656282425,262144,262135,156297,108632.25425330197,30554.31095971177,68514,838,37324,155459,0,0
P1,F1,71,test,calibrated,26,Mekong_16233,KHM,1.3992437478750352,0.0822000673324168,0.08220004470697884,0.5150702595710754,0.13873961567878723,0.001209014910273254,262144,262132,61877,16160.571661051716,2894.8788300884835,198301,1620,1954,60257,0,0
P1,F1,71,test,t1,26,Mekong_16233,KHM,1.0,0.03312566390075011,0.0331256455978699,0.34717753529548645,0.08945474773645401,0.002344113541767001,262144,262132,61877,11420.619077773577,2748.6876471342603,198301,1620,1954,60257,0,0
P1,F1,71,test,calibrated,27,Mekong_213094,KHM,1.3992437478750352,0.6776534105217634,0.6776534200851725,0.31868550181388855,0.07109135389328003,0.0028066709637641907,261386,229843,1554,7014.625926308929,1174.9002030990912,228373,1359,99,12,0,0
P1,F1,71,test,t1,27,Mekong_213094,KHM,1.0,0.38524136760582994,0.38524136403222276,0.17131954431533813,0.038004182279109955,0.004643342457711697,261386,229843,1554,4808.0755231158355,1172.5490997951554,228373,1359,99,12,0,0
P1,F1,71,test,calibrated,28,Mekong_221789,KHM,1.3992437478750352,0.9828681834467182,0.9828681835076821,0.25959378480911255,0.04825970530509949,0.0003201874205842614,262144,215327,59,3631.9152563669454,153.42858792475232,215268,59,0,0,0,0
P1,F1,71,test,t1,28,Mekong_221789,KHM,1.0,0.9296846892590124,0.9296846893366203,0.1142791360616684,0.018844109028577805,0.0003377357206773013,262144,215327,59,951.9363624803855,64.84289858037664,215268,59,0,0,0,0
P1,F1,71,test,calibrated,29,Mekong_254910,KHM,1.3992437478750352,0.3189901166806204,0.3189901284976424,0.7455388903617859,0.24400347471237183,0.002058830577880144,262144,205495,15202,34461.428117305026,8285.502567385798,195371,9989,70,65,0,0
P1,F1,71,test,t1,29,Mekong_254910,KHM,1.0,0.19164590955355598,0.19164593754836023,0.6095625162124634,0.1862538754940033,0.003991744946688414,262144,205495,15202,39643.7763478016,8463.13495534035,195371,9989,70,65,0,0
P1,F1,71,test,calibrated,30,Mekong_269835,KHM,1.3992437478750352,0.8035378117234393,0.8035378180139459,0.21248191595077515,0.036206506192684174,0.00018016503599938005,262144,212236,572,3658.2575529987694,239.84890864699844,211581,172,83,400,0,0
P1,F1,71,test,t1,30,Mekong_269835,KHM,1.0,0.4615479419602664,0.46154795344042887,0.08130329847335815,0.012277184054255486,0.0002466226287651807,262144,212236,572,1310.356822851433,197.64146137769265,211581,172,83,400,0,0
P1,F1,71,test,calibrated,31,Mekong_293769,KHM,1.3992437478750352,0.14325849263845347,0.14325846400864872,0.5789658427238464,0.1647547334432602,0.002662500599399209,261430,230540,34350,15364.528673419705,3032.7273269231555,197796,2324,1407,29013,0,0
P1,F1,71,test,t1,31,Mekong_293769,KHM,1.0,0.06538455434926027,0.06538457085920168,0.4145507216453552,0.11166823655366898,0.00502031622454524,261430,230540,34350,11502.456197472819,2903.6110502590645,197796,2324,1407,29013,0,0
P1,F1,71,test,calibrated,32,Mekong_333434,KHM,1.3992437478750352,0.6357931905904963,0.6357931822879954,0.5802035331726074,0.16885557770729065,0.0012297040084376931,262144,203133,3231,12808.806029020452,2848.147262943977,198798,1051,2340,944,0,0
P1,F1,71,test,t1,32,Mekong_333434,KHM,1.0,0.4349496077067131,0.43494964855348284,0.4229428768157959,0.11730601638555527,0.0021373743657022715,262144,203133,3231,11682.061320104307,2824.3317634321793,198798,1051,2340,944,0,0
P1,F1,71,test,calibrated,33,Mekong_342411,KHM,1.3992437478750352,0.1788397089697188,0.17883974933458857,0.6778139472007751,0.20824715495109558,0.002535889158025384,262144,262141,29469,19427.007363899465,4361.594450839893,230093,3134,2579,26335,0,0
P1,F1,71,test,t1,33,Mekong_342411,KHM,1.0,0.0915090669456573,0.09150902783759918,0.5246900916099548,0.15068259835243225,0.005057421512901783,262144,262141,29469,15560.573468990257,4272.518451953916,230093,3134,2579,26335,0,0
P1,F1,71,test,calibrated,34,Mekong_382276,KHM,1.3992437478750352,0.2386871751146903,0.23868719186558174,0.33226102590560913,0.06946953386068344,0.0005230127717368305,262144,262111,10410,7829.3912672115275,833.122711881841,251569,734,132,9676,0,0
P1,F1,71,test,t1,34,Mekong_382276,KHM,1.0,0.08217321557969337,0.08217318997911949,0.1693449169397354,0.032829154282808304,0.0008241604082286358,262144,262111,10410,3830.4289668120778,715.0508209564456,251569,734,132,9676,0,0
P1,F1,71,test,calibrated,35,Mekong_424793,KHM,1.3992437478750352,0.5398036130104278,0.5398036226189982,0.5028093457221985,0.13498052954673767,0.0010661908891052008,262144,258487,3867,11196.805495943938,2247.77848940256,253101,1383,1523,2480,0,0
P1,F1,71,test,t1,35,Mekong_424793,KHM,1.0,0.31721765236676513,0.31721766024158915,0.33847716450691223,0.08678615838289261,0.001812694943509996,262144,258487,3867,8272.552520022757,2189.553911631185,253101,1383,1523,2480,0,0
P1,F1,71,test,calibrated,36,Mekong_45934,KHM,1.3992437478750352,0.9384318560283573,0.9384318558626107,0.26038607954978943,0.048974670469760895,0.0002831515157595277,262144,261859,197,4785.431166442492,330.76459611511007,261472,91,190,106,0,0
P1,F1,71,test,t1,36,Mekong_45934,KHM,1.0,0.7798165378406452,0.7798165370890915,0.11569719761610031,0.019701998680830002,0.0003437753184698522,262144,261859,197,1740.5128446994268,247.08081966377642,261472,91,190,106,0,0
P1,F1,71,test,calibrated,37,Mekong_474783,KHM,1.3992437478750352,0.6763833802655463,0.6763833673901412,0.7647985816001892,0.25142866373062134,0.0010373216355219483,262144,262119,4109,18985.41443518843,4591.844415211963,254333,2006,3677,2103,0,0
P1,F1,71,test,t1,37,Mekong_474783,KHM,1.0,0.5167129373366346,0.516712954363248,0.6317175030708313,0.19221815466880798,0.001855114591307938,262144,262119,4109,15725.052421899305,4402.7421786346795,254333,2006,3677,2103,0,0
P1,F1,71,test,calibrated,38,Mekong_52610,KHM,1.3992437478750352,0.15818257017354553,0.15818255385115265,0.9932675361633301,0.4581434428691864,0.0037226539570838213,262144,262144,158837,127624.71668211836,40423.40116040781,50851,620,52456,158217,0,0
P1,F1,71,test,t1,38,Mekong_52610,KHM,1.0,0.1170336568922199,0.11703361656890465,0.9869230389595032,0.4416910707950592,0.007392712403088808,262144,262144,158837,141231.81186654873,41552.84830707076,50851,620,52456,158217,0,0
P1,F1,71,test,calibrated,39,Mekong_596495,KHM,1.3992437478750352,0.05690824213091239,0.05690824045288301,0.8099421262741089,0.2766039967536926,0.0026228930801153183,262143,229483,191238,46550.963116856336,12266.306802837504,51088,1252,14018,163125,0,0
P1,F1,71,test,t1,39,Mekong_596495,KHM,1.0,0.02825980044176002,0.028259803333712807,0.690967857837677,0.21790197491645813,0.005355434026569128,262143,229483,191238,46847.43584880252,12515.284254230115,51088,1252,14018,163125,0,0
P1,F1,71,test,calibrated,40,Mekong_774566,KHM,1.3992437478750352,0.08652601300185325,0.08652599740881806,0.7845821380615234,0.2500995695590973,0.0025557223707437515,262144,227728,95275,36205.078780052645,9095.195839051365,149297,1388,9449,67594,0,0
P1,F1,71,test,t1,40,Mekong_774566,KHM,1.0,0.043213623390976896,0.043213652930080726,0.6469936370849609,0.18466880917549133,0.005245673470199108,262144,227728,95275,35333.01391262004,9053.236301141329,149297,1388,9449,67594,0,0
P1,F1,71,test,calibrated,41,Mekong_846007,KHM,1.3992437478750352,0.16529620172214043,0.16529623279087047,0.62529456615448,0.1856546849012375,0.002345379674807191,262144,164030,29448,14709.584959946105,3318.907716528274,152949,3546,559,6976,0,0
P1,F1,71,test,t1,41,Mekong_846007,KHM,1.0,0.0806770877408135,0.08067708188741907,0.4666508138179779,0.13073459267616272,0.004709724802523851,262144,164030,29448,13675.022484459516,3311.10309458533,152949,3546,559,6976,0,0
P1,F1,71,test,calibrated,42,Mekong_922373,KHM,1.3992437478750352,0.14756731402523948,0.147567230992511,0.9477541446685791,0.383749395608902,0.005169052630662918,262144,262138,81632,104194.14664911566,31942.811189853222,140646,1727,39860,79905,0,0
P1,F1,71,test,t1,42,Mekong_922373,KHM,1.0,0.09468455920061158,0.09468459603992985,0.9036220908164978,0.34259384870529175,0.011053133755922318,262144,262138,81632,124529.91510633429,34067.75807563351,140646,1727,39860,79905,0,0
P1,F1,71,test,calibrated,43,Mekong_977338,KHM,1.3992437478750352,0.05700377968670989,0.057003771811503845,0.5109577775001526,0.13316833972930908,0.002090411726385355,262144,176958,102799,19529.732857617048,4318.169906577023,108036,3355,1588,63979,0,0
P1,F1,71,test,t1,43,Mekong_977338,KHM,1.0,0.021722472186167963,0.02172240787981672,0.3364965319633484,0.08226419985294342,0.004354958888143301,262144,176958,102799,19006.135697180198,4376.676760897779,108036,3355,1588,63979,0,0
P1,F1,71,test,calibrated,44,Mekong_98310,KHM,1.3992437478750352,0.06804312110851518,0.06804313582631372,0.6463695764541626,0.18165116012096405,0.0016896898159757257,262144,182771,97742,21239.24785402485,4887.388541824335,96142,962,4691,80976,0,0
P1,F1,71,test,t1,44,Mekong_98310,KHM,1.0,0.028913382957719058,0.028913390485589163,0.47321364283561707,0.11902914196252823,0.0033743507228791714,262144,182771,97742,19567.19008385393,4862.267551419984,96142,962,4691,80976,0,0
P1,F1,71,test,calibrated,45,Nigeria_1095404,NGA,1.3992437478750352,0.25062022906759496,0.2506202598136398,0.893822431564331,0.3344894349575043,0.001602835487574339,262144,252283,31820,56297.38349902172,16928.34529086516,203012,3180,19918,26173,0,0
P1,F1,71,test,t1,45,Nigeria_1095404,NGA,1.0,0.15851550782305546,0.15851556080840912,0.8147789835929871,0.2826026976108551,0.003218346741050482,262144,252283,31820,63758.20926550635,18088.077317639174,203012,3180,19918,26173,0,0
P1,F1,71,test,calibrated,46,Nigeria_143329,NGA,1.3992437478750352,0.9888726689367149,0.98887266860307,0.20747876167297363,0.03734062984585762,0.00015269475989043713,262144,249500,39,11685.953933832578,2388.328575843017,246723,0,2760,17,0,0
P1,F1,71,test,t1,46,Nigeria_143329,NGA,1.0,0.9519410599972263,0.9519410553878135,0.08518954366445541,0.014570899307727814,0.0001682575821178034,262144,249500,39,11951.934239483455,2512.255727848168,246723,0,2760,17,0,0
P1,F1,71,test,calibrated,47,Nigeria_22088,NGA,1.3992437478750352,0.9062764277692542,0.9062764304494831,0.32066991925239563,0.06495556235313416,0.0011314881267026067,209501,209501,451,6611.501335396113,533.6611302708293,208899,432,151,19,0,0
P1,F1,71,test,t1,47,Nigeria_22088,NGA,1.0,0.7202470591554805,0.7202470596200639,0.15638333559036255,0.029263611882925034,0.001962532987818122,209501,209501,451,2592.043311530704,407.9619217273339,208899,432,151,19,0,0
P1,F1,71,test,calibrated,48,Nigeria_225131,NGA,1.3992437478750352,0.9913248147882053,0.9913248153527946,0.21354229748249054,0.037383247166872025,0.0001310431835008785,262144,241255,30,6781.383646560121,991.2888645799802,240122,2,1103,28,0,0
P1,F1,71,test,t1,48,Nigeria_225131,NGA,1.0,0.9610673805791101,0.9610673801468256,0.08517225831747055,0.01347089558839798,0.00012819876428693533,262144,241255,30,5172.697774017953,988.716123855948,240122,2,1103,28,0,0
P1,F1,71,test,calibrated,49,Nigeria_31096,NGA,1.3992437478750352,0.8548940781423304,0.8548940689201947,0.2424698770046234,0.049408573657274246,0.0004767505743075162,262144,217487,529,5372.330932598079,778.1516818869228,216391,280,666,150,0,0
P1,F1,71,test,t1,49,Nigeria_31096,NGA,1.0,0.6012964860459585,0.6012965030892965,0.11481165885925293,0.02406902052462101,0.0007601103279739618,262144,217487,529,3502.9012547124626,771.6571691806557,216391,280,666,150,0,0
P1,F1,71,test,calibrated,50,Nigeria_35845,NGA,1.3992437478750352,0.7798892282382061,0.779889216871315,0.2232498824596405,0.0399528332054615,0.0005368386046029627,262144,213042,660,3984.52749950207,327.0254543719785,212608,148,179,107,0,0
P1,F1,71,test,t1,50,Nigeria_35845,NGA,1.0,0.43829078378267683,0.4382908010049643,0.09145639091730118,0.01507234014570713,0.0008994616218842566,262144,213042,660,1811.7769777688754,288.23062469421853,212608,148,179,107,0,0
P1,F1,71,test,calibrated,51,Nigeria_417184,NGA,1.3992437478750352,0.37459613467323094,0.37459612041246715,0.9571120738983154,0.39399418234825134,0.0027882996946573257,156380,50135,19252,5826.391009373556,1437.4350652813896,47367,1384,539,845,0,0
P1,F1,71,test,t1,51,Nigeria_417184,NGA,1.0,0.2634851180836548,0.26348517165413354,0.919953465461731,0.3555878698825836,0.005304816644638777,156380,50135,19252,4871.888896283941,1408.1883029666308,47367,1384,539,845,0,0
P1,F1,71,test,calibrated,52,Nigeria_439488,NGA,1.3992437478750352,0.9999999999739291,1.0,0.18620653450489044,0.02914837934076786,7.529754657298326e-05,262144,229200,0,8836.511002981893,1456.568285590212,227732,0,1468,0,0,0
P1,F1,71,test,t1,52,Nigeria_439488,NGA,1.0,0.9999999998704645,1.0,0.06347288191318512,0.007902760989964008,3.883672980009578e-05,262144,229200,0,8310.609826744356,1454.305925960708,227732,0,1468,0,0,0
P1,F1,71,test,calibrated,53,Nigeria_529525,NGA,1.3992437478750352,0.23194900221057413,0.23194898597905445,0.9921413660049438,0.4548878073692322,0.004125221166759729,262144,262144,92009,304845.2852525485,97847.10305861945,38457,36,131678,91973,0,0
P1,F1,71,test,t1,53,Nigeria_529525,NGA,1.0,0.17493094189228187,0.17493094276096643,0.9847574830055237,0.4372042119503021,0.00820108875632286,262144,262144,92009,391836.93644398544,106659.93226865961,38457,36,131678,91973,0,0
P1,F1,71,test,calibrated,54,Nigeria_598959,NGA,1.3992437478750352,0.5431875622708482,0.5431875873994538,0.8299247026443481,0.29389461874961853,0.0003102096088696271,262144,211208,9120,119130.47928186128,36053.47801312443,162145,2535,42292,4236,0,0
P1,F1,71,test,t1,54,Nigeria_598959,NGA,1.0,0.38913252936376286,0.38913253078249965,0.724159300327301,0.23870472609996796,0.00045500817941501737,262144,211208,9120,156105.6619666995,39079.76803238102,162145,2535,42292,4236,0,0
P1,F1,71,test,calibrated,55,Nigeria_600295,NGA,1.3992437478750352,0.10852150666893023,0.10852153016793165,0.915570855140686,0.35278454422950745,0.001999916974455118,262144,181691,101997,36528.752001480454,10178.290810069895,96371,1659,11893,71768,0,0
P1,F1,71,test,t1,55,Nigeria_600295,NGA,1.0,0.06351456110761355,0.06351455554133945,0.8496685028076172,0.3044077157974243,0.0041311634704470634,262144,181691,101997,37483.77819509653,10481.864714483316,96371,1659,11893,71768,0,0
P1,F1,71,test,calibrated,56,Nigeria_707067,NGA,1.3992437478750352,0.9999999999735092,1.0,0.19392649829387665,0.03196282684803009,0.00010949554416583851,262144,261359,0,16986.83240964273,3503.3845592307352,257603,0,3756,0,0,0
P1,F1,71,test,t1,56,Nigeria_707067,NGA,1.0,0.9999999998736112,1.0,0.0715763047337532,0.009985284879803658,8.636387065052986e-05,262144,261359,0,19237.060430709906,3622.025293051176,257603,0,3756,0,0,0
P1,F1,71,test,calibrated,57,Nigeria_78061,NGA,1.3992437478750352,0.24365196073214646,0.24365191107123008,0.4147725999355316,0.10498253256082535,0.0025004707276821136,262144,228886,12162,12776.504947873778,2603.5380954221005,220749,2643,516,4978,0,0
P1,F1,71,test,t1,57,Nigeria_78061,NGA,1.0,0.10237840237164686,0.10237843867418861,0.258975088596344,0.06437366455793381,0.005051830317825079,262144,228886,12162,11639.630418457513,2643.8399694385625,220749,2643,516,4978,0,0
P1,F1,71,test,calibrated,58,Nigeria_812045,NGA,1.3992437478750352,0.1363488932475614,0.13634888351903507,0.9752036929130554,0.42009520530700684,0.0022793994285166264,261565,236584,111896,67783.62685152108,20863.56333247607,114939,2062,27903,91680,0,0
P1,F1,71,test,t1,58,Nigeria_812045,NGA,1.0,0.09114415955112687,0.09114412558592544,0.9528570771217346,0.3899889588356018,0.004582219757139683,261565,236584,111896,72180.6164148201,21862.914609638912,114939,2062,27903,91680,0,0
P1,F1,71,test,calibrated,59,Nigeria_81933,NGA,1.3992437478750352,0.1962389787613914,0.19623895241080347,0.9608155488967896,0.39977216720581055,0.002052541356533766,262144,246268,63199,324285.7926248795,95935.95161104914,68156,162,117496,60454,0,0
P1,F1,71,test,t1,59,Nigeria_81933,NGA,1.0,0.13052341582043803,0.13052340279367103,0.9267430901527405,0.36326226592063904,0.003947430290281773,262144,246268,63199,432257.37166246667,103357.8070522057,68156,162,117496,60454,0,0
P1,F1,71,test,calibrated,60,Nigeria_820924,NGA,1.3992437478750352,0.9627226626329097,0.9627226630015664,0.20240458846092224,0.0344218984246254,0.00014237026334740222,262144,262143,117,7137.41772701608,999.5487881095302,260953,14,1073,103,0,0
P1,F1,71,test,t1,60,Nigeria_820924,NGA,1.0,0.8411434417498265,0.8411434595378944,0.07676193118095398,0.01181886624544859,0.0001637089007999748,262144,262143,117,5359.701298732662,994.6348764097525,260953,14,1073,103,0,0
P1,F1,71,test,calibrated,61,Nigeria_952958,NGA,1.3992437478750352,0.23711415668801916,0.23711412001473886,0.36090603470802307,0.08448094129562378,0.0012766635045409203,262144,227674,11038,13544.052201585566,2672.1384913803818,216649,1290,1709,8026,0,0
P1,F1,71,test,t1,61,Nigeria_952958,NGA,1.0,0.09062800414855499,0.09062795756881392,0.20623241364955902,0.04754120483994484,0.002580008003860712,262144,227674,11038,12843.327565439089,2670.7874201184195,216649,1290,1709,8026,0,0
P1,F1,71,test,calibrated,62,Nigeria_984831,NGA,1.3992437478750352,0.19957448632194874,0.19957450090905138,0.9931358695030212,0.4579668641090393,0.0027404867578297853,262144,240158,103805,294951.722726175,92122.50358938197,18449,29,122203,99477,0,0
P1,F1,71,test,t1,62,Nigeria_984831,NGA,1.0,0.1489343868718963,0.1489344005892128,0.9866719841957092,0.4414544999599457,0.005102588329464197,262144,240158,103805,381324.69859301695,99764.98864702848,18449,29,122203,99477,0,0
P1,F1,71,test,calibrated,63,Spain_1167260,ESP,1.3992437478750352,0.24858914777419572,0.24858918885536285,0.929205596446991,0.36388981342315674,0.004228824283927679,262144,262119,41841,66185.82884730754,19077.32307434523,207595,12005,12683,29836,0,0
P1,F1,71,test,t1,63,Spain_1167260,ESP,1.0,0.1620685296733475,0.16206844401005882,0.8716976046562195,0.31755927205085754,0.008762937039136887,262144,262119,41841,71641.76170774418,19681.282940156023,207595,12005,12683,29836,0,0
P1,F1,71,test,calibrated,64,Spain_1199913,ESP,1.3992437478750352,0.42022638199551776,0.42022640199714756,0.6681795716285706,0.19421082735061646,0.0009019239223562181,262144,262143,9317,21257.274423549876,4067.8700854610765,250516,1537,2310,7780,0,0
P1,F1,71,test,t1,64,Spain_1199913,ESP,1.0,0.23955491788078798,0.23955495877260746,0.501491129398346,0.13209576904773712,0.0015471922233700752,262144,262143,9317,17394.20856873668,3612.0847821388547,250516,1537,2310,7780,0,0
P1,F1,71,test,calibrated,65,Spain_2472849,ESP,1.3992437478750352,0.982312259392241,0.9823122602953555,0.4512057304382324,0.10482984036207199,0.00034878586302511394,262144,261759,116,7710.307592634165,572.6230033558276,261623,116,20,0,0,0
P1,F1,71,test,t1,65,Spain_2472849,ESP,1.0,0.9476751478564567,0.9476751512899917,0.26800933480262756,0.055477142333984375,0.00037019854062236845,262144,261759,116,2724.241205946706,251.1026192032492,261623,116,20,0,0,0
P1,F1,71,test,calibrated,66,Spain_2523247,ESP,1.3992437478750352,0.6882953558091751,0.6882953545185921,0.7891775369644165,0.2599526047706604,0.0011915159411728382,262144,262039,4762,25298.890185317694,5527.928694512874,255598,4012,1679,750,0,0
P1,F1,71,test,t1,66,Spain_2523247,ESP,1.0,0.5196691083567524,0.5196691083280113,0.6586251854896545,0.19836269319057465,0.001886716578155756,262144,262039,4762,20690.10948052189,4984.501413207983,255598,4012,1679,750,0,0
P1,F1,71,test,calibrated,67,Spain_2594119,ESP,1.3992437478750352,0.6448603890851673,0.6448603963089089,0.7569078803062439,0.2411743551492691,0.0012128569651395082,262144,262009,5082,18174.98909745621,3557.852687973571,256266,2866,661,2216,0,0
P1,F1,71,test,t1,67,Spain_2594119,ESP,1.0,0.4613059513774641,0.4613059382591336,0.6159982085227966,0.1788509488105774,0.002077682176604867,262144,262009,5082,12394.300366915646,3025.1626257639373,256266,2866,661,2216,0,0
P1,F1,71,test,calibrated,68,Spain_2938657,ESP,1.3992437478750352,0.3677134025212221,0.3677133333959298,0.6026941537857056,0.1674354076385498,0.0010011751437559724,262144,262074,10178,12903.943210804438,1853.8859494090864,251204,1098,692,9080,0,0
P1,F1,71,test,t1,68,Spain_2938657,ESP,1.0,0.1931139168976138,0.1931139900268204,0.4288884401321411,0.1094372421503067,0.0017510856268927455,262144,262074,10178,7006.334879256901,1421.1413255842474,251204,1098,692,9080,0,0
P1,F1,71,test,calibrated,69,Spain_3285448,ESP,1.3992437478750352,0.11032847122704292,0.1103284099595454,0.700920581817627,0.2154671996831894,0.0006673272582702339,262144,262136,59129,21200.699269869907,4361.5046342521,201704,4043,1303,55086,0,0
P1,F1,71,test,t1,69,Spain_3285448,ESP,1.0,0.05322152225377408,0.05322154626012443,0.5473008155822754,0.15529945492744446,0.0010527049889788032,262144,262136,59129,15819.561966688427,4080.092668005766,201704,4043,1303,55086,0,0
P1,F1,71,test,calibrated,70,Spain_337094,ESP,1.3992437478750352,0.41745959604978855,0.4174595817029081,0.8591633439064026,0.3085099458694458,0.0028041847981512547,262144,262056,15004,52427.14492423252,14784.326034951908,231991,3990,15061,11014,0,0
P1,F1,71,test,t1,70,Spain_337094,ESP,1.0,0.27745606327133154,0.2774560488937097,0.7618890404701233,0.2527427673339844,0.005440595094114542,262144,262056,15004,58547.95146397721,15449.550872204234,231991,3990,15061,11014,0,0
P1,F1,71,test,calibrated,71,Spain_4282030,ESP,1.3992437478750352,0.17554412823970322,0.17554416641877002,0.9709935188293457,0.4131169617176056,0.004095376469194889,262144,262123,84086,72492.0115276576,21672.521056237994,156484,7508,21554,76577,0,0
P1,F1,71,test,t1,71,Spain_4282030,ESP,1.0,0.11990786617038784,0.11990788593731128,0.9450824856758118,0.3806684911251068,0.008693174459040165,262144,262123,84086,75151.13734123134,22094.98563673311,156484,7508,21554,76577,0,0
P1,F1,71,test,calibrated,72,Spain_4915752,ESP,1.3992437478750352,0.407748146459913,0.407748122800234,0.6943151950836182,0.21043403446674347,0.0012730429880321026,262144,262128,10292,17101.51184203953,3207.310603738837,251466,2998,370,7294,0,0
P1,F1,71,test,t1,72,Spain_4915752,ESP,1.0,0.2381589485459168,0.2381589743628192,0.5373790264129639,0.14949782192707062,0.0022227447479963303,262144,262128,10292,11594.323751730382,2774.246486358039,251466,2998,370,7294,0,0
P1,F1,71,test,calibrated,73,Spain_5650136,ESP,1.3992437478750352,0.09566102711732194,0.0956609634168395,0.8439803719520569,0.29819539189338684,0.0022171165328472853,262144,171596,97182,33561.92396751843,9511.2887139705,64406,2983,10094,94113,0,0
P1,F1,71,test,t1,73,Spain_5650136,ESP,1.0,0.05179666550430928,0.05179668812762395,0.739079475402832,0.2412431240081787,0.004636458121240139,262144,171596,97182,33466.33014685952,9805.251354530068,64406,2983,10094,94113,0,0
P1,F1,71,test,calibrated,74,Spain_5678382,ESP,1.3992437478750352,0.7226306824632707,0.7226306886895104,0.7147260308265686,0.21914155781269073,0.0010580418165773153,262144,262117,3191,24931.51237007529,5642.453043621976,255723,2824,3203,367,0,0
P1,F1,71,test,t1,74,Spain_5678382,ESP,1.0,0.544448081182473,0.5444480854642864,0.5609962344169617,0.15705405175685883,0.0016472716815769672,262144,262117,3191,22739.347830626455,5380.330376869489,255723,2824,3203,367,0,0
P1,F1,71,test,calibrated,75,Spain_5816638,ESP,1.3992437478750352,0.9408940317379487,0.9408940312492649,0.40271902084350586,0.08905640989542007,0.0003972433623857796,262144,262052,331,7984.1131762895575,758.5322437816269,261362,311,359,20,0,0
P1,F1,71,test,t1,75,Spain_5816638,ESP,1.0,0.82472427377338,0.8247242709102368,0.22453036904335022,0.044376179575920105,0.00043873966205865145,262144,262052,331,3480.450322897612,549.7736952081698,261362,311,359,20,0,0
P1,F1,71,test,calibrated,76,Spain_5923267,ESP,1.3992437478750352,0.057477405584691055,0.05747741718382282,0.8079642057418823,0.2718200385570526,0.0008898215601220727,262144,218743,199624,25152.884774781196,4621.0526540311475,15842,1188,3469,198244,0,0
P1,F1,71,test,t1,76,Spain_5923267,ESP,1.0,0.028186834565281926,0.02818685283848943,0.6852872371673584,0.21117259562015533,0.0014843563549220562,262144,218743,199624,16483.7646707901,3712.686091586934,15842,1188,3469,198244,0,0
P1,F1,71,test,calibrated,77,Spain_6095801,ESP,1.3992437478750352,0.3545457817452715,0.354545833005548,0.9255871772766113,0.36089563369750977,0.003031116910278797,262144,262062,24505,58953.1925386545,17055.54042407855,227243,12083,10314,12422,0,0
P1,F1,71,test,t1,77,Spain_6095801,ESP,1.0,0.24245395678913428,0.2424538903292619,0.8658181428909302,0.31399884819984436,0.006097737699747086,262144,262062,24505,64141.35907576321,17670.235465665122,227243,12083,10314,12422,0,0
P1,F1,71,test,calibrated,78,Spain_6199994,ESP,1.3992437478750352,0.9680506293042851,0.9680506276285239,0.32661429047584534,0.06693386286497116,0.0003201072395313531,262144,261902,150,7392.69913807398,761.1012026154165,261074,45,678,105,0,0
P1,F1,71,test,t1,78,Spain_6199994,ESP,1.0,0.8900787468969857,0.8900787588006678,0.163828507065773,0.03041350282728672,0.0003746160655282438,262144,261902,150,3747.6633995939046,638.9357894451905,261074,45,678,105,0,0
P1,F1,71,test,calibrated,79,Spain_6537196,ESP,1.3992437478750352,0.7674798091041439,0.7674798115515883,0.740880012512207,0.23797093331813812,0.0013344266917556524,262144,262106,3006,17268.450573645914,3445.8058658463597,257216,1844,1884,1162,0,0
P1,F1,71,test,t1,79,Spain_6537196,ESP,1.0,0.6138460185559894,0.6138460224871236,0.6000528931617737,0.17840604484081268,0.0022291792556643486,262144,262106,3006,12198.880780528249,2992.930068454769,257216,1844,1884,1162,0,0
P1,F1,71,test,calibrated,80,Spain_6860600,ESP,1.3992437478750352,0.9741957881142813,0.9741957886853637,0.40728527307510376,0.09077227860689163,0.00043811407522298396,262144,261969,154,7403.744866354922,585.7383764286685,261592,131,223,23,0,0
P1,F1,71,test,t1,80,Spain_6860600,ESP,1.0,0.9200524938427299,0.9200524944297316,0.22946858406066895,0.04569237306714058,0.0005121310241520405,262144,261969,154,2855.8437673384724,340.1947923162676,261592,131,223,23,0,0
P1,F1,71,test,calibrated,81,Spain_716716,ESP,1.3992437478750352,0.5517317185273756,0.5517317125651744,0.5267504453659058,0.14037203788757324,0.0005090779741294682,262144,262067,4408,19070.344349721992,4395.680577710027,255736,3687,1923,721,0,0
P1,F1,71,test,t1,81,Spain_716716,ESP,1.0,0.3168669850432453,0.3168669670909944,0.356202095746994,0.08875016868114471,0.0007047810941003263,262144,262067,4408,17972.048848021208,4541.546633291505,255736,3687,1923,721,0,0
P1,F1,71,test,calibrated,82,Spain_7370579,ESP,1.3992437478750352,0.19394305747160157,0.19394307442277492,0.9553772807121277,0.3927144706249237,0.004698876291513443,262144,262045,63328,74414.34813763844,22222.744323689978,180338,11672,18380,51655,0,0
P1,F1,71,test,t1,82,Spain_7370579,ESP,1.0,0.12894975491919436,0.12894978245021294,0.9170110821723938,0.3540818691253662,0.009966295212507248,262144,262045,63328,81680.84805008146,23172.12754618687,180338,11672,18380,51655,0,0
P1,F1,71,test,calibrated,83,Spain_7387658,ESP,1.3992437478750352,0.13442637094605214,0.1344264271588368,0.9813215136528015,0.4304426312446594,0.005013299640268087,262144,262057,132790,92925.3496538391,28786.15867620812,99631,9420,29639,123367,0,0
P1,F1,71,test,t1,83,Spain_7387658,ESP,1.0,0.09264107955815426,0.0926410708251878,0.9642254114151001,0.4038507342338562,0.01086596678942442,262144,262057,132790,100473.25906902684,29848.385624500406,99631,9420,29639,123367,0,0
P1,F1,71,test,calibrated,84,Spain_7558720,ESP,1.3992437478750352,0.6040847015762241,0.6040846988387547,0.7370331287384033,0.23412589728832245,0.0014809704152867198,262144,261984,5342,21895.126286453436,5204.108620172699,255119,4728,1523,614,0,0
P1,F1,71,test,t1,84,Spain_7558720,ESP,1.0,0.4219956809486486,0.42199566374828157,0.5932268500328064,0.17362569272518158,0.0025295186787843704,262144,261984,5342,19000.515929915,5057.412978620267,255119,4728,1523,614,0,0
P1,F1,71,test,calibrated,85,Spain_7604243,ESP,1.3992437478750352,0.24724686183663336,0.24724681339319055,0.7244235873222351,0.222359761595726,0.0010532443411648273,262144,262080,22685,17693.732360568498,2962.3534863994255,238956,2205,441,20478,0,0
P1,F1,71,test,t1,85,Spain_7604243,ESP,1.0,0.1341441164980509,0.13414404959700454,0.5710405707359314,0.1592535376548767,0.001839695149101317,262144,262080,22685,10742.001209507202,2268.6731810739016,238956,2205,441,20478,0,0
P1,F1,71,test,calibrated,86,Spain_7786924,ESP,1.3992437478750352,0.6976307581465215,0.6976307445638203,0.7149873375892639,0.22752982378005981,0.0011920623946934938,262144,262111,3908,19724.333221297984,4318.878763275409,255634,2709,2574,1194,0,0
P1,F1,71,test,t1,86,Spain_7786924,ESP,1.0,0.5240757001615526,0.5240756474216339,0.5706808567047119,0.1696925014257431,0.0020194377284497023,262144,262111,3908,16350.929666570855,4062.943970617179,255634,2709,2574,1194,0,0
P1,F1,71,test,calibrated,87,Spain_7856615,ESP,1.3992437478750352,0.4908035056267471,0.4908035384942624,0.8858455419540405,0.32795417308807373,0.0021768794395029545,262144,261930,12645,39610.77357301062,10666.627522882995,243951,8342,5334,4303,0,0
P1,F1,71,test,t1,87,Spain_7856615,ESP,1.0,0.3479487781181865,0.3479488141561504,0.8021484017372131,0.2748767137527466,0.004040958359837532,262144,261930,12645,39143.73039209924,10675.065911581656,243951,8342,5334,4303,0,0
P1,F1,71,test,calibrated,88,Spain_8104659,ESP,1.3992437478750352,0.5320815007485657,0.5320815124724416,0.8759657144546509,0.32028433680534363,0.0017831362783908844,262144,262128,10690,30117.29085883992,8025.1383963010885,249534,9110,1904,1580,0,0
P1,F1,71,test,t1,88,Spain_8104659,ESP,1.0,0.3843982232195122,0.3843982349928172,0.7866939306259155,0.2659417390823364,0.0032461981754750013,262144,262128,10690,26731.759559232174,7948.347045224558,249534,9110,1904,1580,0,0
P1,F1,71,test,calibrated,89,Spain_8154154,ESP,1.3992437478750352,0.6340185598845558,0.6340185366365381,0.7162575125694275,0.22789861261844635,0.001350219245068729,262144,262118,4869,19693.105052950814,4529.783256740974,254528,3008,2721,1861,0,0
P1,F1,71,test,t1,89,Spain_8154154,ESP,1.0,0.45228053313858374,0.4522805665857431,0.5715907216072083,0.16988857090473175,0.0022962403018027544,262144,262118,4869,16406.215023915312,4378.282779064998,254528,3008,2721,1861,0,0
P1,F1,71,test,calibrated,90,Spain_8199661,ESP,1.3992437478750352,0.37869154548245243,0.37869155337737437,0.5851316452026367,0.166049525141716,0.0014795528259128332,262144,262036,9224,18941.027672621924,4212.219813499453,250772,3082,2040,6142,0,0
P1,F1,71,test,t1,90,Spain_8199661,ESP,1.0,0.20258114753818512,0.20258115253388032,0.4199366867542267,0.1119312196969986,0.0028152477461844683,262144,262036,9224,16655.455450919813,4184.627127782556,250772,3082,2040,6142,0,0
P1,F1,71,test,calibrated,91,Spain_8372658,ESP,1.3992437478750352,0.13720639574532423,0.1372064266431967,0.9399919509887695,0.37519460916519165,0.003184953937307,262144,262029,86017,48595.16092258695,13454.141758836258,163615,5310,12398,80706,0,0
P1,F1,71,test,t1,91,Spain_8372658,ESP,1.0,0.0862728278867193,0.08627281238168105,0.890182614326477,0.3317553699016571,0.006606089882552624,262144,262029,86017,46454.82837836466,13388.378021660792,163615,5310,12398,80706,0,0
P1,F1,71,test,calibrated,92,Spain_8565131,ESP,1.3992437478750352,0.18921862801266054,0.1892185780257487,0.9075512886047363,0.3445580303668976,0.0027514835819602013,262144,262084,51706,52786.27723660342,14822.94110175554,200399,9329,9979,42377,0,0
P1,F1,71,test,t1,92,Spain_8565131,ESP,1.0,0.11679072273045932,0.11679070723075613,0.8361246585845947,0.29414141178131104,0.005733924452215433,262144,262084,51706,54511.522059450595,15162.966447949408,200399,9329,9979,42377,0,0
