block,partition,seed,split,setting,source_order,sample_id,event_id,temperature,soft_dice_risk_binary,sdc_exact,uncertainty,top_tail_msp,spatial_inconsistency,input_valid_pixels,reference_valid_pixels,predicted_foreground_input,nll_sum,brier_sum,confusion_0_0,confusion_0_1,confusion_1_0,confusion_1_1,hard_disagreement_all_pixels,hard_disagreement_reference_valid
P1,F3,71,calibration,calibrated,0,Bolivia_103757,BOL,1.2109042184261218,0.19011206330136143,0.19011202541821148,0.932212769985199,0.36536622047424316,0.0010630091419443488,101623,88077,43093,21803.979117805473,5376.2491020189,50051,2664,3484,31878,0,0
P1,F3,71,calibration,t1,0,Bolivia_103757,BOL,1.0,0.14729412871849012,0.1472940493539957,0.9040442705154419,0.34019312262535095,0.0015836922684684396,101623,88077,43093,19120.197282727742,4855.050970628999,50051,2664,3484,31878,0,0
P1,F3,71,calibration,calibrated,1,Bolivia_129334,BOL,1.2109042184261218,0.23851421863586686,0.23851421806079443,0.9956197142601013,0.46629610657691956,0.0011329047847539186,261395,237065,122002,112422.72905409572,37916.89216568627,74357,6641,55921,100146,0,0
P1,F3,71,calibration,t1,1,Bolivia_129334,BOL,1.0,0.20521418552280524,0.20521415402447463,0.9935935139656067,0.459245502948761,0.001706564798951149,261395,237065,122002,114438.35781152495,38860.79453791761,74357,6641,55921,100146,0,0
P1,F3,71,calibration,calibrated,2,Bolivia_195474,BOL,1.2109042184261218,0.48705752535809,0.4870575598500726,0.2669627070426941,0.07176997512578964,0.0003850249922834337,262144,261335,2142,11794.72525208764,2778.368355909847,257719,2065,1474,77,0,0
P1,F3,71,calibration,t1,2,Bolivia_195474,BOL,1.0,0.3624053082016151,0.36240532909012557,0.20782683789730072,0.05708299204707146,0.0005294933798722923,262144,261335,2142,12417.961867543709,2840.850185066249,257719,2065,1474,77,0,0
P1,F3,71,calibration,calibrated,3,Bolivia_23014,BOL,1.2109042184261218,0.2977050640967819,0.2977050506615535,0.4676993191242218,0.12374970316886902,0.0009820325067266822,193558,182995,9181,11289.087845083573,2340.4061959006785,173181,2034,633,7147,0,0
P1,F3,71,calibration,t1,3,Bolivia_23014,BOL,1.0,0.1899302189315445,0.18993020197417532,0.3776286542415619,0.09600780159235,0.0015156654408201575,193558,182995,9181,9632.610444029033,2298.788528000865,173181,2034,633,7147,0,0
P1,F3,71,calibration,calibrated,4,Bolivia_233925,BOL,1.2109042184261218,0.5971452738893568,0.5971452635435683,0.24786409735679626,0.0486464761197567,0.0007596223149448633,197636,146294,1831,5939.206506250424,967.5964909238932,145172,1121,1,0,0,0
P1,F3,71,calibration,t1,4,Bolivia_233925,BOL,1.0,0.41196895436626924,0.41196899882727445,0.16204336285591125,0.030954746529459953,0.00117273919750005,197636,146294,1831,4642.701918881291,963.3518841375228,145172,1121,1,0,0,0
P1,F3,71,calibration,calibrated,5,Bolivia_242570,BOL,1.2109042184261218,0.2107348064293907,0.21073483657670178,0.8230286240577698,0.28397342562675476,0.0019526814576238394,262144,175507,29726,71483.91817909689,20618.27312253393,136783,11378,14415,12931,0,0
P1,F3,71,calibration,t1,5,Bolivia_242570,BOL,1.0,0.1580478392014134,0.158047879441491,0.7624570727348328,0.2509760558605194,0.002927333116531372,262144,175507,29726,81280.5609466977,21466.12752562557,136783,11378,14415,12931,0,0
P1,F3,71,calibration,calibrated,6,Bolivia_290290,BOL,1.2109042184261218,0.284983290828419,0.2849832337781535,0.8703360557556152,0.3205811679363251,0.001207252498716116,262144,204633,19169,32425.96667100808,9533.469590665385,180402,4532,9017,10682,0,0
P1,F3,71,calibration,t1,6,Bolivia_290290,BOL,1.0,0.2334501402260929,0.2334501609594244,0.8237361311912537,0.2912847101688385,0.0017873379401862621,262144,204633,19169,34878.3263245406,9838.317295999856,180402,4532,9017,10682,0,0
P1,F3,71,calibration,calibrated,7,Bolivia_294583,BOL,1.2109042184261218,0.10870257079493062,0.10870263404513558,0.6109487414360046,0.17966246604919434,0.003358159912750125,262144,130472,36785,12885.04630683423,3606.6474498436173,111674,3790,828,14180,0,0
P1,F3,71,calibration,t1,7,Bolivia_294583,BOL,1.0,0.07301090249761988,0.07301092243608087,0.5198153257369995,0.147396981716156,0.005168433766812086,262144,130472,36785,13127.828016477368,3706.4824041667644,111674,3790,828,14180,0,0
P1,F3,71,calibration,calibrated,8,Bolivia_312675,BOL,1.2109042184261218,0.35525277738544636,0.35525279364408924,0.6012852191925049,0.18373562395572662,0.0015032070223242044,253960,158008,7472,20717.220889705324,5809.350656727943,147312,1121,6132,3443,0,0
P1,F3,71,calibration,t1,8,Bolivia_312675,BOL,1.0,0.27285240703722435,0.2728524167008929,0.5183178186416626,0.15402354300022125,0.002138877985998988,253960,158008,7472,22874.100725584118,6015.737748409591,147312,1121,6132,3443,0,0
P1,F3,71,calibration,calibrated,9,Bolivia_314919,BOL,1.2109042184261218,0.18049431155313478,0.1804942795378096,0.9523885846138,0.3877536952495575,0.001207459717988968,262144,188845,95783,75328.28013958599,24234.54771315332,101162,4005,30211,53467,0,0
P1,F3,71,calibration,t1,9,Bolivia_314919,BOL,1.0,0.1410403327472196,0.1410403482258331,0.9319539070129395,0.366027295589447,0.0018102760659530759,262144,188845,95783,79516.59550771423,25189.55433026079,101162,4005,30211,53467,0,0
P1,F3,71,calibration,calibrated,10,Bolivia_360519,BOL,1.2109042184261218,0.48076650745286,0.480766546992656,0.24337948858737946,0.05947662144899368,0.0004033548175357282,250723,243678,1886,7801.661980911782,1683.457364260821,241549,1715,243,171,0,0
P1,F3,71,calibration,t1,10,Bolivia_360519,BOL,1.0,0.33351376279746214,0.3335137796329509,0.17919838428497314,0.04480200633406639,0.0005787918926216662,250723,243678,1886,7479.427393481077,1688.4776079110397,241549,1715,243,171,0,0
P1,F3,71,calibration,calibrated,11,Bolivia_379434,BOL,1.2109042184261218,0.31297295020446425,0.31297290451837456,0.4294864237308502,0.12165427953004837,0.001603631884790957,262144,262144,6245,37276.178363393316,9165.841707011652,248178,3176,7721,3069,0,0
P1,F3,71,calibration,t1,11,Bolivia_379434,BOL,1.0,0.22745227482530728,0.22745229815961598,0.3508780598640442,0.09862098842859268,0.002304201014339924,262144,262144,6245,42459.76411961483,9423.43380484885,248178,3176,7721,3069,0,0
P1,F3,71,calibration,calibrated,12,Bolivia_432776,BOL,1.2109042184261218,0.2497145843973737,0.24971455110119622,0.9699657559394836,0.41066303849220276,0.001261597266420722,210723,155397,65806,66925.838607282,21431.438563157953,80494,2758,26794,45351,0,0
P1,F3,71,calibration,t1,12,Bolivia_432776,BOL,1.0,0.20302567790199721,0.20302567484279854,0.9566729068756104,0.3928103446960449,0.001907683559693396,210723,155397,65806,68955.13730701333,21908.66026006393,80494,2758,26794,45351,0,0
P1,F3,71,calibration,calibrated,13,Bolivia_60373,BOL,1.2109042184261218,0.22021614099704534,0.22021611928069862,0.6092212796211243,0.17721128463745117,0.0024661978241056204,221330,199019,15841,13018.076564606268,3000.5668717745793,185079,1460,2371,10109,0,0
P1,F3,71,calibration,t1,13,Bolivia_60373,BOL,1.0,0.1476361212793661,0.14763611839151947,0.5167072415351868,0.14447513222694397,0.003616523230448365,221330,199019,15841,11863.229788719114,3005.7080640495706,185079,1460,2371,10109,0,0
P1,F3,71,calibration,calibrated,14,Bolivia_76104,BOL,1.2109042184261218,0.9907131420090672,0.9907131426706699,0.11877785623073578,0.021380217745900154,4.8802590754348785e-05,262144,190965,12,950.9452569533945,17.591493781812353,190948,12,5,0,0,0
P1,F3,71,calibration,t1,14,Bolivia_76104,BOL,1.0,0.9775193763288393,0.9775193760809464,0.07145627588033676,0.012972886674106121,4.851605626754463e-05,262144,190965,12,351.7880538328804,12.649156452241272,190948,12,5,0,0,0
P1,F3,71,calibration,calibrated,15,Mekong_1111068,KHM,1.2109042184261218,0.7707825729376276,0.770782586859035,0.9596728682518005,0.3977263569831848,0.00038790731923654675,262144,262098,5846,43905.5495402219,11946.720063993007,249179,5470,7073,376,0,0
P1,F3,71,calibration,t1,15,Mekong_1111068,KHM,1.0,0.7257000555687128,0.7257000609033802,0.9422075152397156,0.3777139186859131,0.0005169822834432125,262144,262098,5846,42481.886357333526,11453.324108769342,249179,5470,7073,376,0,0
P1,F3,71,calibration,calibrated,16,Mekong_1149855,KHM,1.2109042184261218,0.15948962456194493,0.15948960220766362,0.5760000944137573,0.17121729254722595,0.005304526071995497,262144,224775,19063,23200.301478428522,6157.633428797447,204332,3183,4589,12671,0,0
P1,F3,71,calibration,t1,16,Mekong_1149855,KHM,1.0,0.11364972341978563,0.11364964763216479,0.48904862999916077,0.1415717601776123,0.008075889199972153,262144,224775,19063,25049.826759025702,6327.814346364632,204332,3183,4589,12671,0,0
P1,F3,71,calibration,calibrated,17,Mekong_1191208,KHM,1.2109042184261218,0.09624098644103574,0.09624103332713385,0.2929132282733917,0.06798741221427917,0.0019374084658920765,262144,202312,18600,8748.334252669885,1904.6180483447536,186111,936,1371,13894,0,0
P1,F3,71,calibration,t1,17,Mekong_1191208,KHM,1.0,0.053398114522031026,0.053398164318107844,0.21153800189495087,0.049227505922317505,0.0028724675066769123,262144,202312,18600,8530.244844067634,1936.5013069045071,186111,936,1371,13894,0,0
P1,F3,71,calibration,calibrated,18,Mekong_119477,KHM,1.2109042184261218,0.47748977976206397,0.4774897600003635,0.36283794045448303,0.10643353313207626,0.0006349147297441959,262144,260952,3021,8211.63349950285,2148.0129427310685,256436,1520,1495,1501,0,0
P1,F3,71,calibration,t1,18,Mekong_119477,KHM,1.0,0.3756110649862322,0.37561110183361424,0.299012154340744,0.08818190544843674,0.0008890691678971052,262144,260952,3021,7698.607642317677,2166.911974725789,256436,1520,1495,1501,0,0
P1,F3,71,calibration,calibrated,19,Mekong_1248200,KHM,1.2109042184261218,0.09842107631243469,0.09842112946864934,0.9336427450180054,0.3669179081916809,0.0018305727280676365,262144,260988,192689,63311.30832416323,16619.772541978826,52610,3790,16765,187823,0,0
P1,F3,71,calibration,t1,19,Mekong_1248200,KHM,1.0,0.07345431660079338,0.07345431299634131,0.9060061573982239,0.3419763445854187,0.002836107974871993,262144,260988,192689,57862.46127154029,15863.27381992528,52610,3790,16765,187823,0,0
P1,F3,71,calibration,calibrated,20,Mekong_1282475,KHM,1.2109042184261218,0.10248905788291762,0.10248901327814908,0.49442058801651,0.13848565518856049,0.001868841820396483,262144,262144,28045,10701.602109314601,2607.5560823645956,233075,2518,1024,25527,0,0
P1,F3,71,calibration,t1,20,Mekong_1282475,KHM,1.0,0.06704400606756733,0.0670440747035016,0.4050116539001465,0.11120585352182388,0.0028355089016258717,262144,262144,28045,9371.204210502132,2612.4103586048677,233075,2518,1024,25527,0,0
P1,F3,71,calibration,calibrated,21,Mekong_1395593,KHM,1.2109042184261218,0.10971255943041691,0.10971258524892713,0.3996197581291199,0.10846909880638123,0.0017505676951259375,262144,261728,20038,10537.090039069772,2664.008876442639,240468,2385,1222,17653,0,0
P1,F3,71,calibration,t1,21,Mekong_1395593,KHM,1.0,0.07072278990241321,0.07072281390188484,0.3177606165409088,0.08603467792272568,0.0026065062265843153,262144,261728,20038,9946.191060237104,2717.350970000518,240468,2385,1222,17653,0,0
P1,F3,71,calibration,calibrated,22,Mekong_1396181,KHM,1.2109042184261218,0.11978021453525733,0.11978020762226804,0.9564182162284851,0.39312267303466797,0.00293071405030787,262144,243062,158309,68817.43056507043,19745.56004335063,84902,13153,13126,131881,0,0
P1,F3,71,calibration,t1,22,Mekong_1396181,KHM,1.0,0.09148321910935897,0.09148320105433383,0.9376144409179688,0.3723078966140747,0.0046175518073141575,262144,243062,158309,66267.01703414993,19571.238005299892,84902,13153,13126,131881,0,0
P1,F3,71,calibration,calibrated,23,Mekong_1413877,KHM,1.2109042184261218,0.4418100461050699,0.4418100377963218,0.22784423828125,0.05923360213637352,0.0005276993033476174,262144,256968,2150,5372.0732075888045,1242.9914196106054,253844,612,1060,1452,0,0
P1,F3,71,calibration,t1,23,Mekong_1413877,KHM,1.0,0.312809256512394,0.31280926833999423,0.17288146913051605,0.046380665153265,0.0007682700525037944,262144,256968,2150,4847.179016194079,1256.121285884597,253844,612,1060,1452,0,0
P1,F3,71,calibration,calibrated,24,Mekong_1439641,KHM,1.2109042184261218,0.09094130960506797,0.09094119628858133,0.8730844855308533,0.31397637724876404,0.00145426404196769,262144,262083,188674,50486.10589938324,11517.607512718765,62204,2077,11205,186597,0,0
P1,F3,71,calibration,t1,24,Mekong_1439641,KHM,1.0,0.06533442307784121,0.06533439766718974,0.8249714374542236,0.28250133991241455,0.0022651006001979113,262144,262083,188674,43133.832280937335,10447.423388960298,62204,2077,11205,186597,0,0
P1,F3,71,calibration,calibrated,25,Mekong_1443339,KHM,1.2109042184261218,0.10068807898761789,0.10068810002738471,0.9263207912445068,0.3599812388420105,0.002014133147895336,262144,262135,179760,62578.43113182598,16437.1984123449,65468,3884,16908,175875,0,0
P1,F3,71,calibration,t1,25,Mekong_1443339,KHM,1.0,0.07458337143129823,0.07458331264069629,0.8960484266281128,0.3340977728366852,0.0031724192667752504,262144,262135,179760,57412.262074339706,15787.821556714978,65468,3884,16908,175875,0,0
P1,F3,71,calibration,calibrated,26,Mekong_16233,KHM,1.2109042184261218,0.07577580471499823,0.07577577985208905,0.5303552746772766,0.14246129989624023,0.0012363798450678587,262144,262132,62515,14813.678183551452,2838.986622261352,198002,1919,1615,60596,0,0
P1,F3,71,calibration,t1,26,Mekong_16233,KHM,1.0,0.045778733347710765,0.04577869999740758,0.431117981672287,0.11119401454925537,0.001795824384316802,262144,262132,62515,11859.95311539789,2712.7095372722415,198002,1919,1615,60596,0,0
P1,F3,71,calibration,calibrated,27,Mekong_213094,KHM,1.2109042184261218,0.4726444816587887,0.47264444614496637,0.15246494114398956,0.033870019018650055,0.002472365042194724,261386,229843,1337,4496.918809813939,1100.848344655878,228395,1337,111,0,0,0
P1,F3,71,calibration,t1,27,Mekong_213094,KHM,1.0,0.30286517253166967,0.3028651328693499,0.1034122183918953,0.024313608184456825,0.003410779405385256,261386,229843,1337,4186.126028429133,1148.200947332729,228395,1337,111,0,0,0
P1,F3,71,calibration,calibrated,28,Mekong_221789,KHM,1.2109042184261218,0.9206684676200526,0.9206684622565708,0.10463760048151016,0.019684551283717155,0.0001358805748168379,262144,215327,102,1422.3870419442558,113.43213513594002,215225,102,0,0,0,0
P1,F3,71,calibration,t1,28,Mekong_221789,KHM,1.0,0.8275752217400153,0.8275752234357836,0.06276064366102219,0.01263923104852438,0.00016541943477932364,262144,215327,102,698.3218574783252,96.51586011034954,215225,102,0,0,0,0
P1,F3,71,calibration,calibrated,29,Mekong_254910,KHM,1.2109042184261218,0.1996070386587937,0.19960704412814945,0.5207083225250244,0.15139099955558777,0.0017697678413242102,262144,205495,13141,25268.3718626614,6943.639399772214,197038,8322,106,29,0,0
P1,F3,71,calibration,t1,29,Mekong_254910,KHM,1.0,0.1420592551119383,0.14205929727441347,0.43513715267181396,0.12398338317871094,0.0026247226633131504,262144,205495,13141,28272.571351316306,7198.764768010086,197038,8322,106,29,0,0
P1,F3,71,calibration,calibrated,30,Mekong_269835,KHM,1.2109042184261218,0.5221901330465476,0.5221901421534725,0.08087775856256485,0.01285778358578682,0.0001651710190344602,262144,212236,678,1800.4576392413016,248.5396473522535,211498,255,60,423,0,0
P1,F3,71,calibration,t1,30,Mekong_269835,KHM,1.0,0.28771042760929266,0.28771044472004603,0.04255518689751625,0.007132961414754391,0.00023522079573012888,262144,212236,678,1254.7104836681283,253.74531377550534,211498,255,60,423,0,0
P1,F3,71,calibration,calibrated,31,Mekong_293769,KHM,1.2109042184261218,0.09187189473601387,0.09187185658021257,0.4775519371032715,0.13478760421276093,0.002545148367062211,261430,230540,35403,12334.426128845902,3040.698779162846,197100,3020,1088,29332,0,0
P1,F3,71,calibration,t1,31,Mekong_293769,KHM,1.0,0.058096310999196654,0.05809628887298923,0.3911566436290741,0.10883723199367523,0.003744519082829356,261430,230540,35403,11193.78837829468,3092.8870129457705,197100,3020,1088,29332,0,0
P1,F3,71,calibration,calibrated,32,Mekong_333434,KHM,1.2109042184261218,0.43892711802169493,0.43892714426105084,0.3344106078147888,0.08864469826221466,0.0009665083489380777,262144,203133,2819,12045.02265917651,2868.4741002246597,198985,864,2481,803,0,0
P1,F3,71,calibration,t1,32,Mekong_333434,KHM,1.0,0.32256522376716856,0.32256519411495965,0.2615525722503662,0.06958632916212082,0.001397905871272087,262144,203133,2819,12951.87424983447,2923.8422129230225,198985,864,2481,803,0,0
P1,F3,71,calibration,calibrated,33,Mekong_342411,KHM,1.2109042184261218,0.11461328555156858,0.11461331783964313,0.584835410118103,0.17372572422027588,0.0024374511558562517,262144,262141,30399,15817.884178597706,4246.245750539639,229523,3704,2219,26695,0,0
P1,F3,71,calibration,t1,33,Mekong_342411,KHM,1.0,0.07829256557610065,0.07829255310476446,0.4975208044052124,0.14353153109550476,0.0036771337036043406,262144,262141,30399,14958.422785131545,4330.679612587248,229523,3704,2219,26695,0,0
P1,F3,71,calibration,calibrated,34,Mekong_382276,KHM,1.2109042184261218,0.09874577113664806,0.09874570461192611,0.16375820338726044,0.0336756594479084,0.0004961243248544633,262144,262111,10352,3583.5872787680482,647.5436146525054,251605,698,154,9654,0,0
P1,F3,71,calibration,t1,34,Mekong_382276,KHM,1.0,0.0485787417205219,0.04857877914926367,0.10697127133607864,0.022740114480257034,0.0006985319778323174,262144,262111,10352,2711.658846604903,658.1313580809406,251605,698,154,9654,0,0
P1,F3,71,calibration,calibrated,35,Mekong_424793,KHM,1.2109042184261218,0.305785971519965,0.30578601388633175,0.34685608744621277,0.0946202352643013,0.0012530932435765862,262144,258487,5028,9442.184366120948,2502.7005633529325,252266,2218,1215,2788,0,0
P1,F3,71,calibration,t1,35,Mekong_424793,KHM,1.0,0.21627024645761828,0.21627028464277165,0.2748550772666931,0.07548422366380692,0.0017882374813780189,262144,258487,5028,9213.65350536239,2570.449528131319,252266,2218,1215,2788,0,0
P1,F3,71,calibration,calibrated,36,Mekong_45934,KHM,1.2109042184261218,0.9043204943155183,0.9043204918457306,0.08975367248058319,0.014356794767081738,9.485168993705884e-05,262144,261859,95,2207.893644386066,261.14981801692863,261523,40,241,55,0,0
P1,F3,71,calibration,t1,36,Mekong_45934,KHM,1.0,0.7759579329071228,0.775957890913526,0.04860860854387283,0.007871086709201336,0.00011590723443077877,262144,261859,95,1535.380532601488,257.34800945305193,261523,40,241,55,0,0
P1,F3,71,calibration,calibrated,37,Mekong_474783,KHM,1.2109042184261218,0.6824653561338281,0.6824653677157828,0.592574417591095,0.1768643856048584,0.0005034476052969694,262144,262119,2190,20337.860124274095,5236.271569470284,254998,1341,4931,849,0,0
P1,F3,71,calibration,t1,37,Mekong_474783,KHM,1.0,0.5975691240107361,0.5975691344871406,0.5061149597167969,0.14644338190555573,0.0006849793717265129,262144,262119,2190,21269.639831287932,5267.592635427722,254998,1341,4931,849,0,0
P1,F3,71,calibration,calibrated,38,Mekong_52610,KHM,1.2109042184261218,0.09272430148383226,0.09272431919325719,0.92421954870224,0.35748860239982605,0.0012855611275881529,262144,262144,199394,58705.538439290314,14950.885760585996,47696,3775,15054,195619,0,0
P1,F3,71,calibration,t1,38,Mekong_52610,KHM,1.0,0.06858057443049104,0.06858054961391014,0.8931374549865723,0.33120858669281006,0.0019547988194972277,262144,262144,199394,52487.279316875676,14122.654041237824,47696,3775,15054,195619,0,0
P1,F3,71,calibration,calibrated,39,Mekong_596495,KHM,1.2109042184261218,0.0848982378338291,0.08489829486179534,0.8778280019760132,0.31752562522888184,0.0010095611214637756,262143,229483,199509,44071.37515689966,10127.1840827161,48994,3346,8411,168732,0,0
P1,F3,71,calibration,t1,39,Mekong_596495,KHM,1.0,0.06106612310609283,0.06106614984415648,0.8311671614646912,0.2863976061344147,0.001550384215079248,262143,229483,199509,37661.15958561719,9203.032280214502,48994,3346,8411,168732,0,0
P1,F3,71,calibration,calibrated,40,Mekong_774566,KHM,1.2109042184261218,0.11418693819114734,0.11418683125177942,0.75259929895401,0.23585118353366852,0.001664208248257637,262144,227728,95780,40038.72125927986,9570.321270067147,149085,1600,9175,67868,0,0
P1,F3,71,calibration,t1,40,Mekong_774566,KHM,1.0,0.07722156530945079,0.0772215642003643,0.6737183928489685,0.19915419816970825,0.002564504509791732,262144,227728,95780,37517.46592033495,9265.23872738297,149085,1600,9175,67868,0,0
P1,F3,71,calibration,calibrated,41,Mekong_846007,KHM,1.2109042184261218,0.10484761162718015,0.10484760739936616,0.5226292610168457,0.14951422810554504,0.0025881610345095396,262144,164030,30605,12511.51182972024,3475.1419171366983,152294,4201,430,7105,0,0
P1,F3,71,calibration,t1,41,Mekong_846007,KHM,1.0,0.06890732834523683,0.0689073203055065,0.4335411787033081,0.1213412880897522,0.003918390721082687,262144,164030,30605,12789.565817561233,3602.59099507522,152294,4201,430,7105,0,0
P1,F3,71,calibration,calibrated,42,Mekong_922373,KHM,1.2109042184261218,0.13380855111518175,0.13380853119863934,0.9203710556030273,0.35579991340637207,0.0042191254906356335,262144,262138,90145,102093.95829878586,29225.398359858875,139348,3025,32645,87120,0,0
P1,F3,71,calibration,t1,42,Mekong_922373,KHM,1.0,0.09992329942573674,0.09992334098596367,0.8881700038909912,0.32952558994293213,0.006650012452155352,262144,262138,90145,111134.56926225135,29901.757968285314,139348,3025,32645,87120,0,0
P1,F3,71,calibration,calibrated,43,Mekong_977338,KHM,1.2109042184261218,0.08515400670503115,0.08515399664741763,0.5947777032852173,0.15934278070926666,0.001584662008099258,262144,176958,103616,20635.51621792774,4332.439729836278,107901,3490,1248,64319,0,0
P1,F3,71,calibration,t1,43,Mekong_977338,KHM,1.0,0.05350067003617809,0.05350061076185897,0.4911951422691345,0.12348434329032898,0.002441090065985918,262144,176958,103616,17910.503445111353,4127.120848847027,107901,3490,1248,64319,0,0
P1,F3,71,calibration,calibrated,44,Mekong_98310,KHM,1.2109042184261218,0.10099014400049167,0.10099010886046467,0.7176188230514526,0.22259758412837982,0.0011590135982260108,262144,182771,99525,25143.018896069403,5325.789774231631,95362,1742,3995,81672,0,0
P1,F3,71,calibration,t1,44,Mekong_98310,KHM,1.0,0.066987628969715,0.06698757849475157,0.6352343559265137,0.18718035519123077,0.0017285002395510674,262144,182771,99525,21520.763697813214,4923.6613452789115,95362,1742,3995,81672,0,0
P1,F3,71,calibration,calibrated,45,Nigeria_1095404,NGA,1.2109042184261218,0.13404321203304204,0.13404325343748724,0.8553313612937927,0.30664363503456116,0.0026107702869921923,262144,252283,55245,44267.12741723787,13113.728001225816,194503,11689,6055,40036,0,0
P1,F3,71,calibration,t1,45,Nigeria_1095404,NGA,1.0,0.09894216914119947,0.09894215592447286,0.8035308718681335,0.275520920753479,0.004030067007988691,262144,252283,55245,45958.34261530125,13540.933486874817,194503,11689,6055,40036,0,0
P1,F3,71,calibration,calibrated,46,Nigeria_143329,NGA,1.2109042184261218,0.4262553115529535,0.42625532254834286,0.14135460555553436,0.032338593155145645,0.0006644167006015778,262144,249500,1565,8376.219163905196,1759.0315679022226,246463,260,1814,963,0,0
P1,F3,71,calibration,t1,46,Nigeria_143329,NGA,1.0,0.2665894119979072,0.26658937421330675,0.09654880315065384,0.02379629760980606,0.0009764445712789893,262144,249500,1565,8843.350413975295,1800.7681801914848,246463,260,1814,963,0,0
P1,F3,71,calibration,calibrated,47,Nigeria_22088,NGA,1.2109042184261218,0.7029319153205702,0.7029319398575022,0.44749775528907776,0.11082758754491806,0.0014278548769652843,209501,209501,1824,9513.74631957933,1515.8913672054664,207627,1704,50,120,0,0
P1,F3,71,calibration,t1,47,Nigeria_22088,NGA,1.0,0.5605927957958015,0.560592773294402,0.3464961647987366,0.08245047926902771,0.0020168584305793047,209501,209501,1824,6996.0099599008445,1421.7822553633343,207627,1704,50,120,0,0
P1,F3,71,calibration,calibrated,48,Nigeria_225131,NGA,1.2109042184261218,0.7177006080663779,0.7177006202776405,0.09272564202547073,0.015975113958120346,0.0002124616439687088,262144,241255,358,4888.688642465421,847.6192921589764,240043,81,854,277,0,0
P1,F3,71,calibration,t1,48,Nigeria_225131,NGA,1.0,0.4949406298672132,0.49494057734458363,0.05199141427874565,0.009545250795781612,0.0002955439267680049,262144,241255,358,4817.97512020495,856.6494993353767,240043,81,854,277,0,0
P1,F3,71,calibration,calibrated,49,Nigeria_31096,NGA,1.2109042184261218,0.49984266078660844,0.4998426623661546,0.15307974815368652,0.035552386194467545,0.0007717816042713821,262144,217487,1254,4151.775649697238,935.1404052396612,215960,711,514,302,0,0
P1,F3,71,calibration,t1,49,Nigeria_31096,NGA,1.0,0.333728535377245,0.3337285333088992,0.106483094394207,0.02630961872637272,0.0011242787586525083,262144,217487,1254,3865.35780004132,963.4076326475603,215960,711,514,302,0,0
P1,F3,71,calibration,calibrated,50,Nigeria_35845,NGA,1.2109042184261218,0.5339857721806125,0.5339857383220221,0.08412599563598633,0.014957818202674389,0.00038537770160473883,262144,213042,700,1879.4288785478238,274.48616194215947,212592,164,176,110,0,0
P1,F3,71,calibration,t1,50,Nigeria_35845,NGA,1.0,0.30957244464108213,0.3095724413191777,0.04749833792448044,0.009287362918257713,0.0005662027397193015,262144,213042,700,1405.9352263794526,281.246512807644,212592,164,176,110,0,0
P1,F3,71,calibration,calibrated,51,Nigeria_417184,NGA,1.2109042184261218,0.2512698070340845,0.2512698338357391,0.9663000106811523,0.4061306416988373,0.001983466325327754,156380,50135,45095,13913.944290350028,3954.871397839971,43446,5305,155,1229,0,0
P1,F3,71,calibration,t1,51,Nigeria_417184,NGA,1.0,0.20059536998366168,0.2005954534762182,0.9515119791030884,0.38752222061157227,0.003017427632585168,156380,50135,45095,13431.58192018412,3959.373143293379,43446,5305,155,1229,0,0
P1,F3,71,calibration,calibrated,52,Nigeria_439488,NGA,1.2109042184261218,0.9232449488240255,0.923244944819065,0.08899150043725967,0.014126057736575603,9.998426685342565e-05,262144,229200,87,8785.74281586909,1515.6701256631818,227649,83,1468,0,0,0
P1,F3,71,calibration,t1,52,Nigeria_439488,NGA,1.0,0.8146396122451164,0.8146395892085372,0.04725433886051178,0.007747555151581764,0.00012189552944619209,262144,229200,87,9569.173870153867,1520.8376985918167,227649,83,1468,0,0,0
P1,F3,71,calibration,calibrated,53,Nigeria_529525,NGA,1.2109042184261218,0.11615520541488744,0.11615517929351926,0.9672374725341797,0.4070793092250824,0.0023029937874525785,262144,262144,176166,118653.59277005584,37740.03331647349,36907,1586,49071,174580,0,0
P1,F3,71,calibration,t1,53,Nigeria_529525,NGA,1.0,0.09039527459112717,0.09039525218335887,0.9528200030326843,0.388613760471344,0.003591467160731554,262144,262144,176166,124161.34255453953,38885.19887326163,36907,1586,49071,174580,0,0
P1,F3,71,calibration,calibrated,54,Nigeria_598959,NGA,1.2109042184261218,0.5973753238880255,0.597375334555595,0.7888439297676086,0.27358976006507874,0.00033561608870513737,262144,211208,5352,144937.96182433897,38237.880522003456,163048,1632,44104,2424,0,0
P1,F3,71,calibration,t1,54,Nigeria_598959,NGA,1.0,0.520916772942577,0.520916798974969,0.7254408597946167,0.24253325164318085,0.00045144223258830607,262144,211208,5352,171249.3603630414,39697.14142588723,163048,1632,44104,2424,0,0
P1,F3,71,calibration,calibrated,55,Nigeria_600295,NGA,1.2109042184261218,0.10537365718941283,0.10537364038346786,0.8082484006881714,0.26927080750465393,0.0013747556367889047,262144,181691,117351,28645.382230000716,6330.093217056661,94589,3441,3465,80196,0,0
P1,F3,71,calibration,t1,55,Nigeria_600295,NGA,1.0,0.0726806722001836,0.07268067867998018,0.7420795559883118,0.23418261110782623,0.00210997904650867,262144,181691,117351,24967.059471830282,5884.800768704415,94589,3441,3465,80196,0,0
P1,F3,71,calibration,calibrated,56,Nigeria_707067,NGA,1.2109042184261218,0.49870074378919604,0.4987007278989367,0.16643407940864563,0.03897595778107643,0.0008441169047728181,262144,261359,1360,15556.09517711529,3261.769800096533,256982,621,3033,723,0,0
P1,F3,71,calibration,t1,56,Nigeria_707067,NGA,1.0,0.3356976723822376,0.3356976267047854,0.11688531935214996,0.028919583186507225,0.0012213375885039568,262144,261359,1360,17349.533601474683,3319.567620792273,256982,621,3033,723,0,0
P1,F3,71,calibration,calibrated,57,Nigeria_78061,NGA,1.2109042184261218,0.11642454260112156,0.11642458505022757,0.2885093092918396,0.07098022103309631,0.003373105078935623,262144,228886,13567,13020.763782551467,3194.825909317802,219937,3455,357,5137,0,0
P1,F3,71,calibration,t1,57,Nigeria_78061,NGA,1.0,0.06908806250277211,0.0690880682361531,0.21439129114151,0.05349535495042801,0.005127518437802792,262144,228886,13567,13974.032248261085,3293.7994580075156,219937,3455,357,5137,0,0
P1,F3,71,calibration,calibrated,58,Nigeria_812045,NGA,1.2109042184261218,0.09983499052255596,0.09983499587348765,0.8455726504325867,0.29467979073524475,0.001315140863880515,261565,236584,144165,40445.99956053693,8863.253046994436,110869,6132,3491,116092,0,0
P1,F3,71,calibration,t1,58,Nigeria_812045,NGA,1.0,0.0705400110584965,0.07053996660091488,0.7894993424415588,0.2615566849708557,0.0020108127500861883,261565,236584,144165,34639.60534573147,8051.0343430056855,110869,6132,3491,116092,0,0
P1,F3,71,calibration,calibrated,59,Nigeria_81933,NGA,1.2109042184261218,0.12860417146270042,0.12860417234255583,0.9573650360107422,0.3944758474826813,0.0033662146888673306,262144,246268,126708,168576.9861772323,52996.37607080421,63385,4933,61979,115971,0,0
P1,F3,71,calibration,t1,59,Nigeria_81933,NGA,1.0,0.09857515676706607,0.09857514046526217,0.938948929309845,0.37389689683914185,0.005319511517882347,262144,246268,126708,188633.3131726347,55318.19087428845,63385,4933,61979,115971,0,0
P1,F3,71,calibration,calibrated,60,Nigeria_820924,NGA,1.2109042184261218,0.6872945476558997,0.6872945370775563,0.09364337474107742,0.016870616003870964,0.0002973992086481303,262144,262143,425,4947.725741916346,851.5200962286837,260860,107,858,318,0,0
P1,F3,71,calibration,t1,60,Nigeria_820924,NGA,1.0,0.46688293953311877,0.46688291742036747,0.05343764275312424,0.010564466938376427,0.00042025750735774636,262144,262143,425,4785.426573937479,862.1890169818053,260860,107,858,318,0,0
P1,F3,71,calibration,calibrated,61,Nigeria_952958,NGA,1.2109042184261218,0.1222513423571987,0.12225134336672205,0.2866358757019043,0.06972689926624298,0.0022034517023712397,262144,227674,12808,14404.09786888311,3269.2448378420263,215391,2548,1324,8411,0,0
P1,F3,71,calibration,t1,61,Nigeria_952958,NGA,1.0,0.07206612926234257,0.07206616767948071,0.21178938448429108,0.05216678977012634,0.0033217628952115774,262144,227674,12808,15420.153117780126,3334.9869829429545,215391,2548,1324,8411,0,0
P1,F3,71,calibration,calibrated,62,Nigeria_984831,NGA,1.2109042184261218,0.10768702387996354,0.10768697658352266,0.9647200703620911,0.4036359190940857,0.001730164047330618,262144,240158,185769,112217.2933815871,36711.4030870477,16452,2026,49116,172564,0,0
P1,F3,71,calibration,t1,62,Nigeria_984831,NGA,1.0,0.08323554269660483,0.08323560379502715,0.9492661356925964,0.3845757246017456,0.002650270937010646,262144,240158,185769,118274.5811742967,38276.75833341401,16452,2026,49116,172564,0,0
P1,F3,71,calibration,calibrated,63,Spain_1167260,ESP,1.2109042184261218,0.17537351232879717,0.17537347432465278,0.8619823455810547,0.3101966083049774,0.003890661522746086,262144,262119,44664,65163.33210176445,19197.187141468177,205989,13611,11466,31053,0,0
P1,F3,71,calibration,t1,63,Spain_1167260,ESP,1.0,0.13039870058422243,0.13039860818599824,0.8117126226425171,0.2791583836078644,0.006018589250743389,262144,262119,44664,70258.57490686321,19898.777723289808,205989,13611,11466,31053,0,0
P1,F3,71,calibration,calibrated,64,Spain_1199913,ESP,1.2109042184261218,0.2046404861937,0.20464054181559965,0.3761574327945709,0.09049633145332336,0.0010108842980116606,262144,262143,9898,16032.515272026885,3437.1060348695846,250147,1906,2098,7992,0,0
P1,F3,71,calibration,t1,64,Spain_1199913,ESP,1.0,0.12398368156274575,0.12398369501503737,0.28320929408073425,0.06645169854164124,0.0014714956050738692,262144,262143,9898,16240.945850534325,3466.3699555129715,250147,1906,2098,7992,0,0
P1,F3,71,calibration,calibrated,65,Spain_2472849,ESP,1.2109042184261218,0.9510494738762607,0.9510494765633929,0.14526480436325073,0.023851532489061356,8.959622209658846e-05,262144,261759,78,2091.1559337711824,88.64840300626184,261667,72,14,6,0,0
P1,F3,71,calibration,t1,65,Spain_2472849,ESP,1.0,0.8830359230401874,0.8830359358301962,0.08316115289926529,0.012975945137441158,9.795344521990046e-05,262144,261759,78,912.5638973185669,68.05086188672009,261667,72,14,6,0,0
P1,F3,71,calibration,calibrated,66,Spain_2523247,ESP,1.2109042184261218,0.34187158457038214,0.3418715231708196,0.4431139826774597,0.1145678162574768,0.0009840582497417927,262144,262039,5950,20779.43335441949,5398.533291540256,254512,5098,1579,850,0,0
P1,F3,71,calibration,t1,66,Spain_2523247,ESP,1.0,0.23308852929216495,0.23308855008817542,0.34907159209251404,0.08780990540981293,0.0014191651716828346,262144,262039,5950,21866.835456218014,5577.020485532934,254512,5098,1579,850,0,0
P1,F3,71,calibration,calibrated,67,Spain_2594119,ESP,1.2109042184261218,0.31562405383991077,0.31562407874532816,0.49382922053337097,0.13861484825611115,0.002009310759603977,262144,262009,7408,13701.563860505132,3779.216714285947,254235,4897,367,2510,0,0
P1,F3,71,calibration,t1,67,Spain_2594119,ESP,1.0,0.22558042639597542,0.22558043593203225,0.405255526304245,0.11143738776445389,0.00301332282833755,262144,262009,7408,13227.421055346636,3901.0238975132497,254235,4897,367,2510,0,0
P1,F3,71,calibration,calibrated,68,Spain_2938657,ESP,1.2109042184261218,0.16431934291670092,0.16431930133613482,0.35210201144218445,0.08746257424354553,0.0012196538737043738,262144,262074,11447,7516.374253938813,1682.382816128448,250336,1966,291,9481,0,0
P1,F3,71,calibration,t1,68,Spain_2938657,ESP,1.0,0.10044304038041596,0.10044297311448602,0.26666033267974854,0.06589546799659729,0.0018112744437530637,262144,262074,11447,6364.111635051174,1697.8971224206925,250336,1966,291,9481,0,0
P1,F3,71,calibration,calibrated,69,Spain_3285448,ESP,1.2109042184261218,0.10065293664998043,0.10065295506520111,0.6504198908805847,0.19063414633274078,0.0007595167262479663,262144,262136,62616,25402.182461243247,6145.975868261321,198603,7144,917,55472,0,0
P1,F3,71,calibration,t1,69,Spain_3285448,ESP,1.0,0.06432898944240217,0.06432896312008363,0.5585619211196899,0.15573860704898834,0.0010667287278920412,262144,262136,62616,22848.33141428129,6177.4077024832895,198603,7144,917,55472,0,0
P1,F3,71,calibration,calibrated,70,Spain_337094,ESP,1.2109042184261218,0.20930370952344113,0.20930368374000297,0.7113562226295471,0.2273447960615158,0.0039888001047074795,262144,262056,20170,50758.5567502472,13782.829623690253,230376,5605,11510,14565,0,0
P1,F3,71,calibration,t1,70,Spain_337094,ESP,1.0,0.15444464796862722,0.154444670207172,0.6324560642242432,0.19421561062335968,0.006109348963946104,262144,262056,20170,56530.14684006682,14219.377136821573,230376,5605,11510,14565,0,0
P1,F3,71,calibration,calibrated,71,Spain_4282030,ESP,1.2109042184261218,0.1627727258144841,0.16277276604758795,0.9558302164077759,0.39176425337791443,0.002315135207027197,262144,262123,100347,71684.1066635025,20743.605255648195,149258,14734,12519,85612,0,0
P1,F3,71,calibration,t1,71,Spain_4282030,ESP,1.0,0.12584622587043903,0.12584631331154628,0.9367653727531433,0.37068331241607666,0.003594796173274517,262144,262123,100347,70148.68625241998,20704.416826179826,149258,14734,12519,85612,0,0
P1,F3,71,calibration,calibrated,72,Spain_4915752,ESP,1.2109042184261218,0.2223774331808389,0.22237750337225903,0.41142499446868896,0.10495129972696304,0.00129941594786942,262144,262128,9437,8620.924312037583,1866.892984620028,252387,2077,304,7360,0,0
P1,F3,71,calibration,t1,72,Spain_4915752,ESP,1.0,0.14251587290539414,0.14251594017197267,0.32012394070625305,0.07995269447565079,0.0018616473535075784,262144,262128,9437,7243.089020808079,1851.220092332232,252387,2077,304,7360,0,0
P1,F3,71,calibration,calibrated,73,Spain_5650136,ESP,1.2109042184261218,0.1180347848194837,0.1180347639542575,0.9119040966033936,0.3490784466266632,0.0013273947406560183,262144,171596,115284,38383.79679286698,10569.987086244444,55041,12348,2285,101922,0,0
P1,F3,71,calibration,t1,73,Spain_5650136,ESP,1.0,0.08610115905290583,0.08610119966089158,0.8769399523735046,0.32206833362579346,0.0020157932303845882,262144,171596,115284,36044.244848711896,10450.395321209398,55041,12348,2285,101922,0,0
P1,F3,71,calibration,calibrated,74,Spain_5678382,ESP,1.2109042184261218,0.2912056658326546,0.2912056948226607,0.5232234597206116,0.1503223180770874,0.001704297843389213,262144,262117,8904,31534.30844687688,8735.265579989866,250284,8263,2929,641,0,0
P1,F3,71,calibration,t1,74,Spain_5678382,ESP,1.0,0.20882173220494327,0.20882172792365694,0.4353090524673462,0.12227138131856918,0.0025266974698752165,262144,262117,8904,34689.351224614904,9108.305349824837,250284,8263,2929,641,0,0
P1,F3,71,calibration,calibrated,75,Spain_5816638,ESP,1.2109042184261218,0.7155442057558532,0.7155442075193027,0.16562363505363464,0.03330135717988014,0.00034221180249005556,262144,262052,587,3228.4411288173733,454.87009462889847,261269,404,196,183,0,0
P1,F3,71,calibration,t1,75,Spain_5816638,ESP,1.0,0.5314061105326954,0.5314060749895938,0.10613321512937546,0.02213401347398758,0.00046597857726737857,262144,262052,587,2243.7805913385055,446.23419691863756,261269,404,196,183,0,0
P1,F3,71,calibration,calibrated,76,Spain_5923267,ESP,1.2109042184261218,0.07812848983962806,0.07812843731216279,0.8707484006881714,0.3104025423526764,0.00037447441718541086,262144,218743,211493,33039.97284261345,6525.304190165107,10648,6382,384,201329,0,0
P1,F3,71,calibration,t1,76,Spain_5923267,ESP,1.0,0.05594984869595376,0.0559498351908152,0.8215228319168091,0.2782641053199768,0.0005122582660987973,262144,218743,211493,26819.03520191079,5703.048800087425,10648,6382,384,201329,0,0
P1,F3,71,calibration,calibrated,77,Spain_6095801,ESP,1.2109042184261218,0.19448243311023472,0.19448251018335783,0.7990807890892029,0.271686315536499,0.0043129753321409225,262144,262062,28810,61927.916733319784,17984.370380100634,224746,14580,8506,14230,0,0
P1,F3,71,calibration,t1,77,Spain_6095801,ESP,1.0,0.14532422808043577,0.14532424724448278,0.7338975071907043,0.23859232664108276,0.006669932510703802,262144,262062,28810,68709.34187549964,18718.1131313569,224746,14580,8506,14230,0,0
P1,F3,71,calibration,calibrated,78,Spain_6199994,ESP,1.2109042184261218,0.5343251695758408,0.534325159752226,0.16990399360656738,0.03622514009475708,0.0007264837622642517,262144,261902,1199,4756.228948666925,918.1778333330118,260334,785,369,414,0,0
P1,F3,71,calibration,t1,78,Spain_6199994,ESP,1.0,0.3515736488450558,0.35157363427222776,0.11281610280275345,0.025191396474838257,0.0010504593374207616,262144,261902,1199,4106.808969850888,933.1932389435542,260334,785,369,414,0,0
P1,F3,71,calibration,calibrated,79,Spain_6537196,ESP,1.2109042184261218,0.3795868807970577,0.3795868971825156,0.45290520787239075,0.12143538892269135,0.0018740535015240312,262144,262106,4993,15282.614594718883,3920.37360182756,255659,3401,1454,1592,0,0
P1,F3,71,calibration,t1,79,Spain_6537196,ESP,1.0,0.2719444998796491,0.2719444675238357,0.3624105453491211,0.09520953893661499,0.0027443610597401857,262144,262106,4993,15390.066136105695,4003.6991338669363,255659,3401,1454,1592,0,0
P1,F3,71,calibration,calibrated,80,Spain_6860600,ESP,1.2109042184261218,0.6220234450342745,0.6220234334281274,0.1795700043439865,0.03603346273303032,0.00048373747267760336,262144,261969,869,3882.5628348517034,678.2892602977572,260968,755,132,114,0,0
P1,F3,71,calibration,t1,80,Spain_6860600,ESP,1.0,0.4278995984100813,0.4278995957806694,0.11640291661024094,0.023748531937599182,0.000676407536957413,262144,261969,869,2992.572048249829,686.6859545157147,260968,755,132,114,0,0
P1,F3,71,calibration,calibrated,81,Spain_716716,ESP,1.2109042184261218,0.2953090776893048,0.2953090131875895,0.34235283732414246,0.08622521907091141,0.0011845408007502556,262144,262067,5330,19406.297035544252,4795.292119195448,255232,4191,1505,1139,0,0
P1,F3,71,calibration,t1,81,Spain_716716,ESP,1.0,0.19440994770112086,0.19440991036043753,0.26091888546943665,0.06555841863155365,0.001715523423627019,262144,262067,5330,20985.391725571655,4928.568784138774,255232,4191,1505,1139,0,0
P1,F3,71,calibration,calibrated,82,Spain_7370579,ESP,1.2109042184261218,0.1675471487121324,0.16754716592015717,0.9198557138442993,0.35561060905456543,0.003596745664253831,262144,262045,63919,76084.56682525443,22313.657689306423,180457,11553,17670,52365,0,0
P1,F3,71,calibration,t1,82,Spain_7370579,ESP,1.0,0.1275769974259855,0.12757702666565118,0.8875086307525635,0.32934659719467163,0.005607475992292166,262144,262045,63919,81026.58161369893,22919.80765199131,180457,11553,17670,52365,0,0
P1,F3,71,calibration,calibrated,83,Spain_7387658,ESP,1.2109042184261218,0.15299300704847518,0.15299305780821248,0.9740481376647949,0.41767892241477966,0.0023170127533376217,262144,262057,142462,94073.64131588224,28337.970435350493,95195,13856,24405,128601,0,0
P1,F3,71,calibration,t1,83,Spain_7387658,ESP,1.0,0.12093692769246012,0.12093693355691648,0.9624995589256287,0.4011262059211731,0.003643457777798176,262144,262057,142462,93410.27470813176,28339.11013510615,95195,13856,24405,128601,0,0
P1,F3,71,calibration,calibrated,84,Spain_7558720,ESP,1.2109042184261218,0.27748736030548005,0.2774873967846174,0.5277472138404846,0.1525617241859436,0.0025288930628448725,262144,261984,9181,23941.47176298238,6975.086256309676,251721,8126,1082,1055,0,0
P1,F3,71,calibration,t1,84,Spain_7558720,ESP,1.0,0.2010306853707069,0.20103061849047654,0.44046154618263245,0.12449609488248825,0.003748046699911356,262144,261984,9181,25651.632665182395,7284.660500865015,251721,8126,1082,1055,0,0
P1,F3,71,calibration,calibrated,85,Spain_7604243,ESP,1.2109042184261218,0.11493482438850977,0.11493490052509536,0.37990862131118774,0.09143666923046112,0.0009083429467864335,262144,262080,21904,8329.715616686351,1498.53257773321,239710,1451,466,20453,0,0
P1,F3,71,calibration,t1,85,Spain_7604243,ESP,1.0,0.06606268822547201,0.0660627108664984,0.2851477265357971,0.06719721853733063,0.00129201530944556,262144,262080,21904,6431.489052324689,1458.7526537782476,239710,1451,466,20453,0,0
P1,F3,71,calibration,calibrated,86,Spain_7786924,ESP,1.2109042184261218,0.3305391294500738,0.3305391797787417,0.3922627568244934,0.10307130962610245,0.001813370967283845,262144,262111,5301,16816.726384089685,4276.844581598522,254875,3468,1942,1826,0,0
P1,F3,71,calibration,t1,86,Spain_7786924,ESP,1.0,0.2284104109356314,0.22841035916441654,0.3080762028694153,0.08015129715204239,0.002695239381864667,262144,262111,5301,17655.604612871197,4406.867494335244,254875,3468,1942,1826,0,0
P1,F3,71,calibration,calibrated,87,Spain_7856615,ESP,1.2109042184261218,0.23480123321460555,0.234801193301295,0.6811434030532837,0.21175484359264374,0.0034339088015258312,262144,261930,16470,45264.736810563714,12749.961247662672,240849,11444,4611,5026,0,0
P1,F3,71,calibration,t1,87,Spain_7856615,ESP,1.0,0.17185937172362087,0.17185930038002684,0.5977559089660645,0.178523451089859,0.005218613892793655,262144,261930,16470,50046.936116018696,13247.411443800916,240849,11444,4611,5026,0,0
P1,F3,71,calibration,calibrated,88,Spain_8104659,ESP,1.2109042184261218,0.22437765260329456,0.22437771861001765,0.7727132439613342,0.2589646577835083,0.0029284139163792133,262144,262128,21587,46881.24448750052,14846.838967077369,239561,19083,980,2504,0,0
P1,F3,71,calibration,t1,88,Spain_8104659,ESP,1.0,0.17019039914791712,0.17019036121209874,0.7033625245094299,0.22602391242980957,0.004450495820492506,262144,262128,21587,51323.23458406688,15621.090652969451,239561,19083,980,2504,0,0
P1,F3,71,calibration,calibrated,89,Spain_8154154,ESP,1.2109042184261218,0.2447189268529849,0.24471893709627013,0.5331164002418518,0.1532306671142578,0.00289840972982347,262144,262118,10797,23824.26216635692,6857.0808853184935,249994,7542,1327,3255,0,0
P1,F3,71,calibration,t1,89,Spain_8154154,ESP,1.0,0.1743110040509609,0.17431104785342366,0.44412922859191895,0.12460498511791229,0.004357142839580774,262144,262118,10797,25405.78540711199,7131.991677045869,249994,7542,1327,3255,0,0
P1,F3,71,calibration,calibrated,90,Spain_8199661,ESP,1.2109042184261218,0.17702381739787754,0.177023800683336,0.3837704360485077,0.10025347024202347,0.00267104827798903,262144,262036,11315,19758.033316407695,5103.234820496202,249167,4687,1555,6627,0,0
P1,F3,71,calibration,t1,90,Spain_8199661,ESP,1.0,0.11356779371720727,0.11356776087255249,0.2996261417865753,0.07776745408773422,0.004013882018625736,262144,262036,11315,21104.78229120941,5264.344847431071,249167,4687,1555,6627,0,0
P1,F3,71,calibration,calibrated,91,Spain_8372658,ESP,1.2109042184261218,0.1427162761814067,0.1427163545417608,0.9161234498023987,0.35174107551574707,0.0019768483471125364,262144,262029,89910,51791.24889562347,13873.02610602284,161584,7341,10536,82568,0,0
P1,F3,71,calibration,t1,91,Spain_8372658,ESP,1.0,0.10594982944423215,0.10594990638763724,0.8824160099029541,0.32491692900657654,0.0030175382271409035,262144,262029,89910,49348.964150976135,13642.90307567152,161584,7341,10536,82568,0,0
P1,F3,71,calibration,calibrated,92,Spain_8565131,ESP,1.2109042184261218,0.15073824948341064,0.1507382464410798,0.8896970748901367,0.33009275794029236,0.0023794539738446474,262144,262084,65268,56406.6729616028,16507.92874339457,192243,17485,4573,47783,0,0
P1,F3,71,calibration,t1,92,Spain_8565131,ESP,1.0,0.1110653598606074,0.11106531243478068,0.8474318385124207,0.3008211553096771,0.003643799340352416,262144,262084,65268,57381.086712613636,16930.61166029184,192243,17485,4573,47783,0,0
P1,F3,71,test,calibrated,0,India_1017769,IND,1.2109042184261218,0.10700532414000985,0.10700533548331748,0.8817689418792725,0.32069918513298035,0.001441186643205583,262144,172971,163506,70201.53667342718,22099.45935614001,49049,25779,4377,93766,0,0
P1,F3,71,test,t1,0,India_1017769,IND,1.0,0.07761728962063963,0.07761734072940263,0.8363690376281738,0.2899218499660492,0.0022345297038555145,262144,172971,163506,72792.8772253968,22938.290119339756,49049,25779,4377,93766,0,0
P1,F3,71,test,calibrated,1,India_1018317,IND,1.2109042184261218,0.09292608943660152,0.0929261647127152,0.8486455082893372,0.29584330320358276,0.000559740699827671,262144,196977,188001,62732.07470706815,18219.03821592929,24287,21980,1254,149456,0,0
P1,F3,71,test,t1,1,India_1018317,IND,1.0,0.06648276447819845,0.06648271508241144,0.7931649088859558,0.26262640953063965,0.0008150883950293064,262144,196977,188001,62702.75137690648,18526.904242606197,24287,21980,1254,149456,0,0
P1,F3,71,test,calibrated,2,India_1018327,IND,1.2109042184261218,0.16902936137397273,0.16902939689564744,0.613251805305481,0.18288646638393402,0.0034068170934915543,262144,262142,20042,72097.51169800872,17338.911941082886,223926,1567,18174,18475,0,0
P1,F3,71,test,t1,2,India_1018327,IND,1.0,0.11967918442598824,0.119679166061334,0.5245394110679626,0.151211217045784,0.005178048741072416,262144,262142,20042,83330.56051575315,17719.23861852006,223926,1567,18174,18475,0,0
P1,F3,71,test,calibrated,3,India_103447,IND,1.2109042184261218,0.14222829287279337,0.14222826309158598,0.7704214453697205,0.2534390389919281,0.0017342615174129605,262144,163567,41885,34347.53211949201,9131.7275063948,132053,4537,6904,20073,0,0
P1,F3,71,test,t1,3,India_103447,IND,1.0,0.10111378802127147,0.10111382573812244,0.6990934610366821,0.21928441524505615,0.0026341425254940987,262144,163567,41885,37720.184987905384,9395.514520577208,132053,4537,6904,20073,0,0
P1,F3,71,test,calibrated,4,India_1050276,IND,1.2109042184261218,0.25005918561565077,0.2500591844524729,0.6467824578285217,0.19435320794582367,0.004071482457220554,262144,255185,14219,135888.18922014374,34513.39670334466,204173,2007,37293,11712,0,0
P1,F3,71,test,t1,4,India_1050276,IND,1.0,0.1805086624118375,0.1805086810677644,0.5582926869392395,0.161092147231102,0.006187038030475378,262144,255185,14219,160037.52367984466,35643.07366905044,204173,2007,37293,11712,0,0
P1,F3,71,test,calibrated,5,India_1068117,IND,1.2109042184261218,0.15562309444137157,0.15562307906275852,0.7244417667388916,0.23160910606384277,0.0048399195075035095,262144,229712,31491,96398.29607691453,24040.986346745478,178288,3464,23797,24163,0,0
P1,F3,71,test,t1,5,India_1068117,IND,1.0,0.1114719749446047,0.11147199836981825,0.6458042860031128,0.19778752326965332,0.007470420096069574,262144,229712,31491,111883.23325802296,24628.788861870064,178288,3464,23797,24163,0,0
P1,F3,71,test,calibrated,6,India_1072277,IND,1.2109042184261218,0.8912868945926358,0.8912868934125984,0.3259847164154053,0.07011628895998001,0.0003409811179153621,262144,262142,333,85506.91672472986,20688.060243480784,239525,71,22284,262,0,0
P1,F3,71,test,t1,6,India_1072277,IND,1.0,0.8043962494485362,0.8043962794528872,0.2313799411058426,0.04743911325931549,0.0004303992900531739,262144,262142,333,100867.2119376474,21265.5631023072,239525,71,22284,262,0,0
P1,F3,71,test,calibrated,7,India_118868,IND,1.2109042184261218,0.7111114487157291,0.7111114239237446,0.4502408504486084,0.10834164172410965,0.0011492917547002435,159275,159275,1852,39297.35311602278,10638.92144293469,146886,1704,10537,148,0,0
P1,F3,71,test,t1,7,India_118868,IND,1.0,0.5727255770533819,0.5727255676097915,0.34523123502731323,0.07887165993452072,0.0017079428071156144,159275,159275,1852,42742.7413510788,11030.008606659147,146886,1704,10537,148,0,0
P1,F3,71,test,calibrated,8,India_135434,IND,1.2109042184261218,0.18901062302642802,0.18901062621813458,0.7088236212730408,0.2218168079853058,0.001520207617431879,258866,117150,22491,11774.30655528962,3233.1028348978343,105066,1772,2187,8125,0,0
P1,F3,71,test,t1,8,India_135434,IND,1.0,0.1367566468964574,0.1367566499657693,0.6271292567253113,0.18745571374893188,0.002245680894702673,258866,117150,22491,12230.18027299719,3305.267309781725,105066,1772,2187,8125,0,0
P1,F3,71,test,calibrated,9,India_136196,IND,1.2109042184261218,0.35204310344254897,0.3520431408581721,0.8546813726425171,0.3084137737751007,0.0024562799371778965,262144,211744,14595,27717.949834991996,9127.894135343922,197797,13947,0,0,0,0
P1,F3,71,test,t1,9,India_136196,IND,1.0,0.2890488881151343,0.28904888234877335,0.8034548163414001,0.27788081765174866,0.0036247530952095985,262144,211744,14595,28498.69179966834,9529.801777972454,197797,13947,0,0,0,0
P1,F3,71,test,calibrated,10,India_164336,IND,1.2109042184261218,0.811696904730968,0.8116969256086154,0.2053162008523941,0.043536122888326645,0.00023526673612650484,262144,259101,419,10597.088398243688,2030.7342055996078,256862,358,1820,61,0,0
P1,F3,71,test,t1,10,India_164336,IND,1.0,0.6747163386906384,0.6747163348465177,0.13838811218738556,0.02985270880162716,0.00029797511524520814,262144,259101,419,11046.776641590826,2033.3248411109657,256862,358,1820,61,0,0
P1,F3,71,test,calibrated,11,India_166709,IND,1.2109042184261218,0.8325555945277476,0.8325555924605917,0.2401319295167923,0.05215337499976158,0.00037947125383652747,262144,256894,398,36522.201693688854,8218.480492798164,247813,242,8683,156,0,0
P1,F3,71,test,t1,11,India_166709,IND,1.0,0.713033005323954,0.7130330053544172,0.16672731935977936,0.03612399846315384,0.0004893355653621256,262144,256894,398,42309.563446356464,8401.56396854419,247813,242,8683,156,0,0
P1,F3,71,test,calibrated,12,India_177319,IND,1.2109042184261218,0.5992421411563277,0.599242144716971,0.2656112611293793,0.06604626029729843,0.002404546830803156,261409,256490,1332,11770.941773872943,2435.155234810736,253646,1266,1523,55,0,0
P1,F3,71,test,t1,12,India_177319,IND,1.0,0.4570189139385942,0.45701891179459264,0.19815175235271454,0.05018655210733414,0.0032971797045320272,261409,256490,1332,12370.292965094113,2449.192926198055,253646,1266,1523,55,0,0
P1,F3,71,test,calibrated,13,India_179238,IND,1.2109042184261218,0.8312961143373419,0.8312961139099184,0.2864355444908142,0.06442089378833771,0.00031964940717443824,262144,192482,467,48227.92321123651,10769.866230740523,180725,165,11299,293,0,0
P1,F3,71,test,t1,13,India_179238,IND,1.0,0.7185718723134461,0.718571879249494,0.20493252575397491,0.04551435634493828,0.0004067538247909397,262144,192482,467,56629.74642789912,10976.517860826618,180725,165,11299,293,0,0
P1,F3,71,test,calibrated,14,India_180633,IND,1.2109042184261218,0.1152103008453006,0.115210175935192,0.8642253875732422,0.31179192662239075,0.0014591965591534972,262144,164555,95998,32681.754589814504,8433.444705318158,81970,6822,4191,71572,0,0
P1,F3,71,test,t1,14,India_180633,IND,1.0,0.08194506668211476,0.0819450259270803,0.8144336938858032,0.2808680236339569,0.0022317729890346527,262144,164555,95998,31860.039140979163,8403.09865515109,81970,6822,4191,71572,0,0
P1,F3,71,test,calibrated,15,India_207862,IND,1.2109042184261218,0.35298731575398323,0.3529873056037952,0.7632805109024048,0.25442802906036377,0.0023145845625549555,262144,200115,11643,66680.20442624533,17721.513597376892,173727,5360,16270,4758,0,0
P1,F3,71,test,t1,15,India_207862,IND,1.0,0.2797816022554104,0.2797815781964216,0.6927791237831116,0.22156700491905212,0.003465482499450445,262144,200115,11643,76616.89280064293,18306.403692622484,173727,5360,16270,4758,0,0
P1,F3,71,test,calibrated,16,India_244057,IND,1.2109042184261218,0.4779987077193326,0.47799875136849423,0.7176918983459473,0.23515921831130981,0.0012538774171844125,262144,160537,6288,9564.033588338356,2760.0844153086027,156571,3961,5,0,0,0
P1,F3,71,test,t1,16,India_244057,IND,1.0,0.3990208883907368,0.3990209227627397,0.6433230042457581,0.2033836841583252,0.001792777213267982,262144,160537,6288,8880.516886535086,2757.645982102188,156571,3961,5,0,0,0
P1,F3,71,test,calibrated,17,India_25540,IND,1.2109042184261218,0.6470656541826604,0.647065663989,0.6047664284706116,0.18699941039085388,0.0005034554051235318,262144,188625,2817,30879.493957677227,8393.927813344597,176243,823,9942,1617,0,0
P1,F3,71,test,t1,17,India_25540,IND,1.0,0.5589360513747201,0.5589360420800541,0.5230636596679688,0.15769730508327484,0.0006863081362098455,262144,188625,2817,34372.73398269788,8670.6136934399,176243,823,9942,1617,0,0
P1,F3,71,test,calibrated,18,India_265762,IND,1.2109042184261218,0.7504804415094865,0.7504804432583808,0.20418821275234222,0.04172641411423683,0.0003475173143669963,262144,147296,569,36135.82653584753,8025.672843073644,138580,183,8380,153,0,0
P1,F3,71,test,t1,18,India_265762,IND,1.0,0.5839465546910105,0.5839465679347987,0.13456770777702332,0.027795379981398582,0.0004620969411917031,262144,147296,569,42681.40292868702,8196.789590575912,138580,183,8380,153,0,0
P1,F3,71,test,calibrated,19,India_273873,IND,1.2109042184261218,0.2962755122656614,0.29627548707650897,0.8921405673027039,0.3340435326099396,0.002305579837411642,262144,155608,21319,38394.81559209035,10513.489376567426,141196,8966,4575,871,0,0
P1,F3,71,test,t1,19,India_273873,IND,1.0,0.24116048636238707,0.2411604674132618,0.8511075973510742,0.30552545189857483,0.003456030273810029,262144,155608,21319,43056.78263186758,10872.017437094815,141196,8966,4575,871,0,0
P1,F3,71,test,calibrated,20,India_285297,IND,1.2109042184261218,0.2669620512984824,0.26696197603867244,0.7960573434829712,0.27065595984458923,0.0024046374019235373,262144,245042,19335,119299.63908182924,31837.578540452017,198670,10366,27451,8555,0,0
P1,F3,71,test,t1,20,India_285297,IND,1.0,0.20418157857138097,0.2041815986558455,0.7306488752365112,0.23770976066589355,0.0036262699868530035,262144,245042,19335,138666.7661524854,32940.85951000634,198670,10366,27451,8555,0,0
P1,F3,71,test,calibrated,21,India_287642,IND,1.2109042184261218,0.32117024703802965,0.321170247080932,0.843972384929657,0.2980490028858185,0.0026847864501178265,262144,115377,19314,45869.366137666606,12759.27579042239,95699,1764,13610,4304,0,0
P1,F3,71,test,t1,21,India_287642,IND,1.0,0.25030821155386795,0.25030817694253304,0.7888495922088623,0.2660890817642212,0.004057588987052441,262144,115377,19314,52527.30775244631,13236.259250140232,95699,1764,13610,4304,0,0
P1,F3,71,test,calibrated,22,India_324254,IND,1.2109042184261218,0.7792825369983497,0.7792825547027854,0.1931941658258438,0.044072866439819336,0.0004099228826817125,262144,262144,469,15201.714615243374,3379.2852276012886,258020,241,3655,228,0,0
P1,F3,71,test,t1,22,India_324254,IND,1.0,0.6430287852023252,0.6430288129739912,0.13553623855113983,0.03193356469273567,0.0005503662978298962,262144,262144,469,16802.13750065027,3462.4323225851226,258020,241,3655,228,0,0
P1,F3,71,test,calibrated,23,India_373039,IND,1.2109042184261218,0.32255645050897874,0.32255648495670763,0.9444178342819214,0.38093477487564087,0.0026277974247932434,262144,242783,26017,52301.10387830611,16929.176884917542,217192,24082,1475,34,0,0
P1,F3,71,test,t1,23,India_373039,IND,1.0,0.26955567549802106,0.2695556475232248,0.9210898280143738,0.35834214091300964,0.003950862679630518,262144,242783,26017,55475.06337704047,17708.011167592915,217192,24082,1475,34,0,0
P1,F3,71,test,calibrated,24,India_383430,IND,1.2109042184261218,0.17521623313459045,0.17521625451331968,0.5593386292457581,0.16388599574565887,0.0041246130131185055,262144,251271,16554,119205.9340034226,26389.822168335384,209198,2845,25956,13272,0,0
P1,F3,71,test,t1,24,India_383430,IND,1.0,0.12429934056929248,0.12429935138657167,0.47141432762145996,0.13454271852970123,0.006244072690606117,262144,251271,16554,140965.77260361298,26879.078156773394,209198,2845,25956,13272,0,0
P1,F3,71,test,calibrated,25,India_391908,IND,1.2109042184261218,0.19943380068072503,0.19943377332105428,0.4982002079486847,0.14023026823997498,0.003683617105707526,262144,211832,12824,67755.06111784006,16001.6595660731,183915,1928,15953,10036,0,0
P1,F3,71,test,t1,25,India_391908,IND,1.0,0.13740036305420167,0.1374003368084563,0.40937918424606323,0.11290130019187927,0.0055448743514716625,262144,211832,12824,79095.3789322165,16366.443932918568,183915,1928,15953,10036,0,0
P1,F3,71,test,calibrated,26,India_399883,IND,1.2109042184261218,0.11024601353773222,0.11024604633769886,0.8984392285346985,0.33521023392677307,0.0018677334301173687,262144,262119,149759,91239.85072251919,27601.435906975006,100330,25497,12055,124237,0,0
P1,F3,71,test,t1,26,India_399883,IND,1.0,0.0801984949861938,0.08019850068881695,0.858624279499054,0.3062092363834381,0.0029356777667999268,262144,262119,149759,93451.51158747949,28378.49675200456,100330,25497,12055,124237,0,0
P1,F3,71,test,calibrated,27,India_44475,IND,1.2109042184261218,0.7846759010753039,0.7846759071520727,0.1741960048675537,0.03824453800916672,0.00027623935602605343,262144,260175,418,2351.067060612986,275.1260929314136,259876,299,0,0,0,0
P1,F3,71,test,t1,27,India_44475,IND,1.0,0.6410647887008528,0.6410647650331072,0.11849046498537064,0.027092531323432922,0.0003518483426887542,262144,260175,418,1355.3252134278223,245.1218812656593,259876,299,0,0,0,0
P1,F3,71,test,calibrated,28,India_500266,IND,1.2109042184261218,0.5598372901395163,0.5598372830530804,0.6749128103256226,0.2129121720790863,0.0009669402497820556,262144,262141,4513,127526.75326621931,31403.994841487987,222973,987,34655,3526,0,0
P1,F3,71,test,t1,28,India_500266,IND,1.0,0.467130199732805,0.46713019631065167,0.5932462215423584,0.18090885877609253,0.001377974753268063,262144,262141,4513,149935.85217742165,32280.324039091207,222973,987,34655,3526,0,0
P1,F3,71,test,calibrated,29,India_533192,IND,1.2109042184261218,0.2046229389365175,0.20462298291079517,0.9383255243301392,0.3721032440662384,0.001124492147937417,156878,120661,55084,35097.38205595129,9810.079946561433,70125,7292,4878,38366,0,0
P1,F3,71,test,t1,29,India_533192,IND,1.0,0.15793941725975835,0.1579394272028687,0.9124924540519714,0.34796202182769775,0.0017246166244149208,156878,120661,55084,33745.49512599716,9598.174470336355,70125,7292,4878,38366,0,0
P1,F3,71,test,calibrated,30,India_534470,IND,1.2109042184261218,0.5202745265991828,0.5202745045797736,0.24589420855045319,0.06473243981599808,0.0006358948303386569,262144,250570,1770,25423.71620265366,5785.129612486033,242634,502,6166,1268,0,0
P1,F3,71,test,t1,30,India_534470,IND,1.0,0.3865485657952624,0.3865486070583204,0.1878599226474762,0.05103890225291252,0.0009049821528606117,262144,250570,1770,29005.175949918324,5916.967648671993,242634,502,6166,1268,0,0
P1,F3,71,test,calibrated,31,India_56450,IND,1.2109042184261218,0.771906159507412,0.7719061419802357,0.21868211030960083,0.04872791841626167,0.0004185750149190426,262144,181248,558,2664.189631433173,419.11836291377955,180735,431,82,0,0,0
P1,F3,71,test,t1,31,India_56450,IND,1.0,0.6303586929231586,0.6303586639174419,0.1521874964237213,0.03459811210632324,0.0005453041521832347,262144,181248,558,1959.190633103219,400.1763038392297,180735,431,82,0,0,0
P1,F3,71,test,calibrated,32,India_566697,IND,1.2109042184261218,0.6852602020233269,0.6852601995891013,0.6490064859390259,0.193545863032341,0.0009391772327944636,262144,215703,2591,48793.338737652106,12751.258402403559,199720,1264,13644,1075,0,0
P1,F3,71,test,t1,32,India_566697,IND,1.0,0.5905889113190705,0.5905889248362299,0.5594276189804077,0.15971292555332184,0.0013170995516702533,262144,215703,2591,55252.25651914886,13111.159800457479,199720,1264,13644,1075,0,0
P1,F3,71,test,calibrated,33,India_570384,IND,1.2109042184261218,0.2029571151357057,0.20295715552865545,0.4856112599372864,0.13366828858852386,0.0018973944243043661,262144,242000,11670,31068.261349662018,7619.860975923826,225840,1612,7383,7165,0,0
P1,F3,71,test,t1,33,India_570384,IND,1.0,0.1389875817217655,0.1389875708768652,0.39538103342056274,0.1062706783413887,0.002818243345245719,262144,242000,11670,34831.11372773624,7823.4459837375325,225840,1612,7383,7165,0,0
P1,F3,71,test,calibrated,34,India_591317,IND,1.2109042184261218,0.10075503992794332,0.10075501635471129,0.7414342761039734,0.2306240051984787,0.0009713949402794242,262144,246049,115564,46794.506123685525,11695.049612851246,123986,8024,6499,107540,0,0
P1,F3,71,test,t1,34,India_591317,IND,1.0,0.06792441164521157,0.0679244313899936,0.660860002040863,0.19404980540275574,0.0014313991414383054,262144,246049,115564,43932.35375396784,11484.764881646812,123986,8024,6499,107540,0,0
P1,F3,71,test,calibrated,35,India_591549,IND,1.2109042184261218,0.6754735841790014,0.675473591925063,0.17939558625221252,0.03874172270298004,0.0004070354625582695,262144,245709,699,49030.427802775215,10209.852119619092,234465,190,10578,476,0,0
P1,F3,71,test,t1,35,India_591549,IND,1.0,0.5017586364519879,0.5017586843020624,0.12096625566482544,0.027090275660157204,0.0005626114434562624,262144,245709,699,57886.98381600393,10372.594612041397,234465,190,10578,476,0,0
P1,F3,71,test,calibrated,36,India_592446,IND,1.2109042184261218,0.17643346261393655,0.17643348875748865,0.46313905715942383,0.13015113770961761,0.0024316527415066957,262144,224355,13108,14913.445834012327,4120.209480443487,212554,2757,2617,6427,0,0
P1,F3,71,test,t1,36,India_592446,IND,1.0,0.12195463847053167,0.12195469892001432,0.37817782163619995,0.10489169508218765,0.0036732421722263098,262144,224355,13108,15646.896287409942,4260.18227194624,212554,2757,2617,6427,0,0
P1,F3,71,test,calibrated,37,India_59460,IND,1.2109042184261218,0.5212744930364284,0.521274472676758,0.6132449507713318,0.192241370677948,0.0009256472694687545,262144,209353,4487,9626.958618012992,2501.3721453040343,205959,3079,284,31,0,0
P1,F3,71,test,t1,37,India_59460,IND,1.0,0.4332626926158082,0.4332627002237315,0.5336650013923645,0.1632319539785385,0.0012891278602182865,262144,209353,4487,8891.463042172165,2478.387757446525,205959,3079,284,31,0,0
P1,F3,71,test,calibrated,38,India_624341,IND,1.2109042184261218,0.5594626753527387,0.5594626751832625,0.3372463583946228,0.09282977879047394,0.0006009257049299777,262144,262142,2049,18958.942246606886,4151.317548157235,257103,1815,2990,234,0,0
P1,F3,71,test,t1,38,India_624341,IND,1.0,0.4400943681026621,0.44009432377651947,0.2678429186344147,0.07451421767473221,0.0008382534142583609,262144,262142,2049,20685.47576429218,4186.457655885961,257103,1815,2990,234,0,0
P1,F3,71,test,calibrated,39,India_631692,IND,1.2109042184261218,0.8163304985506535,0.8163304929754065,0.08786703646183014,0.016078636050224304,0.00016823010810185224,262144,262144,231,3497.698454586247,618.0119529387437,261246,96,667,135,0,0
P1,F3,71,test,t1,39,India_631692,IND,1.0,0.6376950261701169,0.637695007952704,0.05039519816637039,0.010250138118863106,0.00022320511925499886,262144,262144,231,3084.0880174579875,632.6124199094293,261246,96,667,135,0,0
P1,F3,71,test,calibrated,40,India_652725,IND,1.2109042184261218,0.3713782789730874,0.3713782749034168,0.530772864818573,0.14402085542678833,0.001881606294773519,262144,262094,6166,69779.87858514283,16943.457633205267,238716,1583,17212,4583,0,0
P1,F3,71,test,t1,40,India_652725,IND,1.0,0.2669491334125289,0.2669491207564765,0.4340437650680542,0.11311211436986923,0.0027606512885540724,262144,262094,6166,80762.07444126744,17361.066507729414,238716,1583,17212,4583,0,0
P1,F3,71,test,calibrated,41,India_664410,IND,1.2109042184261218,0.46190919953583687,0.4619091948936318,0.4110845625400543,0.10125107318162918,0.0021270662546157837,262144,262142,3522,44614.8604350445,10532.550593055155,247745,871,10875,2651,0,0
P1,F3,71,test,t1,41,India_664410,IND,1.0,0.32462799528986386,0.32462804021372915,0.3149106204509735,0.07531559467315674,0.0031170949805527925,262144,262142,3522,50789.89479038981,10781.68389242452,247745,871,10875,2651,0,0
P1,F3,71,test,calibrated,42,India_691027,IND,1.2109042184261218,0.31777363059719843,0.31777365369831345,0.33403441309928894,0.08862593024969101,0.002261469839140773,262144,254034,4766,26306.293418673493,6121.1048574697625,243931,1709,5443,2951,0,0
P1,F3,71,test,t1,42,India_691027,IND,1.0,0.21966668784168486,0.2196667691928038,0.2607918679714203,0.06962274014949799,0.003356406232342124,262144,254034,4766,29692.85452681469,6268.291537105787,243931,1709,5443,2951,0,0
P1,F3,71,test,calibrated,43,India_698338,IND,1.2109042184261218,0.6495746911614939,0.6495747192183301,0.3360975384712219,0.09335418790578842,0.0004086291592102498,262144,227984,1505,26699.181849652217,7155.062763058097,217697,351,8815,1121,0,0
P1,F3,71,test,t1,43,India_698338,IND,1.0,0.5348709083562142,0.5348709408403212,0.2690053880214691,0.07524048537015915,0.0005572423688136041,262144,227984,1505,30268.31012204507,7486.124163176937,217697,351,8815,1121,0,0
P1,F3,71,test,calibrated,44,India_70352,IND,1.2109042184261218,0.11535145578550243,0.11535151210353789,0.445353627204895,0.12246861308813095,0.0026827233377844095,262144,239229,21101,15111.369766902219,4072.910388605927,222218,3823,1450,11738,0,0
P1,F3,71,test,t1,44,India_70352,IND,1.0,0.075613440762889,0.07561347524102369,0.3586306571960449,0.09761518239974976,0.0040661427192389965,262144,239229,21101,15760.700937802652,4234.278702200524,222218,3823,1450,11738,0,0
P1,F3,71,test,calibrated,45,India_707886,IND,1.2109042184261218,0.174506510434414,0.1745064828251197,0.2332790195941925,0.057114891707897186,0.0020942960400134325,262144,256881,7035,6636.810393701857,1613.4534126428866,249510,1703,388,5280,0,0
P1,F3,71,test,t1,45,India_707886,IND,1.0,0.10478726224308987,0.10478732957785541,0.17169417440891266,0.043094512075185776,0.0031328201293945312,262144,256881,7035,6265.17838887036,1654.3534360331166,249510,1703,388,5280,0,0
P1,F3,71,test,calibrated,46,India_73419,IND,1.2109042184261218,0.6295895906512643,0.6295895855636638,0.1723792403936386,0.0362907312810421,0.0003454039106145501,262144,178934,803,29496.439668654217,5841.250765215193,172443,239,5935,317,0,0
P1,F3,71,test,t1,46,India_73419,IND,1.0,0.4455864721082776,0.44558647984305344,0.11436185985803604,0.02494087815284729,0.0004760034498758614,262144,178934,803,34661.85522901862,5917.645619478166,172443,239,5935,317,0,0
P1,F3,71,test,calibrated,47,India_747970,IND,1.2109042184261218,0.24867672121520523,0.24867670718749657,0.2349061518907547,0.05933462828397751,0.0016480678459629416,262144,246517,4704,11113.068145076622,2507.7789084842234,240387,1123,1886,3121,0,0
P1,F3,71,test,t1,47,India_747970,IND,1.0,0.15783722535726197,0.157837265200244,0.17611755430698395,0.04561441019177437,0.002456120913848281,262144,246517,4704,11837.640072772516,2561.280687934833,240387,1123,1886,3121,0,0
P1,F3,71,test,calibrated,48,India_747992,IND,1.2109042184261218,0.4300144135197377,0.43001444074954975,0.7196359038352966,0.22526459395885468,0.0013077856274321675,262144,262087,9293,378512.8831879606,97942.25755441662,144502,263,108292,9030,0,0
P1,F3,71,test,t1,48,India_747992,IND,1.0,0.3306137783773745,0.33061378850308354,0.6380388736724854,0.19029906392097473,0.0019064015941694379,262144,262087,9293,452194.6318069132,101245.68876002237,144502,263,108292,9030,0,0
P1,F3,71,test,calibrated,49,India_764946,IND,1.2109042184261218,0.34231664842705656,0.3423165936390967,0.2700136601924896,0.07021093368530273,0.0011176069965586066,262144,242502,3541,6522.752087671552,1570.0320384325496,238502,854,1185,1961,0,0
P1,F3,71,test,t1,49,India_764946,IND,1.0,0.2336296695876129,0.23362965885708853,0.20715726912021637,0.05473725125193596,0.0016503972001373768,262144,242502,3541,6153.273266033078,1596.742378464305,238502,854,1185,1961,0,0
P1,F3,71,test,calibrated,50,India_769408,IND,1.2109042184261218,0.4031460356417924,0.40314603575605135,0.38907575607299805,0.10189440846443176,0.0015873530646786094,262144,175907,3967,27655.90626240003,6824.310629126656,165772,1553,6396,2186,0,0
P1,F3,71,test,t1,50,India_769408,IND,1.0,0.2876002902523309,0.2876002870945805,0.3044774830341339,0.07913121581077576,0.002314177807420492,262144,175907,3967,31449.537251495734,7013.605892163536,165772,1553,6396,2186,0,0
P1,F3,71,test,calibrated,51,India_772630,IND,1.2109042184261218,0.4402117996027741,0.4402118070366078,0.881547212600708,0.3274245858192444,0.0017234892584383488,262144,155332,11498,21283.075605307404,6102.240081284867,146576,7411,1298,47,0,0
P1,F3,71,test,t1,51,India_772630,IND,1.0,0.3740043171250166,0.37400433176948045,0.8376442193984985,0.2984884977340698,0.0025152910966426134,262144,155332,11498,22143.084219291515,6227.826079032649,146576,7411,1298,47,0,0
P1,F3,71,test,calibrated,52,India_773682,IND,1.2109042184261218,0.4256818786118677,0.42568185590370633,0.3569144606590271,0.08723399043083191,0.0008069443283602595,262144,252793,3119,116388.4786477025,26638.071060059636,221383,451,28291,2668,0,0
P1,F3,71,test,t1,52,India_773682,IND,1.0,0.2953588238514028,0.29535884243672217,0.26999613642692566,0.06487537920475006,0.0011575769167393446,262144,252793,3119,138404.60032609655,27260.125646895198,221383,451,28291,2668,0,0
P1,F3,71,test,calibrated,53,India_774689,IND,1.2109042184261218,0.23941008618045034,0.23941014412088624,0.6400545835494995,0.19489522278308868,0.0046791331842541695,261156,237116,14432,53872.90752757505,13807.254101168937,213604,4755,11633,7124,0,0
P1,F3,71,test,t1,53,India_774689,IND,1.0,0.17445702113659234,0.17445699623686328,0.5538231134414673,0.16277998685836792,0.006864807568490505,261156,237116,14432,61476.88453072212,14230.699101102029,213604,4755,11633,7124,0,0
P1,F3,71,test,calibrated,54,India_79637,IND,1.2109042184261218,0.6346425657588712,0.6346425788718462,0.19449320435523987,0.037192583084106445,0.0002857823565136641,262144,262144,800,24742.973018768862,4792.529193489285,256689,290,4655,510,0,0
P1,F3,71,test,t1,54,India_79637,IND,1.0,0.43666155669980555,0.4366615165526124,0.1241990402340889,0.02334442548453808,0.0003893453686032444,262144,262144,800,28142.09382766211,4828.648858564351,256689,290,4655,510,0,0
P1,F3,71,test,calibrated,55,India_80221,IND,1.2109042184261218,0.09353041158785136,0.09353038388668478,0.7700173854827881,0.24579353630542755,0.0006156761082820594,262144,151793,162382,45982.83552530192,13152.33483420519,22263,15024,1330,113176,0,0
P1,F3,71,test,t1,55,India_80221,IND,1.0,0.06458986551998269,0.06458981483032322,0.694489061832428,0.2094191312789917,0.0009312600013799965,262144,151793,162382,45804.81825794667,13352.99860190514,22263,15024,1330,113176,0,0
P1,F3,71,test,calibrated,56,India_804466,IND,1.2109042184261218,0.5206608914702746,0.5206608675802715,0.595109224319458,0.16699185967445374,0.0014217050047591329,262144,262134,4436,165104.8796671192,41616.57522266112,211410,496,46288,3940,0,0
P1,F3,71,test,t1,56,India_804466,IND,1.0,0.403200000990786,0.4032000025778648,0.4987174868583679,0.1333620399236679,0.002081576269119978,262144,262134,4436,195423.25967118313,43006.294856941546,211410,496,46288,3940,0,0
P1,F3,71,test,calibrated,57,India_828067,IND,1.2109042184261218,0.259518106385644,0.25951808298029655,0.3084312081336975,0.080435611307621,0.002114125993102789,262144,183120,5633,12567.702329420266,3121.9997873056686,175016,1110,2719,4275,0,0
P1,F3,71,test,t1,57,India_828067,IND,1.0,0.17274013123516274,0.17274012383651138,0.23794513940811157,0.06263937056064606,0.0031782800797373056,262144,183120,5633,13520.306412225282,3198.729793259358,175016,1110,2719,4275,0,0
P1,F3,71,test,calibrated,58,India_833266,IND,1.2109042184261218,0.6088906775084713,0.6088906477075684,0.21935710310935974,0.047697123140096664,0.00040966604137793183,262144,219674,1089,77627.8868323371,16562.296224154587,201329,83,17306,956,0,0
P1,F3,71,test,t1,58,India_833266,IND,1.0,0.4340129839755742,0.4340129995627663,0.15032131969928741,0.033275943249464035,0.0005525542655959725,262144,219674,1089,92398.47037641503,16839.667876546537,201329,83,17306,956,0,0
P1,F3,71,test,calibrated,59,India_842775,IND,1.2109042184261218,0.5780572570766943,0.57805725081097,0.1863994598388672,0.044875845313072205,0.0003024812613148242,262144,246418,1195,22930.78746754889,4866.931932510242,240172,317,5054,875,0,0
P1,F3,71,test,t1,59,India_842775,IND,1.0,0.41710105875684844,0.4171010944353719,0.132785364985466,0.0338490791618824,0.00041952880565077066,262144,246418,1195,26218.154261080534,4951.137489167202,240172,317,5054,875,0,0
P1,F3,71,test,calibrated,60,India_869358,IND,1.2109042184261218,0.533519599873262,0.5335196105725202,0.3913215398788452,0.09594010561704636,0.0014367959229275584,262144,262144,2421,16986.718276499007,3797.2488590509215,256269,825,3454,1596,0,0
P1,F3,71,test,t1,60,India_869358,IND,1.0,0.3908516551191724,0.3908516570867604,0.2984454333782196,0.07126381248235703,0.002092893933877349,262144,262144,2421,17616.60857782494,3823.951028133205,256269,825,3454,1596,0,0
P1,F3,71,test,calibrated,61,India_900498,IND,1.2109042184261218,0.14710999856202966,0.14710991662169015,0.9406610727310181,0.3752444386482239,0.0017855565529316664,262144,261992,122655,80444.59715130067,22282.531335244337,125312,12727,14071,109882,0,0
P1,F3,71,test,t1,61,India_900498,IND,1.0,0.11265564931543648,0.11265571619060444,0.9157530069351196,0.3516336977481842,0.002772682113572955,262144,261992,122655,80070.80339905048,21846.947156196788,125312,12727,14071,109882,0,0
P1,F3,71,test,calibrated,62,India_91379,IND,1.2109042184261218,0.4534723756632071,0.45347235316393464,0.48522666096687317,0.12756362557411194,0.0010181160178035498,262144,262133,4335,94583.32372229848,23266.347792762735,232160,379,25638,3956,0,0
P1,F3,71,test,t1,62,India_91379,IND,1.0,0.3291306613968933,0.3291306689067598,0.38775119185447693,0.0985087975859642,0.001466449466533959,262144,262133,4335,110846.0316897502,23953.035771790586,232160,379,25638,3956,0,0
P1,F3,71,test,calibrated,63,India_943439,IND,1.2109042184261218,0.13391464176039114,0.13391462780147578,0.78508460521698,0.2636454701423645,0.0061327735893428326,262144,250096,42339,72287.64701631202,19597.44718457802,193738,8749,15419,32190,0,0
P1,F3,71,test,t1,63,India_943439,IND,1.0,0.09773837894219373,0.09773849110150301,0.7170493602752686,0.23026397824287415,0.009582324884831905,262144,250096,42339,81602.56468504011,20257.15430249313,193738,8749,15419,32190,0,0
P1,F3,71,test,calibrated,64,India_952728,IND,1.2109042184261218,0.407969531067196,0.40796948646701203,0.2476036548614502,0.05828019604086876,0.0011140266433358192,262144,188716,2504,23716.36656016348,5056.849589968595,182295,573,4887,961,0,0
P1,F3,71,test,t1,64,India_952728,IND,1.0,0.2688021477735232,0.2688021297365891,0.17846183478832245,0.042840562760829926,0.0016098595224320889,262144,188716,2504,27354.832111953954,5141.329821486048,182295,573,4887,961,0,0
P1,F3,71,test,calibrated,65,India_956930,IND,1.2109042184261218,0.2941270977315097,0.2941270518922252,0.7775939106941223,0.2639937102794647,0.003124639391899109,262144,237130,14504,106782.35548401528,26337.370005606997,195080,1954,28907,11189,0,0
P1,F3,71,test,t1,65,India_956930,IND,1.0,0.2330839312044486,0.2330839665791734,0.7104441523551941,0.23180140554904938,0.004669383633881807,262144,237130,14504,124868.98788583471,27091.510306767515,195080,1954,28907,11189,0,0
P1,F3,71,test,calibrated,66,India_979278,IND,1.2109042184261218,0.5594362305519989,0.55943621089187,0.8724822998046875,0.3157833516597748,0.001760174403898418,124051,105990,7267,17852.959016288987,3940.4474276454025,98136,2417,1754,3683,0,0
P1,F3,71,test,t1,66,India_979278,IND,1.0,0.46530122977767296,0.46530125035268455,0.8246358036994934,0.2848636507987976,0.002670666202902794,124051,105990,7267,15199.998878345239,3580.0316875382723,98136,2417,1754,3683,0,0
P1,F3,71,test,calibrated,67,India_981708,IND,1.2109042184261218,0.622932324431956,0.6229323277733838,0.37727853655815125,0.08269672095775604,0.000862600514665246,222572,219993,1767,40810.009177799184,10575.184355929057,208075,1572,10281,65,0,0
P1,F3,71,test,t1,67,India_981708,IND,1.0,0.45344711032067,0.4534471293681429,0.27440106868743896,0.0563523955643177,0.0012696952326223254,222572,219993,1767,45916.244957559684,10952.043408249938,208075,1572,10281,65,0,0
P1,F3,71,test,calibrated,68,Paraguay_1019808,PRY,1.2109042184261218,0.7468359113711891,0.7468358974405005,0.3562219738960266,0.09710855036973953,0.00010513721645111218,262144,262144,1097,13111.94484175495,3342.7015976808034,256725,249,4322,848,0,0
P1,F3,71,test,t1,68,Paraguay_1019808,PRY,1.0,0.6470169287158106,0.6470169448467273,0.2812826931476593,0.07745419442653656,0.00012434259406290948,262144,262144,1097,13494.283664854061,3440.588841419981,256725,249,4322,848,0,0
P1,F3,71,test,calibrated,69,Paraguay_1029042,PRY,1.2109042184261218,0.09462278052577922,0.09462275040456292,0.6786493062973022,0.2082834094762802,0.004258783534169197,262144,223004,69901,21149.832689130722,4959.985011044253,156048,5759,965,60232,0,0
P1,F3,71,test,t1,69,Paraguay_1029042,PRY,1.0,0.06176644260715347,0.061766423304771,0.5931530594825745,0.17440204322338104,0.006682494655251503,262144,223004,69901,18446.271167734645,4890.512296172756,156048,5759,965,60232,0,0
P1,F3,71,test,calibrated,70,Paraguay_1029191,PRY,1.2109042184261218,0.08403346279044677,0.08403341600925207,0.5583952069282532,0.15922154486179352,0.004279982298612595,262144,253937,53739,18416.324143361107,4379.766939987634,199031,4570,1332,49004,0,0
P1,F3,71,test,t1,70,Paraguay_1029191,PRY,1.0,0.05273570872240607,0.05273571941094202,0.465649276971817,0.12869375944137573,0.00664001889526844,262144,253937,53739,16691.833059071432,4420.069134882739,199031,4570,1332,49004,0,0
P1,F3,71,test,calibrated,71,Paraguay_1056717,PRY,1.2109042184261218,0.20449559576333176,0.20449557112629047,0.23035214841365814,0.057168278843164444,0.002911571180447936,262144,262144,5859,9984.487628815434,2435.394727925168,255176,1922,1109,3937,0,0
P1,F3,71,test,t1,71,Paraguay_1056717,PRY,1.0,0.1253093529408531,0.12530937926914343,0.17054720222949982,0.04351871460676193,0.004363690502941608,262144,262144,5859,10298.71199837094,2506.414547522645,255176,1922,1109,3937,0,0
P1,F3,71,test,calibrated,72,Paraguay_1076204,PRY,1.2109042184261218,0.19324287733684764,0.1932428017048642,0.2149735540151596,0.05241413787007332,0.0007652709609828889,262144,262144,6271,11318.544557395544,2919.312772273748,255602,3513,271,2758,0,0
P1,F3,71,test,t1,72,Paraguay_1076204,PRY,1.0,0.11424928094235998,0.11424930382482479,0.15678833425045013,0.03961002081632614,0.0011429080041125417,262144,262144,6271,11845.218205144874,3047.640133025614,255602,3513,271,2758,0,0
P1,F3,71,test,calibrated,73,Paraguay_11869,PRY,1.2109042184261218,0.3999167312270374,0.39991675897299794,0.13182087242603302,0.024777423590421677,0.0004982046084478498,262144,257933,1559,4990.956080531882,976.4541688150532,256590,1121,13,209,0,0
P1,F3,71,test,t1,73,Paraguay_11869,PRY,1.0,0.22187927819047581,0.22187927167219812,0.07990512996912003,0.01573905721306801,0.0007106048287823796,262144,257933,1559,4584.139558792769,997.6200578549815,256590,1121,13,209,0,0
P1,F3,71,test,calibrated,74,Paraguay_126224,PRY,1.2109042184261218,0.517035670833353,0.5170356644679569,0.9753627777099609,0.4199793040752411,0.0004046991525683552,262144,262144,21118,316614.48598613683,97608.42470502907,117487,275,123539,20843,0,0
P1,F3,71,test,t1,74,Paraguay_126224,PRY,1.0,0.45459214779802937,0.4545921248871069,0.9643815159797668,0.40385693311691284,0.0005527606117539108,262144,262144,21118,369864.4590414513,102789.2205183735,117487,275,123539,20843,0,0
P1,F3,71,test,calibrated,75,Paraguay_12870,PRY,1.2109042184261218,0.5875376961864611,0.5875376866110237,0.3779476284980774,0.08766694366931915,0.00029392243595793843,262144,262144,1851,8323.185963834523,1650.3206076981928,260293,1851,0,0,0,0
P1,F3,71,test,t1,75,Paraguay_12870,PRY,1.0,0.433445022192792,0.4334449505304656,0.281316339969635,0.06257742643356323,0.00036932429065927863,262144,262144,1851,7063.632514613636,1616.8168217432067,260293,1851,0,0,0,0
P1,F3,71,test,calibrated,76,Paraguay_148318,PRY,1.2109042184261218,0.3959550011500047,0.39595497944578906,0.2033471316099167,0.045943185687065125,0.0007420617621392012,262144,240076,2205,3941.2082708985877,823.8874180341684,237297,550,582,1647,0,0
P1,F3,71,test,t1,76,Paraguay_148318,PRY,1.0,0.2502336286184764,0.2502336126347109,0.1413801610469818,0.03306006267666817,0.001089683617465198,262144,240076,2205,3249.588335819233,837.7020077453394,237297,550,582,1647,0,0
P1,F3,71,test,calibrated,77,Paraguay_149787,PRY,1.2109042184261218,0.08310359456002603,0.08310353134425974,0.47463342547416687,0.12827016413211823,0.004077840130776167,262144,262144,42044,17733.198602948883,4347.73156765085,218170,3883,1930,38161,0,0
P1,F3,71,test,t1,77,Paraguay_149787,PRY,1.0,0.050607010603939906,0.05060708787967383,0.38149550557136536,0.10094967484474182,0.0062566460110247135,262144,262144,42044,16887.342534204894,4454.213241405046,218170,3883,1930,38161,0,0
P1,F3,71,test,calibrated,78,Paraguay_149830,PRY,1.2109042184261218,0.42334436617984017,0.4233443983643076,0.20083355903625488,0.05028509348630905,0.0003439805586822331,262144,260440,2068,4275.257691522961,934.7020006740561,257915,618,630,1277,0,0
P1,F3,71,test,t1,78,Paraguay_149830,PRY,1.0,0.286094475938085,0.28609444944515783,0.14852049946784973,0.03865165263414383,0.0004941716324537992,262144,260440,2068,3593.594166771314,948.1210591346293,257915,618,630,1277,0,0
P1,F3,71,test,calibrated,79,Paraguay_153941,PRY,1.2109042184261218,0.7407033891891147,0.7407033859527956,0.10740440338850021,0.021078437566757202,0.00036788874422200024,262144,262144,393,3990.5438454289915,708.5537890607782,261203,300,548,93,0,0
P1,F3,71,test,t1,79,Paraguay_153941,PRY,1.0,0.5470506094325898,0.5470505940917196,0.06557207554578781,0.014060506597161293,0.0005076676607131958,262144,262144,393,3541.031812422083,719.118005721765,261203,300,548,93,0,0
P1,F3,71,test,calibrated,80,Paraguay_172476,PRY,1.2109042184261218,0.3546129921365512,0.3546130184430465,0.3390260636806488,0.09338312596082687,0.0022668614983558655,262144,262143,4043,7564.205435118787,1829.431764396149,257603,1725,497,2318,0,0
P1,F3,71,test,t1,80,Paraguay_172476,PRY,1.0,0.2556838859596503,0.2556839102603945,0.2708301544189453,0.07487063854932785,0.003401728579774499,262144,262143,4043,6946.065660220946,1825.079340145664,257603,1725,497,2318,0,0
P1,F3,71,test,calibrated,81,Paraguay_179624,PRY,1.2109042184261218,0.7713608356372733,0.7713608417192218,0.14116999506950378,0.027785304933786392,0.00018225962412543595,262144,262109,375,2364.41543339036,300.6460077430358,261705,362,29,13,0,0
P1,F3,71,test,t1,81,Paraguay_179624,PRY,1.0,0.5975009082119226,0.5975008964510563,0.08875678479671478,0.01825503632426262,0.00023895289632491767,262144,262109,375,1455.5572210627179,290.8840966475139,261705,362,29,13,0,0
P1,F3,71,test,calibrated,82,Paraguay_191503,PRY,1.2109042184261218,0.9751848793168194,0.9751848804027137,0.11731427907943726,0.019569573923945427,8.27216063044034e-05,262144,262144,37,2145.5652860902856,149.23193006090258,262017,37,90,0,0,0
P1,F3,71,test,t1,82,Paraguay_191503,PRY,1.0,0.9388118439493488,0.9388118395114113,0.06659048795700073,0.011028243228793144,8.739153417991474e-05,262144,262144,37,1232.1458757911528,130.26242518430598,262017,37,90,0,0,0
P1,F3,71,test,calibrated,83,Paraguay_198534,PRY,1.2109042184261218,0.5905728225437408,0.5905728286510505,0.5000197887420654,0.12891922891139984,0.0006692410679534078,262144,195487,2303,6086.717388995819,1339.3770373647767,193882,1605,0,0,0,0
P1,F3,71,test,t1,83,Paraguay_198534,PRY,1.0,0.46536533369637334,0.4653653525540713,0.399434357881546,0.09810633212327957,0.0009454403771087527,262144,195487,2303,5159.652705483284,1306.7238039573695,193882,1605,0,0,0,0
P1,F3,71,test,calibrated,84,Paraguay_205585,PRY,1.2109042184261218,0.9946413766037032,0.9946413767165359,0.07617203891277313,0.01005247700959444,3.511138856993057e-05,262144,262144,6,1346.8046224309267,14.261939705134871,262138,6,0,0,0,0
P1,F3,71,test,t1,84,Paraguay_205585,PRY,1.0,0.9840517405996868,0.9840517409167779,0.035766322165727615,0.004299100022763014,2.886291258619167e-05,262144,262144,6,464.7903645301519,5.9209212441161565,262138,6,0,0,0,0
P1,F3,71,test,calibrated,85,Paraguay_212687,PRY,1.2109042184261218,0.4888179420743386,0.48881795099505987,0.7160398364067078,0.251150518655777,0.0001976485800696537,262144,262144,6591,26074.50399980044,8357.06096754072,244590,2246,10963,4345,0,0
P1,F3,71,test,t1,85,Paraguay_212687,PRY,1.0,0.4220220733553569,0.42202205123116776,0.6555325388908386,0.22415246069431305,0.0002650578389875591,262144,262144,6591,27660.43000560897,8773.802432943015,244590,2246,10963,4345,0,0
P1,F3,71,test,calibrated,86,Paraguay_215904,PRY,1.2109042184261218,0.6802826577140618,0.6802826959898265,0.18815602362155914,0.04133550450205803,0.0003009301144629717,262144,226308,726,3175.409890892902,571.2858119401845,225582,726,0,0,0,0
P1,F3,71,test,t1,86,Paraguay_215904,PRY,1.0,0.5100569475871708,0.5100569760720038,0.12879478931427002,0.02918647602200508,0.00040466076461598277,262144,226308,726,2342.501997818664,562.1742455777303,225582,726,0,0,0,0
P1,F3,71,test,calibrated,87,Paraguay_224845,PRY,1.2109042184261218,0.876917148979478,0.8769171466093952,0.8212692141532898,0.2731970548629761,0.0008878943044692278,109183,103920,1563,14949.463451763495,2078.609526780125,103636,284,0,0,0,0
P1,F3,71,test,t1,87,Paraguay_224845,PRY,1.0,0.8328126981686969,0.8328126903606338,0.7568777203559875,0.23738108575344086,0.0012700719526037574,109183,103920,1563,10566.84865459917,1205.2317002592458,103636,284,0,0,0,0
P1,F3,71,test,calibrated,88,Paraguay_225187,PRY,1.2109042184261218,0.7477319654584782,0.7477319766383766,0.6073759198188782,0.16589969396591187,0.0005862378748133779,262144,262144,2120,11701.736558332013,1980.2965747509884,259997,2100,27,20,0,0
P1,F3,71,test,t1,88,Paraguay_225187,PRY,1.0,0.6389511574268925,0.638951135301848,0.5071172118186951,0.13012123107910156,0.0007797637954354286,262144,262144,2120,8567.096072056382,1749.5422691664355,259997,2100,27,20,0,0
P1,F3,71,test,calibrated,89,Paraguay_232281,PRY,1.2109042184261218,0.30867590815357904,0.30867588204662033,0.9537606239318848,0.3901830315589905,0.0006767734885215759,261391,261391,32018,53489.95170539665,16224.65774440108,219901,12086,9472,19932,0,0
P1,F3,71,test,t1,89,Paraguay_232281,PRY,1.0,0.25814745276996875,0.25814742603664453,0.9339194297790527,0.3689115643501282,0.0008896552608348429,261391,261391,32018,55554.131433312155,16454.316958854004,219901,12086,9472,19932,0,0
P1,F3,71,test,calibrated,90,Paraguay_24341,PRY,1.2109042184261218,0.10439798334432582,0.10439795781535077,0.7642948627471924,0.2520569860935211,0.0038535697385668755,262144,262144,71160,27087.475080777844,6457.168347876014,188121,5670,2863,65490,0,0
P1,F3,71,test,t1,90,Paraguay_24341,PRY,1.0,0.07123110025521817,0.07123108474786488,0.6922541260719299,0.21834838390350342,0.006037471350282431,262144,262144,71160,24117.585932683793,6326.72747144886,188121,5670,2863,65490,0,0
P1,F3,71,test,calibrated,91,Paraguay_246154,PRY,1.2109042184261218,0.9634744525026979,0.9634744510237254,0.05094640329480171,0.005971060134470463,4.6652978198835626e-05,262144,262144,26,1217.6666072305588,33.443571264388645,262096,12,22,14,0,0
P1,F3,71,test,t1,91,Paraguay_246154,PRY,1.0,0.8914235204993811,0.8914235314888186,0.020879587158560753,0.002206523669883609,5.7839410146698356e-05,262144,262144,26,476.20200360213477,30.030927751021522,262096,12,22,14,0,0
P1,F3,71,test,calibrated,92,Paraguay_247656,PRY,1.2109042184261218,0.08499437038713209,0.08499437941778265,0.2957864999771118,0.0690622553229332,0.0019876030273735523,262144,262144,22247,9009.809101866611,1917.8289082064762,239298,1870,599,20377,0,0
P1,F3,71,test,t1,92,Paraguay_247656,PRY,1.0,0.046872426214508045,0.04687245581686217,0.21429093182086945,0.050206929445266724,0.0029759295284748077,262144,262144,22247,8148.215536225956,1950.5966900231565,239298,1870,599,20377,0,0
P1,F3,71,test,calibrated,93,Paraguay_252217,PRY,1.2109042184261218,0.6619959070997279,0.6619958939127388,0.09912950545549393,0.018114231526851654,0.0003241955128032714,262144,255778,482,3274.2544234046068,552.9963778946837,255086,392,265,35,0,0
P1,F3,71,test,t1,93,Paraguay_252217,PRY,1.0,0.4413142129253419,0.44131420472529004,0.0578111968934536,0.011407293379306793,0.0004486122925300151,262144,255778,482,2766.08066732893,564.8864877256618,255086,392,265,35,0,0
P1,F3,71,test,calibrated,94,Paraguay_271769,PRY,1.2109042184261218,0.25874561441730504,0.25874559305181466,0.9220101237297058,0.35677874088287354,0.0022493372671306133,262144,262144,37753,72075.83780784515,24442.34968923648,223861,35670,530,2083,0,0
P1,F3,71,test,t1,94,Paraguay_271769,PRY,1.0,0.20467370563360598,0.20467369727015405,0.8903242349624634,0.3305703103542328,0.003388530109077692,262144,262144,37753,76968.45950976796,25932.750987156,223861,35670,530,2083,0,0
P1,F3,71,test,calibrated,95,Paraguay_280900,PRY,1.2109042184261218,0.23615664825106597,0.23615661928940357,0.36863094568252563,0.09916618466377258,0.0031838908325880766,262144,262142,7654,17135.092608982224,4242.9569905458075,252352,3205,2136,4449,0,0
P1,F3,71,test,t1,95,Paraguay_280900,PRY,1.0,0.15934975157828113,0.1593497822522758,0.29143890738487244,0.0783374086022377,0.004784046206623316,262144,262142,7654,18269.641946190008,4362.222285925824,252352,3205,2136,4449,0,0
P1,F3,71,test,calibrated,96,Paraguay_284928,PRY,1.2109042184261218,0.5822142347989459,0.5822142374764769,0.9474194049835205,0.3847196400165558,0.0015319223748520017,261368,261368,9835,25519.665174913986,7220.639191297227,251533,9835,0,0,0,0
P1,F3,71,test,t1,96,Paraguay_284928,PRY,1.0,0.5224990312539346,0.5224990450312991,0.9252681136131287,0.36274799704551697,0.002125304425135255,261368,261368,9835,22917.66985569134,6925.405204253437,251533,9835,0,0,0,0
P1,F3,71,test,calibrated,97,Paraguay_305760,PRY,1.2109042184261218,0.6304667236629664,0.630466721831369,0.9567258358001709,0.3955884575843811,0.0003547384694684297,262144,262144,9734,78612.42505222435,24585.981196429846,217485,868,34925,8866,0,0
P1,F3,71,test,t1,97,Paraguay_305760,PRY,1.0,0.5706780788271493,0.5706780672111338,0.9381654858589172,0.37533313035964966,0.00047705680481158197,262144,262144,9734,85589.00049637107,25635.981088095712,217485,868,34925,8866,0,0
P1,F3,71,test,calibrated,98,Paraguay_339807,PRY,1.2109042184261218,0.10115081513190782,0.101150765608368,0.7236940860748291,0.23055699467658997,0.005303184501826763,262144,214619,64309,24946.35751873386,6366.508365864497,151596,4980,3446,54597,0,0
P1,F3,71,test,t1,98,Paraguay_339807,PRY,1.0,0.06798974524741785,0.06798970793183956,0.6446681022644043,0.19654583930969238,0.008290396071970463,262144,214619,64309,23710.898783571938,6412.4391415319105,151596,4980,3446,54597,0,0
P1,F3,71,test,calibrated,99,Paraguay_36015,PRY,1.2109042184261218,0.8579308091090865,0.8579308148686342,0.48189565539360046,0.12301920354366302,0.0003611905558500439,262144,262139,772,6928.678611724623,921.8592345467694,261367,772,0,0,0,0
P1,F3,71,test,t1,99,Paraguay_36015,PRY,1.0,0.7766232751523525,0.776623277452141,0.3814065754413605,0.09313692152500153,0.0004565870913211256,262144,262139,772,4491.705412346304,751.0436947572989,261367,772,0,0,0,0
P1,F3,71,test,calibrated,100,Paraguay_36146,PRY,1.2109042184261218,0.8312082065029655,0.8312082115865778,0.18832483887672424,0.03699563443660736,0.00024631264386698604,262144,262144,310,2777.392872383092,298.68834823760966,261834,310,0,0,0,0
P1,F3,71,test,t1,100,Paraguay_36146,PRY,1.0,0.6890000291151295,0.6890000431499144,0.12176544219255447,0.023827342316508293,0.00031640799716115,262144,262144,310,1617.208680677854,272.1019729536559,261834,310,0,0,0,0
P1,F3,71,test,calibrated,101,Paraguay_403081,PRY,1.2109042184261218,0.3895116937377954,0.3895117330200554,0.11837419867515564,0.022392714396119118,0.0004320475272834301,262144,249836,1464,3236.4726036617294,531.8550625231962,248180,454,192,1010,0,0
P1,F3,71,test,t1,101,Paraguay_403081,PRY,1.0,0.21365682956937182,0.2136567951305044,0.07154783606529236,0.014379184693098068,0.0006189781706780195,262144,249836,1464,2627.2098380111365,536.9246697329901,248180,454,192,1010,0,0
P1,F3,71,test,calibrated,102,Paraguay_40936,PRY,1.2109042184261218,0.9312908110110215,0.9312908065613357,0.43782249093055725,0.10470734536647797,0.00017565455345902592,262144,215331,250,5022.963066955653,592.884116011828,215081,250,0,0,0,0
P1,F3,71,test,t1,102,Paraguay_40936,PRY,1.0,0.8820087181915639,0.8820087240978497,0.33817270398139954,0.07585576921701431,0.00020280852913856506,262144,215331,250,3151.984384771561,433.1955996476548,215081,250,0,0,0,0
P1,F3,71,test,calibrated,103,Paraguay_44682,PRY,1.2109042184261218,0.8229189129711774,0.8229189129723629,0.09303620457649231,0.015491650439798832,0.00021628579997923225,262144,262144,213,5112.091567137699,992.6958592994699,260823,12,1108,201,0,0
P1,F3,71,test,t1,103,Paraguay_44682,PRY,1.0,0.6366341645367397,0.6366341527475305,0.05077207833528519,0.008960612118244171,0.0002961673017125577,262144,262144,213,4991.4453125917935,1016.4636923215803,260823,12,1108,201,0,0
P1,F3,71,test,calibrated,104,Paraguay_470303,PRY,1.2109042184261218,0.9323524362760081,0.932352435682659,0.5187176465988159,0.13188442587852478,0.00012850882194470614,262144,262144,361,30210.81959038404,8377.807785169889,251623,75,10160,286,0,0
P1,F3,71,test,t1,104,Paraguay_470303,PRY,1.0,0.8917132697609994,0.8917132726443004,0.41487255692481995,0.09920540452003479,0.00014639011351391673,262144,262144,361,32972.65016427193,8735.386228846844,251623,75,10160,286,0,0
P1,F3,71,test,calibrated,105,Paraguay_482517,PRY,1.2109042184261218,0.17362703739338547,0.1736270164777468,0.8739277124404907,0.32163864374160767,0.001918618567287922,262144,259600,51232,31801.11993984745,7391.785170878029,205723,6425,2702,44750,0,0
P1,F3,71,test,t1,105,Paraguay_482517,PRY,1.0,0.12844772023545015,0.1284477649290392,0.8277831673622131,0.2921335697174072,0.0029401439242064953,262144,259600,51232,28592.174925409934,6996.02053462143,205723,6425,2702,44750,0,0
P1,F3,71,test,calibrated,106,Paraguay_48673,PRY,1.2109042184261218,0.47933416533282924,0.4793341968847411,0.20420430600643158,0.04743108153343201,0.0005733452271670103,262144,262144,1700,5589.025180922614,1300.5877508526348,260368,1643,76,57,0,0
P1,F3,71,test,t1,106,Paraguay_48673,PRY,1.0,0.3209522317771669,0.3209521937336228,0.14472585916519165,0.03474900498986244,0.0008197469869628549,262144,262144,1700,4998.703727405122,1340.642074878408,260368,1643,76,57,0,0
P1,F3,71,test,calibrated,107,Paraguay_511199,PRY,1.2109042184261218,0.5418595990941818,0.541859552569911,0.45848262310028076,0.12764233350753784,0.0006790556944906712,262144,262144,2777,30475.336218958324,7857.047367535977,250080,520,9287,2257,0,0
P1,F3,71,test,t1,107,Paraguay_511199,PRY,1.0,0.42989040149470403,0.4298903589525672,0.3740118145942688,0.1023022010922432,0.0009760784450918436,262144,262144,2777,33992.45594122068,8143.313730316954,250080,520,9287,2257,0,0
P1,F3,71,test,calibrated,108,Paraguay_54421,PRY,1.2109042184261218,0.5298418972607346,0.529841910828984,0.13348962366580963,0.0254935622215271,0.00024176930310204625,262144,262144,971,3750.6874161811375,753.8520480865106,261157,947,16,24,0,0
P1,F3,71,test,t1,108,Paraguay_54421,PRY,1.0,0.3249426759414834,0.3249426828227844,0.08242816478013992,0.016338670626282692,0.000332862779032439,262144,262144,971,3100.6665943001453,781.3598685017483,261157,947,16,24,0,0
P1,F3,71,test,calibrated,109,Paraguay_581976,PRY,1.2109042184261218,0.46234110079409463,0.46234112020342844,0.9877141714096069,0.4438169002532959,0.0004635674995370209,261748,261748,27208,335447.83589805156,98303.89304123369,113075,84,121465,27124,0,0
P1,F3,71,test,t1,109,Paraguay_581976,PRY,1.0,0.4103300562334189,0.41033003624298847,0.9821158051490784,0.4322391450405121,0.0006436011753976345,261748,261748,27208,393268.5444902323,102602.06072571562,113075,84,121465,27124,0,0
P1,F3,71,test,calibrated,110,Paraguay_59731,PRY,1.2109042184261218,0.1690228298385843,0.16902287751009282,0.17576386034488678,0.037254225462675095,0.0011373574379831553,262144,255656,5769,7141.434468763738,1548.2423683677614,251102,1784,26,2744,0,0
P1,F3,71,test,t1,110,Paraguay_59731,PRY,1.0,0.08952310621399051,0.08952308340241366,0.11678815633058548,0.025736982002854347,0.0016863647615537047,262144,255656,5769,7087.233487175829,1583.8482232257772,251102,1784,26,2744,0,0
P1,F3,71,test,calibrated,111,Paraguay_605682,PRY,1.2109042184261218,0.561088460833312,0.5610884780236791,0.9690954089164734,0.4100000858306885,0.0003433638485148549,262144,262144,17712,142124.92560320385,47079.43907262631,182960,3744,61472,13968,0,0
P1,F3,71,test,t1,111,Paraguay_605682,PRY,1.0,0.495926260284993,0.495926263973538,0.9554619193077087,0.3920633792877197,0.00046206230763345957,262144,262144,17712,158487.80760258617,49803.68725741204,182960,3744,61472,13968,0,0
P1,F3,71,test,calibrated,112,Paraguay_62897,PRY,1.2109042184261218,0.4885381687349373,0.4885381553286754,0.9668998122215271,0.4085433781147003,0.00026240176521241665,262144,262144,16233,59128.626489548056,19064.353025094628,219557,1445,26354,14788,0,0
P1,F3,71,test,t1,112,Paraguay_62897,PRY,1.0,0.4301306775321241,0.43013068769351037,0.9524282217025757,0.39044931530952454,0.0003578292962629348,262144,262144,16233,62680.27780766066,19829.730448016846,219557,1445,26354,14788,0,0
P1,F3,71,test,calibrated,113,Paraguay_648632,PRY,1.2109042184261218,0.5002487430561147,0.5002487123785525,0.8142123818397522,0.2886686623096466,0.00044701076694764197,262144,262144,7850,30374.55207835353,8847.729312475594,242932,818,11362,7032,0,0
P1,F3,71,test,t1,113,Paraguay_648632,PRY,1.0,0.42729010462808226,0.4272901409482308,0.7556463479995728,0.25825029611587524,0.0006218651542440057,262144,262144,7850,31540.3678569803,9043.943858500437,242932,818,11362,7032,0,0
P1,F3,71,test,calibrated,114,Paraguay_651904,PRY,1.2109042184261218,0.15019898408639065,0.1501990128493168,0.6075820326805115,0.18553568422794342,0.001329235965386033,262144,262144,24624,21292.29062107309,5845.712052695919,232371,2617,5149,22007,0,0
P1,F3,71,test,t1,114,Paraguay_651904,PRY,1.0,0.10479488655198355,0.10479479051624307,0.5230557918548584,0.1554664969444275,0.0020210673101246357,262144,262144,24624,21168.826449506116,5990.84043434836,232371,2617,5149,22007,0,0
P1,F3,71,test,calibrated,115,Paraguay_657443,PRY,1.2109042184261218,0.0925485459481521,0.0925485361972036,0.6965628266334534,0.21726182103157043,0.0057740528136491776,262144,262144,70780,26013.27687685911,6334.1219556425,189950,7220,1414,63560,0,0
P1,F3,71,test,t1,115,Paraguay_657443,PRY,1.0,0.06106284069218437,0.0610628719879146,0.6136573553085327,0.18335813283920288,0.00909519474953413,262144,262144,70780,23658.117710975057,6332.528285885741,189950,7220,1414,63560,0,0
P1,F3,71,test,calibrated,116,Paraguay_683296,PRY,1.2109042184261218,0.1399986768924345,0.13999864453237776,0.14731967449188232,0.030468901619315147,0.0011693536071106791,262144,259578,6695,11080.751861911642,2360.5527341611923,251152,1017,1731,5678,0,0
P1,F3,71,test,t1,116,Paraguay_683296,PRY,1.0,0.07011579167949833,0.07011577555835524,0.0950281023979187,0.020859090611338615,0.0017136135138571262,262144,259578,6695,11845.081750085732,2424.3084470958966,251152,1017,1731,5678,0,0
P1,F3,71,test,calibrated,117,Paraguay_721886,PRY,1.2109042184261218,0.18723960725988964,0.18723964436267837,0.4028608202934265,0.11149623245000839,0.005581223405897617,261426,261426,10731,27990.101261798518,6928.219360851154,246358,4151,4337,6580,0,0
P1,F3,71,test,t1,117,Paraguay_721886,PRY,1.0,0.12761549659233795,0.12761553209032128,0.3241994082927704,0.08937522023916245,0.008233009837567806,261426,261426,10731,31274.68031567734,7144.626186559701,246358,4151,4337,6580,0,0
P1,F3,71,test,calibrated,118,Paraguay_76868,PRY,1.2109042184261218,0.20005802343258483,0.20005798383567408,0.9008693099021912,0.3413938879966736,0.0023986019659787416,262144,262121,33017,30317.51670630969,9759.7189510813,228514,15924,590,17093,0,0
P1,F3,71,test,t1,118,Paraguay_76868,PRY,1.0,0.15980622371456255,0.1598062335883046,0.862598180770874,0.31371957063674927,0.003599962219595909,262144,262121,33017,30011.584277873197,10167.925137407794,228514,15924,590,17093,0,0
P1,F3,71,test,calibrated,119,Paraguay_7894,PRY,1.2109042184261218,0.8580490918902078,0.8580490990957621,0.08034118264913559,0.0119486628100276,8.896204235497862e-05,262144,202187,138,1005.0119761718869,12.967319900100579,202186,1,0,0,0,0
P1,F3,71,test,t1,119,Paraguay_7894,PRY,1.0,0.679732994698196,0.6797330124250387,0.04071781784296036,0.0061014750972390175,0.00010549790022196248,262144,202187,138,349.4672490029965,5.921022648443587,202186,1,0,0,0,0
P1,F3,71,test,calibrated,120,Paraguay_790830,PRY,1.2109042184261218,0.07980937757034645,0.07980931678896153,0.38561132550239563,0.09510601311922073,0.0021465090103447437,262144,261199,33223,11117.90964778731,2325.344236624668,227128,2124,848,31099,0,0
P1,F3,71,test,t1,120,Paraguay_790830,PRY,1.0,0.045807705439668056,0.045807658719993594,0.2929174304008484,0.0710795670747757,0.0032753150444477797,262144,261199,33223,9797.385814299154,2334.157023009403,227128,2124,848,31099,0,0
P1,F3,71,test,calibrated,121,Paraguay_791364,PRY,1.2109042184261218,0.9314417553440402,0.9314417557408655,0.07548206299543381,0.01057632640004158,8.059497486101463e-05,262144,261735,64,6228.199689098181,1103.9855673490363,260523,6,1148,58,0,0
P1,F3,71,test,t1,121,Paraguay_791364,PRY,1.0,0.8208879245810935,0.8208879363843284,0.036565151065588,0.005009129643440247,9.867309563560411e-05,262144,261735,64,6426.5734154587935,1118.3421277049763,260523,6,1148,58,0,0
P1,F3,71,test,calibrated,122,Paraguay_792268,PRY,1.2109042184261218,0.3927642572544833,0.3927641880109314,0.11835955828428268,0.0236684400588274,0.0007483406225219369,262144,262120,1500,3856.560572708603,702.0524699061605,260255,519,365,981,0,0
P1,F3,71,test,t1,122,Paraguay_792268,PRY,1.0,0.2208591365172038,0.2208590952559708,0.07407692074775696,0.015913400799036026,0.0011002852115780115,262144,262120,1500,3345.444616560253,717.6218163584216,260255,519,365,981,0,0
P1,F3,71,test,calibrated,123,Paraguay_795075,PRY,1.2109042184261218,0.23395219383726085,0.23395222728424525,0.10877358168363571,0.01959700509905815,0.0005950385238975286,262144,262138,2846,6514.473609886376,1327.5429715467744,258244,473,1048,2373,0,0
P1,F3,71,test,t1,123,Paraguay_795075,PRY,1.0,0.11147367182883172,0.11147366529681202,0.06324592977762222,0.012113857083022594,0.0008825705735944211,262144,262138,2846,6566.571606013276,1362.8627258928705,258244,473,1048,2373,0,0
P1,F3,71,test,calibrated,124,Paraguay_80102,PRY,1.2109042184261218,0.9747033256109623,0.974703322691023,0.06340299546718597,0.008094534277915955,4.410020119394176e-05,262144,262143,23,1345.9781000845664,42.42106893049869,262098,23,22,0,0,0
P1,F3,71,test,t1,124,Paraguay_80102,PRY,1.0,0.9253477862324135,0.9253477837128503,0.02831731177866459,0.0033847223967313766,4.916778561891988e-05,262144,262143,23,554.8088812543705,37.39900206248031,262098,23,22,0,0,0
P1,F3,71,test,calibrated,125,Paraguay_822142,PRY,1.2109042184261218,0.11098502410447741,0.11098500807128131,0.8277773857116699,0.2880176305770874,0.004484173841774464,262144,262144,84997,37737.04223910717,9708.195667311938,172904,9050,4243,75947,0,0
P1,F3,71,test,t1,125,Paraguay_822142,PRY,1.0,0.07741910736044388,0.07741908122377994,0.7686840891838074,0.2554897665977478,0.007091544568538666,262144,262144,84997,34972.47500358141,9671.43027678546,172904,9050,4243,75947,0,0
P1,F3,71,test,calibrated,126,Paraguay_868895,PRY,1.2109042184261218,0.17749576067382244,0.17749574149778236,0.5898064374923706,0.17352426052093506,0.002438827184960246,262144,175465,19042,36280.1181470146,10086.432396302152,156274,3404,8881,6906,0,0
P1,F3,71,test,t1,126,Paraguay_868895,PRY,1.0,0.12292861497294938,0.12292866928527513,0.5006663203239441,0.14256159961223602,0.003717818297445774,262144,175465,19042,41011.94513383114,10499.601535017013,156274,3404,8881,6906,0,0
P1,F3,71,test,calibrated,127,Paraguay_892933,PRY,1.2109042184261218,0.4202451034886726,0.4202451371901571,0.9218571186065674,0.354577898979187,0.0003294830967206508,262144,262144,18422,41126.584146353045,11392.330595757154,233281,2293,10441,16129,0,0
P1,F3,71,test,t1,127,Paraguay_892933,PRY,1.0,0.3494366604631526,0.34943671505953033,0.8899058103561401,0.3278384506702423,0.000441695679910481,262144,262144,18422,40628.203613980935,11208.244772172036,233281,2293,10441,16129,0,0
P1,F3,71,test,calibrated,128,Paraguay_896458,PRY,1.2109042184261218,0.0837342097709296,0.08373425512993382,0.5277527570724487,0.14224639534950256,0.0029614593368023634,262144,240678,55017,18161.163468423234,4079.995648830823,188465,2914,2242,47057,0,0
P1,F3,71,test,t1,128,Paraguay_896458,PRY,1.0,0.05092034197677664,0.05092034275204593,0.4288141131401062,0.11129552125930786,0.004590638447552919,262144,240678,55017,16514.726045937343,4070.9944431057424,188465,2914,2242,47057,0,0
P1,F3,71,test,calibrated,129,Paraguay_913449,PRY,1.2109042184261218,0.2658122549302342,0.2658121982850248,0.32720041275024414,0.08877401798963547,0.0030891657806932926,262144,262144,5949,12767.24733269247,3303.8704003310245,254255,2372,1940,3577,0,0
P1,F3,71,test,t1,129,Paraguay_913449,PRY,1.0,0.18190759797216638,0.1819075944308477,0.2584298849105835,0.07067380845546722,0.004612077493220568,262144,262144,5949,13247.1249221195,3407.7835715292786,254255,2372,1940,3577,0,0
P1,F3,71,test,calibrated,130,Paraguay_921838,PRY,1.2109042184261218,0.8160813588913491,0.8160813687134142,0.918413519859314,0.3529222011566162,0.00032206717878580093,262144,262144,4314,39512.52295419977,9919.956338260676,250907,3887,6923,427,0,0
P1,F3,71,test,t1,130,Paraguay_921838,PRY,1.0,0.7664901428786557,0.7664901413380177,0.8853437304496765,0.32612743973731995,0.000419204356148839,262144,262144,4314,36445.37742493651,9352.322746579506,250907,3887,6923,427,0,0
P1,F3,71,test,calibrated,131,Paraguay_934240,PRY,1.2109042184261218,0.8481077953305696,0.8481078077663879,0.809199333190918,0.27534520626068115,0.00022406420612242073,262144,262144,1971,55035.889229711545,15742.392699269152,241210,576,18963,1395,0,0
P1,F3,71,test,t1,131,Paraguay_934240,PRY,1.0,0.7975663362049266,0.7975663419174195,0.7455014586448669,0.2418757677078247,0.0002807054261211306,262144,262144,1971,59743.087854203404,16207.064899191477,241210,576,18963,1395,0,0
P1,F3,71,test,calibrated,132,Paraguay_989230,PRY,1.2109042184261218,0.09723230591708687,0.09723236026145121,0.5499317049980164,0.15493625402450562,0.0035808084066957235,262144,219924,41900,16796.543612100988,3798.4931435092767,181961,1372,3256,33335,0,0
P1,F3,71,test,t1,132,Paraguay_989230,PRY,1.0,0.061465261007276895,0.0614652825986296,0.4562247097492218,0.12440940737724304,0.0054403431713581085,262144,219924,41900,16246.521540333553,3812.9394429622735,181961,1372,3256,33335,0,0
P1,F3,71,test,calibrated,133,Paraguay_997480,PRY,1.2109042184261218,0.5365633698916553,0.5365633378517188,0.49318480491638184,0.15500414371490479,0.0002888287417590618,262144,262144,3596,49549.39450367082,13241.198187743359,241959,238,16589,3358,0,0
P1,F3,71,test,t1,133,Paraguay_997480,PRY,1.0,0.44430013681266656,0.444300190732704,0.4244302213191986,0.13235296308994293,0.0003954950370825827,262144,262144,3596,56950.597408369664,13771.431469925185,241959,238,16589,3358,0,0
P1,F3,71,test,calibrated,134,Somalia_1068756,SOM,1.2109042184261218,0.18331003483511688,0.18331004357092406,0.9061353206634521,0.34376993775367737,0.003620334668084979,261231,171193,47885,85624.15972364697,26026.946613917513,137211,27487,5449,1046,0,0
P1,F3,71,test,t1,134,Somalia_1068756,SOM,1.0,0.14110380642219944,0.1411038365971582,0.8691877722740173,0.3160696029663086,0.005494912154972553,261231,171193,47885,97897.99767259067,27313.70491865278,137211,27487,5449,1046,0,0
P1,F3,71,test,calibrated,135,Somalia_1087508,SOM,1.2109042184261218,0.3455453865392254,0.34554536881238807,0.840510904788971,0.2942958176136017,0.0020940008107572794,262144,212943,18741,37186.4940782669,10583.058840624788,193819,9103,4832,5189,0,0
P1,F3,71,test,t1,135,Somalia_1087508,SOM,1.0,0.2673992393908804,0.2673992345666669,0.7840601205825806,0.26176944375038147,0.0031679279636591673,262144,212943,18741,38262.27876263483,10850.90988993046,193819,9103,4832,5189,0,0
P1,F3,71,test,calibrated,136,Somalia_12849,SOM,1.2109042184261218,0.30564976458150417,0.30564975003955264,0.9815061688423157,0.43059489130973816,0.00202241912484169,262144,191302,57310,118271.06055335196,38226.815174536045,126547,27563,23439,13753,0,0
P1,F3,71,test,t1,136,Somalia_12849,SOM,1.0,0.25543997465881274,0.2554400319920991,0.9731674790382385,0.4164488613605499,0.00305689568631351,262144,191302,57310,130147.09180580173,39897.55126442766,126547,27563,23439,13753,0,0
P1,F3,71,test,calibrated,137,Somalia_166342,SOM,1.2109042184261218,0.4836151618983383,0.48361516130375315,0.28825855255126953,0.07499012351036072,0.001197894918732345,262144,220577,2278,5662.092140443177,1447.0387033100412,218507,2058,12,0,0,0
P1,F3,71,test,t1,137,Somalia_166342,SOM,1.0,0.3542883400323208,0.35428828936947077,0.22056443989276886,0.05848601087927818,0.001692817430011928,262144,220577,2278,5097.199624973699,1484.4574041026456,218507,2058,12,0,0,0
P1,F3,71,test,calibrated,138,Somalia_167787,SOM,1.2109042184261218,0.32001916575815603,0.3200191719524459,0.9471446871757507,0.38290658593177795,0.0025639310479164124,262144,220505,31083,60640.817903121,19248.534517219618,192830,27450,1,224,0,0
P1,F3,71,test,t1,138,Somalia_167787,SOM,1.0,0.2623372814064472,0.26233730722820614,0.9247651100158691,0.36051902174949646,0.003790247719734907,262144,220505,31083,64019.60512818553,19984.036590868942,192830,27450,1,224,0,0
P1,F3,71,test,calibrated,139,Somalia_195014,SOM,1.2109042184261218,0.561697199663542,0.5616972214952347,0.08008870482444763,0.014804956503212452,0.00025411343085579574,262144,233650,641,2445.085859975146,474.2784149624415,233022,628,0,0,0,0
P1,F3,71,test,t1,139,Somalia_195014,SOM,1.0,0.33646811078108807,0.33646809453042603,0.04625450819730759,0.009535188786685467,0.00037214733310975134,262144,233650,641,1963.9183424851385,494.3088644312777,233022,628,0,0,0,0
P1,F3,71,test,calibrated,140,Somalia_205466,SOM,1.2109042184261218,0.3533777116733481,0.35337769554100773,0.15602004528045654,0.03640100732445717,0.0008973873336799443,262144,240083,2170,5710.793022994303,1390.923350587378,238332,1658,93,0,0,0
P1,F3,71,test,t1,140,Somalia_205466,SOM,1.0,0.2163205167696841,0.21632053513239524,0.10948342084884644,0.026949193328619003,0.0013099664356559515,262144,240083,2170,5655.176831875902,1445.996865563714,238332,1658,93,0,0,0
P1,F3,71,test,calibrated,141,Somalia_230192,SOM,1.2109042184261218,0.1829533576323341,0.18295342835251527,0.9707598090171814,0.41284361481666565,0.0034342152066528797,262144,232522,82869,160783.148308425,53672.64756012003,158503,73961,10,48,0,0
P1,F3,71,test,t1,141,Somalia_230192,SOM,1.0,0.1471978218216894,0.1471978338138693,0.9578335881233215,0.3954319655895233,0.0052762809209525585,262144,232522,82869,181682.18451995574,56912.70404995102,158503,73961,10,48,0,0
P1,F3,71,test,calibrated,142,Somalia_256539,SOM,1.2109042184261218,0.5562063353957301,0.5562063615400314,0.4120551347732544,0.10183890163898468,0.0006792257772758603,262144,221259,2642,7866.914912477171,1737.2004572011533,218939,2297,23,0,0,0
P1,F3,71,test,t1,142,Somalia_256539,SOM,1.0,0.41048339178673965,0.410483364985995,0.3158162534236908,0.07593861222267151,0.0009508857037872076,262144,221259,2642,6684.83921372236,1749.4523435847564,218939,2297,23,0,0,0
P1,F3,71,test,calibrated,143,Somalia_295782,SOM,1.2109042184261218,0.2719114226390097,0.2719114462811384,0.7989216446876526,0.2694236934185028,0.0023494362831115723,262144,203048,21043,68448.96070967779,19349.41889204317,173617,13192,10767,5472,0,0
P1,F3,71,test,t1,143,Somalia_295782,SOM,1.0,0.20435591023497368,0.20435587790751042,0.732879638671875,0.23571518063545227,0.0035604548174887896,262144,203048,21043,77095.46771816915,20083.994478671226,173617,13192,10767,5472,0,0
P1,F3,71,test,calibrated,144,Somalia_322855,SOM,1.2109042184261218,0.16947205071810734,0.1694720033888658,0.8807544708251953,0.3263935148715973,0.002616741694509983,262144,255044,39916,42010.2989034657,12723.280163804966,204289,6018,11896,32841,0,0
P1,F3,71,test,t1,144,Somalia_322855,SOM,1.0,0.13232495241036968,0.13232494984176135,0.8365115523338318,0.2972840368747711,0.003975906874984503,262144,255044,39916,44180.727813252335,13130.193735322682,204289,6018,11896,32841,0,0
P1,F3,71,test,calibrated,145,Somalia_32375,SOM,1.2109042184261218,0.22174942363269168,0.22174941820137628,0.9247181415557861,0.36041608452796936,0.005097073037177324,261366,133568,39521,46237.48486944622,14965.999554606067,113087,20480,1,0,0,0
P1,F3,71,test,t1,145,Somalia_32375,SOM,1.0,0.17652636259313792,0.1765263791060201,0.89412921667099,0.33482614159584045,0.007757702376693487,261366,133568,39521,51416.55693098277,15773.916439851566,113087,20480,1,0,0,0
P1,F3,71,test,calibrated,146,Somalia_371421,SOM,1.2109042184261218,0.24198850593419208,0.24198854376187984,0.8763266801834106,0.3200913071632385,0.002631456358358264,262144,230962,30304,160106.06030544848,44675.184453166796,174389,21895,31728,2950,0,0
P1,F3,71,test,t1,146,Somalia_371421,SOM,1.0,0.18688042319385012,0.1868804312416803,0.8300594091415405,0.28985247015953064,0.003998312633484602,262144,230962,30304,186766.32902213544,46497.05246419711,174389,21895,31728,2950,0,0
P1,F3,71,test,calibrated,147,Somalia_60129,SOM,1.2109042184261218,0.335614933889376,0.33561492987182284,0.5341410636901855,0.15670540928840637,0.0015699299983680248,262144,222316,7431,14780.801883860917,4149.588699232575,216535,5104,613,64,0,0
P1,F3,71,test,t1,147,Somalia_60129,SOM,1.0,0.25033990097120984,0.2503399264197981,0.4488837420940399,0.12889885902404785,0.002300308085978031,262144,222316,7431,15242.072298826004,4315.782427370417,216535,5104,613,64,0,0
P1,F3,71,test,calibrated,148,Somalia_61368,SOM,1.2109042184261218,0.5917662736912344,0.5917662813957367,0.1648053675889969,0.038000430911779404,0.00062233378412202,262144,212969,970,2379.4794019685733,432.00476933295397,212367,602,0,0,0,0
P1,F3,71,test,t1,148,Somalia_61368,SOM,1.0,0.4209695055968927,0.42096951400880944,0.11422143876552582,0.02794814668595791,0.0008755435701459646,262144,212969,970,1716.7474378329093,435.4934324634692,212367,602,0,0,0,0
P1,F3,71,test,calibrated,149,Somalia_626316,SOM,1.2109042184261218,0.16295604153516718,0.1629560570797809,0.9619640111923218,0.40062206983566284,0.0030579210724681616,262144,169085,88931,114120.90092877221,37075.11999650496,101076,46282,2870,18857,0,0
P1,F3,71,test,t1,149,Somalia_626316,SOM,1.0,0.1281505864462814,0.12815060925873523,0.9454163312911987,0.38109010457992554,0.004712564870715141,262144,169085,88931,128304.2056404467,39052.771546962686,101076,46282,2870,18857,0,0
P1,F3,71,test,calibrated,150,Somalia_649376,SOM,1.2109042184261218,0.2534684290724667,0.2534683924103638,0.8807750940322876,0.322787344455719,0.002180092502385378,262144,213929,30301,65523.785680842935,20246.563315721556,186206,22536,4035,1152,0,0
P1,F3,71,test,t1,150,Somalia_649376,SOM,1.0,0.19580571072226416,0.19580565672149952,0.8356593251228333,0.2926929295063019,0.0033106834162026644,262144,213929,30301,72267.51272508092,21208.925409294614,186206,22536,4035,1152,0,0
P1,F3,71,test,calibrated,151,Somalia_685158,SOM,1.2109042184261218,0.21112342368721648,0.21112343614997242,0.6250601410865784,0.18896402418613434,0.0026800897903740406,262144,184172,15565,82916.81808033364,20455.603051144644,154648,4270,18821,6433,0,0
P1,F3,71,test,t1,151,Somalia_685158,SOM,1.0,0.154024893048601,0.1540248578610578,0.5384684801101685,0.1573238968849182,0.004035351797938347,262144,184172,15565,97711.74349812759,21051.838138418865,154648,4270,18821,6433,0,0
P1,F3,71,test,calibrated,152,Somalia_699062,SOM,1.2109042184261218,0.29566372315453715,0.29566378057940734,0.4059472978115082,0.11482292413711548,0.0015987020451575518,262144,203209,6246,19008.25774964043,4878.948774670327,196545,3374,2609,681,0,0
P1,F3,71,test,t1,152,Somalia_699062,SOM,1.0,0.21410306151800218,0.2141030601042313,0.33078837394714355,0.0930875763297081,0.002364693908020854,262144,203209,6246,21225.202234221917,5046.882156835157,196545,3374,2609,681,0,0
P1,F3,71,test,calibrated,153,Somalia_7931,SOM,1.2109042184261218,0.49737986859158534,0.4973799054109673,0.24907656013965607,0.06501153856515884,0.0005669247475452721,262144,201972,1871,3917.8457238697233,936.6702805379362,200654,1318,0,0,0,0
P1,F3,71,test,t1,153,Somalia_7931,SOM,1.0,0.3665483132671976,0.36654830682936057,0.19034399092197418,0.050892699509859085,0.0008065793663263321,262144,201972,1871,3330.8038588467275,942.2427847143025,200654,1318,0,0,0,0
P1,F3,71,test,calibrated,154,Somalia_886726,SOM,1.2109042184261218,0.16693158601098235,0.16693158860255963,0.8691416382789612,0.3154700994491577,0.004151502158492804,262144,262036,43157,163179.0544189035,43099.218717849944,173655,5386,45224,37771,0,0
P1,F3,71,test,t1,154,Somalia_886726,SOM,1.0,0.12693931483953125,0.12693929031629225,0.8209496736526489,0.2849222719669342,0.006467852275818586,262144,262036,43157,189841.53743487218,44453.420362234145,173655,5386,45224,37771,0,0
P1,F3,71,test,calibrated,155,Somalia_93023,SOM,1.2109042184261218,0.3247948448063124,0.32479483103938944,0.6588204503059387,0.2046874612569809,0.002114305505529046,262144,187825,10104,15199.907743260985,4576.8892665612975,181383,6442,0,0,0,0
P1,F3,71,test,t1,155,Somalia_93023,SOM,1.0,0.24859474915098712,0.24859473761363593,0.5756734609603882,0.17267777025699615,0.0031075163278728724,262144,187825,10104,15452.954395375004,4753.152890376954,181383,6442,0,0,0,0
P1,F3,71,test,calibrated,156,Somalia_94102,SOM,1.2109042184261218,0.22823636639667555,0.22823638864922058,0.7311038374900818,0.23614995181560516,0.002049263333901763,262144,241360,18666,29293.96535674764,8916.672166377948,219558,9108,3153,9541,0,0
P1,F3,71,test,t1,156,Somalia_94102,SOM,1.0,0.1711781094908139,0.1711780936888615,0.6545624732971191,0.20269648730754852,0.0030187414959073067,262144,241360,18666,30660.42046850655,9274.66421621107,219558,9108,3153,9541,0,0
P1,F3,71,test,calibrated,157,Somalia_970508,SOM,1.2109042184261218,0.17177891876505236,0.17177892976024456,0.9620078206062317,0.4003452658653259,0.003375174943357706,262144,217119,85199,183820.52872727218,58888.268400773246,121915,57092,20000,18112,0,0
P1,F3,71,test,t1,157,Somalia_970508,SOM,1.0,0.13537901292142196,0.13537894155871588,0.9454662799835205,0.38074612617492676,0.005198804195970297,262144,217119,85199,210568.53397148356,62215.960755596985,121915,57092,20000,18112,0,0
P1,F3,71,test,calibrated,158,Somalia_989553,SOM,1.2109042184261218,0.16590584388785135,0.16590585426205295,0.9524255394935608,0.38893792033195496,0.0014957399107515812,262144,110303,80069,48309.16406114619,15763.207997267677,87212,20784,2307,0,0,0
P1,F3,71,test,t1,158,Somalia_989553,SOM,1.0,0.12868600324153678,0.12868607286332845,0.9320828318595886,0.3674938380718231,0.0022114315070211887,262144,110303,80069,52719.23738981741,16633.866563413634,87212,20784,2307,0,0,0
P1,F3,71,test,calibrated,159,Somalia_992457,SOM,1.2109042184261218,0.6266905369539328,0.626690521345484,0.588774561882019,0.16281689703464508,0.0006636431207880378,262144,181140,3155,31263.633886612537,7296.356103629629,171723,1565,6578,1274,0,0
P1,F3,71,test,t1,159,Somalia_992457,SOM,1.0,0.5057671328996338,0.50576715975276,0.49017515778541565,0.12887544929981232,0.0009100137976929545,262144,181140,3155,34156.30879834537,7341.969449954946,171723,1565,6578,1274,0,0
P1,F3,71,test,calibrated,160,Sri-Lanka_101973,LKA,1.2109042184261218,0.5396499702287684,0.5396499300077424,0.46985602378845215,0.12202590703964233,0.0007304141763597727,262144,262143,2879,20226.839357860274,4616.367298035759,256536,2649,2728,230,0,0
P1,F3,71,test,t1,160,Sri-Lanka_101973,LKA,1.0,0.4109942587640337,0.410994281819581,0.3727128803730011,0.09359754621982574,0.0010177202057093382,262144,262143,2879,21213.995645966257,4657.803912288363,256536,2649,2728,230,0,0
P1,F3,71,test,calibrated,161,Sri-Lanka_1038087,LKA,1.2109042184261218,0.3652133763270379,0.36521337758940553,0.6688641905784607,0.20546121895313263,0.0013385318452492356,262144,262143,8669,47363.97685487571,13576.599555209164,240294,3737,13180,4932,0,0
P1,F3,71,test,t1,161,Sri-Lanka_1038087,LKA,1.0,0.2805739041013542,0.28057385877007535,0.5835936665534973,0.172193706035614,0.0019665611907839775,262144,262143,8669,52822.92734625762,14120.461967419222,240294,3737,13180,4932,0,0
P1,F3,71,test,calibrated,162,Sri-Lanka_1049830,LKA,1.2109042184261218,0.25947932269767415,0.2594793465213935,0.6192004680633545,0.1881144791841507,0.001769978553056717,262144,190233,11405,17382.08681652961,4960.398695182504,181604,6052,208,2369,0,0
P1,F3,71,test,t1,162,Sri-Lanka_1049830,LKA,1.0,0.19511846776485597,0.19511852322693368,0.5335983037948608,0.15708959102630615,0.0026378612965345383,262144,190233,11405,18341.41063640256,5092.3968135376,181604,6052,208,2369,0,0
P1,F3,71,test,calibrated,163,Sri-Lanka_117737,LKA,1.2109042184261218,0.5325707292734401,0.5325707286783021,0.6937183141708374,0.21717680990695953,0.0009806751040741801,262144,262144,5005,30130.526256635585,7906.76924192892,251489,3924,5650,1081,0,0
P1,F3,71,test,t1,163,Sri-Lanka_117737,LKA,1.0,0.43949260408684754,0.4394925932099071,0.6113665699958801,0.18367190659046173,0.001398540334776044,262144,262144,5005,31905.243258589726,8007.626541906514,251489,3924,5650,1081,0,0
P1,F3,71,test,calibrated,164,Sri-Lanka_120804,LKA,1.2109042184261218,0.7171789045096095,0.7171788780856783,0.4670768678188324,0.11272207647562027,0.0005140251596458256,262144,262144,1426,26248.776045181174,6171.546250291952,254577,609,6141,817,0,0
P1,F3,71,test,t1,164,Sri-Lanka_120804,LKA,1.0,0.5851518694954276,0.5851518720723508,0.36124274134635925,0.08205505460500717,0.000693381589371711,262144,262144,1426,27996.960889235637,6249.075780479639,254577,609,6141,817,0,0
P1,F3,71,test,calibrated,165,Sri-Lanka_132922,LKA,1.2109042184261218,0.7168198049547081,0.7168198088198685,0.5378375053405762,0.14558443427085876,0.0006501783500425518,262144,262144,1772,63032.42032260656,16174.83204795788,243122,1179,17250,593,0,0
P1,F3,71,test,t1,165,Sri-Lanka_132922,LKA,1.0,0.6070033820150669,0.6070033799435246,0.43980494141578674,0.11410730332136154,0.0008940566331148148,262144,262144,1772,72404.42433769972,16677.42947711653,243122,1179,17250,593,0,0
P1,F3,71,test,calibrated,166,Sri-Lanka_135713,LKA,1.2109042184261218,0.6626827293720179,0.6626827280585091,0.2889118492603302,0.07245059311389923,0.0004205009900033474,262144,134330,1124,1657.13776947023,303.91848764773124,133898,432,0,0,0,0
P1,F3,71,test,t1,166,Sri-Lanka_135713,LKA,1.0,0.5306664577931208,0.5306664621322053,0.21879157423973083,0.055118001997470856,0.0005557372351177037,262144,134330,1124,1194.4846664720665,302.1738144795608,133898,432,0,0,0,0
P1,F3,71,test,calibrated,167,Sri-Lanka_14484,LKA,1.2109042184261218,0.31111606587581186,0.3111160552889023,0.586082935333252,0.18390518426895142,0.0017735162982717156,262144,232015,8795,144240.78142299046,32174.298143772383,190822,2327,33468,5398,0,0
P1,F3,71,test,t1,167,Sri-Lanka_14484,LKA,1.0,0.24300259031593108,0.2430025708920761,0.5082414746284485,0.1563832312822342,0.002622053259983659,262144,232015,8795,171790.51486004362,32901.436800178155,190822,2327,33468,5398,0,0
P1,F3,71,test,calibrated,168,Sri-Lanka_152185,LKA,1.2109042184261218,0.27266330457385657,0.2726633002538078,0.32553213834762573,0.08756531774997711,0.0009352818597108126,262144,262144,5663,11181.998591778734,3067.3158744233433,256151,3795,330,1868,0,0
P1,F3,71,test,t1,168,Sri-Lanka_152185,LKA,1.0,0.1862379364728931,0.18623795292851375,0.255476713180542,0.06939893960952759,0.0013605866115540266,262144,262144,5663,11318.320436415197,3187.349332608793,256151,3795,330,1868,0,0
P1,F3,71,test,calibrated,169,Sri-Lanka_163406,LKA,1.2109042184261218,0.2903946768263973,0.29039471706170983,0.3295608460903168,0.0858774185180664,0.000986618921160698,262144,262144,5132,10297.524673168227,2465.5527489672254,255489,1585,1523,3547,0,0
P1,F3,71,test,t1,169,Sri-Lanka_163406,LKA,1.0,0.1963096617306186,0.19630973430102794,0.2554382383823395,0.0667315348982811,0.0014376092003658414,262144,262144,5132,10221.077966014393,2503.283015584363,255489,1585,1523,3547,0,0
P1,F3,71,test,calibrated,170,Sri-Lanka_178753,LKA,1.2109042184261218,0.7966656398682826,0.7966656345718572,0.20561277866363525,0.0473993681371212,0.00024757307255640626,262144,253873,438,4897.130420909674,888.7149292290218,252835,393,604,41,0,0
P1,F3,71,test,t1,170,Sri-Lanka_178753,LKA,1.0,0.6708250830701538,0.6708251083771612,0.14662697911262512,0.034431926906108856,0.0003051798266824335,262144,253873,438,4369.419589943054,867.8119837150866,252835,393,604,41,0,0
P1,F3,71,test,calibrated,171,Sri-Lanka_233609,LKA,1.2109042184261218,0.3753453818643636,0.37534545384440443,0.7758768200874329,0.2595030963420868,0.001666703843511641,262144,257120,11134,37487.10047937243,10921.685053506875,240874,9369,5112,1765,0,0
P1,F3,71,test,t1,171,Sri-Lanka_233609,LKA,1.0,0.2989242258103191,0.2989242445447584,0.7065931558609009,0.22626714408397675,0.0024635372683405876,262144,257120,11134,40022.10357022347,11287.497381309537,240874,9369,5112,1765,0,0
P1,F3,71,test,calibrated,172,Sri-Lanka_236030,LKA,1.2109042184261218,0.39402092949144596,0.39402098571105204,0.1363186240196228,0.02810068428516388,0.0006223017117008567,262144,206088,1609,2887.308459029219,551.6331282449279,204090,285,437,1276,0,0
P1,F3,71,test,t1,172,Sri-Lanka_236030,LKA,1.0,0.2287889591376152,0.22878900344836162,0.08765562623739243,0.019204238429665565,0.0009042774909175932,262144,206088,1609,2429.2593473566094,562.1857408931813,204090,285,437,1276,0,0
P1,F3,71,test,calibrated,173,Sri-Lanka_236628,LKA,1.2109042184261218,0.29312144264597595,0.2931214798575573,0.3940792977809906,0.11154285818338394,0.0008528493926860392,262144,262142,6085,17349.86995167583,4439.695362582776,254729,4332,1328,1753,0,0
P1,F3,71,test,t1,173,Sri-Lanka_236628,LKA,1.0,0.21229315441481422,0.21229315268872806,0.3212370276451111,0.09049742668867111,0.001235031639225781,262144,262142,6085,18602.053857961073,4569.059751852268,254729,4332,1328,1753,0,0
P1,F3,71,test,calibrated,174,Sri-Lanka_249079,LKA,1.2109042184261218,0.5941783295374645,0.5941783474513811,0.5409604907035828,0.15851500630378723,0.0007134865736588836,262144,164775,2724,6930.903383622046,1817.019213918486,162435,2329,11,0,0,0
P1,F3,71,test,t1,174,Sri-Lanka_249079,LKA,1.0,0.49833052124330635,0.498330539110609,0.45588260889053345,0.13022994995117188,0.0009750760509632528,262144,164775,2724,6161.500017580625,1766.7665612584153,162435,2329,11,0,0,0
P1,F3,71,test,calibrated,175,Sri-Lanka_31559,LKA,1.2109042184261218,0.7619241401622827,0.7619241282585089,0.23730118572711945,0.05743156373500824,0.00028028091765008867,262144,218795,633,5005.778331843914,893.7575819973499,217809,522,464,0,0,0
P1,F3,71,test,t1,175,Sri-Lanka_31559,LKA,1.0,0.6366094508843765,0.636609475081253,0.17375905811786652,0.04299960285425186,0.0003539073804859072,262144,218795,633,4588.57994311636,866.8104151449359,217809,522,464,0,0,0
P1,F3,71,test,calibrated,176,Sri-Lanka_321316,LKA,1.2109042184261218,0.322463541978557,0.3224635098259999,0.9769415855407715,0.4213793873786926,0.0004553581529762596,262144,262133,47844,119641.14812491387,38009.93498119861,165199,29,49090,47815,0,0
P1,F3,71,test,t1,176,Sri-Lanka_321316,LKA,1.0,0.27594094321154117,0.27594095718976297,0.9666045308113098,0.40546220541000366,0.0006360948318615556,262144,262133,47844,131318.0140468133,39450.98468224324,165199,29,49090,47815,0,0
P1,F3,71,test,calibrated,177,Sri-Lanka_377277,LKA,1.2109042184261218,0.2375712254049286,0.23757123582529738,0.4569956362247467,0.1258549839258194,0.001758488593623042,262144,259388,8940,17804.87842609935,4719.170470265348,247618,3167,2830,5773,0,0
P1,F3,71,test,t1,177,Sri-Lanka_377277,LKA,1.0,0.16580380121322835,0.1658038014971387,0.37026917934417725,0.10024665296077728,0.002622187603265047,262144,259388,8940,18730.99471854981,4855.429220694166,247618,3167,2830,5773,0,0
P1,F3,71,test,calibrated,178,Sri-Lanka_400518,LKA,1.2109042184261218,0.33492162460291564,0.3349216280036701,0.21331758797168732,0.04954377934336662,0.0008061265107244253,262144,262144,2726,5136.052810202168,1073.7896121843305,258929,835,489,1891,0,0
P1,F3,71,test,t1,178,Sri-Lanka_400518,LKA,1.0,0.21080265936046505,0.21080258898514637,0.1526433527469635,0.03614768385887146,0.0011854080948978662,262144,262144,2726,4574.392840638686,1076.6107993471671,258929,835,489,1891,0,0
P1,F3,71,test,calibrated,179,Sri-Lanka_450918,LKA,1.2109042184261218,0.8855240385612599,0.8855240295581082,0.6020925641059875,0.1642119139432907,0.0014466746943071485,123231,99126,893,18336.43097337579,4219.765649656116,94802,47,4277,0,0,0
P1,F3,71,test,t1,179,Sri-Lanka_450918,LKA,1.0,0.8241108566983314,0.8241108729918323,0.5009434223175049,0.12871421873569489,0.0020793331786990166,123231,99126,893,17733.021301644992,4134.708377193321,94802,47,4277,0,0,0
P1,F3,71,test,calibrated,180,Sri-Lanka_49764,LKA,1.2109042184261218,0.6895305648619023,0.6895305783385351,0.21756114065647125,0.05178876966238022,0.000435642316006124,262144,243327,818,15506.88575714685,2956.919867993712,240067,774,2442,44,0,0
P1,F3,71,test,t1,180,Sri-Lanka_49764,LKA,1.0,0.5421582437348935,0.5421582398040221,0.15733082592487335,0.03845049440860748,0.0005854972987435758,262144,243327,818,17149.11621153445,2957.8026893953806,240067,774,2442,44,0,0
P1,F3,71,test,calibrated,181,Sri-Lanka_52223,LKA,1.2109042184261218,0.6494779088821165,0.6494779224960336,0.30128470063209534,0.07801945507526398,0.0005104605806991458,262144,262144,1293,4648.484650064813,960.2656846496636,260851,1293,0,0,0,0
P1,F3,71,test,t1,181,Sri-Lanka_52223,LKA,1.0,0.5221876312562588,0.5221875942433092,0.23023711144924164,0.06062501296401024,0.0006846621981821954,262144,262144,1293,3554.0386401842175,929.8976437394576,260851,1293,0,0,0,0
P1,F3,71,test,calibrated,182,Sri-Lanka_523539,LKA,1.2109042184261218,0.21008960161818868,0.21008963945996995,0.5687803030014038,0.16596214473247528,0.001643564784899354,262144,218481,13680,96254.6676542117,21599.534186135592,189528,4284,19113,5556,0,0
P1,F3,71,test,t1,182,Sri-Lanka_523539,LKA,1.0,0.15007682463296934,0.15007680921641608,0.47964364290237427,0.1358569860458374,0.0024126621428877115,262144,218481,13680,113746.63737280742,22005.843341054668,189528,4284,19113,5556,0,0
P1,F3,71,test,calibrated,183,Sri-Lanka_534068,LKA,1.2109042184261218,0.6411280991462769,0.6411280740138461,0.9995657801628113,0.48938092589378357,0.0004540674854069948,262144,262144,46761,273105.8845000336,105281.6610645974,4876,0,210507,46761,0,0
P1,F3,71,test,t1,183,Sri-Lanka_534068,LKA,1.0,0.6206060389614615,0.6206060293549777,0.9993634819984436,0.4871431291103363,0.0006259902729652822,262144,262144,46761,297300.8478010169,113079.04639238107,4876,0,210507,46761,0,0
P1,F3,71,test,calibrated,184,Sri-Lanka_551926,LKA,1.2109042184261218,0.41841127598530514,0.41841131789991826,0.7474112510681152,0.2426958829164505,0.0011184667237102985,262144,262144,8892,40380.74434247863,12039.025410272596,239617,2927,13635,5965,0,0
P1,F3,71,test,t1,184,Sri-Lanka_551926,LKA,1.0,0.3322101218227431,0.3322101013348018,0.6725208759307861,0.20875169336795807,0.0016233461210504174,262144,262144,8892,43669.60736605562,12613.874654417265,239617,2927,13635,5965,0,0
P1,F3,71,test,calibrated,185,Sri-Lanka_55568,LKA,1.2109042184261218,0.13658944907230552,0.13658948005952642,0.46726348996162415,0.11887186020612717,0.0007068259292282164,262144,212858,16505,7950.730797150321,1842.3746868364287,195861,1729,492,14776,0,0
P1,F3,71,test,t1,185,Sri-Lanka_55568,LKA,1.0,0.08706099359699415,0.08706102051614062,0.3700156807899475,0.08976868540048599,0.0010404250351712108,262144,212858,16505,7023.615297070811,1791.5100880609089,195861,1729,492,14776,0,0
P1,F3,71,test,calibrated,186,Sri-Lanka_579082,LKA,1.2109042184261218,0.19362062923661938,0.19362058091333112,0.5042364597320557,0.1461004763841629,0.0024255099706351757,262144,208263,12873,40142.999482670704,9425.340372551569,190509,3288,7608,6858,0,0
P1,F3,71,test,t1,186,Sri-Lanka_579082,LKA,1.0,0.13809216348953202,0.1380920999133084,0.41989365220069885,0.11952421069145203,0.0036378372460603714,262144,208263,12873,46417.260955263075,9668.721506682234,190509,3288,7608,6858,0,0
P1,F3,71,test,calibrated,187,Sri-Lanka_612594,LKA,1.2109042184261218,0.13468595455202081,0.13468594648352317,0.7832820415496826,0.26622694730758667,0.0017196263652294874,262144,262144,45866,27658.750111631576,7816.502069265848,211957,7062,4321,38804,0,0
P1,F3,71,test,t1,187,Sri-Lanka_612594,LKA,1.0,0.09659432646634714,0.09659427450939129,0.7164463400840759,0.2338436394929886,0.0026251322124153376,262144,262144,45866,26543.651525852663,7987.425533353367,211957,7062,4321,38804,0,0
P1,F3,71,test,calibrated,188,Sri-Lanka_63307,LKA,1.2109042184261218,0.5582169011816356,0.5582169129395591,0.358074814081192,0.09393922239542007,0.0007165888091549277,262144,262144,2148,24552.329563858442,6046.658607261311,253932,1207,6064,941,0,0
P1,F3,71,test,t1,188,Sri-Lanka_63307,LKA,1.0,0.4289220889545873,0.42892207527502324,0.2790979743003845,0.07319466769695282,0.0009995877044275403,262144,262144,2148,27242.819663903458,6226.919941304406,253932,1207,6064,941,0,0
P1,F3,71,test,calibrated,189,Sri-Lanka_649970,LKA,1.2109042184261218,0.3680262064055029,0.36802623834260995,0.6596838235855103,0.20928382873535156,0.0013824788620695472,262144,260855,8437,57091.621152537955,14785.995597463147,239028,4484,13390,3953,0,0
P1,F3,71,test,t1,189,Sri-Lanka_649970,LKA,1.0,0.2903889085488274,0.29038891967822456,0.5796824097633362,0.178473562002182,0.0020186039619147778,262144,260855,8437,65144.47893903336,15213.878241449613,239028,4484,13390,3953,0,0
P1,F3,71,test,calibrated,190,Sri-Lanka_653336,LKA,1.2109042184261218,0.2776030506025272,0.2776030446000972,0.7605409622192383,0.24824205040931702,0.0020961069967597723,262144,262141,17013,28582.585548925243,8216.933756865166,239116,5043,6012,11970,0,0
P1,F3,71,test,t1,190,Sri-Lanka_653336,LKA,1.0,0.209496235407448,0.20949623923590865,0.6868683695793152,0.21397532522678375,0.003137533785775304,262144,262141,17013,28676.434016678326,8415.593902239543,239116,5043,6012,11970,0,0
P1,F3,71,test,calibrated,191,Sri-Lanka_713926,LKA,1.2109042184261218,0.14869589245314663,0.14869584875316533,0.9409478306770325,0.3768066465854645,0.001445053843781352,262144,262104,91865,42993.528219296524,10855.955754561006,168759,12839,1503,79003,0,0
P1,F3,71,test,t1,191,Sri-Lanka_713926,LKA,1.0,0.11242742059387467,0.11242738718768108,0.9162604212760925,0.3535507023334503,0.0021082768216729164,262144,262104,91865,37792.36214524285,10298.564815975993,168759,12839,1503,79003,0,0
P1,F3,71,test,calibrated,192,Sri-Lanka_748447,LKA,1.2109042184261218,0.3934300017721878,0.393430031097734,0.32008108496665955,0.08670587092638016,0.001071704551577568,262144,249187,3269,7988.845686816754,2086.353482471126,245599,2369,355,864,0,0
P1,F3,71,test,t1,192,Sri-Lanka_748447,LKA,1.0,0.2865133038655381,0.2865132896149962,0.2533561885356903,0.06891513615846634,0.0015712595777586102,262144,249187,3269,7665.163939073642,2124.0904421428877,245599,2369,355,864,0,0
P1,F3,71,test,calibrated,193,Sri-Lanka_845821,LKA,1.2109042184261218,0.6165894828443592,0.6165894889664707,0.9995958209037781,0.48974841833114624,0.0004076941404491663,262144,240758,51381,258692.83235033962,98596.89499258107,6166,46,190688,43858,0,0
P1,F3,71,test,t1,193,Sri-Lanka_845821,LKA,1.0,0.5958055853864441,0.5958055581269384,0.9994075298309326,0.48758792877197266,0.0005636566784232855,262144,240758,51381,283284.1278535547,105755.59187680212,6166,46,190688,43858,0,0
P1,F3,71,test,calibrated,194,Sri-Lanka_847275,LKA,1.2109042184261218,0.19614389562505308,0.19614398140976308,0.8882452845573425,0.3318544030189514,0.0022117611952126026,262144,231361,35213,72799.41746888601,18214.644782773074,178440,2457,20184,30280,0,0
P1,F3,71,test,t1,194,Sri-Lanka_847275,LKA,1.0,0.1544497161489048,0.15444971039551036,0.8462198376655579,0.3032515048980713,0.0033360908273607492,262144,231361,35213,81903.65393156717,18470.029532686658,178440,2457,20184,30280,0,0
P1,F3,71,test,calibrated,195,Sri-Lanka_849649,LKA,1.2109042184261218,0.37816676918485637,0.37816677851833125,0.3154912292957306,0.08559636771678925,0.0007664228905923665,262144,218207,3363,5334.756468365778,1276.2689574768735,214991,1324,353,1539,0,0
P1,F3,71,test,t1,195,Sri-Lanka_849649,LKA,1.0,0.2743372405503286,0.27433730990194816,0.24919472634792328,0.06813997775316238,0.0010830978862941265,262144,218207,3363,4715.289941615755,1266.2126958753004,214991,1324,353,1539,0,0
P1,F3,71,test,calibrated,196,Sri-Lanka_85652,LKA,1.2109042184261218,0.5846379063341286,0.5846378883925777,0.2409408539533615,0.061952151358127594,0.0004208106838632375,262144,197368,1398,11338.829907406514,2372.4889860674166,194327,1100,1721,220,0,0
P1,F3,71,test,t1,196,Sri-Lanka_85652,LKA,1.0,0.4450967183515473,0.44509674031551394,0.18150243163108826,0.04821069911122322,0.0005656457506120205,262144,197368,1398,12323.942958150417,2401.918145260399,194327,1100,1721,220,0,0
P1,F3,71,test,calibrated,197,Sri-Lanka_883641,LKA,1.2109042184261218,0.18185760717012056,0.18185758317302592,0.6469057202339172,0.19713804125785828,0.0012221804354339838,262144,262144,20055,20720.967797271445,6052.239122147077,241124,7520,965,12535,0,0
P1,F3,71,test,t1,197,Sri-Lanka_883641,LKA,1.0,0.1306488273014249,0.13064883921562354,0.5603394508361816,0.16467516124248505,0.0018006033496931195,262144,262144,20055,20818.82397440962,6261.371337093981,241124,7520,965,12535,0,0
P1,F3,71,test,calibrated,198,Sri-Lanka_916628,LKA,1.2109042184261218,0.25120964728834394,0.2512096600707683,0.8766831755638123,0.3195933997631073,0.0023871033918112516,262144,259961,28879,157735.29433190968,44190.56256809039,178179,258,53052,28472,0,0
P1,F3,71,test,t1,198,Sri-Lanka_916628,LKA,1.0,0.19696042353481547,0.19696046765043151,0.830342710018158,0.2891746759414673,0.003552603768184781,262144,259961,28879,183403.35635919066,45966.736751152624,178179,258,53052,28472,0,0
P1,F3,71,test,calibrated,199,Sri-Lanka_922192,LKA,1.2109042184261218,0.34500388142488625,0.3450039258711224,0.41721007227897644,0.12363054603338242,0.0006128555978648365,262144,239783,5463,10514.634335417213,3130.951997258717,234456,4297,161,869,0,0
P1,F3,71,test,t1,199,Sri-Lanka_922192,LKA,1.0,0.26108130633079096,0.2610812730837764,0.34872013330459595,0.10263779014348984,0.0008875314961187541,262144,239783,5463,10541.52280767003,3258.207939457492,234456,4297,161,869,0,0
P1,F3,71,test,calibrated,200,Sri-Lanka_92824,LKA,1.2109042184261218,0.3512369726553074,0.3512370167368759,0.777699887752533,0.26272788643836975,0.0021305836271494627,262144,246506,11659,149497.6756054557,38922.011687495935,190341,775,45152,10238,0,0
P1,F3,71,test,t1,200,Sri-Lanka_92824,LKA,1.0,0.2822238897060725,0.2822239135457273,0.7098902463912964,0.23016059398651123,0.0031407063361257315,262144,246506,11659,176381.69682164272,40324.0709945315,190341,775,45152,10238,0,0
P1,F3,71,test,calibrated,201,Sri-Lanka_956740,LKA,1.2109042184261218,0.13703325133776756,0.1370332740466511,0.39808210730552673,0.10650753974914551,0.001663158880546689,262144,202069,14743,5713.965932661508,1342.1189416170303,192577,1574,132,7786,0,0
P1,F3,71,test,t1,201,Sri-Lanka_956740,LKA,1.0,0.08972253868841518,0.08972255032992527,0.31403619050979614,0.08381028473377228,0.0024892373476177454,262144,202069,14743,5370.472101629215,1378.6294470874293,192577,1574,132,7786,0,0
