block,partition,seed,split,setting,source_order,sample_id,event_id,temperature,soft_dice_risk_binary,sdc_exact,uncertainty,top_tail_msp,spatial_inconsistency,input_valid_pixels,reference_valid_pixels,predicted_foreground_input,nll_sum,brier_sum,confusion_0_0,confusion_0_1,confusion_1_0,confusion_1_1,hard_disagreement_all_pixels,hard_disagreement_reference_valid
P1,F2,37,calibration,calibrated,0,India_1017769,IND,1.9472980369096413,0.12362157464903167,0.12362154159710514,0.9339239001274109,0.3670540153980255,0.00089373899390921,262144,172971,169272,73496.40165928856,23224.414509162936,46279,28549,3287,94856,0,0
P1,F2,37,calibration,t1,0,India_1017769,IND,1.0,0.04063946800301366,0.04063950864951038,0.7926729917526245,0.267255961894989,0.0038028552662581205,262144,172971,169272,94113.6700323009,26711.498732682336,46279,28549,3287,94856,0,0
P1,F2,37,calibration,calibrated,1,India_1018317,IND,1.9472980369096413,0.10633301937435435,0.10633303825801255,0.9324299097061157,0.36582818627357483,0.0005061402334831655,262144,196977,186538,57766.12427110581,16430.682084627588,25458,20809,1028,149682,0,0
P1,F2,37,calibration,t1,1,India_1018317,IND,1.0,0.03378161261404922,0.0337816246820698,0.7894148230552673,0.2657448351383209,0.0016041728667914867,262144,196977,186538,63098.02583335979,18069.03857741743,25458,20809,1028,149682,0,0
P1,F2,37,calibration,calibrated,2,India_1018327,IND,1.9472980369096413,0.489750737184211,0.489750738884819,0.8981931805610657,0.33347246050834656,0.0006949790986254811,262144,262142,17859,57210.38096602239,16083.474690067407,224647,846,19636,17013,0,0
P1,F2,37,calibration,t1,2,India_1018327,IND,1.0,0.21067568531845193,0.21067568393536584,0.7047839164733887,0.221222922205925,0.002608095295727253,262144,262142,17859,68360.38524531879,17311.511123149226,224647,846,19636,17013,0,0
P1,F2,37,calibration,calibrated,3,India_103447,IND,1.9472980369096413,0.37369653242495093,0.37369654679860376,0.9649891257286072,0.40590786933898926,0.000470578670501709,262144,163567,38609,34443.311786504666,9325.003732627207,132796,3794,7933,19044,0,0
P1,F2,37,calibration,t1,3,India_103447,IND,1.0,0.18080554813419758,0.18080560727384953,0.8819193243980408,0.3281590938568115,0.001578034833073616,262144,163567,38609,33687.24815278398,8954.713656174355,132796,3794,7933,19044,0,0
P1,F2,37,calibration,calibrated,4,India_1050276,IND,1.9472980369096413,0.6623231328159835,0.6623230907079636,0.9431092143058777,0.37495800852775574,0.0007591418689116836,262144,255185,11089,86594.77942643786,27326.538966757984,205310,870,39240,9765,0,0
P1,F2,37,calibration,t1,4,India_1050276,IND,1.0,0.3945329345971069,0.3945329503593351,0.8161300420761108,0.2776124179363251,0.0027883066795766354,262144,255185,11089,118933.97083022872,31896.928661315076,205310,870,39240,9765,0,0
P1,F2,37,calibration,calibrated,5,India_1068117,IND,1.9472980369096413,0.38712073861622576,0.387120734690661,0.9368516802787781,0.37032273411750793,0.0009779268875718117,262144,229712,31517,69185.62918238243,20718.54321384554,178519,3233,23773,24187,0,0
P1,F2,37,calibration,t1,5,India_1068117,IND,1.0,0.16898608469367027,0.1689860855352382,0.8007326722145081,0.2721587121486664,0.004377365577965975,262144,229712,31517,89583.10650540091,22747.08514535328,178519,3233,23773,24187,0,0
P1,F2,37,calibration,calibrated,6,India_1072277,IND,1.9472980369096413,0.9911450705482084,0.9911450700663941,0.8737800717353821,0.30191662907600403,0.00028509213007055223,262144,262142,202,57699.6654811752,16563.704579221434,239585,11,22355,191,0,0
P1,F2,37,calibration,t1,6,India_1072277,IND,1.0,0.9676274861229103,0.9676274859054476,0.6339072585105896,0.1711590737104416,0.0004424357321113348,262144,262142,202,66643.37732605872,18471.76063935473,239585,11,22355,191,0,0
P1,F2,37,calibration,calibrated,7,India_118868,IND,1.9472980369096413,0.8328236371405613,0.8328236450272469,0.7289829254150391,0.22001907229423523,0.0006047638598829508,159275,159275,1877,35528.4436911777,9685.81434765112,146874,1716,10524,161,0,0
P1,F2,37,calibration,t1,7,India_118868,IND,1.0,0.4521086332814579,0.4521086753368486,0.39836418628692627,0.09884854406118393,0.0019880644977092743,159275,159275,1877,44268.96583313136,10883.211344362842,146874,1716,10524,161,0,0
P1,F2,37,calibration,calibrated,8,India_135434,IND,1.9472980369096413,0.6959355742263686,0.6959355719434788,0.9664589166641235,0.40885043144226074,0.0003851274959743023,258866,117150,9763,17184.476265647623,4429.70187716657,106226,612,6400,3912,0,0
P1,F2,37,calibration,t1,8,India_135434,IND,1.0,0.4648640773491832,0.46486407458854995,0.8870961666107178,0.3334251642227173,0.0010731574147939682,258866,117150,9763,13649.104768927034,4387.660004396505,106226,612,6400,3912,0,0
P1,F2,37,calibration,calibrated,9,India_136196,IND,1.9472980369096413,0.7879812830102716,0.7879812977412539,0.9212217330932617,0.35546234250068665,0.0005458550294861197,262144,211744,5770,27039.31822892713,5745.022893500129,206106,5638,0,0,0,0
P1,F2,37,calibration,t1,9,India_136196,IND,1.0,0.5393774882779522,0.5393775039846372,0.7615649700164795,0.2516505718231201,0.0014434121549129486,262144,211744,5770,13995.800546170301,3949.908960129253,206106,5638,0,0,0,0
P1,F2,37,calibration,calibrated,10,India_164336,IND,1.9472980369096413,0.9951535086360683,0.9951535090941956,0.681820273399353,0.18778319656848907,0.00022831752721685916,262144,259101,74,22035.384039276905,3136.519992466144,257174,46,1853,28,0,0
P1,F2,37,calibration,t1,10,India_164336,IND,1.0,0.9668764950501568,0.9668764924645443,0.31308165192604065,0.06321866810321808,0.00025802364689297974,262144,259101,74,9762.733786363817,1858.9887787439918,257174,46,1853,28,0,0
P1,F2,37,calibration,calibrated,11,India_166709,IND,1.9472980369096413,0.997200740727652,0.9972007405755908,0.7129949927330017,0.20546236634254456,0.00025298228138126433,262144,256894,46,33830.78260517685,7728.012132538569,248040,15,8808,31,0,0
P1,F2,37,calibration,t1,11,India_166709,IND,1.0,0.9830605551034347,0.9830605539229333,0.3619341552257538,0.07910861819982529,0.0003282823890913278,262144,256894,46,32401.46971218494,7877.402050137488,248040,15,8808,31,0,0
P1,F2,37,calibration,calibrated,12,India_177319,IND,1.9472980369096413,0.9895798376073138,0.9895798381534773,0.5992860198020935,0.15588031709194183,0.0005225237109698355,261409,256490,150,19500.83204382216,2605.354214705521,254772,140,1568,10,0,0
P1,F2,37,calibration,t1,12,India_177319,IND,1.0,0.9235145330568939,0.9235145313042429,0.23673313856124878,0.04865734651684761,0.0010527938138693571,261409,256490,150,9626.206054630273,1695.7830756791416,254772,140,1568,10,0,0
P1,F2,37,calibration,calibrated,13,India_179238,IND,1.9472980369096413,0.993042802210208,0.9930428018216831,0.7632933259010315,0.22946079075336456,0.00025548768462613225,262144,192482,120,36901.86745382828,9698.443241353301,180867,23,11495,97,0,0
P1,F2,37,calibration,t1,13,India_179238,IND,1.0,0.9623466068300761,0.9623466096134354,0.42626622319221497,0.09564808756113052,0.00032988371094688773,262144,192482,120,43609.57199154279,10376.17895232547,180867,23,11495,97,0,0
P1,F2,37,calibration,calibrated,14,India_180633,IND,1.9472980369096413,0.1854583901945447,0.18545833333852224,0.957166850566864,0.39433494210243225,0.000626136374194175,262144,164555,98180,37297.84981504885,9358.357496266097,81389,7403,4025,71738,0,0
P1,F2,37,calibration,t1,14,India_180633,IND,1.0,0.07045623041058557,0.07045620412489528,0.8580777049064636,0.30901798605918884,0.0023431850131601095,262144,164555,98180,31969.91702814793,8545.815877933732,81389,7403,4025,71738,0,0
P1,F2,37,calibration,calibrated,15,India_207862,IND,1.9472980369096413,0.8476057423196034,0.8476057545687187,0.9077864289283752,0.34040626883506775,0.00046860420843586326,262144,200115,3797,49567.9317037331,14828.28858845502,177702,1385,19076,1952,0,0
P1,F2,37,calibration,t1,15,India_207862,IND,1.0,0.6273268534736391,0.6273268726506154,0.7253738045692444,0.22908607125282288,0.0012332159094512463,262144,200115,3797,60825.32799977242,16707.75740052673,177702,1385,19076,1952,0,0
P1,F2,37,calibration,calibrated,16,India_244057,IND,1.9472980369096413,0.8966527353734288,0.8966527496890466,0.8521653413772583,0.2969648838043213,0.0003801743732765317,262144,160537,2025,15046.187054378652,2447.8349748459923,159372,1160,5,0,0,0
P1,F2,37,calibration,t1,16,India_244057,IND,1.0,0.6891616961726412,0.689161662166211,0.6068375110626221,0.17632226645946503,0.0008062271517701447,262144,160537,2025,5174.666430378025,1131.4774642083164,159372,1160,5,0,0,0
P1,F2,37,calibration,calibrated,17,India_25540,IND,1.9472980369096413,0.9631027341609566,0.9631027354515987,0.8797059655189514,0.3145219385623932,0.0002535333624109626,262144,188625,792,31314.95254981791,8019.165796752777,176908,158,11041,518,0,0
P1,F2,37,calibration,t1,17,India_25540,IND,1.0,0.8790866483642547,0.8790866466182015,0.6597915291786194,0.19407032430171967,0.0003962709743063897,262144,188625,792,27834.698961895116,8045.496083292193,176908,158,11041,518,0,0
P1,F2,37,calibration,calibrated,18,India_265762,IND,1.9472980369096413,0.9846752822552697,0.9846752821791973,0.7122530937194824,0.20444364845752716,0.0002707219391595572,262144,147296,242,26553.180818101933,6982.417804186658,138687,76,8451,82,0,0
P1,F2,37,calibration,t1,18,India_265762,IND,1.0,0.9099202958513724,0.9099203006116945,0.3571704924106598,0.07773271203041077,0.0003783758438657969,262144,147296,242,32220.08635389862,7684.263377730992,138687,76,8451,82,0,0
P1,F2,37,calibration,calibrated,19,India_273873,IND,1.9472980369096413,0.5878964465455695,0.5878964159387876,0.9586984515190125,0.39572086930274963,0.0005804846878163517,262144,155608,15728,33947.49378178455,9101.081434538275,143554,6608,4784,662,0,0
P1,F2,37,calibration,t1,19,India_273873,IND,1.0,0.3425214840019558,0.3425214319947555,0.8621915578842163,0.31090137362480164,0.001885357080027461,262144,155608,15728,38913.47619904924,9139.133792476534,143554,6608,4784,662,0,0
P1,F2,37,calibration,calibrated,20,India_285297,IND,1.9472980369096413,0.6725205108416861,0.6725205202023264,0.9492974281311035,0.3828364908695221,0.0005955422529950738,262144,245042,11532,77814.10286012403,24350.74253157612,204662,4374,29201,6805,0,0
P1,F2,37,calibration,t1,20,India_285297,IND,1.0,0.4160881706858214,0.4160882124109483,0.8339950442314148,0.290036678314209,0.001863321173004806,262144,245042,11532,100760.92051608948,27591.05191165841,204662,4374,29201,6805,0,0
P1,F2,37,calibration,calibrated,21,India_287642,IND,1.9472980369096413,0.5658232591258743,0.56582326638259,0.9886260628700256,0.4456111490726471,0.0010212594643235207,262144,115377,25528,34168.56236520582,10437.328858817535,94459,3004,11417,6497,0,0
P1,F2,37,calibration,t1,21,India_287642,IND,1.0,0.37243765168693055,0.3724375847819178,0.9584976434707642,0.3963262140750885,0.003706806804984808,262144,115377,25528,36054.76588651562,10760.785375388,94459,3004,11417,6497,0,0
P1,F2,37,calibration,calibrated,22,India_324254,IND,1.9472980369096413,0.9955836527186553,0.9955836525308319,0.5650396347045898,0.14241093397140503,0.00021822555572725832,262144,262144,58,21729.11216594385,3672.25941225288,258250,11,3836,47,0,0
P1,F2,37,calibration,t1,22,India_324254,IND,1.0,0.9618493059519169,0.9618492989267997,0.2090034782886505,0.04082949832081795,0.00025191964232362807,262144,262144,58,14722.06303312927,3420.609362098225,258250,11,3836,47,0,0
P1,F2,37,calibration,calibrated,23,India_373039,IND,1.9472980369096413,0.6326586675633843,0.632658676927027,0.9798484444618225,0.4275420010089874,0.0006837890832684934,262144,242783,16165,45859.489428451096,12197.181211476563,226584,14690,1482,27,0,0
P1,F2,37,calibration,t1,23,India_373039,IND,1.0,0.41879948460276684,0.4187994738653693,0.9285194277763367,0.3640238046646118,0.0022747511975467205,262144,242783,16165,36062.166593517075,10867.315520380773,226584,14690,1482,27,0,0
P1,F2,37,calibration,calibrated,24,India_383430,IND,1.9472980369096413,0.5377422611280626,0.5377422558809356,0.8320963382720947,0.286364883184433,0.0007207219023257494,262144,251271,12060,85240.09295160376,24584.93991135115,210802,1241,28646,10582,0,0
P1,F2,37,calibration,t1,24,India_383430,IND,1.0,0.21544981538309804,0.21544987279979344,0.5744653344154358,0.16803181171417236,0.0026947117876261473,262144,251271,12060,130371.23212961802,27227.70137421153,210802,1241,28646,10582,0,0
P1,F2,37,calibration,calibrated,25,India_391908,IND,1.9472980369096413,0.6148692599790115,0.6148692327359666,0.8575590252876282,0.2998526990413666,0.0006114902789704502,262144,211832,9845,50628.46258469949,14339.939847367586,185071,772,17577,8412,0,0
P1,F2,37,calibration,t1,25,India_391908,IND,1.0,0.2804801331595511,0.28048014045213265,0.61493980884552,0.17866374552249908,0.0022292069625109434,262144,211832,9845,63255.534731157844,15693.638093838483,185071,772,17577,8412,0,0
P1,F2,37,calibration,calibrated,26,India_399883,IND,1.9472980369096413,0.13260010503980524,0.13260012311640235,0.9474542140960693,0.381369024515152,0.000909683236386627,262144,262119,157295,93955.06851003214,28513.24955542628,95767,30060,9082,127210,0,0
P1,F2,37,calibration,t1,26,India_399883,IND,1.0,0.0461645215131824,0.04616443254265523,0.8292768597602844,0.2882035970687866,0.004053046461194754,262144,262119,157295,110130.24091447343,31723.904175790714,95767,30060,9082,127210,0,0
P1,F2,37,calibration,calibrated,27,India_44475,IND,1.9472980369096413,0.9916951876537349,0.9916951878815473,0.5358933806419373,0.12834300100803375,0.0002055769000435248,262144,260175,99,14659.635142792471,1039.939032609158,260138,37,0,0,0,0
P1,F2,37,calibration,t1,27,India_44475,IND,1.0,0.9175473544446955,0.9175473512840625,0.17253252863883972,0.03041069209575653,0.00019044939836021513,262144,260175,99,1521.3613336783528,75.2785737517207,260138,37,0,0,0,0
P1,F2,37,calibration,calibrated,28,India_500266,IND,1.9472980369096413,0.9270997242556542,0.9270997225733657,0.9288035035133362,0.3567885160446167,0.00033734182943589985,262144,262141,1719,84859.42531647564,26176.24060513381,223864,96,36558,1623,0,0
P1,F2,37,calibration,t1,28,India_500266,IND,1.0,0.8008261403228815,0.8008261524113502,0.7757821679115295,0.24909429252147675,0.0007197215454652905,262144,262141,1719,117447.1053368967,30059.728821322693,223864,96,36558,1623,0,0
P1,F2,37,calibration,calibrated,29,India_533192,IND,1.9472980369096413,0.25101577728283375,0.2510157946526538,0.9736478924751282,0.41578352451324463,0.0006232165032997727,156878,120661,54904,36430.36037707067,10350.325512677839,70303,7114,4848,38396,0,0
P1,F2,37,calibration,t1,29,India_533192,IND,1.0,0.11380583357181706,0.11380586859210196,0.9078461527824402,0.3433380722999573,0.00249019218608737,156878,120661,54904,34887.3691265361,9658.400977383353,70303,7114,4848,38396,0,0
P1,F2,37,calibration,calibrated,30,India_534470,IND,1.9472980369096413,0.9802158964937588,0.9802158980397095,0.5782939195632935,0.14999355375766754,0.0002180023438995704,262144,250570,246,27156.192443925953,5891.297109082122,243098,38,7226,208,0,0
P1,F2,37,calibration,t1,30,India_534470,IND,1.0,0.8550500835051392,0.8550500823351116,0.22752808034420013,0.048302069306373596,0.0002618376456666738,262144,250570,246,25634.299826986957,6309.82290365191,243098,38,7226,208,0,0
P1,F2,37,calibration,calibrated,31,India_56450,IND,1.9472980369096413,0.9904845942895286,0.990484594704386,0.697970449924469,0.19665075838565826,0.0002861605607904494,262144,181248,147,13519.359077842972,1480.2868772565587,181056,110,82,0,0,0
P1,F2,37,calibration,t1,31,India_56450,IND,1.0,0.9404407077267893,0.9404407063214979,0.33631154894828796,0.0710187628865242,0.00038595384103246033,262144,181248,147,2684.152810915846,301.4408145407189,181056,110,82,0,0,0
P1,F2,37,calibration,calibrated,32,India_566697,IND,1.9472980369096413,0.9652796744176257,0.9652796735115601,0.912043571472168,0.33689171075820923,0.0003278587246313691,262144,215703,794,42778.253810925205,11682.196862234146,200621,363,14396,323,0,0
P1,F2,37,calibration,t1,32,India_566697,IND,1.0,0.8928835732544593,0.8928835741515851,0.728276252746582,0.21843823790550232,0.0006690811715088785,262144,215703,794,43396.42276819596,11912.653295649328,200621,363,14396,323,0,0
P1,F2,37,calibration,calibrated,33,India_570384,IND,1.9472980369096413,0.596042309918974,0.5960423102620465,0.8316918015480042,0.27961379289627075,0.0003873104287777096,262144,242000,9627,32879.277868460915,7753.548310174099,226624,828,8360,6188,0,0
P1,F2,37,calibration,t1,33,India_570384,IND,1.0,0.24786653655517188,0.24786651019976913,0.5602387189865112,0.15396857261657715,0.0011235317215323448,262144,242000,9627,30361.75785477061,7703.517167724509,226624,828,8360,6188,0,0
P1,F2,37,calibration,calibrated,34,India_591317,IND,1.9472980369096413,0.14395497701721727,0.14395494479563997,0.8936600685119629,0.3306688666343689,0.0005771200521849096,262144,246049,118063,51899.44440119173,12645.17246475757,122394,9616,5592,108447,0,0
P1,F2,37,calibration,t1,34,India_591317,IND,1.0,0.04273555460228107,0.04273554560505133,0.696496844291687,0.21852529048919678,0.0019464484648779035,262144,246049,118063,41528.3335411508,11760.13310546251,122394,9616,5592,108447,0,0
P1,F2,37,calibration,calibrated,35,India_591549,IND,1.9472980369096413,0.9840815578571992,0.9840815576978948,0.5829242467880249,0.1472967267036438,0.00020798991317860782,262144,245709,200,37841.077854105984,9357.582858993494,234619,36,10891,163,0,0
P1,F2,37,calibration,t1,35,India_591549,IND,1.0,0.8702928878710077,0.8702928849634624,0.21579930186271667,0.0411553755402565,0.00023532799968961626,262144,245709,200,46562.46098862914,10231.868690193412,234619,36,10891,163,0,0
P1,F2,37,calibration,calibrated,36,India_592446,IND,1.9472980369096413,0.5532113132794191,0.5532113279398267,0.7830442190170288,0.2563018798828125,0.000522086163982749,262144,224355,10299,21893.591076345998,4345.781395886336,213715,1596,3838,5206,0,0
P1,F2,37,calibration,t1,36,India_592446,IND,1.0,0.2055342486040339,0.20553423673282634,0.4951900541782379,0.13806870579719543,0.00182230188511312,262144,224355,10299,14025.311450338108,4052.499944334742,213715,1596,3838,5206,0,0
P1,F2,37,calibration,calibrated,37,India_59460,IND,1.9472980369096413,0.9451356890953619,0.94513568636567,0.7916625738143921,0.25354644656181335,0.000315477343974635,262144,209353,1012,17793.394976497406,2506.9195002941624,208329,709,313,2,0,0
P1,F2,37,calibration,t1,37,India_59460,IND,1.0,0.7855645092435855,0.7855645001301994,0.48875710368156433,0.1268407702445984,0.0005419501685537398,262144,209353,1012,5459.151578821164,988.2127380088798,208329,709,313,2,0,0
P1,F2,37,calibration,calibrated,38,India_624341,IND,1.9472980369096413,0.953532420416461,0.9535324188169758,0.6978482007980347,0.20146416127681732,0.00027463026344776154,262144,262142,664,25388.55621724519,4453.590723866877,258355,563,3123,101,0,0
P1,F2,37,calibration,t1,38,India_624341,IND,1.0,0.7611122606638767,0.761112244632512,0.35180291533470154,0.0804344043135643,0.0004242527356836945,262144,262142,664,17360.29163259147,3495.2029369518236,258355,563,3123,101,0,0
P1,F2,37,calibration,calibrated,39,India_631692,IND,1.9472980369096413,0.9988455550159373,0.9988455549990091,0.42280685901641846,0.08918265998363495,0.00015526654897257686,262144,262144,14,14397.637368856276,1215.790397828163,261336,6,794,8,0,0
P1,F2,37,calibration,t1,39,India_631692,IND,1.0,0.9846848592287226,0.9846848587421448,0.09338854253292084,0.014245351776480675,0.00011893227201653644,262144,262144,14,3397.057043087314,686.7272643360722,261336,6,794,8,0,0
P1,F2,37,calibration,calibrated,40,India_652725,IND,1.9472980369096413,0.8140858381563187,0.8140858562894742,0.9018898010253906,0.33023419976234436,0.00047356574214063585,262144,262094,4563,55763.58140698314,15265.366941669276,239503,796,18028,3767,0,0
P1,F2,37,calibration,t1,40,India_652725,IND,1.0,0.5503339175833911,0.5503339242401839,0.7053824067115784,0.2114984542131424,0.0012984025524929166,262144,262094,4563,61703.010993440796,15838.835729415834,239503,796,18028,3767,0,0
P1,F2,37,calibration,calibrated,41,India_664410,IND,1.9472980369096413,0.9137466754861834,0.9137466764731903,0.866737961769104,0.3001660704612732,0.00048427513684146106,262144,262142,1865,45700.782115663984,11240.001848159362,248294,322,11983,1543,0,0
P1,F2,37,calibration,t1,41,India_664410,IND,1.0,0.7253517965005196,0.7253517793664492,0.6236159205436707,0.17259779572486877,0.0013272834476083517,262144,262142,1865,44006.15238107885,10634.715939288397,248294,322,11983,1543,0,0
P1,F2,37,calibration,calibrated,42,India_691027,IND,1.9472980369096413,0.8681140272663009,0.8681140305451196,0.6888291239738464,0.20545463263988495,0.0004077049670740962,262144,254034,2044,28649.846998111992,6129.517115576633,245172,468,6827,1567,0,0
P1,F2,37,calibration,t1,42,India_691027,IND,1.0,0.52947689253807,0.5294768867990265,0.3631887137889862,0.09390322118997574,0.0010907454416155815,262144,254034,2044,25743.594485160913,6129.146819179593,245172,468,6827,1567,0,0
P1,F2,37,calibration,calibrated,43,India_698338,IND,1.9472980369096413,0.980708552542519,0.9807085550450146,0.725786030292511,0.2281046062707901,0.00021110352827236056,262144,227984,321,27352.839236674503,6342.205014215355,217984,64,9679,257,0,0
P1,F2,37,calibration,t1,43,India_698338,IND,1.0,0.9132524448492765,0.9132524464891747,0.4257042109966278,0.11662217974662781,0.0002922718122135848,262144,227984,321,24103.725318549798,6866.805247870487,217984,64,9679,257,0,0
P1,F2,37,calibration,calibrated,44,India_70352,IND,1.9472980369096413,0.39886656521357355,0.3988666125916639,0.7796121835708618,0.25492310523986816,0.0005238857120275497,262144,239229,18775,22066.626405812334,3895.9630518027734,223503,2538,1860,11328,0,0
P1,F2,37,calibration,t1,44,India_70352,IND,1.0,0.12190305391397593,0.12190300636844309,0.4885878264904022,0.13790926337242126,0.001963139744475484,262144,239229,18775,12077.063362543031,3278.2693542486713,223503,2538,1860,11328,0,0
P1,F2,37,calibration,calibrated,45,India_707886,IND,1.9472980369096413,0.6441261658081789,0.644126133014405,0.5810480713844299,0.16227129101753235,0.0003743608540389687,262144,256881,5744,16723.09155055767,2007.817443701154,250343,870,841,4827,0,0
P1,F2,37,calibration,t1,45,India_707886,IND,1.0,0.20409965135528962,0.20409957469835405,0.26653364300727844,0.06905785202980042,0.001302110031247139,262144,256881,5744,4896.747076106822,1243.4684409314837,250343,870,841,4827,0,0
P1,F2,37,calibration,calibrated,46,India_73419,IND,1.9472980369096413,0.9719817040789929,0.9719817036321416,0.6063410639762878,0.1590634286403656,0.00022716812964063138,262144,178934,351,25357.50738704147,5714.555046088019,172598,84,6138,114,0,0
P1,F2,37,calibration,t1,46,India_73419,IND,1.0,0.806914843606041,0.8069148450618033,0.24534326791763306,0.05068640038371086,0.0002942714199889451,262144,178934,351,30027.65175068128,5856.865201377359,172598,84,6138,114,0,0
P1,F2,37,calibration,calibrated,47,India_747970,IND,1.9472980369096413,0.7668767730081861,0.7668767676540389,0.5625802278518677,0.15484914183616638,0.00031883103656582534,262144,246517,3296,18660.925040492388,2923.290909614415,240970,540,2528,2479,0,0
P1,F2,37,calibration,t1,47,India_747970,IND,1.0,0.31150523728753954,0.3115052758445739,0.24955448508262634,0.06485934555530548,0.0009153609280474484,262144,246517,3296,10766.971249784192,2532.78380428552,240970,540,2528,2479,0,0
P1,F2,37,calibration,calibrated,48,India_747992,IND,1.9472980369096413,0.5517986033471802,0.551798606515741,0.9922861456871033,0.4553840458393097,0.0007324215257540345,262144,262087,29125,174014.50643310742,59310.68875122687,144448,317,88514,28808,0,0
P1,F2,37,calibration,t1,48,India_747992,IND,1.0,0.3707022299440257,0.3707022253398381,0.971523642539978,0.41439518332481384,0.0024861758574843407,262144,262087,29125,264475.23137741326,70627.48660079153,144448,317,88514,28808,0,0
P1,F2,37,calibration,calibrated,49,India_764946,IND,1.9472980369096413,0.8512543962126768,0.8512543924896986,0.5772748589515686,0.15592317283153534,0.0002740045893006027,262144,242502,1987,16813.80623844573,2271.9880025415173,239013,343,2007,1139,0,0
P1,F2,37,calibration,t1,49,India_764946,IND,1.0,0.43104847364678456,0.4310484727408226,0.24483315646648407,0.060336045920848846,0.0006450669025070965,262144,242502,1987,6956.21611412091,1765.8182930740468,239013,343,2007,1139,0,0
P1,F2,37,calibration,calibrated,50,India_769408,IND,1.9472980369096413,0.8850501462853676,0.8850501469536846,0.797464907169342,0.25763919949531555,0.0004069166607223451,262144,175907,2031,26341.810378969916,6390.756176458719,166745,580,7176,1406,0,0
P1,F2,37,calibration,t1,50,India_769408,IND,1.0,0.613536418636178,0.6135364007034367,0.5007860064506531,0.13139155507087708,0.0009339876705780625,262144,175907,2031,24470.362147256026,6383.302822426477,166745,580,7176,1406,0,0
P1,F2,37,calibration,calibrated,51,India_772630,IND,1.9472980369096413,0.8279946658722228,0.827994662127858,0.9330556988716125,0.3655252456665039,0.00045732923899777234,262144,155332,4674,22370.894521856353,5068.749597233545,150632,3355,1315,30,0,0
P1,F2,37,calibration,t1,51,India_772630,IND,1.0,0.6184076721387344,0.6184076804471603,0.7898505926132202,0.2646080553531647,0.0011779917404055595,262144,155332,4674,15023.92615439394,3793.783728312536,150632,3355,1315,30,0,0
P1,F2,37,calibration,calibrated,52,India_773682,IND,1.9472980369096413,0.8607405318981535,0.8607405419293291,0.8226243853569031,0.2741627097129822,0.0003215173492208123,262144,252793,2614,72525.8938021327,21890.02892091951,221384,450,28795,2164,0,0
P1,F2,37,calibration,t1,52,India_773682,IND,1.0,0.5778158603060615,0.5778158887454541,0.5460874438285828,0.14877738058567047,0.0006651454023085535,262144,252793,2614,103435.60063313886,25471.15887803543,221384,450,28795,2164,0,0
P1,F2,37,calibration,calibrated,53,India_774689,IND,1.9472980369096413,0.6473685024538056,0.647368489671145,0.9115380048751831,0.3443380892276764,0.000987440231256187,261156,237116,10201,46041.63573821398,12353.616716940207,215691,2668,12982,5775,0,0
P1,F2,37,calibration,t1,53,India_774689,IND,1.0,0.3505742574379641,0.3505742539547797,0.7349022626876831,0.2347840517759323,0.0031872785184532404,261156,237116,10201,50064.25374828328,12815.26444266312,215691,2668,12982,5775,0,0
P1,F2,37,calibration,calibrated,54,India_79637,IND,1.9472980369096413,0.9618025844939507,0.9618025853429307,0.726951539516449,0.21071316301822662,0.00023061924730427563,262144,262144,546,30841.861340265703,5881.640510333909,256873,106,4725,440,0,0
P1,F2,37,calibration,t1,54,India_79637,IND,1.0,0.7961950980618413,0.7961950908542229,0.3747299909591675,0.08100534975528717,0.000307967362459749,262144,262144,546,24483.298270743802,4738.826363285576,256873,106,4725,440,0,0
P1,F2,37,calibration,calibrated,55,India_80221,IND,1.9472980369096413,0.11447542390369525,0.11447536417738002,0.8816415667533875,0.3201795518398285,0.00043341555283404887,262144,151793,161858,44626.87843423778,12536.421421657895,22525,14762,1358,113148,0,0
P1,F2,37,calibration,t1,55,India_80221,IND,1.0,0.032047159574869366,0.03204709603592837,0.6681567430496216,0.20475700497627258,0.0013949678977951407,262144,151793,161858,47836.981333768425,13587.952251614981,22525,14762,1358,113148,0,0
P1,F2,37,calibration,calibrated,56,India_804466,IND,1.9472980369096413,0.8499507825583096,0.8499507741577463,0.9514901638031006,0.3834569752216339,0.0004252485232427716,262144,262134,4432,102299.9349471165,32159.000552092373,211693,213,46009,4219,0,0
P1,F2,37,calibration,t1,56,India_804466,IND,1.0,0.6691408068678477,0.6691408326236872,0.8391975164413452,0.28986868262290955,0.0011468612356111407,262144,262134,4432,146208.30885882166,37155.77562190839,211693,213,46009,4219,0,0
P1,F2,37,calibration,calibrated,57,India_828067,IND,1.9472980369096413,0.7954573051355178,0.7954572893606853,0.6398224234580994,0.1861480176448822,0.0003950366808567196,262144,183120,3126,18701.222913478356,3813.182026982303,175795,331,4301,2693,0,0
P1,F2,37,calibration,t1,57,India_828067,IND,1.0,0.3835181909040586,0.38351818739970767,0.318226158618927,0.08400479704141617,0.001169649069197476,262144,183120,3126,14349.96078017389,3688.318855436387,175795,331,4301,2693,0,0
P1,F2,37,calibration,calibrated,58,India_833266,IND,1.9472980369096413,0.9594124586366979,0.9594124613371349,0.7116189002990723,0.20604388415813446,0.00025050967815332115,262144,219674,624,51420.36235162848,14387.8782820071,201401,11,17652,610,0,0
P1,F2,37,calibration,t1,58,India_833266,IND,1.0,0.7884043518188147,0.7884043582031408,0.36188626289367676,0.08137784898281097,0.00034159052302129567,262144,219674,624,70916.2472181965,16172.23023154213,201401,11,17652,610,0,0
P1,F2,37,calibration,calibrated,59,India_842775,IND,1.9472980369096413,0.9931709864860641,0.9931709862486655,0.6011022925376892,0.16001512110233307,0.00019144515681546181,262144,246418,95,25686.54307760241,5096.200192702998,240466,23,5857,72,0,0
P1,F2,37,calibration,t1,59,India_842775,IND,1.0,0.9507590279258956,0.9507590228587989,0.250875324010849,0.05527559295296669,0.0001968530414160341,262144,246418,95,22297.609626998455,5024.541001783577,240466,23,5857,72,0,0
P1,F2,37,calibration,calibrated,60,India_869358,IND,1.9472980369096413,0.9429305856273007,0.9429305819780921,0.8649277091026306,0.29873791337013245,0.00039202035986818373,262144,262144,1195,31709.797147127683,6249.566359854875,256821,273,4128,922,0,0
P1,F2,37,calibration,t1,60,India_869358,IND,1.0,0.8055213940390907,0.8055213843441588,0.6201401352882385,0.1708626002073288,0.0009585348307155073,262144,262144,1195,18261.566641304737,4195.670752697228,256821,273,4128,922,0,0
P1,F2,37,calibration,calibrated,61,India_900498,IND,1.9472980369096413,0.16675424218566237,0.16675424466673938,0.9526307582855225,0.3872857987880707,0.001042599556967616,262144,261992,133524,85764.15905110163,24920.012403530913,117219,20820,11401,112552,0,0
P1,F2,37,calibration,t1,61,India_900498,IND,1.0,0.06324266644914323,0.06324266304921511,0.8438596725463867,0.2971731722354889,0.00468048918992281,262144,261992,133524,91253.68035010285,25460.41457113437,117219,20820,11401,112552,0,0
P1,F2,37,calibration,calibrated,62,India_91379,IND,1.9472980369096413,0.8805744199138165,0.8805744116850982,0.9091172218322754,0.3385753035545349,0.00036003676359541714,262144,262133,2952,68906.11442303164,20145.504837658562,232409,130,26772,2822,0,0
P1,F2,37,calibration,t1,62,India_91379,IND,1.0,0.6845421321429501,0.6845421420004477,0.7253831028938293,0.22418592870235443,0.0008171380031853914,262144,262133,2952,86284.9881751618,22176.600144551296,232409,130,26772,2822,0,0
P1,F2,37,calibration,calibrated,63,India_943439,IND,1.9472980369096413,0.32016732789300373,0.3201673428855133,0.9376121759414673,0.3716794550418854,0.0013433339772745967,262144,250096,39644,61224.896170430104,17706.46824284926,195030,7457,16722,30887,0,0
P1,F2,37,calibration,t1,63,India_943439,IND,1.0,0.130945144059596,0.13094515652407823,0.8033931851387024,0.27452823519706726,0.0064617241732776165,262144,250096,39644,71307.64844100497,19224.84969902739,195030,7457,16722,30887,0,0
P1,F2,37,calibration,calibrated,64,India_952728,IND,1.9472980369096413,0.9037931346193477,0.9037931406619696,0.6984764933586121,0.20213815569877625,0.00033661985071375966,262144,188716,1409,23698.088584421337,5129.29501466416,182588,280,5164,684,0,0
P1,F2,37,calibration,t1,64,India_952728,IND,1.0,0.592826518647783,0.5928265393254827,0.351787805557251,0.08165176957845688,0.0006646247929893434,262144,188716,1409,22741.85391099865,4985.969851607466,182588,280,5164,684,0,0
P1,F2,37,calibration,calibrated,65,India_956930,IND,1.9472980369096413,0.7406339547463308,0.7406339473342436,0.9195859432220459,0.3493300676345825,0.0004887402756139636,262144,237130,6618,80643.72265065463,24660.606544354392,196738,296,34182,5914,0,0
P1,F2,37,calibration,t1,65,India_956930,IND,1.0,0.4632680633770425,0.463268049010621,0.7529475092887878,0.23969601094722748,0.0015093900728970766,262144,237130,6618,116957.49915662302,28532.334006758654,196738,296,34182,5914,0,0
P1,F2,37,calibration,calibrated,66,India_979278,IND,1.9472980369096413,0.6399509148177868,0.6399509236278726,0.9237684607505798,0.35513120889663696,0.000907751964405179,124051,105990,6110,17846.22870240439,3949.8200240106335,98776,1777,2007,3430,0,0
P1,F2,37,calibration,t1,66,India_979278,IND,1.0,0.33173373358617486,0.33173374104781794,0.7652396559715271,0.2490987479686737,0.003436476457864046,124051,105990,6110,12059.529430985633,3197.403330408282,98776,1777,2007,3430,0,0
P1,F2,37,calibration,calibrated,67,India_981708,IND,1.9472980369096413,0.8928016086224081,0.8928016128361072,0.8212345838546753,0.2679932713508606,0.00037628423888236284,222572,219993,1635,37048.72591698393,9363.978184936237,208225,1422,10243,103,0,0
P1,F2,37,calibration,t1,67,India_981708,IND,1.0,0.633510353241064,0.6335103633873413,0.5324045419692993,0.13662764430046082,0.00102875882294029,222572,219993,1635,36008.50136101586,9813.237998135339,208225,1422,10243,103,0,0
P1,F2,37,calibration,calibrated,68,Paraguay_1019808,PRY,1.9472980369096413,0.9804801557832657,0.9804801539238828,0.7789917588233948,0.2507573962211609,0.00017422168457414955,262144,262144,374,24664.92877944997,4171.386185788854,256953,21,4817,353,0,0
P1,F2,37,calibration,t1,68,Paraguay_1019808,PRY,1.0,0.9180317235946573,0.9180317226656141,0.4790422320365906,0.12960654497146606,0.00017435263725928962,262144,262144,374,11366.914090568749,3030.233539000967,256953,21,4817,353,0,0
P1,F2,37,calibration,calibrated,69,Paraguay_1029042,PRY,1.9472980369096413,0.2062905831731452,0.20629061102558144,0.9084516167640686,0.3444640040397644,0.000905892753507942,262144,223004,69022,33684.55408352613,6664.058644257085,156935,4872,1041,60156,0,0
P1,F2,37,calibration,t1,69,Paraguay_1029042,PRY,1.0,0.06832850145022751,0.06832850838050519,0.7316605448722839,0.23736229538917542,0.004530943930149078,262144,223004,69022,16776.694435371286,4415.9511286060015,156935,4872,1041,60156,0,0
P1,F2,37,calibration,calibrated,70,Paraguay_1029191,PRY,1.9472980369096413,0.22663248704976602,0.22663252993055438,0.8357135653495789,0.2872332036495209,0.0009749589953571558,262144,253937,53233,32842.30843046319,5935.647070200384,199505,4096,1367,48969,0,0
P1,F2,37,calibration,t1,70,Paraguay_1029191,PRY,1.0,0.06360313444940657,0.06360314519176391,0.5772757530212402,0.16738563776016235,0.004611623473465443,262144,253937,53233,15615.908935851498,4022.3580065075357,199505,4096,1367,48969,0,0
P1,F2,37,calibration,calibrated,71,Paraguay_1056717,PRY,1.9472980369096413,0.7350397304844859,0.7350397264901762,0.7359892129898071,0.23365454375743866,0.0006321707624010742,262144,262144,4794,22096.174126819395,3454.2851962644645,255776,1322,1574,3472,0,0
P1,F2,37,calibration,t1,71,Paraguay_1056717,PRY,1.0,0.3506111266283971,0.3506111382097934,0.43701279163360596,0.12151768058538437,0.002216028980910778,262144,262144,4794,9203.961984099344,2328.9991664820254,255776,1322,1574,3472,0,0
P1,F2,37,calibration,calibrated,72,Paraguay_1076204,PRY,1.9472980369096413,0.709120126881708,0.7091201270683426,0.6336315870285034,0.17947709560394287,0.0002583549066912383,262144,262144,4669,20098.303144006124,2767.2898347828036,257041,2074,434,2595,0,0
P1,F2,37,calibration,t1,72,Paraguay_1076204,PRY,1.0,0.2701770721051454,0.2701770512525036,0.29385748505592346,0.075733482837677,0.0005466960137709975,262144,262144,4669,7463.793652135505,1894.8580375490183,257041,2074,434,2595,0,0
P1,F2,37,calibration,calibrated,73,Paraguay_11869,PRY,1.9472980369096413,0.9073906985491121,0.9073906898981633,0.559828519821167,0.13678620755672455,0.0002236014697700739,262144,257933,1036,16375.357406427313,1509.3921147819865,257068,643,51,171,0,0
P1,F2,37,calibration,t1,73,Paraguay_11869,PRY,1.0,0.4909699419276313,0.49096998723655383,0.18883462250232697,0.034174319356679916,0.00033536809496581554,262144,257933,1036,3220.358551647837,575.9439555672379,257068,643,51,171,0,0
P1,F2,37,calibration,calibrated,74,Paraguay_126224,PRY,1.9472980369096413,0.8568409060381723,0.856840899215648,0.9951266050338745,0.4645942747592926,0.0002824349794536829,262144,262144,7089,239201.70888931377,82780.3099123478,117455,307,137600,6782,0,0
P1,F2,37,calibration,t1,74,Paraguay_126224,PRY,1.0,0.7683072585645765,0.7683072494946711,0.9818326234817505,0.4317019283771515,0.0006607604445889592,262144,262144,7089,389192.9993655981,101843.13960726715,117455,307,137600,6782,0,0
P1,F2,37,calibration,calibrated,75,Paraguay_12870,PRY,1.9472980369096413,0.9522488437912549,0.952248843390698,0.8370957374572754,0.2776472270488739,0.00024403436691500247,262144,262144,939,26244.530362267593,3954.338661013203,261205,939,0,0,0,0
P1,F2,37,calibration,t1,75,Paraguay_12870,PRY,1.0,0.8179692692178563,0.8179692661696536,0.5613839030265808,0.1458713561296463,0.0003589556145016104,262144,262144,939,7547.794405814806,1221.99413685423,261205,939,0,0,0,0
P1,F2,37,calibration,calibrated,76,Paraguay_148318,PRY,1.9472980369096413,0.9320662978132803,0.932066299051037,0.6635123491287231,0.18401995301246643,0.0002319436753168702,262144,240076,894,16320.270992303158,1951.6444278538634,237739,108,1443,786,0,0
P1,F2,37,calibration,t1,76,Paraguay_148318,PRY,1.0,0.6565822243440445,0.6565821956493907,0.3045382797718048,0.06676429510116577,0.00038738601142540574,262144,240076,894,4790.019040222433,1131.06096637235,237739,108,1443,786,0,0
P1,F2,37,calibration,calibrated,77,Paraguay_149787,PRY,1.9472980369096413,0.2515143131476306,0.2515143416977078,0.7845550179481506,0.25656935572624207,0.0008412402239628136,262144,262144,41058,29467.44027352998,5018.770904166729,219166,2887,1920,38171,0,0
P1,F2,37,calibration,t1,77,Paraguay_149787,PRY,1.0,0.06564147381786578,0.06564137160499961,0.4935247302055359,0.1380053460597992,0.0038388308603316545,262144,262144,41058,13403.894554332242,3531.0320928751817,219166,2887,1920,38171,0,0
P1,F2,37,calibration,calibrated,78,Paraguay_149830,PRY,1.9472980369096413,0.9365166416264946,0.9365166442397158,0.61259925365448,0.16521665453910828,0.00019652624905575067,262144,260440,830,17551.283466485605,1915.726906812231,258383,150,1293,614,0,0
P1,F2,37,calibration,t1,78,Paraguay_149830,PRY,1.0,0.663581560781122,0.6635815210012281,0.2606443166732788,0.05954392999410629,0.00026177329709753394,262144,260440,830,4196.564928580746,957.4949732209168,258383,150,1293,614,0,0
P1,F2,37,calibration,calibrated,79,Paraguay_153941,PRY,1.9472980369096413,0.9914958586636401,0.9914958583174428,0.48661941289901733,0.11018236726522446,0.00021735724294558167,262144,262144,104,15777.885152960467,1357.9703265435023,261446,57,594,47,0,0
P1,F2,37,calibration,t1,79,Paraguay_153941,PRY,1.0,0.9081979879886825,0.9081979746695527,0.13256536424160004,0.02224726229906082,0.0002445774443913251,262144,262144,104,3373.529016945233,575.9224830989194,261446,57,594,47,0,0
P1,F2,37,calibration,calibrated,80,Paraguay_172476,PRY,1.9472980369096413,0.8637143494019072,0.8637143486898892,0.7278987765312195,0.2236826866865158,0.0004325859190430492,262144,262143,2275,20744.353076651256,2896.741593238275,258624,704,1244,1571,0,0
P1,F2,37,calibration,t1,80,Paraguay_172476,PRY,1.0,0.5365924114881273,0.536592401398869,0.41068539023399353,0.1065242812037468,0.0013212161138653755,262144,262143,2275,6901.326558692785,1570.1029876201458,258624,704,1244,1571,0,0
P1,F2,37,calibration,calibrated,81,Paraguay_179624,PRY,1.9472980369096413,0.9927549736298891,0.9927549743724129,0.5977664589881897,0.1555379331111908,0.00017810141434893012,262144,262109,97,15605.308918772967,1337.7404653054493,261971,96,41,1,0,0
P1,F2,37,calibration,t1,81,Paraguay_179624,PRY,1.0,0.9432301332991566,0.9432301382566667,0.23862922191619873,0.04821651056408882,0.00019213657651562244,262144,262109,97,2205.2994361552805,220.46563723252487,261971,96,41,1,0,0
P1,F2,37,calibration,calibrated,82,Paraguay_191503,PRY,1.9472980369096413,0.9999999999932017,1.0,0.528883159160614,0.12306967377662659,0.00017418555216863751,262144,262144,0,15477.301097391917,1137.0757695854877,262054,0,90,0,0,0
P1,F2,37,calibration,t1,82,Paraguay_191503,PRY,1.0,0.9999999999320172,1.0,0.15648815035820007,0.02486627921462059,0.00011883231491083279,262144,262144,0,1870.3994758367894,124.71969253617223,262054,0,90,0,0,0
P1,F2,37,calibration,calibrated,83,Paraguay_198534,PRY,1.9472980369096413,0.9630057390857174,0.9630057409110591,0.7235842943191528,0.2114926278591156,0.00024299179494846612,262144,195487,564,13682.055438994983,1503.3491931040078,195078,409,0,0,0,0
P1,F2,37,calibration,t1,83,Paraguay_198534,PRY,1.0,0.8080032871692733,0.8080032871294539,0.37626686692237854,0.08479220420122147,0.00038258227868936956,262144,195487,564,2686.7530750453748,386.0701062479442,195078,409,0,0,0,0
P1,F2,37,calibration,calibrated,84,Paraguay_205585,PRY,1.9472980369096413,0.9999999999931154,1.0,0.5233529210090637,0.12053020298480988,0.00016565932310186327,262144,262144,0,15077.937489660155,1032.2926480690744,262144,0,0,0,0,0
P1,F2,37,calibration,t1,84,Paraguay_205585,PRY,1.0,0.9999999999292678,1.0,0.14992685616016388,0.023173285648226738,0.00010220203694188967,262144,262144,0,1431.0305816849675,31.850118405948713,262144,0,0,0,0,0
P1,F2,37,calibration,calibrated,85,Paraguay_212687,PRY,1.9472980369096413,0.9613211024453416,0.9613211033522308,0.9048574566841125,0.34244921803474426,0.0001602994161657989,262144,262144,879,35218.34266633926,8767.20011774154,246545,291,14720,588,0,0
P1,F2,37,calibration,t1,85,Paraguay_212687,PRY,1.0,0.8885949872926457,0.8885949826455901,0.7275516390800476,0.23572616279125214,0.00018840191478375345,262144,262144,879,27534.486093916687,9403.409500085221,246545,291,14720,588,0,0
P1,F2,37,calibration,calibrated,86,Paraguay_215904,PRY,1.9472980369096413,0.9984373199621256,0.998437319927272,0.5729175209999084,0.13981102406978607,0.00017709388339426368,262144,226308,22,13529.569378312513,1047.4071883030606,226286,22,0,0,0,0
P1,F2,37,calibration,t1,86,Paraguay_215904,PRY,1.0,0.9852774428953923,0.9852774417691862,0.1938311755657196,0.03283654525876045,0.00014695488789584488,262144,226308,22,1521.8914416746452,61.82694747446328,226286,22,0,0,0,0
P1,F2,37,calibration,calibrated,87,Paraguay_224845,PRY,1.9472980369096413,0.9158217229402899,0.9158217189464547,0.7115676999092102,0.21042001247406006,0.0006283263210207224,109183,103920,760,9985.691148253767,966.1294828195929,103920,0,0,0,0,0
P1,F2,37,calibration,t1,87,Paraguay_224845,PRY,1.0,0.6359436502370028,0.6359436645560834,0.37304529547691345,0.09046780318021774,0.002004167065024376,109183,103920,760,1398.2953521947447,50.759384921563864,103920,0,0,0,0,0
P1,F2,37,calibration,calibrated,88,Paraguay_225187,PRY,1.9472980369096413,0.40869614040774094,0.4086961509872268,0.9959009289741516,0.4673532247543335,0.0013789782533422112,262144,262144,61406,107351.4882038729,35927.82719144788,200736,61361,2,45,0,0
P1,F2,37,calibration,t1,88,Paraguay_225187,PRY,1.0,0.2608915084405554,0.2608915648870893,0.984674334526062,0.43692371249198914,0.0048600765876472,262144,262144,61406,117426.55223959073,40319.8137396835,200736,61361,2,45,0,0
P1,F2,37,calibration,calibrated,89,Paraguay_232281,PRY,1.9472980369096413,0.7826757279065931,0.7826757140344835,0.9956479668617249,0.4676302671432495,0.00034658340155147016,261391,261391,9590,55587.235373124655,16137.822427431856,229888,2099,21913,7491,0,0
P1,F2,37,calibration,t1,89,Paraguay_232281,PRY,1.0,0.6602122688539667,0.6602122851787355,0.9837866425514221,0.43754976987838745,0.0007052142755128443,261391,261391,9590,47810.6760185687,15427.397130662528,229888,2099,21913,7491,0,0
P1,F2,37,calibration,calibrated,90,Paraguay_24341,PRY,1.9472980369096413,0.20790024904191973,0.20790027894090557,0.9305711388587952,0.36433145403862,0.00105734181124717,262144,262144,71217,39900.86419760608,8199.36919766414,188429,5362,2498,65855,0,0
P1,F2,37,calibration,t1,90,Paraguay_24341,PRY,1.0,0.07339754945730914,0.07339751461861865,0.7849258184432983,0.2638751268386841,0.004992522299289703,262144,262144,71217,20856.936162930342,5726.738205896669,188429,5362,2498,65855,0,0
P1,F2,37,calibration,calibrated,91,Paraguay_246154,PRY,1.9472980369096413,0.9987803795199471,0.9987803795169156,0.43041521310806274,0.08977510035037994,0.00014373035810422152,262144,262144,13,13551.63345799338,765.6014799886076,262105,3,26,10,0,0
P1,F2,37,calibration,t1,91,Paraguay_246154,PRY,1.0,0.9820022948663434,0.9820022933799207,0.09049958735704422,0.012394406832754612,8.657938451506197e-05,262144,262144,13,1069.1247783932754,33.36658421284936,262105,3,26,10,0,0
P1,F2,37,calibration,calibrated,92,Paraguay_247656,PRY,1.9472980369096413,0.3482783679464252,0.34827836769820464,0.6811693906784058,0.1962982565164566,0.00044994393829256296,262144,262144,21314,22679.073744421345,2951.0709099804335,240081,1087,749,20227,0,0
P1,F2,37,calibration,t1,92,Paraguay_247656,PRY,1.0,0.07811576018101996,0.07811567637348427,0.3362410068511963,0.0808168351650238,0.0015389648033306003,262144,262144,21314,7205.498786596148,1501.686381390778,240081,1087,749,20227,0,0
P1,F2,37,calibration,calibrated,93,Paraguay_252217,PRY,1.9472980369096413,0.9939714768287058,0.9939714767059632,0.4780823588371277,0.10651221871376038,0.00018050482321996242,262144,255778,72,14625.17685466114,1094.656803316403,255428,50,287,13,0,0
P1,F2,37,calibration,t1,93,Paraguay_252217,PRY,1.0,0.9303469162239136,0.930346914561287,0.12395104020833969,0.019910220056772232,0.00016157083155121654,262144,255778,72,2272.7501583269946,305.7570700883524,255428,50,287,13,0,0
P1,F2,37,calibration,calibrated,94,Paraguay_271769,PRY,1.9472980369096413,0.28679347742653105,0.2867934662057553,0.9924760460853577,0.45574951171875,0.001433418015949428,262144,262144,90907,143540.74710799853,51550.59638782759,170929,88602,308,2305,0,0
P1,F2,37,calibration,t1,94,Paraguay_271769,PRY,1.0,0.1584355640157442,0.15843554086453038,0.972193717956543,0.4150514602661133,0.005752118304371834,262144,262144,90907,192349.83600212872,64392.79410702514,170929,88602,308,2305,0,0
P1,F2,37,calibration,calibrated,95,Paraguay_280900,PRY,1.9472980369096413,0.780694243575059,0.7806942610971044,0.7440339922904968,0.2341274619102478,0.0005989845958538353,262144,262142,4046,25327.17604792273,4353.994255265541,254974,583,3122,3463,0,0
P1,F2,37,calibration,t1,95,Paraguay_280900,PRY,1.0,0.40841435295343154,0.40841435396412895,0.43536925315856934,0.11804074794054031,0.002077690092846751,262144,262142,4046,14511.68954171468,3155.7916872404166,254974,583,3122,3463,0,0
P1,F2,37,calibration,calibrated,96,Paraguay_284928,PRY,1.9472980369096413,0.9729050962185936,0.9729050942716349,0.9734677076339722,0.41254696249961853,0.00047181983245536685,261368,261368,901,39691.6624430075,8756.440364088978,260467,901,0,0,0,0
P1,F2,37,calibration,t1,96,Paraguay_284928,PRY,1.0,0.9418086725274498,0.9418086741157343,0.9065439701080322,0.3368002474308014,0.0010996297933161259,261368,261368,901,18665.01511476568,4094.592277876759,260467,901,0,0,0,0
P1,F2,37,calibration,calibrated,97,Paraguay_305760,PRY,1.9472980369096413,0.9843129529418048,0.9843129525818288,0.9678239822387695,0.40192660689353943,0.0002201677270932123,262144,262144,569,79984.36980628954,25906.565582388914,218271,82,43304,487,0,0
P1,F2,37,calibration,t1,97,Paraguay_305760,PRY,1.0,0.9659500512053999,0.965950051878255,0.8875722885131836,0.3180916905403137,0.000365103391231969,262144,262144,569,90577.45737208088,29906.965139911645,218271,82,43304,487,0,0
P1,F2,37,calibration,calibrated,98,Paraguay_339807,PRY,1.9472980369096413,0.22207514465297185,0.2220751612617906,0.9222037196159363,0.3566846251487732,0.0011566258035600185,262144,214619,64311,33892.6755706194,7246.757818454819,151962,4614,3134,54909,0,0
P1,F2,37,calibration,t1,98,Paraguay_339807,PRY,1.0,0.0779783391783414,0.07797841063693733,0.7642478942871094,0.25355449318885803,0.005771550349891186,262144,214619,64311,19808.505981349692,5600.9141482954765,151962,4614,3134,54909,0,0
P1,F2,37,calibration,calibrated,99,Paraguay_36015,PRY,1.9472980369096413,0.937938988437401,0.9379389867694264,0.9194398522377014,0.35300934314727783,0.0003386424796190113,262144,262139,1666,31141.772515698616,5648.239889164701,260473,1666,0,0,0,0
P1,F2,37,calibration,t1,99,Paraguay_36015,PRY,1.0,0.8320376345131515,0.8320376328771737,0.7561092376708984,0.24766919016838074,0.0006850151694379747,262144,262139,1666,11519.328103847385,2356.9510667160885,260473,1666,0,0,0,0
P1,F2,37,calibration,calibrated,100,Paraguay_36146,PRY,1.9472980369096413,0.9953706226171599,0.9953706227510197,0.5950501561164856,0.1512725055217743,0.00021312234457582235,262144,262144,66,16812.83534961748,1412.7399610394077,262078,66,0,0,0,0
P1,F2,37,calibration,t1,100,Paraguay_36146,PRY,1.0,0.9615096731739322,0.9615096756152975,0.22329911589622498,0.04242445155978203,0.00021122817997820675,262144,262144,66,2152.977058549167,146.6441061543017,262078,66,0,0,0,0
P1,F2,37,calibration,calibrated,101,Paraguay_403081,PRY,1.9472980369096413,0.8990193918849215,0.8990193970696092,0.551857054233551,0.1346321552991867,0.00021706988627556711,262144,249836,1112,15254.32267365097,1320.336230151815,248475,159,249,953,0,0
P1,F2,37,calibration,t1,101,Paraguay_403081,PRY,1.0,0.468382235443664,0.4683822499217375,0.18506424129009247,0.03435617312788963,0.0003006724000442773,262144,249836,1112,2639.29769127312,372.6349229387519,248475,159,249,953,0,0
P1,F2,37,calibration,calibrated,102,Paraguay_40936,PRY,1.9472980369096413,0.9968570462316758,0.9968570461959119,0.735785961151123,0.2192768156528473,0.00020440062507987022,262144,215331,56,17949.321471633055,2173.15492519334,215275,56,0,0,0,0
P1,F2,37,calibration,t1,102,Paraguay_40936,PRY,1.0,0.9829739947893553,0.982973993976567,0.39951077103614807,0.09270530939102173,0.00021049969654995948,262144,215331,56,3700.59901205388,413.4005458390249,215275,56,0,0,0,0
P1,F2,37,calibration,calibrated,103,Paraguay_44682,PRY,1.9472980369096413,0.9986576972844602,0.998657697317567,0.553633987903595,0.132625013589859,0.00017332898278255016,262144,262144,20,17963.418933922763,1925.7264921442875,260835,0,1289,20,0,0
P1,F2,37,calibration,t1,103,Paraguay_44682,PRY,1.0,0.9873841289692936,0.9873841291345923,0.1770467609167099,0.029911240562796593,0.00016201984544750303,262144,262144,20,5005.457313213781,1069.1352763676962,260835,0,1289,20,0,0
P1,F2,37,calibration,calibrated,104,Paraguay_470303,PRY,1.9472980369096413,0.9442700871216435,0.9442700887690696,0.9479398131370544,0.38141360878944397,0.00019359029829502106,262144,262144,1374,35591.11734046695,8215.235834630761,251522,176,9248,1198,0,0
P1,F2,37,calibration,t1,104,Paraguay_470303,PRY,1.0,0.8573341470605942,0.8573341531642246,0.8315432667732239,0.28814586997032166,0.0003067772777285427,262144,262144,1374,23336.50891719003,6835.215368761029,251522,176,9248,1198,0,0
P1,F2,37,calibration,calibrated,105,Paraguay_482517,PRY,1.9472980369096413,0.3479320282238547,0.3479320689033667,0.9727710485458374,0.4136892259120941,0.0005557476542890072,262144,259600,47015,49877.14025274864,11455.467322360913,209880,2268,2705,44747,0,0
P1,F2,37,calibration,t1,105,Paraguay_482517,PRY,1.0,0.17323822033682135,0.1732382515262213,0.9047414660453796,0.3395063877105713,0.002251080237329006,262144,259600,47015,28878.654445674845,6325.241161629898,209880,2268,2705,44747,0,0
P1,F2,37,calibration,calibrated,106,Paraguay_48673,PRY,1.9472980369096413,0.9789475808198971,0.9789475789999784,0.5505639910697937,0.1344415545463562,0.00023800809867680073,262144,262144,266,16149.302625817161,1313.1970058423963,261800,211,78,55,0,0
P1,F2,37,calibration,t1,106,Paraguay_48673,PRY,1.0,0.8259514916044737,0.8259515020651601,0.1848110556602478,0.03468600660562515,0.00027407583547756076,262144,262144,266,2253.142110375547,253.89540171468389,261800,211,78,55,0,0
P1,F2,37,calibration,calibrated,107,Paraguay_511199,PRY,1.9472980369096413,0.9166329957462429,0.9166329945535984,0.8552142381668091,0.30129775404930115,0.0002547054027672857,262144,262144,1660,34537.59018194761,7721.2854791583295,250464,136,10020,1524,0,0
P1,F2,37,calibration,t1,107,Paraguay_511199,PRY,1.0,0.7366551400009066,0.7366551432917258,0.6183187365531921,0.1834229677915573,0.00047774604172445834,262144,262144,1660,26575.79494271132,7141.409738049759,250464,136,10020,1524,0,0
P1,F2,37,calibration,calibrated,108,Paraguay_54421,PRY,1.9472980369096413,0.99568875137659,0.9956887511168905,0.5446667671203613,0.1313655972480774,0.0001842600613599643,262144,262144,58,15554.463471030398,1166.6754423239786,262056,48,30,10,0,0
P1,F2,37,calibration,t1,108,Paraguay_54421,PRY,1.0,0.9588571652015289,0.958857160079279,0.17816761136054993,0.0317683145403862,0.0001547152060084045,262144,262144,58,1757.5968275619898,112.51440364559429,262056,48,30,10,0,0
P1,F2,37,calibration,calibrated,109,Paraguay_581976,PRY,1.9472980369096413,0.8921189063603197,0.8921189079349212,0.9922440648078918,0.45453929901123047,0.00029618549160659313,261748,261748,4891,244648.5312250958,85241.86003124226,113148,11,143709,4880,0,0
P1,F2,37,calibration,t1,109,Paraguay_581976,PRY,1.0,0.8156657517079723,0.8156657546812041,0.9713228344917297,0.41272425651550293,0.000639132980722934,261748,261748,4891,402326.6486519299,106184.04425674956,113148,11,143709,4880,0,0
P1,F2,37,calibration,calibrated,110,Paraguay_59731,PRY,1.9472980369096413,0.6511388163801064,0.6511388383489845,0.5837920308113098,0.15030883252620697,0.0002806557749863714,262144,255656,5089,16908.425721744694,1889.4044286560352,251624,1262,74,2696,0,0
P1,F2,37,calibration,t1,110,Paraguay_59731,PRY,1.0,0.17656747094923153,0.1765674830438292,0.2234800159931183,0.04668402671813965,0.000767975696362555,262144,255656,5089,5001.172717455117,1106.9339661482663,251624,1262,74,2696,0,0
P1,F2,37,calibration,calibrated,111,Paraguay_605682,PRY,1.9472980369096413,0.8793185720325966,0.8793185767492123,0.9949733018875122,0.46409672498703003,0.0002687280939426273,262144,262144,5898,112560.23845067868,38852.37338152634,186061,643,70185,5255,0,0
P1,F2,37,calibration,t1,111,Paraguay_605682,PRY,1.0,0.8044258100150472,0.8044258139756908,0.981274425983429,0.4307660162448883,0.0005417207721620798,262144,262144,5898,144623.43344692478,46324.503369212645,186061,643,70185,5255,0,0
P1,F2,37,calibration,calibrated,112,Paraguay_62897,PRY,1.9472980369096413,0.9162782568686813,0.9162782609436133,0.9938676953315735,0.46049994230270386,0.0001821722398744896,262144,262144,3293,60836.89376656949,18486.16312730489,220876,126,37975,3167,0,0
P1,F2,37,calibration,t1,112,Paraguay_62897,PRY,1.0,0.8552843716660148,0.8552843765273488,0.9772564172744751,0.4240039587020874,0.0002802946255542338,262144,262144,3293,56607.129228195394,19731.09398755918,220876,126,37975,3167,0,0
P1,F2,37,calibration,calibrated,113,Paraguay_648632,PRY,1.9472980369096413,0.9154721477657796,0.9154721410313197,0.9557541608810425,0.38829436898231506,0.00021532774553634226,262144,262144,2227,43167.45844106507,11153.652764141249,243607,143,16310,2084,0,0
P1,F2,37,calibration,t1,113,Paraguay_648632,PRY,1.0,0.8003939914239739,0.8003939792739084,0.8515472412109375,0.29722774028778076,0.0003805168089456856,262144,262144,2227,32451.244643873644,10447.124598790748,243607,143,16310,2084,0,0
P1,F2,37,calibration,calibrated,114,Paraguay_651904,PRY,1.9472980369096413,0.41060720730938105,0.4106072165754687,0.8890340328216553,0.32190561294555664,0.0003514181007631123,262144,262144,22384,33962.72548552827,7163.153292353163,233301,1687,6459,20697,0,0
P1,F2,37,calibration,t1,114,Paraguay_651904,PRY,1.0,0.15606604754428854,0.1560660495800581,0.6799983382225037,0.20306754112243652,0.0011584990425035357,262144,262144,22384,19801.49702973158,5764.678577005715,233301,1687,6459,20697,0,0
P1,F2,37,calibration,calibrated,115,Paraguay_657443,PRY,1.9472980369096413,0.19777724125855034,0.19777721768814271,0.8924800157546997,0.33120471239089966,0.0012090916279703379,262144,262144,71060,39392.265267842355,8013.95357375757,189861,7309,1223,63751,0,0
P1,F2,37,calibration,t1,115,Paraguay_657443,PRY,1.0,0.06214937854278191,0.062149408764272995,0.6958221197128296,0.22054991126060486,0.006363289430737495,262144,262144,71060,22000.924491715676,6119.817971892968,189861,7309,1223,63751,0,0
P1,F2,37,calibration,calibrated,116,Paraguay_683296,PRY,1.9472980369096413,0.6056135570450929,0.6056135845580326,0.5647136569023132,0.14256805181503296,0.00029482581885531545,262144,259578,6116,20347.477879381775,2751.9065173825775,251646,523,1816,5593,0,0
P1,F2,37,calibration,t1,116,Paraguay_683296,PRY,1.0,0.14747418614898455,0.14747419379870186,0.20581328868865967,0.04243835434317589,0.0007750692311674356,262144,259578,6116,9861.917607866832,2005.369345484811,251646,523,1816,5593,0,0
P1,F2,37,calibration,calibrated,117,Paraguay_721886,PRY,1.9472980369096413,0.6326394130217217,0.6326394185547302,0.739656925201416,0.2359178066253662,0.0009701480739749968,261426,261426,7590,30427.92323585067,6292.009042193613,248646,1863,5190,5727,0,0
P1,F2,37,calibration,t1,117,Paraguay_721886,PRY,1.0,0.2526340317974095,0.25263401820258524,0.4420141279697418,0.12399342656135559,0.0034900042228400707,261426,261426,7590,24774.90133972363,5826.524321299417,248646,1863,5190,5727,0,0
P1,F2,37,calibration,calibrated,118,Paraguay_76868,PRY,1.9472980369096413,0.47602486862119,0.4760248571655842,0.9804412126541138,0.43257489800453186,0.00042810733430087566,262144,262121,22448,36259.163855702645,8026.29428331046,238721,5717,952,16731,0,0
P1,F2,37,calibration,t1,118,Paraguay_76868,PRY,1.0,0.2653917848418976,0.2653917919412062,0.9315798878669739,0.3740508258342743,0.001512753777205944,262144,262121,22448,19302.789211059524,5401.649204008077,238721,5717,952,16731,0,0
P1,F2,37,calibration,calibrated,119,Paraguay_7894,PRY,1.9472980369096413,0.9999999999929015,1.0,0.506096363067627,0.11475374549627304,0.0001815380819607526,262144,202187,0,11079.779159443773,712.4183693159813,202187,0,0,0,0,0
P1,F2,37,calibration,t1,119,Paraguay_7894,PRY,1.0,0.999999999923009,1.0,0.13870060443878174,0.021120263263583183,0.0001237139367731288,262144,202187,0,981.5635027309334,20.841359062928937,202187,0,0,0,0,0
P1,F2,37,calibration,calibrated,120,Paraguay_790830,PRY,1.9472980369096413,0.2798317840771263,0.27983179936221436,0.7288708686828613,0.22285006940364838,0.0005567501066252589,262144,261199,32656,25286.06991822442,3635.771363401464,227629,1623,914,31033,0,0
P1,F2,37,calibration,t1,120,Paraguay_790830,PRY,1.0,0.06602541876201218,0.0660254561763085,0.40463489294052124,0.10487133264541626,0.002121392171829939,262144,261199,32656,8811.345683619074,1966.8775500447823,227629,1623,914,31033,0,0
P1,F2,37,calibration,calibrated,121,Paraguay_791364,PRY,1.9472980369096413,0.9991968787675447,0.9991968788091019,0.46931886672973633,0.10319404304027557,0.00014880835078656673,262144,261735,10,16141.856989164242,1661.9192432719594,260529,0,1196,10,0,0
P1,F2,37,calibration,t1,121,Paraguay_791364,PRY,1.0,0.9900414308569331,0.9900414308553889,0.11736384779214859,0.017932076007127762,9.824570588534698e-05,262144,261735,10,5408.839897107208,1083.8100860015686,260529,0,1196,10,0,0
P1,F2,37,calibration,calibrated,122,Paraguay_792268,PRY,1.9472980369096413,0.9125069894857153,0.9125069976010601,0.5771284103393555,0.14685861766338348,0.000267487223027274,262144,262120,1079,17343.084885850272,1657.0781342681253,260586,188,455,891,0,0
P1,F2,37,calibration,t1,122,Paraguay_792268,PRY,1.0,0.5355076429792277,0.5355076067209092,0.21554099023342133,0.043692633509635925,0.0005133000668138266,262144,262120,1079,3615.814760452993,560.4621541964539,260586,188,455,891,0,0
P1,F2,37,calibration,calibrated,123,Paraguay_795075,PRY,1.9472980369096413,0.7912486221131686,0.7912486300663376,0.5566413402557373,0.13664613664150238,0.00021208406542427838,262144,262138,2516,17629.595613285812,1982.6933877143724,258463,254,1159,2262,0,0
P1,F2,37,calibration,t1,123,Paraguay_795075,PRY,1.0,0.27452864489301465,0.2745286495439887,0.18969586491584778,0.03551577776670456,0.0003987420641351491,262144,262138,2516,5701.568786062494,1204.052010857429,258463,254,1159,2262,0,0
P1,F2,37,calibration,calibrated,124,Paraguay_80102,PRY,1.9472980369096413,0.9999999999926562,1.0,0.4718402326107025,0.10284106433391571,0.00015353156777564436,262144,262143,0,14111.396381009563,868.4598967056468,262121,0,22,0,0,0
P1,F2,37,calibration,t1,124,Paraguay_80102,PRY,1.0,0.9999999999125211,1.0,0.11434846371412277,0.016380533576011658,8.1864302046597e-05,262144,262143,0,1237.39910166152,38.311490339952016,262121,0,22,0,0,0
P1,F2,37,calibration,calibrated,125,Paraguay_822142,PRY,1.9472980369096413,0.19668686461192098,0.19668680962464036,0.9509320259094238,0.386414110660553,0.00126507761888206,262144,262144,86017,48868.45399833537,11336.33953863196,172623,9331,3504,76686,0,0
P1,F2,37,calibration,t1,125,Paraguay_822142,PRY,1.0,0.07443952389970909,0.07443947978881449,0.839875340461731,0.29651325941085815,0.006215831730514765,262144,262144,86017,31476.586514929335,9194.72162311747,172623,9331,3504,76686,0,0
P1,F2,37,calibration,calibrated,126,Paraguay_868895,PRY,1.9472980369096413,0.5059655504005908,0.5059655054512358,0.9072598218917847,0.34157612919807434,0.0005279499455355108,262144,175465,16986,32822.47300751678,8760.595436410149,156869,2809,9311,6476,0,0
P1,F2,37,calibration,t1,126,Paraguay_868895,PRY,1.0,0.22905600664016068,0.22905601172665568,0.726141631603241,0.23199792206287384,0.0019443925702944398,262144,175465,16986,30208.170636592644,9056.88905070675,156869,2809,9311,6476,0,0
P1,F2,37,calibration,calibrated,127,Paraguay_892933,PRY,1.9472980369096413,0.8854782020597863,0.8854782006421866,0.9902486205101013,0.4503968060016632,0.00022948594414629042,262144,262144,4748,58095.966497867674,16508.40013830088,234994,580,22402,4168,0,0
P1,F2,37,calibration,t1,127,Paraguay_892933,PRY,1.0,0.7983151495463038,0.798315165131708,0.9643015265464783,0.4052406847476959,0.0004278670821804553,262144,262144,4748,48174.823980541885,15038.964258571938,234994,580,22402,4168,0,0
P1,F2,37,calibration,calibrated,128,Paraguay_896458,PRY,1.9472980369096413,0.21729525348576195,0.21729522786365407,0.8214155435562134,0.27596381306648254,0.0007289169589057565,262144,240678,54476,29704.659798953988,5255.526220108499,188924,2455,2245,47054,0,0
P1,F2,37,calibration,t1,128,Paraguay_896458,PRY,1.0,0.05808543412068046,0.058085454398380976,0.5481499433517456,0.15348877012729645,0.0032432859297841787,262144,240678,54476,13489.054103405519,3490.307681404106,188924,2455,2245,47054,0,0
P1,F2,37,calibration,calibrated,129,Paraguay_913449,PRY,1.9472980369096413,0.8191151707276264,0.8191151782640985,0.6694616079330444,0.19773906469345093,0.0004980246885679662,262144,262144,2890,22688.642384583705,3846.2657739916567,255798,829,3456,2061,0,0
P1,F2,37,calibration,t1,129,Paraguay_913449,PRY,1.0,0.4294068723532598,0.42940684535721363,0.34396442770957947,0.0902041420340538,0.001579051953740418,262144,262144,2890,12264.05153256739,3283.1192080435244,255798,829,3456,2061,0,0
P1,F2,37,calibration,calibrated,130,Paraguay_921838,PRY,1.9472980369096413,0.9401213441669971,0.9401213471688276,0.9887554049491882,0.4441269636154175,0.00026851624716073275,262144,262144,2668,59718.698154489546,15898.429587541339,252641,2153,6835,515,0,0
P1,F2,37,calibration,t1,130,Paraguay_921838,PRY,1.0,0.8912194312482048,0.8912194370642142,0.9587768912315369,0.39328885078430176,0.000506543496157974,262144,262144,2668,41147.202025963525,10849.51616620969,252641,2153,6835,515,0,0
P1,F2,37,calibration,calibrated,131,Paraguay_934240,PRY,1.9472980369096413,0.9986245363183178,0.9986245363886733,0.9379590153694153,0.36098504066467285,0.0002080169942928478,262144,262144,45,57223.1431748665,15883.226695887808,241742,44,20357,1,0,0
P1,F2,37,calibration,t1,131,Paraguay_934240,PRY,1.0,0.996401860607215,0.996401860463088,0.7960728406906128,0.25150513648986816,0.0002751711872406304,262144,262144,45,51564.7373738788,15546.28479078619,241742,44,20357,1,0,0
P1,F2,37,calibration,calibrated,132,Paraguay_989230,PRY,1.9472980369096413,0.2787104417173609,0.27871049266622694,0.8545201420783997,0.30102917551994324,0.0007662891293875873,262144,219924,42284,28069.931431984827,5122.0704626312145,181928,1405,2978,33613,0,0
P1,F2,37,calibration,t1,132,Paraguay_989230,PRY,1.0,0.0867562936167211,0.08675625687921074,0.6143922805786133,0.18339508771896362,0.003379443194717169,262144,219924,42284,14260.355380079664,3479.01030185278,181928,1405,2978,33613,0,0
P1,F2,37,calibration,calibrated,133,Paraguay_997480,PRY,1.9472980369096413,0.9651317550029113,0.9651317545303048,0.836872398853302,0.291946142911911,0.00018086795171257108,262144,262144,688,41789.02723223233,11583.241959686919,242193,4,19263,684,0,0
P1,F2,37,calibration,t1,133,Paraguay_997480,PRY,1.0,0.8818369083550195,0.8818369024110186,0.5892435312271118,0.1764538735151291,0.00022979528876021504,262144,262144,688,44443.432938237034,13676.491955686653,242193,4,19263,684,0,0
P1,F2,37,calibration,calibrated,134,Somalia_1068756,SOM,1.9472980369096413,0.21155497164715642,0.2115549928627044,0.9986019134521484,0.48093071579933167,0.0016409772215411067,261231,171193,189390,193226.44841758395,70342.44087825381,50214,114484,673,5822,0,0
P1,F2,37,calibration,t1,134,Somalia_1068756,SOM,1.0,0.13423656778628412,0.1342364794433325,0.9947243332862854,0.46296629309654236,0.00524853216484189,261231,171193,189390,294490.9695793515,86232.70076025861,50214,114484,673,5822,0,0
P1,F2,37,calibration,calibrated,135,Somalia_1087508,SOM,1.9472980369096413,0.3468752331580912,0.3468752348996871,0.9965571761131287,0.47006842494010925,0.0019142271485179663,262144,212943,87093,113796.65755981987,38925.17791928946,142851,60071,1283,8738,0,0
P1,F2,37,calibration,t1,135,Somalia_1087508,SOM,1.0,0.21458806958900722,0.21458807651960687,0.9870988726615906,0.4420972466468811,0.007663293741643429,262144,212943,87093,135179.40240767214,43918.223546212415,142851,60071,1283,8738,0,0
P1,F2,37,calibration,calibrated,136,Somalia_12849,SOM,1.9472980369096413,0.15675172770834755,0.15675172698523954,0.9939572811126709,0.4603792726993561,0.0014273918932303786,262144,191302,208355,213100.4206599416,77443.11893430632,40392,113718,4062,33130,0,0
P1,F2,37,calibration,t1,136,Somalia_12849,SOM,1.0,0.08084148451503881,0.08084142961273488,0.9775564074516296,0.4237300753593445,0.005427698139101267,262144,191302,208355,338303.47299712826,96000.2031128349,40392,113718,4062,33130,0,0
P1,F2,37,calibration,calibrated,137,Somalia_166342,SOM,1.9472980369096413,0.8133382755918601,0.8133382783499965,0.9197690486907959,0.3561466932296753,0.0012471346417441964,262144,220577,5423,28571.733302902667,5564.717363666539,215659,4906,12,0,0,0
P1,F2,37,calibration,t1,137,Somalia_166342,SOM,1.0,0.5686139231043545,0.5686139080069481,0.7604023218154907,0.2541862428188324,0.0034361223224550486,262144,220577,5423,12999.753118741532,3477.5725146710256,215659,4906,12,0,0,0
P1,F2,37,calibration,calibrated,138,Somalia_167787,SOM,1.9472980369096413,0.11742713032034524,0.11742710549905666,0.9816218018531799,0.43006497621536255,0.001109264325350523,262144,220505,245896,368685.51108736417,136619.64055541705,15100,205180,0,225,0,0
P1,F2,37,calibration,t1,138,Somalia_167787,SOM,1.0,0.05088618077695306,0.050886220510633406,0.9342745542526245,0.3682263493537903,0.0034653539769351482,262144,220505,245896,638781.1520171661,174996.96214174887,15100,205180,0,225,0,0
P1,F2,37,calibration,calibrated,139,Somalia_195014,SOM,1.9472980369096413,0.9955163317035791,0.9955163317260532,0.4006505608558655,0.08132597804069519,0.00014155179087538272,262144,233650,51,11990.512801536137,654.6425975012044,233599,51,0,0,0,0
P1,F2,37,calibration,t1,139,Somalia_195014,SOM,1.0,0.9365167516119781,0.9365167472457036,0.07689905166625977,0.010873381979763508,8.331763820024207e-05,262144,233650,51,905.2838923272967,35.63577140919098,233599,51,0,0,0,0
P1,F2,37,calibration,calibrated,140,Somalia_205466,SOM,1.9472980369096413,0.8556917655468809,0.8556917762618912,0.6004319787025452,0.16909030079841614,0.00044372910633683205,262144,240083,2219,16897.253608409825,1995.5389663903575,238275,1715,93,0,0,0
P1,F2,37,calibration,t1,140,Somalia_205466,SOM,1.0,0.4635974686184886,0.463597455786979,0.2784886062145233,0.07279440760612488,0.000938190845772624,262144,240083,2219,4852.822412668733,1234.8723200982877,238275,1715,93,0,0,0
P1,F2,37,calibration,calibrated,141,Somalia_230192,SOM,1.9472980369096413,0.12048411476441323,0.12048409169899577,0.9878821969032288,0.4434508681297302,0.001103379763662815,262144,232522,240857,409158.85842234374,146235.85316021647,18250,214214,0,58,0,0
P1,F2,37,calibration,t1,141,Somalia_230192,SOM,1.0,0.057223329189858396,0.05722332319860768,0.9558420181274414,0.3923076093196869,0.0033807174768298864,262144,232522,240857,715615.972284432,183161.63972797652,18250,214214,0,58,0,0
P1,F2,37,calibration,calibrated,142,Somalia_256539,SOM,1.9472980369096413,0.9387883454514917,0.9387883498438542,0.8071658611297607,0.2615284323692322,0.0003868413623422384,262144,221259,1257,20916.37669657415,2967.1649189781438,220140,1096,23,0,0,0
P1,F2,37,calibration,t1,142,Somalia_256539,SOM,1.0,0.766186871078746,0.7661868662817151,0.5111666917800903,0.1329314112663269,0.000714952708221972,262144,221259,1257,5721.586746699252,1004.9234637108657,220140,1096,23,0,0,0
P1,F2,37,calibration,calibrated,143,Somalia_295782,SOM,1.9472980369096413,0.4048404506101161,0.40484046900874937,0.9964731335639954,0.4696834683418274,0.0017456645146012306,262144,203048,68383,101143.48247188645,33966.457495888935,139723,47086,6122,10117,0,0
P1,F2,37,calibration,t1,143,Somalia_295782,SOM,1.0,0.2572167182807088,0.25721675372711894,0.9867879152297974,0.4413617253303528,0.006270482670515776,262144,203048,68383,114885.59153879863,37391.68582098596,139723,47086,6122,10117,0,0
P1,F2,37,calibration,calibrated,144,Somalia_322855,SOM,1.9472980369096413,0.5846765550241546,0.5846765644311276,0.9722306728363037,0.4142502546310425,0.0004933554446324706,262144,255044,16454,58458.69614101012,18394.395109870457,209270,1037,29821,14916,0,0
P1,F2,37,calibration,t1,144,Somalia_322855,SOM,1.0,0.36186516965170556,0.3618652504507315,0.9035422205924988,0.3410096764564514,0.0016312490915879607,262144,255044,16454,64299.10605339446,21492.730779143258,209270,1037,29821,14916,0,0
P1,F2,37,calibration,calibrated,145,Somalia_32375,SOM,1.9472980369096413,0.12180711979593306,0.12180709422143987,0.9859490394592285,0.43913182616233826,0.0012887902557849884,261366,133568,244369,228075.9793465843,82786.66350708669,10590,122977,0,1,0,0
P1,F2,37,calibration,t1,145,Somalia_32375,SOM,1.0,0.056164898060502955,0.0561649238351426,0.9491142630577087,0.3844834268093109,0.0035801350604742765,261366,133568,244369,396008.63962841267,104762.8758820289,10590,122977,0,1,0,0
P1,F2,37,calibration,calibrated,146,Somalia_371421,SOM,1.9472980369096413,0.37928273167106996,0.37928276846514775,0.9943728446960449,0.46165940165519714,0.0015311605529859662,262144,230962,67088,133067.18540342132,46538.14957723729,146420,49864,26437,8241,0,0
P1,F2,37,calibration,t1,146,Somalia_371421,SOM,1.0,0.2288258065104799,0.22882579754687227,0.9790667295455933,0.42613112926483154,0.005679669789969921,262144,230962,67088,174485.76675478608,55530.5897210407,146420,49864,26437,8241,0,0
P1,F2,37,calibration,calibrated,147,Somalia_60129,SOM,1.9472980369096413,0.3785395747946815,0.37853961345288756,0.9950270056724548,0.46400028467178345,0.0017906154971569777,262144,222316,70031,102553.20887265285,34435.43942214064,164468,57171,413,264,0,0
P1,F2,37,calibration,t1,147,Somalia_60129,SOM,1.0,0.22693875834757005,0.22693874531067337,0.9814618825912476,0.43055903911590576,0.006346988491714001,262144,222316,70031,117741.42474259833,39303.40683435613,164468,57171,413,264,0,0
P1,F2,37,calibration,calibrated,148,Somalia_61368,SOM,1.9472980369096413,0.9820289757260191,0.9820289767651604,0.5753858685493469,0.1467355340719223,0.0003618891059886664,262144,212969,248,13414.665212872756,1126.1802629481738,212805,164,0,0,0,0
P1,F2,37,calibration,t1,148,Somalia_61368,SOM,1.0,0.8637426825071882,0.8637426868258533,0.21611721813678741,0.044303491711616516,0.0004970068112015724,262144,212969,248,1811.193629725698,184.1666546150298,212805,164,0,0,0,0
P1,F2,37,calibration,calibrated,149,Somalia_626316,SOM,1.9472980369096413,0.2019534335269516,0.20195350054341543,0.9982776045799255,0.4788486659526825,0.0012398989638313651,262144,169085,183807,187323.7857139785,68003.64123324853,39136,108222,483,21244,0,0
P1,F2,37,calibration,t1,149,Somalia_626316,SOM,1.0,0.12582415994589136,0.12582418352779423,0.9935076236724854,0.45894864201545715,0.004087105859071016,262144,169085,183807,292281.24286740785,83755.214694608,39136,108222,483,21244,0,0
P1,F2,37,calibration,calibrated,150,Somalia_649376,SOM,1.9472980369096413,0.41681597542574,0.4168159890990212,0.9933868646621704,0.458688884973526,0.0013752481900155544,262144,213929,53178,84411.17555084273,27735.028977725222,167773,40969,3344,1843,0,0
P1,F2,37,calibration,t1,150,Somalia_649376,SOM,1.0,0.25390843576049804,0.25390838348400113,0.975490391254425,0.42056867480278015,0.004972781520336866,262144,213929,53178,95123.7755052138,31008.831489378244,167773,40969,3344,1843,0,0
P1,F2,37,calibration,calibrated,151,Somalia_685158,SOM,1.9472980369096413,0.6223728910002457,0.6223728691322192,0.9617592692375183,0.40014559030532837,0.0008572139195166528,262144,184172,14376,47803.256262081515,14574.02733744114,155010,3908,18677,6577,0,0
P1,F2,37,calibration,t1,151,Somalia_685158,SOM,1.0,0.36978483238306026,0.369784845699452,0.8716100454330444,0.31819629669189453,0.0027425307780504227,262144,184172,14376,54183.235376326105,16552.0464599512,155010,3908,18677,6577,0,0
P1,F2,37,calibration,calibrated,152,Somalia_699062,SOM,1.9472980369096413,0.8464484634516611,0.8464484688697235,0.7141361236572266,0.2245652824640274,0.0005120919668115675,262144,203209,2773,22168.73180389486,4329.651195017326,198265,1654,3110,180,0,0
P1,F2,37,calibration,t1,152,Somalia_699062,SOM,1.0,0.5162998024309513,0.5162997631267445,0.41226375102996826,0.11690250039100647,0.0011280403705313802,262144,203209,2773,17471.32902447392,3944.9901845837435,198265,1654,3110,180,0,0
P1,F2,37,calibration,calibrated,153,Somalia_7931,SOM,1.9472980369096413,0.9936590045731961,0.9936590049692413,0.49245941638946533,0.11275240033864975,0.00017027075227815658,262144,201972,75,10971.085876465804,721.1558395623038,201928,44,0,0,0,0
P1,F2,37,calibration,t1,153,Somalia_7931,SOM,1.0,0.9301946727349085,0.9301946682798696,0.13940468430519104,0.0236758254468441,0.00014193679089657962,262144,201972,75,1045.1153565178765,53.89492058829299,201928,44,0,0,0,0
P1,F2,37,calibration,calibrated,154,Somalia_886726,SOM,1.9472980369096413,0.28218295942375626,0.28218292156972735,0.9964155554771423,0.46947529911994934,0.0014032303588464856,262144,262036,112606,122480.25885408299,39806.03142026313,136380,42661,13050,69945,0,0
P1,F2,37,calibration,t1,154,Somalia_886726,SOM,1.0,0.16928087475887832,0.16928079283741104,0.9865750074386597,0.4409662187099457,0.0052786762826144695,262144,262036,112606,128587.11888155784,40847.782805147406,136380,42661,13050,69945,0,0
P1,F2,37,calibration,calibrated,155,Somalia_93023,SOM,1.9472980369096413,0.13385983427058956,0.1338597916054931,0.9890645742416382,0.44602707028388977,0.0013180136447772384,262144,187825,248129,297601.13215482404,111330.72335544479,10744,177081,0,0,0,0
P1,F2,37,calibration,t1,155,Somalia_93023,SOM,1.0,0.06531108682831088,0.06531108616468984,0.9599700570106506,0.3969687521457672,0.003939414396882057,262144,187825,248129,505313.11390437547,144253.6338499642,10744,177081,0,0,0,0
P1,F2,37,calibration,calibrated,156,Somalia_94102,SOM,1.9472980369096413,0.5089055608552344,0.5089055897876795,0.9811667203903198,0.4301840364933014,0.001016914495266974,262144,241360,25717,50807.603393498124,14076.338127805033,212238,16428,3559,9135,0,0
P1,F2,37,calibration,t1,156,Somalia_94102,SOM,1.0,0.2979947919061312,0.29799481664037175,0.9329768419265747,0.36872151494026184,0.0034414941910654306,262144,241360,25717,41177.026711146114,13372.812552425781,212238,16428,3559,9135,0,0
P1,F2,37,calibration,calibrated,157,Somalia_970508,SOM,1.9472980369096413,0.24418283878181846,0.244182810813817,0.99546879529953,0.4656778872013092,0.0016960366629064083,262144,217119,128937,192913.52157449882,67830.04345613898,92361,86646,13002,25110,0,0
P1,F2,37,calibration,t1,157,Somalia_970508,SOM,1.0,0.13863102921624681,0.1386310752539115,0.9830829501152039,0.43374040722846985,0.006806060206145048,262144,217119,128937,288413.9742941136,80640.11901201867,92361,86646,13002,25110,0,0
P1,F2,37,calibration,calibrated,158,Somalia_989553,SOM,1.9472980369096413,0.2580823857302127,0.2580824358243692,0.9874940514564514,0.4429968297481537,0.0008687646477483213,262144,110303,86672,52539.42310405043,17283.40284365806,83415,24581,2307,0,0,0
P1,F2,37,calibration,t1,158,Somalia_989553,SOM,1.0,0.13080335745004246,0.13080330668390305,0.9545425176620483,0.3915709853172302,0.003116418607532978,262144,110303,86672,67933.35652663905,19979.419107429414,83415,24581,2307,0,0,0
P1,F2,37,calibration,calibrated,159,Somalia_992457,SOM,1.9472980369096413,0.9275394022235425,0.9275394026651361,0.8726760745048523,0.30911701917648315,0.00037127049290575087,262144,181140,1524,33032.88026317148,7978.132028109698,172862,426,6861,991,0,0
P1,F2,37,calibration,t1,159,Somalia_992457,SOM,1.0,0.7669526150049981,0.7669526132366534,0.6435353755950928,0.18754848837852478,0.0007363718468695879,262144,181140,1524,31304.71783015011,7014.1780518852975,172862,426,6861,991,0,0
P1,F2,37,calibration,calibrated,160,Sri-Lanka_101973,LKA,1.9472980369096413,0.9730866558267158,0.9730866548893954,0.860154926776886,0.29190176725387573,0.000269456475507468,262144,262143,528,30871.176612046835,5928.791419804713,258659,526,2956,2,0,0
P1,F2,37,calibration,t1,160,Sri-Lanka_101973,LKA,1.0,0.8975465088716672,0.8975465098389451,0.6044657230377197,0.15959548950195312,0.00045335007598623633,262144,262143,528,18113.700238049256,3739.1329326239456,258659,526,2956,2,0,0
P1,F2,37,calibration,calibrated,161,Sri-Lanka_1038087,LKA,1.9472980369096413,0.8332288887113865,0.8332288875667999,0.9280365109443665,0.3537382483482361,0.00031689490424469113,262144,262143,4270,44473.52386348164,12042.371893184474,242834,1197,15039,3073,0,0
P1,F2,37,calibration,t1,161,Sri-Lanka_1038087,LKA,1.0,0.6146098939106825,0.6146098639664421,0.7707005739212036,0.24296219646930695,0.0007629067986272275,262144,262143,4270,39290.56235568368,12369.254462131994,242834,1197,15039,3073,0,0
P1,F2,37,calibration,calibrated,162,Sri-Lanka_1049830,LKA,1.9472980369096413,0.7676429548904651,0.7676429735580527,0.8440330624580383,0.2953358292579651,0.00029639917192980647,262144,190233,4913,18154.56106661359,3362.896687916803,185443,2213,1333,1244,0,0
P1,F2,37,calibration,t1,162,Sri-Lanka_1049830,LKA,1.0,0.45269680065605156,0.45269679107147476,0.6001412868499756,0.17861203849315643,0.0007414640276692808,262144,190233,4913,8657.472014631228,2467.3384493640506,185443,2213,1333,1244,0,0
P1,F2,37,calibration,calibrated,163,Sri-Lanka_117737,LKA,1.9472980369096413,0.9527442745575265,0.9527442757306774,0.9151867032051086,0.3401448726654053,0.00028728737379424274,262144,262144,1054,36138.437531150485,8341.082594200587,254598,815,6492,239,0,0
P1,F2,37,calibration,t1,163,Sri-Lanka_117737,LKA,1.0,0.8603619050212469,0.8603618961617605,0.736517608165741,0.2231241911649704,0.0005642033065669239,262144,262144,1054,25563.065330833833,6762.910381397717,254598,815,6492,239,0,0
P1,F2,37,calibration,calibrated,164,Sri-Lanka_120804,LKA,1.9472980369096413,0.9614883007924133,0.9614883018332764,0.9198727607727051,0.34246495366096497,0.00030397495720535517,262144,262144,948,39789.8542779242,9016.320314959612,254837,349,6359,599,0,0
P1,F2,37,calibration,t1,164,Sri-Lanka_120804,LKA,1.0,0.8868854959388762,0.88688549548003,0.7462242245674133,0.22466498613357544,0.0005925279692746699,262144,262144,948,26049.72593135346,6436.012449783351,254837,349,6359,599,0,0
P1,F2,37,calibration,calibrated,165,Sri-Lanka_132922,LKA,1.9472980369096413,0.9663233679124463,0.9663233687844565,0.9169939160346985,0.3410724997520447,0.00030406538280658424,262144,262144,836,52215.22143566534,14504.637022436946,243778,523,17530,313,0,0
P1,F2,37,calibration,t1,165,Sri-Lanka_132922,LKA,1.0,0.9008519810148387,0.9008519905872543,0.7400570511817932,0.22376799583435059,0.0005790221621282399,262144,262144,836,52436.58552704904,14909.33669941653,243778,523,17530,313,0,0
P1,F2,37,calibration,calibrated,166,Sri-Lanka_135713,LKA,1.9472980369096413,0.9748473282308575,0.9748473274459157,0.57000333070755,0.14353011548519135,0.0002086187741952017,262144,134330,303,7483.500266433019,567.2160925086057,134192,138,0,0,0,0
P1,F2,37,calibration,t1,166,Sri-Lanka_135713,LKA,1.0,0.806143443439771,0.8061434601142434,0.20819906890392303,0.041033223271369934,0.00022652717598248273,262144,134330,303,956.4089872469862,119.80827865223743,134192,138,0,0,0,0
P1,F2,37,calibration,calibrated,167,Sri-Lanka_14484,LKA,1.9472980369096413,0.7852676596087736,0.7852676696862682,0.810595691204071,0.2752479314804077,0.0003168320981785655,262144,232015,3886,96837.51852857089,29309.850745463573,192081,1068,36448,2418,0,0
P1,F2,37,calibration,t1,167,Sri-Lanka_14484,LKA,1.0,0.45872341056241617,0.45872337381138517,0.5495283007621765,0.15883761644363403,0.0007985435076989233,262144,232015,3886,158892.76017317205,33819.511631205336,192081,1068,36448,2418,0,0
P1,F2,37,calibration,calibrated,168,Sri-Lanka_152185,LKA,1.9472980369096413,0.8149491980293679,0.8149492016735265,0.6804013252258301,0.2012140452861786,0.0002577367122285068,262144,262144,2937,19728.552059820817,2783.351589293213,258298,1648,909,1289,0,0
P1,F2,37,calibration,t1,168,Sri-Lanka_152185,LKA,1.0,0.42229953317245694,0.42229955836575805,0.35231533646583557,0.09064988791942596,0.0005342638469301164,262144,262144,2937,7246.314512215156,1848.473425528648,258298,1648,909,1289,0,0
P1,F2,37,calibration,calibrated,169,Sri-Lanka_163406,LKA,1.9472980369096413,0.9612998260997324,0.9612998255830034,0.614389181137085,0.16246959567070007,0.00023080002574715763,262144,262144,506,23679.07662872687,4329.291583245194,256948,126,4690,380,0,0
P1,F2,37,calibration,t1,169,Sri-Lanka_163406,LKA,1.0,0.7555156406185521,0.7555156323992153,0.25260335206985474,0.05301891639828682,0.00032688237843103707,262144,262144,506,16447.015488722885,4153.272001002815,256948,126,4690,380,0,0
P1,F2,37,calibration,calibrated,170,Sri-Lanka_178753,LKA,1.9472980369096413,0.9943908574788045,0.9943908579686813,0.5000564455986023,0.11572879552841187,0.00016694364603608847,262144,253873,66,14847.566014537659,1356.7193626985688,253162,66,645,0,0,0
P1,F2,37,calibration,t1,170,Sri-Lanka_178753,LKA,1.0,0.9385439519370918,0.9385439554833971,0.14629988372325897,0.02517062984406948,0.0001307435886701569,262144,253873,66,3761.6463002260425,660.3366949459088,253162,66,645,0,0,0
P1,F2,37,calibration,calibrated,171,Sri-Lanka_233609,LKA,1.9472980369096413,0.9045140732318256,0.904514073933858,0.9206632375717163,0.34719234704971313,0.00036532830563373864,262144,257120,2341,39273.07558347726,9372.278393559187,248195,2048,6584,293,0,0
P1,F2,37,calibration,t1,171,Sri-Lanka_233609,LKA,1.0,0.7485604621068158,0.7485604705797296,0.752059280872345,0.23425383865833282,0.0008366773254238069,262144,257120,2341,30087.500440513508,7760.812337110978,248195,2048,6584,293,0,0
P1,F2,37,calibration,calibrated,172,Sri-Lanka_236030,LKA,1.9472980369096413,0.8976503563030356,0.8976503563748748,0.5046650767326355,0.12063754349946976,0.0002276582963531837,262144,206088,1137,11831.14750114791,1111.0752023283417,204291,84,663,1050,0,0
P1,F2,37,calibration,t1,172,Sri-Lanka_236030,LKA,1.0,0.45040775036731473,0.4504077654408901,0.16023023426532745,0.031940966844558716,0.00040353607619181275,262144,206088,1137,2760.1066925766027,581.2104937640037,204291,84,663,1050,0,0
P1,F2,37,calibration,calibrated,173,Sri-Lanka_236628,LKA,1.9472980369096413,0.8582415480217992,0.8582415428150207,0.6483838558197021,0.19346892833709717,0.0002036257938016206,262144,262142,2111,21411.867498404557,3404.9031539000025,257874,1187,2157,924,0,0
P1,F2,37,calibration,t1,173,Sri-Lanka_236628,LKA,1.0,0.5116756086209557,0.511675585745454,0.33893752098083496,0.09297357499599457,0.00035678810672834516,262144,262142,2111,12227.725749432586,2641.9246406651605,257874,1187,2157,924,0,0
P1,F2,37,calibration,calibrated,174,Sri-Lanka_249079,LKA,1.9472980369096413,0.9524979100818682,0.9524979101362421,0.7126549482345581,0.2101668268442154,0.0002470921608619392,262144,164775,707,12537.15077369359,1569.0711359962934,164099,665,11,0,0,0
P1,F2,37,calibration,t1,174,Sri-Lanka_249079,LKA,1.0,0.7693985547516585,0.7693985414506902,0.3742873966693878,0.08883868157863617,0.00037580265779979527,262144,164775,707,3121.923314781312,594.4117486439741,164099,665,11,0,0,0
P1,F2,37,calibration,calibrated,175,Sri-Lanka_31559,LKA,1.9472980369096413,0.9955771979003736,0.9955771980970841,0.5659456849098206,0.14030736684799194,0.0002002933615585789,262144,218795,59,14358.995135349447,1423.5606807696652,218272,59,464,0,0,0
P1,F2,37,calibration,t1,175,Sri-Lanka_31559,LKA,1.0,0.9604041701878232,0.9604041707093213,0.1993512362241745,0.03717243671417236,0.000183838012162596,262144,218795,59,3928.2738277004537,558.0266946653571,218272,59,464,0,0,0
P1,F2,37,calibration,calibrated,176,Sri-Lanka_321316,LKA,1.9472980369096413,0.7474171872885866,0.7474172002394089,0.9995015859603882,0.48869162797927856,0.00024071407096926123,262144,262133,15563,112975.89158826799,38809.892365087144,165110,118,81460,15445,0,0
P1,F2,37,calibration,t1,176,Sri-Lanka_321316,LKA,1.0,0.6674833884247,0.6674833949592796,0.9981133937835693,0.47800078988075256,0.0005985210300423205,262144,262133,15563,145624.1052230821,45527.583961567725,165110,118,81460,15445,0,0
P1,F2,37,calibration,calibrated,177,Sri-Lanka_377277,LKA,1.9472980369096413,0.7024565887603897,0.7024565866405608,0.7997928261756897,0.26737794280052185,0.0003447223571129143,262144,259388,6023,25354.118305237047,4925.622417277032,249570,1215,3795,4808,0,0
P1,F2,37,calibration,t1,177,Sri-Lanka_377277,LKA,1.0,0.3427852416067966,0.3427852908101393,0.5279780030250549,0.14968693256378174,0.000910822069272399,262144,259388,6023,15542.65210378529,4132.699701700727,249570,1215,3795,4808,0,0
P1,F2,37,calibration,calibrated,178,Sri-Lanka_400518,LKA,1.9472980369096413,0.8528914909208253,0.852891503729847,0.5109208226203918,0.12716327607631683,0.00021427501633297652,262144,262144,1745,15617.739154222045,1613.1128339548932,259459,305,940,1440,0,0
P1,F2,37,calibration,t1,178,Sri-Lanka_400518,LKA,1.0,0.3768048732212198,0.3768048844883881,0.17996595799922943,0.040187232196331024,0.00042348587885499,262144,262144,1745,4215.3353891001,969.7024389364706,259459,305,940,1440,0,0
P1,F2,37,calibration,calibrated,179,Sri-Lanka_450918,LKA,1.9472980369096413,0.9221626743992783,0.9221626742955298,0.7321898341178894,0.22011615335941315,0.0007604230777360499,123231,99126,760,19024.572040076557,4335.832566400908,94837,12,4265,12,0,0
P1,F2,37,calibration,t1,179,Sri-Lanka_450918,LKA,1.0,0.6655424869311162,0.66554248431886,0.3973276615142822,0.09721294045448303,0.0024457736872136593,123231,99126,760,20981.21440683845,4142.35083561308,94837,12,4265,12,0,0
P1,F2,37,calibration,calibrated,180,Sri-Lanka_49764,LKA,1.9472980369096413,0.993043641547702,0.9930436410312257,0.5598966479301453,0.13858643174171448,0.00021594329155050218,262144,243327,90,21244.149591317342,3272.827668387461,240761,80,2476,10,0,0
P1,F2,37,calibration,t1,180,Sri-Lanka_49764,LKA,1.0,0.9378184746114742,0.9378184716739664,0.19631312787532806,0.037042152136564255,0.00023415646865032613,262144,243327,90,14968.30542215151,2552.3184842310025,240761,80,2476,10,0,0
P1,F2,37,calibration,calibrated,181,Sri-Lanka_52223,LKA,1.9472980369096413,0.9956763193724616,0.9956763191854788,0.6141030192375183,0.1559663861989975,0.00018880351854022592,262144,262144,57,15861.002231771108,1299.4085551439803,262087,57,0,0,0,0
P1,F2,37,calibration,t1,181,Sri-Lanka_52223,LKA,1.0,0.9621661370973081,0.9621661365136291,0.23064206540584564,0.04103954881429672,0.0001723226741887629,262144,262144,57,1942.7472406442228,104.06083602443364,262087,57,0,0,0,0
P1,F2,37,calibration,calibrated,182,Sri-Lanka_523539,LKA,1.9472980369096413,0.7019557258321116,0.7019557177115275,0.8915020823478699,0.33211755752563477,0.000370353227481246,262144,218481,7308,67541.61160372519,19558.97028950654,191388,2424,21708,2961,0,0
P1,F2,37,calibration,t1,182,Sri-Lanka_523539,LKA,1.0,0.4027592204974393,0.4027592285003122,0.6981599926948547,0.22323288023471832,0.000937700446229428,262144,218481,7308,99964.11672945126,21586.879339561627,191388,2424,21708,2961,0,0
P1,F2,37,calibration,calibrated,183,Sri-Lanka_534068,LKA,1.9472980369096413,0.9999999999976464,1.0,0.896574079990387,0.3145058751106262,0.0002552314253989607,262144,262144,0,523615.69604949816,181411.5194003614,4876,0,257268,0,0,0
P1,F2,37,calibration,t1,183,Sri-Lanka_534068,LKA,1.0,0.9999999999934097,1.0,0.6780380010604858,0.18126180768013,0.00037437715218402445,262144,262144,0,942387.9669710463,228674.14212089256,4876,0,257268,0,0,0
P1,F2,37,calibration,calibrated,184,Sri-Lanka_551926,LKA,1.9472980369096413,0.9001263891285721,0.9001263924872025,0.9180423617362976,0.3551208972930908,0.0004713882226496935,262144,262144,2616,52145.49495746144,14026.9391046407,241761,783,17767,1833,0,0
P1,F2,37,calibration,t1,184,Sri-Lanka_551926,LKA,1.0,0.7426243682418567,0.7426243758964884,0.7568068504333496,0.2532396912574768,0.0010344774927943945,262144,262144,2616,54351.509406845566,14395.435769683203,241761,783,17767,1833,0,0
P1,F2,37,calibration,calibrated,185,Sri-Lanka_55568,LKA,1.9472980369096413,0.8496132732966789,0.849613287068602,0.7958661317825317,0.30376553535461426,0.0001750227384036407,262144,212858,2875,23587.065786358726,5760.48071721108,197340,250,12643,2625,0,0
P1,F2,37,calibration,t1,185,Sri-Lanka_55568,LKA,1.0,0.6468581554178108,0.6468581608845174,0.6113787293434143,0.22595477104187012,0.00034125882666558027,262144,212858,2875,17466.193271685363,6265.01081914937,197340,250,12643,2625,0,0
P1,F2,37,calibration,calibrated,186,Sri-Lanka_579082,LKA,1.9472980369096413,0.6271148492596486,0.6271148473705206,0.8068233728408813,0.2788386344909668,0.0004031917778775096,262144,208263,8335,34235.63706029863,8840.259267640988,191911,1886,9291,5175,0,0
P1,F2,37,calibration,t1,186,Sri-Lanka_579082,LKA,1.0,0.2886519121217239,0.2886518608504878,0.557070791721344,0.16858959197998047,0.001251233508810401,262144,208263,8335,40796.36941080967,9465.009088253793,191911,1886,9291,5175,0,0
P1,F2,37,calibration,calibrated,187,Sri-Lanka_612594,LKA,1.9472980369096413,0.3622655400987652,0.3622655883922036,0.978787362575531,0.4253177344799042,0.0013579041697084904,262144,262144,55828,66907.45349129708,16997.6526735311,203939,15080,2377,40748,0,0
P1,F2,37,calibration,t1,187,Sri-Lanka_612594,LKA,1.0,0.17792279226888053,0.17792285090870186,0.9249047636985779,0.3600420355796814,0.004608260467648506,262144,262144,55828,45793.440309995996,13058.93259756013,203939,15080,2377,40748,0,0
P1,F2,37,calibration,calibrated,188,Sri-Lanka_63307,LKA,1.9472980369096413,0.3600094417930193,0.3600094347178293,0.9976242780685425,0.47513648867607117,0.0023542449343949556,262144,262144,96092,159652.37956838016,55999.99435244883,163855,91284,2197,4808,0,0
P1,F2,37,calibration,t1,188,Sri-Lanka_63307,LKA,1.0,0.23291686478328177,0.23291690545130894,0.9910650849342346,0.45180389285087585,0.008742091245949268,262144,262144,96092,191576.68829277757,64428.182995812705,163855,91284,2197,4808,0,0
P1,F2,37,calibration,calibrated,189,Sri-Lanka_649970,LKA,1.9472980369096413,0.8461946278523853,0.8461946284362817,0.8972002863883972,0.33040377497673035,0.0003430228680372238,262144,260855,3373,46298.7864420425,12690.987203221672,242330,1182,15152,2191,0,0
P1,F2,37,calibration,t1,189,Sri-Lanka_649970,LKA,1.0,0.61130083017788,0.6113008274831876,0.7003166675567627,0.2153567224740982,0.0007772875833325088,262144,260855,3373,49546.92022454056,13577.38259469498,242330,1182,15152,2191,0,0
P1,F2,37,calibration,calibrated,190,Sri-Lanka_653336,LKA,1.9472980369096413,0.7527213882689834,0.752721390291835,0.9497238397598267,0.3815040588378906,0.00047660039854235947,262144,262141,7874,46071.60879626445,11982.589259186443,242895,1264,11372,6610,0,0
P1,F2,37,calibration,t1,190,Sri-Lanka_653336,LKA,1.0,0.5165703912116393,0.5165704311024071,0.8342018723487854,0.2869400680065155,0.0013103492092341185,262144,262141,7874,38732.979745843884,10837.69172576097,242895,1264,11372,6610,0,0
P1,F2,37,calibration,calibrated,191,Sri-Lanka_713926,LKA,1.9472980369096413,0.2232676297321361,0.22326761263041373,0.9800629019737244,0.42779865860939026,0.0009042788296937943,262144,262104,97003,64425.5356463005,16358.23035361384,164733,16865,391,80115,0,0
P1,F2,37,calibration,t1,191,Sri-Lanka_713926,LKA,1.0,0.10089660981290915,0.10089665525130975,0.9292032122612,0.3644329607486725,0.0031755841337144375,262144,262104,97003,44483.368818872535,12922.571663021983,164733,16865,391,80115,0,0
P1,F2,37,calibration,calibrated,192,Sri-Lanka_748447,LKA,1.9472980369096413,0.8909561279452344,0.8909561301635524,0.5657728910446167,0.15204398334026337,0.00022136245388537645,262144,249187,1365,15725.35691658716,1805.4122320367724,247184,784,652,567,0,0
P1,F2,37,calibration,t1,192,Sri-Lanka_748447,LKA,1.0,0.5135306446511569,0.5135306303424363,0.23937314748764038,0.05802305415272713,0.00043005344923585653,262144,249187,1365,4499.877155903093,1084.6145228608796,247184,784,652,567,0,0
P1,F2,37,calibration,calibrated,193,Sri-Lanka_845821,LKA,1.9472980369096413,0.9999999999978986,1.0,0.9488775730133057,0.37054285407066345,0.00030176775180734694,262144,240758,0,470947.61019004206,161173.7237216666,6212,0,234546,0,0,0
P1,F2,37,calibration,t1,193,Sri-Lanka_845821,LKA,1.0,0.9999999999952381,1.0,0.8258907198905945,0.26428669691085815,0.0005538628320209682,262144,240758,0,842754.3696335843,201630.9121549177,6212,0,234546,0,0,0
P1,F2,37,calibration,calibrated,194,Sri-Lanka_847275,LKA,1.9472980369096413,0.7675989847268885,0.7675989899574771,0.9693719744682312,0.4099257290363312,0.0004344725457485765,262144,231361,7084,84405.22477857996,27371.844575083753,180225,672,44970,5494,0,0
P1,F2,37,calibration,t1,194,Sri-Lanka_847275,LKA,1.0,0.5716396287431581,0.5716396235952923,0.8946531414985657,0.333808034658432,0.0013136470224708319,262144,231361,7084,121916.69478907512,33353.594888391526,180225,672,44970,5494,0,0
P1,F2,37,calibration,calibrated,195,Sri-Lanka_849649,LKA,1.9472980369096413,0.8564484289085033,0.8564484335476369,0.5357272028923035,0.13752101361751556,0.0001931893639266491,262144,218207,1758,13073.69356818898,1325.1881774206386,216152,163,649,1243,0,0
P1,F2,37,calibration,t1,195,Sri-Lanka_849649,LKA,1.0,0.4008560203334336,0.4008559961171666,0.20491158962249756,0.046379197388887405,0.0003074458218179643,262144,218207,1758,3185.615968729615,670.995993372152,216152,163,649,1243,0,0
P1,F2,37,calibration,calibrated,196,Sri-Lanka_85652,LKA,1.9472980369096413,0.9768026913154905,0.97680269202602,0.5839129090309143,0.15256206691265106,0.000220730114961043,262144,197368,308,16110.036923031428,2501.7654348216874,195155,272,1905,36,0,0
P1,F2,37,calibration,t1,196,Sri-Lanka_85652,LKA,1.0,0.8383134765868314,0.8383134942482231,0.23290544748306274,0.05027730390429497,0.00026211058138869703,262144,197368,308,10280.353879938728,1974.9070718275811,195155,272,1905,36,0,0
P1,F2,37,calibration,calibrated,197,Sri-Lanka_883641,LKA,1.9472980369096413,0.8237013105475404,0.8237013019509944,0.8599883317947388,0.30489271879196167,0.0003427662595640868,262144,262144,3785,37709.851138706304,9872.707366237197,246517,2127,11842,1658,0,0
P1,F2,37,calibration,t1,197,Sri-Lanka_883641,LKA,1.0,0.5524100939471759,0.5524100777867069,0.6259718537330627,0.18769307434558868,0.0007768635987304151,262144,262144,3785,34914.044552206724,10795.734191485182,246517,2127,11842,1658,0,0
P1,F2,37,calibration,calibrated,198,Sri-Lanka_916628,LKA,1.9472980369096413,0.3349471750787484,0.33494712983159325,0.9751922488212585,0.4187493324279785,0.0009380878764204681,262144,259961,50133,89584.61225490141,26927.986981063998,178145,292,32374,49150,0,0
P1,F2,37,calibration,t1,198,Sri-Lanka_916628,LKA,1.0,0.17046544990206058,0.17046547819122437,0.9129655957221985,0.34855571389198303,0.0036474785301834345,262144,259961,50133,116558.33421891066,28067.36002552424,178145,292,32374,49150,0,0
P1,F2,37,calibration,calibrated,199,Sri-Lanka_922192,LKA,1.9472980369096413,0.9323348042247542,0.9323348069235382,0.6551244854927063,0.19700905680656433,0.00017461908282712102,262144,239783,988,16237.198561812636,2082.200116591053,237990,763,813,217,0,0
P1,F2,37,calibration,t1,199,Sri-Lanka_922192,LKA,1.0,0.7122673829877306,0.7122673967980842,0.3489445745944977,0.09584410488605499,0.0002347223344258964,262144,239783,988,4727.71326750048,1172.4410953872318,237990,763,813,217,0,0
P1,F2,37,calibration,calibrated,200,Sri-Lanka_92824,LKA,1.9472980369096413,0.8137147182609281,0.8137146896230529,0.9219956994056702,0.35534366965293884,0.00041336301364935935,262144,246506,4522,103162.03014401143,34582.41610044876,190942,174,51294,4096,0,0
P1,F2,37,calibration,t1,200,Sri-Lanka_92824,LKA,1.0,0.5807068007034699,0.5807068255510901,0.7631231546401978,0.2508682906627655,0.0010919541819021106,262144,246506,4522,161151.02294990385,42600.61313086903,190942,174,51294,4096,0,0
P1,F2,37,calibration,calibrated,201,Sri-Lanka_956740,LKA,1.9472980369096413,0.48131269584803227,0.481312701494336,0.7438393235206604,0.23259520530700684,0.0003382683207746595,262144,202069,12579,13379.042289900965,1709.8140468229626,193239,912,322,7596,0,0
P1,F2,37,calibration,t1,201,Sri-Lanka_956740,LKA,1.0,0.14571846600222782,0.14571842263876467,0.4361630380153656,0.11392977088689804,0.001055219559930265,262144,202069,12579,4192.9631089908535,1016.9385093886327,193239,912,322,7596,0,0
P1,F2,37,test,calibrated,0,Ghana_103272,GHA,1.9472980369096413,0.7812482168997854,0.7812482235818416,0.4880390465259552,0.11820139735937119,0.00018026851466856897,262144,259269,2535,15243.857878488274,1532.5899734623697,256615,1096,119,1439,0,0
P1,F2,37,test,t1,0,Ghana_103272,GHA,1.0,0.26178911117998915,0.2617891307091277,0.16010798513889313,0.035178229212760925,0.0003154207079205662,262144,259269,2535,3912.6290808213953,942.6902421617431,256615,1096,119,1439,0,0
P1,F2,37,test,calibrated,1,Ghana_1033830,GHA,1.9472980369096413,0.32124909031835036,0.32124908034750854,0.9934653043746948,0.45885413885116577,0.0011489099124446511,262144,233229,70175,82718.1511493526,27182.100271853116,135601,817,41165,55646,0,0
P1,F2,37,test,t1,1,Ghana_1033830,GHA,1.0,0.18797060074177852,0.18797064018501886,0.9757723808288574,0.42087090015411377,0.004441729746758938,262144,233229,70175,95640.60834687839,30276.129248788577,135601,817,41165,55646,0,0
P1,F2,37,test,calibrated,2,Ghana_1078550,GHA,1.9472980369096413,0.9946078396915995,0.9946078392628154,0.43242311477661133,0.09028526395559311,0.00014086253941059113,262144,262144,57,17100.225468744866,1895.7774271577591,260732,5,1355,52,0,0
P1,F2,37,test,t1,2,Ghana_1078550,GHA,1.0,0.9249849616610097,0.924984957730776,0.09090062230825424,0.012555467896163464,7.497885962948203e-05,262144,262144,57,7894.123015937338,1325.624278454506,260732,5,1355,52,0,0
P1,F2,37,test,calibrated,3,Ghana_1089161,GHA,1.9472980369096413,0.7999256143724399,0.7999256130697241,0.4677814543247223,0.10630613565444946,0.00017206059419550002,262144,236164,2108,14409.70924852914,1425.5507363322736,233188,69,868,2039,0,0
P1,F2,37,test,t1,3,Ghana_1089161,GHA,1.0,0.25330299985659444,0.25330297343042474,0.12885302305221558,0.024007180705666542,0.0002593570970930159,262144,236164,2108,4588.044424154145,828.221473438449,233188,69,868,2039,0,0
P1,F2,37,test,calibrated,4,Ghana_11745,GHA,1.9472980369096413,0.9999999999921553,1.0,0.42327120900154114,0.08732066303491592,0.00013535079779103398,262144,262144,0,13114.557561697256,701.757833867603,262144,0,0,0,0,0
P1,F2,37,test,t1,4,Ghana_11745,GHA,1.0,0.9999999998917619,1.0,0.08575192838907242,0.011237031780183315,6.478242721641436e-05,262144,262144,0,927.747723721615,7.534377326198369,262144,0,0,0,0,0
P1,F2,37,test,calibrated,5,Ghana_124834,GHA,1.9472980369096413,0.9999999999923781,1.0,0.4462442398071289,0.09450291842222214,0.00013932742876932025,262144,262144,0,13521.695484268203,764.236577683221,262144,0,0,0,0,0
P1,F2,37,test,t1,5,Ghana_124834,GHA,1.0,0.9999999999013416,1.0,0.09864939004182816,0.013413035310804844,6.714432674925774e-05,262144,262144,0,1018.7838444217027,10.120055257207248,262144,0,0,0,0,0
P1,F2,37,test,calibrated,6,Ghana_128663,GHA,1.9472980369096413,0.9227783320912948,0.9227783310559403,0.4841702878475189,0.11898023635149002,0.0005639001028612256,261406,168848,865,10212.13189100532,1034.9204499646428,168132,716,0,0,0,0
P1,F2,37,test,t1,6,Ghana_128663,GHA,1.0,0.5600815793770639,0.5600815218279669,0.16344308853149414,0.038863636553287506,0.0014949071919545531,261406,168848,865,2447.8371767950093,576.1862894438915,168132,716,0,0,0,0
P1,F2,37,test,calibrated,7,Ghana_132163,GHA,1.9472980369096413,0.8966942154080405,0.8966942119060923,0.46849802136421204,0.107783742249012,0.00018244505918119103,262144,55761,1100,3621.9990663058925,332.5955478264692,55547,214,0,0,0,0
P1,F2,37,test,t1,7,Ghana_132163,GHA,1.0,0.42701413715955583,0.42701412046281617,0.1341317594051361,0.02614835649728775,0.0003215092874597758,262144,55761,1100,736.2943344510214,160.48004656746474,55547,214,0,0,0,0
P1,F2,37,test,calibrated,8,Ghana_134751,GHA,1.9472980369096413,0.830903410171826,0.8309034166117413,0.7500832080841064,0.2342570573091507,0.0023962361738085747,37663,37663,599,4734.302340312788,742.7427211073159,37064,599,0,0,0,0
P1,F2,37,test,t1,8,Ghana_134751,GHA,1.0,0.46461358034766786,0.46461361731428796,0.43449240922927856,0.11451614648103714,0.008553438819944859,37663,37663,599,1766.1002019960806,460.87387615955646,37064,599,0,0,0,0
P1,F2,37,test,calibrated,9,Ghana_135389,GHA,1.9472980369096413,0.77471855418674,0.774718563393997,0.8286246657371521,0.28140008449554443,0.00373729201965034,24624,24624,600,4064.8668329971297,841.735584635067,23775,597,249,3,0,0
P1,F2,37,test,t1,9,Ghana_135389,GHA,1.0,0.41725977354685184,0.41725977331120545,0.5590379238128662,0.16000734269618988,0.013473527505993843,24624,24624,600,2685.7526102463626,710.6817654622275,23775,597,249,3,0,0
P1,F2,37,test,calibrated,10,Ghana_141271,GHA,1.9472980369096413,0.9999999999926126,1.0,0.46938663721084595,0.1018633171916008,0.0001536415220471099,262144,262144,0,18153.449816317807,2204.2283105297556,260508,0,1636,0,0,0
P1,F2,37,test,t1,10,Ghana_141271,GHA,1.0,0.9999999999103795,1.0,0.11209899187088013,0.015789320692420006,8.197972783818841e-05,262144,262144,0,9255.813944564288,1609.429188631316,260508,0,1636,0,0,0
P1,F2,37,test,calibrated,11,Ghana_141910,GHA,1.9472980369096413,0.20605788977914374,0.2060579060509501,0.9908413887023926,0.451007217168808,0.0013316976837813854,262144,262144,129636,171291.88640379847,59351.80022032629,118971,72523,13537,57113,0,0
P1,F2,37,test,t1,11,Ghana_141910,GHA,1.0,0.10456855628542039,0.10456855956768563,0.966323971748352,0.40621739625930786,0.0058133164420723915,262144,262144,129636,243403.8941626594,70073.88654809033,118971,72523,13537,57113,0,0
P1,F2,37,test,calibrated,12,Ghana_142312,GHA,1.9472980369096413,0.9999264061015791,0.999926406112044,0.48253726959228516,0.10767964273691177,0.00015295640332624316,262144,262144,1,14224.256102136014,897.5910006008081,262143,1,0,0,0,0
P1,F2,37,test,t1,12,Ghana_142312,GHA,1.0,0.9991671100075481,0.9991671100940027,0.12636235356330872,0.01965634524822235,8.50975775392726e-05,262144,262144,1,1246.2806334304005,34.327555813571024,262143,1,0,0,0,0
P1,F2,37,test,calibrated,13,Ghana_144050,GHA,1.9472980369096413,0.99999999999264,1.0,0.46816715598106384,0.10152696818113327,0.00014888400619383901,262144,23551,0,1282.732309187954,75.68937103456176,23551,0,0,0,0,0
P1,F2,37,test,t1,13,Ghana_144050,GHA,1.0,0.9999999999113085,1.0,0.11160978674888611,0.015822041779756546,7.400948379654437e-05,262144,23551,0,101.09996812339567,1.0797775347868033,23551,0,0,0,0,0
P1,F2,37,test,calibrated,14,Ghana_146222,GHA,1.9472980369096413,0.9999999999917493,1.0,0.3672211766242981,0.07083035260438919,0.00011121253919554874,262144,181656,0,8587.921458410809,410.8091020722885,181656,0,0,0,0,0
P1,F2,37,test,t1,14,Ghana_146222,GHA,1.0,0.9999999998704067,1.0,0.05863892287015915,0.0069156307727098465,4.263442679075524e-05,262144,181656,0,533.7032465827372,2.242660829558983,181656,0,0,0,0,0
P1,F2,37,test,calibrated,15,Ghana_147015,GHA,1.9472980369096413,0.9956266112353496,0.9956266108863903,0.5441473126411438,0.13214236497879028,0.00019283364235889167,262144,262144,56,22122.93402268653,3619.978979847624,258603,11,3485,45,0,0
P1,F2,37,test,t1,15,Ghana_147015,GHA,1.0,0.9578661654785592,0.9578661665377969,0.18210631608963013,0.033101409673690796,0.00019693878130055964,262144,262144,56,15054.19710163265,3228.324885391626,258603,11,3485,45,0,0
P1,F2,37,test,calibrated,16,Ghana_154838,GHA,1.9472980369096413,0.9999999999922388,1.0,0.4388802647590637,0.09183885902166367,0.00013194548955652863,262144,42107,0,2402.3288885010115,146.652946285339,42107,0,0,0,0,0
P1,F2,37,test,t1,16,Ghana_154838,GHA,1.0,0.9999999998957694,1.0,0.09293424338102341,0.012278465554118156,5.989392229821533e-05,262144,42107,0,195.89291293826878,1.8992118969115355,42107,0,0,0,0,0
P1,F2,37,test,calibrated,17,Ghana_156478,GHA,1.9472980369096413,0.9999999999920391,1.0,0.4058564603328705,0.08188688009977341,0.0001244562299689278,262144,262144,0,12908.959380160855,666.4510176176667,262144,0,0,0,0,0
P1,F2,37,test,t1,17,Ghana_156478,GHA,1.0,0.9999999998852874,1.0,0.0760171115398407,0.00957236997783184,5.133389277034439e-05,262144,262144,0,874.4923139966475,5.422968147857715,262144,0,0,0,0,0
P1,F2,37,test,calibrated,18,Ghana_161233,GHA,1.9472980369096413,0.9316847056293068,0.9316847091536664,0.6792429089546204,0.18924382328987122,0.00047015855670906603,162668,1892,851,291.93593540448626,46.771142086804744,1881,11,0,0,0,0
P1,F2,37,test,t1,18,Ghana_161233,GHA,1.0,0.6633141197095589,0.6633141007171579,0.31436920166015625,0.0682397112250328,0.0014314972795546055,162668,1892,851,84.07473647173393,11.940644731015711,1881,11,0,0,0,0
P1,F2,37,test,calibrated,19,Ghana_167233,GHA,1.9472980369096413,0.9999999999922464,1.0,0.4313245713710785,0.08959462493658066,0.0001347909274045378,262144,262144,0,13275.927979093158,723.0945361549568,262144,0,0,0,0,0
P1,F2,37,test,t1,19,Ghana_167233,GHA,1.0,0.9999999998950246,1.0,0.08921033143997192,0.011707979254424572,5.999374116072431e-05,262144,262144,0,956.4432067146768,7.543467094115642,262144,0,0,0,0,0
P1,F2,37,test,calibrated,20,Ghana_168875,GHA,1.9472980369096413,0.9999999999916147,1.0,0.344306617975235,0.06469719856977463,0.0001094911276595667,262144,41796,0,1957.585832729127,91.96700161997519,41796,0,0,0,0,0
P1,F2,37,test,t1,20,Ghana_168875,GHA,1.0,0.9999999998630331,1.0,0.05004274100065231,0.005706666503101587,4.472261935006827e-05,262144,41796,0,119.30641040134938,0.47399189055608326,41796,0,0,0,0,0
P1,F2,37,test,calibrated,21,Ghana_187318,GHA,1.9472980369096413,0.9999999999922371,1.0,0.43717458844184875,0.09241244941949844,0.00013413465057965368,262144,262144,0,13271.48615785007,739.2183962773834,262144,0,0,0,0,0
P1,F2,37,test,t1,21,Ghana_187318,GHA,1.0,0.9999999998985992,1.0,0.09669747203588486,0.013599386438727379,6.816240056650713e-05,262144,262144,0,994.1241111305842,14.656884912561871,262144,0,0,0,0,0
P1,F2,37,test,calibrated,22,Ghana_194723,GHA,1.9472980369096413,0.9879024549796628,0.9879024548739804,0.4121536910533905,0.08463247120380402,0.0001385803916491568,262144,47408,107,2642.963493336998,204.8041761206319,47301,107,0,0,0,0
P1,F2,37,test,t1,22,Ghana_194723,GHA,1.0,0.8366021531263341,0.8366021568085802,0.0823749378323555,0.011420652270317078,0.00011640816228464246,262144,47408,107,440.45952168507733,84.44239086448357,47301,107,0,0,0,0
P1,F2,37,test,calibrated,23,Ghana_247288,GHA,1.9472980369096413,0.3484582746320517,0.3484582677383321,0.9585769772529602,0.3963314890861511,0.0010770418448373675,261625,40174,36183,22979.898849274046,7808.689169926071,11079,2445,9350,17300,0,0
P1,F2,37,test,t1,23,Ghana_247288,GHA,1.0,0.1603656376891981,0.1603656057556564,0.8623758554458618,0.31228962540626526,0.004009808413684368,261625,40174,36183,28522.510576227854,8806.301008528299,11079,2445,9350,17300,0,0
P1,F2,37,test,calibrated,24,Ghana_24858,GHA,1.9472980369096413,0.9973909607306283,0.9973909606624274,0.39464613795280457,0.0790536180138588,0.00012789365428034216,262144,262144,27,14114.01560525042,1063.9318687108666,261646,14,471,13,0,0
P1,F2,37,test,t1,24,Ghana_24858,GHA,1.0,0.9586170587030215,0.9586170623053514,0.0722995400428772,0.009437350556254387,7.262088911375031e-05,262144,262144,27,3521.1400062012494,475.49864147444305,261646,14,471,13,0,0
P1,F2,37,test,calibrated,25,Ghana_264787,GHA,1.9472980369096413,0.9999999999919581,1.0,0.4003465175628662,0.08028662204742432,0.00012209040869493037,262144,181975,0,8767.343801735815,437.23499198403294,181975,0,0,0,0,0
P1,F2,37,test,t1,25,Ghana_264787,GHA,1.0,0.9999999998818476,1.0,0.07343801856040955,0.009164254181087017,5.180395964998752e-05,262144,181975,0,571.2822383392074,3.0251801310712065,181975,0,0,0,0,0
P1,F2,37,test,calibrated,26,Ghana_308249,GHA,1.9472980369096413,0.7186156766102084,0.718615668172697,0.593197226524353,0.16258519887924194,0.0002949474146589637,262144,262144,4109,21967.60731956053,3799.6365530746825,253941,173,4094,3936,0,0
P1,F2,37,test,t1,26,Ghana_308249,GHA,1.0,0.25885181422495096,0.2588518252612718,0.26069411635398865,0.0642969012260437,0.0008358556660823524,262144,262144,4109,13941.055822229882,3527.054650901151,253941,173,4094,3936,0,0
P1,F2,37,test,calibrated,27,Ghana_313799,GHA,1.9472980369096413,0.9701284206978267,0.9701284187225536,0.5146767497062683,0.12855829298496246,0.00017405459948349744,262144,244464,354,44130.67514920535,11706.997311142622,229530,1,14580,353,0,0
P1,F2,37,test,t1,27,Ghana_313799,GHA,1.0,0.7809504073441567,0.7809504067443739,0.1838476061820984,0.04072863981127739,0.00022592360619455576,262144,244464,354,61330.65217423445,13304.640839307503,229530,1,14580,353,0,0
P1,F2,37,test,calibrated,28,Ghana_319168,GHA,1.9472980369096413,0.4357297875474656,0.4357297933133779,0.9807929992675781,0.4299328923225403,0.0005484017892740667,262144,171624,30476,41917.74161338161,12890.924702780048,131257,846,19466,20055,0,0
P1,F2,37,test,t1,28,Ghana_319168,GHA,1.0,0.24213024781975967,0.24213020161206822,0.93183434009552,0.3684110939502716,0.0018391211051493883,262144,171624,30476,46259.05091281534,14318.655546550102,131257,846,19466,20055,0,0
P1,F2,37,test,calibrated,29,Ghana_359826,GHA,1.9472980369096413,0.8862002877855807,0.8862002807457351,0.5920899510383606,0.1545862853527069,0.00024294738250318915,262144,262144,1445,19647.97207025541,2628.7627143770333,258596,52,2103,1393,0,0
P1,F2,37,test,t1,29,Ghana_359826,GHA,1.0,0.48207033175106595,0.4820703606588951,0.23413456976413727,0.0503385104238987,0.0005096444510854781,262144,262144,1445,8439.601497352753,1840.0757756363828,258596,52,2103,1393,0,0
P1,F2,37,test,calibrated,30,Ghana_362274,GHA,1.9472980369096413,0.5786332063758715,0.5786332095364278,0.8196066617965698,0.2833040952682495,0.00032469062716700137,262144,259407,10433,30911.913516869132,7008.207357547232,240598,445,9053,9311,0,0
P1,F2,37,test,t1,30,Ghana_362274,GHA,1.0,0.24562104924638206,0.24562103111541833,0.5658481121063232,0.16997253894805908,0.0009013201924972236,262144,259407,10433,24854.455267290672,7047.100623672507,240598,445,9053,9311,0,0
P1,F2,37,test,calibrated,31,Ghana_406026,GHA,1.9472980369096413,0.6882452633134253,0.6882452870749816,0.5667776465415955,0.14088492095470428,0.00023908971343189478,262144,262144,4346,17493.408626846678,1716.7332554467619,257381,458,417,3888,0,0
P1,F2,37,test,t1,31,Ghana_406026,GHA,1.0,0.19177517934866795,0.19177515523334798,0.1985335350036621,0.03847729414701462,0.00047343000187538564,262144,262144,4346,3828.378400286274,716.1536165864294,257381,458,417,3888,0,0
P1,F2,37,test,calibrated,32,Ghana_45911,GHA,1.9472980369096413,0.9999999999917175,1.0,0.3653409779071808,0.07064218819141388,0.00011163068120367825,262144,29269,0,1392.3282989202814,66.16903239207733,29269,0,0,0,0,0
P1,F2,37,test,t1,32,Ghana_45911,GHA,1.0,0.9999999998700965,1.0,0.05923838913440704,0.007145479787141085,4.911279393127188e-05,262144,29269,0,85.86840070793492,0.3463170093056408,29269,0,0,0,0,0
P1,F2,37,test,calibrated,33,Ghana_495107,GHA,1.9472980369096413,0.9967635639213125,0.9967635638694777,0.5269131064414978,0.12382138520479202,0.00017680830205790699,262144,262144,42,22765.698242129656,3802.350972672505,258185,0,3917,42,0,0
P1,F2,37,test,t1,33,Ghana_495107,GHA,1.0,0.9667932002178048,0.9667931996801327,0.1596190631389618,0.02732165902853012,0.00015594169963151217,262144,262144,42,15868.847828037382,3532.0586649429592,258185,0,3917,42,0,0
P1,F2,37,test,calibrated,34,Ghana_49890,GHA,1.9472980369096413,0.9999999999924749,1.0,0.4462684690952301,0.09389478713274002,0.00013969256542623043,262144,262144,0,13696.863172370702,777.9303432216891,262144,0,0,0,0,0
P1,F2,37,test,t1,34,Ghana_49890,GHA,1.0,0.9999999999026481,1.0,0.09596556425094604,0.01268688403069973,6.128059612819925e-05,262144,262144,0,1031.3725908324736,8.23745274661525,262144,0,0,0,0,0
P1,F2,37,test,calibrated,35,Ghana_53713,GHA,1.9472980369096413,0.9999999999928033,1.0,0.47994744777679443,0.10461635142564774,0.00014935966464690864,262144,262144,0,14360.140155472127,881.2075790027723,262144,0,0,0,0,0
P1,F2,37,test,t1,35,Ghana_53713,GHA,1.0,0.9999999999149163,1.0,0.11563033610582352,0.01601167768239975,6.910124648129568e-05,262144,262144,0,1181.5644433432594,12.287008234953756,262144,0,0,0,0,0
P1,F2,37,test,calibrated,36,Ghana_597288,GHA,1.9472980369096413,0.7273289953407451,0.7273289866973507,0.5897849798202515,0.16210100054740906,0.00043131288839504123,262144,262144,4028,18694.27059073319,2439.1900327872754,256243,211,1873,3817,0,0
P1,F2,37,test,t1,36,Ghana_597288,GHA,1.0,0.2683301949495396,0.26833022574184606,0.26016825437545776,0.06519418954849243,0.0015502653550356627,262144,262144,4028,7478.321482484696,1642.8060288706483,256243,211,1873,3817,0,0
P1,F2,37,test,calibrated,37,Ghana_61925,GHA,1.9472980369096413,0.9426058561382277,0.9426058542930222,0.41601142287254333,0.08669745922088623,0.0001364789204671979,262144,262144,510,13215.821864404641,779.2202333067208,261482,11,152,499,0,0
P1,F2,37,test,t1,37,Ghana_61925,GHA,1.0,0.5203310736128348,0.5203310900560293,0.0875772014260292,0.013304183259606361,0.0001212427087011747,262144,262144,510,1266.6587868138706,125.27222704235776,261482,11,152,499,0,0
P1,F2,37,test,calibrated,38,Ghana_7496,GHA,1.9472980369096413,0.999999999991973,1.0,0.3984631299972534,0.07963306456804276,0.00012175494339317083,262144,262144,0,12795.703758626212,649.052119530272,262144,0,0,0,0,0
P1,F2,37,test,t1,38,Ghana_7496,GHA,1.0,0.9999999998818948,1.0,0.07210788875818253,0.008920275606215,5.020668686483987e-05,262144,262144,0,849.0374484889119,4.628481346450391,262144,0,0,0,0,0
P1,F2,37,test,calibrated,39,Ghana_8090,GHA,1.9472980369096413,0.9999999999919407,1.0,0.39433708786964417,0.07845629751682281,0.00012098805018467829,262144,194666,0,9556.832910282697,489.20519904906314,194662,0,4,0,0,0
P1,F2,37,test,t1,39,Ghana_8090,GHA,1.0,0.9999999998805676,1.0,0.07026087492704391,0.008678806945681572,5.149692151462659e-05,262144,194666,0,649.0481688024179,7.497760173497631,194662,0,4,0,0,0
P1,F2,37,test,calibrated,40,Ghana_83200,GHA,1.9472980369096413,0.9856201478552388,0.9856201466706601,0.5889014005661011,0.15280109643936157,0.00015779156819917262,262144,98215,194,7387.096825260335,846.7145134044569,97674,8,526,7,0,0
P1,F2,37,test,t1,40,Ghana_83200,GHA,1.0,0.892974315652699,0.8929743206244728,0.2303737998008728,0.04872734844684601,0.0001467439578846097,262144,98215,194,2141.9554707404004,443.72694479619065,97674,8,526,7,0,0
P1,F2,37,test,calibrated,41,Ghana_866994,GHA,1.9472980369096413,0.09639095990345958,0.09639096644000344,0.8859249353408813,0.3237333595752716,0.0004855520382989198,262144,117511,196121,108616.75459790337,36157.46207304232,1008,10532,34039,71932,0,0
P1,F2,37,test,t1,41,Ghana_866994,GHA,1.0,0.02676073004351731,0.026760681496754035,0.6780562996864319,0.20927025377750397,0.001378701883368194,262144,117511,196121,182058.06463408264,42208.28044289489,1008,10532,34039,71932,0,0
P1,F2,37,test,calibrated,42,Ghana_868803,GHA,1.9472980369096413,0.21672103930585263,0.21672103002201515,0.9925686717033386,0.45609569549560547,0.0009408497135154903,262144,262144,116522,78410.67889002294,22988.38628913403,116371,1722,29251,114800,0,0
P1,F2,37,test,t1,42,Ghana_868803,GHA,1.0,0.11288447257740852,0.11288450593229427,0.9725316166877747,0.4157065153121948,0.003545546904206276,262144,262144,116522,69583.01011382575,21885.721401616247,116371,1722,29251,114800,0,0
P1,F2,37,test,calibrated,43,Ghana_887131,GHA,1.9472980369096413,0.8432650045092782,0.8432650004574619,0.6233795285224915,0.17882463335990906,0.00034977158065885305,262144,262144,2165,27102.02330554466,5974.345615153679,251963,106,8016,2059,0,0
P1,F2,37,test,t1,43,Ghana_887131,GHA,1.0,0.4545377965702415,0.4545377925270794,0.30246788263320923,0.07851655036211014,0.0009289326844736934,262144,262144,2165,23794.013210439647,6531.285160614575,251963,106,8016,2059,0,0
P1,F2,37,test,calibrated,44,Ghana_895194,GHA,1.9472980369096413,0.6290662918886258,0.6290662986391148,0.5649383068084717,0.16026665270328522,0.00020564392616506666,262144,252706,6110,17840.598526244044,2624.133488341295,243887,122,2709,5988,0,0
P1,F2,37,test,t1,44,Ghana_895194,GHA,1.0,0.20082984644234858,0.2008297972733405,0.26785358786582947,0.07298212498426437,0.00047144078416749835,262144,252706,6110,8018.031116063061,2140.761324858247,243887,122,2709,5988,0,0
P1,F2,37,test,calibrated,45,Ghana_953791,GHA,1.9472980369096413,0.9492796868015234,0.9492796829541219,0.5221365690231323,0.12617242336273193,0.0001814018760342151,262144,262144,588,19356.226941578243,2731.763081003021,259189,183,2367,405,0,0
P1,F2,37,test,t1,45,Ghana_953791,GHA,1.0,0.6469694649707249,0.6469694531665795,0.1704433709383011,0.03354782611131668,0.00022896990412846208,262144,262144,588,10289.019882140543,2257.777074257854,259189,183,2367,405,0,0
P1,F2,37,test,calibrated,46,Ghana_97059,GHA,1.9472980369096413,0.9721221289919766,0.9721221269988365,0.3629148304462433,0.07164561748504639,0.00011735243606381118,262144,27394,252,1681.2895884813734,206.05931612455674,27142,252,0,0,0,0
P1,F2,37,test,t1,46,Ghana_97059,GHA,1.0,0.6735226968334076,0.673522707057072,0.0643368735909462,0.009683455340564251,8.380744839087129e-05,262144,27394,252,595.4256266889977,179.1025559220593,27142,252,0,0,0,0
P1,F2,37,test,calibrated,47,Ghana_97516,GHA,1.9472980369096413,0.8958292389547778,0.8958292439504789,0.4919019341468811,0.11308862268924713,0.00021237910550553352,262144,187555,1036,10378.537180993502,758.6595802993215,186712,72,170,601,0,0
P1,F2,37,test,t1,47,Ghana_97516,GHA,1.0,0.42973345076829517,0.42973343684628906,0.13954202830791473,0.025063466280698776,0.00029582733986899257,262144,187555,1036,1485.4827490003017,210.60003727644988,186712,72,170,601,0,0
P1,F2,37,test,calibrated,48,Pakistan_1027214,PAK,1.9472980369096413,0.23699868275915548,0.23699866047518958,0.9877567291259766,0.44387286901474,0.0007681455463171005,262144,158958,100198,47589.00154944115,14393.039135461993,119777,15311,4963,18907,0,0
P1,F2,37,test,t1,48,Pakistan_1027214,PAK,1.0,0.11524590872416007,0.11524588060898866,0.9554947018623352,0.39321833848953247,0.0030211389530450106,262144,158958,100198,48560.58452124985,14651.994567805246,119777,15311,4963,18907,0,0
P1,F2,37,test,calibrated,49,Pakistan_1036366,PAK,1.9472980369096413,0.4814379980432799,0.4814379847538425,0.9653170108795166,0.4036324918270111,0.0006292747566476464,262144,110380,26162,31408.029929531334,9187.360589205025,85961,1746,10177,12496,0,0
P1,F2,37,test,t1,49,Pakistan_1036366,PAK,1.0,0.2547041073933195,0.2547041318161569,0.8816867470741272,0.3231849670410156,0.002289166208356619,262144,110380,26162,37449.362641728156,9598.62397745287,85961,1746,10177,12496,0,0
P1,F2,37,test,calibrated,50,Pakistan_132143,PAK,1.9472980369096413,0.9814761707111455,0.9814761705222199,0.7723343968391418,0.2425367385149002,0.00021200360788498074,262144,262144,349,21865.627611709002,2785.485728039008,261795,349,0,0,0,0
P1,F2,37,test,t1,50,Pakistan_132143,PAK,1.0,0.9159551859011505,0.9159551874685525,0.4596017301082611,0.11690963804721832,0.00028870670939795673,262144,262144,349,4985.288824508488,709.397597239154,261795,349,0,0,0,0
P1,F2,37,test,calibrated,51,Pakistan_167553,PAK,1.9472980369096413,0.7160706098860992,0.7160706067219966,0.982384979724884,0.432453989982605,0.0008155149989761412,262144,247105,13143,50368.582410474744,12710.617200727247,233020,12627,1145,313,0,0
P1,F2,37,test,t1,51,Pakistan_167553,PAK,1.0,0.5128501106183574,0.5128501067875506,0.9370488524436951,0.37270691990852356,0.0025725876912474632,262144,247105,13143,33209.79333024609,9657.852860959365,233020,12627,1145,313,0,0
P1,F2,37,test,calibrated,52,Pakistan_210595,PAK,1.9472980369096413,0.9991557494832501,0.9991557495318535,0.7160928845405579,0.20498758554458618,0.00022220124083105475,262144,262144,15,19904.190389306183,2137.302482493128,262129,15,0,0,0,0
P1,F2,37,test,t1,52,Pakistan_210595,PAK,1.0,0.9949542018270244,0.9949542016137846,0.35933083295822144,0.0763288363814354,0.00022309066844172776,262144,262144,15,3414.463075475551,267.11477195027,262129,15,0,0,0,0
P1,F2,37,test,calibrated,53,Pakistan_211386,PAK,1.9472980369096413,0.9394927518776514,0.9394927522393058,0.8454676270484924,0.28595322370529175,0.00040237896610051394,262144,255405,1419,37821.14732706846,7840.1104545739145,248109,437,5979,880,0,0
P1,F2,37,test,t1,53,Pakistan_211386,PAK,1.0,0.7880947315294088,0.788094734741111,0.5804497599601746,0.1576167196035385,0.0008452151669189334,262144,255405,1419,27082.706529875242,5880.935357630839,248109,437,5979,880,0,0
P1,F2,37,test,calibrated,54,Pakistan_246510,PAK,1.9472980369096413,0.5340389965159109,0.5340390086600793,0.9885761141777039,0.4452068507671356,0.0006321077817119658,262144,258817,29840,71331.23045442699,20855.98343910417,225838,22238,3360,7381,0,0
P1,F2,37,test,t1,54,Pakistan_246510,PAK,1.0,0.33791520069925574,0.3379152030603114,0.9582947492599487,0.3955364227294922,0.0019997027702629566,262144,258817,29840,62637.9114577216,19532.643669255413,225838,22238,3360,7381,0,0
P1,F2,37,test,calibrated,55,Pakistan_246718,PAK,1.9472980369096413,0.6371210495744368,0.6371210477794416,0.9266636967658997,0.357605516910553,0.0003879734722431749,262144,235278,11166,29629.47275268415,6080.558570267647,221094,1058,3058,10068,0,0
P1,F2,37,test,t1,55,Pakistan_246718,PAK,1.0,0.35138342865920313,0.35138345494125156,0.7718683481216431,0.2522636950016022,0.001188076101243496,262144,235278,11166,15458.206424722413,3826.044228865583,221094,1058,3058,10068,0,0
P1,F2,37,test,calibrated,56,Pakistan_336228,PAK,1.9472980369096413,0.6669663855123349,0.6669663933872486,0.8947727680206299,0.33858224749565125,0.00027619762113317847,262144,132471,8815,19553.603840217962,5041.491078173847,124356,8115,0,0,0,0
P1,F2,37,test,t1,56,Pakistan_336228,PAK,1.0,0.3697703790360275,0.36977040351576784,0.7111908793449402,0.23463661968708038,0.0005870226304978132,262144,132471,8815,14809.834077408788,5112.360198876926,124356,8115,0,0,0,0
P1,F2,37,test,calibrated,57,Pakistan_35915,PAK,1.9472980369096413,0.3199330698111911,0.3199330746402791,0.9952977299690247,0.4651162028312683,0.000979776494204998,262144,129233,81674,42727.96195096125,12320.52126521468,66201,10731,4080,48221,0,0
P1,F2,37,test,t1,57,Pakistan_35915,PAK,1.0,0.1847141075447184,0.184714096531003,0.9824594855308533,0.43268322944641113,0.00364448269829154,262144,129233,81674,41604.28971138447,11526.607596335023,66201,10731,4080,48221,0,0
P1,F2,37,test,calibrated,58,Pakistan_366265,PAK,1.9472980369096413,0.959426165148785,0.9594261631303677,0.9502468109130859,0.3777388334274292,0.00034716815571300685,262144,127291,1313,14378.310796546537,2474.9554384004277,127284,5,2,0,0,0
P1,F2,37,test,t1,58,Pakistan_366265,PAK,1.0,0.896838163052066,0.8968381638611643,0.8331215977668762,0.2786179184913635,0.0006954877753742039,262144,127291,1313,4552.705429398238,615.772840367293,127284,5,2,0,0,0
P1,F2,37,test,calibrated,59,Pakistan_401863,PAK,1.9472980369096413,0.8496492399475969,0.8496492362317061,0.9590618014335632,0.3948107063770294,0.0005117693799547851,262144,258845,4958,38004.50224363479,7964.787317221471,252834,2687,1083,2241,0,0
P1,F2,37,test,t1,59,Pakistan_401863,PAK,1.0,0.6762348169368311,0.6762348467182276,0.8624443411827087,0.3087228834629059,0.0012129565002396703,262144,258845,4958,17755.38315728597,4127.118246608706,252834,2687,1083,2241,0,0
P1,F2,37,test,calibrated,60,Pakistan_43105,PAK,1.9472980369096413,0.9045729501985403,0.9045729561458291,0.9584634900093079,0.3961835205554962,0.0004974415642209351,261411,260942,2913,36377.89551639599,7472.103924618023,257764,2907,271,0,0,0
P1,F2,37,test,t1,60,Pakistan_43105,PAK,1.0,0.7795277098177932,0.7795277188273462,0.8621923923492432,0.31208187341690063,0.001171245239675045,261411,260942,2913,16863.95747316387,3925.3332912454234,257764,2907,271,0,0,0
P1,F2,37,test,calibrated,61,Pakistan_474121,PAK,1.9472980369096413,0.5351458057051726,0.5351458281282737,0.9841716885566711,0.43529996275901794,0.0005702916532754898,262144,180789,28792,38401.70036897661,10181.04283638046,163174,8722,1146,7747,0,0
P1,F2,37,test,t1,61,Pakistan_474121,PAK,1.0,0.33161702436194895,0.33161703266068476,0.942974328994751,0.37757793068885803,0.0017447209684178233,262144,180789,28792,27682.669321244197,8031.309086472537,163174,8722,1146,7747,0,0
P1,F2,37,test,calibrated,62,Pakistan_528249,PAK,1.9472980369096413,0.8806163356160219,0.8806163460957739,0.9887745380401611,0.44686397910118103,0.0002450536412652582,262144,76982,4169,7087.665251390186,1140.5397437427705,76824,158,0,0,0,0
P1,F2,37,test,t1,62,Pakistan_528249,PAK,1.0,0.7718365136771373,0.771836501217932,0.9591841101646423,0.3988089859485626,0.000444710545707494,262144,76982,4169,2266.3312510422834,432.72837236222364,76824,158,0,0,0,0
P1,F2,37,test,calibrated,63,Pakistan_548910,PAK,1.9472980369096413,0.9975906270612167,0.9975906270803117,0.7718138098716736,0.2360638976097107,0.0002490154292900115,262144,235696,44,24675.868892971244,4305.059648324729,232234,23,3418,21,0,0
P1,F2,37,test,t1,63,Pakistan_548910,PAK,1.0,0.9875446360623829,0.9875446366180544,0.4454730451107025,0.10361327230930328,0.0002976235409732908,262144,235696,44,12699.294963085662,2964.671448088274,232234,23,3418,21,0,0
P1,F2,37,test,calibrated,64,Pakistan_65724,PAK,1.9472980369096413,0.8897807466339579,0.8897807534778578,0.9556564092636108,0.39136049151420593,0.00032900224323384464,262144,262143,3129,32865.7092812505,6674.430074950075,259014,3129,0,0,0,0
P1,F2,37,test,t1,64,Pakistan_65724,PAK,1.0,0.7514644444183172,0.7514644388425491,0.8531839847564697,0.3037879467010498,0.0007382100448012352,262144,262143,3129,14674.556026629656,3546.6192236411057,259014,3129,0,0,0,0
P1,F2,37,test,calibrated,65,Pakistan_664885,PAK,1.9472980369096413,0.5086591931438397,0.508659194156442,0.9792936444282532,0.42539650201797485,0.0005166734335944057,262144,73010,31103,16057.35081045094,4214.387045434525,66322,4305,472,1911,0,0
P1,F2,37,test,t1,65,Pakistan_664885,PAK,1.0,0.3007659523509658,0.30076596318784865,0.9263606071472168,0.35991576313972473,0.001519442885182798,262144,73010,31103,11852.734726117218,3636.0596843677695,66322,4305,472,1911,0,0
P1,F2,37,test,calibrated,66,Pakistan_667363,PAK,1.9472980369096413,0.7146426995469694,0.7146426964008513,0.9848119616508484,0.4383796751499176,0.00031320631387643516,262144,162484,11261,31708.469182533703,8411.504244123405,151401,9864,766,453,0,0
P1,F2,37,test,t1,66,Pakistan_667363,PAK,1.0,0.5232283335840215,0.5232283334951586,0.945503830909729,0.3835294544696808,0.0007174194906838238,262144,162484,11261,22019.990294365918,6914.015373554644,151401,9864,766,453,0,0
P1,F2,37,test,calibrated,67,Pakistan_694942,PAK,1.9472980369096413,0.2949437180314315,0.29494372040170225,0.9936780333518982,0.4594135880470276,0.0009046863997355103,262144,191444,92251,89344.21849453815,30122.597208474624,125522,47441,771,17710,0,0
P1,F2,37,test,t1,67,Pakistan_694942,PAK,1.0,0.16397628197882286,0.16397623444841558,0.9765390157699585,0.4219084084033966,0.003141875844448805,262144,191444,92251,102704.91813145485,34095.584675923834,125522,47441,771,17710,0,0
P1,F2,37,test,calibrated,68,Pakistan_70625,PAK,1.9472980369096413,0.5680823883924595,0.5680823994048301,0.9888025522232056,0.4462414085865021,0.0005227192305028439,262144,262144,24954,62026.83086058804,17972.726088201853,233573,23904,3617,1050,0,0
P1,F2,37,test,t1,68,Pakistan_70625,PAK,1.0,0.37274877129164485,0.3727488034765072,0.9591492414474487,0.3975205421447754,0.0015896118711680174,262144,262144,24954,52508.25541978058,17510.460848995383,233573,23904,3617,1050,0,0
P1,F2,37,test,calibrated,69,Pakistan_712873,PAK,1.9472980369096413,0.9095695548277665,0.909569550749186,0.7598074078559875,0.2343755066394806,0.0002569488133303821,262144,119557,1572,10939.479793813025,1847.4714637616974,117602,639,788,528,0,0
P1,F2,37,test,t1,69,Pakistan_712873,PAK,1.0,0.6536448034749963,0.6536448096763534,0.4365476965904236,0.10835200548171997,0.00044945755507797003,262144,119557,1572,6003.487566720509,1215.0906437883345,117602,639,788,528,0,0
P1,F2,37,test,calibrated,70,Pakistan_740461,PAK,1.9472980369096413,0.29794612518203323,0.29794608233612296,0.9896817207336426,0.44817396998405457,0.001285726553760469,262144,211456,79656,109331.23930992109,39363.7676358063,143778,67678,0,0,0,0
P1,F2,37,test,t1,70,Pakistan_740461,PAK,1.0,0.1601089095420053,0.1601088726783616,0.9622122049331665,0.4010161757469177,0.00574582489207387,262144,211456,79656,145453.77301588174,49562.32621499043,143778,67678,0,0,0,0
P1,F2,37,test,calibrated,71,Pakistan_760290,PAK,1.9472980369096413,0.899192431583297,0.8991924325369514,0.9439242482185364,0.37735190987586975,0.0005114496452733874,262144,233498,3136,31593.923102759654,6099.177448649352,230724,2774,0,0,0,0
P1,F2,37,test,t1,71,Pakistan_760290,PAK,1.0,0.7561300422368276,0.7561300371107769,0.8193975687026978,0.2821275591850281,0.0011528214672580361,262144,233498,3136,12856.33524806855,2840.6802696207124,230724,2774,0,0,0,0
P1,F2,37,test,calibrated,72,Pakistan_849790,PAK,1.9472980369096413,0.6697740193680841,0.6697740556407396,0.9851754903793335,0.436919242143631,0.0004955888143740594,262144,257239,16375,361366.0639834857,115630.03446319401,84886,445,156229,15679,0,0
P1,F2,37,test,t1,72,Pakistan_849790,PAK,1.0,0.4782674805808633,0.47826747173466144,0.9463672041893005,0.38037633895874023,0.0014765665400773287,262144,257239,16375,635937.4527457152,136167.40795770963,84886,445,156229,15679,0,0
P1,F2,37,test,calibrated,73,Pakistan_909806,PAK,1.9472980369096413,0.9296628839165167,0.9296628856234441,0.6810814142227173,0.19741469621658325,0.00022486977104563266,262144,116287,955,8462.715276549445,1263.8623096524157,114745,128,1101,313,0,0
P1,F2,37,test,t1,73,Pakistan_909806,PAK,1.0,0.6718780393670447,0.6718780281888594,0.34443399310112,0.08211976289749146,0.0003624392265919596,262144,116287,955,4731.190898154762,1073.2974140266417,114745,128,1101,313,0,0
P1,F2,37,test,calibrated,74,Pakistan_94095,PAK,1.9472980369096413,0.1793454423596722,0.17934545237630117,0.9871742725372314,0.4423687756061554,0.0010848806705325842,262144,180570,144687,86988.76415060199,28915.97189837908,89284,37720,5961,47605,0,0
P1,F2,37,test,t1,74,Pakistan_94095,PAK,1.0,0.08240320414973668,0.0824032439019241,0.9534438252449036,0.3904520273208618,0.0047735124826431274,262144,180570,144687,110657.98590892655,33428.287300507895,89284,37720,5961,47605,0,0
P1,F2,37,test,calibrated,75,Pakistan_9684,PAK,1.9472980369096413,0.9830426459654744,0.9830426463515824,0.7885615229606628,0.24665264785289764,0.00022694819199386984,262144,113550,321,9843.586406816758,1460.8187725924445,112342,12,955,241,0,0
P1,F2,37,test,t1,75,Pakistan_9684,PAK,1.0,0.920390353727134,0.9203903470227002,0.473147451877594,0.11439920216798782,0.0003202927182428539,262144,113550,321,3436.170473989966,794.0089177052206,112342,12,955,241,0,0
P1,F2,37,test,calibrated,76,USA_1010394,USA,1.9472980369096413,0.7650591494045258,0.7650591779864225,0.9384546279907227,0.3734317719936371,0.0007904507219791412,262144,262131,7333,35461.01366690083,7243.996282652876,254328,6322,470,1011,0,0
P1,F2,37,test,t1,76,USA_1010394,USA,1.0,0.5119471640770827,0.5119471707626558,0.8066641092300415,0.277697890996933,0.002207460580393672,262144,262131,7333,17581.178392318296,4756.483321654978,254328,6322,470,1011,0,0
P1,F2,37,test,calibrated,77,USA_1039203,USA,1.9472980369096413,0.7173895913127152,0.7173895792897473,0.9139899611473083,0.350858598947525,0.0006954947020858526,262144,262112,8196,32284.02641378336,6514.094352383012,253614,6887,302,1309,0,0
P1,F2,37,test,t1,77,USA_1039203,USA,1.0,0.43017543584401474,0.4301754703935159,0.747042179107666,0.24707716703414917,0.0019914971198886633,262144,262112,8196,16263.723583789482,4722.489506580753,253614,6887,302,1309,0,0
P1,F2,37,test,calibrated,78,USA_1049586,USA,1.9472980369096413,0.8783818125102292,0.878381814296508,0.7198695540428162,0.2165396809577942,0.0003861933946609497,262144,262061,1911,20852.006352210818,2736.3965974613293,259355,584,795,1327,0,0
P1,F2,37,test,t1,78,USA_1049586,USA,1.0,0.5521593173449773,0.5521593413137019,0.3907809853553772,0.0973362922668457,0.0007568088476546109,262144,262061,1911,6022.7508376858705,1241.7219765359166,259355,584,795,1327,0,0
P1,F2,37,test,calibrated,79,USA_1068362,USA,1.9472980369096413,0.387390872284333,0.387390812971674,0.9912433624267578,0.4522515535354614,0.0016893420834094286,262144,262124,51957,80520.27385534304,23671.155783831833,204189,26753,5978,25204,0,0
P1,F2,37,test,t1,79,USA_1068362,USA,1.0,0.22144779284614524,0.22144781031781224,0.9677738547325134,0.4085466265678406,0.006959324236959219,262144,262124,51957,75390.26489463016,23016.76223009309,204189,26753,5978,25204,0,0
P1,F2,37,test,calibrated,80,USA_1082482,USA,1.9472980369096413,0.8676200966170734,0.8676201114597316,0.7988165616989136,0.266211599111557,0.00042357007623650134,262144,262130,2425,24231.381116341887,3932.0831833421153,258539,1385,1166,1040,0,0
P1,F2,37,test,t1,80,USA_1082482,USA,1.0,0.5960331808592108,0.5960331646806543,0.520126223564148,0.14843660593032837,0.0009822484571486712,262144,262130,2425,10108.425485340274,2291.6419377289776,258539,1385,1166,1040,0,0
P1,F2,37,test,calibrated,81,USA_11422,USA,1.9472980369096413,0.2896953363065575,0.28969532501009543,0.9677419662475586,0.4079940915107727,0.0010047549149021506,262144,262142,60426,68817.81417423714,19867.66552944472,200467,25655,1249,34771,0,0
P1,F2,37,test,t1,81,USA_11422,USA,1.0,0.12847807302138237,0.12847810875818266,0.8895781636238098,0.33075961470603943,0.003981519490480423,262144,262142,60426,66656.00451479474,20477.498582415483,200467,25655,1249,34771,0,0
P1,F2,37,test,calibrated,82,USA_114964,USA,1.9472980369096413,0.8283171952753423,0.8283171900362026,0.863838791847229,0.30968737602233887,0.0004719342978205532,262144,262125,3965,26655.941397387905,4668.444107630751,257994,3777,166,188,0,0
P1,F2,37,test,t1,82,USA_114964,USA,1.0,0.5623863283952741,0.5623863245286242,0.6370680332183838,0.19516073167324066,0.0011516072554513812,262144,262125,3965,10722.153714173886,2771.022021260943,257994,3777,166,188,0,0
P1,F2,37,test,calibrated,83,USA_115033,USA,1.9472980369096413,0.8590858625280492,0.8590858582393283,0.8032111525535583,0.2676502764225006,0.0005496224039234221,262144,262109,2571,24588.227023645202,3887.9863052349683,258540,1210,998,1361,0,0
P1,F2,37,test,t1,83,USA_115033,USA,1.0,0.5732019661664747,0.5732019686020551,0.5253129005432129,0.14841213822364807,0.0013163535622879863,262144,262109,2571,9834.03744087659,2108.1057373301073,258540,1210,998,1361,0,0
P1,F2,37,test,calibrated,84,USA_170264,USA,1.9472980369096413,0.3695076508263979,0.3695076102424264,0.9509421586990356,0.3860025107860565,0.0009538647718727589,262144,261982,39002,49779.6592528554,12046.190399462157,214690,3757,8295,35240,0,0
P1,F2,37,test,t1,84,USA_170264,USA,1.0,0.16397774252716357,0.16397774883134775,0.8395560383796692,0.29562607407569885,0.00373938400298357,262144,261982,39002,36228.95390521516,9629.06550116474,214690,3757,8295,35240,0,0
P1,F2,37,test,calibrated,85,USA_179917,USA,1.9472980369096413,0.9542867113173551,0.9542867084130306,0.6463097929954529,0.17698855698108673,0.0002897394588217139,262144,262094,603,17534.07649179888,1739.2433918620195,261374,209,117,394,0,0
P1,F2,37,test,t1,85,USA_179917,USA,1.0,0.7359448286701192,0.735944822835642,0.28909802436828613,0.06282425671815872,0.0004348646616563201,262144,262094,603,3039.287078794514,399.9007137385695,261374,209,117,394,0,0
P1,F2,37,test,calibrated,86,USA_181263,USA,1.9472980369096413,0.6979942494136016,0.6979942392416332,0.9884850978851318,0.44520288705825806,0.001012614113278687,207502,207499,13440,50106.04490578053,12736.869589208789,193875,12559,184,881,0,0
P1,F2,37,test,t1,86,USA_181263,USA,1.0,0.4966828932351274,0.4966829035328493,0.9579998850822449,0.3955693244934082,0.0034466059878468513,207502,207499,13440,32283.203884581657,9419.889152374899,193875,12559,184,881,0,0
P1,F2,37,test,calibrated,87,USA_181503,USA,1.9472980369096413,0.5015120248472817,0.5015120382665056,0.9908896088600159,0.4514387547969818,0.0014748203102499247,262144,262115,35211,73926.99940420897,22015.67403582303,226740,34181,165,1029,0,0
P1,F2,37,test,t1,87,USA_181503,USA,1.0,0.309922613654781,0.30992263668918374,0.9665182828903198,0.4070602357387543,0.005342832300812006,262144,262115,35211,66686.23553892868,22361.20849748504,226740,34181,165,1029,0,0
P1,F2,37,test,calibrated,88,USA_19225,USA,1.9472980369096413,0.7821462521277405,0.782146242825043,0.8735073804855347,0.31609466671943665,0.0006981773185543716,262144,262122,5077,28195.871066055865,5128.13350732054,256771,3960,274,1117,0,0
P1,F2,37,test,t1,88,USA_19225,USA,1.0,0.4879894671052629,0.4879894415396252,0.6550784707069397,0.20191945135593414,0.002040381310507655,262144,262122,5077,12404.669716779728,3241.914295534786,256771,3960,274,1117,0,0
P1,F2,37,test,calibrated,89,USA_198411,USA,1.9472980369096413,0.48617178863947874,0.4861717968914442,0.9656752943992615,0.40589430928230286,0.0009927264181897044,87651,84222,10534,19640.52811859431,4655.8803263676655,72680,2805,2037,6700,0,0
P1,F2,37,test,t1,89,USA_198411,USA,1.0,0.2401861286353021,0.24018608042608558,0.8836948275566101,0.32771041989326477,0.003589344909414649,87651,84222,10534,14012.957457230723,3582.2090209331204,72680,2805,2037,6700,0,0
P1,F2,37,test,calibrated,90,USA_211406,USA,1.9472980369096413,0.7251678448124952,0.7251678522768525,0.9382823705673218,0.3754705786705017,0.0005667618825100362,262144,262101,8482,33532.607903546734,7057.205057217838,253368,7603,251,879,0,0
P1,F2,37,test,t1,90,USA_211406,USA,1.0,0.46685302946422225,0.4668530246035487,0.8085123896598816,0.2822086215019226,0.0015720746014267206,262144,262101,8482,17414.139697911294,5058.824803496286,253368,7603,251,879,0,0
P1,F2,37,test,calibrated,91,USA_217598,USA,1.9472980369096413,0.3168699002518105,0.31686990422437744,0.9940037727355957,0.4604968726634979,0.0016429874813184142,257309,257297,78019,101173.6854851728,32141.70817352747,171087,40959,8192,37059,0,0
P1,F2,37,test,t1,91,USA_217598,USA,1.0,0.18438222299301366,0.18438229090719216,0.9777239561080933,0.42394760251045227,0.006814178545027971,257309,257297,78019,105011.49837010234,33952.04620770863,171087,40959,8192,37059,0,0
P1,F2,37,test,calibrated,92,USA_224165,USA,1.9472980369096413,0.9754228071172472,0.9754228076155457,0.7331750988960266,0.21582013368606567,0.00024346940335817635,262144,262126,405,21216.02769092814,2471.7540751365987,261670,295,51,110,0,0
P1,F2,37,test,t1,92,USA_224165,USA,1.0,0.8688369674224322,0.868836970476994,0.38742634654045105,0.08757249265909195,0.000341036677127704,262144,262126,405,4223.486616005755,493.8023152723875,261670,295,51,110,0,0
P1,F2,37,test,calibrated,93,USA_225017,USA,1.9472980369096413,0.5296393893476732,0.5296393563635341,0.9280186295509338,0.3608531951904297,0.0007634059875272214,262144,262138,17385,36963.5698058087,7785.032694850663,241748,3610,3005,13775,0,0
P1,F2,37,test,t1,93,USA_225017,USA,1.0,0.25779176943629,0.2577917501156691,0.7773270010948181,0.25826600193977356,0.0026710189413279295,262144,262138,17385,20192.420323522278,5257.097885930563,241748,3610,3005,13775,0,0
P1,F2,37,test,calibrated,94,USA_231124,USA,1.9472980369096413,0.8550671456329132,0.8550671430062823,0.8912906646728516,0.3275156617164612,0.0006831501377746463,133432,129409,2306,25049.100997752932,5406.850992537953,124575,995,3365,474,0,0
P1,F2,37,test,t1,94,USA_231124,USA,1.0,0.6030258842254579,0.6030258433420193,0.688616931438446,0.21345216035842896,0.002191441599279642,133432,129409,2306,19507.379783311313,4107.789890997112,124575,995,3365,474,0,0
P1,F2,37,test,calibrated,95,USA_232060,USA,1.9472980369096413,0.8339882189498671,0.8339882054578914,0.9236942529678345,0.3570992648601532,0.0006701209349557757,262144,262127,4606,33488.478887605415,6486.972381507848,256779,3635,742,971,0,0
P1,F2,37,test,t1,95,USA_232060,USA,1.0,0.610717559995434,0.6107175585848132,0.7665576934814453,0.25332456827163696,0.0017961241537705064,262144,262127,4606,15118.482638415764,3639.5838372795,256779,3635,742,971,0,0
P1,F2,37,test,calibrated,96,USA_251323,USA,1.9472980369096413,0.8489578634480333,0.8489578573862067,0.8309406042098999,0.2864321768283844,0.00041435504681430757,261626,261038,3246,25299.05629534021,4136.643343074677,257543,2800,341,354,0,0
P1,F2,37,test,t1,96,USA_251323,USA,1.0,0.5776919710872849,0.5776919791737545,0.5730210542678833,0.16901297867298126,0.0009977646404877305,261626,261038,3246,9365.014936149828,2291.479028051982,257543,2800,341,354,0,0
P1,F2,37,test,calibrated,97,USA_260929,USA,1.9472980369096413,0.7784026383768499,0.7784026190364193,0.8650003671646118,0.3112819194793701,0.000612693082075566,262144,262134,5224,29744.89272835418,5836.769534736977,254250,2864,2660,2360,0,0
P1,F2,37,test,t1,97,USA_260929,USA,1.0,0.48204435183353034,0.4820443326886986,0.6410157084465027,0.19773930311203003,0.0019350242801010609,262144,262134,5224,16683.724932269954,4278.597013578994,254250,2864,2660,2360,0,0
P1,F2,37,test,calibrated,98,USA_275372,USA,1.9472980369096413,0.7918909391782263,0.7918909443306421,0.8497419357299805,0.30528637766838074,0.0006068941438570619,262144,262138,4729,29262.432854622755,5539.651130212498,255720,3696,1689,1033,0,0
P1,F2,37,test,t1,98,USA_275372,USA,1.0,0.5008199655640853,0.5008199778865794,0.6206429600715637,0.1957540512084961,0.0016863319324329495,262144,262138,4729,16982.82261466897,4050.5105432935334,255720,3696,1689,1033,0,0
P1,F2,37,test,calibrated,99,USA_308150,USA,1.9472980369096413,0.6303237332457152,0.6303237167889113,0.9739179015159607,0.4190923869609833,0.0012367941671982408,262144,262027,14982,42637.36028431561,10205.974008254665,246573,12547,479,2428,0,0
P1,F2,37,test,t1,99,USA_308150,USA,1.0,0.3923517536440633,0.3923517780243079,0.909775972366333,0.35005754232406616,0.004241556394845247,262144,262027,14982,27196.283405289214,8393.905335822088,246573,12547,479,2428,0,0
P1,F2,37,test,calibrated,100,USA_347609,USA,1.9472980369096413,0.5367793670899623,0.5367793543210138,0.9925932288169861,0.45605286955833435,0.0009643053635954857,209488,204416,27523,59747.23080763439,17361.18966029484,177775,24999,411,1231,0,0
P1,F2,37,test,t1,100,USA_347609,USA,1.0,0.3456875878787956,0.34568763927843105,0.9726142287254333,0.4156125783920288,0.0034081912599503994,209488,204416,27523,50046.446461160565,16550.86727973879,177775,24999,411,1231,0,0
P1,F2,37,test,calibrated,101,USA_348639,USA,1.9472980369096413,0.43371783986221824,0.43371782969424,0.9658535718917847,0.40572109818458557,0.0011273418786004186,262144,262118,31734,55309.46213430946,13764.847606722971,225372,9592,5012,22142,0,0
P1,F2,37,test,t1,101,USA_348639,USA,1.0,0.21407843886963485,0.21407842297881663,0.8840455412864685,0.32723695039749146,0.004192488733679056,262144,262118,31734,42669.51158170063,11388.280382534122,225372,9592,5012,22142,0,0
P1,F2,37,test,calibrated,102,USA_350244,USA,1.9472980369096413,0.8137757108969312,0.8137757208439143,0.8831454515457153,0.3255208432674408,0.0006643054657615721,262144,262120,4616,29177.94280496023,5418.02301194346,256788,4047,716,569,0,0
P1,F2,37,test,t1,102,USA_350244,USA,1.0,0.550000035623328,0.5500000437389678,0.6785233020782471,0.21513961255550385,0.001710451440885663,262144,262120,4616,13352.346423529647,3449.6848658236327,256788,4047,716,569,0,0
P1,F2,37,test,calibrated,103,USA_354981,USA,1.9472980369096413,0.7671411730764786,0.7671411588207551,0.9246748685836792,0.3594648540019989,0.0010796596761792898,262144,262011,6493,33410.78349060957,6767.449924568216,254993,5294,525,1199,0,0
P1,F2,37,test,t1,103,USA_354981,USA,1.0,0.5041323326164959,0.5041323085482865,0.7709293961524963,0.257723867893219,0.0034251895267516375,262144,262011,6493,16991.024004692026,4526.4397630351705,254993,5294,525,1199,0,0
P1,F2,37,test,calibrated,104,USA_366607,USA,1.9472980369096413,0.2965116008593698,0.2965116112450855,0.982970654964447,0.43329837918281555,0.0010572642786428332,262144,262139,64612,62082.61381875361,16189.659073346946,195551,17263,1976,47349,0,0
P1,F2,37,test,t1,104,USA_366607,USA,1.0,0.14696418803016853,0.14696416879743635,0.9389708638191223,0.3741222620010376,0.0041445521637797356,262144,262139,64612,44713.11282482077,13557.339575158014,195551,17263,1976,47349,0,0
P1,F2,37,test,calibrated,105,USA_375183,USA,1.9472980369096413,0.729056734590839,0.7290567401084147,0.9157295823097229,0.35102927684783936,0.0008999723359011114,262144,262065,7248,37513.58742092534,7884.337498393793,251933,3614,2886,3632,0,0
P1,F2,37,test,t1,105,USA_375183,USA,1.0,0.4446333587513218,0.4446333422583184,0.749038815498352,0.24614764750003815,0.0027673128060996532,262144,262065,7248,25773.68349664571,5721.734845701498,251933,3614,2886,3632,0,0
P1,F2,37,test,calibrated,106,USA_387945,USA,1.9472980369096413,0.6970494820514899,0.6970494868064374,0.852450430393219,0.29722410440444946,0.0005641802563332021,262144,262139,7249,36159.449031384844,8538.422384886502,246401,2285,8489,4964,0,0
P1,F2,37,test,t1,106,USA_387945,USA,1.0,0.35688050684035133,0.3568805253757912,0.6073588728904724,0.17669007182121277,0.0018728016875684261,262144,262139,7249,28995.833981597018,8369.8894295776,246401,2285,8489,4964,0,0
P1,F2,37,test,calibrated,107,USA_430764,USA,1.9472980369096413,0.6948751912898167,0.6948752010132506,0.8915597796440125,0.32870322465896606,0.0005904845893383026,262144,262137,8385,38734.4151461071,9112.376235069441,244859,1839,8893,6546,0,0
P1,F2,37,test,t1,107,USA_430764,USA,1.0,0.38390439691271927,0.3839043475940571,0.691037654876709,0.21583396196365356,0.0018633274594321847,262144,262137,8385,29776.185795092024,8326.950163729565,244859,1839,8893,6546,0,0
P1,F2,37,test,calibrated,108,USA_438959,USA,1.9472980369096413,0.46101031396867964,0.4610103150619772,0.9964420795440674,0.4695839285850525,0.0016643124399706721,253924,253900,53480,100493.13148406794,31438.0545414478,200358,47239,63,6240,0,0
P1,F2,37,test,t1,108,USA_438959,USA,1.0,0.30146712043178225,0.30146716641711047,0.9866734147071838,0.44117364287376404,0.0061674052849411964,253924,253900,53480,94761.80651446583,31341.574102041166,200358,47239,63,6240,0,0
P1,F2,37,test,calibrated,109,USA_486103,USA,1.9472980369096413,0.5448011549699487,0.5448011684661371,0.991334855556488,0.4526163339614868,0.0015856168465688825,262144,262060,28870,76829.10239923847,22421.33944924228,228277,26541,4913,2329,0,0
P1,F2,37,test,t1,109,USA_486103,USA,1.0,0.3531876227627436,0.35318768004270296,0.9681052565574646,0.40923693776130676,0.005777646321803331,262144,262060,28870,75514.56164334744,21902.855503965875,228277,26541,4913,2329,0,0
P1,F2,37,test,calibrated,110,USA_504150,USA,1.9472980369096413,0.852215038036858,0.8522150258988093,0.7913744449615479,0.2532402575016022,0.0004820972681045532,262144,262126,2909,24712.619714260727,3573.6403841226975,258264,600,953,2309,0,0
P1,F2,37,test,t1,110,USA_504150,USA,1.0,0.5324164875130541,0.5324164374771019,0.4887336492538452,0.12635256350040436,0.0010334079852327704,262144,262126,2909,7786.285666810209,1479.8895081670012,258264,600,953,2309,0,0
P1,F2,37,test,calibrated,111,USA_519181,USA,1.9472980369096413,0.8425974770001394,0.842597464432308,0.8519302010536194,0.2980669438838959,0.0006018761196173728,262144,262127,3521,27213.733911077816,4527.628691464613,257910,2065,696,1456,0,0
P1,F2,37,test,t1,111,USA_519181,USA,1.0,0.5707693125664004,0.5707693189917922,0.6076670289039612,0.1788894683122635,0.0014987337635830045,262144,262127,3521,10214.251561149953,2277.990176084436,257910,2065,696,1456,0,0
P1,F2,37,test,calibrated,112,USA_527077,USA,1.9472980369096413,0.8679427585189032,0.8679427666040908,0.8841916918754578,0.32208988070487976,0.0007285774918273091,262144,262127,3144,29483.821105285635,5000.65679281833,258466,2015,517,1129,0,0
P1,F2,37,test,t1,112,USA_527077,USA,1.0,0.6377119339535962,0.637711941160453,0.6739044785499573,0.20699632167816162,0.0018209732370451093,262144,262127,3144,10751.955122500845,2364.719166360359,258466,2015,517,1129,0,0
P1,F2,37,test,calibrated,113,USA_58086,USA,1.9472980369096413,0.40755237523955734,0.4075523413348511,0.9950044751167297,0.4639395773410797,0.0016246708109974861,262144,262112,59977,101752.80521142638,31208.46973480245,201912,44306,225,15669,0,0
P1,F2,37,test,t1,113,USA_58086,USA,1.0,0.2527941118251996,0.25279414677101253,0.9813793301582336,0.4304451644420624,0.00618555024266243,262144,262112,59977,98717.12779776443,30715.038239373018,201912,44306,225,15669,0,0
P1,F2,37,test,calibrated,114,USA_595451,USA,1.9472980369096413,0.29714937894632665,0.2971493799542987,0.9671958684921265,0.4079381823539734,0.0010193204507231712,262144,262136,54131,100134.81338943937,30915.635654372956,204781,36824,3224,17307,0,0
P1,F2,37,test,t1,114,USA_595451,USA,1.0,0.1313108540297543,0.13131083396580767,0.8883119225502014,0.33101508021354675,0.0044208699837327,262144,262136,54131,129906.0160820029,33868.89150470321,204781,36824,3224,17307,0,0
P1,F2,37,test,calibrated,115,USA_604222,USA,1.9472980369096413,0.7003744818860762,0.7003744651798618,0.9425187706947327,0.37633636593818665,0.0006936986465007067,262144,262123,10008,45786.997911750295,10644.05257939481,248763,6719,3352,3289,0,0
P1,F2,37,test,t1,115,USA_604222,USA,1.0,0.43383114838881964,0.43383112011961356,0.8158579468727112,0.28094008564949036,0.0020641323644667864,262144,262123,10008,34975.8550690478,8352.644671413607,248763,6719,3352,3289,0,0
P1,F2,37,test,calibrated,116,USA_605492,USA,1.9472980369096413,0.5168198388018479,0.5168198428473769,0.9102493524551392,0.3444189429283142,0.0007910975837148726,262144,262125,17594,50846.632279347425,13791.872912003166,242721,16373,1810,1221,0,0
P1,F2,37,test,t1,116,USA_605492,USA,1.0,0.23394870013562663,0.23394870268364032,0.7336367964744568,0.2359297126531601,0.0028814193792641163,262144,262125,17594,49760.34619331963,14574.490482900108,242721,16373,1810,1221,0,0
P1,F2,37,test,calibrated,117,USA_638521,USA,1.9472980369096413,0.5477611513268323,0.547761144757513,0.9799796938896179,0.4284254014492035,0.0013048710534349084,262144,262141,23080,59108.81110717747,16323.50205191694,236100,20877,2961,2203,0,0
P1,F2,37,test,t1,117,USA_638521,USA,1.0,0.32143203860815206,0.3214321061373824,0.9291113018989563,0.3657638728618622,0.004651388619095087,262144,262141,23080,52791.353735158686,16166.06264105792,236100,20877,2961,2203,0,0
P1,F2,37,test,calibrated,118,USA_646878,USA,1.9472980369096413,0.8641008401486681,0.864100838997406,0.8732550740242004,0.31099560856819153,0.0008497820235788822,254040,252297,2997,28279.481648780362,5000.860550386191,248189,1684,1408,1016,0,0
P1,F2,37,test,t1,118,USA_646878,USA,1.0,0.6216550671178764,0.6216550644897542,0.6466047763824463,0.19113919138908386,0.002457959111779928,254040,252297,2997,12377.794383601788,2739.7355979518934,248189,1684,1408,1016,0,0
P1,F2,37,test,calibrated,119,USA_652955,USA,1.9472980369096413,0.6522087250534395,0.6522087181505511,0.9111040234565735,0.3438709080219269,0.0005251961993053555,262144,262141,10410,36115.9380728519,7808.161047973216,249038,4576,2693,5834,0,0
P1,F2,37,test,t1,119,USA_652955,USA,1.0,0.3548180975842321,0.35481811104079064,0.7339460253715515,0.23411822319030762,0.001690403907559812,262144,262141,10410,21814.559340664055,5815.759201817893,249038,4576,2693,5834,0,0
P1,F2,37,test,calibrated,120,USA_655230,USA,1.9472980369096413,0.8085113640004393,0.808511363387134,0.875950813293457,0.32410410046577454,0.00047389825340360403,262144,262129,4486,27015.605549868575,4922.9994125803,257164,3820,479,666,0,0
P1,F2,37,test,t1,120,USA_655230,USA,1.0,0.5469854398859018,0.546985445274937,0.6710711717605591,0.21729888021945953,0.0011996813118457794,262144,262129,4486,11803.557908336441,3140.269328012708,257164,3820,479,666,0,0
P1,F2,37,test,calibrated,121,USA_66026,USA,1.9472980369096413,0.7925590701982796,0.7925590748616607,0.8837298154830933,0.327853798866272,0.0005055696237832308,262144,262141,5173,28299.35296830011,5187.892273530952,256716,4438,252,735,0,0
P1,F2,37,test,t1,121,USA_66026,USA,1.0,0.5204713206902118,0.520471305473159,0.6829401850700378,0.21972496807575226,0.0013682584976777434,262144,262141,5173,12123.406808583435,3243.629610838626,256716,4438,252,735,0,0
P1,F2,37,test,calibrated,122,USA_664261,USA,1.9472980369096413,0.7023692798322565,0.702369264554362,0.8757863640785217,0.3183041512966156,0.0006215191096998751,262095,262087,7682,30039.520136453568,5524.835650381993,253628,3644,777,4038,0,0
P1,F2,37,test,t1,122,USA_664261,USA,1.0,0.3811316855792545,0.3811316745655936,0.6604052186012268,0.20500968396663666,0.0018877919064834714,262095,262087,7682,13653.478062401657,3512.7211850702583,253628,3644,777,4038,0,0
P1,F2,37,test,calibrated,123,USA_66511,USA,1.9472980369096413,0.9518138223258215,0.951813821459096,0.7106547355651855,0.20751339197158813,0.00032053072936832905,262144,262136,785,24333.451426212625,3881.6088054422285,258881,528,2470,257,0,0
P1,F2,37,test,t1,123,USA_66511,USA,1.0,0.7651820024806422,0.7651819968353656,0.3640366196632385,0.0851847305893898,0.0005721321795135736,262144,262136,785,12151.623889456612,2647.301918348977,258881,528,2470,257,0,0
P1,F2,37,test,calibrated,124,USA_670826,USA,1.9472980369096413,0.8594363581984572,0.8594363413553168,0.8128294348716736,0.2716069221496582,0.00040304005960933864,262144,262132,2827,30689.113948601836,5760.146800312856,256743,2379,2562,448,0,0
P1,F2,37,test,t1,124,USA_670826,USA,1.0,0.5809240305709839,0.5809240424515131,0.5353209972381592,0.15027011930942535,0.0009584443178027868,262144,262132,2827,21076.985630638166,4197.591453920708,256743,2379,2562,448,0,0
P1,F2,37,test,calibrated,125,USA_67102,USA,1.9472980369096413,0.5818936940913693,0.5818937013162597,0.9301592111587524,0.3651867210865021,0.0006084705237299204,262144,262091,13848,33664.83005640443,6802.074922165342,247631,4969,612,8879,0,0
P1,F2,37,test,t1,125,USA_67102,USA,1.0,0.3032312328032678,0.30323115015554003,0.7851670980453491,0.2660177946090698,0.0018683539237827063,262144,262091,13848,16396.621498859775,4326.375725131897,247631,4969,612,8879,0,0
P1,F2,37,test,calibrated,126,USA_693819,USA,1.9472980369096413,0.7433400169838655,0.743340036269958,0.9545171856880188,0.3923531174659729,0.0008749456610530615,262144,262104,8133,36256.17482752122,7885.005728095523,252918,6732,1053,1401,0,0
P1,F2,37,test,t1,126,USA_693819,USA,1.0,0.5054717330858114,0.5054717116205565,0.8513786196708679,0.30665838718414307,0.002668722067028284,262144,262104,8133,20202.38261086441,5586.915709307672,252918,6732,1053,1401,0,0
P1,F2,37,test,calibrated,127,USA_741073,USA,1.9472980369096413,0.35522984417884074,0.35522982873867326,0.9958717226982117,0.4671900272369385,0.001937176799401641,262144,262115,83617,139880.25129859144,48252.67324396958,178307,80433,191,3184,0,0
P1,F2,37,test,t1,127,USA_741073,USA,1.0,0.21602172510223883,0.216021756617362,0.9845655560493469,0.4366101324558258,0.0076897284016013145,262144,262115,83617,167061.0736608006,56005.68750625735,178307,80433,191,3184,0,0
P1,F2,37,test,calibrated,128,USA_741178,USA,1.9472980369096413,0.8379459649152422,0.8379459591001565,0.8949755430221558,0.3337028920650482,0.0006157819298096001,262144,262117,3981,29646.987134073766,5491.203498795192,257413,3258,723,723,0,0
P1,F2,37,test,t1,128,USA_741178,USA,1.0,0.5985062988903849,0.5985063002159223,0.7021694779396057,0.2240935117006302,0.0015790733741596341,262144,262117,3981,13712.678256305117,3261.6641564348524,257413,3258,723,723,0,0
P1,F2,37,test,calibrated,129,USA_758178,USA,1.9472980369096413,0.7702675957594023,0.770267600842508,0.9221236109733582,0.35796844959259033,0.0006302436231635511,262144,262133,6407,33235.30108225684,6772.771311364131,254876,5640,850,767,0,0
P1,F2,37,test,t1,129,USA_758178,USA,1.0,0.511849168391632,0.5118491003189088,0.7657990455627441,0.25638511776924133,0.0017544333823025227,262144,262133,6407,18242.19236861245,4676.108281886453,254876,5640,850,767,0,0
P1,F2,37,test,calibrated,130,USA_761032,USA,1.9472980369096413,0.5834622608774751,0.5834622488811265,0.9537286162376404,0.39181286096572876,0.0008767201798036695,262144,262125,15037,48015.42435366036,12304.01179684133,240697,9311,6391,5726,0,0
P1,F2,37,test,t1,130,USA_761032,USA,1.0,0.32638645472777295,0.32638645067096983,0.8495233058929443,0.30607327818870544,0.003182552056387067,262144,262125,15037,43502.305844783434,11596.706245976446,240697,9311,6391,5726,0,0
P1,F2,37,test,calibrated,131,USA_770353,USA,1.9472980369096413,0.383194829037276,0.38319483120720266,0.9781513810157776,0.424611896276474,0.0010374450357630849,262144,262141,42359,56892.69584947877,15047.560310833835,214572,13142,5210,29217,0,0
P1,F2,37,test,t1,131,USA_770353,USA,1.0,0.19667180361062386,0.19667175873203513,0.9229082465171814,0.3589468002319336,0.0041841003112494946,262144,262141,42359,42812.98375914451,13079.37667189884,214572,13142,5210,29217,0,0
P1,F2,37,test,calibrated,132,USA_778194,USA,1.9472980369096413,0.41554884998980723,0.4155488965396068,0.9933927059173584,0.45854151248931885,0.001668680226430297,262144,262070,54694,98063.39636695376,31463.39897083662,207344,50888,39,3799,0,0
P1,F2,37,test,t1,132,USA_778194,USA,1.0,0.25052923276322114,0.25052919818186514,0.9755043387413025,0.42027464509010315,0.006319754291325808,262144,262070,54694,102391.90674255564,34308.45167545043,207344,50888,39,3799,0,0
P1,F2,37,test,calibrated,133,USA_788696,USA,1.9472980369096413,0.17162602876747823,0.17162596347836534,0.9837415814399719,0.43473097681999207,0.0008501143311150372,262144,262126,123985,65647.06208110196,17348.68726696393,133898,16780,4243,107205,0,0
P1,F2,37,test,t1,133,USA_788696,USA,1.0,0.07831524923803335,0.07831523919903449,0.9415813088417053,0.3766469359397888,0.003229013876989484,262144,262126,123985,50635.54177322912,15122.701748111644,133898,16780,4243,107205,0,0
P1,F2,37,test,calibrated,134,USA_806273,USA,1.9472980369096413,0.6156994827590205,0.6156994864588804,0.9317303895950317,0.36837175488471985,0.0008201910532079637,262144,262131,12344,43753.70121444705,10747.327770950971,245987,10357,3800,1987,0,0
P1,F2,37,test,t1,134,USA_806273,USA,1.0,0.33757598134275013,0.33757593718150847,0.7912858724594116,0.2717320919036865,0.0027186109218746424,262144,262131,12344,39846.64444736359,10213.444723026489,245987,10357,3800,1987,0,0
P1,F2,37,test,calibrated,135,USA_826217,USA,1.9472980369096413,0.5447233563332468,0.5447233625597939,0.9822719097137451,0.4323820173740387,0.0011570516508072615,262144,262126,22337,49189.42943655233,12816.265370913703,239301,18327,488,4010,0,0
P1,F2,37,test,t1,135,USA_826217,USA,1.0,0.3268384203222021,0.32683838702899803,0.9367279410362244,0.37262916564941406,0.004040224477648735,262144,262126,22337,35704.68116443251,11656.512818742263,239301,18327,488,4010,0,0
P1,F2,37,test,calibrated,136,USA_831672,USA,1.9472980369096413,0.5034690516253616,0.5034690534298347,0.9790858626365662,0.4265824258327484,0.0014771841233596206,262144,262116,26151,57990.84815350568,15739.876711623543,228251,12908,7714,13243,0,0
P1,F2,37,test,t1,136,USA_831672,USA,1.0,0.284660237006492,0.28466022333585317,0.9261108636856079,0.3624838590621948,0.0058883619494736195,262144,262116,26151,50278.13281120002,14784.29337589024,228251,12908,7714,13243,0,0
P1,F2,37,test,calibrated,137,USA_84195,USA,1.9472980369096413,0.7332790589389148,0.7332790645133894,0.8573950529098511,0.3042476177215576,0.0007620396791025996,262144,262137,6646,29314.42232013995,5079.188646913453,254820,3506,671,3140,0,0
P1,F2,37,test,t1,137,USA_84195,USA,1.0,0.40253956931333623,0.40253950373711345,0.6231148838996887,0.18817919492721558,0.0021377308294177055,262144,262137,6646,12333.015882722288,3060.8896605814853,254820,3506,671,3140,0,0
P1,F2,37,test,calibrated,138,USA_86502,USA,1.9472980369096413,0.8251546878701557,0.8251546783097159,0.9934849143028259,0.4591951370239258,0.00038227796903811395,262144,262132,8401,98552.20644204936,33175.29025958706,195143,627,58588,7774,0,0
P1,F2,37,test,t1,138,USA_86502,USA,1.0,0.7126624248894338,0.7126624054874859,0.9758591055870056,0.42154255509376526,0.0009261252707801759,262144,262132,8401,119401.40023005998,38763.27115273292,195143,627,58588,7774,0,0
P1,F2,37,test,calibrated,139,USA_905409,USA,1.9472980369096413,0.2850827294145515,0.28508276199048765,0.9929640293121338,0.4571439027786255,0.0012103102635592222,262144,262099,85215,90133.95323770374,27716.276169105713,176478,41154,407,44060,0,0
P1,F2,37,test,t1,139,USA_905409,USA,1.0,0.16056039825908597,0.1605603856847989,0.973951518535614,0.41764941811561584,0.0046255746856331825,262144,262099,85215,85119.6347219303,28299.00732125913,176478,41154,407,44060,0,0
P1,F2,37,test,calibrated,140,USA_908474,USA,1.9472980369096413,0.5162612160939832,0.5162612069960982,0.990655779838562,0.45057547092437744,0.0012658366467803717,262144,262071,34015,74220.24218754025,22056.724571086997,226935,33290,1123,723,0,0
P1,F2,37,test,t1,140,USA_908474,USA,1.0,0.32323097975231396,0.3232309842755272,0.9656673669815063,0.40542832016944885,0.004093949217349291,262144,262071,34015,66409.58829444904,22212.847233663702,226935,33290,1123,723,0,0
P1,F2,37,test,calibrated,141,USA_933610,USA,1.9472980369096413,0.5342981501566982,0.5342981856273625,0.9853398203849792,0.4384221136569977,0.0012731634778901935,262144,262027,25566,55100.83938049372,14770.952504373741,236291,21913,170,3653,0,0
P1,F2,37,test,t1,141,USA_933610,USA,1.0,0.3214268854235981,0.32142683727463217,0.9471240043640137,0.38334864377975464,0.004415980540215969,262144,262027,25566,41870.06746761295,13732.15837025685,236291,21913,170,3653,0,0
P1,F2,37,test,calibrated,142,USA_955053,USA,1.9472980369096413,0.29800053333387655,0.2980005150468442,0.9857612252235413,0.43912366032600403,0.0011795039754360914,262144,262140,70099,101747.32733722555,31939.474034052306,186096,40206,5945,29893,0,0
P1,F2,37,test,t1,142,USA_955053,USA,1.0,0.1499553517346982,0.149955397550813,0.9485346674919128,0.38456130027770996,0.0049659437499940395,262144,262140,70099,119658.74863640027,34841.247946592266,186096,40206,5945,29893,0,0
P1,F2,37,test,calibrated,143,USA_986268,USA,1.9472980369096413,0.8382613415175072,0.8382613355409563,0.6774061918258667,0.19694387912750244,0.00036824008566327393,262144,262123,2408,29206.770804210144,6184.045449555131,252844,187,6871,2221,0,0
P1,F2,37,test,t1,143,USA_986268,USA,1.0,0.4491861445983969,0.4491861623190304,0.3413459062576294,0.0837399959564209,0.00093060452491045,262144,262123,2408,25087.475172211067,6145.035299390164,252844,187,6871,2221,0,0
P1,F2,37,test,calibrated,144,USA_994009,USA,1.9472980369096413,0.612033804745173,0.6120338087341972,0.9809769988059998,0.43045681715011597,0.001252198126167059,262144,262018,17770,48319.60797736935,12309.342312759658,243860,16261,389,1508,0,0
P1,F2,37,test,t1,144,USA_994009,USA,1.0,0.38619711121625633,0.38619708149343845,0.932487964630127,0.36938372254371643,0.0042172991670668125,262144,262018,17770,33810.55318780392,10748.426317262314,243860,16261,389,1508,0,0
