block,partition,seed,split,setting,source_order,sample_id,event_id,temperature,soft_dice_risk_binary,sdc_exact,uncertainty,top_tail_msp,spatial_inconsistency,input_valid_pixels,reference_valid_pixels,predicted_foreground_input,nll_sum,brier_sum,confusion_0_0,confusion_0_1,confusion_1_0,confusion_1_1,hard_disagreement_all_pixels,hard_disagreement_reference_valid
P1,F3,13,calibration,calibrated,0,Bolivia_103757,BOL,1.1338991717612819,0.22830394654053465,0.22830393504717306,0.9751611351966858,0.4192747473716736,0.001136016915552318,101623,88077,42659,24929.69677360489,6296.8303545376075,50121,2594,3791,31571,0,0
P1,F3,13,calibration,t1,0,Bolivia_103757,BOL,1.0,0.20127174037996054,0.20127172156222428,0.968334972858429,0.40890127420425415,0.0014401074731722474,101623,88077,42659,22802.701384530807,5739.809697099538,50121,2594,3791,31571,0,0
P1,F3,13,calibration,calibrated,1,Bolivia_129334,BOL,1.1338991717612819,0.10346025139762449,0.10346025084871624,0.9608514308929443,0.39889997243881226,0.0029226487968117,261395,237065,161258,65887.75538200507,19672.327211565687,74685,6313,21133,134934,0,0
P1,F3,13,calibration,t1,1,Bolivia_129334,BOL,1.0,0.08727727173503241,0.0872772885576526,0.9503391981124878,0.38621923327445984,0.0038234505336731672,261395,237065,161258,64964.16652692677,19751.18192270973,74685,6313,21133,134934,0,0
P1,F3,13,calibration,calibrated,2,Bolivia_195474,BOL,1.1338991717612819,0.8839067989087857,0.8839067948800015,0.14616018533706665,0.024834806099534035,0.00019487041572574526,262144,261335,233,9555.699966180062,1687.7423693558783,259552,232,1550,1,0,0
P1,F3,13,calibration,t1,2,Bolivia_195474,BOL,1.0,0.8088879120042436,0.8088878985738722,0.10262493789196014,0.01718643307685852,0.0002168537030229345,262144,261335,233,9351.917138449475,1691.0700475981791,259552,232,1550,1,0,0
P1,F3,13,calibration,calibrated,3,Bolivia_23014,BOL,1.1338991717612819,0.4817423104010208,0.48174234039912656,0.5353091955184937,0.13754630088806152,0.0009176205494441092,193558,182995,8797,18614.499239715857,2959.3938194761085,173297,1918,901,6879,0,0
P1,F3,13,calibration,t1,3,Bolivia_23014,BOL,1.0,0.3997879137076382,0.39978791901639144,0.46591344475746155,0.1150166243314743,0.0011934450594708323,193558,182995,8797,15600.306130547784,2641.8149792144122,173297,1918,901,6879,0,0
P1,F3,13,calibration,calibrated,4,Bolivia_233925,BOL,1.1338991717612819,0.8111535769217226,0.8111535847784973,0.4621632993221283,0.1028226837515831,0.0006685775588266551,197636,146294,1834,12832.221918278388,1560.0043152753437,145164,1129,1,0,0,0
P1,F3,13,calibration,t1,4,Bolivia_233925,BOL,1.0,0.7525746397943182,0.75257461831743,0.385661780834198,0.08051091432571411,0.0008569713099859655,197636,146294,1834,10223.467443203263,1274.4240027170872,145164,1129,1,0,0,0
P1,F3,13,calibration,calibrated,5,Bolivia_242570,BOL,1.1338991717612819,0.15968614076598375,0.1596860962215122,0.8965786099433899,0.3366507887840271,0.005567566957324743,262144,175507,52058,84372.94030908545,24949.42042568574,124984,23177,8622,18724,0,0
P1,F3,13,calibration,t1,5,Bolivia_242570,BOL,1.0,0.13363259668589533,0.13363262281448307,0.871631383895874,0.3183240592479706,0.0073497723788022995,262144,175507,52058,91117.71300993403,25635.184663530214,124984,23177,8622,18724,0,0
P1,F3,13,calibration,calibrated,6,Bolivia_290290,BOL,1.1338991717612819,0.30941971570669446,0.3094197333150611,0.4956476092338562,0.1393319070339203,0.0017762784846127033,262144,204633,7877,47918.5665563887,13174.68884380419,184356,578,14977,4722,0,0
P1,F3,13,calibration,t1,6,Bolivia_290290,BOL,1.0,0.2467179551846732,0.2467179659137403,0.43615132570266724,0.12094330787658691,0.002289781579747796,262144,204633,7877,52478.06450930587,13544.415012411318,184356,578,14977,4722,0,0
P1,F3,13,calibration,calibrated,7,Bolivia_294583,BOL,1.1338991717612819,0.1212063541818329,0.12120637563968018,0.5785496234893799,0.16876612603664398,0.0038332866970449686,262144,130472,31197,13539.544050284581,3580.0474139588855,113199,2265,2223,12785,0,0
P1,F3,13,calibration,t1,7,Bolivia_294583,BOL,1.0,0.09211488599621231,0.09211488488476938,0.5191174745559692,0.14818035066127777,0.00505561800673604,262144,130472,31197,13729.953946201489,3637.2318176468766,113199,2265,2223,12785,0,0
P1,F3,13,calibration,calibrated,8,Bolivia_312675,BOL,1.1338991717612819,0.4350701765820111,0.43507016301956336,0.3921472132205963,0.10057859122753143,0.001808191416785121,253960,158008,4423,24617.295151508,6511.557067592894,148044,389,7224,2351,0,0
P1,F3,13,calibration,t1,8,Bolivia_312675,BOL,1.0,0.34254042188572,0.3425404323507406,0.33238014578819275,0.08451500535011292,0.0022853598929941654,253960,158008,4423,26311.079022540158,6670.883640779391,148044,389,7224,2351,0,0
P1,F3,13,calibration,calibrated,9,Bolivia_314919,BOL,1.1338991717612819,0.11378312712086369,0.11378306562431573,0.926399290561676,0.36187678575515747,0.003103998489677906,262144,188845,109850,61885.19577979326,19199.90392542073,100360,4807,21202,62476,0,0
P1,F3,13,calibration,t1,9,Bolivia_314919,BOL,1.0,0.0941711361901646,0.09417109503926513,0.9077199697494507,0.34554675221443176,0.004087676294147968,262144,188845,109850,63846.339446142134,19688.063565052984,100360,4807,21202,62476,0,0
P1,F3,13,calibration,calibrated,10,Bolivia_360519,BOL,1.1338991717612819,0.6936607988111911,0.6936607990367624,0.19413438439369202,0.03361832723021507,0.0006659402861259878,250723,243678,1091,8490.18994827836,1267.128243049474,242235,1029,352,62,0,0
P1,F3,13,calibration,t1,10,Bolivia_360519,BOL,1.0,0.5731546061562177,0.5731546127579215,0.14015696942806244,0.023317459970712662,0.0008399416110478342,250723,243678,1091,7285.436860896633,1249.9617807651111,242235,1029,352,62,0,0
P1,F3,13,calibration,calibrated,11,Bolivia_379434,BOL,1.1338991717612819,0.4346215346868585,0.4346215451381268,0.32981669902801514,0.08241018652915955,0.0011937471572309732,262144,262144,3253,37017.344659179755,9027.206345303948,249992,1362,8899,1891,0,0
P1,F3,13,calibration,t1,11,Bolivia_379434,BOL,1.0,0.3416011357159071,0.34160117616669816,0.2752678692340851,0.06867106258869171,0.0014890811871737242,262144,262144,3253,40051.968569155455,9201.242624554498,249992,1362,8899,1891,0,0
P1,F3,13,calibration,calibrated,12,Bolivia_432776,BOL,1.1338991717612819,0.19618150475314777,0.19618146727150076,0.9593053460121155,0.39699608087539673,0.0023705875501036644,210723,155397,71321,59677.906547381186,18637.548130326155,79294,3958,22046,50099,0,0
P1,F3,13,calibration,t1,12,Bolivia_432776,BOL,1.0,0.1675694148724015,0.16756936173471348,0.9484097957611084,0.38411298394203186,0.003132437588647008,210723,155397,71321,60319.86081031423,18907.237453189977,79294,3958,22046,50099,0,0
P1,F3,13,calibration,calibrated,13,Bolivia_60373,BOL,1.1338991717612819,0.3800688229262382,0.3800688353877204,0.5997913479804993,0.17369085550308228,0.002070867456495762,221330,199019,11970,19343.282468894293,4025.92532862138,186022,517,4455,8025,0,0
P1,F3,13,calibration,t1,13,Bolivia_60373,BOL,1.0,0.3056263544055998,0.3056262871972226,0.5389842391014099,0.15203504264354706,0.002675577998161316,221330,199019,11970,17321.622486637825,3940.507842745483,186022,517,4455,8025,0,0
P1,F3,13,calibration,calibrated,14,Bolivia_76104,BOL,1.1338991717612819,0.9999999999584835,1.0,0.11290635168552399,0.015184732154011726,5.68375617149286e-05,262144,190965,0,1774.1422945225863,22.02690606853607,190960,0,5,0,0,0
P1,F3,13,calibration,t1,14,Bolivia_76104,BOL,1.0,0.9999999999230971,1.0,0.0721563994884491,0.00878058560192585,4.138652002438903e-05,262144,190965,0,968.2802211549924,10.064777019795637,190960,0,5,0,0,0
P1,F3,13,calibration,calibrated,15,Mekong_1111068,KHM,1.1338991717612819,0.847947208072255,0.8479472141207329,0.24442225694656372,0.0460699163377285,0.000280685315374285,262144,262098,420,29177.759115561657,6712.278196850839,254552,97,7126,323,0,0
P1,F3,13,calibration,t1,15,Mekong_1111068,KHM,1.0,0.7698684146897554,0.7698684145048529,0.18431684374809265,0.03348603472113609,0.0003195458266418427,262144,262098,420,31215.4582867995,6813.863073296487,254552,97,7126,323,0,0
P1,F3,13,calibration,calibrated,16,Mekong_1149855,KHM,1.1338991717612819,0.207147930270409,0.20714796405979474,0.4815235137939453,0.13813182711601257,0.005122309550642967,262144,224775,13318,27595.64779610459,7174.3313196120125,206207,1308,7408,9852,0,0
P1,F3,13,calibration,t1,16,Mekong_1149855,KHM,1.0,0.1603172196203595,0.16031717902720322,0.42540255188941956,0.1208280473947525,0.006715076044201851,262144,224775,13318,29130.169229910724,7318.110459957703,206207,1308,7408,9852,0,0
P1,F3,13,calibration,calibrated,17,Mekong_1191208,KHM,1.1338991717612819,0.15404253878364804,0.1540425412812797,0.3396714925765991,0.07639804482460022,0.0017500363755971193,262144,202312,18148,10197.638361874835,1912.4202644840157,186330,717,1512,13753,0,0
P1,F3,13,calibration,t1,17,Mekong_1191208,KHM,1.0,0.1065070904176263,0.10650701719280098,0.2753078043460846,0.06066754460334778,0.002268618205562234,262144,202312,18148,9129.732187784572,1893.6303114296816,186330,717,1512,13753,0,0
P1,F3,13,calibration,calibrated,18,Mekong_119477,KHM,1.1338991717612819,0.9620077303043116,0.9620077359707037,0.1613321453332901,0.027422189712524414,0.00015574034478049725,262144,260952,85,11804.374684909515,2621.721821721047,257950,6,2917,79,0,0
P1,F3,13,calibration,t1,18,Mekong_119477,KHM,1.0,0.9340999709392526,0.9340999698373864,0.11458171159029007,0.01888974942266941,0.0001572316250531003,262144,260952,85,11877.994155794251,2674.2248468904722,257950,6,2917,79,0,0
P1,F3,13,calibration,calibrated,19,Mekong_1248200,KHM,1.1338991717612819,0.09549978052606656,0.09549977932178833,0.9624459147453308,0.401324599981308,0.0022387378849089146,262144,260988,185978,64778.65915277414,18446.078383285047,53466,2934,22541,182047,0,0
P1,F3,13,calibration,t1,19,Mekong_1248200,KHM,1.0,0.08050241819749004,0.08050243361973963,0.9523452520370483,0.3889225721359253,0.002961033256724477,262144,260988,185978,62016.949524245654,18199.12522399137,53466,2934,22541,182047,0,0
P1,F3,13,calibration,calibrated,20,Mekong_1282475,KHM,1.1338991717612819,0.12855723717655088,0.12855725340799196,0.40371161699295044,0.10545191913843155,0.00236459169536829,262144,262144,23953,14116.710191138807,3198.448844170469,234809,784,3382,23169,0,0
P1,F3,13,calibration,t1,20,Mekong_1282475,KHM,1.0,0.0918743723828016,0.09187435222596607,0.3444362282752991,0.08922631293535233,0.003121589310467243,262144,262144,23953,12933.335841857024,3224.889406873551,234809,784,3382,23169,0,0
P1,F3,13,calibration,calibrated,21,Mekong_1395593,KHM,1.1338991717612819,0.15676572171129766,0.15676576068436943,0.35868680477142334,0.09276244789361954,0.0027031644713133574,262144,261728,15939,14348.513012658132,3404.038511955646,242133,720,3656,15219,0,0
P1,F3,13,calibration,t1,21,Mekong_1395593,KHM,1.0,0.11232580770596712,0.11232576727030708,0.3031187653541565,0.07831442356109619,0.0035238799173384905,262144,261728,15939,13701.187303549304,3454.8474851400288,242133,720,3656,15219,0,0
P1,F3,13,calibration,calibrated,22,Mekong_1396181,KHM,1.1338991717612819,0.11378284998303667,0.11378284276862705,0.9647011756896973,0.4041387140750885,0.003674001432955265,262144,243062,147947,74644.88769907271,22517.70251383511,86997,11058,20169,124838,0,0
P1,F3,13,calibration,t1,22,Mekong_1396181,KHM,1.0,0.09673587071611134,0.09673582936907588,0.9551675915718079,0.39204010367393494,0.0049591814167797565,262144,243062,147947,74500.31317314936,22678.394116560798,86997,11058,20169,124838,0,0
P1,F3,13,calibration,calibrated,23,Mekong_1413877,KHM,1.1338991717612819,0.8550030222692746,0.8550030365633309,0.15094856917858124,0.026836344972252846,0.00024002193822525442,262144,256968,311,9438.53140668567,2010.35701249651,254425,31,2261,251,0,0
P1,F3,13,calibration,t1,23,Mekong_1413877,KHM,1.0,0.7686971769558492,0.7686971818346693,0.10766363143920898,0.019118037074804306,0.0002742010401561856,262144,256968,311,9231.901256291247,2049.3074829749335,254425,31,2261,251,0,0
P1,F3,13,calibration,calibrated,24,Mekong_1439641,KHM,1.1338991717612819,0.08676301800180952,0.08676305005975138,0.9199517369270325,0.35397255420684814,0.0013350347289815545,262144,262083,188621,47942.144164565805,11411.489049732663,61968,2313,11494,186308,0,0
P1,F3,13,calibration,t1,24,Mekong_1439641,KHM,1.0,0.07152850650013876,0.07152848506037668,0.8996990919113159,0.33680883049964905,0.0017464596312493086,262144,262083,188621,43172.820997230425,10692.456381771855,61968,2313,11494,186308,0,0
P1,F3,13,calibration,calibrated,25,Mekong_1443339,KHM,1.1338991717612819,0.09770831227260368,0.09770834278005125,0.9518224000930786,0.38783273100852966,0.0020194142125546932,262144,262135,176485,61424.92548540437,17091.839956557138,65837,3515,19813,172970,0,0
P1,F3,13,calibration,t1,25,Mekong_1443339,KHM,1.0,0.08207480686475443,0.08207481415323314,0.9390681385993958,0.3739742934703827,0.002684971783310175,262144,262135,176485,58247.139817389645,16756.235694351868,65837,3515,19813,172970,0,0
P1,F3,13,calibration,calibrated,26,Mekong_16233,KHM,1.1338991717612819,0.10447300621148004,0.10447302996256225,0.5125532150268555,0.1349310278892517,0.0012357075465843081,262144,262132,60925,20406.829033483886,3484.7886931775693,198574,1347,2633,59578,0,0
P1,F3,13,calibration,t1,26,Mekong_16233,KHM,1.0,0.07659156049105786,0.07659157617897061,0.4456682503223419,0.11407212167978287,0.0015902961604297161,262144,262132,60925,17193.656718915845,3266.1204833888382,198574,1347,2633,59578,0,0
P1,F3,13,calibration,calibrated,27,Mekong_213094,KHM,1.1338991717612819,0.7349894728746207,0.734989479158157,0.16986124217510223,0.033739399164915085,0.0024839395191520452,261386,229843,710,3745.358087369066,573.0373065266259,229022,710,111,0,0,0
P1,F3,13,calibration,t1,27,Mekong_213094,KHM,1.0,0.6180869148151806,0.6180869466865602,0.12656478583812714,0.02557726390659809,0.0030309122521430254,261386,229843,710,2880.255747634278,574.500531271144,229022,710,111,0,0,0
P1,F3,13,calibration,calibrated,28,Mekong_221789,KHM,1.1338991717612819,0.9990515965503438,0.9990515966487566,0.11921148002147675,0.0164275374263525,7.222460408229381e-05,262144,215327,2,1983.8985825109512,22.338114479632267,215325,2,0,0,0,0
P1,F3,13,calibration,t1,28,Mekong_221789,KHM,1.0,0.9982221501550786,0.9982221501592471,0.07719427347183228,0.009690158069133759,5.611217420664616e-05,262144,215327,2,1073.460554669881,8.075497766368425,215325,2,0,0,0,0
P1,F3,13,calibration,calibrated,29,Mekong_254910,KHM,1.1338991717612819,0.24765077370112842,0.24765071546834427,0.3710857927799225,0.09529248625040054,0.0021197639871388674,262144,205495,8219,22727.123897963407,5082.171493582156,199696,5664,130,5,0,0
P1,F3,13,calibration,t1,29,Mekong_254910,KHM,1.0,0.1847285950134242,0.18472859137036546,0.3137403726577759,0.08017703145742416,0.0027397270314395428,262144,205495,8219,24113.226839376875,5153.536029201194,199696,5664,130,5,0,0
P1,F3,13,calibration,calibrated,30,Mekong_269835,KHM,1.1338991717612819,0.7262710985333625,0.7262710719838752,0.12015055865049362,0.017778906971216202,0.00023941088875290006,262144,212236,507,2613.582488972045,198.9000850920871,211630,123,99,384,0,0
P1,F3,13,calibration,t1,30,Mekong_269835,KHM,1.0,0.5907612846365233,0.5907613111412044,0.0793474093079567,0.011189333163201809,0.000279312371276319,262144,212236,507,1776.114644282548,188.91637388377632,211630,123,99,384,0,0
P1,F3,13,calibration,calibrated,31,Mekong_293769,KHM,1.1338991717612819,0.1405040245783825,0.140503980080123,0.4772440791130066,0.12373070418834686,0.002233790932223201,261430,230540,33272,15304.85652928106,2871.158799236624,198364,1756,1758,28662,0,0
P1,F3,13,calibration,t1,31,Mekong_293769,KHM,1.0,0.10255652944567883,0.10255652502132973,0.41111722588539124,0.10408453643321991,0.002877073595300317,261430,230540,33272,13215.242701218043,2787.720187207683,198364,1756,1758,28662,0,0
P1,F3,13,calibration,calibrated,32,Mekong_333434,KHM,1.1338991717612819,0.5827932629781256,0.5827932439322729,0.21306109428405762,0.04298190772533417,0.0008021616376936436,262144,203133,1323,12935.224141589984,2891.022083212579,199547,302,2932,352,0,0
P1,F3,13,calibration,t1,32,Mekong_333434,KHM,1.0,0.45741058380524535,0.4574105513543826,0.16186794638633728,0.0326395146548748,0.0009975562570616603,262144,203133,1323,13406.961975908062,2937.707965067505,199547,302,2932,352,0,0
P1,F3,13,calibration,calibrated,33,Mekong_342411,KHM,1.1338991717612819,0.1363099772496319,0.13630997565712255,0.4796890914440155,0.1329437792301178,0.003547545289620757,262144,262141,25596,20179.828358819435,5029.788470659815,231655,1572,4890,24024,0,0
P1,F3,13,calibration,t1,33,Mekong_342411,KHM,1.0,0.10051007294618375,0.10051007765344067,0.4197220802307129,0.1148323193192482,0.004673234652727842,262144,262141,25596,19561.832338741282,5101.5010453723135,231655,1572,4890,24024,0,0
P1,F3,13,calibration,calibrated,34,Mekong_382276,KHM,1.1338991717612819,0.1801688067430205,0.18016879288054943,0.20929032564163208,0.044254761189222336,0.001121045439504087,262144,262111,9056,5982.942529293713,957.1817711241167,252062,241,993,8815,0,0
P1,F3,13,calibration,t1,34,Mekong_382276,KHM,1.0,0.11913521502302837,0.11913518124701872,0.1609266996383667,0.034475963562726974,0.0014186815824359655,262144,262111,9056,4808.603853135933,951.2246481445064,252062,241,993,8815,0,0
P1,F3,13,calibration,calibrated,35,Mekong_424793,KHM,1.1338991717612819,0.44153930976724154,0.44153933516114885,0.22486643493175507,0.047659732401371,0.000995376380160451,262144,258487,2380,10603.268849990322,2262.801493354194,253975,509,2132,1871,0,0
P1,F3,13,calibration,t1,35,Mekong_424793,KHM,1.0,0.32771368958407876,0.3277136932961333,0.17419877648353577,0.03709835931658745,0.0012518215226009488,262144,258487,2380,10336.775411170885,2289.0540673426317,253975,509,2132,1871,0,0
P1,F3,13,calibration,calibrated,36,Mekong_45934,KHM,1.1338991717612819,0.9856247591414058,0.9856247573298192,0.11312098801136017,0.015723586082458496,8.831517334328964e-05,262144,261859,24,3378.779642934297,288.6207634197028,261553,10,282,14,0,0
P1,F3,13,calibration,t1,36,Mekong_45934,KHM,1.0,0.9730543956307206,0.9730543955581455,0.07303200662136078,0.009385031647980213,8.135014650179073e-05,262144,261859,24,2411.3726359574594,278.4481294286867,261553,10,282,14,0,0
P1,F3,13,calibration,calibrated,37,Mekong_474783,KHM,1.1338991717612819,0.9294565580351214,0.9294565501513634,0.18375691771507263,0.03171583637595177,0.00020088169549126178,262144,262119,153,22710.973393881206,5244.596030137001,256316,23,5650,130,0,0
P1,F3,13,calibration,t1,37,Mekong_474783,KHM,1.0,0.8817332298501253,0.881733229781877,0.13201087713241577,0.021990932524204254,0.0002235484280390665,262144,262119,153,24182.535175662037,5337.2490000708995,256316,23,5650,130,0,0
P1,F3,13,calibration,calibrated,38,Mekong_52610,KHM,1.1338991717612819,0.09299262563319,0.09299257915455772,0.9562917351722717,0.39306336641311646,0.0016752119408920407,262144,262144,193661,60836.486252591174,16793.51292856087,48334,3137,20149,190524,0,0
P1,F3,13,calibration,t1,38,Mekong_52610,KHM,1.0,0.0782221746820696,0.07822217839686463,0.9446343779563904,0.37974900007247925,0.0021729818545281887,262144,262144,193661,57309.30598396965,16391.933436214604,48334,3137,20149,190524,0,0
P1,F3,13,calibration,calibrated,39,Mekong_596495,KHM,1.1338991717612819,0.08438015382200381,0.08438015869190296,0.9266031980514526,0.35928553342819214,0.0008996141841635108,262143,229483,200074,42672.36549277793,10045.076170833025,48728,3612,8111,169032,0,0
P1,F3,13,calibration,t1,39,Mekong_596495,KHM,1.0,0.06977906113980448,0.06977905698536357,0.907779335975647,0.34252679347991943,0.0011553354561328888,262143,229483,200074,38253.02639052311,9318.439070967748,48728,3612,8111,169032,0,0
P1,F3,13,calibration,calibrated,40,Mekong_774566,KHM,1.1338991717612819,0.10443087814711838,0.10443081864074077,0.7177930474281311,0.21478384733200073,0.0015108173247426748,262144,227728,96151,37871.95081086777,9074.86418088504,148974,1711,8973,68070,0,0
P1,F3,13,calibration,t1,40,Mekong_774566,KHM,1.0,0.0813215643842159,0.08132159549019746,0.6618313789367676,0.18987271189689636,0.0020040972158312798,262144,227728,96151,35340.439417177884,8837.855290495027,148974,1711,8973,68070,0,0
P1,F3,13,calibration,calibrated,41,Mekong_846007,KHM,1.1338991717612819,0.13453527163167356,0.13453525611711603,0.463715136051178,0.12304973602294922,0.0028281458653509617,262144,164030,27181,12937.881568333258,2745.6594387304217,154008,2487,813,6722,0,0
P1,F3,13,calibration,t1,41,Mekong_846007,KHM,1.0,0.09762232094420198,0.09762225368645294,0.4009116291999817,0.10455325990915298,0.003713088110089302,262144,164030,27181,12418.170175510904,2747.311318815772,154008,2487,813,6722,0,0
P1,F3,13,calibration,calibrated,42,Mekong_922373,KHM,1.1338991717612819,0.12185418412580817,0.12185419418995824,0.8871444463729858,0.329121857881546,0.0053357998840510845,262144,262138,81481,110495.58694696588,33613.153936018,140422,1951,40235,79530,0,0
P1,F3,13,calibration,t1,42,Mekong_922373,KHM,1.0,0.09938996751495277,0.09939002874166458,0.8602802157402039,0.3102406859397888,0.007282309699803591,262144,262138,81481,117873.43350868147,34581.50979064555,140422,1951,40235,79530,0,0
P1,F3,13,calibration,calibrated,43,Mekong_977338,KHM,1.1338991717612819,0.09071937625612303,0.09071935104272988,0.6178738474845886,0.1707151234149933,0.001040116068907082,262144,176958,103411,23937.20076014826,4774.430855600553,107831,3560,1441,64126,0,0
P1,F3,13,calibration,t1,43,Mekong_977338,KHM,1.0,0.06874645202021079,0.06874642733180103,0.5528198480606079,0.14672687649726868,0.001371713005937636,262144,176958,103411,21782.73615934867,4518.84760574458,107831,3560,1441,64126,0,0
P1,F3,13,calibration,calibrated,44,Mekong_98310,KHM,1.1338991717612819,0.10433516326285341,0.10433521908462384,0.7034372687339783,0.20443148910999298,0.0010135095799341798,262144,182771,98716,23997.701353162975,5000.703461930592,95851,1253,4213,81454,0,0
P1,F3,13,calibration,t1,44,Mekong_98310,KHM,1.0,0.08117126460021895,0.08117125287550486,0.6448081731796265,0.1788814812898636,0.0013040268095210195,262144,182771,98716,21327.3394326455,4686.6201533367475,95851,1253,4213,81454,0,0
P1,F3,13,calibration,calibrated,45,Nigeria_1095404,NGA,1.1338991717612819,0.14851448645592769,0.14851447340268276,0.7905532717704773,0.26727917790412903,0.0063406797125935555,262144,252283,46909,52466.229223853064,14481.226821287877,198096,8096,10390,35701,0,0
P1,F3,13,calibration,t1,45,Nigeria_1095404,NGA,1.0,0.11866238192330669,0.11866237437022276,0.7480053305625916,0.24558375775814056,0.008461467921733856,262144,252283,46909,54002.64561375415,14747.028053371989,198096,8096,10390,35701,0,0
P1,F3,13,calibration,calibrated,46,Nigeria_143329,NGA,1.1338991717612819,0.6758384822908945,0.6758385096125954,0.19844764471054077,0.03910970315337181,0.0007044253870844841,262144,249500,894,10478.088511090082,2112.435756632288,246597,126,2251,526,0,0
P1,F3,13,calibration,t1,46,Nigeria_143329,NGA,1.0,0.5534506410870336,0.5534506715269585,0.1491580456495285,0.029375407844781876,0.0008663214393891394,262144,249500,894,10336.767737433678,2135.286262640611,246597,126,2251,526,0,0
P1,F3,13,calibration,calibrated,47,Nigeria_22088,NGA,1.1338991717612819,0.8734655296959942,0.8734655355439291,0.6942626237869263,0.2006811946630478,0.0013126139529049397,209501,209501,1875,22600.065291438725,3101.5855749810707,207568,1763,58,112,0,0
P1,F3,13,calibration,t1,47,Nigeria_22088,NGA,1.0,0.8380638699372772,0.83806387707998,0.6349878311157227,0.17528818547725677,0.0016339013818651438,209501,209501,1875,18057.23255687571,2437.0825488742375,207568,1763,58,112,0,0
P1,F3,13,calibration,calibrated,48,Nigeria_225131,NGA,1.1338991717612819,0.9271701218807236,0.9271701222021105,0.14453019201755524,0.023399127647280693,0.0002011499454965815,262144,241255,136,6060.593397264866,978.6212105381844,240096,28,1023,108,0,0
P1,F3,13,calibration,t1,48,Nigeria_225131,NGA,1.0,0.8753582348416393,0.8753582297827578,0.0999242290854454,0.01565570756793022,0.00021844482398591936,262144,241255,136,5488.423011055048,978.7352293152082,240096,28,1023,108,0,0
P1,F3,13,calibration,calibrated,49,Nigeria_31096,NGA,1.1338991717612819,0.8794090803640765,0.8794090828632387,0.15091495215892792,0.026788201183080673,0.0003224126703571528,262144,217487,252,4608.514292434704,742.1792430162687,216567,104,725,91,0,0
P1,F3,13,calibration,t1,49,Nigeria_31096,NGA,1.0,0.8049559327757849,0.8049559341404526,0.1074531078338623,0.019071877002716064,0.0003749264287762344,262144,217487,252,3977.7916174189377,742.9459209452564,216567,104,725,91,0,0
P1,F3,13,calibration,calibrated,50,Nigeria_35845,NGA,1.1338991717612819,0.8065435113701342,0.8065435027979668,0.12291030585765839,0.019918138161301613,0.00029097689548507333,262144,213042,382,2815.2046000940018,270.0558677026983,212678,78,228,58,0,0
P1,F3,13,calibration,t1,50,Nigeria_35845,NGA,1.0,0.6949753411513309,0.6949753737745215,0.08354174345731735,0.013447820208966732,0.0003483972104731947,262144,213042,382,2034.4679884415227,263.7375122724236,212678,78,228,58,0,0
P1,F3,13,calibration,calibrated,51,Nigeria_417184,NGA,1.1338991717612819,0.325650983046627,0.32565097171347346,0.9820346832275391,0.43157729506492615,0.0017261409666389227,156380,50135,40806,17111.967010558277,4649.612159017678,44025,4726,208,1176,0,0
P1,F3,13,calibration,t1,51,Nigeria_417184,NGA,1.0,0.2932989201111862,0.2932988869477149,0.9770460724830627,0.42268645763397217,0.002249061595648527,156380,50135,40806,16397.95827840441,4427.466693696092,44025,4726,208,1176,0,0
P1,F3,13,calibration,calibrated,52,Nigeria_439488,NGA,1.1338991717612819,0.7382178325224319,0.7382178260341543,0.2597740590572357,0.055931054055690765,0.0007372703403234482,262144,229200,836,10539.469495425714,2021.8376209596165,226978,754,1465,3,0,0
P1,F3,13,calibration,t1,52,Nigeria_439488,NGA,1.0,0.6373643311516181,0.6373643363333406,0.204595685005188,0.04371914640069008,0.0008834388572722673,262144,229200,836,10394.027272555268,2018.687119654831,226978,754,1465,3,0,0
P1,F3,13,calibration,calibrated,53,Nigeria_529525,NGA,1.1338991717612819,0.12378409118748612,0.12378402491326579,0.980708658695221,0.4291696846485138,0.003069886239245534,262144,262144,162492,127224.46100097317,43284.23159599809,37111,1382,62541,161110,0,0
P1,F3,13,calibration,t1,53,Nigeria_529525,NGA,1.0,0.10773388458483268,0.10773394384591384,0.9753642678260803,0.4199874997138977,0.004084468353539705,262144,262144,162492,131881.0532642054,44657.95131236861,37111,1382,62541,161110,0,0
P1,F3,13,calibration,calibrated,54,Nigeria_598959,NGA,1.1338991717612819,0.7807809286408699,0.7807809482190776,0.26406797766685486,0.05071509629487991,0.0004278472624719143,262144,211208,609,185859.7594775377,44125.873203013696,164530,150,46072,456,0,0
P1,F3,13,calibration,t1,54,Nigeria_598959,NGA,1.0,0.6827890467567852,0.6827890539695745,0.20164331793785095,0.03717735409736633,0.0005084761651232839,262144,211208,609,209254.58324858046,44842.12589641112,164530,150,46072,456,0,0
P1,F3,13,calibration,calibrated,55,Nigeria_600295,NGA,1.1338991717612819,0.11993728697980033,0.11993729060226521,0.8691214919090271,0.3110949695110321,0.0017373261507600546,262144,181691,114346,33367.927114331374,7833.752381501896,94879,3151,5361,78300,0,0
P1,F3,13,calibration,t1,55,Nigeria_600295,NGA,1.0,0.09869269028155192,0.09869266180895853,0.8381584882736206,0.29053938388824463,0.002286436501890421,262144,181691,114346,30864.297553376913,7399.8177689404,94879,3151,5361,78300,0,0
P1,F3,13,calibration,calibrated,56,Nigeria_707067,NGA,1.1338991717612819,0.7174160845661147,0.7174161073252325,0.21788892149925232,0.0445244200527668,0.0008848964353092015,262144,261359,808,16168.557961946326,3385.8007216310534,257222,381,3344,412,0,0
P1,F3,13,calibration,t1,56,Nigeria_707067,NGA,1.0,0.6056288959414886,0.6056289255416041,0.16660290956497192,0.03402793034911156,0.0010843602940440178,262144,261359,808,16658.75148503116,3420.3047176969085,257222,381,3344,412,0,0
P1,F3,13,calibration,calibrated,57,Nigeria_78061,NGA,1.1338991717612819,0.17108304692048493,0.17108304866288881,0.29474395513534546,0.0702788457274437,0.00402463274076581,262144,228886,12163,13789.141847151277,2783.513216888101,220706,2686,540,4954,0,0
P1,F3,13,calibration,t1,57,Nigeria_78061,NGA,1.0,0.1189517947095865,0.11895179526941069,0.2402782142162323,0.05753491073846817,0.005258745048195124,262144,228886,12163,13685.62281196079,2805.1377953137257,220706,2686,540,4954,0,0
P1,F3,13,calibration,calibrated,58,Nigeria_812045,NGA,1.1338991717612819,0.11599708832702038,0.11599709510169876,0.9196971654891968,0.3533407747745514,0.0017514092614874244,261565,236584,140177,48074.60220960948,11368.559226364418,111474,5527,6186,113397,0,0
P1,F3,13,calibration,t1,58,Nigeria_812045,NGA,1.0,0.09739811605532966,0.0973980904813353,0.8993471264839172,0.33608976006507874,0.0022932160645723343,261565,236584,140177,44075.47253861005,10529.993897081078,111474,5527,6186,113397,0,0
P1,F3,13,calibration,calibrated,59,Nigeria_81933,NGA,1.1338991717612819,0.13825749074512572,0.13825749114113417,0.96073979139328,0.39883559942245483,0.003845019033178687,262144,246268,116645,158198.62259717996,53778.58935435908,64849,3469,70036,107914,0,0
P1,F3,13,calibration,t1,59,Nigeria_81933,NGA,1.0,0.11819533136309501,0.1181953315019243,0.9502013921737671,0.386150985956192,0.005195226985961199,262144,246268,116645,169082.29246955668,55935.42845393222,64849,3469,70036,107914,0,0
P1,F3,13,calibration,calibrated,60,Nigeria_820924,NGA,1.1338991717612819,0.8749745902851207,0.8749745902179953,0.16262014210224152,0.02764025330543518,0.00032534124329686165,262144,262143,247,6287.621192824849,984.8269256592738,260896,71,1000,176,0,0
P1,F3,13,calibration,t1,60,Nigeria_820924,NGA,1.0,0.797416775280479,0.7974167705416763,0.11513444781303406,0.019053865224123,0.00037517890450544655,262144,262143,247,5590.760609971225,981.6245962235502,260896,71,1000,176,0,0
P1,F3,13,calibration,calibrated,61,Nigeria_952958,NGA,1.1338991717612819,0.17564642840326528,0.1756464587323141,0.27577659487724304,0.061758190393447876,0.0025304907467216253,262144,227674,11509,14407.851123097842,2869.4083463836323,216299,1640,1617,8118,0,0
P1,F3,13,calibration,t1,61,Nigeria_952958,NGA,1.0,0.12002822792364032,0.12002821781649298,0.21976450085639954,0.04918307811021805,0.0032828738912940025,262144,227674,11509,14271.329220224785,2880.021435667788,216299,1640,1617,8118,0,0
P1,F3,13,calibration,calibrated,62,Nigeria_984831,NGA,1.1338991717612819,0.11366956690293939,0.1136696315326663,0.9787814021110535,0.4256429374217987,0.002195348497480154,262144,240158,178821,108967.51734451219,37391.57164778158,17050,1428,55692,165988,0,0
P1,F3,13,calibration,t1,62,Nigeria_984831,NGA,1.0,0.09857514828111247,0.0985752315757722,0.9729205965995789,0.41603395342826843,0.0028761341236531734,262144,240158,178821,112255.80586917438,38646.62211342584,17050,1428,55692,165988,0,0
P1,F3,13,calibration,calibrated,63,Spain_1167260,ESP,1.1338991717612819,0.1676142737537658,0.1676142558420466,0.8479815125465393,0.3017072379589081,0.00823944341391325,262144,262119,44084,74589.95970825333,21114.899165069965,205560,14040,12475,30044,0,0
P1,F3,13,calibration,t1,63,Spain_1167260,ESP,1.0,0.13761201056586647,0.13761205736994153,0.8140498995780945,0.2812407314777374,0.011014255695044994,262144,262119,44084,78779.35713866704,21565.064474172163,205560,14040,12475,30044,0,0
P1,F3,13,calibration,calibrated,64,Spain_1199913,ESP,1.1338991717612819,0.2608644151722662,0.26086437223951864,0.7054932117462158,0.22441692650318146,0.004645063541829586,262144,262143,16722,32647.176909205373,8581.592906306068,243284,8769,2137,7953,0,0
P1,F3,13,calibration,t1,64,Spain_1199913,ESP,1.0,0.213231968593664,0.21323197505052072,0.6539720892906189,0.20251278579235077,0.006024758331477642,262144,262143,16722,33013.18217543,8673.628377035597,243284,8769,2137,7953,0,0
P1,F3,13,calibration,calibrated,65,Spain_2472849,ESP,1.1338991717612819,0.6226984777733884,0.6226984849307439,0.3292362689971924,0.07851290702819824,0.0010439078323543072,262144,261759,1656,6800.752490158984,1298.3644729835707,260102,1637,1,19,0,0
P1,F3,13,calibration,t1,65,Spain_2472849,ESP,1.0,0.5218046051032714,0.5218046162290145,0.27082496881484985,0.06412822008132935,0.0012739375233650208,262144,261759,1656,5722.510647634961,1279.0421951214553,260102,1637,1,19,0,0
P1,F3,13,calibration,calibrated,66,Spain_2523247,ESP,1.1338991717612819,0.30720605293117664,0.30720608285454487,0.6950287818908691,0.21935024857521057,0.004935216624289751,262144,262039,12390,38633.787460555206,10178.115940329595,248280,11330,1377,1052,0,0
P1,F3,13,calibration,t1,66,Spain_2523247,ESP,1.0,0.2554282063427191,0.2554281748259175,0.6426368951797485,0.1974659413099289,0.006390051916241646,262144,262039,12390,40351.62194388943,10330.872583522358,248280,11330,1377,1052,0,0
P1,F3,13,calibration,calibrated,67,Spain_2594119,ESP,1.1338991717612819,0.2610964106270601,0.26109637857280055,0.6890904307365417,0.21838441491127014,0.005531540606170893,262144,262009,15052,33779.1901427541,9770.876069726013,246581,12551,382,2495,0,0
P1,F3,13,calibration,t1,67,Spain_2594119,ESP,1.0,0.2147922339827285,0.21479222014778365,0.6370028853416443,0.19687478244304657,0.0071996175684034824,262144,262009,15052,34948.44817612096,10007.417671534982,246581,12551,382,2495,0,0
P1,F3,13,calibration,calibrated,68,Spain_2938657,ESP,1.1338991717612819,0.23054148817320586,0.2305414859490008,0.484493225812912,0.13129644095897675,0.003269685199484229,262144,262074,12176,12249.996018692475,2666.8121033362763,249408,2894,490,9282,0,0
P1,F3,13,calibration,t1,68,Spain_2938657,ESP,1.0,0.1760214810773738,0.1760215149539175,0.42243334650993347,0.1124187558889389,0.004187603481113911,262144,262074,12176,10936.555016578746,2636.4402817274895,249408,2894,490,9282,0,0
P1,F3,13,calibration,calibrated,69,Spain_3285448,ESP,1.1338991717612819,0.13190568779883982,0.1319056669830141,0.6997237205505371,0.21182966232299805,0.0012693059397861362,262144,262136,62713,34478.10849810355,7602.304856509003,198292,7455,1131,55258,0,0
P1,F3,13,calibration,t1,69,Spain_3285448,ESP,1.0,0.10266836077625141,0.10266827257851807,0.6437285542488098,0.1880435198545456,0.0015944483457133174,262144,262136,62713,31789.178303977245,7337.182972167909,198292,7455,1131,55258,0,0
P1,F3,13,calibration,calibrated,70,Spain_337094,ESP,1.1338991717612819,0.22007502265054613,0.22007498840585316,0.6737293601036072,0.21053862571716309,0.007745084352791309,262144,262056,18159,58658.92689403928,15790.348658976867,230337,5644,13560,12515,0,0
P1,F3,13,calibration,t1,70,Spain_337094,ESP,1.0,0.17800521798324398,0.17800521531742264,0.6201671957969666,0.18897877633571625,0.010158605873584747,262144,262056,18159,63064.76399104268,16142.362105005439,230337,5644,13560,12515,0,0
P1,F3,13,calibration,calibrated,71,Spain_4282030,ESP,1.1338991717612819,0.1537822462669265,0.1537822168243057,0.9602038860321045,0.39848798513412476,0.00453413650393486,262144,262123,98850,80037.58021399335,24240.66431054093,147095,16897,16179,81952,0,0
P1,F3,13,calibration,t1,71,Spain_4282030,ESP,1.0,0.1317829046156509,0.13178293327274804,0.9495403170585632,0.3857792615890503,0.006137363612651825,262144,262123,98850,80275.5897998237,24442.945746604084,147095,16897,16179,81952,0,0
P1,F3,13,calibration,calibrated,72,Spain_4915752,ESP,1.1338991717612819,0.25326665368207435,0.2532666867155646,0.6710994243621826,0.20801259577274323,0.004704074468463659,262144,262128,16142,27784.90843499134,7359.010609150352,245507,8957,479,7185,0,0
P1,F3,13,calibration,t1,72,Spain_4915752,ESP,1.0,0.20490828123778193,0.20490829010270095,0.6165273189544678,0.1862003058195114,0.006100877188146114,262144,262128,16142,27703.68242511579,7436.817107351297,245507,8957,479,7185,0,0
P1,F3,13,calibration,calibrated,73,Spain_5650136,ESP,1.1338991717612819,0.1392776411661094,0.13927764630657224,0.9310919046401978,0.36500975489616394,0.0019447965314611793,262144,171596,111550,36905.08252587851,10245.067167975822,58500,8889,4377,99830,0,0
P1,F3,13,calibration,t1,73,Spain_5650136,ESP,1.0,0.1180985199411746,0.11809849594702349,0.9133870005607605,0.34886911511421204,0.0025662740226835012,262144,171596,111550,35390.32915100188,10055.415682713981,58500,8889,4377,99830,0,0
P1,F3,13,calibration,calibrated,74,Spain_5678382,ESP,1.1338991717612819,0.2972458435510489,0.29724584477016025,0.6357531547546387,0.19349482655525208,0.0048314244486391544,262144,262117,11215,41086.29746804404,10811.296161628708,248126,10421,2776,794,0,0
P1,F3,13,calibration,t1,74,Spain_5678382,ESP,1.0,0.24379290160748224,0.2437929491270493,0.579650342464447,0.17225322127342224,0.0062608071602880955,262144,262117,11215,43495.18303443068,11008.428842799956,248126,10421,2776,794,0,0
P1,F3,13,calibration,calibrated,75,Spain_5816638,ESP,1.1338991717612819,0.5858891164836209,0.5858891248569933,0.40549877285957336,0.1044917106628418,0.0018120633903890848,262144,262052,2311,8554.757708359166,1808.116228135712,259562,2111,179,200,0,0
P1,F3,13,calibration,t1,75,Spain_5816638,ESP,1.0,0.4952094362433923,0.4952094773075091,0.3451610207557678,0.08791552484035492,0.002249081153422594,262144,262052,2311,7483.101345696166,1782.2480453925937,259562,2111,179,200,0,0
P1,F3,13,calibration,calibrated,76,Spain_5923267,ESP,1.1338991717612819,0.08347420796834915,0.0834742323891341,0.9461596608161926,0.37869760394096375,0.0006524078198708594,262144,218743,211030,30630.597037398347,6016.4107808427925,11541,5489,556,201157,0,0
P1,F3,13,calibration,t1,76,Spain_5923267,ESP,1.0,0.06955581341193395,0.06955586959347926,0.9319202303886414,0.3637678027153015,0.0007930139545351267,262144,218743,211030,26363.279942051813,5427.58089775094,11541,5489,556,201157,0,0
P1,F3,13,calibration,calibrated,77,Spain_6095801,ESP,1.1338991717612819,0.18219565032500917,0.18219557544945764,0.7590429186820984,0.2517794072628021,0.008305339142680168,262144,262062,28358,77141.1616227233,21003.629716358977,223665,15661,10039,12697,0,0
P1,F3,13,calibration,t1,77,Spain_6095801,ESP,1.0,0.148367583081929,0.1483675456095208,0.7131451368331909,0.2300747036933899,0.011008958332240582,262144,262062,28358,83327.7159450211,21496.69694080083,223665,15661,10039,12697,0,0
P1,F3,13,calibration,calibrated,78,Spain_6199994,ESP,1.1338991717612819,0.5724548701841546,0.5724548561566918,0.33807963132858276,0.08052399754524231,0.0018515369156375527,262144,261902,2000,8079.201730965682,1573.7423074229837,259553,1566,349,434,0,0
P1,F3,13,calibration,t1,78,Spain_6199994,ESP,1.0,0.47061440613368166,0.47061434670618785,0.27867090702056885,0.06569048017263412,0.0023086441215127707,262144,261902,2000,7129.993763499637,1554.487381467146,259553,1566,349,434,0,0
P1,F3,13,calibration,calibrated,79,Spain_6537196,ESP,1.1338991717612819,0.33061097945322804,0.33061101512018287,0.571863055229187,0.16655510663986206,0.004851721692830324,262144,262106,8607,23496.18609276855,6204.202710135011,252328,6732,1171,1875,0,0
P1,F3,13,calibration,t1,79,Spain_6537196,ESP,1.0,0.2691350309290963,0.2691350526245516,0.5125415325164795,0.14617924392223358,0.006246501579880714,262144,262106,8607,23796.301603704876,6295.915755431612,252328,6732,1171,1875,0,0
P1,F3,13,calibration,calibrated,80,Spain_6860600,ESP,1.1338991717612819,0.5542346704450305,0.5542346629834802,0.3871181607246399,0.09795093536376953,0.001831668778322637,262144,261969,2471,8985.28970712881,1919.0350729485144,259397,2326,101,145,0,0
P1,F3,13,calibration,t1,80,Spain_6860600,ESP,1.0,0.46037850001169245,0.46037847891300043,0.3270096480846405,0.0818510428071022,0.00228318152949214,262144,261969,2471,8018.866593153073,1904.2674604622107,259397,2326,101,145,0,0
P1,F3,13,calibration,calibrated,81,Spain_716716,ESP,1.1338991717612819,0.29032960426689824,0.29032962152338826,0.6233264803886414,0.1883111298084259,0.00471814488992095,262144,262067,11518,39330.206462360045,9747.007975473374,249116,10307,1433,1211,0,0
P1,F3,13,calibration,t1,81,Spain_716716,ESP,1.0,0.2363611744446109,0.23636119836546388,0.5665183067321777,0.16724435985088348,0.006067860871553421,262144,262067,11518,41405.02269803472,9880.76801826388,249116,10307,1433,1211,0,0
P1,F3,13,calibration,calibrated,82,Spain_7370579,ESP,1.1338991717612819,0.14456279471701527,0.14456275963664877,0.8892698287963867,0.33074456453323364,0.007644191384315491,262144,262045,62155,81187.81043325007,24049.01512696113,180377,11633,19513,50522,0,0
P1,F3,13,calibration,t1,82,Spain_7370579,ESP,1.0,0.11929016005027226,0.11929022139339274,0.862828254699707,0.3119754493236542,0.010328981094062328,262144,262045,62155,85347.56193574509,24632.69839653615,180377,11633,19513,50522,0,0
P1,F3,13,calibration,calibrated,83,Spain_7387658,ESP,1.1338991717612819,0.12404885391212417,0.12404890683799075,0.9663030505180359,0.4064393937587738,0.003983746282756329,262144,262057,136160,89968.18129386187,28223.9800389544,97751,11300,28150,124856,0,0
P1,F3,13,calibration,t1,83,Spain_7387658,ESP,1.0,0.10607031673781953,0.10607032956855422,0.9571811556816101,0.3946014642715454,0.005393075756728649,262144,262057,136160,90897.14251159405,28652.91425913131,97751,11300,28150,124856,0,0
P1,F3,13,calibration,calibrated,84,Spain_7558720,ESP,1.1338991717612819,0.3112406815611316,0.31124064018865183,0.5572751760482788,0.16310220956802368,0.004354644101113081,262144,261984,9056,28239.15508017653,7450.554711321844,251687,8160,1241,896,0,0
P1,F3,13,calibration,t1,84,Spain_7558720,ESP,1.0,0.25221060373101845,0.2522106250594748,0.4991264045238495,0.14344669878482819,0.0056250253692269325,262144,261984,9056,29290.618203984024,7589.862157658186,251687,8160,1241,896,0,0
P1,F3,13,calibration,calibrated,85,Spain_7604243,ESP,1.1338991717612819,0.16960568769262707,0.16960569139527448,0.49379968643188477,0.12990325689315796,0.0016149446601048112,262144,262080,22837,13803.205562877702,2473.4320159439467,238680,2481,563,20356,0,0
P1,F3,13,calibration,t1,85,Spain_7604243,ESP,1.0,0.12538350320959868,0.1253834926188342,0.4280925989151001,0.1098683774471283,0.0020528091117739677,262144,262080,22837,11632.961018668284,2374.7159067482894,238680,2481,563,20356,0,0
P1,F3,13,calibration,calibrated,86,Spain_7786924,ESP,1.1338991717612819,0.3499202130795773,0.34992022728005356,0.45642736554145813,0.12394256144762039,0.003293904010206461,262144,262111,6167,21101.60013813509,5240.67244676047,253932,4411,2019,1749,0,0
P1,F3,13,calibration,t1,86,Spain_7786924,ESP,1.0,0.2781962807401357,0.2781963487953243,0.39646443724632263,0.10629396885633469,0.00423584645614028,262144,262111,6167,21519.797228511645,5312.067149190818,253932,4411,2019,1749,0,0
P1,F3,13,calibration,calibrated,87,Spain_7856615,ESP,1.1338991717612819,0.21937601469472756,0.21937596822045424,0.7669402956962585,0.2548171877861023,0.00846839603036642,262144,261930,22854,66417.5736058768,17971.97897939681,234684,17609,4392,5245,0,0
P1,F3,13,calibration,t1,87,Spain_7856615,ESP,1.0,0.1807998493290216,0.18079983222823437,0.7216054201126099,0.2329545021057129,0.011153724044561386,262144,261930,22854,71199.86381391119,18347.34597911917,234684,17609,4392,5245,0,0
P1,F3,13,calibration,calibrated,88,Spain_8104659,ESP,1.1338991717612819,0.24100845696254003,0.24100841861155897,0.67255038022995,0.21090930700302124,0.005766567774116993,262144,262128,15963,46763.432501388,12814.186208075447,244429,14215,1736,1748,0,0
P1,F3,13,calibration,t1,88,Spain_8104659,ESP,1.0,0.19671939666641747,0.19671939315911136,0.6192014813423157,0.18952256441116333,0.007532290183007717,262144,262128,15963,49723.945709273925,13100.099100624097,244429,14215,1736,1748,0,0
P1,F3,13,calibration,calibrated,89,Spain_8154154,ESP,1.1338991717612819,0.27614308484407435,0.27614305100110026,0.5901464819908142,0.17575861513614655,0.005368771962821484,262144,262118,11338,31243.751694237126,8268.419117999369,248967,8569,1813,2769,0,0
P1,F3,13,calibration,t1,89,Spain_8154154,ESP,1.0,0.2231774559171682,0.2231774562394062,0.532568633556366,0.15542493760585785,0.006979742087423801,262144,262118,11338,32517.70213437309,8418.213968366412,248967,8569,1813,2769,0,0
P1,F3,13,calibration,calibrated,90,Spain_8199661,ESP,1.1338991717612819,0.23531498599843792,0.23531504459539265,0.48789018392562866,0.1335824877023697,0.004623415879905224,262144,262036,12012,24503.791685699936,5752.330218201267,248468,5386,1557,6625,0,0
P1,F3,13,calibration,t1,90,Spain_8199661,ESP,1.0,0.18042231230380845,0.1804223004980844,0.42646974325180054,0.11481691151857376,0.00596617441624403,262144,262036,12012,24864.49891096681,5810.565779246921,248468,5386,1557,6625,0,0
P1,F3,13,calibration,calibrated,91,Spain_8372658,ESP,1.1338991717612819,0.1278305514053979,0.12783047926971847,0.8926461935043335,0.3324427306652069,0.004198742099106312,262144,262029,85453,53506.637115987505,15210.751551750127,162508,6417,14068,79036,0,0
P1,F3,13,calibration,t1,91,Spain_8372658,ESP,1.0,0.10474134697829074,0.10474136749393625,0.8667687773704529,0.3137035369873047,0.005636236164718866,262144,262029,85453,52434.74795127156,15304.608216337772,162508,6417,14068,79036,0,0
P1,F3,13,calibration,calibrated,92,Spain_8565131,ESP,1.1338991717612819,0.1656718067022631,0.16567184117552225,0.9158145189285278,0.35197436809539795,0.004919637925922871,262144,262084,68569,76861.59284779138,21676.02533947971,187756,21972,5763,46593,0,0
P1,F3,13,calibration,t1,92,Spain_8565131,ESP,1.0,0.1385645154691879,0.1385645325172089,0.894790530204773,0.3347735106945038,0.006597450003027916,262144,262084,68569,78564.40637845322,21876.742581262835,187756,21972,5763,46593,0,0
P1,F3,13,test,calibrated,0,India_1017769,IND,1.1338991717612819,0.09270992097435848,0.09270995509014479,0.9169124960899353,0.35234534740448,0.0021601507905870676,262144,172971,157713,68887.33818600255,21028.669769104155,53162,21666,5462,92681,0,0
P1,F3,13,test,t1,0,India_1017769,IND,1.0,0.07596535851323472,0.07596537834859407,0.8960670828819275,0.33512547612190247,0.0028498750180006027,262144,172971,157713,71359.91375632258,21458.60488695065,53162,21666,5462,92681,0,0
P1,F3,13,test,calibrated,1,India_1018317,IND,1.1338991717612819,0.0869378215060993,0.0869378570835303,0.915063738822937,0.3491564989089966,0.0009557335288263857,262144,196977,188026,60258.651252069685,17777.559208482868,24817,21450,1176,149534,0,0
P1,F3,13,test,t1,1,India_1018317,IND,1.0,0.07161176117996626,0.0716117904385386,0.8936933875083923,0.33154749870300293,0.0012006948236376047,262144,196977,188026,60966.34693147257,18055.391921386814,24817,21450,1176,149534,0,0
P1,F3,13,test,calibrated,2,India_1018327,IND,1.1338991717612819,0.21179767421782503,0.21179768522545572,0.5575833916664124,0.1650550216436386,0.004476807080209255,262144,262142,14823,80625.07086190645,20286.34605512159,224797,696,22522,14127,0,0
P1,F3,13,test,t1,2,India_1018327,IND,1.0,0.1673846137996885,0.1673846371437745,0.500737726688385,0.14574941992759705,0.005857810378074646,262144,262142,14823,88681.83780137633,20685.87193077004,224797,696,22522,14127,0,0
P1,F3,13,test,calibrated,3,India_103447,IND,1.1338991717612819,0.13138651065552365,0.13138650172520827,0.6296252012252808,0.18917496502399445,0.0037519505713135004,262144,163567,35260,33776.53176223258,8965.16524532569,134120,2470,8160,18817,0,0
P1,F3,13,test,t1,3,India_103447,IND,1.0,0.10060943649943277,0.1006094799708801,0.5719690322875977,0.16766685247421265,0.004975872579962015,262144,163567,35260,35854.67101982211,9152.78081796054,134120,2470,8160,18817,0,0
P1,F3,13,test,calibrated,4,India_1050276,IND,1.1338991717612819,0.24369932674705375,0.24369932074785916,0.6551830768585205,0.20266802608966827,0.006783926859498024,262144,255185,15255,136712.86921940022,35082.96930131958,203530,2650,36916,12089,0,0
P1,F3,13,test,t1,4,India_1050276,IND,1.0,0.19799879965599132,0.19799883047262945,0.6005018949508667,0.18134638667106628,0.008863567374646664,262144,255185,15255,151817.68656006482,35824.07586587911,203530,2650,36916,12089,0,0
P1,F3,13,test,calibrated,5,India_1068117,IND,1.1338991717612819,0.15442495393043398,0.15442491186271923,0.6631680130958557,0.20604893565177917,0.006788314785808325,262144,229712,27645,100771.24284835625,25722.73889362005,179070,2682,26519,21441,0,0
P1,F3,13,test,t1,5,India_1068117,IND,1.0,0.12209103641822394,0.12209099076827612,0.6088210344314575,0.18461517989635468,0.00899643637239933,262144,229712,27645,111232.84026500584,26237.44062802058,179070,2682,26519,21441,0,0
P1,F3,13,test,calibrated,6,India_1072277,IND,1.1338991717612819,0.8658330567042527,0.8658330656312357,0.23991429805755615,0.04735817387700081,0.0004744331235997379,262144,262142,369,90179.24697294923,21042.023953415686,239546,50,22227,319,0,0
P1,F3,13,test,t1,6,India_1072277,IND,1.0,0.7951994237521574,0.7951994012452316,0.18324287235736847,0.03539261594414711,0.0005480017280206084,262144,262142,369,100527.51231864441,21383.38333689155,239546,50,22227,319,0,0
P1,F3,13,test,calibrated,7,India_118868,IND,1.1338991717612819,0.835979398985472,0.8359794125067774,0.6679555773735046,0.18646875023841858,0.0010282007278874516,159275,159275,1983,39748.88693301589,10496.359379891464,146793,1797,10499,186,0,0
P1,F3,13,test,t1,7,India_118868,IND,1.0,0.7935388756842963,0.7935388738129935,0.6051145792007446,0.16080178320407867,0.0013071447610855103,159275,159275,1983,38819.60986708523,10443.426208492874,146793,1797,10499,186,0,0
P1,F3,13,test,calibrated,8,India_135434,IND,1.1338991717612819,0.22155884471247667,0.22155879659447275,0.5555700659751892,0.15959012508392334,0.003667496843263507,258866,117150,14602,18733.99223831966,5293.096978285552,105510,1328,5173,5139,0,0
P1,F3,13,test,t1,8,India_135434,IND,1.0,0.17228151602879038,0.17228150388679542,0.49540457129478455,0.13941648602485657,0.004805791657418013,258866,117150,14602,19958.38325417899,5451.003931081403,105510,1328,5173,5139,0,0
P1,F3,13,test,calibrated,9,India_136196,IND,1.1338991717612819,0.5893101742435636,0.589310191258421,0.4270452857017517,0.1124669685959816,0.0019410083768889308,262144,211744,2419,7564.38694620869,1737.4199462910128,209377,2367,0,0,0,0
P1,F3,13,test,t1,9,India_136196,IND,1.0,0.5024868815758363,0.5024868926340351,0.3668205738067627,0.09539130330085754,0.0024069976061582565,262144,211744,2419,6700.937700257848,1720.8503282128386,209377,2367,0,0,0,0
P1,F3,13,test,calibrated,10,India_164336,IND,1.1338991717612819,0.953159769263348,0.9531597660624502,0.16029125452041626,0.025999344885349274,0.00019007851369678974,262144,259101,85,10219.338066224776,1837.4309341787014,257169,51,1847,34,0,0
P1,F3,13,test,t1,10,India_164336,IND,1.0,0.9183338788646469,0.9183338671994462,0.11208514869213104,0.017327316105365753,0.00019826163770630956,262144,259101,85,10095.867716744979,1841.9621211862086,257169,51,1847,34,0,0
P1,F3,13,test,calibrated,11,India_166709,IND,1.1338991717612819,0.9434945828070574,0.9434945792896718,0.18872946500778198,0.034167446196079254,0.0002664031635504216,262144,256894,133,37113.419966936926,8366.364461401758,247975,80,8786,53,0,0
P1,F3,13,test,t1,11,India_166709,IND,1.0,0.90570088525647,0.9057008792594972,0.1380062699317932,0.024418998509645462,0.00029297516448423266,262144,256894,133,40524.819443353634,8489.449304382933,247975,80,8786,53,0,0
P1,F3,13,test,calibrated,12,India_177319,IND,1.1338991717612819,0.7943448610249149,0.7943448681780557,0.19239681959152222,0.03751396760344505,0.0020529732573777437,261409,256490,523,10185.829183284743,1871.3776700302515,254407,505,1560,18,0,0
P1,F3,13,test,t1,12,India_177319,IND,1.0,0.6935789299642002,0.6935789195128887,0.14420102536678314,0.028031466528773308,0.002472498221322894,261409,256490,523,9995.834749527523,1875.4775962676647,254407,505,1560,18,0,0
P1,F3,13,test,calibrated,13,India_179238,IND,1.1338991717612819,0.900110879418387,0.9001108790332153,0.19275666773319244,0.03395826742053032,0.0003014766552951187,262144,192482,218,49015.89532432916,10982.707737668134,180836,54,11430,162,0,0
P1,F3,13,test,t1,13,India_179238,IND,1.0,0.8374515102624784,0.8374515078162263,0.14004318416118622,0.023824164643883705,0.0003384074370842427,262144,192482,218,54368.95135472928,11130.394111531688,180836,54,11430,162,0,0
P1,F3,13,test,calibrated,14,India_180633,IND,1.1338991717612819,0.10514173943046912,0.10514180221940606,0.8123201727867126,0.2773251235485077,0.002272677840664983,262144,164555,90990,29250.23279445545,7767.843552914095,83778,5014,4799,70964,0,0
P1,F3,13,test,t1,14,India_180633,IND,1.0,0.0830912962089646,0.08309128423353951,0.7722599506378174,0.2555420696735382,0.0030178495217114687,262144,164555,90990,28784.18397775648,7814.318520008078,83778,5014,4799,70964,0,0
P1,F3,13,test,calibrated,15,India_207862,IND,1.1338991717612819,0.407362643782337,0.40736266357863204,0.5792147517204285,0.17287078499794006,0.0035234459210187197,262144,200115,6481,69315.03907143063,17448.253903059038,176934,2153,17784,3244,0,0
P1,F3,13,test,t1,15,India_207862,IND,1.0,0.341594420202609,0.34159447965407774,0.5221443772315979,0.1530112475156784,0.00454365462064743,262144,200115,6481,76443.32882626425,17788.856534440805,176934,2153,17784,3244,0,0
P1,F3,13,test,calibrated,16,India_244057,IND,1.1338991717612819,0.8137851623233122,0.8137851705025692,0.2558131814002991,0.05410848185420036,0.0005962429568171501,262144,160537,538,2428.70199652892,272.5145965331789,160215,317,5,0,0,0
P1,F3,13,test,t1,16,India_244057,IND,1.0,0.7299670661924633,0.7299670799404983,0.20045508444309235,0.04192134365439415,0.0006996337906457484,262144,160537,538,1705.10091755422,252.7923603090589,160215,317,5,0,0,0
P1,F3,13,test,calibrated,17,India_25540,IND,1.1338991717612819,0.7864209322662501,0.7864209183121751,0.2495688647031784,0.05238809809088707,0.000498916138894856,262144,188625,627,42150.38066979295,10241.274587852131,176980,86,11075,484,0,0
P1,F3,13,test,t1,17,India_25540,IND,1.0,0.6939935601526608,0.6939935672923826,0.19436897337436676,0.04046071693301201,0.0005884012789465487,262144,188625,627,46515.482873222514,10441.623298090482,176980,86,11075,484,0,0
P1,F3,13,test,calibrated,18,India_265762,IND,1.1338991717612819,0.8383739437766126,0.8383739351707722,0.20827099680900574,0.040115270763635635,0.00048623012844473124,262144,147296,401,35640.98037842849,7991.947459516898,138673,90,8342,191,0,0
P1,F3,13,test,t1,18,India_265762,IND,1.0,0.7538142327153521,0.7538142562425878,0.15610557794570923,0.02969021536409855,0.0005717716412618756,262144,147296,401,39476.1138178672,8101.331238994391,138673,90,8342,191,0,0
P1,F3,13,test,calibrated,19,India_273873,IND,1.1338991717612819,0.32417543510739244,0.3241754431573187,0.534184992313385,0.1549692153930664,0.002789151854813099,262144,155608,8003,31350.091532852868,7304.880672569307,146814,3348,4901,545,0,0
P1,F3,13,test,t1,19,India_273873,IND,1.0,0.2631665456048492,0.26316658235201906,0.4760802686214447,0.1359332948923111,0.0035812025889754295,262144,155608,8003,34192.89282376698,7410.0183003788725,146814,3348,4901,545,0,0
P1,F3,13,test,calibrated,20,India_285297,IND,1.1338991717612819,0.24965709029474326,0.2496570548176602,0.6935878992080688,0.21993543207645416,0.0055839731357991695,262144,245042,16117,116110.02931668794,30065.202060430864,202097,6939,27505,8501,0,0
P1,F3,13,test,t1,20,India_285297,IND,1.0,0.20484616505309883,0.20484610521869118,0.6415871381759644,0.19829650223255157,0.007303424645215273,262144,245042,16117,128421.33983093733,30708.830013258383,202097,6939,27505,8501,0,0
P1,F3,13,test,calibrated,21,India_287642,IND,1.1338991717612819,0.21874003290015098,0.21874000124113213,0.8702506422996521,0.3168391287326813,0.009725832380354404,262144,115377,31156,39972.67564940485,11567.947716768898,93238,4225,10282,7632,0,0
P1,F3,13,test,t1,21,India_287642,IND,1.0,0.18502305377285033,0.18502307163832876,0.8402577638626099,0.2971953749656677,0.012848760932683945,262144,115377,31156,43164.93909957992,11871.635403240936,93238,4225,10282,7632,0,0
P1,F3,13,test,calibrated,22,India_324254,IND,1.1338991717612819,0.9577951890195175,0.95779518877213,0.1502389758825302,0.023983042687177658,0.00018814534996636212,262144,262144,77,17777.207022005216,3672.8104380713817,258238,23,3829,54,0,0
P1,F3,13,test,t1,22,India_324254,IND,1.0,0.9253746400365799,0.9253746323105364,0.1040312871336937,0.015835808590054512,0.00019926430832128972,262144,262144,77,18679.310987627843,3713.6704448945115,258238,23,3829,54,0,0
P1,F3,13,test,calibrated,23,India_373039,IND,1.1338991717612819,0.39680611010414446,0.396806071242793,0.6591367125511169,0.20437194406986237,0.004078269936144352,262144,242783,7846,25073.479015190806,6681.530682502567,234162,7112,1498,11,0,0
P1,F3,13,test,t1,23,India_373039,IND,1.0,0.33666718838116194,0.3366671646228889,0.604748010635376,0.1830054670572281,0.005246071144938469,262144,242783,7846,25670.151598083456,6771.554230564623,234162,7112,1498,11,0,0
P1,F3,13,test,calibrated,24,India_383430,IND,1.1338991717612819,0.22695164198598128,0.2269516167863801,0.44541430473327637,0.12292306125164032,0.003817376447841525,262144,251271,10800,122396.35398363828,28410.578648452876,210953,1090,29749,9479,0,0
P1,F3,13,test,t1,24,India_383430,IND,1.0,0.174001787227818,0.17400173988355505,0.3880370259284973,0.10610806196928024,0.0049779098480939865,262144,251271,10800,136495.19742963347,28847.56118471347,210953,1090,29749,9479,0,0
P1,F3,13,test,calibrated,25,India_391908,IND,1.1338991717612819,0.22161479551653473,0.22161481196254107,0.40933477878570557,0.10797171294689178,0.004175873938947916,262144,211832,10422,67325.16665450507,16468.10149329334,184854,989,17261,8728,0,0
P1,F3,13,test,t1,25,India_391908,IND,1.0,0.16618791883110207,0.16618788992050892,0.3503548502922058,0.09169968217611313,0.005437013693153858,262144,211832,10422,74300.35179128699,16764.756343897323,184854,989,17261,8728,0,0
P1,F3,13,test,calibrated,26,India_399883,IND,1.1338991717612819,0.0931319568241441,0.09313198348021456,0.9029101133346558,0.3405904173851013,0.0025891668628901243,262144,262119,143430,85699.33035486145,25535.868062954294,105744,20083,12967,123325,0,0
P1,F3,13,test,t1,26,India_399883,IND,1.0,0.07568415039715615,0.07568413350015157,0.8791061639785767,0.3224434554576874,0.0034748967736959457,262144,262119,143430,87606.01254610764,25983.040606010763,105744,20083,12967,123325,0,0
P1,F3,13,test,calibrated,27,India_44475,IND,1.1338991717612819,0.9806817285895546,0.9806817267819464,0.138129323720932,0.020763317123055458,0.0001193350981338881,262144,260175,35,2478.235696394119,47.79510057723106,260149,26,0,0,0,0
P1,F3,13,test,t1,27,India_44475,IND,1.0,0.9646346632203072,0.9646346611873146,0.09318187087774277,0.01312116626650095,0.000111982153612189,262144,260175,35,1374.9587807899104,29.14542599595392,260149,26,0,0,0,0
P1,F3,13,test,calibrated,28,India_500266,IND,1.1338991717612819,0.47257938523315535,0.4725793854035478,0.3584030866622925,0.0868462324142456,0.0015758959343656898,262144,262141,3092,137879.40106972793,33016.369004727734,223738,222,35311,2870,0,0
P1,F3,13,test,t1,28,India_500266,IND,1.0,0.3757969094793552,0.37579688210233964,0.29740825295448303,0.07133264094591141,0.0019921830389648676,262144,262141,3092,154242.28538290958,33611.95490927508,223738,222,35311,2870,0,0
P1,F3,13,test,calibrated,29,India_533192,IND,1.1338991717612819,0.2320707337589133,0.23207074342498135,0.955112099647522,0.3906928300857544,0.001427698996849358,156878,120661,50978,36243.08955915811,10004.383498845205,71833,5584,6694,36550,0,0
P1,F3,13,test,t1,29,India_533192,IND,1.0,0.19983185845931162,0.1998318634211077,0.9431366324424744,0.3770875930786133,0.0018644279334694147,156878,120661,50978,34782.36313495062,9725.457664435624,71833,5584,6694,36550,0,0
P1,F3,13,test,calibrated,30,India_534470,IND,1.1338991717612819,0.8414100718333771,0.8414100536514458,0.18637342751026154,0.03494550287723541,0.0003749079187400639,262144,250570,366,29214.92633057775,6665.257665321784,243071,65,7133,301,0,0
P1,F3,13,test,t1,30,India_534470,IND,1.0,0.7549208830339539,0.754920868482917,0.13741803169250488,0.025538446381688118,0.0004365150525700301,262144,250570,366,31613.982388448778,6774.273347405196,243071,65,7133,301,0,0
P1,F3,13,test,calibrated,31,India_56450,IND,1.1338991717612819,0.9266972681261213,0.9266972594017616,0.1995583027601242,0.03665531799197197,0.0003535033611115068,262144,181248,166,2627.6146147851473,230.79863910254068,181025,141,82,0,0,0
P1,F3,13,test,t1,31,India_56450,IND,1.0,0.8800490774888947,0.8800490765548914,0.14738969504833221,0.02637973614037037,0.0003884075558744371,262144,181248,166,1859.5492831121387,209.76848264501646,181025,141,82,0,0,0
P1,F3,13,test,calibrated,32,India_566697,IND,1.1338991717612819,0.7468191243145688,0.7468191240268693,0.2565099895000458,0.05181518942117691,0.000719347270205617,262144,215703,750,58174.59049674874,13850.94102873524,200616,368,14442,277,0,0
P1,F3,13,test,t1,32,India_566697,IND,1.0,0.6432592986600545,0.6432592648524349,0.19815941154956818,0.039163537323474884,0.0008747328538447618,262144,215703,750,64494.87785806071,14093.481572747773,200616,368,14442,277,0,0
P1,F3,13,test,calibrated,33,India_570384,IND,1.1338991717612819,0.2038741120236537,0.2038741353384289,0.3320392072200775,0.08060865104198456,0.002116660587489605,262144,242000,9663,35579.13934112929,8558.932830814447,226459,993,8550,5998,0,0
P1,F3,13,test,t1,33,India_570384,IND,1.0,0.1459291725637002,0.1459292098327143,0.27447056770324707,0.0663609728217125,0.002737477421760559,262144,242000,9663,38401.11100731801,8709.01815518604,226459,993,8550,5998,0,0
P1,F3,13,test,calibrated,34,India_591317,IND,1.1338991717612819,0.09213424654119651,0.09213427289727472,0.7491848468780518,0.23764196038246155,0.0013037191238254309,262144,246049,113202,42307.80463888356,10481.707436100849,126096,5914,6751,107288,0,0
P1,F3,13,test,t1,34,India_591317,IND,1.0,0.07167070660444819,0.07167078077545763,0.6991651654243469,0.2141655534505844,0.0016661345725879073,262144,246049,113202,40089.70615513674,10317.500144912097,126096,5914,6751,107288,0,0
P1,F3,13,test,calibrated,35,India_591549,IND,1.1338991717612819,0.9255974666853988,0.9255974631056825,0.15889868140220642,0.026903482154011726,0.00022210599854588509,262144,245709,154,48174.302333907006,10506.281342957249,234625,30,10930,124,0,0
P1,F3,13,test,t1,35,India_591549,IND,1.0,0.8741674607734413,0.8741674639361359,0.11217063665390015,0.01851561665534973,0.0002435890055494383,262144,245709,154,53200.08406333682,10634.838342478253,234625,30,10930,124,0,0
P1,F3,13,test,calibrated,36,India_592446,IND,1.1338991717612819,0.2530576378236833,0.25305768946502794,0.3761902153491974,0.10016971826553345,0.0026057283394038677,262144,224355,8179,19463.8185311887,5011.819518770118,214202,1109,5000,4044,0,0
P1,F3,13,test,t1,36,India_592446,IND,1.0,0.19131326292236328,0.19131329645728024,0.32143640518188477,0.08548258990049362,0.0033735549077391624,262144,224355,8179,20316.157202263123,5126.875448270589,214202,1109,5000,4044,0,0
P1,F3,13,test,calibrated,37,India_59460,IND,1.1338991717612819,0.8665862627428237,0.8665862646253322,0.22384582459926605,0.0446978360414505,0.0004612881748471409,262144,209353,356,3966.140160461364,527.5738174532345,208756,282,313,2,0,0
P1,F3,13,test,t1,37,India_59460,IND,1.0,0.7958109840472813,0.7958109861655126,0.170649915933609,0.033691197633743286,0.0005316737806424499,262144,209353,356,3195.8700681151768,510.52626786130577,208756,282,313,2,0,0
P1,F3,13,test,calibrated,38,India_624341,IND,1.1338991717612819,0.8234171196306662,0.8234171176448075,0.19740033149719238,0.03701144456863403,0.00036804866977036,262144,262142,412,16619.460671986257,3264.061485153716,258606,312,3124,100,0,0
P1,F3,13,test,t1,38,India_624341,IND,1.0,0.7310722848634761,0.7310722754116026,0.14639906585216522,0.02699301205575466,0.0004221864219289273,262144,262142,412,17259.373811724363,3281.248134547199,258606,312,3124,100,0,0
P1,F3,13,test,calibrated,39,India_631692,IND,1.1338991717612819,0.9961699466493323,0.9961699461966266,0.12009856849908829,0.017097128555178642,8.525507291778922e-05,262144,262144,8,5214.110852775701,758.7965616289199,261342,0,794,8,0,0
P1,F3,13,test,t1,39,India_631692,IND,1.0,0.9928735782206329,0.9928735786918915,0.07867733389139175,0.010387012735009193,7.245677261380479e-05,262144,262144,8,4492.021055402867,758.6188387949451,261342,0,794,8,0,0
P1,F3,13,test,calibrated,40,India_652725,IND,1.1338991717612819,0.35135493497874004,0.3513549342060224,0.3970208764076233,0.10338886827230453,0.00245276908390224,262144,262094,5447,67439.73649937763,16651.786849665128,239140,1159,17507,4288,0,0
P1,F3,13,test,t1,40,India_652725,IND,1.0,0.2739055417381763,0.2739056141777412,0.33805859088897705,0.0873933658003807,0.0031477753072977066,262144,262094,5447,74252.52174857009,16981.59978205524,239140,1159,17507,4288,0,0
P1,F3,13,test,calibrated,41,India_664410,IND,1.1338991717612819,0.4853987468081673,0.4853987352119954,0.3238201141357422,0.07919002324342728,0.002159886760637164,262144,262142,2789,45224.46156727191,10745.093272433925,247965,651,11388,2138,0,0
P1,F3,13,test,t1,41,India_664410,IND,1.0,0.3861294787206405,0.3861294675714393,0.26760849356651306,0.06543280929327011,0.002747578313574195,262144,262142,2789,49308.9852983803,10937.366629441774,247965,651,11388,2138,0,0
P1,F3,13,test,calibrated,42,India_691027,IND,1.1338991717612819,0.5017740563720441,0.5017740252467153,0.27832189202308655,0.06734634935855865,0.001539622899144888,262144,254034,2372,27435.5889847238,6460.655718214301,244949,691,6720,1674,0,0
P1,F3,13,test,t1,42,India_691027,IND,1.0,0.39717595631272884,0.3971759721139102,0.22729885578155518,0.05553421005606651,0.0019641052931547165,262144,254034,2372,29359.27616920247,6576.568275586086,244949,691,6720,1674,0,0
P1,F3,13,test,calibrated,43,India_698338,IND,1.1338991717612819,0.7751026977519352,0.77510269833994,0.24396924674510956,0.05189426988363266,0.0004897827748209238,262144,227984,656,32737.619002720665,8434.305809476267,217893,155,9442,494,0,0
P1,F3,13,test,t1,43,India_698338,IND,1.0,0.6799781421746603,0.6799781362061079,0.19086657464504242,0.04035677760839462,0.0005888118175789714,262144,227984,656,35612.766569002204,8654.35639923656,217893,155,9442,494,0,0
P1,F3,13,test,calibrated,44,India_70352,IND,1.1338991717612819,0.15224687433752515,0.15224686786335384,0.4118119478225708,0.11018045246601105,0.0030021315906196833,262144,239229,17259,14544.841780686056,3505.158274240647,223920,2121,2301,10887,0,0
P1,F3,13,test,t1,44,India_70352,IND,1.0,0.11150072187876003,0.11150076670760478,0.3541816771030426,0.09408924728631973,0.003926449920982122,262144,239229,17259,14315.865403838208,3564.1365508498607,223920,2121,2301,10887,0,0
P1,F3,13,test,calibrated,45,India_707886,IND,1.1338991717612819,0.30109855468568203,0.30109847675520507,0.25860825181007385,0.06340751051902771,0.0020726968068629503,262144,256881,5033,8276.627492156007,1886.2367095541504,250301,912,1569,4099,0,0
P1,F3,13,test,t1,45,India_707886,IND,1.0,0.21964768041223848,0.21964762604463517,0.21120603382587433,0.05263853818178177,0.002695472212508321,262144,256881,5033,7601.57162527384,1916.2112402860062,250301,912,1569,4099,0,0
P1,F3,13,test,calibrated,46,India_73419,IND,1.1338991717612819,0.8558068261534596,0.8558068201687983,0.16593746840953827,0.02828899770975113,0.00026666480698622763,262144,178934,279,28189.54110549707,5937.033261091654,172655,27,6155,97,0,0
P1,F3,13,test,t1,46,India_73419,IND,1.0,0.7698222314064151,0.7698222452901439,0.1179901510477066,0.019519468769431114,0.0003026888589374721,262144,178934,279,30936.36444450023,6000.672432693825,172655,27,6155,97,0,0
P1,F3,13,test,calibrated,47,India_747970,IND,1.1338991717612819,0.438834340921022,0.43883430689727987,0.23803021013736725,0.05667354539036751,0.001280797179788351,262144,246517,2729,13033.837124815183,2960.4314838189457,240984,526,3018,1989,0,0
P1,F3,13,test,t1,47,India_747970,IND,1.0,0.33369943231824295,0.3336994598676354,0.1917736828327179,0.046529266983270645,0.00165020942222327,262144,246517,2729,13182.49530774718,3010.4086087359237,240984,526,3018,1989,0,0
P1,F3,13,test,calibrated,48,India_747992,IND,1.1338991717612819,0.20289112759259464,0.2028911109007483,0.8709757328033447,0.3177947402000427,0.007007150445133448,262144,262087,34601,270731.3758062199,72701.82764297628,144073,692,83413,33909,0,0
P1,F3,13,test,t1,48,India_747992,IND,1.0,0.17064738832242665,0.17064740060714556,0.841168224811554,0.2982560694217682,0.009237057529389858,262144,262087,34601,301765.9560267257,74523.3878964773,144073,692,83413,33909,0,0
P1,F3,13,test,calibrated,49,India_764946,IND,1.1338991717612819,0.574170223815473,0.5741701825127536,0.1956680715084076,0.04247627779841423,0.0008212401298806071,262144,242502,1436,9540.382564163072,2106.508747334947,239092,264,2283,863,0,0
P1,F3,13,test,t1,49,India_764946,IND,1.0,0.45126556075012636,0.451265569625821,0.15109673142433167,0.03357026353478432,0.0010376269929111004,262144,242502,1436,9350.196502672055,2147.141742794984,239092,264,2283,863,0,0
P1,F3,13,test,calibrated,50,India_769408,IND,1.1338991717612819,0.5182834539672473,0.5182834359050155,0.3284321427345276,0.07998489588499069,0.0017469500890001655,262144,175907,2395,27322.859250202113,6804.645844390107,166639,686,7087,1495,0,0
P1,F3,13,test,t1,50,India_769408,IND,1.0,0.4181549521336725,0.4181549635547379,0.2717580199241638,0.06593804061412811,0.0021990896202623844,262144,175907,2395,29578.145260390556,6943.789510811764,166639,686,7087,1495,0,0
P1,F3,13,test,calibrated,51,India_772630,IND,1.1338991717612819,0.6667606666022341,0.6667606633896117,0.38371920585632324,0.09631625562906265,0.0013442295603454113,262144,155332,1577,9998.029078649932,2173.4213076518668,152818,1169,1333,12,0,0
P1,F3,13,test,t1,51,India_772630,IND,1.0,0.5780465419692755,0.5780465506120942,0.3234419822692871,0.08022259175777435,0.0016457673627883196,262144,155332,1577,10062.538379145704,2171.8065188956894,152818,1169,1333,12,0,0
P1,F3,13,test,calibrated,52,India_773682,IND,1.1338991717612819,0.4366353293521428,0.4366353989737767,0.29809829592704773,0.06959767639636993,0.0011870535090565681,262144,252793,2988,116564.78805507394,27113.662010506636,221345,489,28460,2499,0,0
P1,F3,13,test,t1,52,India_773682,IND,1.0,0.3358879399533532,0.3358879053116387,0.24205413460731506,0.05641608685255051,0.001493000308983028,262144,252793,2988,130319.13350982481,27546.103734321878,221345,489,28460,2499,0,0
P1,F3,13,test,calibrated,53,India_774689,IND,1.1338991717612819,0.2566220950052206,0.2566221582584871,0.5599024295806885,0.16409575939178467,0.006710586603730917,261156,237116,11691,53229.16314468367,13497.34258729318,214890,3469,12295,6462,0,0
P1,F3,13,test,t1,53,India_774689,IND,1.0,0.20484582445901722,0.20484588760138212,0.5018247961997986,0.14438320696353912,0.008577980101108551,261156,237116,11691,57915.30764602903,13768.796250410724,214890,3469,12295,6462,0,0
P1,F3,13,test,calibrated,54,India_79637,IND,1.1338991717612819,0.7404903807238448,0.740490385894684,0.17860953509807587,0.031460799276828766,0.0003267669235356152,262144,262144,577,23082.890020193416,4683.859345260303,256835,144,4732,433,0,0
P1,F3,13,test,t1,54,India_79637,IND,1.0,0.6202051344774597,0.6202051220418879,0.12895338237285614,0.022136704996228218,0.0003819241828750819,262144,262144,577,24604.163924917837,4721.507303371699,256835,144,4732,433,0,0
P1,F3,13,test,calibrated,55,India_80221,IND,1.1338991717612819,0.08659714256494133,0.08659717236950149,0.8273616433143616,0.2833402752876282,0.0008955230587162077,262144,151793,159976,43640.031382498026,12623.731323896101,23334,13953,1854,112652,0,0
P1,F3,13,test,t1,55,India_80221,IND,1.0,0.06939037405351856,0.06939036060272308,0.788970947265625,0.26133763790130615,0.0011358159827068448,262144,151793,159976,44298.42142697066,12823.768130892275,23334,13953,1854,112652,0,0
P1,F3,13,test,calibrated,56,India_804466,IND,1.1338991717612819,0.39498225129565345,0.39498224587320496,0.4981461763381958,0.14003081619739532,0.002644990338012576,262144,262134,5832,168922.24773065158,41045.4765057072,211570,336,44732,5496,0,0
P1,F3,13,test,t1,56,India_804466,IND,1.0,0.322337770040793,0.3223377656793548,0.4385448396205902,0.12153295427560806,0.003392209764569998,262144,262134,5832,189028.31182584862,41837.190584980985,211570,336,44732,5496,0,0
P1,F3,13,test,calibrated,57,India_828067,IND,1.1338991717612819,0.42353949099623,0.4235394560957947,0.2639020085334778,0.06317558139562607,0.0018630350241437554,262144,183120,3030,16588.147153082515,4076.4099669986017,175716,410,4470,2524,0,0
P1,F3,13,test,t1,57,India_828067,IND,1.0,0.3227822863530325,0.3227822964216579,0.2141755223274231,0.0518997460603714,0.0023962180130183697,262144,183120,3030,17469.61635845014,4161.55822735219,175716,410,4470,2524,0,0
P1,F3,13,test,calibrated,58,India_833266,IND,1.1338991717612819,0.7930197600490547,0.7930197515210708,0.20358550548553467,0.03925151377916336,0.0004631651390809566,262144,219674,525,75593.76180800151,16915.521530568436,201396,16,17755,507,0,0
P1,F3,13,test,t1,58,India_833266,IND,1.0,0.6931807113656803,0.6931807067435771,0.15219080448150635,0.02909228764474392,0.0005439255619421601,262144,219674,525,84331.60636833071,17145.93296900732,201396,16,17755,507,0,0
P1,F3,13,test,calibrated,59,India_842775,IND,1.1338991717612819,0.8810888136130253,0.8810888121119351,0.17344295978546143,0.030784402042627335,0.00025869483943097293,262144,246418,251,24404.962120764954,5405.492006777997,240418,71,5751,178,0,0
P1,F3,13,test,t1,59,India_842775,IND,1.0,0.8085189433763516,0.8085189667802537,0.12515659630298615,0.021788649260997772,0.0002924917498603463,262144,246418,251,26204.737022990033,5490.419344822076,240418,71,5751,178,0,0
P1,F3,13,test,calibrated,60,India_869358,IND,1.1338991717612819,0.5918277691757147,0.5918278030875124,0.28802230954170227,0.06378746777772903,0.0014511990593746305,262144,262144,1634,16743.364047276278,3777.612014916418,256657,437,3853,1197,0,0
P1,F3,13,test,t1,60,India_869358,IND,1.0,0.4800538771838243,0.4800538950789299,0.23010718822479248,0.050456296652555466,0.0018151783151552081,262144,262144,1634,17119.8081517569,3826.601696815307,256657,437,3853,1197,0,0
P1,F3,13,test,calibrated,61,India_900498,IND,1.1338991717612819,0.09857148773616708,0.0985715136495825,0.8987686038017273,0.3369225561618805,0.003422241425141692,262144,261992,121433,73109.6588876447,21173.164629821702,125787,12252,14910,109043,0,0
P1,F3,13,test,t1,61,India_900498,IND,1.0,0.08003841392052868,0.08003843713764569,0.8740954995155334,0.31847530603408813,0.004600381013005972,262144,261992,121433,74252.39753945073,21448.280015964112,125787,12252,14910,109043,0,0
P1,F3,13,test,calibrated,62,India_91379,IND,1.1338991717612819,0.39461841527574326,0.3946184148531322,0.37767213582992554,0.09538204222917557,0.0016966828843578696,262144,262133,4355,96126.09068499341,23450.733312783308,232263,276,25515,4079,0,0
P1,F3,13,test,t1,62,India_91379,IND,1.0,0.30887019148800265,0.3088701869626814,0.31803491711616516,0.07968451827764511,0.0021423615980893373,262144,262133,4355,106833.27921855266,23907.63776769735,232263,276,25515,4079,0,0
P1,F3,13,test,calibrated,63,India_943439,IND,1.1338991717612819,0.15067186705112345,0.15067188938579112,0.7296595573425293,0.23763197660446167,0.007435232400894165,262144,250096,32418,79278.70309136418,21424.72737416108,197791,4696,20927,26682,0,0
P1,F3,13,test,t1,63,India_943439,IND,1.0,0.1210353270083101,0.12103536439454099,0.6809821724891663,0.2159816473722458,0.00990523211658001,262144,250096,32418,86194.10540504182,21914.452615352104,197791,4696,20927,26682,0,0
P1,F3,13,test,calibrated,64,India_952728,IND,1.1338991717612819,0.574161025939211,0.5741610077498855,0.2463596910238266,0.05297050252556801,0.0010036845924332738,262144,188716,1515,22969.35736381429,5120.972099134539,182500,368,5204,644,0,0
P1,F3,13,test,t1,64,India_952728,IND,1.0,0.45662672560850914,0.45662676252136114,0.1929500252008438,0.04143764451146126,0.0012391654308885336,262144,188716,1515,24800.15265130881,5192.178566063577,182500,368,5204,644,0,0
P1,F3,13,test,calibrated,65,India_956930,IND,1.1338991717612819,0.3037972953239828,0.3037973157527045,0.4163569211959839,0.10932082682847977,0.002919410588219762,262144,237130,6836,132986.8790755287,31881.232425854134,196536,498,34138,5958,0,0
P1,F3,13,test,t1,65,India_956930,IND,1.0,0.23450141689893567,0.23450144118827743,0.3564189672470093,0.09264729917049408,0.003763635875657201,262144,237130,6836,148727.31267538242,32457.767023152264,196536,498,34138,5958,0,0
P1,F3,13,test,calibrated,66,India_979278,IND,1.1338991717612819,0.6228817778508275,0.6228817923024288,0.8473095893859863,0.290685772895813,0.0014397503109648824,124051,105990,6886,21491.90276267322,4452.358261557483,98420,2133,1531,3906,0,0
P1,F3,13,test,t1,66,India_979278,IND,1.0,0.5702866124482034,0.5702866086598912,0.8114832639694214,0.2683277130126953,0.0018640421330928802,124051,105990,6886,19033.74172663787,3915.2778724394484,98420,2133,1531,3906,0,0
P1,F3,13,test,calibrated,67,India_981708,IND,1.1338991717612819,0.7644633099640139,0.764463280022955,0.41721436381340027,0.090255506336689,0.0009277327917516232,222572,219993,1697,41518.377983502054,10608.74046635536,208101,1546,10319,27,0,0
P1,F3,13,test,t1,67,India_981708,IND,1.0,0.6849567948542823,0.6849568213647788,0.34260281920433044,0.0698300302028656,0.0011823571985587478,222572,219993,1697,42618.20088223779,10792.317728452306,208101,1546,10319,27,0,0
P1,F3,13,test,calibrated,68,Paraguay_1019808,PRY,1.1338991717612819,0.9716828425686541,0.9716828428960586,0.17030398547649384,0.027025770395994186,9.550928371027112e-05,262144,262144,54,20223.592141381214,4758.071126099688,256973,1,5117,53,0,0
P1,F3,13,test,t1,68,Paraguay_1019808,PRY,1.0,0.9497382977989914,0.9497383063160031,0.11896701157093048,0.0176566019654274,9.040118311531842e-05,262144,262144,54,21386.367839530343,4852.358364838409,256973,1,5117,53,0,0
P1,F3,13,test,calibrated,69,Paraguay_1029042,PRY,1.1338991717612819,0.11551582756976575,0.11551590276784218,0.6807939410209656,0.20671534538269043,0.003133129794150591,262144,223004,68482,22934.941955946244,4732.194241928053,157122,4685,1279,59918,0,0
P1,F3,13,test,t1,69,Paraguay_1029042,PRY,1.0,0.08874246290144183,0.08874249888427921,0.6242621541023254,0.18372057378292084,0.00428853090852499,262144,223004,68482,20118.004422626123,4510.580386847136,157122,4685,1279,59918,0,0
P1,F3,13,test,calibrated,70,Paraguay_1029191,PRY,1.1338991717612819,0.11632820450317072,0.11632819627112978,0.5819465517997742,0.16605879366397858,0.0035378383472561836,262144,253937,52671,21478.52356187121,4365.160392983041,199749,3852,1681,48655,0,0
P1,F3,13,test,t1,70,Paraguay_1029191,PRY,1.0,0.08691603408889692,0.08691601202840515,0.5197930932044983,0.14461106061935425,0.004783197306096554,262144,253937,52671,18898.362170416534,4235.012681309407,199749,3852,1681,48655,0,0
P1,F3,13,test,calibrated,71,Paraguay_1056717,PRY,1.1338991717612819,0.3114273823845757,0.31142734208216316,0.36024707555770874,0.09123086929321289,0.004130341112613678,262144,262144,5912,12260.713313313705,2761.0839512848775,254983,2115,1249,3797,0,0
P1,F3,13,test,t1,71,Paraguay_1056717,PRY,1.0,0.23602878541528927,0.23602875478845475,0.3028550446033478,0.07635223120450974,0.005288237240165472,262144,262144,5912,11747.858197503814,2773.5778086235823,254983,2115,1249,3797,0,0
P1,F3,13,test,calibrated,72,Paraguay_1076204,PRY,1.1338991717612819,0.313379274706982,0.3133792471273392,0.30052971839904785,0.066497802734375,0.0016164911212399602,262144,262144,4972,12676.152833313257,2247.091766873795,256899,2216,273,2756,0,0
P1,F3,13,test,t1,72,Paraguay_1076204,PRY,1.0,0.22717895252984777,0.22717899170171318,0.24094681441783905,0.05251731723546982,0.002031100681051612,262144,262144,4972,12249.037253938372,2230.725868717994,256899,2216,273,2756,0,0
P1,F3,13,test,calibrated,73,Paraguay_11869,PRY,1.1338991717612819,0.503369357007308,0.5033693755628237,0.3746265769004822,0.09225519001483917,0.0018438381375744939,262144,257933,2763,10322.492539610841,1891.580882369241,255536,2175,4,218,0,0
P1,F3,13,test,t1,73,Paraguay_11869,PRY,1.0,0.4082657931708209,0.4082658401704796,0.31372061371803284,0.07623907178640366,0.002275521168485284,262144,257933,2763,9582.953533576772,1860.844440445068,255536,2175,4,218,0,0
P1,F3,13,test,calibrated,74,Paraguay_126224,PRY,1.1338991717612819,0.3676086618414067,0.3676086625567696,0.5308791399002075,0.14862734079360962,0.0018744796980172396,262144,262144,7899,531260.073240624,129355.62423969245,116942,820,137303,7079,0,0
P1,F3,13,test,t1,74,Paraguay_126224,PRY,1.0,0.2964124861759623,0.296412460094279,0.4688580334186554,0.12869130074977875,0.002418431919068098,262144,262144,7899,599239.9165395906,131821.63007392013,116942,820,137303,7079,0,0
P1,F3,13,test,calibrated,75,Paraguay_12870,PRY,1.1338991717612819,0.31940292962998984,0.3194029018352561,0.46670860052108765,0.12982513010501862,0.0014755683951079845,262144,262144,7459,23444.774839712885,5961.797642307728,254685,7459,0,0,0,0
P1,F3,13,test,t1,75,Paraguay_12870,PRY,1.0,0.2528982542441083,0.2528982747148617,0.40820908546447754,0.1123385950922966,0.0018569949315860868,262144,262144,7459,24076.377452868746,6067.339521149263,254685,7459,0,0,0,0
P1,F3,13,test,calibrated,76,Paraguay_148318,PRY,1.1338991717612819,0.5638096153670127,0.5638096311759052,0.29796361923217773,0.0700453594326973,0.001110063400119543,262144,240076,1862,6415.557049956248,1299.507262680301,237319,528,1131,1098,0,0
P1,F3,13,test,t1,76,Paraguay_148318,PRY,1.0,0.45818598561080937,0.4581860174171367,0.2426995486021042,0.056945350021123886,0.0013859821483492851,262144,240076,1862,5631.983415177404,1304.6406087658784,237319,528,1131,1098,0,0
P1,F3,13,test,calibrated,77,Paraguay_149787,PRY,1.1338991717612819,0.12425242199002973,0.12425249768944835,0.5216038227081299,0.14260466396808624,0.00331131718121469,262144,262144,41363,20239.863851848975,4279.295553689512,218634,3419,2147,37944,0,0
P1,F3,13,test,t1,77,Paraguay_149787,PRY,1.0,0.09145134849446523,0.09145125504822083,0.4577910006046295,0.12238157540559769,0.004447295796126127,262144,262144,41363,18025.439187287942,4226.577877784255,218634,3419,2147,37944,0,0
P1,F3,13,test,calibrated,78,Paraguay_149830,PRY,1.1338991717612819,0.6386930717684276,0.6386930657302522,0.1750057339668274,0.033336713910102844,0.0004599194508045912,262144,260440,974,6058.597917250702,1114.5414400174434,258364,169,1191,716,0,0
P1,F3,13,test,t1,78,Paraguay_149830,PRY,1.0,0.5083005701569066,0.5083005397800084,0.12876011431217194,0.02465914562344551,0.0005631981766782701,262144,260440,974,5314.7297013467005,1128.7805989900482,258364,169,1191,716,0,0
P1,F3,13,test,calibrated,79,Paraguay_153941,PRY,1.1338991717612819,0.5551506643057724,0.5551507058068146,0.3032604157924652,0.07059668004512787,0.0016231993213295937,262144,262144,1976,8749.950682540295,1814.9371276414645,259715,1788,453,188,0,0
P1,F3,13,test,t1,79,Paraguay_153941,PRY,1.0,0.44852265850190665,0.4485226659694954,0.24660275876522064,0.05712229013442993,0.0020163445733487606,262144,262144,1976,7982.099654946987,1817.1888867220455,259715,1788,453,188,0,0
P1,F3,13,test,calibrated,80,Paraguay_172476,PRY,1.1338991717612819,0.4708528443658595,0.4708527951680298,0.2818494141101837,0.06895934045314789,0.0020857250783592463,262144,262143,2745,7480.035859631136,1603.6032233067308,258275,1053,1123,1692,0,0
P1,F3,13,test,t1,80,Paraguay_172476,PRY,1.0,0.3687699857932851,0.3687699689475814,0.23066946864128113,0.0571308508515358,0.0026740909088402987,262144,262143,2745,6644.466893851788,1616.4528652542745,258275,1053,1123,1692,0,0
P1,F3,13,test,calibrated,81,Paraguay_179624,PRY,1.1338991717612819,0.8312650891173845,0.8312650762877796,0.18359233438968658,0.03569337725639343,0.00031029083766043186,262144,262109,402,3570.6356816369525,369.3146898987632,261670,397,37,5,0,0
P1,F3,13,test,t1,81,Paraguay_179624,PRY,1.0,0.7425821027126108,0.7425820797594085,0.13675087690353394,0.02666076086461544,0.0003559156320989132,262144,262109,402,2468.976400589986,349.271191196306,261670,397,37,5,0,0
P1,F3,13,test,calibrated,82,Paraguay_191503,PRY,1.1338991717612819,0.5062028202491891,0.5062028662167748,0.416642427444458,0.11386266350746155,0.0012408362235873938,262144,262144,3345,10125.690474247906,2488.805588439427,258709,3345,90,0,0,0
P1,F3,13,test,t1,82,Paraguay_191503,PRY,1.0,0.4210809168673909,0.42108096808014517,0.3605480194091797,0.09801725298166275,0.0015345978317782283,262144,262144,3345,9271.34689493339,2507.6601926650033,258709,3345,90,0,0,0
P1,F3,13,test,calibrated,83,Paraguay_198534,PRY,1.1338991717612819,0.206152222180376,0.2061522270978834,0.7341935038566589,0.24202094972133636,0.0027407503221184015,262144,195487,21516,31465.189452631654,9606.681294301097,182505,12982,0,0,0,0
P1,F3,13,test,t1,83,Paraguay_198534,PRY,1.0,0.16998312104880153,0.16998317636016846,0.6868960857391357,0.22078749537467957,0.003530800575390458,262144,195487,21516,33350.518132248675,9935.66981968208,182505,12982,0,0,0,0
P1,F3,13,test,calibrated,84,Paraguay_205585,PRY,1.1338991717612819,0.9545892889593315,0.9545892900340921,0.18759211897850037,0.032470110803842545,0.00021787390869576484,262144,262144,98,2995.652158139499,129.952382553192,262046,98,0,0,0,0
P1,F3,13,test,t1,84,Paraguay_205585,PRY,1.0,0.9225745762538762,0.9225745772605051,0.1357133388519287,0.022516878321766853,0.00022029163665138185,262144,262144,98,1796.1210031727633,100.11586027914412,262046,98,0,0,0,0
P1,F3,13,test,calibrated,85,Paraguay_212687,PRY,1.1338991717612819,0.994180348277747,0.9941803484746672,0.21337050199508667,0.034496698528528214,7.47954472899437e-05,262144,262144,11,54801.51575770111,14287.64095881479,246835,1,15298,10,0,0
P1,F3,13,test,t1,85,Paraguay_212687,PRY,1.0,0.9895773083150148,0.9895773072632422,0.15307477116584778,0.02260928973555565,6.49795911158435e-05,262144,262144,11,60509.31525979524,14621.160151932716,246835,1,15298,10,0,0
P1,F3,13,test,calibrated,86,Paraguay_215904,PRY,1.1338991717612819,0.3449748091731688,0.3449747573762494,0.37018877267837524,0.09646580368280411,0.0012851532083004713,262144,226308,5354,15564.080866011798,4168.258521740458,220956,5352,0,0,0,0
P1,F3,13,test,t1,86,Paraguay_215904,PRY,1.0,0.2667129852861432,0.2667129911923032,0.31422343850135803,0.08164571225643158,0.0016039328183978796,262144,226308,5354,15758.423954611595,4269.741861330238,220956,5352,0,0,0,0
P1,F3,13,test,calibrated,87,Paraguay_224845,PRY,1.1338991717612819,0.9650397434906586,0.9650397449202192,0.7760015726089478,0.23531019687652588,0.0008931250195018947,109183,103920,507,18146.64959125244,2724.4844319798117,103920,0,0,0,0,0
P1,F3,13,test,t1,87,Paraguay_224845,PRY,1.0,0.957334827105179,0.9573348276592438,0.72591233253479,0.2090374082326889,0.001104084774851799,109183,103920,507,14821.878677793586,1893.48931584514,103920,0,0,0,0,0
P1,F3,13,test,calibrated,88,Paraguay_225187,PRY,1.1338991717612819,0.1596120382563463,0.15961204285681996,0.9618643522262573,0.4005259871482849,0.005617600865662098,262144,262144,81918,215991.13462451848,64788.73311568486,180221,81876,5,42,0,0
P1,F3,13,test,t1,88,Paraguay_225187,PRY,1.0,0.137418952218335,0.1374190120973372,0.9516174793243408,0.3880358338356018,0.007363246753811836,262144,262144,81918,236361.2864624948,66781.7175156559,180221,81876,5,42,0,0
P1,F3,13,test,calibrated,89,Paraguay_232281,PRY,1.1338991717612819,0.9792447721316052,0.9792447714718241,0.3002200722694397,0.05629916489124298,0.0007206726586446166,261391,261391,69,102561.36844136947,27333.33782579194,231918,69,29404,0,0,0
P1,F3,13,test,t1,89,Paraguay_232281,PRY,1.0,0.9665840815292415,0.9665840862958857,0.23049381375312805,0.04046357050538063,0.0007975434418767691,261391,261391,69,114320.45661999908,28010.87708718958,231918,69,29404,0,0,0
P1,F3,13,test,calibrated,90,Paraguay_24341,PRY,1.1338991717612819,0.11878058113897705,0.1187806270924695,0.7347369194030762,0.23546160757541656,0.003375582629814744,262144,262144,68165,28515.22119741881,6283.912968219148,189915,3876,4064,64289,0,0
P1,F3,13,test,t1,90,Paraguay_24341,PRY,1.0,0.09249792160240966,0.09249794781969956,0.6847045421600342,0.2129123955965042,0.004573761485517025,262144,262144,68165,25457.95698274045,6071.436521686021,189915,3876,4064,64289,0,0
P1,F3,13,test,calibrated,91,Paraguay_246154,PRY,1.1338991717612819,0.9679474178230998,0.9679474177907609,0.14641672372817993,0.022989870980381966,0.00018649963021744043,262144,262144,58,2710.0613694568247,78.28553625798287,262072,36,14,22,0,0
P1,F3,13,test,t1,91,Paraguay_246154,PRY,1.0,0.9430862640800342,0.9430862603591134,0.10057763010263443,0.01500958763062954,0.00019461402553133667,262144,262144,58,1554.2837317663323,55.86914625542614,262072,36,14,22,0,0
P1,F3,13,test,calibrated,92,Paraguay_247656,PRY,1.1338991717612819,0.14335576892666158,0.14335574317118116,0.3404620587825775,0.07502399384975433,0.0019670461770147085,262144,262144,21649,11221.528355495944,1742.5288865857751,239807,1361,688,20288,0,0
P1,F3,13,test,t1,92,Paraguay_247656,PRY,1.0,0.09869800633323422,0.09869800158587705,0.27464932203292847,0.05896124616265297,0.0025791041553020477,262144,262144,21649,9275.72397456094,1682.4886777538327,239807,1361,688,20288,0,0
P1,F3,13,test,calibrated,93,Paraguay_252217,PRY,1.1338991717612819,0.5904085790707087,0.5904085468900626,0.28307440876960754,0.06554748117923737,0.0011572529328987002,262144,255778,1678,6720.04098072376,1280.5738990225632,254100,1378,229,71,0,0
P1,F3,13,test,t1,93,Paraguay_252217,PRY,1.0,0.48194730979667855,0.48194730184256496,0.22864596545696259,0.052984122186899185,0.0014257787261158228,262144,255778,1678,5811.680892636309,1274.4826282599809,254100,1378,229,71,0,0
P1,F3,13,test,calibrated,94,Paraguay_271769,PRY,1.1338991717612819,0.13430550398160435,0.13430554159002694,0.9330762624740601,0.36820000410079956,0.006100598722696304,262144,262144,78874,206645.8891131565,62027.843632156575,182783,76748,487,2126,0,0
P1,F3,13,test,t1,94,Paraguay_271769,PRY,1.0,0.11301836055972514,0.11301837659606351,0.9159086346626282,0.3524376153945923,0.008072780445218086,262144,262144,78874,227137.4676811774,64056.88184097042,182783,76748,487,2126,0,0
P1,F3,13,test,calibrated,95,Paraguay_280900,PRY,1.1338991717612819,0.3175736377256493,0.3175736835971792,0.4557569921016693,0.12651698291301727,0.004159843549132347,262144,262142,7194,19853.05523082408,4925.0561000789185,252171,3386,2777,3808,0,0
P1,F3,13,test,t1,95,Paraguay_280900,PRY,1.0,0.2511733856112567,0.2511734036957841,0.39812391996383667,0.10941559821367264,0.005364084150642157,262144,262142,7194,20159.58033067497,4990.455909384424,252171,3386,2777,3808,0,0
P1,F3,13,test,calibrated,96,Paraguay_284928,PRY,1.1338991717612819,0.9116923306685532,0.9116923274578039,0.254638671875,0.048780471086502075,0.0013059788616374135,261368,261368,261,3640.5906358246893,246.39760840005903,261107,261,0,0,0,0
P1,F3,13,test,t1,96,Paraguay_284928,PRY,1.0,0.8615390283339304,0.8615390293837658,0.1927945911884308,0.035764120519161224,0.001530198846012354,261368,261368,261,2335.848068322831,206.20041680120676,261107,261,0,0,0,0
P1,F3,13,test,calibrated,97,Paraguay_305760,PRY,1.1338991717612819,0.9828445039749266,0.9828445026728917,0.2241702526807785,0.036678239703178406,7.122752140276134e-05,262144,262144,35,166601.74258278176,41525.595107356996,218353,0,43756,35,0,0
P1,F3,13,test,t1,97,Paraguay_305760,PRY,1.0,0.9702139209282987,0.9702139228819282,0.16182644665241241,0.024222493171691895,6.374951772158965e-05,262144,262144,35,187149.89468736356,42323.03204139016,218353,0,43756,35,0,0
P1,F3,13,test,calibrated,98,Paraguay_339807,PRY,1.1338991717612819,0.12314633696769273,0.12314638386642207,0.7423929572105408,0.23988474905490875,0.004270419478416443,262144,214619,63158,25962.305716728042,6319.42387985821,152119,4457,3868,54175,0,0
P1,F3,13,test,t1,98,Paraguay_339807,PRY,1.0,0.09613090260160329,0.09613089174087253,0.6934085488319397,0.21746405959129333,0.005843121558427811,262144,214619,63158,24114.37377174702,6251.568890906955,152119,4457,3868,54175,0,0
P1,F3,13,test,calibrated,99,Paraguay_36015,PRY,1.1338991717612819,0.25769627040989285,0.2576962769658445,0.7778072953224182,0.26000988483428955,0.003911742474883795,262144,262139,19239,50967.95014952717,14947.193820915727,242900,19239,0,0,0,0
P1,F3,13,test,t1,99,Paraguay_36015,PRY,1.0,0.2151631286647503,0.21516312170216356,0.7336003184318542,0.23812507092952728,0.00501827010884881,262144,262139,19239,53761.955800080264,15321.507945487223,242900,19239,0,0,0,0
P1,F3,13,test,calibrated,100,Paraguay_36146,PRY,1.1338991717612819,0.4223877582741261,0.42238779886096,0.5887304544448853,0.17656995356082916,0.0025242879055440426,262144,262144,6308,17156.5519052865,4669.364867922661,255836,6308,0,0,0,0
P1,F3,13,test,t1,100,Paraguay_36146,PRY,1.0,0.35579607605287444,0.35579610673647954,0.5319259166717529,0.15652388334274292,0.0031984925735741854,262144,262144,6308,16674.348370048374,4722.047772103237,255836,6308,0,0,0,0
P1,F3,13,test,calibrated,101,Paraguay_403081,PRY,1.1338991717612819,0.5579402192504104,0.5579402299669474,0.20121711492538452,0.0381375215947628,0.000661709695123136,262144,249836,1338,4245.622412321258,502.82875724216103,248283,351,215,987,0,0
P1,F3,13,test,t1,101,Paraguay_403081,PRY,1.0,0.4286444589243905,0.42864443959443177,0.14956434071063995,0.027989206835627556,0.0007992539904080331,262144,249836,1338,3216.204190415452,481.94307954000385,248283,351,215,987,0,0
P1,F3,13,test,calibrated,102,Paraguay_40936,PRY,1.1338991717612819,0.38169386572569,0.3816938456046489,0.7861800193786621,0.2658362090587616,0.0034155312459915876,262144,215331,11174,25737.003589805092,7406.064937019471,205353,9978,0,0,0,0
P1,F3,13,test,t1,102,Paraguay_40936,PRY,1.0,0.3300563500168141,0.3300562807966384,0.7434328198432922,0.24427980184555054,0.004361023660749197,262144,215331,11174,25931.382901757806,7496.843883698034,205353,9978,0,0,0,0
P1,F3,13,test,calibrated,103,Paraguay_44682,PRY,1.1338991717612819,0.9162440427375632,0.9162440426737386,0.14545011520385742,0.024637727066874504,0.00020018416398670524,262144,262144,175,5531.069013975692,955.6208642728926,260820,15,1149,160,0,0
P1,F3,13,test,t1,103,Paraguay_44682,PRY,1.0,0.8591049281010809,0.8591049312373373,0.10162195563316345,0.01703682541847229,0.0002207451907452196,262144,262144,175,4763.582364697868,969.1898232311651,260820,15,1149,160,0,0
P1,F3,13,test,calibrated,104,Paraguay_470303,PRY,1.1338991717612819,0.5294968170639762,0.5294968133168733,0.3123928904533386,0.07380595803260803,0.0006330146570689976,262144,262144,2261,29716.53332166249,7589.104946594119,251392,306,8491,1955,0,0
P1,F3,13,test,t1,104,Paraguay_470303,PRY,1.0,0.4249465331175645,0.4249465382628226,0.2546756863594055,0.06010768190026283,0.000791239901445806,262144,262144,2261,31775.141513727754,7762.883226042399,251392,306,8491,1955,0,0
P1,F3,13,test,calibrated,105,Paraguay_482517,PRY,1.1338991717612819,0.11253700375012488,0.1125370338047953,0.530307948589325,0.13603323698043823,0.0021225379314273596,262144,259600,45949,19435.761814850455,3542.2879170921055,210925,1223,2726,44726,0,0
P1,F3,13,test,t1,105,Paraguay_482517,PRY,1.0,0.08178734411767152,0.0817873699491315,0.4603918790817261,0.11366971582174301,0.0028244287241250277,262144,259600,45949,17130.457750692934,3388.0335899778347,210925,1223,2726,44726,0,0
P1,F3,13,test,calibrated,106,Paraguay_48673,PRY,1.1338991717612819,0.3939614986285125,0.39396149050004947,0.5135507583618164,0.14585041999816895,0.0028107715770602226,262144,262144,5913,17925.442141586816,4661.166641456342,256160,5851,71,62,0,0
P1,F3,13,test,t1,106,Paraguay_48673,PRY,1.0,0.3227996381603109,0.3227996270477881,0.454489529132843,0.12701892852783203,0.0035708884242922068,262144,262144,5913,17751.474352008423,4718.856243919009,256160,5851,71,62,0,0
P1,F3,13,test,calibrated,107,Paraguay_511199,PRY,1.1338991717612819,0.5525387222976703,0.5525387587785349,0.2762656509876251,0.0628819614648819,0.000926575914490968,262144,262144,1863,35250.00837593261,8838.13564349588,250444,156,9837,1707,0,0
P1,F3,13,test,t1,107,Paraguay_511199,PRY,1.0,0.44182866811388444,0.44182860044649064,0.22139346599578857,0.0504552498459816,0.0011678775772452354,262144,262144,1863,38145.975834635035,9034.664263394277,250444,156,9837,1707,0,0
P1,F3,13,test,calibrated,108,Paraguay_54421,PRY,1.1338991717612819,0.5038225258736906,0.5038225229835462,0.40163373947143555,0.10651464760303497,0.0014161454746499658,262144,262144,3109,10629.95090188087,2444.9976899851818,259025,3079,10,30,0,0
P1,F3,13,test,t1,108,Paraguay_54421,PRY,1.0,0.41594266771444754,0.4159426570280985,0.34406203031539917,0.09067553281784058,0.0017559557454660535,262144,262144,3109,9860.414938936761,2444.387052599236,259025,3079,10,30,0,0
P1,F3,13,test,calibrated,109,Paraguay_581976,PRY,1.1338991717612819,0.4164923323069978,0.41649231554085464,0.5349952578544617,0.15212026238441467,0.0017455475172027946,261748,261748,6605,542819.5695895702,132813.1368733097,113114,45,142029,6560,0,0
P1,F3,13,test,t1,109,Paraguay_581976,PRY,1.0,0.34201548757883016,0.34201544719157617,0.47438544034957886,0.13246849179267883,0.0022063718643039465,261748,261748,6605,612419.630735888,135381.25412947818,113114,45,142029,6560,0,0
P1,F3,13,test,calibrated,110,Paraguay_59731,PRY,1.1338991717612819,0.25386971253888346,0.25386974230086545,0.1939418911933899,0.03669331967830658,0.001498035853728652,262144,255656,5282,8434.608239487428,1327.3772176699565,251460,1426,83,2687,0,0
P1,F3,13,test,t1,110,Paraguay_59731,PRY,1.0,0.16868748023978042,0.16868752912627982,0.14348390698432922,0.02694956585764885,0.0019146001432090998,262144,255656,5282,7752.942338867114,1324.1556279981744,251460,1426,83,2687,0,0
P1,F3,13,test,calibrated,111,Paraguay_605682,PRY,1.1338991717612819,0.31716953127070613,0.31716957974803683,0.6664673686027527,0.20533190667629242,0.0018345625139772892,262144,262144,12807,201996.05864306877,56781.02411052243,185661,1043,63676,11764,0,0
P1,F3,13,test,t1,111,Paraguay_605682,PRY,1.0,0.26045923415229166,0.2604592313120656,0.6113594770431519,0.18344950675964355,0.002334322314709425,262144,262144,12807,225186.37561125463,58409.351200127756,185661,1043,63676,11764,0,0
P1,F3,13,test,calibrated,112,Paraguay_62897,PRY,1.1338991717612819,0.8794778716661554,0.8794778697089546,0.26970505714416504,0.04929312318563461,0.00012216766481287777,262144,262144,330,143386.11417288362,38093.26682738626,220969,33,40845,297,0,0
P1,F3,13,test,t1,112,Paraguay_62897,PRY,1.0,0.8129409339212592,0.8129409400461577,0.20350366830825806,0.03498345613479614,0.00012323507689870894,262144,262144,330,160695.56853518443,38996.75759107604,220969,33,40845,297,0,0
P1,F3,13,test,calibrated,113,Paraguay_648632,PRY,1.1338991717612819,0.5842706941176845,0.5842707044279201,0.2669523358345032,0.052059441804885864,0.0004294058890081942,262144,262144,1452,60372.95909248793,15852.80402858516,243623,127,17069,1325,0,0
P1,F3,13,test,t1,113,Paraguay_648632,PRY,1.0,0.4616866544631756,0.46168660554324636,0.2043948918581009,0.03851303458213806,0.000526964373420924,262144,262144,1452,66615.30079678031,16228.211482251776,243623,127,17069,1325,0,0
P1,F3,13,test,calibrated,114,Paraguay_651904,PRY,1.1338991717612819,0.12249982228406198,0.1224998130157221,0.34337708353996277,0.07446882128715515,0.001662880415096879,262144,262144,22427,29697.986918936636,7511.681246526078,233100,1888,6617,20539,0,0
P1,F3,13,test,t1,114,Paraguay_651904,PRY,1.0,0.0826727293449786,0.082672771411746,0.2760341465473175,0.05802224949002266,0.002178890397772193,262144,262144,22427,30662.90839730786,7677.137366146806,233100,1888,6617,20539,0,0
P1,F3,13,test,calibrated,115,Paraguay_657443,PRY,1.1338991717612819,0.11375732006853656,0.11375728985353772,0.7206392884254456,0.22901573777198792,0.004358262289315462,262144,262144,70306,29091.751421550143,6550.468102313934,190213,6957,1625,63349,0,0
P1,F3,13,test,t1,115,Paraguay_657443,PRY,1.0,0.08806168439187934,0.08806156758842887,0.6693436503410339,0.20655661821365356,0.0059972843155264854,262144,262144,70306,26214.874171912004,6384.764597890369,190213,6957,1625,63349,0,0
P1,F3,13,test,calibrated,116,Paraguay_683296,PRY,1.1338991717612819,0.24209750401411279,0.24209755471030558,0.22901971638202667,0.04542671516537666,0.0013990962179377675,262144,259578,6561,11410.257108501204,2273.099711973889,251278,891,1739,5670,0,0
P1,F3,13,test,t1,116,Paraguay_683296,PRY,1.0,0.16380358425528174,0.16380355740617192,0.1739688664674759,0.03411329165101051,0.0017639753641560674,262144,259578,6561,10826.541447165237,2294.6161052287407,251278,891,1739,5670,0,0
P1,F3,13,test,calibrated,117,Paraguay_721886,PRY,1.1338991717612819,0.24480777863445047,0.24480775080795802,0.39173316955566406,0.1039249375462532,0.006383310072124004,261426,261426,9034,25429.427918893995,6368.626387277267,247580,2929,4812,6105,0,0
P1,F3,13,test,t1,117,Paraguay_721886,PRY,1.0,0.18449813176093333,0.18449814961745448,0.3351893126964569,0.08851666003465652,0.008154914714396,261426,261426,9034,26499.66872972688,6496.449567180507,247580,2929,4812,6105,0,0
P1,F3,13,test,calibrated,118,Paraguay_76868,PRY,1.1338991717612819,0.19959217923353634,0.19959218460555594,0.6762685179710388,0.20669512450695038,0.0033631736878305674,262144,262121,22462,19454.286694977447,4697.647357471748,238976,5462,683,17000,0,0
P1,F3,13,test,t1,118,Paraguay_76868,PRY,1.0,0.15819921351048716,0.15819924517693296,0.6203858256340027,0.18413448333740234,0.004396884702146053,262144,262121,22462,17912.13940339857,4649.439555858212,238976,5462,683,17000,0,0
P1,F3,13,test,calibrated,119,Paraguay_7894,PRY,1.1338991717612819,0.8723815777502595,0.8723815818159125,0.17867432534694672,0.03146395832300186,0.00030319616780616343,262144,202187,278,2181.9460137920023,83.988985099003,202111,76,0,0,0,0
P1,F3,13,test,t1,119,Paraguay_7894,PRY,1.0,0.7958623733030885,0.7958623779192326,0.12896837294101715,0.022130735218524933,0.0003379273402970284,262144,202187,278,1282.0470198457997,64.64486643865385,202111,76,0,0,0,0
P1,F3,13,test,calibrated,120,Paraguay_790830,PRY,1.1338991717612819,0.12383016669070612,0.12383016218419651,0.402981162071228,0.09691827744245529,0.00216958811506629,262144,261199,32887,13649.034227774153,2268.221000515561,227384,1868,928,31019,0,0
P1,F3,13,test,t1,120,Paraguay_790830,PRY,1.0,0.08741437354425263,0.08741430350867418,0.33656737208366394,0.07915592938661575,0.002871544798836112,262144,261199,32887,11285.864456840554,2183.4765652790147,227384,1868,928,31019,0,0
P1,F3,13,test,calibrated,121,Paraguay_791364,PRY,1.1338991717612819,0.9799077973597552,0.9799077972889794,0.1240120455622673,0.0179885420948267,9.19573794817552e-05,262144,261735,39,6869.720902214207,1120.3845561292237,260529,0,1167,39,0,0
P1,F3,13,test,t1,121,Paraguay_791364,PRY,1.0,0.9630602371769635,0.9630602366943583,0.0817895233631134,0.011100906878709793,8.438752411166206e-05,262144,261735,39,6341.239223527267,1123.197233876272,260529,0,1167,39,0,0
P1,F3,13,test,calibrated,122,Paraguay_792268,PRY,1.1338991717612819,0.5273469074354686,0.5273468830657179,0.3069203197956085,0.07157385349273682,0.001601134310476482,262144,262120,2154,6949.734883649868,1244.0906524830227,259615,1159,351,995,0,0
P1,F3,13,test,t1,122,Paraguay_792268,PRY,1.0,0.4221869486999552,0.42218692066594066,0.24993577599525452,0.05794255807995796,0.0019993747118860483,262144,262120,2154,5920.887936054248,1220.5446914775532,259615,1159,351,995,0,0
P1,F3,13,test,calibrated,123,Paraguay_795075,PRY,1.1338991717612819,0.37183281199988927,0.37183279099557176,0.18150494992733002,0.032051824033260345,0.0008075713412836194,262144,262138,2726,7667.340404836657,1344.2871011948043,258323,394,1089,2332,0,0
P1,F3,13,test,t1,123,Paraguay_795075,PRY,1.0,0.25624314258391234,0.256243234995306,0.13101695477962494,0.022584283724427223,0.0010083833476528525,262144,262138,2726,6979.216164302257,1348.0403285389448,258323,394,1089,2332,0,0
P1,F3,13,test,calibrated,124,Paraguay_80102,PRY,1.1338991717612819,0.9677078792385575,0.9677078786980515,0.15286684036254883,0.024086011573672295,0.00015811431512702256,262144,262143,61,2787.643307437017,102.15376785188427,262060,61,22,0,0,0
P1,F3,13,test,t1,124,Paraguay_80102,PRY,1.0,0.9424387538364782,0.9424387556455998,0.10550712794065475,0.0157361701130867,0.00015611467824783176,262144,262143,61,1639.746266344494,80.6905859519127,262060,61,22,0,0,0
P1,F3,13,test,calibrated,125,Paraguay_822142,PRY,1.1338991717612819,0.12431270021352603,0.12431271407953148,0.8373369574546814,0.2929683327674866,0.004127904307097197,262144,262144,84393,38729.34719586832,9440.767311170759,173736,8218,4015,76175,0,0
P1,F3,13,test,t1,125,Paraguay_822142,PRY,1.0,0.10006009104411018,0.10006012949076981,0.8012757897377014,0.2718469500541687,0.005652948748320341,262144,262144,84393,35603.59471396855,9181.986232518822,173736,8218,4015,76175,0,0
P1,F3,13,test,calibrated,126,Paraguay_868895,PRY,1.1338991717612819,0.1754213540644023,0.17542133595227416,0.46109819412231445,0.12373281270265579,0.0038093063049018383,262144,175465,17073,41274.01729789154,10713.559132002183,156729,2949,9401,6386,0,0
P1,F3,13,test,t1,126,Paraguay_868895,PRY,1.0,0.13028933161389222,0.13028933739483817,0.3994923233985901,0.10561441630125046,0.004994238261133432,262144,175465,17073,44725.71322266412,10963.92236940495,156729,2949,9401,6386,0,0
P1,F3,13,test,calibrated,127,Paraguay_892933,PRY,1.1338991717612819,0.7022772665082575,0.7022772638404444,0.3663370609283447,0.08017279207706451,0.0004651371273212135,262144,262144,1272,83288.38806409884,23200.526978146954,235387,187,25485,1085,0,0
P1,F3,13,test,t1,127,Paraguay_892933,PRY,1.0,0.6050797184554066,0.6050797340131165,0.2970149517059326,0.06266192346811295,0.0005564931780099869,262144,262144,1272,92185.25761384187,23853.544195911163,235387,187,25485,1085,0,0
P1,F3,13,test,calibrated,128,Paraguay_896458,PRY,1.1338991717612819,0.10892004023524149,0.108920065933101,0.5443467497825623,0.14790944755077362,0.002616969868540764,262144,240678,54609,20499.18359484359,4112.88945913407,188752,2627,2357,46942,0,0
P1,F3,13,test,t1,128,Paraguay_896458,PRY,1.0,0.08017247128700178,0.08017246618168583,0.478971004486084,0.12653730809688568,0.0035273891407996416,262144,240678,54609,18117.653868380454,3995.7654009221224,188752,2627,2357,46942,0,0
P1,F3,13,test,calibrated,129,Paraguay_913449,PRY,1.1338991717612819,0.4057574504645771,0.40575746916474675,0.39288821816444397,0.10310383886098862,0.0033186033833771944,262144,262144,4357,14343.339184389124,3466.4945422033484,255033,1594,2754,2763,0,0
P1,F3,13,test,t1,129,Paraguay_913449,PRY,1.0,0.3226398196511234,0.3226398480324131,0.3352437913417816,0.08743315190076828,0.004236951936036348,262144,262144,4357,14102.021502884207,3505.97116346932,255033,1594,2754,2763,0,0
P1,F3,13,test,calibrated,130,Paraguay_921838,PRY,1.1338991717612819,0.6356342439501785,0.6356342140449183,0.46526867151260376,0.12066258490085602,0.0009304435807280242,262144,262144,2317,28265.645466776376,7101.040466564139,253284,1510,6543,807,0,0
P1,F3,13,test,t1,130,Paraguay_921838,PRY,1.0,0.5506973260519297,0.5506973246589333,0.40014180541038513,0.10155872255563736,0.0011352479923516512,262144,262144,2317,29353.47202890121,7190.14994201522,253284,1510,6543,807,0,0
P1,F3,13,test,calibrated,131,Paraguay_934240,PRY,1.1338991717612819,0.9999999999640992,1.0,0.17717835307121277,0.02681044489145279,4.593899939209223e-05,262144,262144,0,84192.91096802577,19590.332510399305,241786,0,20358,0,0,0
P1,F3,13,test,t1,131,Paraguay_934240,PRY,1.0,0.99999999993631,1.0,0.12238676846027374,0.016817789524793625,3.303936682641506e-05,262144,262144,0,93861.2579370887,19880.255685295648,241786,0,20358,0,0,0
P1,F3,13,test,calibrated,132,Paraguay_989230,PRY,1.1338991717612819,0.12410374695413162,0.12410378895792495,0.5576333403587341,0.15498071908950806,0.003621665295213461,262144,219924,42255,18427.905129743103,3955.258290377752,181710,1623,3118,33473,0,0
P1,F3,13,test,t1,132,Paraguay_989230,PRY,1.0,0.09199245275205614,0.09199247134232114,0.4938543736934662,0.1337105929851532,0.004840021021664143,262144,219924,42255,16880.16894836828,3912.942167152688,181710,1623,3118,33473,0,0
P1,F3,13,test,calibrated,133,Paraguay_997480,PRY,1.1338991717612819,0.3797700548713139,0.3797700498276423,0.3936285674571991,0.10107068717479706,0.000982531695626676,262144,262144,4706,49401.73845931994,13241.797775595242,242102,95,15336,4611,0,0
P1,F3,13,test,t1,133,Paraguay_997480,PRY,1.0,0.2977346360134191,0.29773462004727713,0.3339662253856659,0.08494773507118225,0.0012171664275228977,262144,262144,4706,53845.56350031179,13595.420717896091,242102,95,15336,4611,0,0
P1,F3,13,test,calibrated,134,Somalia_1068756,SOM,1.1338991717612819,0.17147998678253928,0.17147998680090282,0.9628846645355225,0.4019412100315094,0.008123332634568214,261231,171193,78200,132726.84846994776,36529.59298715039,122729,41969,3157,3338,0,0
P1,F3,13,test,t1,134,Somalia_1068756,SOM,1.0,0.14779481089734225,0.14779484669014042,0.9528956413269043,0.3896084427833557,0.01075180433690548,261231,171193,78200,144609.33555313767,37351.39839469558,122729,41969,3157,3338,0,0
P1,F3,13,test,calibrated,135,Somalia_1087508,SOM,1.1338991717612819,0.1905956312090289,0.19059561997385244,0.9743679165840149,0.41858887672424316,0.008221415802836418,262144,212943,81611,158946.68843437987,45769.64939564542,146984,55938,1799,8222,0,0
P1,F3,13,test,t1,135,Somalia_1087508,SOM,1.0,0.16645887355575384,0.16645885306347608,0.9673410058021545,0.4081500172615051,0.01101020909845829,262144,212943,81611,171864.2009392319,46804.63379511352,146984,55938,1799,8222,0,0
P1,F3,13,test,calibrated,136,Somalia_12849,SOM,1.1338991717612819,0.15097000940723382,0.15096996672890217,0.9908545613288879,0.4511875510215759,0.0041474937461316586,262144,191302,157526,231770.08313098783,72143.92320618677,70570,83540,10596,26596,0,0
P1,F3,13,test,t1,136,Somalia_12849,SOM,1.0,0.13465854021136403,0.1346585047251282,0.9882793426513672,0.4447508156299591,0.005498153623193502,262144,191302,157526,252817.11667126254,74396.1478879182,70570,83540,10596,26596,0,0
P1,F3,13,test,calibrated,137,Somalia_166342,SOM,1.1338991717612819,0.35334945338782364,0.35334955515086586,0.7645010352134705,0.25378483533859253,0.007384609431028366,262144,220577,12087,28090.854114911483,7840.328291317467,210307,10258,12,0,0,0
P1,F3,13,test,t1,137,Somalia_166342,SOM,1.0,0.30123408425002907,0.3012341404847627,0.7190084457397461,0.2319599986076355,0.009526144713163376,262144,220577,12087,28644.02133799544,7946.934387832399,210307,10258,12,0,0,0
P1,F3,13,test,calibrated,138,Somalia_167787,SOM,1.1338991717612819,0.15422901801634248,0.15422900715587484,0.9873457551002502,0.44277191162109375,0.007001956924796104,262144,220505,133172,269214.11873952707,82820.80869999802,112359,107921,1,224,0,0
P1,F3,13,test,t1,138,Somalia_167787,SOM,1.0,0.13616560186497995,0.13616560746486372,0.9838036298751831,0.435271292924881,0.009238224476575851,262144,220505,133172,294957.017116345,85552.97691973718,112359,107921,1,224,0,0
P1,F3,13,test,calibrated,139,Somalia_195014,SOM,1.1338991717612819,0.5880307156387207,0.5880307239382352,0.19472718238830566,0.03945683315396309,0.0006468454957939684,262144,233650,1309,5709.580961497213,1040.104025567953,232355,1295,0,0,0,0
P1,F3,13,test,t1,139,Somalia_195014,SOM,1.0,0.4611493195241003,0.4611493061051025,0.1469152271747589,0.03012334182858467,0.0007994204061105847,262144,233650,1309,4980.331017662594,1046.0642115166906,232355,1295,0,0,0,0
P1,F3,13,test,calibrated,140,Somalia_205466,SOM,1.1338991717612819,0.3093220596127738,0.3093221154531035,0.4590907692909241,0.12639957666397095,0.003922044765204191,262144,240083,7613,19100.76864966534,4619.359523600971,234356,5634,83,10,0,0
P1,F3,13,test,t1,140,Somalia_205466,SOM,1.0,0.2430649241653089,0.2430649237125838,0.4004095494747162,0.10896850377321243,0.0050367028452456,262144,240083,7613,19460.27555534668,4688.466913168901,234356,5634,83,10,0,0
P1,F3,13,test,calibrated,141,Somalia_230192,SOM,1.1338991717612819,0.1588452361506052,0.15884525872704736,0.9754163026809692,0.4199516773223877,0.007700116839259863,262144,232522,101483,253312.9758288777,73046.01067650851,141746,90718,10,48,0,0
P1,F3,13,test,t1,141,Somalia_230192,SOM,1.0,0.13797514393582633,0.1379751574627055,0.9686628580093384,0.40966561436653137,0.010256006382405758,262144,232522,101483,277955.0088667389,75046.89747688759,141746,90718,10,48,0,0
P1,F3,13,test,calibrated,142,Somalia_256539,SOM,1.1338991717612819,0.28212185659124345,0.2821218378667463,0.8045497536659241,0.2763465642929077,0.0064843688160181046,262144,221259,18379,40632.835206756004,11545.586710913109,206374,14862,23,0,0,0
P1,F3,13,test,t1,142,Somalia_256539,SOM,1.0,0.2382923556168196,0.23829230682998404,0.7642197608947754,0.2550690472126007,0.008479934185743332,262144,221259,18379,42583.72014186483,11785.649953806267,206374,14862,23,0,0,0
P1,F3,13,test,calibrated,143,Somalia_295782,SOM,1.1338991717612819,0.19983683593922175,0.19983683818637177,0.9673745632171631,0.408110111951828,0.0091636311262846,262144,203048,66223,146929.4917213249,41975.49345693861,140340,46469,6775,9464,0,0
P1,F3,13,test,t1,143,Somalia_295782,SOM,1.0,0.17427562040221045,0.17427566529961114,0.9585310220718384,0.39646589756011963,0.012143388390541077,262144,203048,66223,159619.32555216548,43017.24015531622,140340,46469,6775,9464,0,0
P1,F3,13,test,calibrated,144,Somalia_322855,SOM,1.1338991717612819,0.20284500561507546,0.20284501828109802,0.7072482109069824,0.22620823979377747,0.004789859987795353,262144,255044,21030,79967.45121359255,22737.57275139763,208725,1582,25891,18846,0,0
P1,F3,13,test,t1,144,Somalia_322855,SOM,1.0,0.16521782964308573,0.16521788370425128,0.6563407182693481,0.20448583364486694,0.0063006337732076645,262144,255044,21030,87319.71597260381,23363.791667227935,208725,1582,25891,18846,0,0
P1,F3,13,test,calibrated,145,Somalia_32375,SOM,1.1338991717612819,0.18818170484463326,0.18818166019142735,0.9786391258239746,0.42548465728759766,0.01139543205499649,261366,133568,86736,129955.74841483127,36793.26942767361,87361,46206,1,0,0,0
P1,F3,13,test,t1,145,Somalia_32375,SOM,1.0,0.16518665252252573,0.1651866577910288,0.9727411270141602,0.41585859656333923,0.015060187317430973,261366,133568,86736,141953.51393527753,37711.00863363201,87361,46206,1,0,0,0
P1,F3,13,test,calibrated,146,Somalia_371421,SOM,1.1338991717612819,0.1958343132847673,0.19583427811940202,0.9407762289047241,0.37621167302131653,0.009553465992212296,262144,230962,52313,178158.4851285006,50719.0739686218,159580,36704,25929,8749,0,0
P1,F3,13,test,t1,146,Somalia_371421,SOM,1.0,0.16824358158613972,0.16824359220316287,0.925400972366333,0.36121854186058044,0.012643420137465,262144,230962,52313,195621.73391592962,52132.41401431791,159580,36704,25929,8749,0,0
P1,F3,13,test,calibrated,147,Somalia_60129,SOM,1.1338991717612819,0.22715005301354152,0.22715007477990057,0.8853804469108582,0.32794278860092163,0.00888533890247345,262144,222316,31040,66322.49797019799,19071.715628066988,197848,23791,573,104,0,0
P1,F3,13,test,t1,147,Somalia_60129,SOM,1.0,0.19343379336929045,0.19343381038001084,0.8582024574279785,0.30899927020072937,0.011646443046629429,262144,222316,31040,70881.95840287354,19525.066598788915,197848,23791,573,104,0,0
P1,F3,13,test,calibrated,148,Somalia_61368,SOM,1.1338991717612819,0.5545771867711352,0.5545772192349283,0.472845196723938,0.12870089709758759,0.0027251821011304855,262144,212969,3047,8564.77649623996,1980.4436286005184,210416,2553,0,0,0,0
P1,F3,13,test,t1,148,Somalia_61368,SOM,1.0,0.47141940106455726,0.47141937615753127,0.4122176766395569,0.11042165011167526,0.003409972181543708,262144,212969,3047,7729.165441301076,1962.9413042062708,210416,2553,0,0,0,0
P1,F3,13,test,calibrated,149,Somalia_626316,SOM,1.1338991717612819,0.15731503626406063,0.15731502132413466,0.9646758437156677,0.4041210114955902,0.006028386298567057,262144,169085,95698,146006.48225303128,42815.064294316995,96909,50449,3218,18509,0,0
P1,F3,13,test,t1,149,Somalia_626316,SOM,1.0,0.13512338190793605,0.1351234351152345,0.9551385641098022,0.39202216267585754,0.00808513630181551,262144,169085,95698,158956.31600657915,43961.89773672349,96909,50449,3218,18509,0,0
P1,F3,13,test,calibrated,150,Somalia_649376,SOM,1.1338991717612819,0.17249631159468803,0.17249635888696968,0.9420783519744873,0.377873033285141,0.006738170050084591,262144,213929,62785,154991.08586703928,43233.30806744749,159226,49516,3523,1664,0,0
P1,F3,13,test,t1,150,Somalia_649376,SOM,1.0,0.14716435645229142,0.14716433171998788,0.9270142912864685,0.3630549907684326,0.008975674398243427,262144,213929,62785,169621.89111021662,44321.9306175719,159226,49516,3523,1664,0,0
P1,F3,13,test,calibrated,151,Somalia_685158,SOM,1.1338991717612819,0.22347537614383783,0.22347532538046688,0.7342784404754639,0.23892731964588165,0.006402576342225075,262144,184172,20516,74348.71550643301,20577.283650320347,152684,6234,17957,7297,0,0
P1,F3,13,test,t1,151,Somalia_685158,SOM,1.0,0.18321876833010264,0.1832188381812503,0.6857575178146362,0.21709825098514557,0.008385098539292812,262144,184172,20516,81737.10432242477,21107.28851431692,152684,6234,17957,7297,0,0
P1,F3,13,test,calibrated,152,Somalia_699062,SOM,1.1338991717612819,0.32125955024537,0.3212595732709451,0.6048130989074707,0.1832079440355301,0.004059208557009697,262144,203209,9535,23035.874016578935,6285.396123236649,194180,5739,2231,1059,0,0
P1,F3,13,test,t1,152,Somalia_699062,SOM,1.0,0.26440094836572314,0.26440092202058574,0.5486084222793579,0.16291262209415436,0.005253278184682131,262144,203209,9535,23939.54923716732,6412.273852909022,194180,5739,2231,1059,0,0
P1,F3,13,test,calibrated,153,Somalia_7931,SOM,1.1338991717612819,0.8545881079836137,0.8545881156689157,0.1668975055217743,0.030200600624084473,0.0002936206292361021,262144,201972,322,2433.944676570533,180.0672156037719,201760,212,0,0,0,0
P1,F3,13,test,t1,153,Somalia_7931,SOM,1.0,0.7701173050452429,0.7701172839158732,0.12060911953449249,0.021682584658265114,0.0003362681600265205,262144,201972,322,1563.1609590600312,165.85608705481823,201760,212,0,0,0,0
P1,F3,13,test,calibrated,154,Somalia_886726,SOM,1.1338991717612819,0.17209066174998622,0.17209068239904168,0.8864794969558716,0.32868215441703796,0.009035159833729267,262144,262036,47148,178304.0663293893,49940.059071372976,167323,11718,47565,35430,0,0
P1,F3,13,test,t1,154,Somalia_886726,SOM,1.0,0.14352243122066521,0.1435224192881066,0.859504759311676,0.30977964401245117,0.012036477215588093,262144,262036,47148,196119.17419956625,51207.27814357707,167323,11718,47565,35430,0,0
P1,F3,13,test,calibrated,155,Somalia_93023,SOM,1.1338991717612819,0.186212582087675,0.18621262919916293,0.9696757197380066,0.41132852435112,0.009468737058341503,262144,187825,74807,146879.85786862165,42289.384219871885,134480,53345,0,0,0,0
P1,F3,13,test,t1,155,Somalia_93023,SOM,1.0,0.16201706171095498,0.16201703722641758,0.9614251852035522,0.4000474512577057,0.012512844055891037,262144,187825,74807,159759.7629610673,43354.776312655755,134480,53345,0,0,0,0
P1,F3,13,test,calibrated,156,Somalia_94102,SOM,1.1338991717612819,0.2333485802334917,0.23334860053918927,0.7711673378944397,0.25800371170043945,0.006497368682175875,262144,241360,20767,49702.75702794211,14013.196109198587,215792,12874,4976,7718,0,0
P1,F3,13,test,t1,156,Somalia_94102,SOM,1.0,0.19391867590276735,0.19391869143484186,0.7266149520874023,0.23634891211986542,0.008473329246044159,262144,241360,20767,52624.15276263127,14319.527347552532,215792,12874,4976,7718,0,0
P1,F3,13,test,calibrated,157,Somalia_970508,SOM,1.1338991717612819,0.16179127937736393,0.16179124510949205,0.9565675258636475,0.39378640055656433,0.007708858232945204,262144,217119,79925,232877.0370059617,65024.90211980921,123740,55267,22856,15256,0,0
P1,F3,13,test,t1,157,Somalia_970508,SOM,1.0,0.1385126951290696,0.13851272059537845,0.944995105266571,0.3805675506591797,0.010287626646459103,262144,217119,79925,256773.35917421337,66691.31130237159,123740,55267,22856,15256,0,0
P1,F3,13,test,calibrated,158,Somalia_989553,SOM,1.1338991717612819,0.1549160510562143,0.1549159771383697,0.9205272197723389,0.35674768686294556,0.003225738648325205,262144,110303,73759,52445.98981916367,15684.200685928896,90315,17681,2307,0,0,0
P1,F3,13,test,t1,158,Somalia_989553,SOM,1.0,0.12930014931349632,0.12930012683045522,0.900574266910553,0.3399931788444519,0.004277925472706556,262144,110303,73759,55518.269393284565,16044.352840434341,90315,17681,2307,0,0,0
P1,F3,13,test,calibrated,159,Somalia_992457,SOM,1.1338991717612819,0.3727522811637032,0.37275223301117333,0.8753389120101929,0.32010817527770996,0.007131547201424837,262144,181140,16370,43888.50275000362,12301.146947355923,162954,10334,5302,2550,0,0
P1,F3,13,test,t1,159,Somalia_992457,SOM,1.0,0.32584607802508647,0.3258460815450339,0.8461986780166626,0.30061522126197815,0.009199080988764763,262144,181140,16370,45968.74227240661,12471.480055318101,162954,10334,5302,2550,0,0
P1,F3,13,test,calibrated,160,Sri-Lanka_101973,LKA,1.1338991717612819,0.42370935613514915,0.4237093440113856,0.5057408213615417,0.1404011845588684,0.0026221724692732096,262144,262143,5264,23719.8722750214,6009.22404499141,254339,4846,2540,418,0,0
P1,F3,13,test,t1,160,Sri-Lanka_101973,LKA,1.0,0.3480460819365522,0.3480460606289896,0.44467705488204956,0.12126108258962631,0.003337615169584751,262144,262143,5264,24306.906965705846,6091.2621564751125,254339,4846,2540,418,0,0
P1,F3,13,test,calibrated,161,Sri-Lanka_1038087,LKA,1.1338991717612819,0.3282346353848098,0.32823467826213526,0.4704984724521637,0.12755070626735687,0.0024371184408664703,262144,262143,6997,55288.57180991676,14454.924391242948,241340,2691,13806,4306,0,0
P1,F3,13,test,t1,161,Sri-Lanka_1038087,LKA,1.0,0.2594071208627873,0.2594071557879314,0.40931233763694763,0.10927611589431763,0.003140124259516597,262144,262143,6997,60195.816721855386,14765.261938969239,241340,2691,13806,4306,0,0
P1,F3,13,test,calibrated,162,Sri-Lanka_1049830,LKA,1.1338991717612819,0.2613045412325542,0.261304538819936,0.31710144877433777,0.07655772566795349,0.0014902940019965172,262144,190233,6688,11381.7989417463,2879.700516176451,184666,2990,559,2018,0,0
P1,F3,13,test,t1,162,Sri-Lanka_1049830,LKA,1.0,0.18987460065261852,0.1898746454032575,0.26113179326057434,0.0629148781299591,0.0019233928760513663,262144,190233,6688,11463.210164390706,2944.1348981044093,184666,2990,559,2018,0,0
P1,F3,13,test,calibrated,163,Sri-Lanka_117737,LKA,1.1338991717612819,0.47579954062241414,0.47579949532271715,0.46581965684890747,0.1255110651254654,0.002034188713878393,262144,262144,3849,28276.104772697872,7102.6088243322265,252694,2719,5601,1130,0,0
P1,F3,13,test,t1,163,Sri-Lanka_117737,LKA,1.0,0.39375013150910787,0.39375015196359897,0.40445375442504883,0.10728588700294495,0.0025852294638752937,262144,262144,3849,29684.545831539388,7208.1946414967315,252694,2719,5601,1130,0,0
P1,F3,13,test,calibrated,164,Sri-Lanka_120804,LKA,1.1338991717612819,0.5126640883582818,0.5126640721079785,0.44033223390579224,0.11678490787744522,0.001865467755123973,262144,262144,3337,28477.40562929993,6924.644255389737,253033,2153,5774,1184,0,0
P1,F3,13,test,t1,164,Sri-Lanka_120804,LKA,1.0,0.4261558335208424,0.42615590526725733,0.37912362813949585,0.0992942601442337,0.0023527746088802814,262144,262144,3337,29885.323420461093,7009.21492313536,253033,2153,5774,1184,0,0
P1,F3,13,test,calibrated,165,Sri-Lanka_132922,LKA,1.1338991717612819,0.5648697298712977,0.5648697272904944,0.4373205304145813,0.11413197219371796,0.0019329384667798877,262144,262144,2712,66229.86706670467,16632.29264261222,242615,1686,16817,1026,0,0
P1,F3,13,test,t1,165,Sri-Lanka_132922,LKA,1.0,0.47641514496344617,0.4764150816147499,0.37530866265296936,0.0964161604642868,0.002431266475468874,262144,262144,2712,72756.82661078294,16955.411234066774,242615,1686,16817,1026,0,0
P1,F3,13,test,calibrated,166,Sri-Lanka_135713,LKA,1.1338991717612819,0.9737564078107739,0.9737564073932474,0.13485775887966156,0.020490970462560654,0.00011910246394108981,262144,134330,47,1306.4029676979994,39.12393255867657,134295,35,0,0,0,0
P1,F3,13,test,t1,166,Sri-Lanka_135713,LKA,1.0,0.9524800081166727,0.9524800024429614,0.09107841551303864,0.013084232807159424,0.00011394434841349721,262144,134330,47,745.4472642404718,30.213672584071553,134295,35,0,0,0,0
P1,F3,13,test,calibrated,167,Sri-Lanka_14484,LKA,1.1338991717612819,0.3842838787711821,0.38428384944104166,0.3239138126373291,0.07923556864261627,0.0014664802001789212,262144,232015,3897,157231.59815711412,35389.56566386517,192094,1055,36409,2457,0,0
P1,F3,13,test,t1,167,Sri-Lanka_14484,LKA,1.0,0.2943775981440995,0.2943775892969218,0.26812684535980225,0.065459243953228,0.0018792671617120504,262144,232015,3897,176578.49759001302,35894.58148847539,192094,1055,36409,2457,0,0
P1,F3,13,test,calibrated,168,Sri-Lanka_152185,LKA,1.1338991717612819,0.3955359568856057,0.39553591247289,0.25624462962150574,0.05752301961183548,0.0010110558941960335,262144,262144,3135,7464.446132429195,1476.9629668131909,258548,1398,461,1737,0,0
P1,F3,13,test,t1,168,Sri-Lanka_152185,LKA,1.0,0.29390504897445335,0.2939050969274104,0.2036505937576294,0.045924801379442215,0.0012684582034125924,262144,262144,3135,6655.605764327771,1482.9334054543297,258548,1398,461,1737,0,0
P1,F3,13,test,calibrated,169,Sri-Lanka_163406,LKA,1.1338991717612819,0.3641275110365131,0.3641274854289981,0.38307222723960876,0.0980360358953476,0.001579202595166862,262144,262144,4862,12464.680890900097,2848.954553868705,255418,1656,1864,3206,0,0
P1,F3,13,test,t1,169,Sri-Lanka_163406,LKA,1.0,0.2832747589012793,0.283274798203637,0.3243503272533417,0.08232172578573227,0.0019911290146410465,262144,262144,4862,11982.4623319415,2862.096488454652,255418,1656,1864,3206,0,0
P1,F3,13,test,calibrated,170,Sri-Lanka_178753,LKA,1.1338991717612819,0.9999999999582379,1.0,0.12004886567592621,0.016921620815992355,7.571548485429958e-05,262144,253873,0,4884.551795718565,640.4869320760426,253228,0,645,0,0,0
P1,F3,13,test,t1,170,Sri-Lanka_178753,LKA,1.0,0.9999999999231346,1.0,0.078398197889328,0.010187944397330284,6.185020902194083e-05,262144,253873,0,4159.141739420975,634.0880486818066,253228,0,645,0,0,0
P1,F3,13,test,calibrated,171,Sri-Lanka_233609,LKA,1.1338991717612819,0.29939224601447434,0.2993922106715493,0.6473169326782227,0.19977109134197235,0.004098995588719845,262144,257120,11622,35735.91891142328,9934.328742858017,241532,8711,3966,2911,0,0
P1,F3,13,test,t1,171,Sri-Lanka_233609,LKA,1.0,0.24666399001589223,0.24666397004535967,0.5923504829406738,0.1786338984966278,0.005328838247805834,262144,257120,11622,37429.12655561398,10148.545105245641,241532,8711,3966,2911,0,0
P1,F3,13,test,calibrated,172,Sri-Lanka_236030,LKA,1.1338991717612819,0.5815480063580593,0.5815480181174653,0.16114677488803864,0.02987179532647133,0.0005503038410097361,262144,206088,1150,3990.436796130288,647.9955220144931,204262,113,685,1028,0,0
P1,F3,13,test,t1,172,Sri-Lanka_236030,LKA,1.0,0.4445187729163321,0.4445187733614474,0.1167275607585907,0.021800996735692024,0.0006829035119153559,262144,206088,1150,3320.1286429424904,649.6900521426147,204262,113,685,1028,0,0
P1,F3,13,test,calibrated,173,Sri-Lanka_236628,LKA,1.1338991717612819,0.5341211008265694,0.5341210650022636,0.22552254796028137,0.05114135518670082,0.0006138344760984182,262144,262142,1819,11616.697887264198,2406.162631747069,258262,799,2061,1020,0,0
P1,F3,13,test,t1,173,Sri-Lanka_236628,LKA,1.0,0.41787036306436676,0.41787034597310957,0.1782291978597641,0.0411299504339695,0.0007666705059818923,262144,262142,1819,11488.367715025654,2430.7855104252894,258262,799,2061,1020,0,0
P1,F3,13,test,calibrated,174,Sri-Lanka_249079,LKA,1.1338991717612819,0.906360240066734,0.9063602530541319,0.1674955040216446,0.02937082014977932,0.00023815092572476715,262144,164775,199,1978.528514683361,153.24414323519736,164595,169,11,0,0,0
P1,F3,13,test,t1,174,Sri-Lanka_249079,LKA,1.0,0.8451594113748069,0.8451593992901675,0.12009253352880478,0.02065168507397175,0.00026222653104923666,262144,164775,199,1282.7479147809438,141.31697734385642,164595,169,11,0,0,0
P1,F3,13,test,calibrated,175,Sri-Lanka_31559,LKA,1.1338991717612819,0.9814263655180256,0.9814263658599115,0.1348390132188797,0.02037399634718895,0.00011002731480402872,262144,218795,39,4231.653643563983,502.038336335272,218292,39,464,0,0,0
P1,F3,13,test,t1,175,Sri-Lanka_31559,LKA,1.0,0.9662720941522929,0.9662720948222719,0.09077006578445435,0.012952794320881367,0.00010250680497847497,262144,218795,39,3581.341470306412,490.1923521549944,218292,39,464,0,0,0
P1,F3,13,test,calibrated,176,Sri-Lanka_321316,LKA,1.1338991717612819,0.40965367837578404,0.40965366582075347,0.9003661274909973,0.33881667256355286,0.00519320135936141,262144,262133,17332,230721.4992309577,73067.24093606448,159498,5730,85303,11602,0,0
P1,F3,13,test,t1,176,Sri-Lanka_321316,LKA,1.0,0.361464205801714,0.3614642127301203,0.8760732412338257,0.3205631971359253,0.006708227097988129,262144,262133,17332,255438.7485235137,75960.84366415163,159498,5730,85303,11602,0,0
P1,F3,13,test,calibrated,177,Sri-Lanka_377277,LKA,1.1338991717612819,0.27085444096610634,0.2708545053726862,0.3281733989715576,0.08042993396520615,0.0016614864580333233,262144,259388,6479,18375.203987274992,4339.613978509889,249296,1489,3613,4990,0,0
P1,F3,13,test,t1,177,Sri-Lanka_377277,LKA,1.0,0.19916858886466504,0.19916857009459543,0.27186399698257446,0.06648895144462585,0.002142815850675106,262144,259388,6479,18856.295997815814,4402.565414281191,249296,1489,3613,4990,0,0
P1,F3,13,test,calibrated,178,Sri-Lanka_400518,LKA,1.1338991717612819,0.537217541641928,0.5372175355222102,0.16825801134109497,0.03325977176427841,0.0005621483433060348,262144,262144,1465,6102.74285852397,1110.9899791741973,259535,229,1144,1236,0,0
P1,F3,13,test,t1,178,Sri-Lanka_400518,LKA,1.0,0.4053869694114861,0.40538695205406783,0.12484876811504364,0.025147967040538788,0.0007066626567393541,262144,262144,1465,5359.824211077408,1122.0497134007308,259535,229,1144,1236,0,0
P1,F3,13,test,calibrated,179,Sri-Lanka_450918,LKA,1.1338991717612819,0.9328126836326134,0.9328126888709313,0.8018177151679993,0.25811246037483215,0.001075560925528407,123231,99126,982,22748.872420341213,5105.650865106167,94672,177,4197,80,0,0
P1,F3,13,test,t1,179,Sri-Lanka_450918,LKA,1.0,0.9172292414157657,0.9172292388147258,0.7574976086616516,0.2337692379951477,0.0013376296265050769,123231,99126,982,20863.844458715685,4679.4015939723795,94672,177,4197,80,0,0
P1,F3,13,test,calibrated,180,Sri-Lanka_49764,LKA,1.1338991717612819,0.9682351493276512,0.9682351506326728,0.14943696558475494,0.02388814277946949,0.00016137651982717216,262144,243327,64,13776.418243252207,2486.861753209444,240782,59,2481,5,0,0
P1,F3,13,test,t1,180,Sri-Lanka_49764,LKA,1.0,0.9434848886866795,0.9434848885850278,0.10334089398384094,0.015799259766936302,0.00016149654402397573,262144,243327,64,14238.154576964354,2491.68948136545,240782,59,2481,5,0,0
P1,F3,13,test,calibrated,181,Sri-Lanka_52223,LKA,1.1338991717612819,0.8906426425330414,0.890642643477679,0.23046688735485077,0.04665237292647362,0.00038817888707853854,262144,262144,302,3510.9799664878383,288.44808724849577,261842,302,0,0,0,0
P1,F3,13,test,t1,181,Sri-Lanka_52223,LKA,1.0,0.8311561141855097,0.8311561249208339,0.17687198519706726,0.035397838801145554,0.0004393951967358589,262144,262144,302,2296.542170166358,251.44392342010394,261842,302,0,0,0,0
P1,F3,13,test,calibrated,182,Sri-Lanka_523539,LKA,1.1338991717612819,0.23154537920748275,0.23154538049515672,0.44211545586586,0.11983425915241241,0.002241176553070545,262144,218481,10411,95005.67572363929,21665.65530957743,190706,3106,20124,4545,0,0
P1,F3,13,test,t1,182,Sri-Lanka_523539,LKA,1.0,0.17666612427331585,0.17666614938661385,0.3830448091030121,0.10274415463209152,0.00288023822940886,262144,218481,10411,105794.02966558804,21958.36500469679,190706,3106,20124,4545,0,0
P1,F3,13,test,calibrated,183,Sri-Lanka_534068,LKA,1.1338991717612819,0.9999999999689524,1.0,0.17621079087257385,0.026521455496549606,6.363082502502948e-05,262144,262144,0,1162849.4790157117,250894.14644063567,4876,0,257268,0,0,0
P1,F3,13,test,t1,183,Sri-Lanka_534068,LKA,1.0,0.9999999999457131,1.0,0.1213781014084816,0.016570910811424255,4.55200242868159e-05,262144,262144,0,1316723.57425968,253609.17566627148,4876,0,257268,0,0,0
P1,F3,13,test,calibrated,184,Sri-Lanka_551926,LKA,1.1338991717612819,0.25840807707975033,0.25840810856434426,0.8933567404747009,0.33430594205856323,0.0060904016718268394,262144,262144,26922,66672.37717364231,19393.773017628384,226102,16442,9120,10480,0,0
P1,F3,13,test,t1,184,Sri-Lanka_551926,LKA,1.0,0.22270515885750264,0.22270518608149448,0.8677785992622375,0.31582728028297424,0.007959487847983837,262144,262144,26922,70478.4784655681,19825.708401112308,226102,16442,9120,10480,0,0
P1,F3,13,test,calibrated,185,Sri-Lanka_55568,LKA,1.1338991717612819,0.3251570969212688,0.3251571098176629,0.4525580108165741,0.13310688734054565,0.001379519933834672,262144,212858,7116,20549.994725421126,6463.175219278923,197103,487,8639,6629,0,0
P1,F3,13,test,t1,185,Sri-Lanka_55568,LKA,1.0,0.2620448756070596,0.2620448313626369,0.40273091197013855,0.11748827248811722,0.001785292406566441,262144,212858,7116,21299.417336899543,6718.279628425101,197103,487,8639,6629,0,0
P1,F3,13,test,calibrated,186,Sri-Lanka_579082,LKA,1.1338991717612819,0.24769991402273628,0.24769993941313861,0.373293399810791,0.09756654500961304,0.0022018570452928543,262144,208263,8203,43165.609176292135,10153.343517755326,191807,1990,9362,5104,0,0
P1,F3,13,test,t1,186,Sri-Lanka_579082,LKA,1.0,0.18580577748865623,0.18580580320935824,0.3174496293067932,0.08266342431306839,0.0028561996296048164,262144,208263,8203,47289.88413804956,10325.763796038318,191807,1990,9362,5104,0,0
P1,F3,13,test,calibrated,187,Sri-Lanka_612594,LKA,1.1338991717612819,0.14031752715585322,0.14031754446662636,0.7283748984336853,0.22929666936397552,0.0029324546921998262,262144,262144,50829,30813.4081887824,6987.3182354291985,211056,7963,259,42866,0,0
P1,F3,13,test,t1,187,Sri-Lanka_612594,LKA,1.0,0.10964828639699842,0.10964827413443523,0.676763653755188,0.2061784416437149,0.003832878079265356,262144,262144,50829,28683.016711509186,6814.450510154852,211056,7963,259,42866,0,0
P1,F3,13,test,calibrated,188,Sri-Lanka_63307,LKA,1.1338991717612819,0.251882665120023,0.25188264328341703,0.9380382299423218,0.3732631504535675,0.00984924379736185,262144,262144,36572,107819.0227588523,31484.058945391607,220170,34969,5402,1603,0,0
P1,F3,13,test,t1,188,Sri-Lanka_63307,LKA,1.0,0.2189579034393,0.2189578757157754,0.9220216274261475,0.35798180103302,0.012849370948970318,262144,262144,36572,115696.14905061018,32224.981281314555,220170,34969,5402,1603,0,0
P1,F3,13,test,calibrated,189,Sri-Lanka_649970,LKA,1.1338991717612819,0.476948448804858,0.47694841191281434,0.3704266846179962,0.09321008622646332,0.0013255917001515627,262144,260855,3036,61038.785131929435,14654.528489589406,242617,895,15202,2141,0,0
P1,F3,13,test,t1,189,Sri-Lanka_649970,LKA,1.0,0.38444399807760166,0.3844439863703333,0.3112427890300751,0.07776807248592377,0.0016659981338307261,262144,260855,3036,67155.84774180295,14899.44376178947,242617,895,15202,2141,0,0
P1,F3,13,test,calibrated,190,Sri-Lanka_653336,LKA,1.1338991717612819,0.20819642329533794,0.20819645405152187,0.7610884308815002,0.25321948528289795,0.004914254415780306,262144,262141,23802,35423.61320248935,10272.18056446105,234376,9783,3963,14019,0,0
P1,F3,13,test,t1,190,Sri-Lanka_653336,LKA,1.0,0.17133136148602257,0.171331378994114,0.7155864238739014,0.2316000610589981,0.006432681810110807,262144,262141,23802,36181.42701894972,10481.54968240308,234376,9783,3963,14019,0,0
P1,F3,13,test,calibrated,191,Sri-Lanka_713926,LKA,1.1338991717612819,0.131976348399799,0.1319763671091767,0.9148368835449219,0.35074570775032043,0.0023106553126126528,262144,262104,94918,48852.08188852749,12742.21728848718,166309,15289,900,79606,0,0
P1,F3,13,test,t1,191,Sri-Lanka_713926,LKA,1.0,0.10951943955420218,0.10951943904818628,0.8935655951499939,0.3334120213985443,0.002985511440783739,262144,262104,94918,46091.368418502454,12437.445796700074,166309,15289,900,79606,0,0
P1,F3,13,test,calibrated,192,Sri-Lanka_748447,LKA,1.1338991717612819,0.5755615931066606,0.5755616187244265,0.18420037627220154,0.03832642734050751,0.0006211031577549875,262144,249187,1369,5544.3710875828965,1027.9829813943732,247247,721,590,629,0,0
P1,F3,13,test,t1,192,Sri-Lanka_748447,LKA,1.0,0.4482240422185044,0.44822402205834244,0.1398221105337143,0.02970101870596409,0.0007792495307512581,262144,249187,1369,4775.377464630008,1037.6701335665293,247247,721,590,629,0,0
P1,F3,13,test,calibrated,193,Sri-Lanka_845821,LKA,1.1338991717612819,0.9998080867596378,0.9998080867726629,0.26219257712364197,0.045326266437768936,0.00020066238357685506,262144,240758,1,961410.2771705482,225281.38296529936,6212,0,234545,1,0,0
P1,F3,13,test,t1,193,Sri-Lanka_845821,LKA,1.0,0.9996895792975127,0.9996895793287666,0.19498157501220703,0.030972061678767204,0.00017064510029740632,262144,240758,1,1087657.6389015978,228798.6073867792,6212,0,234545,1,0,0
P1,F3,13,test,calibrated,194,Sri-Lanka_847275,LKA,1.1338991717612819,0.14325397886111013,0.1432539770227641,0.7247330546379089,0.23469233512878418,0.0036363613326102495,262144,231361,33935,71381.83053334102,18075.125021611108,179533,1364,19883,30581,0,0
P1,F3,13,test,t1,194,Sri-Lanka_847275,LKA,1.0,0.11470498535913898,0.1147049975762553,0.6753163933753967,0.21293675899505615,0.004768049344420433,262144,231361,33935,77530.10510555244,18374.937036463787,179533,1364,19883,30581,0,0
P1,F3,13,test,calibrated,195,Sri-Lanka_849649,LKA,1.1338991717612819,0.5297093986421954,0.5297093602452156,0.16561192274093628,0.03165094926953316,0.00040177482878789306,262144,218207,1469,4527.640174799128,734.8396940861912,216214,101,766,1126,0,0
P1,F3,13,test,t1,195,Sri-Lanka_849649,LKA,1.0,0.3956827741108987,0.3956827748922688,0.12144425511360168,0.023492787033319473,0.0004926738911308348,262144,218207,1469,3844.3666437809707,734.9122817433074,216214,101,766,1126,0,0
P1,F3,13,test,calibrated,196,Sri-Lanka_85652,LKA,1.1338991717612819,0.9657038852326187,0.9657038831161682,0.1619260162115097,0.02722560055553913,0.00017484358977526426,262144,197368,70,10290.359332231086,1918.211800981869,195374,53,1924,17,0,0
P1,F3,13,test,t1,196,Sri-Lanka_85652,LKA,1.0,0.9400824953681413,0.9400824897579954,0.11454223096370697,0.01861533150076866,0.0001764667103998363,262144,197368,70,10529.655201687572,1925.2784958574694,195374,53,1924,17,0,0
P1,F3,13,test,calibrated,197,Sri-Lanka_883641,LKA,1.1338991717612819,0.18307085079924068,0.18307088295004503,0.5090826749801636,0.14268867671489716,0.002031913725659251,262144,262144,16225,16896.618771590853,4334.172159545703,244430,4214,1489,12011,0,0
P1,F3,13,test,t1,197,Sri-Lanka_883641,LKA,1.0,0.13983013555703305,0.13983016050363095,0.4485876262187958,0.12366393953561783,0.0026085260324180126,262144,262144,16225,16394.669908456544,4390.011298684533,244430,4214,1489,12011,0,0
P1,F3,13,test,calibrated,198,Sri-Lanka_916628,LKA,1.1338991717612819,0.12811359250041487,0.12811358852845978,0.7566161155700684,0.24995660781860352,0.00402128417044878,262144,259961,43973,124166.54044326243,32976.68782866367,178136,301,38262,43262,0,0
P1,F3,13,test,t1,198,Sri-Lanka_916628,LKA,1.0,0.10215062692120713,0.10215057638174696,0.7102134823799133,0.22812537848949432,0.005273586139082909,262144,259961,43973,136464.35892864934,33728.776285439235,178136,301,38262,43262,0,0
P1,F3,13,test,calibrated,199,Sri-Lanka_922192,LKA,1.1338991717612819,0.616101057758579,0.6161010813023515,0.22064435482025146,0.04889287054538727,0.000503291841596365,262144,239783,1325,5987.819243470542,1240.7576269568822,237791,962,714,316,0,0
P1,F3,13,test,t1,199,Sri-Lanka_922192,LKA,1.0,0.4988153506116526,0.4988153646851622,0.17285919189453125,0.038919150829315186,0.0006203599041327834,262144,239783,1325,5255.234311121418,1259.299939085664,237791,962,714,316,0,0
P1,F3,13,test,calibrated,200,Sri-Lanka_92824,LKA,1.1338991717612819,0.35452294317736854,0.3545228818729712,0.4213124215602875,0.11082896590232849,0.0017590412171557546,262144,246506,5517,198091.83310848073,46982.79788557661,190938,178,50202,5188,0,0
P1,F3,13,test,t1,200,Sri-Lanka_92824,LKA,1.0,0.2785925029113345,0.2785924389596609,0.36134690046310425,0.09397522360086441,0.0022220294922590256,262144,246506,5517,222543.15002676973,47783.66010184884,190938,178,50202,5188,0,0
P1,F3,13,test,calibrated,201,Sri-Lanka_956740,LKA,1.1338991717612819,0.15949404424779667,0.1594940465859509,0.29531317949295044,0.06885387003421783,0.0014558450784534216,262144,202069,12017,5418.158919940848,1001.5475903510894,193382,769,462,7456,0,0
P1,F3,13,test,t1,201,Sri-Lanka_956740,LKA,1.0,0.10970222331270674,0.10970225517446242,0.2397703379392624,0.05577164143323898,0.0018739475635811687,262144,202069,12017,4663.830718484598,998.8890000469412,193382,769,462,7456,0,0
