block,partition,seed,split,setting,source_order,sample_id,event_id,temperature,soft_dice_risk_binary,sdc_exact,uncertainty,top_tail_msp,spatial_inconsistency,input_valid_pixels,reference_valid_pixels,predicted_foreground_input,nll_sum,brier_sum,confusion_0_0,confusion_0_1,confusion_1_0,confusion_1_1,hard_disagreement_all_pixels,hard_disagreement_reference_valid
P2,F3,71,calibration,calibrated,0,Bolivia_103757,BOL,1.0412534116224255,0.3464279374234771,0.3464280070879958,0.9992802143096924,0.48606348037719727,7.495480531360954e-06,101623,88077,47991,43438.53035574527,13861.261954450481,46794,5921,3335,32027,0,0
P2,F3,71,calibration,t1,0,Bolivia_103757,BOL,1.0,0.3415278474177528,0.34152777623896036,0.999219536781311,0.485489159822464,8.009286830201745e-06,101623,88077,47991,42949.55378889685,13666.292855924028,46794,5921,3335,32027,0,0
P2,F3,71,calibration,calibrated,1,Bolivia_129334,BOL,1.0412534116224255,0.11883050250407678,0.11883043057375131,0.9827234148979187,0.43287691473960876,1.1877552424266469e-05,261395,237065,194055,75037.59031245689,22123.702524010398,58957,22041,6290,149777,0,0
P2,F3,71,calibration,t1,1,Bolivia_129334,BOL,1.0,0.11393172582255262,0.11393170904456773,0.9813018441200256,0.4301772117614746,1.2723877262033056e-05,261395,237065,194055,74186.02644987614,21934.397387359684,58957,22041,6290,149777,0,0
P2,F3,71,calibration,calibrated,2,Bolivia_195474,BOL,1.0412534116224255,0.8879233842945184,0.887923395006604,0.1256893277168274,0.022370656952261925,4.369058387965197e-06,262144,261335,176,9849.47787587114,1681.9948814075908,259608,176,1551,0,0,0
P2,F3,71,calibration,t1,2,Bolivia_195474,BOL,1.0,0.8679236347589062,0.86792363181064,0.11262757331132889,0.020079074427485466,4.595377504301723e-06,262144,261335,176,9852.220514828072,1680.9244650963037,259608,176,1551,0,0,0
P2,F3,71,calibration,calibrated,3,Bolivia_23014,BOL,1.0412534116224255,0.5211349149416096,0.5211349125453917,0.7745435833930969,0.253772497177124,1.611859624972567e-05,193558,182995,13444,31268.093275573658,6230.236830464964,169317,5898,234,7546,0,0
P2,F3,71,calibration,t1,3,Bolivia_23014,BOL,1.0,0.5021612331411852,0.5021612541309004,0.7603548765182495,0.2464866191148758,1.7104141079471447e-05,193558,182995,13444,29901.317055886044,5976.460923635334,169317,5898,234,7546,0,0
P2,F3,71,calibration,calibrated,4,Bolivia_233925,BOL,1.0412534116224255,0.7180534646126158,0.718053457832484,0.5600287914276123,0.15310898423194885,1.661310852796305e-05,197636,146294,3771,13573.856760316461,2086.3213607384614,144008,2285,1,0,0,0
P2,F3,71,calibration,t1,4,Bolivia_233925,BOL,1.0,0.6970927019624505,0.6970927091117504,0.5390591621398926,0.1458796262741089,1.7666530766291544e-05,197636,146294,3771,12687.120117801176,1992.4483810034178,144008,2285,1,0,0,0
P2,F3,71,calibration,calibrated,5,Bolivia_242570,BOL,1.0412534116224255,0.17732541929607615,0.17732537620537348,0.97271329164505,0.41566574573516846,2.8181930247228593e-05,262144,175507,84608,126539.02929273807,38280.762833214976,100685,47476,4003,23343,0,0
P2,F3,71,calibration,t1,5,Bolivia_242570,BOL,1.0,0.16982772701010418,0.16982770229248856,0.9704983234405518,0.4123237133026123,3.09980459860526e-05,262144,175507,84608,129494.42336484621,38623.60430911153,100685,47476,4003,23343,0,0
P2,F3,71,calibration,calibrated,6,Bolivia_290290,BOL,1.0412534116224255,0.23092124679572612,0.23092122967420592,0.7611366510391235,0.25436338782310486,4.9776379455579445e-05,262144,204633,21583,45687.53615368801,12932.415673131527,179375,5559,10716,8983,0,0
P2,F3,71,calibration,t1,6,Bolivia_290290,BOL,1.0,0.21712007661291277,0.21712001659303148,0.747096598148346,0.24748335778713226,5.558287739404477e-05,262144,204633,21583,46549.129980807425,13042.324540530473,179375,5559,10716,8983,0,0
P2,F3,71,calibration,calibrated,7,Bolivia_294583,BOL,1.0412534116224255,0.18994740137246047,0.18994739471705102,0.9169295430183411,0.3529071509838104,4.89417725475505e-05,262144,130472,54836,31888.26966384308,9162.120677123621,103566,11898,639,14369,0,0
P2,F3,71,calibration,t1,7,Bolivia_294583,BOL,1.0,0.17988181039606976,0.17988175388700856,0.910681962966919,0.3475460112094879,5.471836993820034e-05,262144,130472,54836,32001.123325530454,9201.541295381921,103566,11898,639,14369,0,0
P2,F3,71,calibration,calibrated,8,Bolivia_312675,BOL,1.0412534116224255,0.3925644674106852,0.39256443259368246,0.5081164240837097,0.14502304792404175,3.7305348087102175e-05,253960,158008,7314,25998.555981253696,6753.536599771838,147528,905,7001,2574,0,0
P2,F3,71,calibration,t1,8,Bolivia_312675,BOL,1.0,0.36672803996182224,0.36672806540089375,0.48896557092666626,0.13887467980384827,4.093498137081042e-05,253960,158008,7314,26377.495371688223,6792.834374973145,147528,905,7001,2574,0,0
P2,F3,71,calibration,calibrated,9,Bolivia_314919,BOL,1.0412534116224255,0.1713698509238336,0.1713697630661899,0.9910534620285034,0.4515262842178345,1.0836789442691952e-05,262144,188845,135280,68093.4425294149,20600.48509101246,90323,14844,11933,71745,0,0
P2,F3,71,calibration,t1,9,Bolivia_314919,BOL,1.0,0.16579410175666665,0.16579405551071902,0.990308940410614,0.44955241680145264,1.1573152733035386e-05,262144,188845,135280,67568.38395604337,20445.67672616899,90323,14844,11933,71745,0,0
P2,F3,71,calibration,calibrated,10,Bolivia_360519,BOL,1.0412534116224255,0.47261152422380914,0.47261158408942916,0.23736484348773956,0.05105624720454216,2.0927389414282516e-05,250723,243678,3077,13003.254405744077,2684.994263196726,240326,2938,275,139,0,0
P2,F3,71,calibration,t1,10,Bolivia_360519,BOL,1.0,0.4355790210979652,0.4355790315386514,0.21944256126880646,0.04718907177448273,2.318533370271325e-05,250723,243678,3077,12700.425852396002,2691.1920185921344,240326,2938,275,139,0,0
P2,F3,71,calibration,calibrated,11,Bolivia_379434,BOL,1.0412534116224255,0.2801825468682172,0.2801825604986904,0.7802714705467224,0.26250186562538147,9.179591143038124e-05,262144,262144,16102,49625.67674967777,13566.531629670113,239856,11498,6186,4604,0,0
P2,F3,71,calibration,t1,11,Bolivia_379434,BOL,1.0,0.265762839489712,0.2657628132710588,0.7668218612670898,0.2555736005306244,0.00010208306048298255,262144,262144,16102,50502.016719606574,13659.141708283689,239856,11498,6186,4604,0,0
P2,F3,71,calibration,calibrated,12,Bolivia_432776,BOL,1.0412534116224255,0.23672935646139126,0.2367293515518143,0.9938368797302246,0.45955029129981995,1.3199065506341867e-05,210723,155397,105479,61710.11694549536,18847.903394078177,67528,15724,7397,64748,0,0
P2,F3,71,calibration,t1,12,Bolivia_432776,BOL,1.0,0.23031009571297223,0.23031009488225584,0.99332195520401,0.45789626240730286,1.3925164239481091e-05,210723,155397,105479,60984.6715239068,18630.72566821038,67528,15724,7397,64748,0,0
P2,F3,71,calibration,calibrated,13,Bolivia_60373,BOL,1.0412534116224255,0.4092122187463054,0.40921226735311267,0.9050453901290894,0.3410120904445648,3.4393524401821196e-05,221330,199019,21515,27163.558159717737,5715.536668809807,182285,4254,2387,10093,0,0
P2,F3,71,calibration,t1,13,Bolivia_60373,BOL,1.0,0.39175917929332593,0.3917591839558219,0.8979844450950623,0.33529791235923767,3.682509486679919e-05,221330,199019,21515,25933.35931340837,5544.234190143405,182285,4254,2387,10093,0,0
P2,F3,71,calibration,calibrated,14,Bolivia_76104,BOL,1.0412534116224255,0.9999999999362599,1.0,0.07906472682952881,0.009831126779317856,9.188115086544713e-07,262144,190965,0,1176.3995787079516,12.69386171730942,190960,0,5,0,0,0
P2,F3,71,calibration,t1,14,Bolivia_76104,BOL,1.0,0.9999999999215585,1.0,0.0677567645907402,0.008158061653375626,8.400156730203889e-07,262144,190965,0,961.471559643227,10.147307315139061,190960,0,5,0,0,0
P2,F3,71,calibration,calibrated,15,Mekong_1111068,KHM,1.0412534116224255,0.4877113068519078,0.4877112967200028,0.28560465574264526,0.06568155437707901,1.518442604719894e-05,262144,262098,2121,32569.927735641893,7201.067615291076,253390,1259,6587,862,0,0
P2,F3,71,calibration,t1,15,Mekong_1111068,KHM,1.0,0.45361408493765476,0.45361407951343924,0.26700377464294434,0.06127273291349411,1.6511148714926094e-05,262144,262098,2121,33337.34547289752,7228.923835780597,253390,1259,6587,862,0,0
P2,F3,71,calibration,calibrated,16,Mekong_1149855,KHM,1.0412534116224255,0.17488295433962076,0.17488296333809128,0.8348106741905212,0.2933605909347534,8.851497113937512e-05,262144,224775,34967,48778.633373710334,14789.915495603798,191264,16251,3585,13675,0,0
P2,F3,71,calibration,t1,16,Mekong_1149855,KHM,1.0,0.1647260811858845,0.16472606692846392,0.823804497718811,0.28675127029418945,9.872886585071683e-05,262144,224775,34967,49569.926965549115,14933.525344778385,191264,16251,3585,13675,0,0
P2,F3,71,calibration,calibrated,17,Mekong_1191208,KHM,1.0412534116224255,0.17584579137269474,0.17584573322968433,0.5114613175392151,0.1418297290802002,3.123572241747752e-05,262144,202312,24825,22582.322650161088,5571.8936507525605,181334,5713,1289,13976,0,0
P2,F3,71,calibration,t1,17,Mekong_1191208,KHM,1.0,0.16074252496375085,0.16074246093603695,0.49137169122695923,0.13536827266216278,3.463355096755549e-05,262144,202312,24825,22369.508550413346,5588.232972848022,181334,5713,1289,13976,0,0
P2,F3,71,calibration,calibrated,18,Mekong_119477,KHM,1.0412534116224255,0.9994721362014336,0.9994721362343739,0.12641359865665436,0.019362378865480423,1.715289727144409e-06,262144,260952,1,14591.543315637926,2909.73162292308,257955,1,2996,0,0,0
P2,F3,71,calibration,t1,18,Mekong_119477,KHM,1.0,0.9993622871350378,0.9993622871937163,0.11192288994789124,0.01685832254588604,1.664144065216533e-06,262144,260952,1,14783.075932762735,2917.8183761699884,257955,1,2996,0,0,0
P2,F3,71,calibration,calibrated,19,Mekong_1248200,KHM,1.0412534116224255,0.10576578308896589,0.10576575818349887,0.9826775193214417,0.43190693855285645,9.160205991065595e-06,262144,260988,221246,74598.04850218738,21477.809084695058,34957,21443,5940,198648,0,0
P2,F3,71,calibration,t1,19,Mekong_1248200,KHM,1.0,0.10125274184372324,0.1012527319657559,0.9812508821487427,0.42916619777679443,9.770650649443269e-06,262144,260988,221246,73404.5520360336,21239.794774365328,34957,21443,5940,198648,0,0
P2,F3,71,calibration,calibrated,20,Mekong_1282475,KHM,1.0412534116224255,0.1376065070302005,0.1376064786391844,0.6789513826370239,0.2112494558095932,2.297041100973729e-05,262144,262144,39701,35465.12675285757,10032.63761860833,222069,13524,374,26177,0,0
P2,F3,71,calibration,t1,20,Mekong_1282475,KHM,1.0,0.12681821639134938,0.1268182792421072,0.6620132923126221,0.20413243770599365,2.5171006200253032e-05,262144,262144,39701,35364.22624886859,10109.592002628087,222069,13524,374,26177,0,0
P2,F3,71,calibration,calibrated,21,Mekong_1395593,KHM,1.0412534116224255,0.14405222133247075,0.14405227247384111,0.5379948616027832,0.1530408412218094,2.8344216843834147e-05,262144,261728,28286,34248.22281367962,8507.324187960068,232846,10007,596,18279,0,0
P2,F3,71,calibration,t1,21,Mekong_1395593,KHM,1.0,0.13146695158863297,0.13146694210548948,0.5186069011688232,0.14649569988250732,3.11542498820927e-05,262144,261728,28286,34366.70756057595,8550.051082476271,232846,10007,596,18279,0,0
P2,F3,71,calibration,calibrated,22,Mekong_1396181,KHM,1.0412534116224255,0.11829514122268758,0.1182951067710114,0.9806514978408813,0.4281097948551178,1.1047808584407903e-05,262144,243062,201174,97466.75927507016,30868.01207387582,57423,40632,1864,143143,0,0
P2,F3,71,calibration,t1,22,Mekong_1396181,KHM,1.0,0.11350108708802376,0.11350107233503592,0.9790619611740112,0.4252244532108307,1.1748204997275025e-05,262144,243062,201174,97448.31223685827,30881.514614005857,57423,40632,1864,143143,0,0
P2,F3,71,calibration,calibrated,23,Mekong_1413877,KHM,1.0412534116224255,0.6389363298669121,0.6389363144753619,0.17753718793392181,0.03847061097621918,8.035476639633998e-06,262144,256968,907,10119.851035997921,2292.650406277554,253951,505,2233,279,0,0
P2,F3,71,calibration,t1,23,Mekong_1413877,KHM,1.0,0.6012605947691327,0.6012606008223018,0.16341716051101685,0.03562532365322113,8.678048288857099e-06,262144,256968,907,10102.098130518212,2307.085540086442,253951,505,2233,279,0,0
P2,F3,71,calibration,calibrated,24,Mekong_1439641,KHM,1.0412534116224255,0.12231673012324873,0.12231673899929396,0.9931785464286804,0.4578512907028198,7.795310011715628e-06,262144,262083,205447,68258.17355578749,19077.324863298643,50471,13810,6174,191628,0,0
P2,F3,71,calibration,t1,24,Mekong_1439641,KHM,1.0,0.11804955440196996,0.11804957960869578,0.9926093220710754,0.45612984895706177,8.350295502168592e-06,262144,262083,205447,66671.98489961046,18709.3644988552,50471,13810,6174,191628,0,0
P2,F3,71,calibration,calibrated,25,Mekong_1443339,KHM,1.0412534116224255,0.12023509430097412,0.12023520669458898,0.9929443597793579,0.4571705758571625,8.39526273921365e-06,262144,262135,216258,81108.33642051741,24405.065904481027,41126,28226,4752,188031,0,0
P2,F3,71,calibration,t1,25,Mekong_1443339,KHM,1.0,0.11597459213797368,0.11597460745169896,0.9923558831214905,0.455422043800354,8.982274266600143e-06,262144,262135,216258,79982.24891808176,24177.228179810176,41126,28226,4752,188031,0,0
P2,F3,71,calibration,calibrated,26,Mekong_16233,KHM,1.0412534116224255,0.14867607073489986,0.14867605177780263,0.7820005416870117,0.2597319483757019,1.7974572983803228e-05,262144,262132,70903,36043.161948166504,7680.437761293249,190961,8960,268,61943,0,0
P2,F3,71,calibration,t1,26,Mekong_16233,KHM,1.0,0.13914004823874593,0.13914000255232517,0.7682552933692932,0.2525866627693176,1.9183888070983812e-05,262144,262132,70903,34690.29312771046,7489.466205563975,190961,8960,268,61943,0,0
P2,F3,71,calibration,calibrated,27,Mekong_213094,KHM,1.0412534116224255,0.393484789688762,0.39348476529773835,0.3221038579940796,0.09059134125709534,7.792522228555754e-05,261386,229843,3913,9387.176067163808,2692.9972297386053,225919,3813,111,0,0,0
P2,F3,71,calibration,t1,27,Mekong_213094,KHM,1.0,0.36710489550009706,0.36710487799112124,0.3073977530002594,0.08665720373392105,8.511220221407712e-05,261386,229843,3913,9261.320335287613,2717.877921315986,225919,3813,111,0,0,0
P2,F3,71,calibration,calibrated,28,Mekong_221789,KHM,1.0412534116224255,0.999999999946974,1.0,0.11567668616771698,0.015886757522821426,9.314366025137133e-07,262144,215327,0,1582.802352521207,15.302013952716205,215327,0,0,0,0,0
P2,F3,71,calibration,t1,28,Mekong_221789,KHM,1.0,0.9999999999355291,1.0,0.10123647749423981,0.013490740209817886,8.500012427248294e-07,262144,215327,0,1301.2609433039747,10.671322731906669,215327,0,0,0,0,0
P2,F3,71,calibration,calibrated,29,Mekong_254910,KHM,1.0412534116224255,0.1793409056368086,0.17934088575724627,0.4175267815589905,0.10860215127468109,2.9692308089579456e-05,262144,205495,13846,42055.97814953453,8089.850022974068,196463,8897,135,0,0,0
P2,F3,71,calibration,t1,29,Mekong_254910,KHM,1.0,0.16280200032380832,0.16280203874710542,0.3975743055343628,0.10289902985095978,3.282160832895897e-05,262144,205495,13846,43132.248569244184,8118.7851007936015,196463,8897,135,0,0,0
P2,F3,71,calibration,calibrated,30,Mekong_269835,KHM,1.0412534116224255,0.4014660418559969,0.4014660585546973,0.11777700483798981,0.020993728190660477,1.828842141549103e-05,262144,212236,1622,5637.269519638154,1025.8547447795622,210584,1169,30,453,0,0
P2,F3,71,calibration,t1,30,Mekong_269835,KHM,1.0,0.35850790494713636,0.3585078834059434,0.1051996722817421,0.018854813650250435,2.0406945623108186e-05,262144,212236,1622,5520.2458659007325,1029.321078770571,210584,1169,30,453,0,0
P2,F3,71,calibration,calibrated,31,Mekong_293769,KHM,1.0412534116224255,0.1756892369290034,0.17568925695894977,0.7978392243385315,0.2700890004634857,2.2670508769806474e-05,261430,230540,45413,32960.556358637026,8713.187419433232,188809,11311,522,29898,0,0
P2,F3,71,calibration,t1,31,Mekong_293769,KHM,1.0,0.16413334252690492,0.16413335322020517,0.7849833965301514,0.26312652230262756,2.4226628738688305e-05,261430,230540,45413,32353.79222622449,8703.415625539832,188809,11311,522,29898,0,0
P2,F3,71,calibration,calibrated,32,Mekong_333434,KHM,1.0412534116224255,0.33979893001858386,0.33979896037840085,0.2864169776439667,0.07117685675621033,2.937446697615087e-05,262144,203133,3954,16649.026053697435,4046.219270008156,197776,2073,2677,607,0,0
P2,F3,71,calibration,t1,32,Mekong_333434,KHM,1.0,0.3115678240624473,0.31156781834167235,0.2695777118206024,0.0670957937836647,3.247696076869033e-05,262144,203133,3954,16904.5124245425,4071.224706204439,197776,2073,2677,607,0,0
P2,F3,71,calibration,calibrated,33,Mekong_342411,KHM,1.0412534116224255,0.13547370937709668,0.13547363229954057,0.6426849365234375,0.1943998634815216,2.7029385819332674e-05,262144,262141,37648,40281.34017826072,10467.590811944476,222276,10951,2217,26697,0,0
P2,F3,71,calibration,t1,33,Mekong_342411,KHM,1.0,0.12448900109173011,0.12448903008606549,0.6246814131736755,0.18730337917804718,2.992301233462058e-05,262144,262141,37648,40425.22048512205,10520.578312699308,222276,10951,2217,26697,0,0
P2,F3,71,calibration,calibrated,34,Mekong_382276,KHM,1.0412534116224255,0.15746908452774033,0.15746911582762502,0.2269311249256134,0.04805062338709831,2.1725531041738577e-05,262144,262111,12142,11078.064828260836,2001.5382838897442,249928,2375,41,9767,0,0
P2,F3,71,calibration,t1,34,Mekong_382276,KHM,1.0,0.13878385470759058,0.13878385794547554,0.20935207605361938,0.04431047663092613,2.392743044765666e-05,262144,262111,12142,10740.585932560447,2001.3263629832845,249928,2375,41,9767,0,0
P2,F3,71,calibration,calibrated,35,Mekong_424793,KHM,1.0412534116224255,0.23416995338880697,0.23416989461812698,0.2088593691587448,0.04186922311782837,1.821655678213574e-05,262144,258487,5369,19197.380169695938,3767.7139238187533,251734,2750,1384,2619,0,0
P2,F3,71,calibration,t1,35,Mekong_424793,KHM,1.0,0.20717199473751946,0.2071719813846934,0.19145719707012177,0.038284435868263245,2.0153671357547864e-05,262144,258487,5369,19413.654742926065,3779.410119844343,251734,2750,1384,2619,0,0
P2,F3,71,calibration,calibrated,36,Mekong_45934,KHM,1.0412534116224255,0.9723974294306875,0.9723974310544357,0.09806501865386963,0.014400690793991089,2.042998175966204e-06,262144,261859,43,2952.1616547422045,300.9720206122614,261527,36,289,7,0,0
P2,F3,71,calibration,t1,36,Mekong_45934,KHM,1.0,0.9664854469606486,0.96648544702918,0.0856863483786583,0.012442434206604958,2.0606780708476435e-06,262144,261859,43,2685.496175525883,297.9051697338791,261527,36,289,7,0,0
P2,F3,71,calibration,calibrated,37,Mekong_474783,KHM,1.0412534116224255,0.9105619493433323,0.9105619507536861,0.13999614119529724,0.02454344369471073,4.76751483802218e-06,262144,262119,146,27531.34622737366,5671.233299681108,256199,140,5774,6,0,0
P2,F3,71,calibration,t1,37,Mekong_474783,KHM,1.0,0.8942299447138159,0.8942299434043365,0.12571793794631958,0.021957123652100563,4.969658220943529e-06,262144,262119,146,28257.01797395546,5690.891249934743,256199,140,5774,6,0,0
P2,F3,71,calibration,calibrated,38,Mekong_52610,KHM,1.0412534116224255,0.10425935154699362,0.10425941351556467,0.9834674000740051,0.434751957654953,8.071097909123637e-06,262144,262144,224290,67614.7287369783,18422.690483938375,34612,16859,3242,207431,0,0
P2,F3,71,calibration,t1,38,Mekong_52610,KHM,1.0,0.09983282580367914,0.0998328393116028,0.9821065068244934,0.432125985622406,8.625820555607788e-06,262144,262144,224290,66114.7607652959,18087.062609485976,34612,16859,3242,207431,0,0
P2,F3,71,calibration,calibrated,39,Mekong_596495,KHM,1.0412534116224255,0.11020602838292415,0.11020604755113372,0.9957382678985596,0.46712931990623474,5.542236067412887e-06,262143,229483,219727,60321.59138932737,17403.2714582766,33398,18942,5351,171792,0,0
P2,F3,71,calibration,t1,39,Mekong_596495,KHM,1.0,0.106098857526011,0.1060988833098685,0.9953815937042236,0.465782105922699,5.935944955126615e-06,262143,229483,219727,59045.62104803038,17172.231380486148,33398,18942,5351,171792,0,0
P2,F3,71,calibration,calibrated,40,Mekong_774566,KHM,1.0412534116224255,0.14737923284984422,0.1473792595359642,0.9280561804771423,0.3621814250946045,1.4096385712036863e-05,262144,227728,103208,50300.45576057187,13049.251629477274,143792,6893,8544,68499,0,0
P2,F3,71,calibration,t1,40,Mekong_774566,KHM,1.0,0.14006994787731053,0.14006990807024067,0.9225468635559082,0.35706281661987305,1.5242522749758791e-05,262144,227728,103208,49125.391895882174,12826.57190389177,143792,6893,8544,68499,0,0
P2,F3,71,calibration,calibrated,41,Mekong_846007,KHM,1.0412534116224255,0.16777102535650634,0.16777104668585952,0.6965669989585876,0.21675075590610504,2.8904416467412375e-05,262144,164030,35317,18741.543400168295,4108.8215868705865,151860,4635,128,7407,0,0
P2,F3,71,calibration,t1,41,Mekong_846007,KHM,1.0,0.15533466166095367,0.1553346290175862,0.6797442436218262,0.20945188403129578,3.178130282321945e-05,262144,164030,35317,18386.12498264706,4078.6748998730272,151860,4635,128,7407,0,0
P2,F3,71,calibration,calibrated,42,Mekong_922373,KHM,1.0412534116224255,0.15471188487601606,0.15471193136371042,0.9841178059577942,0.4356871247291565,1.8826243831426837e-05,262144,262138,129635,102090.4190873263,33533.8177548138,112504,29869,19999,99766,0,0
P2,F3,71,calibration,t1,42,Mekong_922373,KHM,1.0,0.14861629641798746,0.14861627039585334,0.9828087091445923,0.43309536576271057,2.0258987206034362e-05,262144,262138,129635,102435.27404014958,33715.10991177348,112504,29869,19999,99766,0,0
P2,F3,71,calibration,calibrated,43,Mekong_977338,KHM,1.0412534116224255,0.12401719042186565,0.12401717900586107,0.8662157654762268,0.31084567308425903,1.1977368558291346e-05,262144,176958,111564,31064.58620757371,6734.428959996922,104839,6552,195,65372,0,0
P2,F3,71,calibration,t1,43,Mekong_977338,KHM,1.0,0.11680493061798558,0.11680496229613735,0.8567360639572144,0.30441880226135254,1.2935581253259443e-05,262144,176958,111564,30089.532905954922,6534.1135227920995,104839,6552,195,65372,0,0
P2,F3,71,calibration,calibrated,44,Mekong_98310,KHM,1.0412534116224255,0.14887832157409042,0.14887827300471412,0.9142442345619202,0.3452567756175995,1.1079748219344765e-05,262144,182771,110921,38706.02859137286,9988.6385352158,87972,9132,2270,83397,0,0
P2,F3,71,calibration,t1,44,Mekong_98310,KHM,1.0,0.14187198770788956,0.14187202133335597,0.9077134728431702,0.3395712971687317,1.176109890366206e-05,262144,182771,110921,37758.982688054886,9783.435503327768,87972,9132,2270,83397,0,0
P2,F3,71,calibration,calibrated,45,Nigeria_1095404,NGA,1.0412534116224255,0.1492208156224828,0.14922086512721133,0.8657066822052002,0.3080254793167114,1.8385733710601926e-05,262144,252283,80713,99386.46356070379,27093.445523355174,174908,31284,1623,44468,0,0
P2,F3,71,calibration,t1,45,Nigeria_1095404,NGA,1.0,0.14035178378994517,0.14035173747026242,0.8561221361160278,0.30146509408950806,1.9786848497460596e-05,262144,252283,80713,100548.57784937407,27157.105583060875,174908,31284,1623,44468,0,0
P2,F3,71,calibration,calibrated,46,Nigeria_143329,NGA,1.0412534116224255,0.3753643641284201,0.3753643678843026,0.2677314877510071,0.06861128658056259,2.771474282781128e-05,262144,249500,3358,10694.509972754346,2637.225907062183,245017,1706,1658,1119,0,0
P2,F3,71,calibration,t1,46,Nigeria_143329,NGA,1.0,0.3459109047314455,0.3459108968834088,0.252435564994812,0.06493362784385681,3.06556758005172e-05,262144,249500,3358,10646.569409787584,2654.2994450468286,245017,1706,1658,1119,0,0
P2,F3,71,calibration,calibrated,47,Nigeria_22088,NGA,1.0412534116224255,0.7725132745636326,0.772513280803087,0.577513575553894,0.15810279548168182,2.339137063245289e-05,209501,209501,3148,19516.636108196497,2957.105461016795,206245,3086,108,62,0,0
P2,F3,71,calibration,t1,47,Nigeria_22088,NGA,1.0,0.7544404667069435,0.7544404895233456,0.5565378069877625,0.15066036581993103,2.4921022486523725e-05,209501,209501,3148,18212.216724196755,2810.2455871757275,206245,3086,108,62,0,0
P2,F3,71,calibration,calibrated,48,Nigeria_225131,NGA,1.0412534116224255,0.6411018543201117,0.6411018282250034,0.16190101206302643,0.03421536087989807,8.397261808568146e-06,262144,241255,875,5471.480593259793,1074.5488652813858,239571,553,809,322,0,0
P2,F3,71,calibration,t1,48,Nigeria_225131,NGA,1.0,0.6023509841954646,0.6023509701071976,0.14807374775409698,0.031574394553899765,9.108219273912255e-06,262144,241255,875,5290.934676106153,1076.9440922369024,239571,553,809,322,0,0
P2,F3,71,calibration,calibrated,49,Nigeria_31096,NGA,1.0412534116224255,0.40252386212716096,0.40252387948217483,0.3647913634777069,0.10074984282255173,3.6932717193849385e-05,262144,217487,4101,8291.235651848305,2252.0385119656044,213857,2814,459,357,0,0
P2,F3,71,calibration,t1,49,Nigeria_31096,NGA,1.0,0.3764246748396469,0.37642467013800507,0.34816884994506836,0.09616106748580933,4.071716466569342e-05,262144,217487,4101,8148.141762902336,2269.0090010262293,213857,2814,459,357,0,0
P2,F3,71,calibration,calibrated,50,Nigeria_35845,NGA,1.0412534116224255,0.35496961214318734,0.3549696261684093,0.1449602246284485,0.030631957575678825,2.9751783586107194e-05,262144,213042,2334,4111.0235668221585,833.4846236432923,211781,975,69,217,0,0
P2,F3,71,calibration,t1,50,Nigeria_35845,NGA,1.0,0.3178547168617424,0.3178546967447464,0.1323820948600769,0.028276048600673676,3.320914038340561e-05,262144,213042,2334,3938.095322267155,838.602669673296,211781,975,69,217,0,0
P2,F3,71,calibration,calibrated,51,Nigeria_417184,NGA,1.0412534116224255,0.3082508444774661,0.3082508610470377,0.9972211718559265,0.4729430675506592,1.339838945568772e-05,156380,50135,74389,29529.900208440755,9800.254022304172,38071,10680,178,1206,0,0
P2,F3,71,calibration,t1,51,Nigeria_417184,NGA,1.0,0.3021367315578396,0.30213674572563487,0.9969879984855652,0.47183138132095337,1.4231771274353378e-05,156380,50135,74389,29452.83790350734,9742.516988281062,38071,10680,178,1206,0,0
P2,F3,71,calibration,calibrated,52,Nigeria_439488,NGA,1.0412534116224255,0.7403822394042573,0.7403822667365587,0.1607721745967865,0.032435573637485504,8.181900739145931e-06,262144,229200,548,9930.302210001284,1834.1032244114508,227186,546,1468,0,0,0
P2,F3,71,calibration,t1,52,Nigeria_439488,NGA,1.0,0.7066083950483785,0.7066083818445617,0.14645391702651978,0.0297161266207695,8.80539846548345e-06,262144,229200,548,9959.325870872482,1835.9045723097126,227186,546,1468,0,0,0
P2,F3,71,calibration,calibrated,53,Nigeria_529525,NGA,1.0412534116224255,0.12473910420547296,0.1247390563939843,0.992242693901062,0.4548279345035553,1.0549179933150299e-05,262144,262144,213632,82154.76369816388,24578.222137892328,27347,11146,21165,202486,0,0
P2,F3,71,calibration,t1,53,Nigeria_529525,NGA,1.0,0.12036456036477527,0.12036456246364746,0.9915961623191833,0.45298537611961365,1.1258597623964306e-05,262144,262144,213632,80980.65418503479,24319.06660324484,27347,11146,21165,202486,0,0
P2,F3,71,calibration,calibrated,54,Nigeria_598959,NGA,1.0412534116224255,0.569306849678991,0.5693068290337049,0.23999324440956116,0.055198151618242264,3.159344123560004e-05,262144,211208,1438,225742.17742496415,45374.14679589996,163866,814,45904,624,0,0
P2,F3,71,calibration,t1,54,Nigeria_598959,NGA,1.0,0.533904110152119,0.5339041045755215,0.22349004447460175,0.051514461636543274,3.4741387935355306e-05,262144,211208,1438,234628.4455187223,45515.1720447298,163866,814,45904,624,0,0
P2,F3,71,calibration,calibrated,55,Nigeria_600295,NGA,1.0412534116224255,0.1436635754615183,0.14366362363845608,0.9101593494415283,0.33874526619911194,7.636968803126365e-06,262144,181691,129986,47013.97643051083,12045.56030331066,89073,8957,1186,82475,0,0
P2,F3,71,calibration,t1,55,Nigeria_600295,NGA,1.0,0.13735025742325468,0.13735025264130052,0.9032929539680481,0.33281660079956055,8.140239515341818e-06,262144,181691,129986,46139.60404645039,11771.525973990621,89073,8957,1186,82475,0,0
P2,F3,71,calibration,calibrated,56,Nigeria_707067,NGA,1.0412534116224255,0.5105012125919056,0.5105012283997401,0.3157210648059845,0.08093100041151047,3.1174695322988555e-05,262144,261359,2352,18333.30396719627,4224.058274632691,255785,1818,3239,517,0,0
P2,F3,71,calibration,t1,56,Nigeria_707067,NGA,1.0,0.4797462541222285,0.47974628639733485,0.29866117238998413,0.07657674700021744,3.420082794036716e-05,262144,261359,2352,18519.894876801016,4241.9756458140755,255785,1818,3239,517,0,0
P2,F3,71,calibration,calibrated,57,Nigeria_78061,NGA,1.0412534116224255,0.14522315972304534,0.14522315305794486,0.624062716960907,0.1901242882013321,9.915890404954553e-05,262144,228886,29272,45926.95742008981,12176.734908979695,208475,14917,145,5349,0,0
P2,F3,71,calibration,t1,57,Nigeria_78061,NGA,1.0,0.13384269747812472,0.1338427361959612,0.6062594056129456,0.18331924080848694,0.00011197016283404082,262144,228886,29272,46802.82667315399,12279.803948760016,208475,14917,145,5349,0,0
P2,F3,71,calibration,calibrated,58,Nigeria_812045,NGA,1.0412534116224255,0.1258802501326315,0.1258802555870241,0.9420638084411621,0.37268805503845215,6.957998721190961e-06,261565,236584,159194,65026.29386326429,17329.80032716963,100741,16260,165,119418,0,0
P2,F3,71,calibration,t1,58,Nigeria_812045,NGA,1.0,0.12034510434559387,0.12034515329336848,0.937501847743988,0.3678276836872101,7.404865300486563e-06,261565,236584,159194,63872.72100946788,16991.99560923001,100741,16260,165,119418,0,0
P2,F3,71,calibration,calibrated,59,Nigeria_81933,NGA,1.0412534116224255,0.17235215658068426,0.1723521278495478,0.9977291822433472,0.4757375419139862,1.3207102711021435e-05,262144,246268,185164,110444.2286297142,36923.49739252979,39579,28739,29067,148883,0,0
P2,F3,71,calibration,t1,59,Nigeria_81933,NGA,1.0,0.1681685596080964,0.1681685723807267,0.9975385069847107,0.47474002838134766,1.4140804523776751e-05,262144,246268,185164,110294.23446803732,36908.933853636976,39579,28739,29067,148883,0,0
P2,F3,71,calibration,calibrated,60,Nigeria_820924,NGA,1.0412534116224255,0.5655343583489474,0.5655343700964404,0.1473870873451233,0.02918051742017269,1.1359937161614653e-05,262144,262143,1019,5986.793752921624,1198.0376695666232,260339,628,785,391,0,0
P2,F3,71,calibration,t1,60,Nigeria_820924,NGA,1.0,0.522863214090834,0.5228632470993203,0.1338292360305786,0.026661943644285202,1.2475722542149015e-05,262144,262143,1019,5803.3700170923885,1202.591936835029,260339,628,785,391,0,0
P2,F3,71,calibration,calibrated,61,Nigeria_952958,NGA,1.0412534116224255,0.16596026011758824,0.16596022332734983,0.5016023516654968,0.1420525759458542,6.203741213539615e-05,262144,227674,21550,38513.08829455498,9422.080857469029,207941,9998,1276,8459,0,0
P2,F3,71,calibration,t1,61,Nigeria_952958,NGA,1.0,0.15168069980262822,0.15168075571878337,0.4824303388595581,0.13591419160366058,6.97617360856384e-05,262144,227674,21550,39065.01594751073,9474.649330444556,207941,9998,1276,8459,0,0
P2,F3,71,calibration,calibrated,62,Nigeria_984831,NGA,1.0412534116224255,0.12051979025849624,0.12051978941949892,0.9952803254127502,0.4649654030799866,8.100818376988173e-06,262144,240158,229098,69443.14479911752,20485.26324923924,9404,9074,17566,204114,0,0
P2,F3,71,calibration,t1,62,Nigeria_984831,NGA,1.0,0.1165323572184842,0.1165323844710362,0.9948853850364685,0.4635300934314728,8.638447070552502e-06,262144,240158,229098,68244.16317946927,20228.613302661666,9404,9074,17566,204114,0,0
P2,F3,71,calibration,calibrated,63,Spain_1167260,ESP,1.0412534116224255,0.19770730377360346,0.19770725496717323,0.9568439722061157,0.39420458674430847,7.36325528123416e-05,262144,262119,64386,98303.34613152535,28709.73589952722,189455,30145,8283,34236,0,0
P2,F3,71,calibration,t1,63,Spain_1167260,ESP,1.0,0.1886455534433532,0.18864556766257112,0.9534173607826233,0.3901115953922272,8.145241008605808e-05,262144,262119,64386,99509.53607495423,28860.443430372772,189455,30145,8283,34236,0,0
P2,F3,71,calibration,calibrated,64,Spain_1199913,ESP,1.0412534116224255,0.22715529077153584,0.22715526724433988,0.5250483155250549,0.1476983278989792,5.140286521054804e-05,262144,262143,14504,28639.026686692603,6518.741734456537,245870,6183,1769,8321,0,0
P2,F3,71,calibration,t1,64,Spain_1199913,ESP,1.0,0.2092572857419439,0.20925731999445274,0.5054202675819397,0.141205295920372,5.696768857887946e-05,262144,262143,14504,28677.553190040773,6532.367970329603,245870,6183,1769,8321,0,0
P2,F3,71,calibration,calibrated,65,Spain_2472849,ESP,1.0412534116224255,0.6714035510590686,0.671403548004821,0.2979118227958679,0.06651616096496582,2.1508016288862564e-05,262144,261759,1128,5199.22793206723,891.5230163157852,260621,1118,10,10,0,0
P2,F3,71,calibration,t1,65,Spain_2472849,ESP,1.0,0.6398926922658452,0.6398926939864178,0.27801433205604553,0.0617755688726902,2.3479369701817632e-05,262144,261759,1128,4825.416620397249,881.3445007863955,260621,1118,10,10,0,0
P2,F3,71,calibration,calibrated,66,Spain_2523247,ESP,1.0412534116224255,0.2819030533097797,0.2819030477249972,0.6218277812004089,0.18716633319854736,8.311038254760206e-05,262144,262039,12092,42903.70646943373,10341.661184233772,248517,11093,1440,989,0,0
P2,F3,71,calibration,t1,66,Spain_2523247,ESP,1.0,0.26395786796509313,0.2639578864101997,0.6035887598991394,0.18023768067359924,9.284928091801703e-05,262144,262039,12092,43594.50710124971,10384.23509193772,248517,11093,1440,989,0,0
P2,F3,71,calibration,calibrated,67,Spain_2594119,ESP,1.0412534116224255,0.26541960803956677,0.2654196449186832,0.6731950640678406,0.21305133402347565,9.747815056471154e-05,262144,262009,13659,30421.56709561939,8694.165311737597,247930,11202,427,2450,0,0
P2,F3,71,calibration,t1,67,Spain_2594119,ESP,1.0,0.24984626505162888,0.24984627355878553,0.6566335558891296,0.2062084674835205,0.00010886877862503752,262144,262009,13659,30661.28074750917,8753.68222673102,247930,11202,427,2450,0,0
P2,F3,71,calibration,calibrated,68,Spain_2938657,ESP,1.0412534116224255,0.22185288784380863,0.2218528885962009,0.49257776141166687,0.13059702515602112,4.333870310802013e-05,262144,262074,15565,24403.907670622088,5153.915862743097,246319,5983,190,9582,0,0
P2,F3,71,calibration,t1,68,Spain_2938657,ESP,1.0,0.20321134336907754,0.20321137883762697,0.4715766906738281,0.1239960789680481,4.824285861104727e-05,262144,262074,15565,24151.37981539231,5145.878233283154,246319,5983,190,9582,0,0
P2,F3,71,calibration,calibrated,69,Spain_3285448,ESP,1.0412534116224255,0.1600106966174899,0.1600106999356632,0.772210955619812,0.24859586358070374,1.581578362674918e-05,262144,262136,63635,36454.39530337987,7800.058895132439,197884,7863,617,55772,0,0
P2,F3,71,calibration,t1,69,Spain_3285448,ESP,1.0,0.14982088406509098,0.14982088632079416,0.7576485872268677,0.24107550084590912,1.691424404270947e-05,262144,262136,63635,35114.762493493574,7604.532189680974,197884,7863,617,55772,0,0
P2,F3,71,calibration,calibrated,70,Spain_337094,ESP,1.0412534116224255,0.20619242871403143,0.20619240435306707,0.9040375351905823,0.34224933385849,9.3812559498474e-05,262144,262056,38291,74309.81387485255,21506.45336434,215575,20406,8190,17885,0,0
P2,F3,71,calibration,t1,70,Spain_337094,ESP,1.0,0.19583686474574402,0.19583682084243637,0.896960973739624,0.3366175591945648,0.00010449012916069478,262144,262056,38291,75535.88883104705,21664.82862780794,215575,20406,8190,17885,0,0
P2,F3,71,calibration,calibrated,71,Spain_4282030,ESP,1.0412534116224255,0.18057874602040547,0.18057875903031917,0.9874594807624817,0.44298163056373596,2.2883368728798814e-05,262144,262123,123295,113247.54177633175,34499.00232422804,129146,34846,9698,88433,0,0
P2,F3,71,calibration,t1,71,Spain_4282030,ESP,1.0,0.17428191739463617,0.17428192722094027,0.9864212274551392,0.44067272543907166,2.460325777065009e-05,262144,262123,123295,113600.48769953591,34453.584837017,129146,34846,9698,88433,0,0
P2,F3,71,calibration,calibrated,72,Spain_4915752,ESP,1.0412534116224255,0.21703634774268898,0.21703634534953842,0.5291547179222107,0.14765998721122742,4.473517037695274e-05,262144,262128,15036,28844.217890125685,6326.8390539249685,246971,7493,121,7543,0,0
P2,F3,71,calibration,t1,72,Spain_4915752,ESP,1.0,0.19974100765375158,0.19974099419548286,0.5092371702194214,0.14103928208351135,4.949026697431691e-05,262144,262128,15036,28913.68765097586,6331.55658697392,246971,7493,121,7543,0,0
P2,F3,71,calibration,calibrated,73,Spain_5650136,ESP,1.0412534116224255,0.16964286853858057,0.16964289361269336,0.9759314656257629,0.41911396384239197,8.445086677966174e-06,262144,171596,129523,65744.4214899488,20733.640760543196,41846,25543,875,103332,0,0
P2,F3,71,calibration,t1,73,Spain_5650136,ESP,1.0,0.1638851347000123,0.163885113861162,0.9739639163017273,0.41588670015335083,8.943826287577394e-06,262144,171596,129523,66100.91061203807,20788.889523691883,41846,25543,875,103332,0,0
P2,F3,71,calibration,calibrated,74,Spain_5678382,ESP,1.0412534116224255,0.2559025142806206,0.2559024929356061,0.6228513121604919,0.18635717034339905,6.504041812149808e-05,262144,262117,13716,56653.865913912916,13374.09446821023,245401,13146,3003,567,0,0
P2,F3,71,calibration,t1,74,Spain_5678382,ESP,1.0,0.2387537675160355,0.23875372660229432,0.6045506000518799,0.1793559342622757,7.231617928482592e-05,262144,262117,13716,57915.858977829696,13453.337452216296,245401,13146,3003,567,0,0
P2,F3,71,calibration,calibrated,75,Spain_5816638,ESP,1.0412534116224255,0.6560622671881636,0.656062284196057,0.22281308472156525,0.04774618521332741,1.5489160432480276e-05,262144,262052,965,4379.725141265668,703.6455229064525,260931,742,156,223,0,0
P2,F3,71,calibration,t1,75,Spain_5816638,ESP,1.0,0.6208028903813609,0.6208028902643906,0.2058543711900711,0.044112611562013626,1.6871714251465164e-05,262144,262052,965,4043.5742669374185,697.7557843115002,260931,742,156,223,0,0
P2,F3,71,calibration,calibrated,76,Spain_5923267,ESP,1.0412534116224255,0.10462838156413778,0.10462838538576469,0.997342586517334,0.47306498885154724,6.234718512132531e-06,262144,218743,220456,38710.34891819375,9167.163000928098,4079,12951,26,201687,0,0
P2,F3,71,calibration,t1,76,Spain_5923267,ESP,1.0,0.10044154144080841,0.10044155283053613,0.9971195459365845,0.47195789217948914,6.674987162114121e-06,262144,218743,220456,37333.17725011744,8972.592660741724,4079,12951,26,201687,0,0
P2,F3,71,calibration,calibrated,77,Spain_6095801,ESP,1.0412534116224255,0.21139894748864108,0.21139893759933714,0.8848020434379578,0.32797718048095703,0.00012033196253469214,262144,262062,35015,88175.78738767402,24768.38813709166,217338,21988,9709,13027,0,0
P2,F3,71,calibration,t1,77,Spain_6095801,ESP,1.0,0.20030622474472204,0.20030621210507205,0.8765586018562317,0.3220292329788208,0.00013459067849908024,262144,262062,35015,90009.65905609002,24955.495768232802,217338,21988,9709,13027,0,0
P2,F3,71,calibration,calibrated,78,Spain_6199994,ESP,1.0412534116224255,0.5517490286180209,0.5517490368462807,0.5712407827377319,0.16041100025177002,4.990425077266991e-05,262144,261902,3315,12568.865793062669,2836.694960768582,258232,2887,355,428,0,0
P2,F3,71,calibration,t1,78,Spain_6199994,ESP,1.0,0.528122451786941,0.5281224823641504,0.5513451099395752,0.15333192050457,5.500571569427848e-05,262144,261902,3315,12229.447338776718,2808.6283975322185,258232,2887,355,428,0,0
P2,F3,71,calibration,calibrated,79,Spain_6537196,ESP,1.0412534116224255,0.2992891860850502,0.299289174137653,0.6914945244789124,0.21636341512203217,0.00012222871009726077,262144,262106,12363,35015.72936379719,9442.799296092164,248486,10574,1264,1782,0,0
P2,F3,71,calibration,t1,79,Spain_6537196,ESP,1.0,0.282104506868203,0.28210458006014794,0.6748055219650269,0.20919276773929596,0.00013635960931424052,262144,262106,12363,35350.97866150281,9487.747298147804,248486,10574,1264,1782,0,0
P2,F3,71,calibration,calibrated,80,Spain_6860600,ESP,1.0412534116224255,0.5122079530108155,0.5122079255296836,0.36595451831817627,0.09038475155830383,2.145239523088094e-05,262144,261969,2530,8706.25763086964,2042.368055220967,259227,2496,212,34,0,0
P2,F3,71,calibration,t1,80,Spain_6860600,ESP,1.0,0.481417460904466,0.4814174631089233,0.34620416164398193,0.08509595692157745,2.3268732547876425e-05,262144,261969,2530,8421.213768172254,2044.4230281610955,259227,2496,212,34,0,0
P2,F3,71,calibration,calibrated,81,Spain_716716,ESP,1.0412534116224255,0.2711330595342951,0.2711330375404858,0.46359896659851074,0.1286470741033554,5.423130642157048e-05,262144,262067,8644,37932.46136983465,8057.567310870269,251717,7706,1709,935,0,0
P2,F3,71,calibration,t1,81,Spain_716716,ESP,1.0,0.25107398561477756,0.2510740281643231,0.4444953501224518,0.12281488627195358,6.0202874010428786e-05,262144,262067,8644,38682.98953606482,8085.2594517167545,251717,7706,1709,935,0,0
P2,F3,71,calibration,calibrated,82,Spain_7370579,ESP,1.0412534116224255,0.1699086298137178,0.16990861606749386,0.9661673903465271,0.40620920062065125,3.7320260162232444e-05,262144,262045,86680,100074.53199363455,30140.32798521417,163266,28744,12111,57924,0,0
P2,F3,71,calibration,t1,82,Spain_7370579,ESP,1.0,0.16219074478518525,0.16219066354443878,0.9634462594985962,0.40252912044525146,4.064350650878623e-05,262144,262045,86680,101045.3984563598,30284.988154078474,163266,28744,12111,57924,0,0
P2,F3,71,calibration,calibrated,83,Spain_7387658,ESP,1.0412534116224255,0.1493214211007564,0.14932140980655695,0.994290292263031,0.4614236652851105,1.4443612599279732e-05,262144,262057,190891,123074.53500342177,40409.92826730226,61164,47887,10034,142972,0,0
P2,F3,71,calibration,t1,83,Spain_7387658,ESP,1.0,0.14472504489589577,0.14472501336357502,0.993813157081604,0.45984548330307007,1.5456127584911883e-05,262144,262057,190891,123369.48070882433,40468.18948953572,61164,47887,10034,142972,0,0
P2,F3,71,calibration,calibrated,84,Spain_7558720,ESP,1.0412534116224255,0.2897262649151878,0.289726205512853,0.564207911491394,0.16709589958190918,5.7534467487130314e-05,262144,261984,9910,39055.73547512411,9249.437332626025,250364,9483,1716,421,0,0
P2,F3,71,calibration,t1,84,Spain_7558720,ESP,1.0,0.2711000811659774,0.27110014888373146,0.545654296875,0.16064004600048065,6.359736289596185e-05,262144,261984,9910,39750.925938673965,9291.57976690223,250364,9483,1716,421,0,0
P2,F3,71,calibration,calibrated,85,Spain_7604243,ESP,1.0412534116224255,0.23522334771331488,0.23522335761435975,0.6362923383712769,0.1839204877614975,2.3400300051434897e-05,262144,262080,25454,23417.689194931834,4543.484138892643,236242,4919,388,20531,0,0
P2,F3,71,calibration,t1,85,Spain_7604243,ESP,1.0,0.21878312054110916,0.21878315454051844,0.616965115070343,0.17635266482830048,2.5596624254831113e-05,262144,262080,25454,22345.213279215117,4443.6355365032505,236242,4919,388,20531,0,0
P2,F3,71,calibration,calibrated,86,Spain_7786924,ESP,1.0412534116224255,0.2851846373170577,0.28518462537774436,0.6699689030647278,0.21010123193264008,0.00013056771422270685,262144,262111,12448,34762.12365845757,9612.852775497602,247757,10586,1915,1853,0,0
P2,F3,71,calibration,t1,86,Spain_7786924,ESP,1.0,0.26857422269711173,0.2685742774812304,0.6531606316566467,0.2031741589307785,0.00014567382459063083,262144,262111,12448,35183.97187537523,9678.568798034148,247757,10586,1915,1853,0,0
P2,F3,71,calibration,calibrated,87,Spain_7856615,ESP,1.0412534116224255,0.24015136183858243,0.24015137937229458,0.8865643739700317,0.32818466424942017,0.00011990756320301443,262144,261930,30019,77843.60645757742,21710.05168053016,227913,24380,3998,5639,0,0
P2,F3,71,calibration,t1,87,Spain_7856615,ESP,1.0,0.22832181023358122,0.22832181948226216,0.878386378288269,0.32220736145973206,0.0001339014997938648,262144,261930,30019,79302.54783698596,21860.76671709061,227913,24380,3998,5639,0,0
P2,F3,71,calibration,calibrated,88,Spain_8104659,ESP,1.0412534116224255,0.25699260011519853,0.256992631036704,0.9210619926452637,0.35680118203163147,8.02587965154089e-05,262144,262128,33158,105068.9329490838,27126.56530828836,227427,31217,1543,1941,0,0
P2,F3,71,calibration,t1,88,Spain_8104659,ESP,1.0,0.24527741470717712,0.24527742976579936,0.9150993227958679,0.3515528440475464,8.903583511710167e-05,262144,262128,33158,107280.15455332641,27237.34508268096,227427,31217,1543,1941,0,0
P2,F3,71,calibration,calibrated,89,Spain_8154154,ESP,1.0412534116224255,0.25913956689803086,0.2591396225714535,0.7115762829780579,0.22818851470947266,9.845694876275957e-05,262144,262118,15662,42767.3916605152,11324.123444399866,244777,12759,1682,2900,0,0
P2,F3,71,calibration,t1,89,Spain_8154154,ESP,1.0,0.2439665044872098,0.24396652449470702,0.695742666721344,0.2211533933877945,0.00010957264748867601,262144,262118,15662,43386.53700659733,11389.922481085701,244777,12759,1682,2900,0,0
P2,F3,71,calibration,calibrated,90,Spain_8199661,ESP,1.0412534116224255,0.22818199220761481,0.22818200510224784,0.7003002762794495,0.22233068943023682,0.00010781425226014107,262144,262036,18998,41793.40210889102,10721.335707470047,241577,12277,1462,6720,0,0
P2,F3,71,calibration,t1,90,Spain_8199661,ESP,1.0,0.2135028501582349,0.21350282291860234,0.6840558052062988,0.21526432037353516,0.00012034772953484207,262144,262036,18998,42258.028484415976,10778.272217754811,241577,12277,1462,6720,0,0
P2,F3,71,calibration,calibrated,91,Spain_8372658,ESP,1.0412534116224255,0.1572146409638192,0.15721462223920513,0.9650721549987793,0.40432479977607727,1.569858613947872e-05,262144,262029,111565,80644.18115779164,23394.689736899196,144359,24566,6110,86994,0,0
P2,F3,71,calibration,t1,91,Spain_8372658,ESP,1.0,0.15022556278345456,0.15022559444348382,0.9622649550437927,0.4005747139453888,1.6683692592778243e-05,262144,262029,111565,80196.906019027,23294.246223743667,144359,24566,6110,86994,0,0
P2,F3,71,calibration,calibrated,92,Spain_8565131,ESP,1.0412534116224255,0.1552188512473509,0.15521877270117668,0.9162028431892395,0.35163170099258423,2.5783803721424192e-05,262144,262084,76698,86316.20186865436,24741.17339581326,181457,28271,3935,48421,0,0
P2,F3,71,calibration,t1,92,Spain_8565131,ESP,1.0,0.14660751322937005,0.14660750894807362,0.9098948836326599,0.3462221920490265,2.824946386681404e-05,262144,262084,76698,87022.1334008306,24837.993874734482,181457,28271,3935,48421,0,0
P2,F3,71,test,calibrated,0,India_1017769,IND,1.0412534116224255,0.12733483829514192,0.1273349179986515,0.9855022430419922,0.4385189116001129,1.537853131594602e-05,262144,172971,178425,86089.52921030713,27777.94885765896,40451,34377,2804,95339,0,0
P2,F3,71,test,t1,0,India_1017769,IND,1.0,0.12233315846688286,0.1223331680028601,0.9843049645423889,0.4360361099243164,1.6491343558300287e-05,262144,172971,178425,86901.82302698426,27913.658326848657,40451,34377,2804,95339,0,0
P2,F3,71,test,calibrated,1,India_1018317,IND,1.0412534116224255,0.11672054173993218,0.11672051799756855,0.9851258993148804,0.43630048632621765,6.991182544879848e-06,262144,196977,192437,65851.81536600672,20118.43933000352,21940,24327,910,149800,0,0
P2,F3,71,test,t1,1,India_1018317,IND,1.0,0.11213252773134896,0.11213258889322764,0.983896017074585,0.4337259829044342,7.4913614298566245e-06,262144,196977,192437,65915.1561555144,20173.163908378076,21940,24327,910,149800,0,0
P2,F3,71,test,calibrated,2,India_1018327,IND,1.0412534116224255,0.17785698001845374,0.17785699891885665,0.8360586166381836,0.2944265604019165,9.556161967338994e-05,262144,262142,36399,78296.11787963746,22110.241423608146,211663,13830,14080,22569,0,0
P2,F3,71,test,t1,2,India_1018327,IND,1.0,0.1672098335135812,0.167209814625512,0.8251111507415771,0.2878411114215851,0.00010762064630398527,262144,262142,36399,79889.21875368484,22280.229595762725,211663,13830,14080,22569,0,0
P2,F3,71,test,calibrated,3,India_103447,IND,1.0412534116224255,0.14203029170234927,0.1420302901327437,0.771919310092926,0.2556843161582947,2.998238051077351e-05,262144,163567,54209,49250.322513906074,13261.100856972354,126624,9966,5789,21188,0,0
P2,F3,71,test,t1,3,India_103447,IND,1.0,0.13195027914064994,0.13195031832983417,0.7578826546669006,0.24857984483242035,3.3208783861482516e-05,262144,163567,54209,50034.40787223325,13340.294062542758,126624,9966,5789,21188,0,0
P2,F3,71,test,calibrated,4,India_1050276,IND,1.0412534116224255,0.203892661695389,0.20389269825781042,0.8705891966819763,0.31730708479881287,0.00013264322478789836,262144,255185,34559,166690.8045015897,44440.36686904473,187773,18407,34027,14978,0,0
P2,F3,71,test,t1,4,India_1050276,IND,1.0,0.19282995347941545,0.1928299436229114,0.8615034222602844,0.31112340092658997,0.00014907495642546564,262144,255185,34559,171870.90990051386,44781.67259765349,187773,18407,34027,14978,0,0
P2,F3,71,test,calibrated,5,India_1068117,IND,1.0412534116224255,0.18345027809616588,0.18345026377750795,0.9429421424865723,0.37822937965393066,9.001390571938828e-05,262144,229712,60366,102263.37747535107,30975.91171572949,159783,21969,18354,29606,0,0
P2,F3,71,test,t1,5,India_1068117,IND,1.0,0.17451903987516892,0.1745190405267807,0.9384961724281311,0.37361466884613037,0.00010123987158294767,262144,229712,60366,104369.33476417542,31249.172269873558,159783,21969,18354,29606,0,0
P2,F3,71,test,calibrated,6,India_1072277,IND,1.0412534116224255,0.8313151518608951,0.8313151445568422,0.21511100232601166,0.04378826171159744,8.233088919951115e-06,262144,262142,427,120507.19474737658,22293.79649269813,239293,303,22422,124,0,0
P2,F3,71,test,t1,6,India_1072277,IND,1.0,0.8078392230286341,0.8078392072849367,0.19770047068595886,0.040135614573955536,8.765131497057155e-06,262144,262142,427,124963.17273626366,22336.218923916837,239293,303,22422,124,0,0
P2,F3,71,test,calibrated,7,India_118868,IND,1.0412534116224255,0.8309823072045729,0.8309823018414215,0.808575451374054,0.26683294773101807,1.8880937204812653e-05,159275,159275,3649,47345.86244050691,12576.413319718047,145179,3411,10447,238,0,0
P2,F3,71,test,t1,7,India_118868,IND,1.0,0.8216051192644946,0.8216051163583062,0.7955615520477295,0.25939425826072693,2.000976564886514e-05,159275,159275,3649,46549.87602660488,12394.515229568427,145179,3411,10447,238,0,0
P2,F3,71,test,calibrated,8,India_135434,IND,1.0412534116224255,0.15370561780552539,0.15370561130550098,0.6264185905456543,0.1889033019542694,4.5154087274568155e-05,258866,117150,30461,18143.372920667898,4433.422578344789,102530,4308,1167,9145,0,0
P2,F3,71,test,t1,8,India_135434,IND,1.0,0.141368002695186,0.14136802988653085,0.6082605719566345,0.18194857239723206,5.0527258281363174e-05,258866,117150,30461,18286.989827233367,4451.289706230694,102530,4308,1167,9145,0,0
P2,F3,71,test,calibrated,9,India_136196,IND,1.0412534116224255,0.7832760018360355,0.7832760067821036,0.3067241907119751,0.064197838306427,1.3931661669630557e-05,262144,211744,697,3731.101224397454,549.6279933434573,211047,697,0,0,0,0
P2,F3,71,test,t1,9,India_136196,IND,1.0,0.7573698574501466,0.757369847474254,0.2855413854122162,0.059039078652858734,1.5107986655493733e-05,262144,211744,697,3399.8168929580816,540.5726786986017,211047,697,0,0,0,0
P2,F3,71,test,calibrated,10,India_164336,IND,1.0412534116224255,0.964090707974569,0.9640907094342718,0.26676124334335327,0.048880454152822495,3.831010872090701e-06,262144,259101,104,12865.72155093593,1950.220064167059,257156,64,1841,40,0,0
P2,F3,71,test,t1,10,India_164336,IND,1.0,0.9581613360413814,0.9581613394325976,0.24502253532409668,0.04396101087331772,3.945529442717088e-06,262144,259101,104,12732.559593039303,1933.5518740883308,257156,64,1841,40,0,0
P2,F3,71,test,calibrated,11,India_166709,IND,1.0412534116224255,0.5529420846715232,0.552942105809973,0.3517909646034241,0.09576993435621262,2.4061149815679528e-05,262144,256894,2338,41772.81845144883,9094.316298010732,246257,1798,8299,540,0,0
P2,F3,71,test,t1,11,India_166709,IND,1.0,0.525139406345653,0.5251394118433029,0.33496204018592834,0.09126132726669312,2.6182622605119832e-05,262144,256894,2338,42903.909497601344,9123.718955174882,246257,1798,8299,540,0,0
P2,F3,71,test,calibrated,12,India_177319,IND,1.0412534116224255,0.3960401360088144,0.39604013413636585,0.3278503715991974,0.0896233394742012,6.94199261488393e-05,261409,256490,3887,16862.288023285342,4115.252990604842,251095,3817,1508,70,0,0
P2,F3,71,test,t1,12,India_177319,IND,1.0,0.36886456049590177,0.36886456749031593,0.3119729459285736,0.08545367419719696,7.590008317492902e-05,261409,256490,3887,16971.924208080287,4140.545146181303,251095,3817,1508,70,0,0
P2,F3,71,test,calibrated,13,India_179238,IND,1.0412534116224255,0.9977247278289694,0.9977247278480789,0.10260030627250671,0.015020319260656834,2.0057502752024448e-06,262144,192482,4,59660.41873314795,11390.711887523832,180888,2,11590,2,0,0
P2,F3,71,test,t1,13,India_179238,IND,1.0,0.9972363962712183,0.9972363964507841,0.0898064598441124,0.012964814901351929,1.9944914129155222e-06,262144,192482,4,61842.99294883375,11417.529784896047,180888,2,11590,2,0,0
P2,F3,71,test,calibrated,14,India_180633,IND,1.0412534116224255,0.17362345345280994,0.17362347352931684,0.9730499386787415,0.4156157672405243,1.2075152881152462e-05,262144,164555,116986,51552.69794167252,15822.19121432279,70093,18699,2979,72784,0,0
P2,F3,71,test,t1,14,India_180633,IND,1.0,0.16705498928567197,0.16705497311413697,0.9708595275878906,0.4122677743434906,1.2915534171042964e-05,262144,164555,116986,51354.33526636486,15795.91428836308,70093,18699,2979,72784,0,0
P2,F3,71,test,calibrated,15,India_207862,IND,1.0412534116224255,0.46250455139245295,0.4625045755610119,0.5253238081932068,0.15398040413856506,4.5747539843432605e-05,262144,200115,4634,89847.78195040821,20246.814943811398,176308,2779,19588,1440,0,0
P2,F3,71,test,t1,15,India_207862,IND,1.0,0.4394490561159694,0.4394490593951914,0.5070503354072571,0.14788512885570526,5.014751513954252e-05,262144,200115,4634,92905.62513195365,20341.304761852924,176308,2779,19588,1440,0,0
P2,F3,71,test,calibrated,16,India_244057,IND,1.0412534116224255,0.9500152330072108,0.9500152387409826,0.23581549525260925,0.04369712993502617,4.837080268771388e-06,262144,160537,123,1814.4926628797107,67.04342035917782,160512,20,5,0,0,0
P2,F3,71,test,t1,16,India_244057,IND,1.0,0.9416006979120805,0.9416007061147943,0.2159395068883896,0.03940008208155632,5.043275450589135e-06,262144,160537,123,1547.797831195368,57.68809525028034,160512,20,5,0,0,0
P2,F3,71,test,calibrated,17,India_25540,IND,1.0412534116224255,0.8411329721390945,0.8411329752649486,0.1362120360136032,0.023746084421873093,8.716596312297042e-06,262144,188625,279,58619.54299527213,11066.696287000286,177021,45,11325,234,0,0
P2,F3,71,test,t1,17,India_25540,IND,1.0,0.8148527579309492,0.8148527713460202,0.12191390991210938,0.02122599445283413,9.401686838828027e-06,262144,188625,279,60733.8049096643,11093.91382997896,177021,45,11325,234,0,0
P2,F3,71,test,calibrated,18,India_265762,IND,1.0412534116224255,0.8038684943676735,0.8038685045754728,0.1529061496257782,0.029404720291495323,8.304403309011832e-06,262144,147296,393,43521.720324129856,8276.837097775315,138631,132,8416,117,0,0
P2,F3,71,test,t1,18,India_265762,IND,1.0,0.7748432377266843,0.7748432493272229,0.1385606825351715,0.026733586564660072,8.870311830833089e-06,262144,147296,393,45056.65351674544,8297.64767780689,138631,132,8416,117,0,0
P2,F3,71,test,calibrated,19,India_273873,IND,1.0412534116224255,0.25258372875932955,0.2525836968627967,0.7117120623588562,0.22673165798187256,8.685377542860806e-05,262144,155608,18147,42828.31429887141,9568.248868593906,142991,7171,4104,1342,0,0
P2,F3,71,test,t1,19,India_273873,IND,1.0,0.2366810552689682,0.23668107864637555,0.6956729292869568,0.2196006178855896,9.730968304211274e-05,262144,155608,18147,43827.7781669135,9613.537015758662,142991,7171,4104,1342,0,0
P2,F3,71,test,calibrated,20,India_285297,IND,1.0412534116224255,0.21597244376909563,0.21597244044654096,0.7428308725357056,0.23987993597984314,5.2057785069337115e-05,262144,245042,22993,152344.01617604983,37970.929169975505,194003,15033,28696,7310,0,0
P2,F3,71,test,t1,20,India_285297,IND,1.0,0.20220298220043997,0.2022029395464695,0.7276746034622192,0.23265890777111053,5.7627221394795924e-05,262144,245042,22993,157325.621663912,38239.92788459509,194003,15033,28696,7310,0,0
P2,F3,71,test,calibrated,21,India_287642,IND,1.0412534116224255,0.2403011961885555,0.24030116197087403,0.8900970816612244,0.3318426012992859,0.00012035131658194587,262144,115377,29152,51993.13367299348,13907.046020431317,93708,3755,12964,4950,0,0
P2,F3,71,test,t1,21,India_287642,IND,1.0,0.22881232020923226,0.22881234565280606,0.8821629881858826,0.32597631216049194,0.00013415119610726833,262144,115377,29152,53479.46258262709,14005.375547528372,93708,3755,12964,4950,0,0
P2,F3,71,test,calibrated,22,India_324254,IND,1.0412534116224255,0.6442149018002823,0.6442148927382403,0.1919838935136795,0.04029857739806175,1.511280788690783e-05,262144,262144,992,22277.183123293347,3981.3862800167954,257550,711,3602,281,0,0
P2,F3,71,test,t1,22,India_324254,IND,1.0,0.6067623257252897,0.6067623017073696,0.17618779838085175,0.03713202103972435,1.651629645493813e-05,262144,262144,992,22705.698606660248,3987.732458219619,257550,711,3602,281,0,0
P2,F3,71,test,calibrated,23,India_373039,IND,1.0412534116224255,0.36317658286138166,0.3631766317390247,0.5448561906814575,0.15698184072971344,7.354343688348308e-05,262144,242783,6973,24396.141650038815,6361.728571672605,234747,6527,1497,12,0,0
P2,F3,71,test,t1,23,India_373039,IND,1.0,0.34115592345280576,0.34115589157199755,0.5257887840270996,0.15047849714756012,8.162604353856295e-05,262144,242783,6973,24601.839196979177,6396.806805946396,234747,6527,1497,12,0,0
P2,F3,71,test,calibrated,24,India_383430,IND,1.0412534116224255,0.22456985472639357,0.2245699150760011,0.7293359041213989,0.23668193817138672,0.0001221033016918227,262144,251271,19054,130334.13809812373,30613.44830851602,205560,6483,27836,11392,0,0
P2,F3,71,test,t1,24,India_383430,IND,1.0,0.21112767322639514,0.21112765263456046,0.7140581011772156,0.22965002059936523,0.00013659294927492738,262144,251271,19054,134638.53527667566,30769.113960284143,205560,6483,27836,11392,0,0
P2,F3,71,test,calibrated,25,India_391908,IND,1.0412534116224255,0.19140049205261533,0.19140048164251966,0.7807584404945374,0.263963907957077,0.00011307796376058832,262144,211832,28168,99410.29943198792,25960.876342882875,170237,15606,15271,10718,0,0
P2,F3,71,test,t1,25,India_391908,IND,1.0,0.17959611900647388,0.1795961012381706,0.7673980593681335,0.25710397958755493,0.00012687973503489047,262144,211832,28168,102292.098521713,26144.738811659347,170237,15606,15271,10718,0,0
P2,F3,71,test,calibrated,26,India_399883,IND,1.0412534116224255,0.13807731012024949,0.13807732429155806,0.9874133467674255,0.44232726097106934,1.3629528439196292e-05,262144,262119,166789,119088.34209254925,37483.67555096933,85437,40390,9918,126374,0,0
P2,F3,71,test,t1,26,India_399883,IND,1.0,0.13298608827924818,0.13298608120064637,0.9863708019256592,0.43999093770980835,1.4652842764917295e-05,262144,262119,166789,119681.94723398224,37536.527172441805,85437,40390,9918,126374,0,0
P2,F3,71,test,calibrated,27,India_44475,IND,1.0412534116224255,0.9999999999521135,1.0,0.13792259991168976,0.020411133766174316,1.5747398265375523e-06,262144,260175,0,2056.1922481290744,26.081029408955093,260175,0,0,0,0,0
P2,F3,71,test,t1,27,India_44475,IND,1.0,0.9999999999422741,1.0,0.12211229652166367,0.01762736588716507,1.5200317875496694e-06,262144,260175,0,1700.4125941607601,19.163657270453115,260175,0,0,0,0,0
P2,F3,71,test,calibrated,28,India_500266,IND,1.0412534116224255,0.35816618890030205,0.35816621282814864,0.4083532392978668,0.10990258306264877,5.646526915370487e-05,262144,262141,5114,161513.81598586586,34294.581490500124,222360,1600,34667,3514,0,0
P2,F3,71,test,t1,28,India_500266,IND,1.0,0.33341501981065136,0.33341498172413186,0.38962486386299133,0.10456370562314987,6.263707473408431e-05,262144,262141,5114,167491.52629132394,34430.026386450736,222360,1600,34667,3514,0,0
P2,F3,71,test,calibrated,29,India_533192,IND,1.0412534116224255,0.32552466301949956,0.3255246765998706,0.9978373646736145,0.47611740231513977,8.459234777546953e-06,156878,120661,69839,59009.54519343066,18867.85276803298,61328,16089,3014,40230,0,0
P2,F3,71,test,t1,29,India_533192,IND,1.0,0.3197623208377707,0.319762325038633,0.9976556897163391,0.47513526678085327,8.979802260000724e-06,156878,120661,69839,58544.04214408499,18682.243253642016,61328,16089,3014,40230,0,0
P2,F3,71,test,calibrated,30,India_534470,IND,1.0412534116224255,0.8469620354458173,0.8469620227666282,0.13286563754081726,0.02293574810028076,5.617724582407391e-06,262144,250570,248,36084.38114247341,7251.932958403802,242990,146,7332,102,0,0
P2,F3,71,test,t1,30,India_534470,IND,1.0,0.8210630121810154,0.8210630198323036,0.11886080354452133,0.02046290971338749,5.966790013189893e-06,262144,250570,248,37172.115123347314,7272.798466748164,242990,146,7332,102,0,0
P2,F3,71,test,calibrated,31,India_56450,IND,1.0412534116224255,0.9999999999452213,1.0,0.10554338246583939,0.014511705376207829,1.287344389311329e-06,262144,181248,0,1717.7152671713543,97.07795738268936,181166,0,82,0,0,0
P2,F3,71,test,t1,31,India_56450,IND,1.0,0.9999999999333218,1.0,0.09211478382349014,0.012336417101323605,1.2186857247797889e-06,262144,181248,0,1501.2683451442554,93.27430457248929,181166,0,82,0,0,0
P2,F3,71,test,calibrated,32,India_566697,IND,1.0412534116224255,0.38080969763268946,0.3808096528966932,0.3121873140335083,0.08161956816911697,3.2794123399071395e-05,262144,215703,3727,73276.22581728619,15229.518058871861,198753,2231,14052,667,0,0
P2,F3,71,test,t1,32,India_566697,IND,1.0,0.3529073060381106,0.35290727635129737,0.2956235110759735,0.07742005586624146,3.613200533436611e-05,262144,215703,3727,75818.90692876777,15283.411482875665,198753,2231,14052,667,0,0
P2,F3,71,test,calibrated,33,India_570384,IND,1.0412534116224255,0.17987098651022848,0.17987106123040653,0.5056453347206116,0.14316704869270325,7.400935282930732e-05,262144,242000,17490,50978.39921859135,12884.822811633494,220514,6938,8215,6333,0,0
P2,F3,71,test,t1,33,India_570384,IND,1.0,0.16495457070995923,0.16495455169611395,0.4864913523197174,0.13697893917560577,8.309064287459478e-05,262144,242000,17490,52133.617225528884,12970.84102431588,220514,6938,8215,6333,0,0
P2,F3,71,test,calibrated,34,India_591317,IND,1.0412534116224255,0.15188864053827855,0.15188867565595432,0.9466317892074585,0.3780566453933716,1.214717576658586e-05,262144,246049,120127,64029.29220851415,17671.686921280372,119326,12684,6596,107443,0,0
P2,F3,71,test,t1,34,India_591317,IND,1.0,0.14547533884512232,0.1454753205134136,0.9424044489860535,0.3733721375465393,1.2970527677680366e-05,262144,246049,120127,63014.81022852895,17424.573012957233,119326,12684,6596,107443,0,0
P2,F3,71,test,calibrated,35,India_591549,IND,1.0412534116224255,0.8902297031925809,0.8902297099830438,0.11736319214105606,0.019731536507606506,5.429514203569852e-06,262144,245709,164,56200.80794172697,10822.360254836003,234587,68,10985,69,0,0
P2,F3,71,test,t1,35,India_591549,IND,1.0,0.8699561291953273,0.8699561300819987,0.10438704490661621,0.017525624483823776,5.746197075495729e-06,262144,245709,164,58146.31983820617,10848.232681389189,234587,68,10985,69,0,0
P2,F3,71,test,calibrated,36,India_592446,IND,1.0412534116224255,0.1953791609079505,0.19537913136530105,0.6796093583106995,0.21583372354507446,9.5948445959948e-05,262144,224355,20711,27857.790378641577,7930.722316541076,206946,8365,2286,6758,0,0
P2,F3,71,test,t1,36,India_592446,IND,1.0,0.18252991797594553,0.1825298551535235,0.6632728576660156,0.20898005366325378,0.0001077674824045971,262144,224355,20711,28074.46828589728,7988.615687388886,206946,8365,2286,6758,0,0
P2,F3,71,test,calibrated,37,India_59460,IND,1.0412534116224255,0.9999999999502176,1.0,0.13779217004776,0.020044676959514618,1.3192367305236985e-06,262144,209353,0,3192.6087461669304,323.95904172982546,209038,0,315,0,0,0
P2,F3,71,test,t1,37,India_59460,IND,1.0,0.9999999999398138,1.0,0.1218482032418251,0.017239810898900032,1.2473492461140268e-06,262144,209353,0,2971.909381883812,319.21721870092966,209038,0,315,0,0,0
P2,F3,71,test,calibrated,38,India_624341,IND,1.0412534116224255,0.6634037131050625,0.6634037309548976,0.13957737386226654,0.025904741138219833,1.1088852261309512e-05,262144,262142,689,18009.3027341784,3377.7868493855135,258397,521,3056,168,0,0
P2,F3,71,test,t1,38,India_624341,IND,1.0,0.6223462748560773,0.6223462616571388,0.12567856907844543,0.023417720571160316,1.215112024510745e-05,262144,262142,689,18318.0958584082,3384.690380227372,258397,521,3056,168,0,0
P2,F3,71,test,calibrated,39,India_631692,IND,1.0412534116224255,0.4538969776946322,0.45389700925546816,0.24156124889850616,0.05662218853831291,1.9339940990903415e-05,262144,262144,2346,6567.89032166698,1555.1952778255597,259469,1873,329,473,0,0
P2,F3,71,test,t1,39,India_631692,IND,1.0,0.4189399471977022,0.41893996173213577,0.2252754420042038,0.05298488587141037,2.1329320588847622e-05,262144,262144,2346,6308.987698038397,1565.1099938121263,259469,1873,329,473,0,0
P2,F3,71,test,calibrated,40,India_652725,IND,1.0412534116224255,0.24055647004060787,0.24055649142153468,0.6493991017341614,0.2003752887248993,9.596230665920302e-05,262144,262094,14929,85383.71855639713,21423.343348169015,231251,9048,15914,5881,0,0
P2,F3,71,test,t1,40,India_652725,IND,1.0,0.22513430822663627,0.2251343237601996,0.6319920420646667,0.1934516280889511,0.00010715149983298033,262144,262094,14929,87856.53891022447,21563.41901328822,231251,9048,15914,5881,0,0
P2,F3,71,test,calibrated,41,India_664410,IND,1.0412534116224255,0.19077163498057792,0.19077164948993064,0.6057313680648804,0.18420718610286713,8.745116065256298e-05,262144,262142,17834,73985.22303082005,18618.651767762745,235401,13215,8907,4619,0,0
P2,F3,71,test,t1,41,India_664410,IND,1.0,0.1774335445456955,0.17743355172644137,0.5880075097084045,0.17758499085903168,9.776275692274794e-05,262144,262142,17834,76094.95588896058,18752.02353138905,235401,13215,8907,4619,0,0
P2,F3,71,test,calibrated,42,India_691027,IND,1.0412534116224255,0.20277267524374076,0.20277272892990972,0.5597106218338013,0.16520503163337708,0.00011493511556182057,262144,254034,15323,48456.108270256016,12647.67344645954,234473,11167,4271,4123,0,0
P2,F3,71,test,t1,42,India_691027,IND,1.0,0.18796495535697155,0.18796490252756304,0.541246235370636,0.1587713360786438,0.00012897278065793216,262144,254034,15323,49577.242523382076,12745.652742902263,234473,11167,4271,4123,0,0
P2,F3,71,test,calibrated,43,India_698338,IND,1.0412534116224255,0.3432530455928531,0.3432530028307511,0.46164700388908386,0.13285581767559052,4.143776459386572e-05,262144,227984,6233,25045.76649469415,6367.826143510134,216211,1837,6081,3855,0,0
P2,F3,71,test,t1,43,India_698338,IND,1.0,0.3214131145403111,0.32141315719789165,0.4441332221031189,0.1273622363805771,4.5930923079140484e-05,262144,227984,6233,25453.19732671189,6404.755130077826,216211,1837,6081,3855,0,0
P2,F3,71,test,calibrated,44,India_70352,IND,1.0412534116224255,0.1716945458203426,0.1716946036931214,0.7701183557510376,0.2565133571624756,7.730128709226847e-05,262144,239229,33566,38907.91804836539,10526.478071363132,213212,12829,841,12347,0,0
P2,F3,71,test,t1,44,India_70352,IND,1.0,0.16028580373108525,0.16028576832911923,0.756191074848175,0.24951110780239105,8.708026143722236e-05,262144,239229,33566,39134.817952403886,10581.714320851857,213212,12829,841,12347,0,0
P2,F3,71,test,calibrated,45,India_707886,IND,1.0412534116224255,0.15477986785269338,0.1547797652338181,0.4806404411792755,0.13618841767311096,8.187670755432919e-05,262144,256881,18539,37298.49254493951,10298.286520092845,238432,12781,64,5604,0,0
P2,F3,71,test,t1,45,India_707886,IND,1.0,0.14163343034244624,0.14163340628680776,0.46200722455978394,0.13032066822052002,9.20323800528422e-05,262144,256881,18539,37970.68127214382,10393.574643680382,238432,12781,64,5604,0,0
P2,F3,71,test,calibrated,46,India_73419,IND,1.0412534116224255,0.7221749542121924,0.7221749510724997,0.14539889991283417,0.027359910309314728,9.461042282055132e-06,262144,178934,541,29555.89903422393,5988.822417032587,172601,81,6114,138,0,0
P2,F3,71,test,t1,46,India_73419,IND,1.0,0.6851928809419141,0.6851928897675019,0.1313263326883316,0.02478519082069397,1.0291179023624863e-05,262144,178934,541,30488.177807162523,6008.091424122829,172601,81,6114,138,0,0
P2,F3,71,test,calibrated,47,India_747970,IND,1.0412534116224255,0.2092232087614332,0.20922318141570717,0.5213491320610046,0.14718952775001526,6.940441380720586e-05,262144,246517,13392,27826.865914372425,7751.412415981298,232968,8542,1261,3746,0,0
P2,F3,71,test,t1,47,India_747970,IND,1.0,0.19309376186263927,0.1930936705583185,0.5019205212593079,0.1407783478498459,7.775930862408131e-05,262144,246517,13392,28180.846861266895,7818.822511135415,232968,8542,1261,3746,0,0
P2,F3,71,test,calibrated,48,India_747992,IND,1.0412534116224255,0.17434486618710976,0.17434495649118964,0.9089537262916565,0.34692391753196716,6.111905531724915e-05,262144,262087,49409,251950.93755889896,65863.81894116953,140812,3953,71866,45456,0,0
P2,F3,71,test,t1,48,India_747992,IND,1.0,0.16521691201257427,0.16521695492073296,0.9021989107131958,0.34142374992370605,6.794372166041285e-05,262144,262087,49409,260388.5273210949,66346.50228062639,140812,3953,71866,45456,0,0
P2,F3,71,test,calibrated,49,India_764946,IND,1.0412534116224255,0.20575112476181745,0.20575120925621138,0.41826361417770386,0.11427062749862671,6.134760042186826e-05,262144,242502,11266,19212.710719743936,5296.209499892279,232647,6709,155,2991,0,0
P2,F3,71,test,t1,49,India_764946,IND,1.0,0.18841035786713412,0.1884104150908461,0.39976486563682556,0.1089097112417221,6.877390842419118e-05,262144,242502,11266,19321.593914014837,5342.991150038455,232647,6709,155,2991,0,0
P2,F3,71,test,calibrated,50,India_769408,IND,1.0412534116224255,0.3836227835960848,0.38362277810042644,0.5112628936767578,0.15041093528270721,5.8884299505734816e-05,262144,175907,6014,37994.27448395162,9102.018505195534,163712,3613,6931,1651,0,0
P2,F3,71,test,t1,50,India_769408,IND,1.0,0.3618356633587907,0.36183561986453305,0.4931257665157318,0.14450928568840027,6.511831452371553e-05,262144,175907,6014,39000.01184573412,9146.28670204026,163712,3613,6931,1651,0,0
P2,F3,71,test,calibrated,51,India_772630,IND,1.0412534116224255,0.8830255538259414,0.88302555229189,0.18444675207138062,0.0352315716445446,1.0203961210208945e-05,262144,155332,244,7918.064741652349,1491.3976319919848,153764,223,1345,0,0,0
P2,F3,71,test,t1,51,India_772630,IND,1.0,0.864339434371572,0.864339435919607,0.16806866228580475,0.03196912258863449,1.0888475117099006e-05,262144,155332,244,7938.407658940808,1490.4794422592763,153764,223,1345,0,0,0
P2,F3,71,test,calibrated,52,India_773682,IND,1.0412534116224255,0.2650342171838985,0.26503418228806896,0.25964874029159546,0.06425517052412033,3.462441236479208e-05,262144,252793,5210,139048.91338888102,29318.266824018603,219292,2542,28291,2668,0,0
P2,F3,71,test,t1,52,India_773682,IND,1.0,0.2401136055729668,0.24011358673335192,0.24387922883033752,0.06054926663637161,3.850876964861527e-05,262144,252793,5210,144251.91425582947,29434.032380919078,219292,2542,28291,2668,0,0
P2,F3,71,test,calibrated,53,India_774689,IND,1.0412534116224255,0.25465293527343424,0.25465297339959747,0.7734623551368713,0.2595732808113098,0.00013801672321278602,261156,237116,18238,65274.761162380455,16964.926658442448,209829,8530,12133,6624,0,0
P2,F3,71,test,t1,53,India_774689,IND,1.0,0.24071069001955014,0.24071068156623832,0.7597739100456238,0.2526569664478302,0.0001524854014860466,261156,237116,18238,66881.697744618,17075.388823957288,209829,8530,12133,6624,0,0
P2,F3,71,test,calibrated,54,India_79637,IND,1.0412534116224255,0.4708034885558099,0.470803507376635,0.3607989251613617,0.08128345012664795,1.8710245058173314e-05,262144,262144,2869,31118.209305602548,6293.43653032939,254730,2249,4545,620,0,0
P2,F3,71,test,t1,54,India_79637,IND,1.0,0.43838728312944986,0.438387303971572,0.3388466536998749,0.0755535215139389,2.05412015930051e-05,262144,262144,2869,31662.521039124804,6300.916360405411,254730,2249,4545,620,0,0
P2,F3,71,test,calibrated,55,India_80221,IND,1.0412534116224255,0.12326037262395617,0.12326029055152088,0.9580684900283813,0.39291703701019287,6.453445166698657e-06,262144,151793,169577,52055.15490264101,15747.911399810018,18891,18396,767,113739,0,0
P2,F3,71,test,t1,55,India_80221,IND,1.0,0.11810078068471319,0.11810076262344316,0.9547113180160522,0.38874679803848267,6.916690836078487e-06,262144,151793,169577,52293.216868869524,15797.031780688703,18891,18396,767,113739,0,0
P2,F3,71,test,calibrated,56,India_804466,IND,1.0412534116224255,0.2471004188147966,0.2471004198997825,0.6248462200164795,0.1919967532157898,9.339855023426935e-05,262144,262134,13557,186192.06449781224,42898.824811189465,206844,5062,41733,8495,0,0
P2,F3,71,test,t1,56,India_804466,IND,1.0,0.23142701028676083,0.23142694159993815,0.607317328453064,0.1852858066558838,0.00010422752529848367,262144,262134,13557,192927.24835395892,43119.532572787466,206844,5062,41733,8495,0,0
P2,F3,71,test,calibrated,57,India_828067,IND,1.0412534116224255,0.20587413000063504,0.20587418365987564,0.5202621817588806,0.14960134029388428,0.00010263709555147216,262144,183120,13664,27205.731443509754,7456.071145161772,168305,7821,1731,5263,0,0
P2,F3,71,test,t1,57,India_828067,IND,1.0,0.19028377623754245,0.1902837731301683,0.5015101432800293,0.14337967336177826,0.00011479682143544778,262144,183120,13664,27663.29788624254,7516.784803965749,168305,7821,1731,5263,0,0
P2,F3,71,test,calibrated,58,India_833266,IND,1.0412534116224255,0.5231434138670286,0.5231433877298656,0.2678849995136261,0.05880523845553398,1.2451328075258061e-05,262144,219674,1779,83117.03925897993,16781.16107512262,200931,481,16964,1298,0,0
P2,F3,71,test,t1,58,India_833266,IND,1.0,0.48714857442247517,0.4871485942960636,0.24921464920043945,0.05449670925736427,1.3432911146082915e-05,262144,219674,1779,86063.96961955505,16830.44978674948,200931,481,16964,1298,0,0
P2,F3,71,test,calibrated,59,India_842775,IND,1.0412534116224255,0.7869069470835983,0.7869069231073684,0.15199929475784302,0.030499368906021118,7.148757049435517e-06,262144,246418,439,27298.223360557506,5468.375040738296,240310,179,5669,260,0,0
P2,F3,71,test,t1,59,India_842775,IND,1.0,0.7567813240196399,0.7567813139179381,0.13827435672283173,0.027924833819270134,7.649552571820095e-06,262144,246418,439,28010.51707974865,5487.870152652613,240310,179,5669,260,0,0
P2,F3,71,test,calibrated,60,India_869358,IND,1.0412534116224255,0.20202270453482007,0.202022719347709,0.3254658877849579,0.08186888694763184,6.807196768932045e-05,262144,262144,9220,33655.20217224947,8002.818977451971,250384,6710,2540,2510,0,0
P2,F3,71,test,t1,60,India_869358,IND,1.0,0.182563269793118,0.18256331517353674,0.3073387145996094,0.07727597653865814,7.632935739820823e-05,262144,262144,9220,34363.605181681574,8052.015088562333,250384,6710,2540,2510,0,0
P2,F3,71,test,calibrated,61,India_900498,IND,1.0412534116224255,0.14340296976423672,0.14340295272603154,0.9803160429000854,0.4281744956970215,1.497800349170575e-05,262144,261992,147167,102052.82535475066,31716.09012828337,105566,32473,9411,114542,0,0
P2,F3,71,test,t1,61,India_900498,IND,1.0,0.13768239670629878,0.1376823491646323,0.9787012338638306,0.4252953827381134,1.6146341295097955e-05,262144,261992,147167,102093.99824381858,31710.917291780323,105566,32473,9411,114542,0,0
P2,F3,71,test,calibrated,62,India_91379,IND,1.0412534116224255,0.24719683547685145,0.2471968187404988,0.5897646546363831,0.1757078319787979,7.85820375313051e-05,262144,262133,12758,98214.74916165581,24127.788181156804,227238,5301,22137,7457,0,0
P2,F3,71,test,t1,62,India_91379,IND,1.0,0.23056388657769822,0.23056386817320762,0.5713828206062317,0.16902923583984375,8.768665429670364e-05,262144,262133,12758,101324.15588346474,24280.380336668044,227238,5301,22137,7457,0,0
P2,F3,71,test,calibrated,63,India_943439,IND,1.0412534116224255,0.18267158385403104,0.1826715582319821,0.9345556497573853,0.3695209324359894,8.669865201227367e-05,262144,250096,57114,93942.5245705653,27937.392667870336,180699,21788,14908,32701,0,0
P2,F3,71,test,t1,63,India_943439,IND,1.0,0.17361106299508144,0.17361105526815523,0.9295142889022827,0.3646378815174103,9.692666935734451e-05,262144,250096,57114,95611.23341106618,28161.021613672212,180699,21788,14908,32701,0,0
P2,F3,71,test,calibrated,64,India_952728,IND,1.0412534116224255,0.37091062779578987,0.3709106662151871,0.35625189542770386,0.09408271312713623,5.745809539803304e-05,262144,188716,4404,25335.437965132496,5545.634459744879,181281,1587,4667,1181,0,0
P2,F3,71,test,t1,64,India_952728,IND,1.0,0.3442481210328563,0.3442481196446767,0.33826324343681335,0.08932443708181381,6.376753299264237e-05,262144,188716,4404,25910.880692668256,5566.620299602964,181281,1587,4667,1181,0,0
P2,F3,71,test,calibrated,65,India_956930,IND,1.0412534116224255,0.22703777020204796,0.22703775030394313,0.7630924582481384,0.2562996447086334,0.00010769633809104562,262144,237130,20919,138656.00683784828,34377.45587958728,187451,9583,29742,10354,0,0
P2,F3,71,test,t1,65,India_956930,IND,1.0,0.21400359796831425,0.21400351211650892,0.7491788268089294,0.24947604537010193,0.00012038683780701831,262144,237130,20919,143230.35532489984,34589.92666734393,187451,9583,29742,10354,0,0
P2,F3,71,test,calibrated,66,India_979278,IND,1.0412534116224255,0.6338490118410995,0.6338490182785541,0.9861694574356079,0.43998396396636963,2.1205782104516402e-05,124051,105990,13949,37425.115319242526,10056.339348087258,92911,7642,1052,4385,0,0
P2,F3,71,test,t1,66,India_979278,IND,1.0,0.6250274970121321,0.6250274552726622,0.9850261211395264,0.4375578463077545,2.2750693460693583e-05,124051,105990,13949,36586.86810054451,9758.849355991151,92911,7642,1052,4385,0,0
P2,F3,71,test,calibrated,67,India_981708,IND,1.0412534116224255,0.6606898145421778,0.6606898203029138,0.46568557620048523,0.11787116527557373,2.1470115825650282e-05,222572,219993,3779,47902.90447176646,12137.367394800222,206213,3434,10258,88,0,0
P2,F3,71,test,t1,67,India_981708,IND,1.0,0.6345551920615435,0.6345551973684318,0.44364872574806213,0.11126631498336792,2.3007734853308648e-05,222572,219993,3779,48180.17235961692,12175.909945904574,206213,3434,10258,88,0,0
P2,F3,71,test,calibrated,68,Paraguay_1019808,PRY,1.0412534116224255,0.7082096839769281,0.7082096730965852,0.12602491676807404,0.023089444264769554,6.497657068393892e-06,262144,262144,530,22652.306738473275,4522.029964123002,256885,89,4729,441,0,0
P2,F3,71,test,t1,68,Paraguay_1019808,PRY,1.0,0.6688835575352103,0.6688835455476891,0.11303363740444183,0.020832888782024384,7.042659945000196e-06,262144,262144,530,23177.559254906464,4537.502942688996,256885,89,4729,441,0,0
P2,F3,71,test,calibrated,69,Paraguay_1029042,PRY,1.0412534116224255,0.1637916442400823,0.1637916328004001,0.9638158679008484,0.4035554528236389,2.0932202460244298e-05,262144,223004,93987,63424.75243487688,19202.646187191724,134132,27675,295,60902,0,0
P2,F3,71,test,t1,69,Paraguay_1029042,PRY,1.0,0.15611237827380298,0.15611236953529795,0.9609183669090271,0.3997877836227417,2.2809872461948544e-05,262144,223004,93987,63100.98560038323,19211.072811529553,134132,27675,295,60902,0,0
P2,F3,71,test,calibrated,70,Paraguay_1029191,PRY,1.0412534116224255,0.16429748811358313,0.16429750202522597,0.928292989730835,0.36415666341781616,3.42883649864234e-05,262144,253937,72628,56722.554329028986,16597.557243551313,180746,22855,942,49394,0,0
P2,F3,71,test,t1,70,Paraguay_1029191,PRY,1.0,0.15540979869151272,0.1554098282340931,0.9228289723396301,0.3591289818286896,3.797228055191226e-05,262144,253937,72628,56279.788306112794,16619.921600780206,180746,22855,942,49394,0,0
P2,F3,71,test,calibrated,71,Paraguay_1056717,PRY,1.0412534116224255,0.1687507278188337,0.1687507334601972,0.49512162804603577,0.13964177668094635,8.98201105883345e-05,262144,262144,17524,47721.966600102125,12070.988914511243,243625,13473,995,4051,0,0
P2,F3,71,test,t1,71,Paraguay_1056717,PRY,1.0,0.15463295794334597,0.15463299687288357,0.47594305872917175,0.13354788720607758,0.00010095140169141814,262144,262144,17524,48763.857708488686,12158.008670188727,243625,13473,995,4051,0,0
P2,F3,71,test,calibrated,72,Paraguay_1076204,PRY,1.0412534116224255,0.2319954907238927,0.2319955364821441,0.3547374904155731,0.08896177262067795,3.0515240723616444e-05,262144,262144,9670,33538.69732957997,6148.49768545474,252288,6827,186,2843,0,0
P2,F3,71,test,t1,72,Paraguay_1076204,PRY,1.0,0.21048794534066328,0.21048801145240847,0.3355458378791809,0.08392775058746338,3.3957738196477294e-05,262144,262144,9670,34040.951910550764,6160.413091903228,252288,6827,186,2843,0,0
P2,F3,71,test,calibrated,73,Paraguay_11869,PRY,1.0412534116224255,0.3379900848672779,0.3379901174568477,0.2077547162771225,0.04681892693042755,4.4513977627502754e-05,262144,257933,3138,10758.432227981692,2230.275974342835,255020,2691,11,211,0,0
P2,F3,71,test,t1,73,Paraguay_11869,PRY,1.0,0.30561212957409634,0.3056120769414101,0.192557692527771,0.04358523339033127,4.953800453222357e-05,262144,257933,3138,10699.181771856223,2241.077430374308,255020,2691,11,211,0,0
P2,F3,71,test,calibrated,74,Paraguay_126224,PRY,1.0412534116224255,0.19009262846213515,0.1900926945748026,0.8957042694091797,0.33470627665519714,7.34308414394036e-05,262144,262144,42662,451005.3489556106,113035.0303411673,105976,11786,113506,30876,0,0
P2,F3,71,test,t1,74,Paraguay_126224,PRY,1.0,0.17995672188066825,0.17995676321974596,0.8880782723426819,0.3288672864437103,8.202184835681692e-05,262144,262144,42662,467681.26869030896,113804.71303977797,105976,11786,113506,30876,0,0
P2,F3,71,test,calibrated,75,Paraguay_12870,PRY,1.0412534116224255,0.2053006777956906,0.20530067700514498,0.441212922334671,0.12390188127756119,2.7528847567737103e-05,262144,262144,12131,43610.766065001924,10080.448052400812,250013,12131,0,0,0,0
P2,F3,71,test,t1,75,Paraguay_12870,PRY,1.0,0.18859728386739716,0.18859735307582914,0.42304426431655884,0.11845655739307404,3.0474637242150493e-05,262144,262144,12131,44603.255302678735,10144.778771484378,250013,12131,0,0,0,0
P2,F3,71,test,calibrated,76,Paraguay_148318,PRY,1.0412534116224255,0.269653598180451,0.26965357895618913,0.2702827751636505,0.06677684932947159,4.341323074186221e-05,262144,240076,5298,10665.257017580376,2594.2776416950965,234619,3228,159,2070,0,0
P2,F3,71,test,t1,76,Paraguay_148318,PRY,1.0,0.24458494595105706,0.24458492446740732,0.25377172231674194,0.0629025399684906,4.8406316636828706e-05,262144,240076,5298,10569.616639238684,2609.8169159901395,234619,3228,159,2070,0,0
P2,F3,71,test,calibrated,77,Paraguay_149787,PRY,1.0412534116224255,0.17823897801826094,0.17823899277702993,0.8888546824455261,0.32921525835990906,3.855268005281687e-05,262144,262144,57720,54419.350778769964,15427.890446538599,202588,19465,1836,38255,0,0
P2,F3,71,test,t1,77,Paraguay_149787,PRY,1.0,0.16801176916174998,0.16801176396854023,0.8807971477508545,0.3232417702674866,4.268474367563613e-05,262144,262144,57720,54022.83005511964,15444.484808193929,202588,19465,1836,38255,0,0
P2,F3,71,test,calibrated,78,Paraguay_149830,PRY,1.0412534116224255,0.2651278808250327,0.26512794148211105,0.20776690542697906,0.04821433871984482,1.7683752957964316e-05,262144,260440,4488,9831.900264754144,2315.1073169215347,256080,2453,480,1427,0,0
P2,F3,71,test,t1,78,Paraguay_149830,PRY,1.0,0.23762582930332998,0.23762579484164115,0.1929779201745987,0.04506871849298477,1.9609327864600345e-05,262144,260440,4488,9741.756001787517,2332.3930866581063,256080,2453,480,1427,0,0
P2,F3,71,test,calibrated,79,Paraguay_153941,PRY,1.0412534116224255,0.41746978172743066,0.4174697420956912,0.27112480998039246,0.06441141664981842,2.8497170205810107e-05,262144,262144,2739,11670.158748465154,2710.3511245369236,258803,2700,602,39,0,0
P2,F3,71,test,t1,79,Paraguay_153941,PRY,1.0,0.3849966133043915,0.3849966076073893,0.25385409593582153,0.0603611096739769,3.135133010800928e-05,262144,262144,2739,11600.80120575058,2723.039892098942,258803,2700,602,39,0,0
P2,F3,71,test,calibrated,80,Paraguay_172476,PRY,1.0412534116224255,0.1810770443007752,0.1810771010605945,0.5311494469642639,0.1537608951330185,6.48103523417376e-05,262144,262143,16341,37471.56173187824,10800.524174236225,245622,13706,180,2635,0,0
P2,F3,71,test,t1,80,Paraguay_172476,PRY,1.0,0.16709585133318816,0.16709580333204876,0.5124003887176514,0.14747083187103271,7.243352592922747e-05,262144,262143,16341,38155.78844786159,10911.181171779746,245622,13706,180,2635,0,0
P2,F3,71,test,calibrated,81,Paraguay_179624,PRY,1.0412534116224255,0.7690605827257114,0.7690605651959852,0.19915293157100677,0.04077787324786186,4.9309496716887224e-06,262144,262109,529,3345.804737203766,452.39589520394514,261538,529,42,0,0,0
P2,F3,71,test,t1,81,Paraguay_179624,PRY,1.0,0.7389591602739747,0.7389591315662112,0.18287552893161774,0.03742153197526932,5.196224265091587e-06,262144,262109,529,3008.9853665701294,445.857251709868,261538,529,42,0,0,0
P2,F3,71,test,calibrated,82,Paraguay_191503,PRY,1.0412534116224255,0.4462376090300222,0.44623759710467337,0.33224430680274963,0.08879370987415314,1.3168155419407412e-05,262144,262144,3256,8419.99809778109,2236.9090474716927,258798,3256,90,0,0,0
P2,F3,71,test,t1,82,Paraguay_191503,PRY,1.0,0.4173823098888708,0.41738235317362904,0.3157518804073334,0.08444221317768097,1.426315702701686e-05,262144,262144,3256,8174.815614000854,2253.1855703824485,258798,3256,90,0,0,0
P2,F3,71,test,calibrated,83,Paraguay_198534,PRY,1.0412534116224255,0.15630691164920496,0.15630696326068882,0.7678182721138,0.2583024501800537,3.6451594496611506e-05,262144,195487,35685,80020.35403922564,19773.723886289426,172382,23105,0,0,0,0
P2,F3,71,test,t1,83,Paraguay_198534,PRY,1.0,0.14590407301714547,0.14590407524692728,0.7540251612663269,0.25146400928497314,4.047626134706661e-05,262144,195487,35685,82214.78576195176,19885.226649312528,172382,23105,0,0,0,0
P2,F3,71,test,calibrated,84,Paraguay_205585,PRY,1.0412534116224255,0.9999999999443655,1.0,0.10649755597114563,0.01506044715642929,1.3873086572857574e-06,262144,262144,0,1811.8379914335364,25.882708352771786,262144,0,0,0,0,0
P2,F3,71,test,t1,84,Paraguay_205585,PRY,1.0,0.9999999999323315,1.0,0.09315367043018341,0.012890585698187351,1.335609340458177e-06,262144,262144,0,1489.4106750853405,20.584367011776678,262144,0,0,0,0,0
P2,F3,71,test,calibrated,85,Paraguay_212687,PRY,1.0412534116224255,0.9999999999478056,1.0,0.12095721811056137,0.017629342153668404,1.8400451153866015e-06,262144,262144,0,68315.86418277147,14874.018683851862,246836,0,15308,0,0,0
P2,F3,71,test,t1,85,Paraguay_212687,PRY,1.0,0.9999999999367841,1.0,0.10647617280483246,0.015183625742793083,1.8230978184874402e-06,262144,262144,0,70717.127743235,14935.492170719772,246836,0,15308,0,0,0
P2,F3,71,test,calibrated,86,Paraguay_215904,PRY,1.0412534116224255,0.2702002214833853,0.2702002096851073,0.27301332354545593,0.06878390908241272,2.222239891125355e-05,262144,226308,5361,17350.21037991706,4306.888590935788,220947,5361,0,0,0,0
P2,F3,71,test,t1,86,Paraguay_215904,PRY,1.0,0.24556751584915082,0.24556755415360532,0.2569683790206909,0.06495852023363113,2.4597991796326824e-05,262144,226308,5361,17559.06158852856,4339.382197435984,220947,5361,0,0,0,0
P2,F3,71,test,calibrated,87,Paraguay_224845,PRY,1.0412534116224255,0.8896410420283997,0.8896410375365915,0.8786320090293884,0.31716200709342957,2.3989676265046e-05,109183,103920,2299,23098.40830723549,4192.107217600213,103908,12,0,0,0,0
P2,F3,71,test,t1,87,Paraguay_224845,PRY,1.0,0.8846717522182307,0.8846717516065681,0.8697722554206848,0.3107799291610718,2.5753748559509404e-05,109183,103920,2299,21951.468926392005,3834.411720892464,103908,12,0,0,0,0
P2,F3,71,test,calibrated,88,Paraguay_225187,PRY,1.0412534116224255,0.18813821470611614,0.1881382341887926,0.9285942316055298,0.3637470602989197,5.339995550457388e-05,262144,262144,50165,124960.47531585675,38032.282248921256,211943,50154,36,11,0,0
P2,F3,71,test,t1,88,Paraguay_225187,PRY,1.0,0.17905499754301268,0.17905502187582167,0.9231366515159607,0.3586931526660919,5.961050555924885e-05,262144,262144,50165,128047.26936965367,38434.40440066174,211943,50154,36,11,0,0
P2,F3,71,test,calibrated,89,Paraguay_232281,PRY,1.0412534116224255,0.3139108915328158,0.31391096906429194,0.2936957776546478,0.0766739621758461,7.020293560344726e-05,261391,261391,4676,156123.8664541959,31979.716866743784,227469,4518,29246,158,0,0
P2,F3,71,test,t1,89,Paraguay_232281,PRY,1.0,0.2880237775072897,0.2880237880437999,0.27801910042762756,0.07272157073020935,7.72486746427603e-05,261391,261391,4676,162009.06736687728,32099.494730466147,227469,4518,29246,158,0,0
P2,F3,71,test,calibrated,90,Paraguay_24341,PRY,1.0412534116224255,0.17545918132788263,0.1754591947625055,0.9727573394775391,0.4162769019603729,1.4326576092571486e-05,262144,262144,99699,83407.57286158102,25418.35314490946,160108,33683,2337,66016,0,0
P2,F3,71,test,t1,90,Paraguay_24341,PRY,1.0,0.16800324476710093,0.1680032517486032,0.9705480933189392,0.4129613935947418,1.5559477105853148e-05,262144,262144,99699,83090.93852101883,25412.692159446473,160108,33683,2337,66016,0,0
P2,F3,71,test,calibrated,91,Paraguay_246154,PRY,1.0412534116224255,0.9105360731164971,0.9105360698488497,0.12749633193016052,0.022692298516631126,3.0793298719800077e-06,262144,262144,158,2266.966006351574,164.45432334707772,261950,158,36,0,0,0
P2,F3,71,test,t1,91,Paraguay_246154,PRY,1.0,0.8943564342619706,0.8943564418812949,0.1140727624297142,0.02036704123020172,3.1828337796468986e-06,262144,262144,158,1948.9153899476864,158.65825285538494,261950,158,36,0,0,0
P2,F3,71,test,calibrated,92,Paraguay_247656,PRY,1.0412534116224255,0.16237343255550474,0.1623734456425221,0.5644010305404663,0.16434116661548615,4.294202881283127e-05,262144,262144,30440,31551.03329906327,8116.910972100115,231127,10041,577,20399,0,0
P2,F3,71,test,t1,92,Paraguay_247656,PRY,1.0,0.1489440246747359,0.14894397770414813,0.5453175902366638,0.1577046513557434,4.796698340214789e-05,262144,262144,30440,31273.728972581303,8149.793069563022,231127,10041,577,20399,0,0
P2,F3,71,test,calibrated,93,Paraguay_252217,PRY,1.0412534116224255,0.5727115599450723,0.5727115656165778,0.21307779848575592,0.04950601980090141,2.405669329164084e-05,262144,255778,1394,5120.607644402067,987.9831885268572,254409,1069,247,53,0,0
P2,F3,71,test,t1,93,Paraguay_252217,PRY,1.0,0.5365573874636649,0.5365574050852111,0.19791999459266663,0.0462803915143013,2.6326886654715054e-05,262144,255778,1394,4871.3694684169695,988.8544804030885,254409,1069,247,53,0,0
P2,F3,71,test,calibrated,94,Paraguay_271769,PRY,1.0412534116224255,0.18174322611032157,0.1817431778880697,0.945575475692749,0.381040096282959,7.417141750920564e-05,262144,262144,59174,140857.94468220952,43344.2997042238,202571,56960,399,2214,0,0
P2,F3,71,test,t1,94,Paraguay_271769,PRY,1.0,0.17333690512396582,0.17333688058133934,0.9413177371025085,0.3765133321285248,8.275244908872992e-05,262144,262144,59174,144389.82998529126,43807.85506971812,202571,56960,399,2214,0,0
P2,F3,71,test,calibrated,95,Paraguay_280900,PRY,1.0412534116224255,0.17181100627394996,0.17181099143232414,0.6321399807929993,0.1934380829334259,9.231502917828038e-05,262144,262142,22345,55364.112530275204,14831.149625321586,238515,17042,1282,5303,0,0
P2,F3,71,test,t1,95,Paraguay_280900,PRY,1.0,0.15935248540075664,0.15935243752198547,0.6144668459892273,0.1865980476140976,0.0001035947134369053,262144,262142,22345,56563.94597487713,14949.820768728176,238515,17042,1282,5303,0,0
P2,F3,71,test,calibrated,96,Paraguay_284928,PRY,1.0412534116224255,0.33147251426276436,0.3314725270824087,0.4389542043209076,0.1237141340970993,8.39659187477082e-05,261368,261368,6257,15354.64674015609,4504.723693323743,255111,6257,0,0,0,0
P2,F3,71,test,t1,96,Paraguay_284928,PRY,1.0,0.3091043790038668,0.30910432195349113,0.42106661200523376,0.11832709610462189,9.243743261322379e-05,261368,261368,6257,15293.019413989461,4546.043415118401,255111,6257,0,0,0,0
P2,F3,71,test,calibrated,97,Paraguay_305760,PRY,1.0412534116224255,0.6266834057347235,0.6266833944620152,0.17011882364749908,0.03577949106693268,1.0538766218814999e-05,262144,262144,945,231690.344561319,43614.503030819295,217540,813,43659,132,0,0
P2,F3,71,test,t1,97,Paraguay_305760,PRY,1.0,0.5876416349299171,0.5876416176019015,0.15567246079444885,0.0329890213906765,1.1455592357378919e-05,262144,262144,945,240795.1617536109,43713.69597925742,217540,813,43659,132,0,0
P2,F3,71,test,calibrated,98,Paraguay_339807,PRY,1.0412534116224255,0.19558496122990165,0.19558499902342674,0.9820147752761841,0.4316251575946808,2.267714444315061e-05,262144,214619,96248,77503.15356384122,24050.832147315203,125985,30591,2420,55623,0,0
P2,F3,71,test,t1,98,Paraguay_339807,PRY,1.0,0.1882512254781079,0.18825127685866982,0.9805368185043335,0.4288784861564636,2.4766333808656782e-05,262144,214619,96248,77553.1349535335,24066.39188763899,125985,30591,2420,55623,0,0
P2,F3,71,test,calibrated,99,Paraguay_36015,PRY,1.0412534116224255,0.21029176384515424,0.210291760300651,0.6031919717788696,0.1806626170873642,3.708113945322111e-05,262144,262139,15571,44501.16230749707,12254.876297956085,246568,15571,0,0,0,0
P2,F3,71,test,t1,99,Paraguay_36015,PRY,1.0,0.19575654112765772,0.1957565626141925,0.5849130153656006,0.17388860881328583,4.116726995562203e-05,262144,262139,15571,45405.438161751925,12368.84061375224,246568,15571,0,0,0,0
P2,F3,71,test,calibrated,100,Paraguay_36146,PRY,1.0412534116224255,0.6497026865105058,0.6497027021347745,0.17044666409492493,0.036059748381376266,5.418378350441344e-06,262144,262144,875,3271.6050137017246,557.0074871817924,261269,875,0,0,0,0
P2,F3,71,test,t1,100,Paraguay_36146,PRY,1.0,0.6115919428163226,0.6115919550659541,0.15617407858371735,0.0332767553627491,5.744437203247799e-06,262144,262144,875,2969.278380190329,557.0407571541351,261269,875,0,0,0,0
P2,F3,71,test,calibrated,101,Paraguay_403081,PRY,1.0412534116224255,0.3780170618105766,0.37801706433591276,0.15690164268016815,0.031563255935907364,2.264998693135567e-05,262144,249836,2205,6641.8968725604545,1202.631974351097,247419,1215,212,990,0,0
P2,F3,71,test,t1,101,Paraguay_403081,PRY,1.0,0.34004247498307927,0.34004249405139964,0.14270611107349396,0.02890787087380886,2.5211797037627548e-05,262144,249836,2205,6456.87960267284,1204.358736383804,247419,1215,212,990,0,0
P2,F3,71,test,calibrated,102,Paraguay_40936,PRY,1.0412534116224255,0.5044130297255986,0.5044130013512746,0.27119940519332886,0.06827124953269958,1.593529486854095e-05,262144,215331,2111,5788.65458577504,1449.7205689234934,213220,2111,0,0,0,0
P2,F3,71,test,t1,102,Paraguay_40936,PRY,1.0,0.4721663247336676,0.4721662977757475,0.25520405173301697,0.06446636468172073,1.7501717593404464e-05,262144,215331,2111,5570.738977248075,1455.416216365778,213220,2111,0,0,0,0
P2,F3,71,test,calibrated,103,Paraguay_44682,PRY,1.0412534116224255,0.392939995572936,0.39293999856469286,0.21743232011795044,0.05508526414632797,1.3290613424032927e-05,262144,262144,2751,7288.838778980894,1799.5467635235543,258875,1960,518,791,0,0
P2,F3,71,test,t1,103,Paraguay_44682,PRY,1.0,0.3610626669346221,0.3610626368354001,0.2038842886686325,0.052079591900110245,1.4452308278123382e-05,262144,262144,2751,7112.674701828094,1810.9265759510342,258875,1960,518,791,0,0
P2,F3,71,test,calibrated,104,Paraguay_470303,PRY,1.0412534116224255,0.24294503311567628,0.24294506688704853,0.23687297105789185,0.0557759590446949,2.6965484721586108e-05,262144,262144,5375,33945.22654581032,7445.989375145126,250087,1611,6682,3764,0,0
P2,F3,71,test,t1,104,Paraguay_470303,PRY,1.0,0.21804314075458053,0.2180430581236933,0.22098778188228607,0.052223771810531616,3.0044880986679345e-05,262144,262144,5375,34815.09008316462,7484.896918999916,250087,1611,6682,3764,0,0
P2,F3,71,test,calibrated,105,Paraguay_482517,PRY,1.0412534116224255,0.16874655477491396,0.16874654702879155,0.80279541015625,0.27063995599746704,2.451013460813556e-05,262144,259600,56380,43873.919329994416,11055.61656973052,200669,11479,2551,44901,0,0
P2,F3,71,test,t1,105,Paraguay_482517,PRY,1.0,0.15803867308688369,0.1580386461171579,0.7900106906890869,0.26357871294021606,2.718165887927171e-05,262144,259600,56380,43049.861209474664,10978.460156036148,200669,11479,2551,44901,0,0
P2,F3,71,test,calibrated,106,Paraguay_48673,PRY,1.0412534116224255,0.30038407717002247,0.3003840319176647,0.45291364192962646,0.12684515118598938,4.565587005345151e-05,262144,262144,7386,19604.269292753044,5548.375479562442,254684,7327,74,59,0,0
P2,F3,71,test,t1,106,Paraguay_48673,PRY,1.0,0.2791628095632872,0.2791628154810859,0.43443185091018677,0.12122752517461777,5.054318535258062e-05,262144,262144,7386,19677.774012799164,5597.298143652527,254684,7327,74,59,0,0
P2,F3,71,test,calibrated,107,Paraguay_511199,PRY,1.0412534116224255,0.30784038481960785,0.307840368718836,0.5786231160163879,0.1742878407239914,4.8398938815807924e-05,262144,262144,9288,36241.718974665644,9593.543476256444,245812,4788,7044,4500,0,0
P2,F3,71,test,t1,107,Paraguay_511199,PRY,1.0,0.28922183804913193,0.28922185368079956,0.5606585741043091,0.16785438358783722,5.366185723687522e-05,262144,262144,9288,36876.2349012792,9653.004575783174,245812,4788,7044,4500,0,0
P2,F3,71,test,calibrated,108,Paraguay_54421,PRY,1.0412534116224255,0.47909503274660803,0.4790950181735103,0.2094363421201706,0.0446823313832283,1.822739613999147e-05,262144,262144,1696,7458.654986129224,1438.8259632649401,260427,1677,21,19,0,0
P2,F3,71,test,t1,108,Paraguay_54421,PRY,1.0,0.4410836284704187,0.44108358129195635,0.1932724267244339,0.04126027598977089,1.9937600882258266e-05,262144,262144,1696,7272.438728240112,1439.0912527288767,260427,1677,21,19,0,0
P2,F3,71,test,calibrated,109,Paraguay_581976,PRY,1.0412534116224255,0.18558457685943996,0.18558457896075942,0.8526864051818848,0.3042163550853729,6.722744728904217e-05,261748,261748,37135,433915.7732101419,110909.67714810872,107586,5573,117027,31562,0,0
P2,F3,71,test,t1,109,Paraguay_581976,PRY,1.0,0.17482875563857758,0.1748287739652069,0.8425664305686951,0.2977561950683594,7.446724339388311e-05,261748,261748,37135,450072.08560699096,111706.74323668653,107586,5573,117027,31562,0,0
P2,F3,71,test,calibrated,110,Paraguay_59731,PRY,1.0412534116224255,0.20105667250429293,0.2010566992919569,0.32318809628486633,0.08398743718862534,7.329667278099805e-05,262144,255656,9919,19535.692434218166,4371.471718123809,247496,5390,1,2769,0,0
P2,F3,71,test,t1,110,Paraguay_59731,PRY,1.0,0.18192573183134042,0.18192573661264555,0.30604448914527893,0.07960009574890137,8.207792416214943e-05,262144,255656,9919,19640.581056140407,4396.901609943491,247496,5390,1,2769,0,0
P2,F3,71,test,calibrated,111,Paraguay_605682,PRY,1.0412534116224255,0.20705663964257803,0.2070566464863065,0.943666398525238,0.3795230984687805,2.4179700631066225e-05,262144,262144,57018,133222.77377997083,40511.01127030242,169653,17051,35473,39967,0,0
P2,F3,71,test,t1,111,Paraguay_605682,PRY,1.0,0.1973349132826583,0.1973349021437396,0.9392764568328857,0.3749564290046692,2.6444704417372122e-05,262144,262144,57018,135993.60221268956,40875.18688163361,169653,17051,35473,39967,0,0
P2,F3,71,test,calibrated,112,Paraguay_62897,PRY,1.0412534116224255,0.41102716506131287,0.4110271589859539,0.4206279516220093,0.1094956025481224,1.5727859135949984e-05,262144,262144,4248,163694.58762695405,37348.127370926115,219450,1552,38446,2696,0,0
P2,F3,71,test,t1,112,Paraguay_62897,PRY,1.0,0.3839806111967271,0.3839806180261437,0.4005719721317291,0.10375015437602997,1.7152524378616363e-05,262144,262144,4248,169722.41206623192,37554.83808590624,219450,1552,38446,2696,0,0
P2,F3,71,test,calibrated,113,Paraguay_648632,PRY,1.0412534116224255,0.3083486344689379,0.30834869632956097,0.39093321561813354,0.10604703426361084,3.7529520341195166e-05,262144,262144,6497,94746.97391919562,18496.749124121976,239809,3941,15838,2556,0,0
P2,F3,71,test,t1,113,Paraguay_648632,PRY,1.0,0.285068446303249,0.2850684019452161,0.3726221024990082,0.10099535435438156,4.170629836153239e-05,262144,262144,6497,97915.23676474148,18543.17250521772,239809,3941,15838,2556,0,0
P2,F3,71,test,calibrated,114,Paraguay_651904,PRY,1.0412534116224255,0.1573417466723972,0.15734176616877515,0.5208346247673035,0.14531797170639038,2.9454109608195722e-05,262144,262144,30080,51940.43713334629,13459.260060681936,225561,9427,6503,20653,0,0
P2,F3,71,test,t1,114,Paraguay_651904,PRY,1.0,0.14373648660570182,0.14373643930503432,0.5008506178855896,0.13879607617855072,3.29616159433499e-05,262144,262144,30080,52516.43780348082,13537.929618471546,225561,9427,6503,20653,0,0
P2,F3,71,test,calibrated,115,Paraguay_657443,PRY,1.0412534116224255,0.17634983244924474,0.1763498456275423,0.9766331315040588,0.4219971001148224,2.9913207981735468e-05,262144,262144,101685,87263.36370112642,27150.43229301589,159046,38124,1413,63561,0,0
P2,F3,71,test,t1,115,Paraguay_657443,PRY,1.0,0.16906898371877332,0.16906904353133423,0.9747264981269836,0.418888121843338,3.279072552686557e-05,262144,262144,101685,87120.78544659259,27194.281069192937,159046,38124,1413,63561,0,0
P2,F3,71,test,calibrated,116,Paraguay_683296,PRY,1.0412534116224255,0.19263110694238916,0.19263107624870912,0.2917235195636749,0.06897512078285217,3.670043952297419e-05,262144,259578,10851,26315.59632026631,5911.736699040963,247033,5136,1694,5715,0,0
P2,F3,71,test,t1,116,Paraguay_683296,PRY,1.0,0.17248450638431734,0.17248455019233377,0.2733202576637268,0.06458784639835358,4.0660313970874995e-05,262144,259578,10851,26572.122804623723,5940.324986930998,247033,5136,1694,5715,0,0
P2,F3,71,test,calibrated,117,Paraguay_721886,PRY,1.0412534116224255,0.19693762207499432,0.19693763521545693,0.7800837755203247,0.26248547434806824,0.00013915410090703517,261426,261426,25716,60422.32959917272,17480.13172442122,231735,18774,3975,6942,0,0
P2,F3,71,test,t1,117,Paraguay_721886,PRY,1.0,0.18516558606003541,0.18516556923734995,0.7666171193122864,0.25555944442749023,0.00015489687211811543,261426,261426,25716,61630.9245058501,17642.119355248982,231735,18774,3975,6942,0,0
P2,F3,71,test,calibrated,118,Paraguay_76868,PRY,1.0412534116224255,0.2101681840812425,0.2101682250607403,0.8195533752441406,0.2816811800003052,3.69101035175845e-05,262144,262121,33579,47723.684126101696,12979.443235768878,228095,16343,447,17236,0,0
P2,F3,71,test,t1,118,Paraguay_76868,PRY,1.0,0.19723167214889004,0.19723167803732022,0.8076514005661011,0.27480897307395935,4.050025745527819e-05,262144,262121,33579,47696.89375881285,13017.827260555488,228095,16343,447,17236,0,0
P2,F3,71,test,calibrated,119,Paraguay_7894,PRY,1.0412534116224255,0.8748527199374908,0.8748527272966249,0.11450187861919403,0.01963197998702526,3.888304490828887e-06,262144,202187,201,1440.2887460516222,39.586352311807346,202158,29,0,0,0,0
P2,F3,71,test,t1,119,Paraguay_7894,PRY,1.0,0.8524871622781609,0.8524871713213621,0.10178250819444656,0.017506394535303116,4.094228188478155e-06,262144,202187,201,1193.0265680124253,35.483239454342986,202158,29,0,0,0,0
P2,F3,71,test,calibrated,120,Paraguay_790830,PRY,1.0412534116224255,0.16075622455742855,0.1607562367781603,0.7138744592666626,0.22639788687229156,2.7238860639045015e-05,262144,261199,44382,38681.898153469054,10177.007242435435,216227,13025,590,31357,0,0
P2,F3,71,test,t1,120,Paraguay_790830,PRY,1.0,0.14904047682175137,0.14904050839303729,0.6977499723434448,0.2191845029592514,3.0198552849469706e-05,262144,261199,44382,38191.082035372565,10190.767661911677,216227,13025,590,31357,0,0
P2,F3,71,test,calibrated,121,Paraguay_791364,PRY,1.0412534116224255,0.8004595158416775,0.800459496883096,0.1420608013868332,0.027399849146604538,4.78526453662198e-06,262144,261735,391,6297.348729407117,1101.1082007494217,260308,221,1036,170,0,0
P2,F3,71,test,t1,121,Paraguay_791364,PRY,1.0,0.7707328691151901,0.7707328979144279,0.12854254245758057,0.02492850460112095,5.068986411060905e-06,262144,261735,391,6133.701720298906,1101.2473183480522,260308,221,1036,170,0,0
P2,F3,71,test,calibrated,122,Paraguay_792268,PRY,1.0412534116224255,0.364641375204121,0.3646414180017885,0.2725951671600342,0.06861341744661331,4.600320244207978e-05,262144,262120,3562,9501.559030162773,2165.0797390379225,258247,2527,313,1033,0,0
P2,F3,71,test,t1,122,Paraguay_792268,PRY,1.0,0.33536131714656736,0.33536131832312777,0.25647279620170593,0.06478884816169739,5.1066133892163634e-05,262144,262120,3562,9340.087594309764,2172.8394911440637,258247,2527,313,1033,0,0
P2,F3,71,test,calibrated,123,Paraguay_795075,PRY,1.0412534116224255,0.24332071277884915,0.2433206741219096,0.2449352741241455,0.056739795953035355,4.828027886105701e-05,262144,262138,6066,17973.217704679235,3868.574410375209,255140,3577,932,2489,0,0
P2,F3,71,test,t1,123,Paraguay_795075,PRY,1.0,0.21828231154935518,0.2182822515474907,0.22822609543800354,0.053004972636699677,5.4093787184683606e-05,262144,262138,6066,18083.642547234536,3884.5277050925483,255140,3577,932,2489,0,0
P2,F3,71,test,calibrated,124,Paraguay_80102,PRY,1.0412534116224255,0.9999999999434788,1.0,0.1016472652554512,0.013681178912520409,1.0672765711206011e-06,262144,262143,0,1868.2697400327233,38.07228017274559,262121,0,22,0,0,0
P2,F3,71,test,t1,124,Paraguay_80102,PRY,1.0,0.9999999999310364,1.0,0.08846766501665115,0.011569995433092117,9.889777174976189e-07,262144,262143,0,1550.3043870501283,33.28514839622208,262121,0,22,0,0,0
P2,F3,71,test,calibrated,125,Paraguay_822142,PRY,1.0412534116224255,0.2013676970852013,0.2013676912856075,0.9903524518013,0.449832022190094,2.0556728486553766e-05,262144,262144,118290,108684.8060769866,34082.864627458766,139835,42119,4019,76171,0,0
P2,F3,71,test,t1,125,Paraguay_822142,PRY,1.0,0.1952306568130434,0.19523058296275497,0.9895505309104919,0.44779154658317566,2.2275664377957582e-05,262144,262144,118290,108600.9705766571,34001.95265175463,139835,42119,4019,76171,0,0
P2,F3,71,test,calibrated,126,Paraguay_868895,PRY,1.0412534116224255,0.18277707852424063,0.18277711462600077,0.7723674774169922,0.2579142451286316,6.0097598179709166e-05,262144,175465,32975,57607.56491405137,15371.550459760296,149169,10509,8284,7503,0,0
P2,F3,71,test,t1,126,Paraguay_868895,PRY,1.0,0.17067291683639052,0.17067293741679346,0.7585617303848267,0.2509339451789856,6.751274486305192e-05,262144,175465,32975,58848.970406367305,15485.00735504249,149169,10509,8284,7503,0,0
P2,F3,71,test,calibrated,127,Paraguay_892933,PRY,1.0412534116224255,0.24853916762868566,0.24853913071894007,0.6206415891647339,0.19012659788131714,6.103544728830457e-05,262144,262144,13393,142011.04336656336,29766.20569536901,225614,9960,23137,3433,0,0
P2,F3,71,test,t1,127,Paraguay_892933,PRY,1.0,0.2327200448208948,0.2327200980738412,0.603018581867218,0.18342074751853943,6.798295362386853e-05,262144,262144,13393,146929.50737326418,29886.988670687642,225614,9960,23137,3433,0,0
P2,F3,71,test,calibrated,128,Paraguay_896458,PRY,1.0412534116224255,0.17435496105740422,0.17435497746210293,0.9153977632522583,0.35116949677467346,2.636477438500151e-05,262144,240678,71559,53064.19271035652,14726.566564700794,173591,17788,2042,47257,0,0
P2,F3,71,test,t1,128,Paraguay_896458,PRY,1.0,0.16512943098655986,0.16512944165577836,0.9090392589569092,0.3457523584365845,2.907472662627697e-05,262144,240678,71559,52408.21599649258,14665.261611601109,173591,17788,2042,47257,0,0
P2,F3,71,test,calibrated,129,Paraguay_913449,PRY,1.0412534116224255,0.18319979667398523,0.1831997769294682,0.7308204770088196,0.238043874502182,7.033112342469394e-05,262144,262144,24988,55328.00524913873,15862.730610032726,236576,20051,580,4937,0,0
P2,F3,71,test,t1,129,Paraguay_913449,PRY,1.0,0.17146847118051312,0.17146851219522685,0.7156473398208618,0.23105010390281677,7.86495947977528e-05,262144,262144,24988,56423.03231973397,16011.849477455467,236576,20051,580,4937,0,0
P2,F3,71,test,calibrated,130,Paraguay_921838,PRY,1.0412534116224255,0.25841854671757813,0.258418560689917,0.6948137879371643,0.2219972014427185,5.4887696023797616e-05,262144,262144,15808,57049.16437505255,15586.473181563495,240883,13911,5453,1897,0,0
P2,F3,71,test,t1,130,Paraguay_921838,PRY,1.0,0.24280385559999018,0.2428038638876876,0.6786132454872131,0.2150627225637436,6.109150126576424e-05,262144,262144,15808,58246.16457327738,15706.515760526248,240883,13911,5453,1897,0,0
P2,F3,71,test,calibrated,131,Paraguay_934240,PRY,1.0412534116224255,0.8511516857719577,0.851151687248588,0.11791570484638214,0.01901201903820038,2.9410552997433115e-06,262144,262144,234,105721.88312130803,20223.775778964744,241552,234,20358,0,0,0
P2,F3,71,test,t1,131,Paraguay_934240,PRY,1.0,0.82475535400386,0.8247553502495968,0.10438838601112366,0.01674630492925644,3.0840558338240953e-06,262144,262144,234,109671.95386881896,20273.076846456184,241552,234,20358,0,0,0
P2,F3,71,test,calibrated,132,Paraguay_989230,PRY,1.0412534116224255,0.1926673933100992,0.19266731546658478,0.9319475293159485,0.3669873774051666,3.4634234907571226e-05,262144,219924,64335,43981.39369757874,12065.632081740823,169322,14011,1984,34607,0,0
P2,F3,71,test,t1,132,Paraguay_989230,PRY,1.0,0.18285538846036076,0.18285534561380723,0.9267243146896362,0.36202940344810486,3.793078212765977e-05,262144,219924,64335,43446.6481333897,12029.948194268367,169322,14011,1984,34607,0,0
P2,F3,71,test,calibrated,133,Paraguay_997480,PRY,1.0412534116224255,0.19744266289007284,0.19744268883659033,0.28103795647621155,0.06489814072847366,1.8424183508614078e-05,262144,262144,8565,47375.919414241835,11110.519992496365,241819,378,11760,8187,0,0
P2,F3,71,test,t1,133,Paraguay_997480,PRY,1.0,0.17654239119154003,0.17654246688459974,0.2626224756240845,0.06057843565940857,2.0294768546591513e-05,262144,262144,8565,48653.65575941157,11172.501370987113,241819,378,11760,8187,0,0
P2,F3,71,test,calibrated,134,Somalia_1068756,SOM,1.0412534116224255,0.19523468208837902,0.19523470601787285,0.9827860593795776,0.43299606442451477,4.697278927778825e-05,261231,171193,93317,149229.6867986334,40826.39431926174,114478,50220,2719,3776,0,0
P2,F3,71,test,t1,134,Somalia_1068756,SOM,1.0,0.1878952642357512,0.1878953121935576,0.9813697338104248,0.4303010404109955,5.1417104259599e-05,261231,171193,93317,152988.2757893407,41106.61484320336,114478,50220,2719,3776,0,0
P2,F3,71,test,calibrated,135,Somalia_1087508,SOM,1.0412534116224255,0.20370843883543632,0.20370846496713657,0.9820115566253662,0.4316900968551636,8.31612924230285e-05,262144,212943,86026,148403.34888749418,44543.918453591235,145028,57894,1556,8465,0,0
P2,F3,71,test,t1,135,Somalia_1087508,SOM,1.0,0.19603209867589222,0.19603212522384028,0.9805335402488708,0.42894622683525085,9.268809662899002e-05,262144,212943,86026,151693.25703353676,44911.87461771403,145028,57894,1556,8465,0,0
P2,F3,71,test,calibrated,136,Somalia_12849,SOM,1.0412534116224255,0.13794189478863905,0.13794187735798857,0.9915524125099182,0.45321473479270935,1.8714827092480846e-05,262144,191302,188063,231809.7361636969,74359.4675951465,56460,97650,4930,32262,0,0
P2,F3,71,test,t1,136,Somalia_12849,SOM,1.0,0.13304741106538465,0.1330474915898716,0.9908492565155029,0.4513086676597595,2.012856930377893e-05,262144,191302,188063,238046.49809133713,75204.962146395,56460,97650,4930,32262,0,0
P2,F3,71,test,calibrated,137,Somalia_166342,SOM,1.0412534116224255,0.481990591551969,0.48199061977604307,0.5524617433547974,0.16004841029644012,5.057675298303366e-05,262144,220577,4523,12125.007712115785,3113.016151204157,216431,4134,12,0,0,0
P2,F3,71,test,t1,137,Somalia_166342,SOM,1.0,0.4584077593878,0.45840776723989307,0.5333550572395325,0.1535000503063202,5.5660580983385444e-05,262144,220577,4523,11878.871341192815,3111.1965468917674,216431,4134,12,0,0,0
P2,F3,71,test,calibrated,138,Somalia_167787,SOM,1.0412534116224255,0.21087201644281817,0.21087201068022765,0.9853072166442871,0.43832674622535706,6.04789711360354e-05,262144,220505,85511,170035.81662454634,50891.21764394913,151270,69010,1,224,0,0
P2,F3,71,test,t1,138,Somalia_167787,SOM,1.0,0.20336626127786084,0.2033663343809884,0.9840944409370422,0.43583741784095764,6.686842243652791e-05,262144,220505,85511,174165.33319612572,51367.561245453515,151270,69010,1,224,0,0
P2,F3,71,test,calibrated,139,Somalia_195014,SOM,1.0412534116224255,0.2990259717638428,0.29902598097637667,0.22072550654411316,0.051054276525974274,2.7927262635785155e-05,262144,233650,3931,13196.74351707561,3181.9831547924955,229765,3885,0,0,0,0
P2,F3,71,test,t1,139,Somalia_195014,SOM,1.0,0.2696329645123102,0.2696329575594918,0.20526356995105743,0.04769381508231163,3.111913247266784e-05,262144,233650,3931,13268.191072364963,3205.7801548764037,229765,3885,0,0,0,0
P2,F3,71,test,calibrated,140,Somalia_205466,SOM,1.0412534116224255,0.24466769664209131,0.2446677173500138,0.6569329500198364,0.20417918264865875,8.480362157570198e-05,262144,240083,14492,32616.68377117819,8747.922093308707,228973,11017,93,0,0,0
P2,F3,71,test,t1,140,Somalia_205466,SOM,1.0,0.22946814458912534,0.22946818166408056,0.6398683190345764,0.19727623462677002,9.482251334702596e-05,262144,240083,14492,33101.847447276705,8810.71566190821,228973,11017,93,0,0,0
P2,F3,71,test,calibrated,141,Somalia_230192,SOM,1.0412534116224255,0.17393165465531646,0.17393161504682952,0.9811547994613647,0.4302113652229309,4.5135635446058586e-05,262144,232522,99866,225833.9942384736,67824.40175370031,142411,90053,0,58,0,0
P2,F3,71,test,t1,141,Somalia_230192,SOM,1.0,0.16698828709116398,0.16698827368848468,0.9796082973480225,0.4274120628833771,4.981095844414085e-05,262144,232522,99866,232065.91263798112,68524.38181999716,142411,90053,0,58,0,0
P2,F3,71,test,calibrated,142,Somalia_256539,SOM,1.0412534116224255,0.29089506306824353,0.29089509735088925,0.8135624527931213,0.28140488266944885,0.00011580827413126826,262144,221259,17458,34736.0813618778,10248.173276875892,207642,13594,22,1,0,0
P2,F3,71,test,t1,142,Somalia_256539,SOM,1.0,0.27647929124897563,0.2764793288267309,0.8015502095222473,0.27466726303100586,0.00012901962327305228,262144,221259,17458,35082.55422155811,10318.401078035828,207642,13594,22,1,0,0
P2,F3,71,test,calibrated,143,Somalia_295782,SOM,1.0412534116224255,0.18737640080497253,0.18737640628114038,0.9809540510177612,0.42961373925209045,3.741699765669182e-05,262144,203048,93486,177331.8336503983,52759.36245678669,119695,67114,2748,13491,0,0
P2,F3,71,test,t1,143,Somalia_295782,SOM,1.0,0.18011646897572098,0.18011651588082622,0.9793910980224609,0.4267905652523041,4.1114777559414506e-05,262144,203048,93486,181926.58670096128,53259.09226349431,119695,67114,2748,13491,0,0
P2,F3,71,test,calibrated,144,Somalia_322855,SOM,1.0412534116224255,0.15422758738552977,0.15422756586352415,0.8826684355735779,0.32461681962013245,3.260898301959969e-05,262144,255044,51730,65821.47122411834,19821.838046388897,194214,16093,10431,34306,0,0
P2,F3,71,test,t1,144,Somalia_322855,SOM,1.0,0.14537514581846345,0.14537515959240865,0.874232292175293,0.3185403347015381,3.6241643101675436e-05,262144,255044,51730,66712.41305757394,19990.263415293808,194214,16093,10431,34306,0,0
P2,F3,71,test,calibrated,145,Somalia_32375,SOM,1.0412534116224255,0.201493339087215,0.20149328764671626,0.9837788939476013,0.43523159623146057,7.483489025617018e-05,261366,133568,86755,118357.36404438646,34423.50716514788,88134,45433,0,1,0,0
P2,F3,71,test,t1,145,Somalia_32375,SOM,1.0,0.19407876290509418,0.1940788242796132,0.9824430346488953,0.43262335658073425,8.262254414148629e-05,261366,133568,86755,121457.53548250873,34719.12084053308,88134,45433,0,1,0,0
P2,F3,71,test,calibrated,146,Somalia_371421,SOM,1.0412534116224255,0.18544806129173153,0.1854480548735199,0.9569458961486816,0.3936155438423157,4.8455942305736244e-05,262144,230962,68794,208048.90900450575,61442.58565173073,145300,50984,27507,7171,0,0
P2,F3,71,test,t1,146,Somalia_371421,SOM,1.0,0.1770543877775259,0.17705442139227368,0.9535220265388489,0.389494389295578,5.3794436098542064e-05,262144,230962,68794,214158.79013965256,62091.02898066465,145300,50984,27507,7171,0,0
P2,F3,71,test,calibrated,147,Somalia_60129,SOM,1.0412534116224255,0.2518224022231066,0.25182236642237144,0.8599275946617126,0.3116734027862549,6.711864261887968e-05,262144,222316,24185,47209.244033077135,13906.405778472083,203822,17817,567,110,0,0
P2,F3,71,test,t1,147,Somalia_60129,SOM,1.0,0.2395101341390652,0.23951013453772918,0.8502992987632751,0.3054368197917938,7.450277189491317e-05,262144,222316,24185,47943.374717079845,14013.513582756701,203822,17817,567,110,0,0
P2,F3,71,test,calibrated,148,Somalia_61368,SOM,1.0412534116224255,0.8978047836889952,0.8978047782940196,0.18846538662910461,0.035738371312618256,7.402088158414699e-06,262144,212969,222,2212.3048978579563,180.564355208956,212747,222,0,0,0,0
P2,F3,71,test,t1,148,Somalia_61368,SOM,1.0,0.8812062415362059,0.8812062367867742,0.1716313362121582,0.03238591179251671,7.813756383256987e-06,262144,212969,222,1914.0595153401937,172.9578274768071,212747,222,0,0,0,0
P2,F3,71,test,calibrated,149,Somalia_626316,SOM,1.0412534116224255,0.16662530654570884,0.16662530502632877,0.9878563284873962,0.44386914372444153,2.8332084184512496e-05,262144,169085,131534,171990.0792119351,55637.21340876623,71723,75635,1135,20592,0,0
P2,F3,71,test,t1,149,Somalia_626316,SOM,1.0,0.16040207489162595,0.16040204852712658,0.9868505597114563,0.44159480929374695,3.049130282306578e-05,262144,169085,131534,176325.7177763274,56268.902966788984,71723,75635,1135,20592,0,0
P2,F3,71,test,calibrated,150,Somalia_649376,SOM,1.0412534116224255,0.20318588457071785,0.20318588200132948,0.9725816249847412,0.4155782163143158,6.674162432318553e-05,262144,213929,73102,159550.18427116523,45827.50280150879,152328,56414,2615,2572,0,0
P2,F3,71,test,t1,150,Somalia_649376,SOM,1.0,0.1949134765232161,0.19491353362899444,0.9703570604324341,0.41223400831222534,7.428402750520036e-05,262144,213929,73102,163614.44221651877,46202.63317392318,152328,56414,2615,2572,0,0
P2,F3,71,test,calibrated,151,Somalia_685158,SOM,1.0412534116224255,0.2122167324151948,0.21221675019344832,0.8982207775115967,0.33866143226623535,9.227032569469884e-05,262144,184172,35862,86373.23444765413,23740.53136255088,145205,13713,15767,9487,0,0
P2,F3,71,test,t1,151,Somalia_685158,SOM,1.0,0.2015610520263621,0.20156105636319754,0.8908008337020874,0.33296871185302734,0.00010306519834557548,262144,184172,35862,88795.05759708441,23934.271471138043,145205,13713,15767,9487,0,0
P2,F3,71,test,calibrated,152,Somalia_699062,SOM,1.0412534116224255,0.2563768778895954,0.2563768566175394,0.7645830512046814,0.25533410906791687,5.456358485389501e-05,262144,203209,17775,31180.02069601822,9068.740798755765,189450,10469,1800,1490,0,0
P2,F3,71,test,t1,152,Somalia_699062,SOM,1.0,0.24232388468934807,0.24232391806291975,0.7505937814712524,0.24841491878032684,6.056840356905013e-05,262144,203209,17775,31575.793010675567,9146.696979682456,189450,10469,1800,1490,0,0
P2,F3,71,test,calibrated,153,Somalia_7931,SOM,1.0412534116224255,0.7243949424926039,0.7243949414424918,0.19976677000522614,0.04320695996284485,5.656895154970698e-06,262144,201972,735,2246.854493189972,268.1056968126395,201563,409,0,0,0,0
P2,F3,71,test,t1,153,Somalia_7931,SOM,1.0,0.6921534312552776,0.6921534426777929,0.1841491460800171,0.039986398071050644,5.991740636090981e-06,262144,201972,735,1983.3778932885505,264.6911512554122,201563,409,0,0,0,0
P2,F3,71,test,calibrated,154,Somalia_886726,SOM,1.0412534116224255,0.19742806538261182,0.1974281147979472,0.9775034785270691,0.4235093891620636,4.015344165964052e-05,262144,262036,81966,120896.21563376542,37849.233428255626,153391,25650,26679,56316,0,0
P2,F3,71,test,t1,154,Somalia_886726,SOM,1.0,0.18951665173407695,0.18951671197949982,0.9756658673286438,0.42045703530311584,4.448323306860402e-05,262144,262036,81966,122485.80787771387,38103.43819680813,153391,25650,26679,56316,0,0
P2,F3,71,test,calibrated,155,Somalia_93023,SOM,1.0412534116224255,0.22538106454948104,0.22538109072514179,0.9468541145324707,0.3826037347316742,8.506270387442783e-05,262144,187825,45738,77794.04280749164,22928.660833850372,157297,30528,0,0,0,0
P2,F3,71,test,t1,155,Somalia_93023,SOM,1.0,0.21546390522665404,0.2154638590038852,0.9426941871643066,0.3781305253505707,9.475593833485618e-05,262144,187825,45738,79313.75501303648,23107.642727124323,157297,30528,0,0,0,0
P2,F3,71,test,calibrated,156,Somalia_94102,SOM,1.0412534116224255,0.227483007352817,0.22748296261768242,0.8876278400421143,0.32972070574760437,3.683949398691766e-05,262144,241360,32492,53129.72022190048,15714.957469256158,208031,20635,837,11857,0,0
P2,F3,71,test,t1,156,Somalia_94102,SOM,1.0,0.2159485150216297,0.2159485280528739,0.8795371055603027,0.3237992227077484,4.058483682456426e-05,262144,241360,32492,53564.49243678592,15812.608491713057,208031,20635,837,11857,0,0
P2,F3,71,test,calibrated,157,Somalia_970508,SOM,1.0412534116224255,0.1741723478139462,0.17417228028119813,0.9762919545173645,0.42160916328430176,3.5958240914624184e-05,262144,217119,96332,237108.2801167167,66741.64245596298,112910,66097,18263,19849,0,0
P2,F3,71,test,t1,157,Somalia_970508,SOM,1.0,0.16687710830724412,0.16687707272195385,0.9743592739105225,0.41848722100257874,3.945450589526445e-05,262144,217119,96332,243994.65832648936,67325.0498550697,112910,66097,18263,19849,0,0
P2,F3,71,test,calibrated,158,Somalia_989553,SOM,1.0412534116224255,0.20821214542415845,0.20821213306185404,0.978103518486023,0.4244495630264282,1.1007279681507498e-05,262144,110303,91833,60575.11073224967,19702.365363226905,82267,25729,2307,0,0,0
P2,F3,71,test,t1,158,Somalia_989553,SOM,1.0,0.20040336142997783,0.20040334011990457,0.9763135313987732,0.42143183946609497,1.1784907655965071e-05,262144,110303,91833,61133.108497931906,19811.572887248876,82267,25729,2307,0,0,0
P2,F3,71,test,calibrated,159,Somalia_992457,SOM,1.0412534116224255,0.44762034428395014,0.4476203632541631,0.23249708116054535,0.05265762284398079,2.353374111407902e-05,262144,181140,2128,32282.110230927286,7133.911320011289,172234,1054,6791,1061,0,0
P2,F3,71,test,t1,159,Somalia_992457,SOM,1.0,0.41212595214542125,0.412125933223491,0.21601316332817078,0.049039870500564575,2.5949979317374527e-05,262144,181140,2128,33242.5246475561,7166.927439161753,172234,1054,6791,1061,0,0
P2,F3,71,test,calibrated,160,Sri-Lanka_101973,LKA,1.0412534116224255,0.3044531169368756,0.30445311808748077,0.37804731726646423,0.09728541225194931,3.9030488551361486e-05,262144,262143,5896,25567.926424044155,6381.640808751969,253847,5338,2400,558,0,0
P2,F3,71,test,t1,160,Sri-Lanka_101973,LKA,1.0,0.2801954309363238,0.2801954783927979,0.3590829074382782,0.09207170456647873,4.319205982028507e-05,262144,262143,5896,25959.059086642912,6424.382349075822,253847,5338,2400,558,0,0
P2,F3,71,test,calibrated,161,Sri-Lanka_1038087,LKA,1.0412534116224255,0.28892259974470136,0.2889225964987666,0.4963427484035492,0.14355844259262085,4.781954703503288e-05,262144,262143,8611,70572.74855363289,16847.310840663653,239282,4749,14250,3862,0,0
P2,F3,71,test,t1,161,Sri-Lanka_1038087,LKA,1.0,0.2692941870681016,0.2692941824403817,0.4779970645904541,0.13768045604228973,5.306105231284164e-05,262144,262143,8611,72657.25965792683,16937.78531621815,239282,4749,14250,3862,0,0
P2,F3,71,test,calibrated,162,Sri-Lanka_1049830,LKA,1.0412534116224255,0.23400283656223841,0.23400283501829588,0.48970508575439453,0.13984286785125732,6.952296098461375e-05,262144,190233,10775,17452.33737482257,4552.065522892899,182246,5410,375,2202,0,0
P2,F3,71,test,t1,162,Sri-Lanka_1049830,LKA,1.0,0.21675729072775418,0.21675728790493076,0.4712049067020416,0.13393288850784302,7.761970482533798e-05,262144,190233,10775,17635.955155080715,4581.450338684779,182246,5410,375,2202,0,0
P2,F3,71,test,calibrated,163,Sri-Lanka_117737,LKA,1.0412534116224255,0.43465570940398623,0.43465572688544385,0.4907512068748474,0.13269424438476562,3.724083580891602e-05,262144,262144,4576,34091.23208541069,7696.541786983678,252088,3325,5480,1251,0,0
P2,F3,71,test,t1,163,Sri-Lanka_117737,LKA,1.0,0.4090855666176726,0.40908562114848734,0.4703827500343323,0.1262819766998291,4.1123334085568786e-05,262144,262144,4576,34683.743005869735,7715.980959080947,252088,3325,5480,1251,0,0
P2,F3,71,test,calibrated,164,Sri-Lanka_120804,LKA,1.0412534116224255,0.4392009508223208,0.4392009592718604,0.3210252523422241,0.07952042669057846,3.277153518865816e-05,262144,262144,2858,34239.43932905179,7014.31588468048,253354,1832,5932,1026,0,0
P2,F3,71,test,t1,164,Sri-Lanka_120804,LKA,1.0,0.4087627270274552,0.40876275010064844,0.30292367935180664,0.07491623610258102,3.6084191378904507e-05,262144,262144,2858,35062.22543967298,7032.990782167262,253354,1832,5932,1026,0,0
P2,F3,71,test,calibrated,165,Sri-Lanka_132922,LKA,1.0412534116224255,0.4424766422446539,0.4424766478633214,0.42033815383911133,0.1145973652601242,3.2479023502673954e-05,262144,262144,4009,80625.01782497828,17691.353152904005,241574,2727,16561,1282,0,0
P2,F3,71,test,t1,165,Sri-Lanka_132922,LKA,1.0,0.41589315875187316,0.4158931594257709,0.40168625116348267,0.10919306427240372,3.568219472072087e-05,262144,262144,4009,83258.26137845285,17765.342011057306,241574,2727,16561,1282,0,0
P2,F3,71,test,calibrated,166,Sri-Lanka_135713,LKA,1.0412534116224255,0.7042615278505561,0.7042615151808618,0.15053196251392365,0.026675952598452568,8.988846275315154e-06,262144,134330,588,1908.655971841151,297.56811572812524,133943,387,0,0,0,0
P2,F3,71,test,t1,166,Sri-Lanka_135713,LKA,1.0,0.665382697604189,0.6653827231070382,0.13533256947994232,0.02390601485967636,9.827318535826635e-06,262144,134330,588,1749.9521153050073,297.0128954023436,133943,387,0,0,0,0
P2,F3,71,test,calibrated,167,Sri-Lanka_14484,LKA,1.0412534116224255,0.3445766798848259,0.3445766947489123,0.42748039960861206,0.1180846244096756,6.518151349155232e-05,262144,232015,5715,163889.52943921954,36356.643947395685,190651,2498,35930,2936,0,0
P2,F3,71,test,t1,167,Sri-Lanka_14484,LKA,1.0,0.32119148244586937,0.3211915311247271,0.40905556082725525,0.11268465965986252,7.239405385917053e-05,262144,232015,5715,170017.98155677313,36513.99568548538,190651,2498,35930,2936,0,0
P2,F3,71,test,calibrated,168,Sri-Lanka_152185,LKA,1.0412534116224255,0.30679598213068393,0.30679600364208737,0.36766138672828674,0.09902004152536392,4.443410216481425e-05,262144,262144,6139,13752.824642578991,3450.451711034293,255709,4237,296,1902,0,0
P2,F3,71,test,t1,168,Sri-Lanka_152185,LKA,1.0,0.28300827192836964,0.2830082865493303,0.349913090467453,0.0942315012216568,4.925048415316269e-05,262144,262144,6139,13609.845267249675,3468.916509435871,255709,4237,296,1902,0,0
P2,F3,71,test,calibrated,169,Sri-Lanka_163406,LKA,1.0412534116224255,0.25793416927191415,0.25793414766025236,0.2912580966949463,0.0731138288974762,3.2958152587525547e-05,262144,262144,6103,10233.50520867102,2360.2787050546885,255034,2040,1007,4063,0,0
P2,F3,71,test,t1,169,Sri-Lanka_163406,LKA,1.0,0.2342376668059355,0.2342376678238629,0.27430295944213867,0.06900547444820404,3.669675425044261e-05,262144,262144,6103,10036.383948082766,2368.882096145388,255034,2040,1007,4063,0,0
P2,F3,71,test,calibrated,170,Sri-Lanka_178753,LKA,1.0412534116224255,0.9390017219438376,0.9390017208517293,0.13273876905441284,0.021340545266866684,3.22647451866942e-06,262144,253873,101,4991.344197575812,712.9134966351978,253127,101,645,0,0,0
P2,F3,71,test,t1,170,Sri-Lanka_178753,LKA,1.0,0.927091612393699,0.9270916060949697,0.11792413145303726,0.01877283863723278,3.352090516273165e-06,262144,253873,101,4779.536046691716,709.8296332281632,253127,101,645,0,0,0
P2,F3,71,test,calibrated,171,Sri-Lanka_233609,LKA,1.0412534116224255,0.3086062348310955,0.30860620151684126,0.6111689805984497,0.18543300032615662,6.235753244254738e-05,262144,257120,9872,31234.76494813823,8235.220021034076,243536,6707,3712,3165,0,0
P2,F3,71,test,t1,171,Sri-Lanka_233609,LKA,1.0,0.2902418236074603,0.2902418845061565,0.5932506918907166,0.17872214317321777,6.92194007569924e-05,262144,257120,9872,31589.342661423932,8277.370439218195,243536,6707,3712,3165,0,0
P2,F3,71,test,calibrated,172,Sri-Lanka_236030,LKA,1.0412534116224255,0.27526605035428464,0.2752660381586002,0.20842652022838593,0.04535180702805519,3.104871939285658e-05,262144,206088,4313,12985.831535851365,2634.1398173000634,201531,2844,244,1469,0,0
P2,F3,71,test,t1,172,Sri-Lanka_236030,LKA,1.0,0.24624484307111683,0.24624487195024547,0.19240300357341766,0.04200425371527672,3.4637076169019565e-05,262144,206088,4313,13080.661200729994,2644.796634369375,201531,2844,244,1469,0,0
P2,F3,71,test,calibrated,173,Sri-Lanka_236628,LKA,1.0412534116224255,0.36269992413722585,0.36269987527029657,0.25558871030807495,0.0641925036907196,1.7260679669561796e-05,262144,262142,3493,12320.087589727362,2809.134591528207,257007,2054,1642,1439,0,0
P2,F3,71,test,t1,173,Sri-Lanka_236628,LKA,1.0,0.3327572504111578,0.33275727769841223,0.24035704135894775,0.060610994696617126,1.8943492250400595e-05,262144,262142,3493,12311.416360685093,2824.5559311764223,257007,2054,1642,1439,0,0
P2,F3,71,test,calibrated,174,Sri-Lanka_249079,LKA,1.0412534116224255,0.8444347974276796,0.8444348035924854,0.2830152213573456,0.05854712799191475,1.0060178283310961e-05,262144,164775,401,2903.736381895724,363.367994409958,164472,292,11,0,0,0
P2,F3,71,test,t1,174,Sri-Lanka_249079,LKA,1.0,0.8239340455030433,0.8239340596285288,0.2625483572483063,0.053757671266794205,1.0838468369911425e-05,262144,164775,401,2634.6318637809313,350.4829721426565,164472,292,11,0,0,0
P2,F3,71,test,calibrated,175,Sri-Lanka_31559,LKA,1.0412534116224255,0.999999999958719,1.0,0.17819108068943024,0.027715986594557762,1.2648562233152916e-06,262144,218795,0,4708.070028573764,492.8684643425366,218331,0,464,0,0,0
P2,F3,71,test,t1,175,Sri-Lanka_31559,LKA,1.0,0.9999999999506828,1.0,0.15971727669239044,0.024163557216525078,1.186079657600203e-06,262144,218795,0,4478.444150833199,485.04298090700286,218331,0,464,0,0,0
P2,F3,71,test,calibrated,176,Sri-Lanka_321316,LKA,1.0412534116224255,0.18308202447728839,0.1830819882089263,0.9827509522438049,0.4332970380783081,4.947763591189869e-05,262144,262133,97380,185279.8031933003,58710.78545325704,125396,39832,39357,57548,0,0
P2,F3,71,test,t1,176,Sri-Lanka_321316,LKA,1.0,0.1759258973006399,0.17592587958334782,0.981332540512085,0.43061527609825134,5.472068733070046e-05,262144,262133,97380,189427.10817667964,59284.60224260097,125396,39832,39357,57548,0,0
P2,F3,71,test,calibrated,177,Sri-Lanka_377277,LKA,1.0412534116224255,0.24568063987851396,0.24568065076558654,0.4906507134437561,0.13923774659633636,6.892572855576873e-05,262144,259388,10540,22384.14065067873,5592.745915084258,246256,4529,2592,6011,0,0
P2,F3,71,test,t1,177,Sri-Lanka_377277,LKA,1.0,0.22748441991825197,0.22748441357890292,0.47183752059936523,0.13326051831245422,7.689001358812675e-05,262144,259388,10540,22474.25251217321,5616.407407122322,246256,4529,2592,6011,0,0
P2,F3,71,test,calibrated,178,Sri-Lanka_400518,LKA,1.0412534116224255,0.2877752279694844,0.2877752792230257,0.3039287030696869,0.08076601475477219,5.232978946878575e-05,262144,262144,5502,11883.86563179749,2965.4613435935253,256241,3523,401,1979,0,0
P2,F3,71,test,t1,178,Sri-Lanka_400518,LKA,1.0,0.26387301628397275,0.2638729986546958,0.2880418300628662,0.07676049321889877,5.837602657265961e-05,262144,262144,5502,11783.886006841796,2982.161599683085,256241,3523,401,1979,0,0
P2,F3,71,test,calibrated,179,Sri-Lanka_450918,LKA,1.0412534116224255,0.8986640948864228,0.8986640888871312,0.9611920118331909,0.3925952911376953,1.614068605704233e-05,123231,99126,3334,37926.60302090953,10301.223274064312,94559,290,4252,25,0,0
P2,F3,71,test,t1,179,Sri-Lanka_450918,LKA,1.0,0.8957389303363226,0.8957389208767249,0.9580491781234741,0.3883689343929291,1.7296712030656636e-05,123231,99126,3334,37046.04459309834,9948.252239609388,94559,290,4252,25,0,0
P2,F3,71,test,calibrated,180,Sri-Lanka_49764,LKA,1.0412534116224255,0.8025261820345498,0.8025261668138226,0.198441743850708,0.039910938590765,9.72954057942843e-06,262144,243327,485,15304.00230159884,2778.363516751281,240356,485,2486,0,0,0
P2,F3,71,test,t1,180,Sri-Lanka_49764,LKA,1.0,0.7754375422195705,0.7754375360038959,0.18167395889759064,0.03652023524045944,1.0449762157804798e-05,262144,243327,485,15468.50395181086,2777.727046299486,240356,485,2486,0,0,0
P2,F3,71,test,calibrated,181,Sri-Lanka_52223,LKA,1.0412534116224255,0.9906607457922362,0.9906607459725005,0.10065021365880966,0.01456441916525364,1.596546326254611e-06,262144,262144,16,1801.6130444624034,34.851692847284006,262128,16,0,0,0,0
P2,F3,71,test,t1,181,Sri-Lanka_52223,LKA,1.0,0.9886497344986974,0.9886497337372928,0.08790776878595352,0.012539451941847801,1.5746641111036297e-06,262144,262144,16,1483.5735269900254,29.865351212219984,262128,16,0,0,0,0
P2,F3,71,test,calibrated,182,Sri-Lanka_523539,LKA,1.0412534116224255,0.19039642037111415,0.19039642321414152,0.4638279676437378,0.12658725678920746,5.967777542537078e-05,262144,218481,13517,99262.16389565475,22403.184560542373,189294,4518,19613,5056,0,0
P2,F3,71,test,t1,182,Sri-Lanka_523539,LKA,1.0,0.17436625614217738,0.17436619029461242,0.44446778297424316,0.12062288075685501,6.654204480582848e-05,262144,218481,13517,102688.50077463432,22513.5226501731,189294,4518,19613,5056,0,0
P2,F3,71,test,calibrated,183,Sri-Lanka_534068,LKA,1.0412534116224255,0.22593447693340685,0.22593444615494107,0.9817807078361511,0.4311448335647583,3.176310201524757e-05,262144,262144,73112,567935.3947463611,159959.197881068,322,4554,188710,68558,0,0
P2,F3,71,test,t1,183,Sri-Lanka_534068,LKA,1.0,0.2176941113054397,0.2176941185309721,0.9802838563919067,0.4283796548843384,3.4496850275900215e-05,262144,262144,73112,588019.4807741088,161589.19200083351,322,4554,188710,68558,0,0
P2,F3,71,test,calibrated,184,Sri-Lanka_551926,LKA,1.0412534116224255,0.23727820758332474,0.2372782237829325,0.7398754358291626,0.23892958462238312,5.5231059377547354e-05,262144,262144,19385,40349.776275952885,10943.307915593832,235795,6749,6964,12636,0,0
P2,F3,71,test,t1,184,Sri-Lanka_551926,LKA,1.0,0.22292956490788174,0.22292963947732425,0.724636435508728,0.23173248767852783,6.139028846519068e-05,262144,262144,19385,40717.50699575777,10989.317730001556,235795,6749,6964,12636,0,0
P2,F3,71,test,calibrated,185,Sri-Lanka_55568,LKA,1.0412534116224255,0.1324273881135637,0.13242740563177724,0.4496390223503113,0.1206335499882698,3.480105442577042e-05,262144,212858,19806,13710.909910606952,3745.7292471993233,192780,4810,274,14994,0,0
P2,F3,71,test,t1,185,Sri-Lanka_55568,LKA,1.0,0.12014074019254062,0.12014074266654717,0.42992204427719116,0.1147148385643959,3.8661888538626954e-05,262144,212858,19806,13562.581950865255,3768.4803668406626,192780,4810,274,14994,0,0
P2,F3,71,test,calibrated,186,Sri-Lanka_579082,LKA,1.0412534116224255,0.2552310672002672,0.2552310751391531,0.6171162128448486,0.18861842155456543,8.371976582566276e-05,262144,208263,12807,52528.65279536055,12279.56336042005,188040,5757,8497,5969,0,0
P2,F3,71,test,t1,186,Sri-Lanka_579082,LKA,1.0,0.2389930645748184,0.2389929974078353,0.599419116973877,0.18192684650421143,9.325709834229201e-05,262144,208263,12807,53918.10470519209,12335.433209756216,188040,5757,8497,5969,0,0
P2,F3,71,test,calibrated,187,Sri-Lanka_612594,LKA,1.0412534116224255,0.15299177353267446,0.1529917509169515,0.8175148963928223,0.28210723400115967,3.0194469218258746e-05,262144,262144,59511,48073.80264965769,12663.049059466352,202569,16450,64,43061,0,0
P2,F3,71,test,t1,187,Sri-Lanka_612594,LKA,1.0,0.1430286416538108,0.14302863569198043,0.8055864572525024,0.2753077447414398,3.3518772397655994e-05,262144,262144,59511,47589.721255941186,12641.714185180615,202569,16450,64,43061,0,0
P2,F3,71,test,calibrated,188,Sri-Lanka_63307,LKA,1.0412534116224255,0.4611015512742075,0.46110153162132816,0.408483624458313,0.11098051816225052,2.721737473621033e-05,262144,262144,3595,33391.70108446183,8041.109112296219,252130,3009,6419,586,0,0
P2,F3,71,test,t1,188,Sri-Lanka_63307,LKA,1.0,0.4341530205899452,0.4341529951279284,0.39001715183258057,0.10570768266916275,2.9766515581286512e-05,262144,262144,3595,34098.60283706004,8085.602685379854,252130,3009,6419,586,0,0
P2,F3,71,test,calibrated,189,Sri-Lanka_649970,LKA,1.0412534116224255,0.41633767786630504,0.41633767978549696,0.30699029564857483,0.07526347786188126,3.1355048122350127e-05,262144,260855,3076,70679.96842528062,15632.114194529484,242271,1241,15508,1835,0,0
P2,F3,71,test,t1,189,Sri-Lanka_649970,LKA,1.0,0.3856971723112782,0.38569716877467675,0.28893840312957764,0.0708097591996193,3.456731064943597e-05,262144,260855,3076,73011.06692251109,15699.294709441612,242271,1241,15508,1835,0,0
P2,F3,71,test,calibrated,190,Sri-Lanka_653336,LKA,1.0412534116224255,0.18368934688529892,0.18368933853491254,0.7752817869186401,0.25765374302864075,6.243560346774757e-05,262144,262141,30530,45383.8642436135,13254.278881954804,229100,15059,2511,15471,0,0
P2,F3,71,test,t1,190,Sri-Lanka_653336,LKA,1.0,0.17195049144949504,0.1719504939773273,0.761430561542511,0.2505767047405243,6.982233753660694e-05,262144,262141,30530,45768.80407553139,13353.57188821196,229100,15059,2511,15471,0,0
P2,F3,71,test,calibrated,191,Sri-Lanka_713926,LKA,1.0412534116224255,0.20276544442374045,0.20276552014444826,0.9782006144523621,0.42425569891929626,1.602611519047059e-05,262144,262104,92144,60029.102211471174,15304.89702703818,169441,12157,542,79964,0,0
P2,F3,71,test,t1,191,Sri-Lanka_713926,LKA,1.0,0.1956557624275148,0.19565583272428322,0.9764172434806824,0.4212285280227661,1.717940358503256e-05,262144,262104,92144,58391.56346021158,14872.945981168687,169441,12157,542,79964,0,0
P2,F3,71,test,calibrated,192,Sri-Lanka_748447,LKA,1.0412534116224255,0.33776726269822044,0.3377673228070569,0.41331300139427185,0.11593066155910492,7.51714687794447e-05,262144,249187,5857,14561.63547823297,3952.3734167943894,243014,4954,355,864,0,0
P2,F3,71,test,t1,192,Sri-Lanka_748447,LKA,1.0,0.3146509442082309,0.3146509741472666,0.39569205045700073,0.11082565784454346,8.367178088519722e-05,262144,249187,5857,14496.03539153326,3978.237361915674,243014,4954,355,864,0,0
P2,F3,71,test,calibrated,193,Sri-Lanka_845821,LKA,1.0412534116224255,0.17036135548398956,0.17036132876694432,0.9962764382362366,0.46883296966552734,2.3888271243777126e-05,262144,240758,187583,149381.23553151244,47590.02736693648,2253,3959,61147,173399,0,0
P2,F3,71,test,t1,193,Sri-Lanka_845821,LKA,1.0,0.16542854213805613,0.16542860404119364,0.9959644675254822,0.4675542116165161,2.5573195671313442e-05,262144,240758,187583,150879.51072273438,47708.89743231027,2253,3959,61147,173399,0,0
P2,F3,71,test,calibrated,194,Sri-Lanka_847275,LKA,1.0412534116224255,0.1566325592446668,0.15663257383462414,0.8510249257087708,0.30282869935035706,4.757822534884326e-05,262144,231361,49713,62560.19247771027,16908.391606898833,173033,7864,12782,37682,0,0
P2,F3,71,test,t1,194,Sri-Lanka_847275,LKA,1.0,0.14688666075483914,0.14688665932439937,0.840791642665863,0.2963316738605499,5.2838095143670216e-05,262144,231361,49713,63422.82837391138,16978.85821864834,173033,7864,12782,37682,0,0
P2,F3,71,test,calibrated,195,Sri-Lanka_849649,LKA,1.0412534116224255,0.3182855500664442,0.31828553077305854,0.26940110325813293,0.06358831375837326,4.0500923205399886e-05,262144,218207,4388,7140.780717530993,1524.999108161175,214608,1707,212,1680,0,0
P2,F3,71,test,t1,195,Sri-Lanka_849649,LKA,1.0,0.2894287444704493,0.28942876196850964,0.25183531641960144,0.0595429502427578,4.5196018618298694e-05,262144,218207,4388,6927.824206786516,1527.9147186612456,214608,1707,212,1680,0,0
P2,F3,71,test,calibrated,196,Sri-Lanka_85652,LKA,1.0412534116224255,0.8892537223756909,0.8892537452726306,0.15753912925720215,0.02992808073759079,4.622678261512192e-06,262144,197368,239,11813.760403196062,2058.188356402376,195192,235,1937,4,0,0
P2,F3,71,test,t1,196,Sri-Lanka_85652,LKA,1.0,0.8711689126067661,0.8711689202100181,0.14244194328784943,0.027148067951202393,4.865034952672431e-06,262144,197368,239,11945.171928304753,2056.9314272956426,195192,235,1937,4,0,0
P2,F3,71,test,calibrated,197,Sri-Lanka_883641,LKA,1.0412534116224255,0.19436636943511065,0.1943664000029376,0.5581973791122437,0.15952347218990326,2.9885293770348653e-05,262144,262144,17747,18166.207094444813,4551.466788302281,243526,5118,871,12629,0,0
P2,F3,71,test,t1,197,Sri-Lanka_883641,LKA,1.0,0.17906574625513416,0.17906567233938964,0.538769006729126,0.15277695655822754,3.321437179693021e-05,262144,262144,17747,17800.82270508525,4555.020710286703,243526,5118,871,12629,0,0
P2,F3,71,test,calibrated,198,Sri-Lanka_916628,LKA,1.0412534116224255,0.18404239506530362,0.18404241589419212,0.963011622428894,0.4017552137374878,3.861550067085773e-05,262144,259961,74709,74499.16572189739,22643.693894031858,166601,11836,19846,61678,0,0
P2,F3,71,test,t1,198,Sri-Lanka_916628,LKA,1.0,0.1757304698163451,0.17573048537114266,0.960048496723175,0.3979174494743347,4.2331343138357624e-05,262144,259961,74709,74608.91718889121,22712.95960881197,166601,11836,19846,61678,0,0
P2,F3,71,test,calibrated,199,Sri-Lanka_922192,LKA,1.0412534116224255,0.3516945369518454,0.3516944953518941,0.3564895987510681,0.09108592569828033,3.23045278491918e-05,262144,239783,4636,11912.825511250732,2891.4530021630867,235151,3602,136,894,0,0
P2,F3,71,test,t1,199,Sri-Lanka_922192,LKA,1.0,0.32484075429912074,0.324840770730614,0.3378109037876129,0.0861285999417305,3.5789929825114086e-05,262144,239783,4636,11791.947680274894,2902.2692568424036,235151,3602,136,894,0,0
P2,F3,71,test,calibrated,200,Sri-Lanka_92824,LKA,1.0412534116224255,0.3676389336337158,0.36763891021716255,0.67392897605896,0.20700673758983612,5.098353358334862e-05,262144,246506,9031,166534.85667389422,43911.32061584234,189571,1545,48106,7284,0,0
P2,F3,71,test,t1,200,Sri-Lanka_92824,LKA,1.0,0.34812231606256205,0.348122355319578,0.6565542817115784,0.19977045059204102,5.609837899100967e-05,262144,246506,9031,172381.26047058875,44274.7429934533,189571,1545,48106,7284,0,0
P2,F3,71,test,calibrated,201,Sri-Lanka_956740,LKA,1.0412534116224255,0.16977861502886582,0.16977850891985524,0.5477399230003357,0.15520957112312317,3.875171751133166e-05,262144,202069,19839,16374.305406880452,4184.601583408596,188752,5399,32,7886,0,0
P2,F3,71,test,t1,201,Sri-Lanka_956740,LKA,1.0,0.1558064024402257,0.15580641671221407,0.5280442237854004,0.14850078523159027,4.3176227336516604e-05,262144,202069,19839,16331.391548028132,4212.025582171022,188752,5399,32,7886,0,0
