block,partition,seed,split,setting,source_order,sample_id,event_id,temperature,soft_dice_risk_binary,sdc_exact,uncertainty,top_tail_msp,spatial_inconsistency,input_valid_pixels,reference_valid_pixels,predicted_foreground_input,nll_sum,brier_sum,confusion_0_0,confusion_0_1,confusion_1_0,confusion_1_1,hard_disagreement_all_pixels,hard_disagreement_reference_valid
P2,F3,13,calibration,calibrated,0,Bolivia_103757,BOL,1.192337520819031,0.2652985703398053,0.26529862011194894,0.9974018931388855,0.47402244806289673,1.1537357750057708e-05,101623,88077,55007,37891.2125679094,11550.76761711654,42006,10709,1508,33854,0,0
P2,F3,13,calibration,t1,0,Bolivia_103757,BOL,1.0,0.23899385194155576,0.23899386000814882,0.9963113069534302,0.4690494239330292,1.539420372864697e-05,101623,88077,55007,35585.42220191666,10768.274936816144,42006,10709,1508,33854,0,0
P2,F3,13,calibration,calibrated,1,Bolivia_129334,BOL,1.192337520819031,0.1302007993506441,0.13020073575804803,0.9797420501708984,0.4271262586116791,4.8124114982783794e-05,261395,237065,161273,90620.09507822695,28627.688633786587,68426,12572,27318,128749,0,0
P2,F3,13,calibration,t1,1,Bolivia_129334,BOL,1.0,0.10651115845222503,0.10651111992816453,0.971496045589447,0.41360896825790405,7.38103044568561e-05,261395,237065,161273,92575.12876012988,29151.361140233865,68426,12572,27318,128749,0,0
P2,F3,13,calibration,calibrated,2,Bolivia_195474,BOL,1.192337520819031,0.8864842157298575,0.8864842044305705,0.14756862819194794,0.025524381548166275,5.531504484679317e-06,262144,261335,239,9741.688894778224,1697.434638977525,259545,239,1551,0,0,0
P2,F3,13,calibration,t1,2,Bolivia_195474,BOL,1.0,0.7740424402741946,0.7740424574108814,0.08980242162942886,0.015519401989877224,7.589586857648101e-06,262144,261335,239,9660.031693371879,1700.8645467920055,259545,239,1551,0,0,0
P2,F3,13,calibration,calibrated,3,Bolivia_23014,BOL,1.192337520819031,0.4132900707652122,0.4132900630859302,0.6404305100440979,0.1906535029411316,4.2521314753685147e-05,193558,182995,11181,17949.6628069769,3369.9495845318183,171479,3736,335,7445,0,0
P2,F3,13,calibration,t1,3,Bolivia_23014,BOL,1.0,0.31070980605179344,0.3107098258235489,0.5579563975334167,0.1598491668701172,5.9758280258392915e-05,193558,182995,11181,14404.203970008863,3097.2127364477974,171479,3736,335,7445,0,0
P2,F3,13,calibration,calibrated,4,Bolivia_233925,BOL,1.192337520819031,0.7141430461155418,0.7141430556702105,0.4026125371456146,0.10184555500745773,4.949398498865776e-05,197636,146294,2198,7326.980808373066,999.362967512822,144999,1294,1,0,0,0
P2,F3,13,calibration,t1,4,Bolivia_233925,BOL,1.0,0.5888445792338252,0.5888446029997116,0.3158424496650696,0.07911642640829086,6.965077045606449e-05,197636,146294,2198,5138.684188423176,910.9364248180468,144999,1294,1,0,0,0
P2,F3,13,calibration,calibrated,5,Bolivia_242570,BOL,1.192337520819031,0.23873657353833544,0.23873649207800696,0.9407880306243896,0.3756182789802551,5.674487692886032e-05,262144,175507,41799,76265.47580141138,23958.79210413335,128431,19730,12571,14775,0,0
P2,F3,13,calibration,t1,5,Bolivia_242570,BOL,1.0,0.19547098844987543,0.19547105383446073,0.918280303478241,0.3541128635406494,8.652770338812843e-05,262144,175507,41799,83632.61225086791,24935.3315872847,128431,19730,12571,14775,0,0
P2,F3,13,calibration,calibrated,6,Bolivia_290290,BOL,1.192337520819031,0.3106712084372725,0.31067125217582436,0.6993322968482971,0.22243048250675201,6.843861046945676e-05,262144,204633,12505,45967.45610729641,13417.176729316341,182414,2520,14137,5562,0,0
P2,F3,13,calibration,t1,6,Bolivia_290290,BOL,1.0,0.2398507639937475,0.23985074328888412,0.6261534094810486,0.19222068786621094,0.00010963571548927575,262144,204633,12505,51147.468536206725,13976.804342765667,182414,2520,14137,5562,0,0
P2,F3,13,calibration,calibrated,7,Bolivia_294583,BOL,1.192337520819031,0.17297288668091437,0.1729728469363142,0.8754644393920898,0.320099413394928,0.00010113386088050902,262144,130472,47093,22624.02567483533,6704.230844624326,107064,8400,883,14125,0,0
P2,F3,13,calibration,t1,7,Bolivia_294583,BOL,1.0,0.13259613550554739,0.13259610716691217,0.8332763910293579,0.2924966514110565,0.0001657202810747549,262144,130472,47093,22990.26692514057,6889.679777418694,107064,8400,883,14125,0,0
P2,F3,13,calibration,calibrated,8,Bolivia_312675,BOL,1.192337520819031,0.48142485293023163,0.48142488109542203,0.5041605830192566,0.1476575881242752,7.343964534811676e-05,253960,158008,4887,26205.338870272426,6834.316913167266,147928,505,7742,1833,0,0
P2,F3,13,calibration,t1,8,Bolivia_312675,BOL,1.0,0.37331081732787386,0.37331081435775226,0.42580777406692505,0.1235446184873581,0.00010674204531824216,253960,158008,4887,28904.422856815352,7023.114721241252,147928,505,7742,1833,0,0
P2,F3,13,calibration,calibrated,9,Bolivia_314919,BOL,1.192337520819031,0.13279726805676084,0.13279721350254237,0.9553542137145996,0.3922143280506134,4.97199289384298e-05,262144,188845,112035,73734.15332352446,22832.951286095566,97902,7265,23297,60381,0,0
P2,F3,13,calibration,t1,9,Bolivia_314919,BOL,1.0,0.10481834850074367,0.10481831841002365,0.9379534125328064,0.37309029698371887,7.536986959166825e-05,262144,188845,112035,78182.18919501043,23534.7870337042,97902,7265,23297,60381,0,0
P2,F3,13,calibration,calibrated,10,Bolivia_360519,BOL,1.192337520819031,0.5053655414283593,0.5053655018466188,0.21866337954998016,0.04701288789510727,2.6619754862622358e-05,250723,243678,2403,9932.63279797192,2074.4921574484074,240981,2283,294,120,0,0
P2,F3,13,calibration,t1,10,Bolivia_360519,BOL,1.0,0.34025310714318,0.3402531265297206,0.15237180888652802,0.03359736129641533,4.046791946166195e-05,250723,243678,2403,9044.735821174274,2123.476976884493,240981,2283,294,120,0,0
P2,F3,13,calibration,calibrated,11,Bolivia_379434,BOL,1.192337520819031,0.4503715377738885,0.4503715309534415,0.5572224855422974,0.1642460972070694,6.585603841813281e-05,262144,262144,5465,37521.98347848288,9354.705956882292,248390,2964,8289,2501,0,0
P2,F3,13,calibration,t1,11,Bolivia_379434,BOL,1.0,0.3536490070020111,0.35364897045600285,0.4764806628227234,0.13749922811985016,9.88740794127807e-05,262144,262144,5465,41053.51334512255,9554.039219069926,248390,2964,8289,2501,0,0
P2,F3,13,calibration,calibrated,12,Bolivia_432776,BOL,1.192337520819031,0.21292899713535274,0.2129289807323027,0.9876030087471008,0.44324633479118347,3.615535388235003e-05,210723,155397,87530,55428.679592898494,16950.043928539606,74877,8375,14816,57329,0,0
P2,F3,13,calibration,t1,12,Bolivia_432776,BOL,1.0,0.17857012565781216,0.17857012217538226,0.9824883341789246,0.4325723648071289,4.964336767443456e-05,210723,155397,87530,54095.597128471185,16777.193476517656,74877,8375,14816,57329,0,0
P2,F3,13,calibration,calibrated,13,Bolivia_60373,BOL,1.192337520819031,0.3534819689324241,0.3534819837210075,0.8599902391433716,0.30928099155426025,8.677485311636701e-05,221330,199019,17982,19272.34422711581,4447.367731445883,183224,3315,2608,9872,0,0
P2,F3,13,calibration,t1,13,Bolivia_60373,BOL,1.0,0.278209357415551,0.2782093685555499,0.8138548135757446,0.2808416783809662,0.00012616872845683247,221330,199019,17982,16472.458161873325,4279.550501996526,183224,3315,2608,9872,0,0
P2,F3,13,calibration,calibrated,14,Bolivia_76104,BOL,1.192337520819031,0.9999999999550483,1.0,0.09426357597112656,0.012223728001117706,7.726279704911576e-07,262144,190965,0,1664.6800023795363,20.59141802676674,190960,0,5,0,0,0
P2,F3,13,calibration,t1,14,Bolivia_76104,BOL,1.0,0.9999999998892254,1.0,0.047441307455301285,0.005374269559979439,5.379830554375076e-07,262144,190965,0,693.995258335078,7.999376629056792,190960,0,5,0,0,0
P2,F3,13,calibration,calibrated,15,Mekong_1111068,KHM,1.192337520819031,0.604422273541126,0.6044222661282932,0.3340487480163574,0.08008409291505814,1.9525052266544662e-05,262144,262098,1909,29806.60491790243,6969.260861053392,253542,1107,6647,802,0,0
P2,F3,13,calibration,t1,15,Mekong_1111068,KHM,1.0,0.46203319515535823,0.46203322127150104,0.253587543964386,0.06049555912613869,2.8232516342541203e-05,262144,262098,1909,32658.694592507993,7099.490700492849,253542,1107,6647,802,0,0
P2,F3,13,calibration,calibrated,16,Mekong_1149855,KHM,1.192337520819031,0.2234832150820134,0.2234832744280827,0.8091793060302734,0.2774680554866791,0.0001311999512836337,262144,224775,24191,36086.24490071386,10863.532630614396,198433,9082,5969,11291,0,0
P2,F3,13,calibration,t1,16,Mekong_1149855,KHM,1.0,0.17368767390240136,0.17368768733224116,0.7518318891525269,0.24728833138942719,0.00020656586275435984,262144,224775,24191,38418.50643286986,11297.68104437226,198433,9082,5969,11291,0,0
P2,F3,13,calibration,calibrated,17,Mekong_1191208,KHM,1.192337520819031,0.14401058991150384,0.14401060035229007,0.42127716541290283,0.11374180018901825,5.662845433107577e-05,262144,202312,20856,14100.46710153877,3419.858944500903,184055,2992,1426,13839,0,0
P2,F3,13,calibration,t1,17,Mekong_1191208,KHM,1.0,0.09229603049199764,0.0922960458687313,0.3417630195617676,0.09155548363924026,9.159498586086556e-05,262144,202312,20856,13729.460043994171,3499.320396246985,184055,2992,1426,13839,0,0
P2,F3,13,calibration,calibrated,18,Mekong_119477,KHM,1.192337520819031,0.9688349162216718,0.9688349178014863,0.19844986498355865,0.03517702594399452,4.1757507460715715e-06,262144,260952,79,12656.693152802893,2764.077632723807,257913,43,2960,36,0,0
P2,F3,13,calibration,t1,18,Mekong_119477,KHM,1.0,0.9342480737108225,0.9342480769753926,0.1269511580467224,0.021358627825975418,4.775754860020243e-06,262144,260952,79,12924.11310708526,2823.3208398584243,257913,43,2960,36,0,0
P2,F3,13,calibration,calibrated,19,Mekong_1248200,KHM,1.192337520819031,0.09319483894270275,0.09319484335164274,0.9614086151123047,0.39912188053131104,1.4416512385651004e-05,262144,260988,214791,72801.84510552764,20669.66943066244,38626,17774,8726,195862,0,0
P2,F3,13,calibration,t1,19,Mekong_1248200,KHM,1.0,0.07326277777192647,0.07326279637097988,0.946174681186676,0.38100168108940125,1.9539864297257736e-05,262144,260988,214791,69566.64135184746,20239.735625998575,38626,17774,8726,195862,0,0
P2,F3,13,calibration,calibrated,20,Mekong_1282475,KHM,1.192337520819031,0.13010312542741398,0.1301032140880667,0.6800783276557922,0.2110942155122757,3.056259811273776e-05,262144,262144,39185,32197.652725493157,9492.305606019803,222626,12967,333,26218,0,0
P2,F3,13,calibration,t1,20,Mekong_1282475,KHM,1.0,0.0908342198017611,0.09083430317430441,0.6034581065177917,0.18043920397758484,4.705940227722749e-05,262144,262144,39185,32621.078511119304,9911.45088376546,222626,12967,333,26218,0,0
P2,F3,13,calibration,calibrated,21,Mekong_1395593,KHM,1.192337520819031,0.13897417611890273,0.1389742459909914,0.5403757691383362,0.151942640542984,3.2908956200117245e-05,262144,261728,27020,26657.658336387223,7253.495676504378,234060,8793,648,18227,0,0
P2,F3,13,calibration,t1,21,Mekong_1395593,KHM,1.0,0.09221295649877881,0.0922129543492568,0.45488449931144714,0.12418285757303238,5.105810851091519e-05,262144,261728,27020,27142.08455220551,7511.008990897679,234060,8793,648,18227,0,0
P2,F3,13,calibration,calibrated,22,Mekong_1396181,KHM,1.192337520819031,0.10992240469644465,0.10992238083512662,0.972602903842926,0.4153437912464142,2.1889092749916017e-05,262144,243062,187389,81738.23466541021,25338.249009785497,67169,30886,4796,140211,0,0
P2,F3,13,calibration,t1,22,Mekong_1396181,KHM,1.0,0.08823812966377864,0.08823817495754538,0.9615882039070129,0.39984145760536194,3.040573574253358e-05,262144,243062,187389,81500.20339132877,25624.19741862343,67169,30886,4796,140211,0,0
P2,F3,13,calibration,calibrated,23,Mekong_1413877,KHM,1.192337520819031,0.6446133039715667,0.6446133088152758,0.25498315691947937,0.06096116080880165,1.3674091860593762e-05,262144,256968,1362,9049.165316066228,2030.5947756810938,253811,645,1921,591,0,0
P2,F3,13,calibration,t1,23,Mekong_1413877,KHM,1.0,0.4965800906516191,0.49658009916136236,0.18948732316493988,0.046391215175390244,2.0033981854794547e-05,262144,256968,1362,8484.923218734286,2077.3652805671454,253811,645,1921,591,0,0
P2,F3,13,calibration,calibrated,24,Mekong_1439641,KHM,1.192337520819031,0.10349752354456165,0.10349755501879654,0.9764266014099121,0.4212667942047119,1.73862099472899e-05,262144,262083,200231,59098.484597226634,15464.820935056412,54057,10224,7797,190005,0,0
P2,F3,13,calibration,t1,24,Mekong_1439641,KHM,1.0,0.08375690353630216,0.08375687021790634,0.9668834209442139,0.4067462682723999,2.4657310859765857e-05,262144,262083,200231,52741.79270955501,14298.70530900023,54057,10224,7797,190005,0,0
P2,F3,13,calibration,calibrated,25,Mekong_1443339,KHM,1.192337520819031,0.103900388168368,0.10390038610908625,0.9765467047691345,0.4215899407863617,1.7455235138186254e-05,262144,262135,206394,73862.50712034768,21631.834208797965,47499,21853,8243,184540,0,0
P2,F3,13,calibration,t1,25,Mekong_1443339,KHM,1.0,0.08401759858863744,0.0840175914782143,0.9670502543449402,0.40712735056877136,2.4410217520198785e-05,262144,262135,206394,70092.25488629572,21214.34585160231,47499,21853,8243,184540,0,0
P2,F3,13,calibration,calibrated,26,Mekong_16233,KHM,1.192337520819031,0.11335861257976654,0.11335858856572889,0.7213625311851501,0.22774824500083923,2.0911718820570968e-05,262144,262132,69660,27358.58833887143,6068.659592092579,192153,7768,319,61892,0,0
P2,F3,13,calibration,t1,26,Mekong_16233,KHM,1.0,0.07840075000912361,0.07840079729856286,0.647603452205658,0.19598355889320374,2.973168193420861e-05,262144,262132,69660,23554.013503951537,5874.678350873338,192153,7768,319,61892,0,0
P2,F3,13,calibration,calibrated,27,Mekong_213094,KHM,1.192337520819031,0.6931281938332394,0.6931281943970151,0.22932960093021393,0.0552644319832325,7.472873403457925e-05,261386,229843,1086,4784.523114501319,869.0507329354583,228646,1086,111,0,0,0
P2,F3,13,calibration,t1,27,Mekong_213094,KHM,1.0,0.5478912498141011,0.5478912739236486,0.1703437864780426,0.04238429293036461,0.00010403346095699817,261386,229843,1086,3677.620925017935,860.5004182312598,228646,1086,111,0,0,0
P2,F3,13,calibration,calibrated,28,Mekong_221789,KHM,1.192337520819031,0.9999999999583716,1.0,0.10936340689659119,0.014630337245762348,7.59889587698126e-07,262144,215327,0,2018.7897328205484,21.217741543464,215327,0,0,0,0,0
P2,F3,13,calibration,t1,28,Mekong_221789,KHM,1.0,0.9999999998995687,1.0,0.05691929906606674,0.006629550829529762,5.076979050500086e-07,262144,215327,0,837.2822886853232,3.96070196853936,215327,0,0,0,0,0
P2,F3,13,calibration,calibrated,29,Mekong_254910,KHM,1.192337520819031,0.20458114327248755,0.204581081760269,0.4702681005001068,0.12789662182331085,3.70373236364685e-05,262144,205495,13552,28555.916193144993,7336.601720586481,196766,8594,135,0,0,0
P2,F3,13,calibration,t1,29,Mekong_254910,KHM,1.0,0.1380261194976986,0.13802603236631883,0.3862597644329071,0.10303293168544769,5.679930836777203e-05,262144,205495,13552,31357.82554858816,7569.442199876393,196766,8594,135,0,0,0
P2,F3,13,calibration,calibrated,30,Mekong_269835,KHM,1.192337520819031,0.5554379543922183,0.5554380028383532,0.12387491017580032,0.021171385422348976,1.661774695094209e-05,262144,212236,1139,3994.0342131508555,611.7862391092854,211057,696,40,443,0,0
P2,F3,13,calibration,t1,30,Mekong_269835,KHM,1.0,0.3552421048837944,0.35524208203943763,0.07338376343250275,0.012910746969282627,2.702202800719533e-05,262144,212236,1139,3156.871430384289,618.0019989216873,211057,696,40,443,0,0
P2,F3,13,calibration,calibrated,31,Mekong_293769,KHM,1.192337520819031,0.12980169663995123,0.12980172102279863,0.686745285987854,0.21301616728305817,3.821232166956179e-05,261430,230540,41813,23666.305434668942,6553.495579896481,191389,8731,660,29760,0,0
P2,F3,13,calibration,t1,31,Mekong_293769,KHM,1.0,0.09006799900572837,0.09006803176892875,0.6104682087898254,0.18198630213737488,5.468069139169529e-05,261430,230540,41813,22646.748018829894,6764.633468243927,191389,8731,660,29760,0,0
P2,F3,13,calibration,calibrated,32,Mekong_333434,KHM,1.192337520819031,0.4564611932586379,0.4564612150049685,0.30004188418388367,0.07379049807786942,3.779513281187974e-05,262144,203133,2971,14629.754517602301,3545.908199305004,198474,1375,2833,451,0,0
P2,F3,13,calibration,t1,32,Mekong_333434,KHM,1.0,0.3220117511478242,0.32201180549518205,0.22860302031040192,0.056824471801519394,5.802383748232387e-05,262144,203133,2971,15502.302311709043,3641.5129268339065,198474,1375,2833,451,0,0
P2,F3,13,calibration,calibrated,33,Mekong_342411,KHM,1.192337520819031,0.1334441753242066,0.13344421136333928,0.6559047698974609,0.1994772106409073,3.975143044954166e-05,262144,262141,35242,31086.814920259985,8761.291065330654,224291,8936,2608,26306,0,0
P2,F3,13,calibration,t1,33,Mekong_342411,KHM,1.0,0.09273496470284637,0.09273496062177344,0.576412558555603,0.16894809901714325,6.245304393814877e-05,262144,262141,35242,31676.920040278714,9051.075922867369,224291,8936,2608,26306,0,0
P2,F3,13,calibration,calibrated,34,Mekong_382276,KHM,1.192337520819031,0.15985008262803568,0.15985008198693063,0.22103539109230042,0.04726317152380943,2.5648099835962057e-05,262144,262111,11390,7858.396395761336,1375.8154594275325,250667,1636,54,9754,0,0
P2,F3,13,calibration,t1,34,Mekong_382276,KHM,1.0,0.08855699706459441,0.08855696446902461,0.15474118292331696,0.03355998173356056,4.0005816117627546e-05,262144,262111,11390,6529.516349850634,1377.805289416746,250667,1636,54,9754,0,0
P2,F3,13,calibration,calibrated,35,Mekong_424793,KHM,1.192337520819031,0.29203870069447646,0.2920387305807852,0.22577215731143951,0.04760359600186348,1.907852310978342e-05,262144,258487,4788,14669.462954981671,3286.569555746562,252193,2291,1506,2497,0,0
P2,F3,13,calibration,t1,35,Mekong_424793,KHM,1.0,0.17343215528426104,0.17343214314815725,0.15666323900222778,0.03345595300197601,2.9722308681812137e-05,262144,258487,4788,15041.792272577666,3362.3436533363615,252193,2291,1506,2497,0,0
P2,F3,13,calibration,calibrated,36,Mekong_45934,KHM,1.192337520819031,0.9741296109202007,0.9741296133454748,0.1112680733203888,0.01623827964067459,2.6770142085297266e-06,262144,261859,51,3476.5103291004734,309.16848809411704,261521,42,287,9,0,0
P2,F3,13,calibration,t1,36,Mekong_45934,KHM,1.0,0.9391533661274013,0.9391533647170835,0.06038537248969078,0.008351609110832214,3.2847483453224413e-06,262144,261859,51,2289.3944159861803,297.0138685614827,261521,42,287,9,0,0
P2,F3,13,calibration,calibrated,37,Mekong_474783,KHM,1.192337520819031,0.9197621442431909,0.9197621449317017,0.18230870366096497,0.03418227285146713,8.325757335114758e-06,262144,262119,188,24728.04248410338,5507.098302864987,256167,172,5764,16,0,0
P2,F3,13,calibration,t1,37,Mekong_474783,KHM,1.0,0.8410851225892333,0.8410851383020972,0.11848035454750061,0.022039314731955528,1.0581487913441379e-05,262144,262119,188,27418.546914882685,5619.720117818372,256167,172,5764,16,0,0
P2,F3,13,calibration,calibrated,38,Mekong_52610,KHM,1.192337520819031,0.08752697946008259,0.08752694045644527,0.9489307403564453,0.3835139572620392,1.0769706932478584e-05,262144,262144,221152,61391.30238338874,16154.966967251996,36395,15076,4597,206076,0,0
P2,F3,13,calibration,t1,38,Mekong_52610,KHM,1.0,0.06801027329648457,0.06801027613296107,0.9291661381721497,0.363028347492218,1.4315602129499894e-05,262144,262144,221152,56073.8473126678,15320.138127234379,36395,15076,4597,206076,0,0
P2,F3,13,calibration,calibrated,39,Mekong_596495,KHM,1.192337520819031,0.09274174396072588,0.09274175269488893,0.9804953932762146,0.4292696714401245,1.0234022738586646e-05,262143,229483,219481,56337.68366678755,15955.418250058923,33605,18735,4844,172299,0,0
P2,F3,13,calibration,t1,39,Mekong_596495,KHM,1.0,0.07467591122093398,0.07467593678896223,0.9725548624992371,0.4161449670791626,1.3851430594513658e-05,262143,229483,219481,51923.98076057655,15451.617931043746,33605,18735,4844,172299,0,0
P2,F3,13,calibration,calibrated,40,Mekong_774566,KHM,1.192337520819031,0.10349828384545479,0.10349825121614076,0.8268094062805176,0.28673264384269714,3.640409340732731e-05,262144,227728,96785,43090.82546109994,11131.814496881254,147444,3241,10380,66663,0,0
P2,F3,13,calibration,t1,40,Mekong_774566,KHM,1.0,0.07411921076029648,0.07411922608553534,0.7725412249565125,0.25667497515678406,5.586901170318015e-05,262144,227728,96785,42072.48826317949,11086.578886707666,147444,3241,10380,66663,0,0
P2,F3,13,calibration,calibrated,41,Mekong_846007,KHM,1.192337520819031,0.14442809652538324,0.14442809637271659,0.6325465440750122,0.1889897882938385,5.5232168961083516e-05,262144,164030,31254,12057.821966776031,2837.0749045189305,153251,3244,257,7278,0,0
P2,F3,13,calibration,t1,41,Mekong_846007,KHM,1.0,0.09973011919825048,0.09973014920040024,0.5513212084770203,0.1588037759065628,8.566099859308451e-05,262144,164030,31254,11279.813987215874,2846.2202395851514,153251,3244,257,7278,0,0
P2,F3,13,calibration,calibrated,42,Mekong_922373,KHM,1.192337520819031,0.15349290422592543,0.15349297061573208,0.9732345342636108,0.4163499176502228,6.00139974267222e-05,262144,262138,108005,106569.98852409804,34160.79772300412,124700,17673,29433,90332,0,0
P2,F3,13,calibration,t1,42,Mekong_922373,KHM,1.0,0.1253711393095771,0.12537115413916733,0.9624656438827515,0.4010166525840759,9.015188697958365e-05,262144,262138,108005,112767.26120045484,35267.816788844844,124700,17673,29433,90332,0,0
P2,F3,13,calibration,calibrated,43,Mekong_977338,KHM,1.192337520819031,0.09313403277027632,0.09313398370541415,0.7877281308174133,0.26251786947250366,2.242961090814788e-05,262144,176958,107780,21955.212920475882,4682.270368608823,106516,4875,465,65102,0,0
P2,F3,13,calibration,t1,43,Mekong_977338,KHM,1.0,0.0652964734752638,0.06529647798823013,0.7250012159347534,0.23119191825389862,3.4445136407157406e-05,262144,176958,107780,19136.218189532272,4417.862899323332,106516,4875,465,65102,0,0
P2,F3,13,calibration,calibrated,44,Mekong_98310,KHM,1.192337520819031,0.10766772295602445,0.10766767259057908,0.8386321663856506,0.290292352437973,1.5603452993673272e-05,262144,182771,108061,30023.722245214467,7401.037053643669,90164,6940,2482,83185,0,0
P2,F3,13,calibration,t1,44,Mekong_98310,KHM,1.0,0.07835733131146816,0.07835736039817087,0.7858676314353943,0.2596530616283417,2.136367402272299e-05,262144,182771,108061,26913.97295738934,7107.238293913477,90164,6940,2482,83185,0,0
P2,F3,13,calibration,calibrated,45,Nigeria_1095404,NGA,1.192337520819031,0.1177180843915393,0.1177181164150729,0.8328981995582581,0.2901340126991272,3.1101157219382e-05,262144,252283,76215,73373.27171313598,22313.046037676857,178751,27441,2001,44090,0,0
P2,F3,13,calibration,t1,45,Nigeria_1095404,NGA,1.0,0.08547236589585927,0.0854723758446242,0.7797560691833496,0.2601686120033264,4.6476754505420104e-05,262144,252283,76215,78487.81288874804,23284.590720030083,178751,27441,2001,44090,0,0
P2,F3,13,calibration,calibrated,46,Nigeria_143329,NGA,1.192337520819031,0.49119723765632506,0.49119725244444745,0.24453122913837433,0.05867353826761246,3.283199475845322e-05,262144,249500,2312,10156.891682706915,2271.714703347382,245777,946,1847,930,0,0
P2,F3,13,calibration,t1,46,Nigeria_143329,NGA,1.0,0.3435354583329693,0.3435353982063466,0.18209506571292877,0.04478568211197853,5.115770545671694e-05,262144,249500,2312,9961.916775523494,2324.659124859952,245777,946,1847,930,0,0
P2,F3,13,calibration,calibrated,47,Nigeria_22088,NGA,1.192337520819031,0.9144181537538306,0.9144181528838756,0.3339368402957916,0.07575516402721405,7.152499165385962e-05,209501,209501,511,7651.290612885763,671.8736306403438,208842,489,148,22,0,0
P2,F3,13,calibration,t1,47,Nigeria_22088,NGA,1.0,0.8538679894203828,0.8538679915461899,0.24663451313972473,0.055192653089761734,9.900157601805404e-05,209501,209501,511,4717.0910615243265,527.2253495348862,208842,489,148,22,0,0
P2,F3,13,calibration,calibrated,48,Nigeria_225131,NGA,1.192337520819031,0.7842375455486207,0.7842375690441155,0.1578831970691681,0.029834123328328133,1.0882640708587132e-05,262144,241255,513,5783.671285321866,969.6614513668836,239874,250,868,263,0,0
P2,F3,13,calibration,t1,48,Nigeria_225131,NGA,1.0,0.6248265642707346,0.6248265582234072,0.10076373815536499,0.019590061157941818,1.60930649144575e-05,262144,241255,513,5041.1540317645795,972.5575292485504,239874,250,868,263,0,0
P2,F3,13,calibration,calibrated,49,Nigeria_31096,NGA,1.192337520819031,0.7138843036158535,0.7138843012078909,0.25087878108024597,0.05952071025967598,2.6508538212510757e-05,262144,217487,1030,5331.558470589241,966.6505976075525,216152,519,647,169,0,0
P2,F3,13,calibration,t1,49,Nigeria_31096,NGA,1.0,0.5744495593472951,0.5744495461235641,0.18568995594978333,0.04509582370519638,3.892441964126192e-05,262144,217487,1030,4483.1528082558125,959.1920539995199,216152,519,647,169,0,0
P2,F3,13,calibration,calibrated,50,Nigeria_35845,NGA,1.192337520819031,0.5044100957857189,0.5044101195737056,0.1550910323858261,0.03207341581583023,3.34811229549814e-05,262144,213042,1687,3668.854990654252,561.7302661246747,212141,615,98,188,0,0
P2,F3,13,calibration,t1,50,Nigeria_35845,NGA,1.0,0.32779193852921473,0.3277919584914142,0.10318022966384888,0.022625595331192017,5.352402149583213e-05,262144,213042,1687,2739.2281850152517,568.6139866037403,212141,615,98,188,0,0
P2,F3,13,calibration,calibrated,51,Nigeria_417184,NGA,1.192337520819031,0.2321617726159637,0.23216181881469322,0.9875240325927734,0.44272035360336304,3.28744608850684e-05,156380,50135,67868,21014.99589709908,6398.530072151059,40373,8378,120,1264,0,0
P2,F3,13,calibration,t1,51,Nigeria_417184,NGA,1.0,0.19684674174624228,0.1968466481773541,0.9823755621910095,0.4319455623626709,4.4617852836381644e-05,156380,50135,67868,20585.33642229574,6279.023423316216,40373,8378,120,1264,0,0
P2,F3,13,calibration,calibrated,52,Nigeria_439488,NGA,1.192337520819031,0.8803253709582197,0.8803253730550652,0.14592070877552032,0.02549433894455433,7.061626092763618e-06,262144,229200,252,9391.748900854993,1633.5542708484818,227480,252,1468,0,0,0
P2,F3,13,calibration,t1,52,Nigeria_439488,NGA,1.0,0.7644594102448077,0.7644594164504157,0.08927679806947708,0.015660421922802925,9.749801392899826e-06,262144,229200,252,9483.355885006884,1634.0974374806488,227480,252,1468,0,0,0
P2,F3,13,calibration,calibrated,53,Nigeria_529525,NGA,1.192337520819031,0.12591085020637005,0.1259108807211009,0.9854142665863037,0.43810394406318665,3.343735443195328e-05,262144,262144,182810,117968.59420671916,37006.17178928861,33718,4775,45616,178035,0,0
P2,F3,13,calibration,t1,53,Nigeria_529525,NGA,1.0,0.10422823890348398,0.10422828612906399,0.9794179201126099,0.42650511860847473,4.860113767790608e-05,262144,262144,182810,121900.32051589858,37570.48128703964,33718,4775,45616,178035,0,0
P2,F3,13,calibration,calibrated,54,Nigeria_598959,NGA,1.192337520819031,0.6670113735331171,0.6670113759226233,0.21052707731723785,0.04373691603541374,2.9617580366902985e-05,262144,211208,1020,212212.87546103972,45250.201858541084,164121,559,46067,461,0,0
P2,F3,13,calibration,t1,54,Nigeria_598959,NGA,1.0,0.49763896698178833,0.4976389468879898,0.14457616209983826,0.030475135892629623,4.5152599341236055e-05,262144,211208,1020,251219.85886418074,45852.07438808722,164121,559,46067,461,0,0
P2,F3,13,calibration,calibrated,55,Nigeria_600295,NGA,1.192337520819031,0.09630285131836336,0.09630288747094184,0.7704123258590698,0.2461385577917099,1.091999001801014e-05,262144,181691,128024,34440.56719830721,8315.41175447479,90007,8023,1326,82335,0,0
P2,F3,13,calibration,t1,55,Nigeria_600295,NGA,1.0,0.06827416502876449,0.06827411103789927,0.7017945051193237,0.2127673625946045,1.5152341802604496e-05,262144,181691,128024,31894.174780952828,8029.299790594383,90007,8023,1326,82335,0,0
P2,F3,13,calibration,calibrated,56,Nigeria_707067,NGA,1.192337520819031,0.77142912172306,0.7714291149958662,0.2081989198923111,0.045462336391210556,2.219037924078293e-05,262144,261359,694,17686.448653693013,3681.025926050596,257107,496,3569,187,0,0
P2,F3,13,calibration,t1,56,Nigeria_707067,NGA,1.0,0.6309530955728014,0.6309531127950996,0.1457848697900772,0.03287549689412117,3.205358370905742e-05,262144,261359,694,18908.55851958658,3729.1769190739383,257107,496,3569,187,0,0
P2,F3,13,calibration,calibrated,57,Nigeria_78061,NGA,1.192337520819031,0.1865085204437653,0.18650848191121194,0.593917191028595,0.17819207906723022,0.00015913409879431129,262144,228886,19380,20722.04356588097,5865.760302387415,215642,7750,238,5256,0,0
P2,F3,13,calibration,t1,57,Nigeria_78061,NGA,1.0,0.13286587891307877,0.13286580033628625,0.5144540071487427,0.1502772867679596,0.00026434948085807264,262144,228886,19380,21334.89762212918,6103.680181766247,215642,7750,238,5256,0,0
P2,F3,13,calibration,calibrated,58,Nigeria_812045,NGA,1.192337520819031,0.09168986535614077,0.09168987300447662,0.8557804822921753,0.3011222779750824,9.960932402464096e-06,261565,236584,158217,49819.00958322043,12657.787026849559,101817,15184,180,119403,0,0
P2,F3,13,calibration,t1,58,Nigeria_812045,NGA,1.0,0.06707612684934972,0.0670760821208608,0.8072049021720886,0.2711249887943268,1.3383860277826898e-05,261565,236584,158217,46243.49746203342,12270.259499124375,101817,15184,180,119403,0,0
P2,F3,13,calibration,calibrated,59,Nigeria_81933,NGA,1.192337520819031,0.16095179798907644,0.16095181854924445,0.9912575483322144,0.4523511230945587,3.9532063965452835e-05,262144,246268,148302,133671.48889691845,45297.54529414147,52819,15499,50900,127050,0,0
P2,F3,13,calibration,t1,59,Nigeria_81933,NGA,1.0,0.1372061121759217,0.13720609154595698,0.9876278638839722,0.44333064556121826,5.839875666424632e-05,262144,246268,148302,140984.6098334283,46962.515944463186,52819,15499,50900,127050,0,0
P2,F3,13,calibration,calibrated,60,Nigeria_820924,NGA,1.192337520819031,0.6948058525814736,0.6948058458032983,0.1484978049993515,0.027441009879112244,1.2560774848680012e-05,262144,262143,731,6275.214332763454,1118.3641188286606,260530,437,882,294,0,0
P2,F3,13,calibration,t1,60,Nigeria_820924,NGA,1.0,0.508260287351455,0.5082602813439832,0.09337449073791504,0.017735019326210022,1.9268019968876615e-05,262144,262143,731,5497.525722584878,1135.4045015120014,260530,437,882,294,0,0
P2,F3,13,calibration,calibrated,61,Nigeria_952958,NGA,1.192337520819031,0.18106732869625342,0.18106728747122613,0.4235853850841522,0.11582569777965546,0.00010356943676015362,262144,227674,15129,18962.504223533888,4656.111488368413,213372,4567,1380,8355,0,0
P2,F3,13,calibration,t1,61,Nigeria_952958,NGA,1.0,0.11960538215234828,0.11960540492468752,0.3457077443599701,0.09385567158460617,0.00017188799392897636,262144,227674,15129,19398.67943408177,4774.700938963735,213372,4567,1380,8355,0,0
P2,F3,13,calibration,calibrated,62,Nigeria_984831,NGA,1.192337520819031,0.10961791363381768,0.10961793004768727,0.9881431460380554,0.44462141394615173,1.4941675544832833e-05,262144,240158,211114,83145.62623252484,25595.592932974134,12486,5992,29532,192148,0,0
P2,F3,13,calibration,t1,62,Nigeria_984831,NGA,1.0,0.09075198550802721,0.09075196918560757,0.9832484722137451,0.43419790267944336,2.017917540797498e-05,262144,240158,211114,82322.47921221591,25580.64347279584,12486,5992,29532,192148,0,0
P2,F3,13,calibration,calibrated,63,Spain_1167260,ESP,1.192337520819031,0.18972344937785912,0.18972341520265978,0.9042845964431763,0.342719167470932,0.00016626006981823593,262144,262119,44656,74956.98307884939,22329.325582347403,203817,15783,13651,28868,0,0
P2,F3,13,calibration,t1,63,Spain_1167260,ESP,1.0,0.1495508396740134,0.14955083025686255,0.8702390193939209,0.317315936088562,0.0002637938014231622,262144,262119,44656,81004.90305921549,23094.262753377898,203817,15783,13651,28868,0,0
P2,F3,13,calibration,calibrated,64,Spain_1199913,ESP,1.192337520819031,0.21166342778898717,0.21166349613610136,0.3611866533756256,0.09065952897071838,6.783946446375921e-05,262144,262143,10488,18086.04912495522,4088.211719698368,249441,2612,2214,7876,0,0
P2,F3,13,calibration,t1,64,Spain_1199913,ESP,1.0,0.13506508247168025,0.13506512952109684,0.28171512484550476,0.07027195394039154,0.00010721413127612323,262144,262143,10488,18309.82364967593,4144.982105295975,249441,2612,2214,7876,0,0
P2,F3,13,calibration,calibrated,65,Spain_2472849,ESP,1.192337520819031,0.8915311426750403,0.891531141875753,0.19661526381969452,0.03674054518342018,1.3360177945287433e-05,262144,261759,253,3449.747740792531,265.97943168526695,261495,244,11,9,0,0
P2,F3,13,calibration,t1,65,Spain_2472849,ESP,1.0,0.7931839779982709,0.7931839729097865,0.12796331942081451,0.02354992739856243,1.8629150872584432e-05,262144,261759,253,1918.1615171850226,231.48936575870619,261495,244,11,9,0,0
P2,F3,13,calibration,calibrated,66,Spain_2523247,ESP,1.192337520819031,0.3784510782125662,0.3784510441393566,0.4519086480140686,0.12181577831506729,6.190782733028755e-05,262144,262039,5950,21742.775344033776,5327.509434538311,254492,5118,1597,832,0,0
P2,F3,13,calibration,t1,66,Spain_2523247,ESP,1.0,0.27321517361810244,0.2732151914298748,0.36842694878578186,0.09777572751045227,9.713833424029872e-05,262144,262039,5950,22439.4386331759,5451.788502251058,254492,5118,1597,832,0,0
P2,F3,13,calibration,calibrated,67,Spain_2594119,ESP,1.192337520819031,0.38698181056874237,0.386981818154148,0.4991874694824219,0.1404140293598175,0.00011025919957319275,262144,262009,6049,13233.592183380984,3280.375938319309,255359,3773,601,2276,0,0
P2,F3,13,calibration,t1,67,Spain_2594119,ESP,1.0,0.28874633277366624,0.28874635665554504,0.41711539030075073,0.11503235995769501,0.0001752083480823785,262144,262009,6049,12284.479014452489,3306.705268123573,255359,3773,601,2276,0,0
P2,F3,13,calibration,calibrated,68,Spain_2938657,ESP,1.192337520819031,0.19869996553135805,0.19869990653755587,0.3477082848548889,0.08726765215396881,6.959903839742765e-05,262144,262074,11255,9736.748465230263,2022.3212974602582,250280,2022,539,9233,0,0
P2,F3,13,calibration,t1,68,Spain_2938657,ESP,1.0,0.12529431595543983,0.1252942810839882,0.27018648386001587,0.06772643327713013,0.00011178037675563246,262144,262074,11255,8385.047000580907,2022.1100928732558,250280,2022,539,9233,0,0
P2,F3,13,calibration,calibrated,69,Spain_3285448,ESP,1.192337520819031,0.11333862345530976,0.1133385518947353,0.6825444102287292,0.20508848130702972,3.0523475288646296e-05,262144,262136,61943,26417.65194479188,5898.652195507532,199322,6425,871,55518,0,0
P2,F3,13,calibration,t1,69,Spain_3285448,ESP,1.0,0.07679533336846789,0.07679530769624043,0.6019427180290222,0.17247875034809113,4.439225813257508e-05,262144,262136,61943,23169.865848904745,5752.863544190143,199322,6425,871,55518,0,0
P2,F3,13,calibration,calibrated,70,Spain_337094,ESP,1.192337520819031,0.2535828009097435,0.2535827577630997,0.8313758969306946,0.2917993664741516,0.00014994700904935598,262144,262056,22762,58817.39312653574,17308.64061142305,226386,9595,12908,13167,0,0
P2,F3,13,calibration,t1,70,Spain_337094,ESP,1.0,0.19984743473521027,0.1998474592250883,0.7788975834846497,0.26247861981391907,0.00023681955644860864,262144,262056,22762,64044.12046703632,17908.307943710915,226386,9595,12908,13167,0,0
P2,F3,13,calibration,calibrated,71,Spain_4282030,ESP,1.192337520819031,0.1408488095912509,0.14084876699358984,0.9586467742919922,0.39576101303100586,5.480907202581875e-05,262144,262123,111941,92526.1556762961,28592.182998488508,137948,26044,12250,85881,0,0
P2,F3,13,calibration,t1,71,Spain_4282030,ESP,1.0,0.11199040641699742,0.11199040148986683,0.9424148797988892,0.3771381676197052,8.260129106929526e-05,262144,262123,111941,95839.30892403549,29277.66978041659,137948,26044,12250,85881,0,0
P2,F3,13,calibration,calibrated,72,Spain_4915752,ESP,1.192337520819031,0.19643703149370006,0.19643708607407606,0.396728515625,0.10162757337093353,5.806223998661153e-05,262144,262128,12627,17366.117957241542,4277.842745505962,249293,5171,208,7456,0,0
P2,F3,13,calibration,t1,72,Spain_4915752,ESP,1.0,0.12634767415878867,0.1263476905807569,0.3139350116252899,0.07950777560472488,8.976627577794716e-05,262144,262128,12627,17215.033331591774,4386.995905378691,249293,5171,208,7456,0,0
P2,F3,13,calibration,calibrated,73,Spain_5650136,ESP,1.192337520819031,0.11388642212013422,0.11388643212353067,0.8968909978866577,0.3328694999217987,1.6363263057428412e-05,262144,171596,127646,60315.114305714436,18808.702647215927,43231,24158,1055,103152,0,0
P2,F3,13,calibration,t1,73,Spain_5650136,ESP,1.0,0.08607184747072338,0.08607184798832157,0.860073983669281,0.3059273660182953,2.2599835574510507e-05,262144,171596,127646,62393.69366081089,19378.22468050226,43231,24158,1055,103152,0,0
P2,F3,13,calibration,calibrated,74,Spain_5678382,ESP,1.192337520819031,0.3652332428771007,0.3652332433304011,0.512684166431427,0.1502605378627777,6.677171040792018e-05,262144,262117,7118,32835.73600161982,8220.646254775578,251749,6798,3252,318,0,0
P2,F3,13,calibration,t1,74,Spain_5678382,ESP,1.0,0.2740397604569236,0.2740397579581726,0.4343274235725403,0.12568426132202148,0.00010320298315491527,262144,262117,7118,35479.21767675074,8416.24462171158,251749,6798,3252,318,0,0
P2,F3,13,calibration,calibrated,75,Spain_5816638,ESP,1.192337520819031,0.8297350553380118,0.8297350580250444,0.19153045117855072,0.036167532205581665,1.2710851478914265e-05,262144,262052,415,3934.495406198579,388.2939705321188,261451,222,186,193,0,0
P2,F3,13,calibration,t1,75,Spain_5816638,ESP,1.0,0.6950449363851485,0.695044955474725,0.12486117333173752,0.023438794538378716,1.8250617358717136e-05,262144,262052,415,2510.2419818711196,358.2688521393494,261451,222,186,193,0,0
P2,F3,13,calibration,calibrated,76,Spain_5923267,ESP,1.192337520819031,0.08815607443145335,0.08815605671277427,0.9873653650283813,0.4431040585041046,7.757940693409182e-06,262144,218743,230575,41929.948404968796,10692.304256603386,2566,14464,0,201713,0,0
P2,F3,13,calibration,t1,76,Spain_5923267,ESP,1.0,0.07113767831300044,0.0711376544507667,0.9821584820747375,0.43241292238235474,1.0156271855521481e-05,262144,218743,230575,38203.546845585624,10462.46508089402,2566,14464,0,201713,0,0
P2,F3,13,calibration,calibrated,77,Spain_6095801,ESP,1.192337520819031,0.2630731208747433,0.2630731437928502,0.8225581049919128,0.2861139178276062,0.00017537000530865043,262144,262062,21194,68122.54352010414,19313.77405347029,227794,11532,13074,9662,0,0
P2,F3,13,calibration,t1,77,Spain_6095801,ESP,1.0,0.20686687869572196,0.20686695680379963,0.7681882977485657,0.2564607858657837,0.00027789431624114513,262144,262062,21194,75186.73622478952,19974.260298900314,227794,11532,13074,9662,0,0
P2,F3,13,calibration,calibrated,78,Spain_6199994,ESP,1.192337520819031,0.6159935191584833,0.6159935211567262,0.34048235416412354,0.07871879637241364,5.205766501603648e-05,262144,261902,1721,7989.297624103389,1471.8024360316144,259759,1360,422,361,0,0
P2,F3,13,calibration,t1,78,Spain_6199994,ESP,1.0,0.47093443670152235,0.4709344478917642,0.2555333971977234,0.0579969547688961,7.952477608341724e-05,262144,261902,1721,6723.792949015393,1445.1312358343298,259759,1360,422,361,0,0
P2,F3,13,calibration,calibrated,79,Spain_6537196,ESP,1.192337520819031,0.4209861923099224,0.4209861709255692,0.48897412419319153,0.13702605664730072,0.00011307629756629467,262144,262106,5381,16985.742439914608,4363.788972873348,254999,4061,1726,1320,0,0
P2,F3,13,calibration,t1,79,Spain_6537196,ESP,1.0,0.31678052351585895,0.3167805248656028,0.4071407616138458,0.11210089921951294,0.00017628543719183654,262144,262106,5381,16779.67010564614,4462.542597906655,254999,4061,1726,1320,0,0
P2,F3,13,calibration,calibrated,80,Spain_6860600,ESP,1.192337520819031,0.7133801182358326,0.7133801227483196,0.2586268186569214,0.058417510241270065,2.2226689907256514e-05,262144,261969,1047,5541.15314825928,905.4924217982957,260710,1013,212,34,0,0
P2,F3,13,calibration,t1,80,Spain_6860600,ESP,1.0,0.5677777945361735,0.5677777619860294,0.1869518756866455,0.042865462601184845,3.186054891557433e-05,262144,261969,1047,4186.827262248518,890.0507162705945,260710,1013,212,34,0,0
P2,F3,13,calibration,calibrated,81,Spain_716716,ESP,1.192337520819031,0.36525429724660774,0.36525425216789964,0.34788423776626587,0.08745892345905304,4.547917706076987e-05,262144,262067,4649,19830.19887431334,4767.769150186987,255577,3846,1841,803,0,0
P2,F3,13,calibration,t1,81,Spain_716716,ESP,1.0,0.25095178270346197,0.25095173017069994,0.27087244391441345,0.06792416423559189,6.933708937140182e-05,262144,262067,4649,20828.147318419884,4884.769653936719,255577,3846,1841,803,0,0
P2,F3,13,calibration,calibrated,82,Spain_7370579,ESP,1.192337520819031,0.17162261484697194,0.17162259150690595,0.9432207345962524,0.3786948323249817,0.00010096868209075183,262144,262045,64819,86969.2487750964,26324.884974375032,177139,14871,20094,49941,0,0
P2,F3,13,calibration,t1,82,Spain_7370579,ESP,1.0,0.13719514747586115,0.13719508233558342,0.9215709567070007,0.3576500117778778,0.00015553385310340673,262144,262045,64819,93293.95802785543,27136.067240043434,177139,14871,20094,49941,0,0
P2,F3,13,calibration,calibrated,83,Spain_7387658,ESP,1.192337520819031,0.1412670742276374,0.14126709951331484,0.987984299659729,0.44419971108436584,4.3554886360652745e-05,262144,262057,162331,111074.68248302629,35979.02527043878,78488,30563,21252,131754,0,0
P2,F3,13,calibration,t1,83,Spain_7387658,ESP,1.0,0.11802089155094708,0.11802091607655496,0.9830251932144165,0.43369945883750916,6.522247713292018e-05,262144,262057,162331,113705.42580728547,36720.28566305836,78488,30563,21252,131754,0,0
P2,F3,13,calibration,calibrated,84,Spain_7558720,ESP,1.192337520819031,0.4094605896249228,0.4094605699004177,0.4557076096534729,0.12706013023853302,5.56724080524873e-05,262144,261984,5179,20381.691409232866,5333.526806509215,254936,4911,1869,268,0,0
P2,F3,13,calibration,t1,84,Spain_7558720,ESP,1.0,0.30513767080786347,0.3051376535139896,0.3763624429702759,0.1038486585021019,8.301553316414356e-05,262144,261984,5179,21046.253630825908,5485.19711100811,254936,4911,1869,268,0,0
P2,F3,13,calibration,calibrated,85,Spain_7604243,ESP,1.192337520819031,0.1511825850864299,0.15118266493106658,0.438058078289032,0.1124032586812973,4.826982694794424e-05,262144,262080,23494,14144.202496689357,2812.8552585025104,238114,3047,472,20447,0,0
P2,F3,13,calibration,t1,85,Spain_7604243,ESP,1.0,0.0953222622413229,0.09532222689999892,0.3501424491405487,0.0877377912402153,7.448199903592467e-05,262144,262080,23494,11950.57589351621,2775.1964806369715,238114,3047,472,20447,0,0
P2,F3,13,calibration,calibrated,86,Spain_7786924,ESP,1.192337520819031,0.38015499511641737,0.3801549797857362,0.532626748085022,0.15605519711971283,0.000144646706758067,262144,262111,6784,21869.432099064048,5806.315417135729,253043,5300,2292,1476,0,0
P2,F3,13,calibration,t1,86,Spain_7786924,ESP,1.0,0.28875338809751316,0.2887533237219583,0.45360109210014343,0.1303909420967102,0.00022699807595927268,262144,262111,6784,22492.884168386736,5953.462193371979,253043,5300,2292,1476,0,0
P2,F3,13,calibration,calibrated,87,Spain_7856615,ESP,1.192337520819031,0.29463233527065835,0.2946323523666228,0.775572657585144,0.2593421936035156,0.00016791201778687537,262144,261930,16155,45476.52045767288,12855.530452034996,240641,11652,5134,4503,0,0
P2,F3,13,calibration,t1,87,Spain_7856615,ESP,1.0,0.2307135926385725,0.2307136022542995,0.7122810482978821,0.22879037261009216,0.0002653998672030866,262144,261930,16155,48818.000374067946,13264.663493162469,240641,11652,5134,4503,0,0
P2,F3,13,calibration,calibrated,88,Spain_8104659,ESP,1.192337520819031,0.2500162643952777,0.2500162233927278,0.8447519540786743,0.2994564473628998,0.00011583063314901665,262144,262128,26314,68741.76409023957,20036.515252288078,234291,24353,1523,1961,0,0
P2,F3,13,calibration,t1,88,Spain_8104659,ESP,1.0,0.1952743396776324,0.19527429115492734,0.7951000332832336,0.27042269706726074,0.00018078042194247246,262144,262128,26314,74768.62246160989,20726.1235635242,234291,24353,1523,1961,0,0
P2,F3,13,calibration,calibrated,89,Spain_8154154,ESP,1.192337520819031,0.32970108752087757,0.3297011079271235,0.5729015469551086,0.16956324875354767,0.00010873816790990531,262144,262118,8894,25416.02970030497,6957.384051379204,250907,6629,2318,2264,0,0
P2,F3,13,calibration,t1,89,Spain_8154154,ESP,1.0,0.2472063702941898,0.24720638642068093,0.4925423264503479,0.14215561747550964,0.00016822476754896343,262144,262118,8894,26413.574714308677,7156.004865316453,250907,6629,2318,2264,0,0
P2,F3,13,calibration,calibrated,90,Spain_8199661,ESP,1.192337520819031,0.243394964528872,0.24339498357636513,0.5489852428436279,0.16112272441387177,0.0001367406512144953,262144,262036,12762,24125.146336800957,6445.247010104079,247388,6466,1886,6296,0,0
P2,F3,13,calibration,t1,90,Spain_8199661,ESP,1.0,0.17520921681712887,0.17520922861576937,0.46870309114456177,0.13463646173477173,0.0002166777558159083,262144,262036,12762,24845.78613723087,6621.744337409615,247388,6466,1886,6296,0,0
P2,F3,13,calibration,calibrated,91,Spain_8372658,ESP,1.192337520819031,0.1234496281582721,0.12344961749891104,0.9217987656593323,0.35681867599487305,3.2259013096336275e-05,262144,262029,102111,64374.28751413367,19026.580098287883,151400,17525,8523,84581,0,0
P2,F3,13,calibration,t1,91,Spain_8372658,ESP,1.0,0.09419099503202732,0.09419104848440463,0.892994225025177,0.3328748345375061,4.6537570597138256e-05,262144,262029,102111,64477.24659565505,19387.829180269717,151400,17525,8523,84581,0,0
P2,F3,13,calibration,calibrated,92,Spain_8565131,ESP,1.192337520819031,0.1395943394957606,0.13959431087984175,0.8905658721923828,0.3311132788658142,6.376484816428274e-05,262144,262084,65892,64312.409001193424,19586.963368550933,189775,19953,6417,45939,0,0
P2,F3,13,calibration,t1,92,Spain_8565131,ESP,1.0,0.10621917631447853,0.10621920218849867,0.8524960875511169,0.3044624924659729,9.87270541372709e-05,262144,262084,65892,67538.11854698924,20278.300795032246,189775,19953,6417,45939,0,0
P2,F3,13,test,calibrated,0,India_1017769,IND,1.192337520819031,0.10834103265046624,0.10834113082477326,0.9613274335861206,0.39930060505867004,4.180211544735357e-05,262144,172971,167816,74301.85767099043,23813.62501843732,46013,28815,3946,94197,0,0
P2,F3,13,test,t1,0,India_1017769,IND,1.0,0.08530347086172052,0.08530347753449341,0.9460729360580444,0.38122430443763733,6.17174810031429e-05,262144,172971,167816,77584.50322943038,24580.74699252475,46013,28815,3946,94197,0,0
P2,F3,13,test,calibrated,1,India_1018317,IND,1.192337520819031,0.09454994829914298,0.09454991078651553,0.9556047916412354,0.390776664018631,9.98713312583277e-06,262144,196977,194985,69176.95605588832,21088.445958051285,20310,25957,739,149971,0,0
P2,F3,13,test,t1,1,India_1018317,IND,1.0,0.07433005463590314,0.0743300753601257,0.9382010102272034,0.37131860852241516,1.3329558896657545e-05,262144,196977,194985,71552.74742872972,21639.82159531673,20310,25957,739,149971,0,0
P2,F3,13,test,calibrated,2,India_1018327,IND,1.192337520819031,0.21350686635494864,0.21350687596538753,0.8076823353767395,0.27767470479011536,0.0001429473195457831,262144,262142,26750,66974.01931081884,17997.14491120491,219336,6157,16056,20593,0,0
P2,F3,13,test,t1,2,India_1018327,IND,1.0,0.16389322231130687,0.16389319020080917,0.7503674030303955,0.24773511290550232,0.00023574710940010846,262144,262142,26750,73777.97192480639,18454.773216284135,219336,6157,16056,20593,0,0
P2,F3,13,test,calibrated,3,India_103447,IND,1.192337520819031,0.12942104938319077,0.12942111459300265,0.7652080655097961,0.25087687373161316,4.797091969521716e-05,262144,163567,49415,41900.71229596757,11678.448069687944,128952,7638,6209,20768,0,0
P2,F3,13,test,t1,3,India_103447,IND,1.0,0.0927678123278326,0.09276784458321197,0.698673665523529,0.21944041550159454,7.642830314580351e-05,262144,163567,49415,46081.768325081386,12077.885765476542,128952,7638,6209,20768,0,0
P2,F3,13,test,calibrated,4,India_1050276,IND,1.192337520819031,0.24728864866025724,0.24728861738366437,0.7590449452400208,0.2517794668674469,0.00021658549667336047,262144,255185,19754,159689.55244841333,39754.688539801165,198859,7321,37309,11696,0,0
P2,F3,13,test,t1,4,India_1050276,IND,1.0,0.18929900634226038,0.18929896149196013,0.6936258673667908,0.22141605615615845,0.0003516965953167528,262144,255185,19754,185064.3773649896,40716.72457171337,198859,7321,37309,11696,0,0
P2,F3,13,test,calibrated,5,India_1068117,IND,1.192337520819031,0.2108531297257582,0.21085316588759861,0.9003318548202515,0.33944642543792725,0.000191983170225285,262144,229712,38340,93081.12809634794,25699.950893387242,173475,8277,23076,24884,0,0
P2,F3,13,test,t1,5,India_1068117,IND,1.0,0.1669601407894239,0.16696015073264703,0.8651314973831177,0.31369951367378235,0.0003176441532559693,262144,229712,38340,104125.89174357353,26404.988616060513,173475,8277,23076,24884,0,0
P2,F3,13,test,calibrated,6,India_1072277,IND,1.192337520819031,0.9378598111353579,0.9378598081604095,0.1439172923564911,0.023769967257976532,6.252997536648763e-06,262144,262142,136,107753.3261083991,22105.026397411348,239509,87,22497,49,0,0
P2,F3,13,test,t1,6,India_1072277,IND,1.0,0.8670330370315134,0.8670330308094218,0.08553998172283173,0.01380164921283722,8.223020813602488e-06,262144,262142,136,126498.75435294503,22342.05094051472,239509,87,22497,49,0,0
P2,F3,13,test,calibrated,7,India_118868,IND,1.192337520819031,0.8062891118984177,0.8062891158808442,0.564109742641449,0.15530909597873688,5.749589763581753e-05,159275,159275,1825,39155.47837918962,10629.268652992776,146874,1716,10576,109,0,0
P2,F3,13,test,t1,7,India_118868,IND,1.0,0.7220613659241112,0.7220613708867172,0.4724053740501404,0.12526938319206238,7.962567178765312e-05,159275,159275,1825,40632.87649545574,10873.108800073232,146874,1716,10576,109,0,0
P2,F3,13,test,calibrated,8,India_135434,IND,1.192337520819031,0.16624261816695485,0.16624257965122669,0.64168381690979,0.1919180154800415,6.789988401578739e-05,258866,117150,25361,13184.956735786527,3414.6497052634777,104405,2433,1606,8706,0,0
P2,F3,13,test,t1,8,India_135434,IND,1.0,0.11655628145158548,0.11655618836670845,0.5599889755249023,0.1612779051065445,0.0001074846150004305,258866,117150,25361,13687.00622070164,3461.2892982536937,104405,2433,1606,8706,0,0
P2,F3,13,test,calibrated,9,India_136196,IND,1.192337520819031,0.9305001318015043,0.9305001319451753,0.1807955950498581,0.03046477772295475,4.952144081471488e-06,262144,211744,164,2560.055995372809,140.53216921985626,211580,164,0,0,0,0
P2,F3,13,test,t1,9,India_136196,IND,1.0,0.8560392206148936,0.8560392269776669,0.11119487136602402,0.017737438902258873,6.417983058781829e-06,262144,211744,164,1295.0761434026222,117.14522241608331,211580,164,0,0,0,0
P2,F3,13,test,calibrated,10,India_164336,IND,1.192337520819031,0.9179373267032226,0.9179373277930705,0.2425951361656189,0.0460335835814476,7.414327683363808e-06,262144,259101,220,12114.05265641611,1997.703612646736,257052,168,1829,52,0,0
P2,F3,13,test,t1,10,India_164336,IND,1.0,0.8434508664184496,0.8434508663212059,0.16302600502967834,0.029456669464707375,1.0484305676072836e-05,262144,259101,220,11923.898546014041,1966.696608009196,257052,168,1829,52,0,0
P2,F3,13,test,calibrated,11,India_166709,IND,1.192337520819031,0.8499247710342566,0.8499247852537776,0.22898966073989868,0.04863370582461357,1.541682104289066e-05,262144,256894,414,39301.23816080285,8560.113366397978,247751,304,8729,110,0,0
P2,F3,13,test,t1,11,India_166709,IND,1.0,0.7404877116270883,0.7404877168784145,0.16087035834789276,0.03426843136548996,2.0973229766241275e-05,262144,256894,414,44623.96117493279,8687.744530738957,247751,304,8729,110,0,0
P2,F3,13,test,calibrated,12,India_177319,IND,1.192337520819031,0.7210185176959024,0.7210185314963692,0.20216423273086548,0.04459133744239807,6.08189293416217e-05,261409,256490,855,10988.476161220911,2089.8724433987463,254083,829,1552,26,0,0
P2,F3,13,test,t1,12,India_177319,IND,1.0,0.5661633833634191,0.5661633426925784,0.14276625216007233,0.03247172012925148,8.438478835159913e-05,261409,256490,855,10965.644305515823,2098.252183849364,254083,829,1552,26,0,0
P2,F3,13,test,calibrated,13,India_179238,IND,1.192337520819031,0.9999999999573707,1.0,0.11365173757076263,0.01588400825858116,1.301089696426061e-06,262144,192482,0,55479.01592625414,11344.203707532282,180890,0,11592,0,0,0
P2,F3,13,test,t1,13,India_179238,IND,1.0,0.9999999998975746,1.0,0.06094028428196907,0.0076464274898171425,1.120083993555454e-06,262144,192482,0,64827.938263439195,11470.14976760061,180890,0,11592,0,0,0
P2,F3,13,test,calibrated,14,India_180633,IND,1.192337520819031,0.12854151776036216,0.12854154544876395,0.934963583946228,0.36947518587112427,3.3271393476752564e-05,262144,164555,106285,42197.064543675166,12523.722428989127,74862,13930,3471,72292,0,0
P2,F3,13,test,t1,14,India_180633,IND,1.0,0.09947130702748352,0.09947134956896808,0.9104583859443665,0.34712857007980347,4.952151357429102e-05,262144,164555,106285,42162.18197337353,12757.7346657178,74862,13930,3471,72292,0,0
P2,F3,13,test,calibrated,15,India_207862,IND,1.192337520819031,0.7478694960393426,0.7478694937968728,0.3327597975730896,0.08032175153493881,2.3991031412151642e-05,262144,200115,1088,86859.04277685494,19841.77290718427,178502,585,20559,469,0,0
P2,F3,13,test,t1,15,India_207862,IND,1.0,0.6263368190594105,0.626336840437141,0.2537517547607422,0.060923077166080475,3.329271203256212e-05,262144,200115,1088,101309.3990290138,20212.098572505907,178502,585,20559,469,0,0
P2,F3,13,test,calibrated,16,India_244057,IND,1.192337520819031,0.9562880607187193,0.9562880609022364,0.14138206839561462,0.021869346499443054,3.250492682127515e-06,262144,160537,90,1573.3302983054873,23.25949534735115,160532,0,5,0,0,0
P2,F3,13,test,t1,16,India_244057,IND,1.0,0.9021637302125419,0.9021637289859155,0.0812998116016388,0.01179634127765894,4.0197155612986535e-06,262144,160537,90,679.0290930901169,8.784948707383604,160532,0,5,0,0,0
P2,F3,13,test,calibrated,17,India_25540,IND,1.192337520819031,0.9579530254214014,0.9579530272616458,0.13805656135082245,0.022207675501704216,5.79447487325524e-06,262144,188625,91,52904.4063158441,11131.353873090153,177058,8,11476,83,0,0
P2,F3,13,test,t1,17,India_25540,IND,1.0,0.9072551184049832,0.9072551202371125,0.08025406301021576,0.012603267095983028,7.757709681754932e-06,262144,188625,91,61723.13417476112,11277.878102456909,177058,8,11476,83,0,0
P2,F3,13,test,calibrated,18,India_265762,IND,1.192337520819031,0.9010213428874119,0.9010213414081719,0.15141239762306213,0.028115076944231987,9.794443030841649e-06,262144,147296,232,39645.469216887985,8177.51326385378,138676,87,8404,129,0,0
P2,F3,13,test,t1,18,India_265762,IND,1.0,0.8057746720887512,0.8057746838519938,0.09513290971517563,0.01824967935681343,1.3549813047575299e-05,262144,147296,232,46081.05432620817,8274.062714683523,138676,87,8404,129,0,0
P2,F3,13,test,calibrated,19,India_273873,IND,1.192337520819031,0.35657281966725207,0.3565728259003037,0.5374842286109924,0.1566440910100937,8.2841856055893e-05,262144,155608,7620,30426.53420518487,7371.325257167617,146711,3451,4950,496,0,0
P2,F3,13,test,t1,19,India_273873,IND,1.0,0.2666991321104346,0.2666991202026707,0.4573730230331421,0.13050925731658936,0.00013141200179234147,262144,155608,7620,34148.20978703774,7530.770640020089,146711,3451,4950,496,0,0
P2,F3,13,test,calibrated,20,India_285297,IND,1.192337520819031,0.2890998585480561,0.2890999220647812,0.6389565467834473,0.19496628642082214,5.761384454672225e-05,262144,245042,12115,140301.99166233407,33136.19662881219,202748,6288,30465,5541,0,0
P2,F3,13,test,t1,20,India_285297,IND,1.0,0.21728570551672222,0.2172856530766094,0.5609296560287476,0.16552899777889252,8.732057904126123e-05,262144,245042,12115,163188.14052275522,33863.78802464261,202748,6288,30465,5541,0,0
P2,F3,13,test,calibrated,21,India_287642,IND,1.192337520819031,0.5480171584094894,0.5480171338465891,0.6328405141830444,0.19268441200256348,8.031800098251551e-05,262144,115377,4604,61434.64769423391,15420.010066446268,97160,303,16942,972,0,0
P2,F3,13,test,t1,21,India_287642,IND,1.0,0.4527296715371687,0.452729706182855,0.5539979934692383,0.16344891488552094,0.00011817488848464563,262144,115377,4604,71512.80792863868,15852.086928935849,97160,303,16942,972,0,0
P2,F3,13,test,calibrated,22,India_324254,IND,1.192337520819031,0.8341175785624395,0.8341175810823742,0.1624147742986679,0.031689684838056564,1.580108073540032e-05,262144,262144,393,18842.22589112783,3740.994455944111,258018,243,3733,150,0,0
P2,F3,13,test,t1,22,India_324254,IND,1.0,0.701194523214675,0.7011945691695523,0.10552505403757095,0.021335603669285774,2.2880623873788863e-05,262144,262144,393,20428.37662277232,3780.365144833861,258018,243,3733,150,0,0
P2,F3,13,test,calibrated,23,India_373039,IND,1.192337520819031,0.9125769264403905,0.9125769190278834,0.22479930520057678,0.04399881511926651,1.1430746781115886e-05,262144,242783,244,10160.217468928213,1709.6595093867602,241031,243,1508,1,0,0
P2,F3,13,test,t1,23,India_373039,IND,1.0,0.8347822503831459,0.8347822598456226,0.15155555307865143,0.029098056256771088,1.5070635527081322e-05,262144,242783,244,9974.706914066901,1684.9213951227562,241031,243,1508,1,0,0
P2,F3,13,test,calibrated,24,India_383430,IND,1.192337520819031,0.287432780917697,0.2874327797485029,0.6059355139732361,0.18406586349010468,0.0001531827001599595,262144,251271,11325,128658.37880016217,29927.69173309689,209776,2267,30547,8681,0,0
P2,F3,13,test,t1,24,India_383430,IND,1.0,0.2155108989279848,0.21551094989118869,0.5275483727455139,0.15611721575260162,0.00024270187714137137,262144,251271,11325,149618.7799410128,30501.85032245396,209776,2267,30547,8681,0,0
P2,F3,13,test,calibrated,25,India_391908,IND,1.192337520819031,0.23627923173493692,0.23627923705890164,0.6729550957679749,0.2120366245508194,0.0001820791803766042,262144,211832,17102,80011.64876823215,19935.706655578728,179287,6556,16663,9326,0,0
P2,F3,13,test,t1,25,India_391908,IND,1.0,0.17621575610798546,0.1762157378529694,0.598474383354187,0.1825886368751526,0.0002965377934742719,262144,211832,17102,91267.61013432546,20419.376751513868,179287,6556,16663,9326,0,0
P2,F3,13,test,calibrated,26,India_399883,IND,1.192337520819031,0.11213294680869557,0.11213289044475383,0.9601145386695862,0.39712199568748474,3.8739930459996685e-05,262144,262119,154794,106452.476012681,33652.860845825606,93454,32373,13896,122396,0,0
P2,F3,13,test,t1,26,India_399883,IND,1.0,0.08833698331206086,0.0883369219227812,0.9443930387496948,0.3786746859550476,5.760009298683144e-05,262144,262119,154794,111272.99302226765,34720.02141229581,93454,32373,13896,122396,0,0
P2,F3,13,test,calibrated,27,India_44475,IND,1.192337520819031,0.9999999999594931,1.0,0.12039560079574585,0.017214547842741013,1.5465751630472369e-06,262144,260175,0,2429.3082989744125,26.67559208306636,260175,0,0,0,0,0
P2,F3,13,test,t1,27,India_44475,IND,1.0,0.9999999999042901,1.0,0.06561296433210373,0.008517203852534294,1.484181780142535e-06,262144,260175,0,1009.9509632330128,5.4163007998795045,260175,0,0,0,0,0
P2,F3,13,test,calibrated,28,India_500266,IND,1.192337520819031,0.5439685505887784,0.5439685596909727,0.3166065216064453,0.07880011945962906,5.108482946525328e-05,262144,262141,2267,158909.5730844924,35003.838623433214,223500,460,36374,1807,0,0
P2,F3,13,test,t1,28,India_500266,IND,1.0,0.40565555458205227,0.4056555605100297,0.24343708157539368,0.06101951003074646,7.789208757458255e-05,262144,262141,2267,186841.54199502218,35578.451228146376,223500,460,36374,1807,0,0
P2,F3,13,test,calibrated,29,India_533192,IND,1.192337520819031,0.25722022376499687,0.25722024686586187,0.9889495372772217,0.44602474570274353,1.84750824701041e-05,156878,120661,65786,46222.72350434298,13628.876861556691,63932,13485,3139,40105,0,0
P2,F3,13,test,t1,29,India_533192,IND,1.0,0.2216929753539173,0.22169294387120708,0.9843776226043701,0.43584495782852173,2.4509823560947552e-05,156878,120661,65786,44059.38893869094,13027.807978806532,63932,13485,3139,40105,0,0
P2,F3,13,test,calibrated,30,India_534470,IND,1.192337520819031,0.9141704843560681,0.914170490993086,0.14446058869361877,0.023335004225373268,6.067714366508881e-06,262144,250570,159,32993.51206283887,7127.528563964437,243061,75,7350,84,0,0
P2,F3,13,test,t1,30,India_534470,IND,1.0,0.8195994462581467,0.8195994453478838,0.0853610411286354,0.013194662518799305,8.220967174565885e-06,262144,250570,159,37440.13021707101,7239.513893103418,243061,75,7350,84,0,0
P2,F3,13,test,calibrated,31,India_56450,IND,1.192337520819031,0.9999999999576161,1.0,0.10843656212091446,0.014501681551337242,8.39636243199493e-07,262144,181248,0,2085.6352655183528,98.24364001269909,181166,0,82,0,0,0
P2,F3,13,test,t1,31,India_56450,IND,1.0,0.9999999998972975,1.0,0.05639015510678291,0.006573583465069532,5.814590053887514e-07,262144,181248,0,1162.4066580474,84.76162237533549,181166,0,82,0,0,0
P2,F3,13,test,calibrated,32,India_566697,IND,1.192337520819031,0.6194911147639596,0.6194911187459853,0.2158116102218628,0.04636814072728157,2.247432894364465e-05,262144,215703,1257,67408.29246365449,14551.002291459594,200280,704,14480,239,0,0
P2,F3,13,test,t1,32,India_566697,IND,1.0,0.4514678817772325,0.45146787433476276,0.150962233543396,0.03306916728615761,3.374979496584274e-05,262144,215703,1257,78556.68550394615,14764.31846086742,200280,704,14480,239,0,0
P2,F3,13,test,calibrated,33,India_570384,IND,1.192337520819031,0.21538243736828788,0.21538239676901538,0.4727831184864044,0.13280630111694336,8.778511255513877e-05,262144,242000,13019,39869.806536027914,9794.420126000372,224256,3196,8191,6357,0,0
P2,F3,13,test,t1,33,India_570384,IND,1.0,0.14812348458603675,0.1481234971595894,0.39303073287010193,0.10887744277715683,0.00014344044029712677,262144,242000,13019,44254.408598998634,10032.935976872293,224256,3196,8191,6357,0,0
P2,F3,13,test,calibrated,34,India_591317,IND,1.192337520819031,0.11549821417233119,0.11549819772898873,0.8929310441017151,0.3300575613975525,1.7996866517933086e-05,262144,246049,120628,55769.80347483442,15104.261854060393,119500,12510,5921,108118,0,0
P2,F3,13,test,t1,34,India_591317,IND,1.0,0.08755190945450819,0.08755190279631231,0.8549572229385376,0.30286893248558044,2.482204399711918e-05,262144,246049,120628,53170.09478760755,14810.805377755534,119500,12510,5921,108118,0,0
P2,F3,13,test,calibrated,35,India_591549,IND,1.192337520819031,0.9233247298457808,0.9233247352346785,0.13609860837459564,0.02339772880077362,9.045417755260132e-06,262144,245709,159,51653.551477029614,10712.805077155206,234588,67,10967,87,0,0
P2,F3,13,test,t1,35,India_591549,IND,1.0,0.8400752345463565,0.8400752308440903,0.08192828297615051,0.014229823835194111,1.2468205568438862e-05,262144,245709,159,59785.65265842587,10837.155816936061,234588,67,10967,87,0,0
P2,F3,13,test,calibrated,36,India_592446,IND,1.192337520819031,0.2535869626696129,0.25358695032938405,0.6101872324943542,0.18609677255153656,0.00011648534564301372,262144,224355,13518,18867.768247821823,5220.478921465528,211661,3650,3387,5657,0,0
P2,F3,13,test,t1,36,India_592446,IND,1.0,0.18769466078998653,0.18769462218140442,0.5327398777008057,0.15812741219997406,0.00018863625882659107,262144,224355,13518,19088.46306322976,5366.627390826241,211661,3650,3387,5657,0,0
P2,F3,13,test,calibrated,37,India_59460,IND,1.192337520819031,0.9999999999603688,1.0,0.1376258283853531,0.020183134824037552,1.3889899719288223e-06,262144,209353,0,3440.455319436657,328.51729058318483,209038,0,315,0,0,0
P2,F3,13,test,t1,37,India_59460,IND,1.0,0.9999999999070546,1.0,0.07746154814958572,0.010144665837287903,1.2218102938277298e-06,262144,209353,0,2496.2840035743816,311.69767616335315,209038,0,315,0,0,0
P2,F3,13,test,calibrated,38,India_624341,IND,1.192337520819031,0.8169578020245345,0.8169578110504616,0.13704819977283478,0.0236055850982666,1.0687546819099225e-05,262144,262142,377,16993.209523629394,3251.3621740872795,258645,273,3120,104,0,0
P2,F3,13,test,t1,38,India_624341,IND,1.0,0.6616578097590833,0.6616578234490877,0.0825670063495636,0.014382530935108662,1.607501326361671e-05,262144,262142,377,18297.390806148018,3278.2077479438253,258645,273,3120,104,0,0
P2,F3,13,test,calibrated,39,India_631692,IND,1.192337520819031,0.7484050111316605,0.7484050040692755,0.1788274198770523,0.03804735839366913,1.61318985192338e-05,262144,262144,737,4922.815604526424,792.4670741424578,260852,490,555,247,0,0
P2,F3,13,test,t1,39,India_631692,IND,1.0,0.5933870854591174,0.593387044061058,0.12166356295347214,0.027237027883529663,2.3862390662543476e-05,262144,262144,737,3750.682783684817,791.4997109904506,260852,490,555,247,0,0
P2,F3,13,test,calibrated,40,India_652725,IND,1.192337520819031,0.31267115102342835,0.31267115476045704,0.4915875792503357,0.13916346430778503,9.703822433948517e-05,262144,262094,8154,80137.85574090929,19371.10174422127,236249,4050,17691,4104,0,0
P2,F3,13,test,t1,40,India_652725,IND,1.0,0.2265664230988299,0.22656642471274357,0.4109255075454712,0.11445306986570358,0.00015248633280862123,262144,262094,8154,92090.92120361871,19829.362099384885,236249,4050,17691,4104,0,0
P2,F3,13,test,calibrated,41,India_664410,IND,1.192337520819031,0.2820539255335599,0.2820539746507251,0.5340314507484436,0.15807878971099854,0.00012910690566059202,262144,262142,10245,56396.446568537125,13814.4129379136,242149,6467,9748,3778,0,0
P2,F3,13,test,t1,41,India_664410,IND,1.0,0.20706450577269497,0.2070644813617638,0.4568013548851013,0.1327366977930069,0.00020548791508190334,262144,262142,10245,63652.560316786454,14156.916094142005,242149,6467,9748,3778,0,0
P2,F3,13,test,calibrated,42,India_691027,IND,1.192337520819031,0.3402523109189429,0.34025233948718037,0.4971170127391815,0.14734619855880737,0.0001426019734935835,262144,254034,7699,32581.25138488422,8020.468602081701,241044,4596,5299,3095,0,0
P2,F3,13,test,t1,42,India_691027,IND,1.0,0.25395952040473446,0.25395952877080985,0.4234652519226074,0.12397612631320953,0.0002254134597023949,262144,254034,7699,35544.22966306048,8209.257695132099,241044,4596,5299,3095,0,0
P2,F3,13,test,calibrated,43,India_698338,IND,1.192337520819031,0.5636318278797734,0.5636318324691814,0.3365890085697174,0.09005636721849442,3.635136818047613e-05,262144,227984,2371,28904.225447231176,7394.104043865207,217497,551,8286,1650,0,0
P2,F3,13,test,t1,43,India_698338,IND,1.0,0.4361379059816888,0.4361379024572226,0.267867773771286,0.07252457737922668,5.4631476814392954e-05,262144,227984,2371,32124.917383868218,7631.97271935014,217497,551,8286,1650,0,0
P2,F3,13,test,calibrated,44,India_70352,IND,1.192337520819031,0.18378000890586899,0.18377995719192253,0.7088720798492432,0.22649042308330536,0.0001007498794933781,262144,239229,26415,24172.17962243014,6592.295911418427,218292,7749,1047,12141,0,0
P2,F3,13,test,t1,44,India_70352,IND,1.0,0.13410487505279056,0.13410485498343994,0.6366016864776611,0.1960946023464203,0.00016628227604087442,262144,239229,26415,24143.11541830316,6761.783682964927,218292,7749,1047,12141,0,0
P2,F3,13,test,calibrated,45,India_707886,IND,1.192337520819031,0.21867206086949365,0.2186721222819601,0.45597031712532043,0.12806127965450287,0.00012518966104835272,262144,256881,12186,17067.813275800603,4781.918922520471,244683,6530,85,5583,0,0
P2,F3,13,test,t1,45,India_707886,IND,1.0,0.15052793397893094,0.15052794927448632,0.3789108693599701,0.10502585768699646,0.00020566338207572699,262144,256881,12186,17032.921683828383,4973.538897618214,244683,6530,85,5583,0,0
P2,F3,13,test,calibrated,46,India_73419,IND,1.192337520819031,0.8157830085927299,0.8157829983671261,0.15710009634494781,0.02839089371263981,1.3045439118286595e-05,262144,178934,400,28147.765517423933,5915.740586379126,172617,65,6108,144,0,0
P2,F3,13,test,t1,46,India_73419,IND,1.0,0.6659312079136186,0.6659312284818728,0.09860260039567947,0.01789323054254055,1.9309685740154237e-05,262144,178934,400,32218.05302402146,6002.314626822656,172617,65,6108,144,0,0
P2,F3,13,test,calibrated,47,India_747970,IND,1.192337520819031,0.2806419300820615,0.2806419036472685,0.4469856023788452,0.12376559525728226,9.076800051843747e-05,262144,246517,8766,17064.215070552236,4473.872595265844,237007,4503,1409,3598,0,0
P2,F3,13,test,t1,47,India_747970,IND,1.0,0.1966032789608987,0.19660326055384092,0.36829742789268494,0.10081691294908524,0.00014694542915094644,262144,246517,8766,17321.871852310564,4615.820054363243,237007,4503,1409,3598,0,0
P2,F3,13,test,calibrated,48,India_747992,IND,1.192337520819031,0.37908421566278694,0.3790841683521934,0.8860549330711365,0.3292458653450012,6.787460733903572e-05,262144,262087,15661,362135.9724990042,90582.06878899835,143988,777,102438,14884,0,0
P2,F3,13,test,t1,48,India_747992,IND,1.0,0.3170817013801047,0.31708172595105777,0.847021758556366,0.30265748500823975,0.00010067404218716547,262144,262087,15661,425289.4007214062,93250.55033356315,143988,777,102438,14884,0,0
P2,F3,13,test,calibrated,49,India_764946,IND,1.192337520819031,0.33460313950976306,0.33460311685993616,0.35218507051467896,0.09513402730226517,7.763834582874551e-05,262144,242502,5730,9530.151946587795,2391.1465721176414,236812,2544,780,2366,0,0
P2,F3,13,test,t1,49,India_764946,IND,1.0,0.23283110204027324,0.23283110247455974,0.28315919637680054,0.07689682394266129,0.00012470486399251968,262144,242502,5730,8808.01441264669,2461.737663634956,236812,2544,780,2366,0,0
P2,F3,13,test,calibrated,50,India_769408,IND,1.192337520819031,0.5172212888423411,0.517221235270699,0.3854398727416992,0.1018718034029007,5.285024963086471e-05,262144,175907,2987,33975.39893589844,8038.41498254738,165632,1693,7412,1170,0,0
P2,F3,13,test,t1,50,India_769408,IND,1.0,0.3937017496315173,0.39370181378660585,0.30803969502449036,0.08123041689395905,7.961691881064326e-05,262144,175907,2987,38409.56608892334,8195.738968996808,165632,1693,7412,1170,0,0
P2,F3,13,test,calibrated,51,India_772630,IND,1.192337520819031,0.9995933430881626,0.99959334312179,0.12602660059928894,0.018184738233685493,2.060434098893893e-06,262144,155332,1,7811.883104084847,1342.544781971409,153986,1,1345,0,0,0
P2,F3,13,test,t1,51,India_772630,IND,1.0,0.9990388329059792,0.9990388329744796,0.06943786144256592,0.009047049097716808,2.0616116671590135e-06,262144,155332,1,8162.759334234269,1343.148177462522,153986,1,1345,0,0,0
P2,F3,13,test,calibrated,52,India_773682,IND,1.192337520819031,0.39139358594487084,0.39139353795444654,0.2723616659641266,0.06764452159404755,3.0882409191690385e-05,262144,252793,3626,128100.82817213547,28662.4415608149,220340,1494,28827,2132,0,0
P2,F3,13,test,t1,52,India_773682,IND,1.0,0.2653655116203687,0.26536549838309775,0.20711342990398407,0.052554503083229065,4.829095632885583e-05,262144,252793,3626,150320.57930845374,29161.58415807823,220340,1494,28827,2132,0,0
P2,F3,13,test,calibrated,53,India_774689,IND,1.192337520819031,0.3687802869221877,0.36878029997683737,0.6469801068305969,0.19988210499286652,0.00014386928523890674,261156,237116,8693,57799.27179515196,14250.353576428432,215878,2481,13772,4985,0,0
P2,F3,13,test,t1,53,India_774689,IND,1.0,0.2872949382483694,0.28729491225470416,0.5700685977935791,0.17067602276802063,0.00021489421487785876,261156,237116,8693,65259.058782677224,14555.392417320458,215878,2481,13772,4985,0,0
P2,F3,13,test,calibrated,54,India_79637,IND,1.192337520819031,0.536656174704235,0.5366562119913019,0.315147340297699,0.06839661300182343,2.623012915137224e-05,262144,262144,2112,27943.446753562013,5703.67349643913,255456,1523,4576,589,0,0
P2,F3,13,test,t1,54,India_79637,IND,1.0,0.38289001486232965,0.38289005798079345,0.22905591130256653,0.048286937177181244,4.045828609378077e-05,262144,262144,2112,30496.761037790166,5743.655738497634,255456,1523,4576,589,0,0
P2,F3,13,test,calibrated,55,India_80221,IND,1.192337520819031,0.09542701376452345,0.09542697847355197,0.9027080535888672,0.33663150668144226,1.0281824870617129e-05,262144,151793,169241,51415.68077472865,15330.204958213306,18982,18305,730,113776,0,0
P2,F3,13,test,t1,55,India_80221,IND,1.0,0.07226250817093671,0.07226252867261662,0.8674737215042114,0.3099464178085327,1.4240858035918791e-05,262144,151793,169241,53357.260818813156,15702.209208671315,18982,18305,730,113776,0,0
P2,F3,13,test,calibrated,56,India_804466,IND,1.192337520819031,0.42163335707809335,0.42163339955523627,0.5054874420166016,0.14653898775577545,9.342729026684538e-05,262144,262134,5541,188893.83533962845,44068.27935831765,210489,1417,46104,4124,0,0
P2,F3,13,test,t1,56,India_804466,IND,1.0,0.32296111317331133,0.3229611048002372,0.4275081157684326,0.12192180007696152,0.00014518773241434246,262144,262134,5541,221797.71368366748,44965.591466142665,210489,1417,46104,4124,0,0
P2,F3,13,test,calibrated,57,India_828067,IND,1.192337520819031,0.3143511171522456,0.31435114017269106,0.47131502628326416,0.1371299773454666,0.00011560368147911504,262144,183120,8068,17990.63120275874,4813.4730465117045,172570,3556,2744,4250,0,0
P2,F3,13,test,t1,57,India_828067,IND,1.0,0.2296595364357732,0.22965952423676084,0.39733901619911194,0.11445192247629166,0.00018245929095428437,262144,183120,8068,18804.462850789085,4946.074214650374,172570,3556,2744,4250,0,0
P2,F3,13,test,calibrated,58,India_833266,IND,1.192337520819031,0.6304872226038325,0.6304872043785028,0.1968531310558319,0.04003449156880379,1.2727467037620954e-05,262144,219674,1142,78362.2128439131,16822.132551750925,201204,208,17328,934,0,0
P2,F3,13,test,t1,58,India_833266,IND,1.0,0.45324237816854085,0.4532423984218804,0.13295836746692657,0.02755819819867611,1.802770020731259e-05,262144,219674,1142,91561.09939426777,17063.702019330005,201204,208,17328,934,0,0
P2,F3,13,test,calibrated,59,India_842775,IND,1.192337520819031,0.9184545376085843,0.9184545393420219,0.14387336373329163,0.025904733687639236,6.324739388219314e-06,262144,246418,187,26722.49272441465,5562.163725671876,240430,59,5803,126,0,0
P2,F3,13,test,t1,59,India_842775,IND,1.0,0.8344608825635851,0.8344608936848503,0.08906364440917969,0.016385138034820557,8.363561391888652e-06,262144,246418,187,30002.25274491013,5648.257254381203,240430,59,5803,126,0,0
P2,F3,13,test,calibrated,60,India_869358,IND,1.192337520819031,0.3076047337194101,0.3076047023823981,0.31190744042396545,0.07871528714895248,8.688147499924526e-05,262144,262144,5778,22597.38057417608,5309.596137997365,253562,3532,2804,2246,0,0
P2,F3,13,test,t1,60,India_869358,IND,1.0,0.20306579679366088,0.20306578667321185,0.24104954302310944,0.06149709224700928,0.00014044019917491823,262144,262144,5778,24217.500294573823,5441.990202342686,253562,3532,2804,2246,0,0
P2,F3,13,test,calibrated,61,India_900498,IND,1.192337520819031,0.11792075480433106,0.11792075759778697,0.946297287940979,0.3812072277069092,5.1256130973342806e-05,262144,261992,131185,86604.24075146734,25588.760287005374,117790,20249,13165,110788,0,0
P2,F3,13,test,t1,61,India_900498,IND,1.0,0.09157505090146278,0.09157503189532246,0.9256587028503418,0.3604457676410675,7.919532799860463e-05,262144,261992,131185,88968.4109462918,25978.890719436,117790,20249,13165,110788,0,0
P2,F3,13,test,calibrated,62,India_91379,IND,1.192337520819031,0.3591025568332382,0.3591026632709433,0.48866263031959534,0.13897661864757538,7.337376882787794e-05,262144,262133,6855,100738.01167556153,24429.131340327407,230423,2116,24855,4739,0,0
P2,F3,13,test,t1,62,India_91379,IND,1.0,0.26471823976690056,0.26471823306954645,0.4093911051750183,0.11458082497119904,0.00011395476758480072,262144,262133,6855,116645.56743266144,24994.33938120739,230423,2116,24855,4739,0,0
P2,F3,13,test,calibrated,63,India_943439,IND,1.192337520819031,0.21233964749836298,0.2123396415968053,0.9144089221954346,0.35102739930152893,0.00017994431254919618,262144,250096,39888,81872.48829751277,23845.61185412853,191822,10665,20023,27586,0,0
P2,F3,13,test,t1,63,India_943439,IND,1.0,0.17015903604176197,0.170159035658071,0.8833894729614258,0.3265007436275482,0.0002882913686335087,262144,250096,39888,89885.70340709129,24587.111418577406,191822,10665,20023,27586,0,0
P2,F3,13,test,calibrated,64,India_952728,IND,1.192337520819031,0.4646644273046794,0.46466439793925673,0.3192184567451477,0.07917479425668716,6.273543840507045e-05,262144,188716,2990,23443.446141533095,5178.132090931566,181932,936,4836,1012,0,0
P2,F3,13,test,t1,64,India_952728,IND,1.0,0.3318739470659454,0.3318739599171092,0.24586886167526245,0.061143144965171814,9.699985821498558e-05,262144,188716,2990,26013.9291275855,5262.028252341066,181932,936,4836,1012,0,0
P2,F3,13,test,calibrated,65,India_956930,IND,1.192337520819031,0.27701195056733274,0.27701196921052884,0.6112536787986755,0.18460027873516083,0.0001305965706706047,262144,237130,12146,135173.84479219918,32409.4130915579,193537,3497,32012,8084,0,0
P2,F3,13,test,t1,65,India_956930,IND,1.0,0.2057757665830311,0.20577576075038084,0.5321947932243347,0.15608780086040497,0.00020685404888354242,262144,237130,12146,157342.8327157098,33083.89695546556,193537,3497,32012,8084,0,0
P2,F3,13,test,calibrated,66,India_979278,IND,1.192337520819031,0.5603948397196326,0.5603948750984873,0.9188151359558105,0.3556678295135498,6.62749371258542e-05,124051,105990,8137,19173.379769743537,4502.165441933098,96956,3597,1738,3699,0,0
P2,F3,13,test,t1,66,India_979278,IND,1.0,0.48133493135818617,0.4813349435455647,0.8892351984977722,0.33176037669181824,9.524742199573666e-05,124051,105990,8137,16728.935721917544,4158.067165325515,96956,3597,1738,3699,0,0
P2,F3,13,test,calibrated,67,India_981708,IND,1.192337520819031,0.6853453246256432,0.6853453247758343,0.34255990386009216,0.08166208118200302,6.47066262899898e-05,222572,219993,2061,45232.139150913295,11074.18838984517,207753,1894,10299,47,0,0
P2,F3,13,test,t1,67,India_981708,IND,1.0,0.5443425244972553,0.5443425029053222,0.25874629616737366,0.06148405373096466,9.157139720628038e-05,222572,219993,2061,49665.44311147969,11316.467625857853,207753,1894,10299,47,0,0
P2,F3,13,test,calibrated,68,Paraguay_1019808,PRY,1.192337520819031,0.8861578732968423,0.8861578715188412,0.12979759275913239,0.021184049546718597,5.010557742934907e-06,262144,262144,226,21730.622840342538,4690.090085880829,256966,8,4952,218,0,0
P2,F3,13,test,t1,68,Paraguay_1019808,PRY,1.0,0.7678201792464061,0.7678201572302269,0.07573382556438446,0.01226259395480156,7.032349003566196e-06,262144,262144,226,24001.817334806958,4775.371567194814,256966,8,4952,218,0,0
P2,F3,13,test,calibrated,69,Paraguay_1029042,PRY,1.192337520819031,0.13312801930155516,0.13312800207335385,0.9123672246932983,0.3493851125240326,7.41111725801602e-05,262144,223004,77976,37806.69687062733,10740.687453511018,147714,14093,1153,60044,0,0
P2,F3,13,test,t1,69,Paraguay_1029042,PRY,1.0,0.10198913717798042,0.10198920686374513,0.8807278871536255,0.32468679547309875,0.00011715554865077138,262144,223004,77976,35844.118798092364,10757.844248847752,147714,14093,1153,60044,0,0
P2,F3,13,test,calibrated,70,Paraguay_1029191,PRY,1.192337520819031,0.13926563640962697,0.13926561498471146,0.8851546049118042,0.32750266790390015,8.455345960101113e-05,262144,253937,63964,38600.41818515853,11055.774273606025,188998,14603,1174,49162,0,0
P2,F3,13,test,t1,70,Paraguay_1029191,PRY,1.0,0.10536306098200687,0.1053630828083002,0.8456407785415649,0.3005872368812561,0.00013633989146910608,262144,253937,63964,37138.222139565405,11211.642112090463,188998,14603,1174,49162,0,0
P2,F3,13,test,calibrated,71,Paraguay_1056717,PRY,1.192337520819031,0.22769771651148418,0.22769773321842146,0.4530012607574463,0.1256733238697052,0.00012934417463839054,262144,262144,11519,25950.40935357844,7012.71107871442,249417,7681,1208,3838,0,0
P2,F3,13,test,t1,71,Paraguay_1056717,PRY,1.0,0.15638469474313887,0.15638469691196444,0.3736622929573059,0.10246480256319046,0.0002114714152412489,262144,262144,11519,27527.773499766154,7261.851506838269,249417,7681,1208,3838,0,0
P2,F3,13,test,calibrated,72,Paraguay_1076204,PRY,1.192337520819031,0.2478047487359436,0.24780477770972775,0.3003164529800415,0.07072659581899643,3.8541613321285695e-05,262144,262144,7660,19301.577597072264,4273.540683262558,254282,4833,202,2827,0,0
P2,F3,13,test,t1,72,Paraguay_1076204,PRY,1.0,0.15412494684456535,0.15412498105945294,0.22460785508155823,0.05301826447248459,6.204765668371692e-05,262144,262144,7660,19981.37462646133,4360.4402537238575,254282,4833,202,2827,0,0
P2,F3,13,test,calibrated,73,Paraguay_11869,PRY,1.192337520819031,0.45498384304932704,0.4549838344062411,0.18512898683547974,0.03876839205622673,4.284691021894105e-05,262144,257933,2114,7175.240855727528,1392.0865825693559,256019,1692,22,200,0,0
P2,F3,13,test,t1,73,Paraguay_11869,PRY,1.0,0.2916040472939967,0.291604043114171,0.1264764815568924,0.027323946356773376,6.780610419809818e-05,262144,257933,2114,6450.766519744839,1418.7365409058302,256019,1692,22,200,0,0
P2,F3,13,test,calibrated,74,Paraguay_126224,PRY,1.192337520819031,0.2416505023968757,0.24165054680111187,0.8297662734985352,0.2912551164627075,0.00011082175478804857,262144,262144,24368,530453.5587398105,122109.98404103357,111920,5842,125856,18526,0,0
P2,F3,13,test,t1,74,Paraguay_126224,PRY,1.0,0.18937360678906645,0.1893736242865517,0.7770107388496399,0.26198887825012207,0.0001781439787009731,262144,262144,24368,626214.4135544961,124628.79757381517,111920,5842,125856,18526,0,0
P2,F3,13,test,calibrated,75,Paraguay_12870,PRY,1.192337520819031,0.2697615173701833,0.2697615034792523,0.48752301931381226,0.13608455657958984,1.999254891416058e-05,262144,262144,9874,27991.194046051925,7833.718949046733,252270,9874,0,0,0,0
P2,F3,13,test,t1,75,Paraguay_12870,PRY,1.0,0.19008518061569502,0.19008521433360626,0.40558135509490967,0.11109625548124313,3.025467594852671e-05,262144,262144,9874,29801.433179502947,8141.036356805227,252270,9874,0,0,0,0
P2,F3,13,test,calibrated,76,Paraguay_148318,PRY,1.192337520819031,0.3855251608417751,0.3855251899784393,0.23768052458763123,0.055188000202178955,3.985063449363224e-05,262144,240076,3358,6558.424868452363,1408.04805621671,236352,1495,366,1863,0,0
P2,F3,13,test,t1,76,Paraguay_148318,PRY,1.0,0.25034652994641227,0.25034653754423675,0.17354969680309296,0.041332781314849854,6.343270797515288e-05,262144,240076,3358,5629.232604396684,1434.5394745680715,236352,1495,366,1863,0,0
P2,F3,13,test,calibrated,77,Paraguay_149787,PRY,1.192337520819031,0.14265378777622495,0.14265375259309288,0.7977772355079651,0.27137458324432373,0.00010763538011815399,262144,262144,45994,30109.161413498015,8162.147384201246,213469,8584,2681,37410,0,0
P2,F3,13,test,t1,77,Paraguay_149787,PRY,1.0,0.10454857049038846,0.10454853930315977,0.7383850812911987,0.24107973277568817,0.00017408339772373438,262144,262144,45994,28772.25779278074,8256.60090378306,213469,8584,2681,37410,0,0
P2,F3,13,test,calibrated,78,Paraguay_149830,PRY,1.192337520819031,0.33440586260426564,0.33440590200828624,0.23959612846374512,0.05724990740418434,1.6212847185670398e-05,262144,260440,4268,8744.466768765635,2048.686536371267,256243,2290,488,1419,0,0
P2,F3,13,test,t1,78,Paraguay_149830,PRY,1.0,0.21342080023876275,0.213420809518598,0.17738288640975952,0.043626733124256134,2.502146344340872e-05,262144,260440,4268,8103.344132521126,2123.024347640419,256243,2290,488,1419,0,0
P2,F3,13,test,calibrated,79,Paraguay_153941,PRY,1.192337520819031,0.4913870952502165,0.491387105834326,0.26500213146209717,0.06077583134174347,3.1514326110482216e-05,262144,262144,2324,10671.331954899848,2388.5863540132295,259203,2300,617,24,0,0
P2,F3,13,test,t1,79,Paraguay_153941,PRY,1.0,0.3408695081670805,0.34086948641542303,0.1946229487657547,0.044935740530490875,4.787801663042046e-05,262144,262144,2324,10275.004808523936,2442.712922772506,259203,2300,617,24,0,0
P2,F3,13,test,calibrated,80,Paraguay_172476,PRY,1.192337520819031,0.2661095461024594,0.26610957023886217,0.5395187735557556,0.15855972468852997,8.845274714985862e-05,262144,262143,11253,22134.982903427008,6499.045986135189,250609,8719,281,2534,0,0
P2,F3,13,test,t1,80,Paraguay_172476,PRY,1.0,0.19332694487089563,0.1933269898819402,0.4610009789466858,0.13262169063091278,0.00014118551916908473,262144,262143,11253,22742.04959212631,6778.4757948758715,250609,8719,281,2534,0,0
P2,F3,13,test,calibrated,81,Paraguay_179624,PRY,1.192337520819031,0.7011353260633792,0.7011353162836665,0.32442957162857056,0.07684600353240967,1.2703142601822037e-05,262144,262109,1228,6064.576269310413,1027.0699776770418,260839,1228,42,0,0,0
P2,F3,13,test,t1,81,Paraguay_179624,PRY,1.0,0.5666282988485944,0.5666282870660729,0.24495376646518707,0.05763564631342888,1.800196878321003e-05,262144,262109,1228,4528.542236669289,986.4910751464596,260839,1228,42,0,0,0
P2,F3,13,test,calibrated,82,Paraguay_191503,PRY,1.192337520819031,0.9293368036167889,0.9293368035111514,0.21413679420948029,0.042419590055942535,5.275172952678986e-06,262144,262144,177,3783.2666107388104,314.82760316294303,261877,177,90,0,0,0
P2,F3,13,test,t1,82,Paraguay_191503,PRY,1.0,0.863588348476964,0.863588344727362,0.14610686898231506,0.028324075043201447,6.5131280280184e-06,262144,262144,177,2306.9252029251415,265.19643464045964,261877,177,90,0,0,0
P2,F3,13,test,calibrated,83,Paraguay_198534,PRY,1.192337520819031,0.17305650957817986,0.17305653265094956,0.7420451045036316,0.23851974308490753,5.831898670294322e-05,262144,195487,29781,47075.70514788107,14959.761540110403,176356,19131,0,0,0,0
P2,F3,13,test,t1,83,Paraguay_198534,PRY,1.0,0.12731489608993285,0.12731483163468993,0.6720088124275208,0.20690704882144928,9.124280040850863e-05,262144,195487,29781,52253.60619771227,15774.435063093268,176356,19131,0,0,0,0
P2,F3,13,test,calibrated,84,Paraguay_205585,PRY,1.192337520819031,0.9999999999568532,1.0,0.1080859825015068,0.014417799189686775,7.302709263967699e-07,262144,262144,0,2329.189604427541,22.86732759845428,262144,0,0,0,0,0
P2,F3,13,test,t1,84,Paraguay_205585,PRY,1.0,0.9999999998949527,1.0,0.05611235275864601,0.006510471925139427,4.729436113848351e-07,262144,262144,0,954.0099724389737,4.099674118911467,262144,0,0,0,0,0
P2,F3,13,test,calibrated,85,Paraguay_212687,PRY,1.192337520819031,0.999999999962019,1.0,0.14811572432518005,0.0220769252628088,1.6343279867214733e-06,262144,262144,0,62184.052202454404,14685.978914935795,246836,0,15308,0,0,0
P2,F3,13,test,t1,85,Paraguay_212687,PRY,1.0,0.9999999999119951,1.0,0.08436278998851776,0.011281842365860939,1.6773540210124338e-06,262144,262144,0,72122.78013873076,14989.203078260667,246836,0,15308,0,0,0
P2,F3,13,test,calibrated,86,Paraguay_215904,PRY,1.192337520819031,0.4727700268197972,0.47276999258965,0.29132020473480225,0.07372168451547623,1.83864394784905e-05,262144,226308,2861,8100.334829523623,2050.0096518599134,223447,2861,0,0,0,0
P2,F3,13,test,t1,86,Paraguay_215904,PRY,1.0,0.33790814870938035,0.33790812743275034,0.22455525398254395,0.05777861550450325,2.7399710234021768e-05,262144,226308,2861,7376.179360325479,2119.666185187187,223447,2861,0,0,0,0
P2,F3,13,test,calibrated,87,Paraguay_224845,PRY,1.192337520819031,0.916961013890276,0.916961016456598,0.6450780034065247,0.18943776190280914,5.04492963955272e-05,109183,103920,730,8465.613548867981,671.5053983442626,103920,0,0,0,0,0
P2,F3,13,test,t1,87,Paraguay_224845,PRY,1.0,0.8800272009244262,0.880027203556826,0.5594713687896729,0.15761524438858032,7.00241289450787e-05,109183,103920,730,5394.868742317306,289.87465348161555,103920,0,0,0,0,0
P2,F3,13,test,calibrated,88,Paraguay_225187,PRY,1.192337520819031,0.7304775978900795,0.7304776149796075,0.3321194350719452,0.07677491754293442,1.4612266568292398e-05,262144,262144,1151,5897.373331706203,909.0597158366314,260946,1151,47,0,0,0
P2,F3,13,test,t1,88,Paraguay_225187,PRY,1.0,0.5978353517164536,0.5978353405941235,0.24928857386112213,0.05658925324678421,2.009630588872824e-05,262144,262144,1151,4197.0702543138505,862.6011684036775,260946,1151,47,0,0,0
P2,F3,13,test,calibrated,89,Paraguay_232281,PRY,1.192337520819031,0.5885747351706548,0.5885747328048558,0.22555211186408997,0.054690342396497726,8.731192792765796e-05,261391,261391,1617,141399.8068473995,29813.736093221785,230401,1586,29373,31,0,0
P2,F3,13,test,t1,89,Paraguay_232281,PRY,1.0,0.4344076016553742,0.4344075966446016,0.16747640073299408,0.042134370654821396,0.00012530495587270707,261391,261391,1617,166360.13117216993,30184.893319740848,230401,1586,29373,31,0,0
P2,F3,13,test,calibrated,90,Paraguay_24341,PRY,1.192337520819031,0.14001072046441276,0.1400106785543126,0.948277473449707,0.3843015432357788,4.296717816032469e-05,262144,262144,90685,63317.47580850141,19377.03670105685,168540,25251,2919,65434,0,0
P2,F3,13,test,t1,90,Paraguay_24341,PRY,1.0,0.11007494986891131,0.11007493040280358,0.9283885359764099,0.36404892802238464,6.60465593682602e-05,262144,262144,90685,63438.547624663115,19852.73329023085,168540,25251,2919,65434,0,0
P2,F3,13,test,calibrated,91,Paraguay_246154,PRY,1.192337520819031,0.9999999999584566,1.0,0.12077277898788452,0.017693985253572464,1.6301113419103785e-06,262144,262144,0,2570.2043608575927,73.00991379001084,262108,0,36,0,0,0
P2,F3,13,test,t1,91,Paraguay_246154,PRY,1.0,0.9999999999019408,1.0,0.06680749356746674,0.009034172631800175,1.5946532130328706e-06,262144,262144,0,1197.6862233471097,49.96564718958363,262108,0,36,0,0,0
P2,F3,13,test,calibrated,92,Paraguay_247656,PRY,1.192337520819031,0.14229828187047833,0.1422982215579146,0.5021724104881287,0.14270776510238647,7.095791806932539e-05,262144,262144,25172,16557.343639795363,3979.3806492839894,236317,4851,655,20321,0,0
P2,F3,13,test,t1,92,Paraguay_247656,PRY,1.0,0.09441588659773248,0.09441589025342156,0.42120644450187683,0.11753157526254654,0.0001163715060101822,262144,262144,25172,15247.06073491403,4041.731802119777,236317,4851,655,20321,0,0
P2,F3,13,test,calibrated,93,Paraguay_252217,PRY,1.192337520819031,0.7328709227283947,0.7328709321741176,0.2003256380558014,0.043231796473264694,2.7585250791162252e-05,262144,255778,826,4596.058125831223,641.296714207859,254915,563,264,36,0,0
P2,F3,13,test,t1,93,Paraguay_252217,PRY,1.0,0.57849235689833,0.5784923334991412,0.1387949287891388,0.031093308702111244,4.0747090679360554e-05,262144,255778,826,3405.618139426952,629.8965427474411,254915,563,264,36,0,0
P2,F3,13,test,calibrated,94,Paraguay_271769,PRY,1.192337520819031,0.48337633004189684,0.4833763584697014,0.6890856027603149,0.2131904512643814,0.00011564214219106361,262144,262144,6677,18240.874982816385,4543.848768250355,254590,4941,877,1736,0,0
P2,F3,13,test,t1,94,Paraguay_271769,PRY,1.0,0.3901804438987133,0.39018040770764373,0.6118967533111572,0.18187057971954346,0.00018079174333252013,262144,262144,6677,16675.200583145346,4480.866243074079,254590,4941,877,1736,0,0
P2,F3,13,test,calibrated,95,Paraguay_280900,PRY,1.192337520819031,0.24022907212678957,0.24022905552743945,0.5918570756912231,0.17813436686992645,0.00013427958765532821,262144,262142,14120,31037.724023246923,8702.820576595708,246171,9386,1851,4734,0,0
P2,F3,13,test,t1,95,Paraguay_280900,PRY,1.0,0.1754133961775689,0.1754134210073316,0.5129416584968567,0.15047496557235718,0.0002174414839828387,262144,262142,14120,32955.843822747,9009.558468716634,246171,9386,1851,4734,0,0
P2,F3,13,test,calibrated,96,Paraguay_284928,PRY,1.192337520819031,0.6253488362959461,0.6253488126786595,0.32610926032066345,0.08050183206796646,8.773267472861335e-05,261368,261368,1753,6236.771603443645,1225.4056526192007,259615,1753,0,0,0,0
P2,F3,13,test,t1,96,Paraguay_284928,PRY,1.0,0.48720606610205,0.4872060853225787,0.2508021593093872,0.06196722760796547,0.00012466261978261173,261368,261368,1753,4803.377452662804,1216.532231374237,259615,1753,0,0,0,0
P2,F3,13,test,calibrated,97,Paraguay_305760,PRY,1.192337520819031,0.8259735370255874,0.8259735432274079,0.16667155921459198,0.031780023127794266,9.767502888280433e-06,262144,262144,419,214351.26750623266,43187.109328650185,218002,351,43723,68,0,0
P2,F3,13,test,t1,97,Paraguay_305760,PRY,1.0,0.6872512851595598,0.6872513104720889,0.10714636743068695,0.020984435454010963,1.402214456902584e-05,262144,262144,419,253525.12132508872,43618.641144879875,218002,351,43723,68,0,0
P2,F3,13,test,calibrated,98,Paraguay_339807,PRY,1.192337520819031,0.1597884541603538,0.15978847528390738,0.9396957755088806,0.37478089332580566,9.089655941352248e-05,262144,214619,73187,44869.53943781063,13165.677598592027,142868,13708,4729,53314,0,0
P2,F3,13,test,t1,98,Paraguay_339807,PRY,1.0,0.12615026957040765,0.1261502569986812,0.9168292880058289,0.3531855344772339,0.0001436062011634931,262144,214619,73187,44123.41793988301,13284.004164605596,142868,13708,4729,53314,0,0
P2,F3,13,test,calibrated,99,Paraguay_36015,PRY,1.192337520819031,0.6028786056571565,0.6028786047114437,0.28079962730407715,0.06268377602100372,1.2526515092758927e-05,262144,262139,1619,6056.247498435694,1158.526088573172,260520,1619,0,0,0,0
P2,F3,13,test,t1,99,Paraguay_36015,PRY,1.0,0.4456090589161852,0.44560905789824246,0.20436668395996094,0.04541677236557007,1.7595406461623497e-05,262144,262139,1619,4732.560663542494,1168.2505949118026,260520,1619,0,0,0,0
P2,F3,13,test,calibrated,100,Paraguay_36146,PRY,1.192337520819031,0.9999999999596254,1.0,0.13669514656066895,0.020860975608229637,2.2108067696535727e-06,262144,262144,0,2500.5464608856455,44.117922326811104,262144,0,0,0,0,0
P2,F3,13,test,t1,100,Paraguay_36146,PRY,1.0,0.9999999999061782,1.0,0.07858649641275406,0.011049595661461353,2.182105617976049e-06,262144,262144,0,1075.1813954885884,16.846587490900173,262144,0,0,0,0,0
P2,F3,13,test,calibrated,101,Paraguay_403081,PRY,1.192337520819031,0.5131538285649632,0.5131538080558262,0.15472367405891418,0.029022881761193275,2.1328056391212158e-05,262144,249836,1487,4531.163696844987,614.2307826523162,248134,500,215,987,0,0
P2,F3,13,test,t1,101,Paraguay_403081,PRY,1.0,0.3290720441518231,0.32907196538265615,0.09803558886051178,0.018977686762809753,3.417256448301487e-05,262144,249836,1487,3431.104140625258,604.5490593295735,248134,500,215,987,0,0
P2,F3,13,test,calibrated,102,Paraguay_40936,PRY,1.192337520819031,0.9614370506884382,0.9614370525999826,0.14336295425891876,0.024149887263774872,4.153005193074932e-06,262144,215331,86,2270.217453541509,96.42653494064683,215245,86,0,0,0,0
P2,F3,13,test,t1,102,Paraguay_40936,PRY,1.0,0.9159326955046282,0.9159327090638772,0.08586642146110535,0.014335592277348042,5.231730938248802e-06,262144,215331,86,1076.3114319602134,71.76254650392715,215245,86,0,0,0,0
P2,F3,13,test,calibrated,103,Paraguay_44682,PRY,1.192337520819031,0.5465848819989221,0.5465848837262169,0.20569126307964325,0.04800991714000702,1.3555668374465313e-05,262144,262144,1717,6459.7280616946055,1357.520025374323,259728,1107,699,610,0,0
P2,F3,13,test,t1,103,Paraguay_44682,PRY,1.0,0.38639112773881135,0.3863911843768255,0.1487644761800766,0.03626516833901405,1.969243385246955e-05,262144,262144,1717,5541.285090196299,1388.0201465940097,259728,1107,699,610,0,0
P2,F3,13,test,calibrated,104,Paraguay_470303,PRY,1.192337520819031,0.3958750711235539,0.39587508140861427,0.25374260544776917,0.06246253848075867,2.4378965463256463e-05,262144,262144,3464,34063.11703614712,7664.724433194162,250921,777,7759,2687,0,0
P2,F3,13,test,t1,104,Paraguay_470303,PRY,1.0,0.2653026706998789,0.2653026500061414,0.19144412875175476,0.048359811305999756,3.789317634073086e-05,262144,262144,3464,38247.85472330008,7821.089919515052,250921,777,7759,2687,0,0
P2,F3,13,test,calibrated,105,Paraguay_482517,PRY,1.192337520819031,0.1141051208210766,0.11410513522346,0.6478715538978577,0.1958455741405487,6.808547186665237e-05,262144,259600,50507,27245.186111646846,6518.659859064579,206399,5749,2694,44758,0,0
P2,F3,13,test,t1,105,Paraguay_482517,PRY,1.0,0.07702403619646236,0.07702407828957791,0.5674827098846436,0.165428027510643,0.00011161703878315166,262144,259600,50507,25678.572249216893,6532.2817499042485,206399,5749,2694,44758,0,0
P2,F3,13,test,calibrated,106,Paraguay_48673,PRY,1.192337520819031,0.5206798031419605,0.5206797950876274,0.3861035704612732,0.10545846819877625,4.0259561501443386e-05,262144,262144,3109,9059.403815399914,2173.427499693334,258960,3051,75,58,0,0
P2,F3,13,test,t1,106,Paraguay_48673,PRY,1.0,0.4001134217272365,0.40011341680934565,0.3133319616317749,0.08559827506542206,6.0457070503616706e-05,262144,262144,3109,7890.940572251033,2205.571574470647,258960,3051,75,58,0,0
P2,F3,13,test,calibrated,107,Paraguay_511199,PRY,1.192337520819031,0.39221417364703703,0.3922141617070376,0.5510445237159729,0.16049717366695404,5.357302143238485e-05,262144,262144,6720,32334.096638022846,8638.446879054825,247731,2869,7693,3851,0,0
P2,F3,13,test,t1,107,Paraguay_511199,PRY,1.0,0.29857329881860606,0.29857325203016727,0.4701826870441437,0.13358677923679352,8.271061960840598e-05,262144,262144,6720,34849.25680739202,8874.758168157234,247731,2869,7693,3851,0,0
P2,F3,13,test,calibrated,108,Paraguay_54421,PRY,1.192337520819031,0.6627312464129402,0.6627312262996461,0.20353935658931732,0.04191872477531433,1.4005822777107824e-05,262144,262144,1010,4875.370494431338,795.8553654962946,261095,1009,39,1,0,0
P2,F3,13,test,t1,108,Paraguay_54421,PRY,1.0,0.4911037447931441,0.4911037356864132,0.13919959962368011,0.029041724279522896,1.9756580513785593e-05,262144,262144,1010,3620.525342943646,796.0947682710395,261095,1009,39,1,0,0
P2,F3,13,test,calibrated,109,Paraguay_581976,PRY,1.192337520819031,0.2295191073069568,0.22951911380016554,0.7882435917854309,0.26589927077293396,8.172241359716281e-05,261748,261748,22767,529763.6907907181,121916.83903487129,111011,2148,127970,20619,0,0
P2,F3,13,test,t1,109,Paraguay_581976,PRY,1.0,0.17698640037258995,0.17698639345887002,0.7268970012664795,0.23540130257606506,0.00012502695608418435,261748,261748,22767,626155.2332590705,124248.97949412074,111011,2148,127970,20619,0,0
P2,F3,13,test,calibrated,110,Paraguay_59731,PRY,1.192337520819031,0.24807682371678863,0.2480768114301526,0.2913697361946106,0.07337502390146255,8.226117643062025e-05,262144,255656,7328,10922.556250917474,2431.0652912139303,249767,3119,21,2749,0,0
P2,F3,13,test,t1,110,Paraguay_59731,PRY,1.0,0.15816232204976421,0.15816227499460245,0.22413106262683868,0.05734342336654663,0.0001343648909823969,262144,255656,7328,10400.478628341807,2486.9863040139376,249767,3119,21,2749,0,0
P2,F3,13,test,calibrated,111,Paraguay_605682,PRY,1.192337520819031,0.23752699743762318,0.23752701005671017,0.860769510269165,0.31377577781677246,5.264677383820526e-05,262144,262144,27068,183130.47232549623,48979.61635508155,182193,4511,52883,22557,0,0
P2,F3,13,test,t1,111,Paraguay_605682,PRY,1.0,0.18781663242214175,0.18781664167693757,0.8157932758331299,0.28636497259140015,8.184746548067778e-05,262144,262144,27068,211548.86433867758,50503.29686213657,182193,4511,52883,22557,0,0
P2,F3,13,test,calibrated,112,Paraguay_62897,PRY,1.192337520819031,0.5206813950523781,0.5206813813290088,0.41990458965301514,0.11074132472276688,1.2479334145609755e-05,262144,262144,3199,152254.1849762475,37137.49463992708,219840,1162,39105,2037,0,0
P2,F3,13,test,t1,112,Paraguay_62897,PRY,1.0,0.3978629817331901,0.3978629668285685,0.3378103971481323,0.08796585351228714,1.786276334314607e-05,262144,262144,3199,178320.83930139965,38050.36108566223,219840,1162,39105,2037,0,0
P2,F3,13,test,calibrated,113,Paraguay_648632,PRY,1.192337520819031,0.38919187379279807,0.3891918832873421,0.3817790150642395,0.10048077255487442,4.010337943327613e-05,262144,262144,4772,82267.80978743656,17388.81260031908,241320,2430,16052,2342,0,0
P2,F3,13,test,t1,113,Paraguay_648632,PRY,1.0,0.27764254214784345,0.27764251482973723,0.3038065731525421,0.0799790620803833,6.297077925410122e-05,262144,262144,4772,95034.93011934533,17594.850107696908,241320,2430,16052,2342,0,0
P2,F3,13,test,calibrated,114,Paraguay_651904,PRY,1.192337520819031,0.12522851896795795,0.12522851958328485,0.4266875982284546,0.11513092368841171,5.118034823681228e-05,262144,262144,25680,39913.60856158266,9973.75194199418,229909,5079,6555,20601,0,0
P2,F3,13,test,t1,114,Paraguay_651904,PRY,1.0,0.07936343170084315,0.07936348133138127,0.34642454981803894,0.09261885285377502,8.440676901955158e-05,262144,262144,25680,43424.00816899117,10220.044579164198,229909,5079,6555,20601,0,0
P2,F3,13,test,calibrated,115,Paraguay_657443,PRY,1.192337520819031,0.15004987977473538,0.15004989166989846,0.9446559548377991,0.3801586329936981,0.00010456110612722114,262144,262144,81071,51224.56441488137,14935.420884813615,178387,18783,2686,62288,0,0
P2,F3,13,test,t1,115,Paraguay_657443,PRY,1.0,0.11832700069195556,0.11832703111343912,0.9234963059425354,0.359310507774353,0.00016471053822897375,262144,262144,81071,49525.340602287615,15023.4259048489,178387,18783,2686,62288,0,0
P2,F3,13,test,calibrated,116,Paraguay_683296,PRY,1.192337520819031,0.20290780344011494,0.20290780494469296,0.23675784468650818,0.05320848152041435,5.2738138037966564e-05,262144,259578,8382,16384.11513592292,3784.5244483872407,249425,2744,1771,5638,0,0
P2,F3,13,test,t1,116,Paraguay_683296,PRY,1.0,0.11800666183086805,0.11800663113106968,0.17045871913433075,0.03900701552629471,8.498451643390581e-05,262144,259578,8382,16863.278223576523,3891.786536349296,249425,2744,1771,5638,0,0
P2,F3,13,test,calibrated,117,Paraguay_721886,PRY,1.192337520819031,0.2657725081901844,0.26577250854309964,0.7009514570236206,0.22776857018470764,0.00016997767670545727,261426,261426,15020,39304.63406445943,10870.06265986232,241454,9055,4952,5965,0,0
P2,F3,13,test,t1,117,Paraguay_721886,PRY,1.0,0.20494506766115062,0.2049451270848467,0.6307226419448853,0.19876159727573395,0.0002637275611050427,261426,261426,15020,42355.79202987607,11197.397812941375,241454,9055,4952,5965,0,0
P2,F3,13,test,calibrated,118,Paraguay_76868,PRY,1.192337520819031,0.18536199723324498,0.18536201127709984,0.6923584342002869,0.215873584151268,6.46795378997922e-05,262144,262121,25980,25494.407298103808,6920.215247115515,235466,8972,675,17008,0,0
P2,F3,13,test,t1,118,Paraguay_76868,PRY,1.0,0.13376133463328643,0.13376138502188428,0.6166818737983704,0.18486277759075165,0.00010078956984216347,262144,262121,25980,24693.627664773536,7070.086497347385,235466,8972,675,17008,0,0
P2,F3,13,test,calibrated,119,Paraguay_7894,PRY,1.192337520819031,0.9480657132086423,0.9480657118663963,0.1279064267873764,0.02037930302321911,4.6033983380766585e-06,262144,202187,101,1921.2000632363747,31.038655312821454,202187,0,0,0,0,0
P2,F3,13,test,t1,119,Paraguay_7894,PRY,1.0,0.8849275869927492,0.8849275992123519,0.07378075271844864,0.011493698693811893,6.001855126669398e-06,262144,202187,101,816.8639442103482,12.358202204410588,202187,0,0,0,0,0
P2,F3,13,test,calibrated,120,Paraguay_790830,PRY,1.192337520819031,0.12977233241375397,0.12977237224981986,0.6339734196662903,0.19192282855510712,6.028217467246577e-05,262144,261199,39178,23893.276515066107,6155.728719795634,221321,7931,700,31247,0,0
P2,F3,13,test,t1,120,Paraguay_790830,PRY,1.0,0.08863586639287202,0.08863576674500073,0.5542864203453064,0.1623249351978302,9.678647620603442e-05,262144,261199,39178,22460.463650897967,6277.943002717938,221321,7931,700,31247,0,0
P2,F3,13,test,calibrated,121,Paraguay_791364,PRY,1.192337520819031,0.8890346290568559,0.8890346240389922,0.14744484424591064,0.02648061513900757,6.380483227985678e-06,262144,261735,243,6740.210427851243,1111.4921911436861,260388,141,1104,102,0,0
P2,F3,13,test,t1,121,Paraguay_791364,PRY,1.0,0.7811292250255406,0.7811292501476187,0.09163832664489746,0.016674434766173363,8.760816854191944e-06,262144,261735,243,6063.843916770542,1116.8199333354737,260388,141,1104,102,0,0
P2,F3,13,test,calibrated,122,Paraguay_792268,PRY,1.192337520819031,0.48324058943296555,0.48324054400118566,0.24817314743995667,0.05810856074094772,5.519362457562238e-05,262144,262120,2378,7071.033514118313,1396.7067132774473,259335,1439,407,939,0,0
P2,F3,13,test,t1,122,Paraguay_792268,PRY,1.0,0.3347226883061398,0.3347227022866618,0.1822129338979721,0.04370187968015671,8.637525752419606e-05,262144,262120,2378,6051.341525473426,1409.1527699076,259335,1439,407,939,0,0
P2,F3,13,test,calibrated,123,Paraguay_795075,PRY,1.192337520819031,0.31008727720302187,0.31008726468917025,0.20871880650520325,0.045624200254678726,5.502418571268208e-05,262144,262138,4247,11363.084864220036,2311.65037418744,256938,1779,953,2468,0,0
P2,F3,13,test,t1,123,Paraguay_795075,PRY,1.0,0.18754125237305086,0.18754129086856652,0.14638163149356842,0.03301844373345375,9.013207454700023e-05,262144,262138,4247,11149.545965934987,2349.9722661879814,256938,1779,953,2468,0,0
P2,F3,13,test,calibrated,124,Paraguay_80102,PRY,1.192337520819031,0.9999999999568473,1.0,0.10513432323932648,0.01397000066936016,7.511985700148216e-07,262144,262143,0,2417.5484649752743,44.09807604800399,262121,0,22,0,0,0
P2,F3,13,test,t1,124,Paraguay_80102,PRY,1.0,0.9999999998949132,1.0,0.05432751402258873,0.006289432290941477,4.918597937830782e-07,262144,262143,0,1059.3831066267676,25.763298251628058,262121,0,22,0,0,0
P2,F3,13,test,calibrated,125,Paraguay_822142,PRY,1.192337520819031,0.15511880429281344,0.15511880638488962,0.9620062112808228,0.40059685707092285,7.338452996918932e-05,262144,262144,95764,69127.4745687448,20625.399798249,159908,22046,6472,73718,0,0
P2,F3,13,test,t1,125,Paraguay_822142,PRY,1.0,0.12444698841908941,0.12444698562894407,0.9470235705375671,0.38274747133255005,0.00011455909407231957,262144,262144,95764,68452.38167710818,20778.89279805674,159908,22046,6472,73718,0,0
P2,F3,13,test,calibrated,126,Paraguay_868895,PRY,1.192337520819031,0.1956148519452302,0.19561481591385477,0.7083740830421448,0.226697638630867,0.00011430776066845283,262144,175465,23778,44355.64594704027,12141.036920515071,153878,5800,8871,6916,0,0
P2,F3,13,test,t1,126,Paraguay_868895,PRY,1.0,0.1441944320355225,0.1441945083758015,0.6363766193389893,0.1964220404624939,0.00018792986520566046,262144,175465,23778,49367.551161503965,12542.253696398948,153878,5800,8871,6916,0,0
P2,F3,13,test,calibrated,127,Paraguay_892933,PRY,1.192337520819031,0.36449012633888445,0.3644901393615414,0.4888647794723511,0.13918830454349518,5.661906470777467e-05,262144,262144,6579,122734.60096652541,25433.874358078057,232003,3571,23562,3008,0,0
P2,F3,13,test,t1,127,Paraguay_892933,PRY,1.0,0.2704133925232678,0.27041340970976546,0.4095233380794525,0.11482847481966019,8.882364636519924e-05,262144,262144,6579,142942.98061497294,25706.00185304931,232003,3571,23562,3008,0,0
P2,F3,13,test,calibrated,128,Paraguay_896458,PRY,1.192337520819031,0.12693139956378352,0.12693140923737145,0.814917266368866,0.28060537576675415,8.242359035648406e-05,262144,240678,60425,32154.503025052174,8151.086496114074,183216,8163,2422,46877,0,0
P2,F3,13,test,t1,128,Paraguay_896458,PRY,1.0,0.09231992334695582,0.09231987304528011,0.7585248351097107,0.2504913806915283,0.00013359624426811934,262144,240678,60425,30756.192478608846,8121.364816717711,183216,8163,2422,46877,0,0
P2,F3,13,test,calibrated,129,Paraguay_913449,PRY,1.192337520819031,0.24100806771200944,0.24100800837565428,0.6694536209106445,0.21120169758796692,0.00011154085950693116,262144,262144,16190,32853.3464858787,9792.43859581849,244656,11971,1298,4219,0,0
P2,F3,13,test,t1,129,Paraguay_913449,PRY,1.0,0.1810589335218663,0.18105891002341556,0.5952972173690796,0.18200188875198364,0.00017923420818988234,262144,262144,16190,34736.475789428325,10196.613328552188,244656,11971,1298,4219,0,0
P2,F3,13,test,calibrated,130,Paraguay_921838,PRY,1.192337520819031,0.5916103786605947,0.5916104025360995,0.33634549379348755,0.08179015666246414,2.2686705051455647e-05,262144,262144,1941,32390.017246744985,7361.842126766725,253488,1306,6715,635,0,0
P2,F3,13,test,t1,130,Paraguay_921838,PRY,1.0,0.45203076347006144,0.45203073491515244,0.2574878931045532,0.06230274215340614,3.337938687764108e-05,262144,262144,1941,35767.46415291433,7467.310012813225,253488,1306,6715,635,0,0
P2,F3,13,test,calibrated,131,Paraguay_934240,PRY,1.192337520819031,0.9697101578467154,0.9697101611979825,0.1402345597743988,0.02175791747868061,1.770660105648858e-06,262144,262144,66,95620.40769455509,19968.722869700898,241720,66,20358,0,0,0
P2,F3,13,test,t1,131,Paraguay_934240,PRY,1.0,0.9313476345794177,0.9313476317820746,0.08041089028120041,0.011813445016741753,2.0416393908817554e-06,262144,262144,66,112026.34712841344,20204.694448467293,241720,66,20358,0,0,0
P2,F3,13,test,calibrated,132,Paraguay_989230,PRY,1.192337520819031,0.1561038022988921,0.15610379863763646,0.8553677797317505,0.3075559139251709,8.935617370298132e-05,262144,219924,50518,25586.457871886945,6702.085662477825,177201,6132,3047,33544,0,0
P2,F3,13,test,t1,132,Paraguay_989230,PRY,1.0,0.11760360147069115,0.1176036460332256,0.8084287047386169,0.2792430818080902,0.00014358210319187492,262144,219924,50518,24330.29737802595,6737.414193108196,177201,6132,3047,33544,0,0
P2,F3,13,test,calibrated,133,Paraguay_997480,PRY,1.192337520819031,0.3041257267458044,0.3041256879655837,0.31203126907348633,0.07708917558193207,1.825847903091926e-05,262144,262144,5706,53582.498476345005,13045.275053657626,242105,92,14333,5614,0,0
P2,F3,13,test,t1,133,Paraguay_997480,PRY,1.0,0.1984652108353122,0.19846517883622072,0.23978610336780548,0.05940857157111168,2.7208543542656116e-05,262144,262144,5706,61210.54457211404,13370.856981458379,242105,92,14333,5614,0,0
P2,F3,13,test,calibrated,134,Somalia_1068756,SOM,1.192337520819031,0.26538099460605713,0.26538095233057324,0.8816098570823669,0.3247149586677551,0.00014536063827108592,261231,171193,27043,58099.10728814981,17400.207271914296,148561,16137,5776,719,0,0
P2,F3,13,test,t1,134,Somalia_1068756,SOM,1.0,0.21219886484358708,0.21219884365323005,0.8411036133766174,0.29752814769744873,0.00021685697720386088,261231,171193,27043,64676.32840888321,18097.98844837429,148561,16137,5776,719,0,0
P2,F3,13,test,calibrated,135,Somalia_1087508,SOM,1.192337520819031,0.2969666372543829,0.296966611971088,0.885552167892456,0.32821324467658997,0.00019797374261543155,262144,212943,22919,41572.07112776743,12083.887551293055,191140,11782,4477,5544,0,0
P2,F3,13,test,t1,135,Somalia_1087508,SOM,1.0,0.24078646749813126,0.24078648468739416,0.8462527394294739,0.30143052339553833,0.00031372366356663406,262144,212943,22919,43942.87655852862,12418.76131969543,191140,11782,4477,5544,0,0
P2,F3,13,test,calibrated,136,Somalia_12849,SOM,1.192337520819031,0.2439139182647322,0.24391390772925736,0.9796265363693237,0.4272027015686035,0.00013368985673878342,262144,191302,63357,133785.57773173103,41009.39952736153,124171,29939,24004,13188,0,0
P2,F3,13,test,t1,136,Somalia_12849,SOM,1.0,0.2065945121334669,0.20659456389883013,0.971339225769043,0.4137076139450073,0.0002075676602544263,262144,191302,63357,150213.6756799311,42691.25846634525,124171,29939,24004,13188,0,0
P2,F3,13,test,calibrated,137,Somalia_166342,SOM,1.192337520819031,0.8737173466840988,0.8737173462990355,0.24728348851203918,0.05019684508442879,1.3330148249224294e-05,262144,220577,365,3423.991980545416,323.5821084439229,220220,345,12,0,0,0
P2,F3,13,test,t1,137,Somalia_166342,SOM,1.0,0.7746647872159605,0.7746647928418953,0.17143931984901428,0.034013088792562485,1.7165490135084838e-05,262144,220577,365,2033.865849444183,282.514343160999,220220,345,12,0,0,0
P2,F3,13,test,calibrated,138,Somalia_167787,SOM,1.192337520819031,0.36404771797883373,0.36404771486552656,0.572374165058136,0.16537390649318695,7.294353417819366e-05,262144,220505,7970,20984.786535054107,5732.113148502785,212815,7465,12,213,0,0
P2,F3,13,test,t1,138,Somalia_167787,SOM,1.0,0.2722191744635434,0.2722191977378633,0.4887217581272125,0.1369326263666153,0.00011116418318124488,262144,220505,7970,21452.21723142086,5890.539199150996,212815,7465,12,213,0,0
P2,F3,13,test,calibrated,139,Somalia_195014,SOM,1.192337520819031,0.41610458900237335,0.4161046240974673,0.24312976002693176,0.056593362241983414,2.4283242964884266e-05,262144,233650,3074,9354.570602789387,2287.389830303335,230609,3041,0,0,0,0
P2,F3,13,test,t1,139,Somalia_195014,SOM,1.0,0.2755458714969057,0.2755458917847413,0.17772294580936432,0.04243754222989082,3.8225975004024804e-05,262144,233650,3074,8966.821691456662,2374.577735609774,230609,3041,0,0,0,0
P2,F3,13,test,calibrated,140,Somalia_205466,SOM,1.192337520819031,0.33719339610413135,0.3371934022918003,0.5988650321960449,0.1822117567062378,7.535632903454825e-05,262144,240083,9195,17559.74094485515,4877.072818235523,233524,6466,93,0,0,0
P2,F3,13,test,t1,140,Somalia_205466,SOM,1.0,0.25727890495675265,0.25727889897587897,0.5212221741676331,0.15471333265304565,0.00011879313387908041,262144,240083,9195,17613.339418716874,5029.4791694193145,233524,6466,93,0,0,0
P2,F3,13,test,calibrated,141,Somalia_230192,SOM,1.192337520819031,0.40014896553576584,0.40014898879399774,0.8227439522743225,0.28737595677375793,0.00010404804925201461,262144,232522,12433,29011.15649182855,8504.929138720994,220655,11809,15,43,0,0
P2,F3,13,test,t1,141,Somalia_230192,SOM,1.0,0.32792204609298126,0.32792208568372894,0.7686964273452759,0.2580147087574005,0.0001603248529136181,262144,232522,12433,29065.11177893152,8679.111033307505,220655,11809,15,43,0,0
P2,F3,13,test,calibrated,142,Somalia_256539,SOM,1.192337520819031,0.5582151921762517,0.558215227322016,0.4232842028141022,0.11298157274723053,5.3287534683477134e-05,262144,221259,2892,7420.206896626172,1634.2437605352206,219003,2233,23,0,0,0
P2,F3,13,test,t1,142,Somalia_256539,SOM,1.0,0.4359064092624212,0.43590643260206974,0.3420211374759674,0.09035462141036987,7.943856326164678e-05,262144,221259,2892,6235.3208011949555,1631.446440102619,219003,2233,23,0,0,0
P2,F3,13,test,calibrated,143,Somalia_295782,SOM,1.192337520819031,0.27433930670573436,0.27433927920625467,0.9294322729110718,0.36528196930885315,0.00010340938024455681,262144,203048,32239,75089.9606439423,22683.66975808084,165531,21278,8383,7856,0,0
P2,F3,13,test,t1,143,Somalia_295782,SOM,1.0,0.22518202260694542,0.22518201443007446,0.9032213091850281,0.342519611120224,0.0001614843640709296,262144,203048,32239,82089.58823062392,23452.986931011674,165531,21278,8383,7856,0,0
P2,F3,13,test,calibrated,144,Somalia_322855,SOM,1.192337520819031,0.16969965561435196,0.16969963723976156,0.9029477834701538,0.34122908115386963,4.268003976903856e-05,262144,255044,50691,57090.945238119486,17981.11781972152,195389,14918,10225,34512,0,0
P2,F3,13,test,t1,144,Somalia_322855,SOM,1.0,0.13335657259527645,0.1333566060799134,0.8684731721878052,0.31562358140945435,6.682328239548951e-05,262144,255044,50691,60132.57540667536,18687.97313592718,195389,14918,10225,34512,0,0
P2,F3,13,test,calibrated,145,Somalia_32375,SOM,1.192337520819031,0.47124562719775265,0.4712456506199967,0.7138872742652893,0.228183314204216,0.00011749414989026263,261366,133568,7255,9893.178809256804,2586.7444529622453,130195,3372,1,0,0,0
P2,F3,13,test,t1,145,Somalia_32375,SOM,1.0,0.38386342383496685,0.38386345406215805,0.6417230367660522,0.1975620687007904,0.00017429784929845482,261366,133568,7255,9323.037277987243,2582.028396433,130195,3372,1,0,0,0
P2,F3,13,test,calibrated,146,Somalia_371421,SOM,1.192337520819031,0.2791176716443148,0.27911767666764364,0.9275620579719543,0.36316555738449097,8.691722905496135e-05,262144,230962,30278,163103.91319104098,45363.85804450959,174118,22166,32236,2442,0,0
P2,F3,13,test,t1,146,Somalia_371421,SOM,1.0,0.23004965520477383,0.23004965099518992,0.9007077813148499,0.3401026427745819,0.00013513122394215316,262144,230962,30278,187247.12419810292,46905.06616899987,174118,22166,32236,2442,0,0
P2,F3,13,test,calibrated,147,Somalia_60129,SOM,1.192337520819031,0.586642279821534,0.5866422712809293,0.4176051616668701,0.11083365976810455,2.4773438781267032e-05,262144,222316,2654,8926.604619994556,1912.7281688266353,219750,1889,652,25,0,0
P2,F3,13,test,t1,147,Somalia_60129,SOM,1.0,0.4630591963464239,0.46305921808213946,0.33634552359580994,0.08838379383087158,3.557794480002485e-05,262144,222316,2654,8082.238778571594,1911.5205834180335,219750,1889,652,25,0,0
P2,F3,13,test,calibrated,148,Somalia_61368,SOM,1.192337520819031,0.9999999999603806,1.0,0.13144055008888245,0.019217321649193764,1.983200945687713e-06,262144,212969,0,2116.9308660723273,33.99875166440303,212969,0,0,0,0,0
P2,F3,13,test,t1,148,Somalia_61368,SOM,1.0,0.9999999999072117,1.0,0.0732487291097641,0.00969527754932642,1.95686493498215e-06,262144,212969,0,908.6648540537414,12.115185396726769,212969,0,0,0,0,0
P2,F3,13,test,calibrated,149,Somalia_626316,SOM,1.192337520819031,0.20046231946627635,0.20046230287235733,0.973608136177063,0.41706377267837524,9.726434655021876e-05,262144,169085,71359,83424.96576655087,27169.73190157118,111671,35687,3060,18667,0,0
P2,F3,13,test,t1,149,Somalia_626316,SOM,1.0,0.16640055463808212,0.1664005686196064,0.9629860520362854,0.40185436606407166,0.00015111446555238217,262144,169085,71359,90612.29025831903,28397.313011385537,111671,35687,3060,18667,0,0
P2,F3,13,test,calibrated,150,Somalia_649376,SOM,1.192337520819031,0.33639130650497717,0.33639127064857033,0.8788933157920837,0.3240102231502533,0.00010318066779291257,262144,213929,18890,46950.53345101766,14029.392293317003,194164,14578,4415,772,0,0
P2,F3,13,test,t1,150,Somalia_649376,SOM,1.0,0.27532427285101635,0.2753242871924112,0.837912917137146,0.29696670174598694,0.00016125325055327266,262144,213929,18890,50357.76353259223,14518.583072394922,194164,14578,4415,772,0,0
P2,F3,13,test,calibrated,151,Somalia_685158,SOM,1.192337520819031,0.33623353733911043,0.33623354167287833,0.7590052485466003,0.25278040766716003,9.991292608901858e-05,262144,184172,12838,78253.80201813327,19932.388651871035,155575,3343,19490,5764,0,0
P2,F3,13,test,t1,151,Somalia_685158,SOM,1.0,0.26714518028632217,0.2671451460237233,0.6941961050033569,0.222699835896492,0.0001546612475067377,262144,184172,12838,89970.7506874002,20436.57521641452,155575,3343,19490,5764,0,0
P2,F3,13,test,calibrated,152,Somalia_699062,SOM,1.192337520819031,0.3730160420885186,0.3730160620065125,0.7550251483917236,0.25138014554977417,4.563531547319144e-05,262144,203209,10827,20237.61731913059,5775.430906727904,194171,5748,2223,1067,0,0
P2,F3,13,test,t1,152,Somalia_699062,SOM,1.0,0.3007339378670649,0.3007339622697053,0.6897404789924622,0.22143836319446564,6.915138510521501e-05,262144,203209,10827,20522.422649550103,5912.817198941013,194171,5748,2223,1067,0,0
P2,F3,13,test,calibrated,153,Somalia_7931,SOM,1.192337520819031,0.5673472820692516,0.5673472828862163,0.3001933693885803,0.07713890075683594,1.4282079973781947e-05,262144,201972,2205,4175.46046689155,722.7525261074578,200951,1021,0,0,0,0
P2,F3,13,test,t1,153,Somalia_7931,SOM,1.0,0.4301301933411381,0.43013020790016443,0.2322084903717041,0.06100689619779587,2.087396933347918e-05,262144,201972,2205,3047.1811025699258,712.5339991461119,200951,1021,0,0,0,0
P2,F3,13,test,calibrated,154,Somalia_886726,SOM,1.192337520819031,0.1830561582688084,0.1830561709484292,0.8954066634178162,0.3359524607658386,0.00010374097473686561,262144,262036,46021,146980.15355118876,40754.86855633509,173269,5772,42746,40249,0,0
P2,F3,13,test,t1,154,Somalia_886726,SOM,1.0,0.1427859330466401,0.1427858892164049,0.8588683009147644,0.30991870164871216,0.0001661776623222977,262144,262036,46021,166836.71112166432,42023.28930592219,173269,5772,42746,40249,0,0
P2,F3,13,test,calibrated,155,Somalia_93023,SOM,1.192337520819031,0.5765588331907585,0.5765588530409234,0.48918503522872925,0.1374976485967636,4.5512882934417576e-05,262144,187825,3156,7963.674768265835,1804.290770024049,185415,2410,0,0,0,0
P2,F3,13,test,t1,155,Somalia_93023,SOM,1.0,0.46519338340177185,0.4651933772665995,0.407522976398468,0.11268133670091629,6.663494423264638e-05,262144,187825,3156,6989.103960514137,1788.8352481829156,185415,2410,0,0,0,0
P2,F3,13,test,calibrated,156,Somalia_94102,SOM,1.192337520819031,0.25005315107492476,0.25005318729459824,0.7523325681686401,0.24821050465106964,3.92768342862837e-05,262144,241360,18941,23174.365872709786,6446.8870473286215,220965,7701,1454,11240,0,0
P2,F3,13,test,t1,156,Somalia_94102,SOM,1.0,0.19187479866504165,0.19187482548755286,0.6857737302780151,0.21778874099254608,5.890493048354983e-05,262144,241360,18941,22366.759241362957,6529.657450512518,220965,7701,1454,11240,0,0
P2,F3,13,test,calibrated,157,Somalia_970508,SOM,1.192337520819031,0.23698305062300107,0.23698310954837132,0.9580093622207642,0.3956914246082306,0.00011826572881545871,262144,217119,48649,138093.419036999,40875.68017915777,148873,30134,22912,15200,0,0
P2,F3,13,test,t1,157,Somalia_970508,SOM,1.0,0.19617136290515091,0.1961713276408037,0.941572368144989,0.3771018981933594,0.00018328664009459317,262144,217119,48649,155212.7156401733,42468.33365376758,148873,30134,22912,15200,0,0
P2,F3,13,test,calibrated,158,Somalia_989553,SOM,1.192337520819031,0.15883872949302302,0.15883862956055983,0.9451901912689209,0.38060420751571655,2.499090987839736e-05,262144,110303,80357,45300.62983476109,14359.940825194095,89457,18539,2307,0,0,0
P2,F3,13,test,t1,158,Somalia_989553,SOM,1.0,0.12582541251497759,0.12582542254936901,0.9241983294487,0.3598046898841858,3.699714579852298e-05,262144,110303,80357,48597.514219704615,14993.000850096589,89457,18539,2307,0,0,0
P2,F3,13,test,calibrated,159,Somalia_992457,SOM,1.192337520819031,0.521989973794802,0.5219899507439816,0.19368162751197815,0.04145234823226929,2.6569012334221043e-05,262144,181140,1739,32541.08540322548,7147.092319235231,172497,791,6922,930,0,0
P2,F3,13,test,t1,159,Somalia_992457,SOM,1.0,0.35286915081225867,0.35286912646006907,0.1335061937570572,0.029668208211660385,4.130990055273287e-05,262144,181140,1739,37242.70705006281,7268.538923842395,172497,791,6922,930,0,0
P2,F3,13,test,calibrated,160,Sri-Lanka_101973,LKA,1.192337520819031,0.6280171051752812,0.6280171184269393,0.2787027657032013,0.06391539424657822,2.5730249035404995e-05,262144,262143,1468,16497.67231637331,3400.454429273186,258045,1140,2630,328,0,0
P2,F3,13,test,t1,160,Sri-Lanka_101973,LKA,1.0,0.47549471838894086,0.47549469744849326,0.20525220036506653,0.04719720408320427,3.852249574265443e-05,262144,262143,1468,17155.814536048274,3422.8214982214695,258045,1140,2630,328,0,0
P2,F3,13,test,calibrated,161,Sri-Lanka_1038087,LKA,1.192337520819031,0.37035346703449834,0.3703534840540258,0.4213947355747223,0.1145053505897522,5.08438388351351e-05,262144,262143,5479,63011.41837934451,15330.909890875642,241831,2200,14833,3279,0,0
P2,F3,13,test,t1,161,Sri-Lanka_1038087,LKA,1.0,0.2677258376245589,0.26772583443370834,0.3426690697669983,0.09249085932970047,7.850804831832647e-05,262144,262143,5479,71976.39981436703,15672.348409243361,241831,2200,14833,3279,0,0
P2,F3,13,test,calibrated,162,Sri-Lanka_1049830,LKA,1.192337520819031,0.3211764164843487,0.3211764079946493,0.4532087743282318,0.1253959834575653,6.986857624724507e-05,262144,190233,7227,10890.279825418886,2951.618802924297,184370,3286,666,1911,0,0
P2,F3,13,test,t1,162,Sri-Lanka_1049830,LKA,1.0,0.22977614467703456,0.2297761437414868,0.3740249574184418,0.10205541551113129,0.0001098281645681709,262144,190233,7227,10744.758025707031,3043.374356030802,184370,3286,666,1911,0,0
P2,F3,13,test,calibrated,163,Sri-Lanka_117737,LKA,1.192337520819031,0.5133918449276963,0.5133918275098918,0.5043609142303467,0.13950258493423462,4.344812623457983e-05,262144,262144,3827,31102.574943863667,7276.373222919707,252687,2726,5630,1101,0,0
P2,F3,13,test,t1,163,Sri-Lanka_117737,LKA,1.0,0.4019590986285191,0.4019590940311406,0.41932135820388794,0.11321374028921127,6.532562838401645e-05,262144,262144,3827,33494.0277745099,7360.159393900097,252687,2726,5630,1101,0,0
P2,F3,13,test,calibrated,164,Sri-Lanka_120804,LKA,1.192337520819031,0.5923910227594282,0.5923909864087783,0.28361713886260986,0.06656133383512497,3.1348143238574266e-05,262144,262144,1643,29565.49578608634,6257.105928228086,254469,717,6032,926,0,0
P2,F3,13,test,t1,164,Sri-Lanka_120804,LKA,1.0,0.4441097459096909,0.44410979563103525,0.21072125434875488,0.04986897483468056,4.681102655013092e-05,262144,262144,1643,32764.508956602047,6321.888284453741,254469,717,6032,926,0,0
P2,F3,13,test,calibrated,165,Sri-Lanka_132922,LKA,1.192337520819031,0.6135051949245794,0.6135052333006199,0.3463158905506134,0.08690381050109863,2.8563914383994415e-05,262144,262144,1997,74019.6786840302,16968.521872272282,243114,1187,17033,810,0,0
P2,F3,13,test,t1,165,Sri-Lanka_132922,LKA,1.0,0.478480917329417,0.47848092839754375,0.2688039541244507,0.0674644261598587,4.219229958835058e-05,262144,262144,1997,85448.03066805672,17270.0338763816,243114,1187,17033,810,0,0
P2,F3,13,test,calibrated,166,Sri-Lanka_135713,LKA,1.192337520819031,0.8418488813968914,0.8418488686261547,0.12487789988517761,0.020815324038267136,6.945141649339348e-06,262144,134330,315,1588.134260792429,163.28673911677103,134114,216,0,0,0,0
P2,F3,13,test,t1,166,Sri-Lanka_135713,LKA,1.0,0.6956012258794564,0.6956012162506053,0.07302834838628769,0.012381810694932938,1.0119141734321602e-05,262144,134330,315,948.1931272968991,160.66079384836058,134114,216,0,0,0,0
P2,F3,13,test,calibrated,167,Sri-Lanka_14484,LKA,1.192337520819031,0.4564882040790377,0.4564882132718219,0.3886682987213135,0.10211008787155151,7.099804497556761e-05,262144,232015,3753,148542.29309328794,35259.88922370293,191995,1154,36430,2436,0,0
P2,F3,13,test,t1,167,Sri-Lanka_14484,LKA,1.0,0.3360752514115275,0.3360752311515539,0.3101736009120941,0.08113106340169907,0.00011035276838811114,262144,232015,3753,174434.60843762005,35990.61907484148,191995,1154,36430,2436,0,0
P2,F3,13,test,calibrated,168,Sri-Lanka_152185,LKA,1.192337520819031,0.3748034932686469,0.3748035074588393,0.2882804274559021,0.0707939863204956,4.1138071537716314e-05,262144,262144,3962,9013.592609214189,2019.0665525504896,257738,2208,444,1754,0,0
P2,F3,13,test,t1,168,Sri-Lanka_152185,LKA,1.0,0.2521106868524585,0.2521107032254587,0.2193935364484787,0.05451782047748566,6.406049215001985e-05,262144,262144,3962,8163.798128744669,2058.7098885728224,257738,2208,444,1754,0,0
P2,F3,13,test,calibrated,169,Sri-Lanka_163406,LKA,1.192337520819031,0.33734274841745815,0.33734269392674365,0.304086297750473,0.07409970462322235,3.544117134879343e-05,262144,262144,4816,8864.269038778799,1891.4148342898102,255989,1085,1339,3731,0,0
P2,F3,13,test,t1,169,Sri-Lanka_163406,LKA,1.0,0.22291161447490582,0.22291165803491386,0.23099163174629211,0.05674173682928085,5.602327291853726e-05,262144,262144,4816,7875.705719944361,1911.3396316744875,255989,1085,1339,3731,0,0
P2,F3,13,test,calibrated,170,Sri-Lanka_178753,LKA,1.192337520819031,0.9617313403544795,0.961731340197297,0.11734279245138168,0.018079103901982307,4.1317252907902e-06,262144,253873,79,5095.138332486211,687.2075372970329,253149,79,645,0,0,0
P2,F3,13,test,t1,170,Sri-Lanka_178753,LKA,1.0,0.9131557683938293,0.9131557685192563,0.06560108065605164,0.009912052191793919,5.460898591991281e-06,262144,253873,79,4253.626265533694,678.9456407151476,253149,79,645,0,0,0
P2,F3,13,test,calibrated,171,Sri-Lanka_233609,LKA,1.192337520819031,0.48548478848860743,0.4854847984293299,0.4996321499347687,0.14211732149124146,4.665026790462434e-05,262144,257120,4434,24181.376239330446,5763.916144867619,248071,2172,4615,2262,0,0
P2,F3,13,test,t1,171,Sri-Lanka_233609,LKA,1.0,0.37813628649193887,0.3781362916181019,0.41887974739074707,0.1171429306268692,6.956318975426257e-05,262144,257120,4434,25385.448589757154,5814.171494581036,248071,2172,4615,2262,0,0
P2,F3,13,test,calibrated,172,Sri-Lanka_236030,LKA,1.192337520819031,0.3812125700112594,0.3812125959347047,0.18157260119915009,0.03791140764951706,3.503772313706577e-05,262144,206088,2842,6868.624196008192,1473.869867802599,202890,1485,356,1357,0,0
P2,F3,13,test,t1,172,Sri-Lanka_236030,LKA,1.0,0.2332016028383862,0.23320155305125656,0.12312637269496918,0.02672586217522621,5.6166569265769795e-05,262144,206088,2842,6418.413503202129,1511.3257724488942,202890,1485,356,1357,0,0
P2,F3,13,test,calibrated,173,Sri-Lanka_236628,LKA,1.192337520819031,0.47100841414248196,0.4710083959347654,0.3423914313316345,0.09156179428100586,2.121481520589441e-05,262144,262142,3374,12897.99976392418,2875.9156008129803,257040,2021,1728,1353,0,0
P2,F3,13,test,t1,173,Sri-Lanka_236628,LKA,1.0,0.3478473779739313,0.3478474617732209,0.2726631164550781,0.07372234761714935,3.132379788439721e-05,262144,262142,3374,12694.694573191337,2911.1455306741277,257040,2021,1728,1353,0,0
P2,F3,13,test,calibrated,174,Sri-Lanka_249079,LKA,1.192337520819031,0.7940354718800364,0.7940354649763498,0.19767718017101288,0.03998954966664314,1.70399416674627e-05,262144,164775,563,2164.0577056813945,227.3134312166864,164486,278,11,0,0,0
P2,F3,13,test,t1,174,Sri-Lanka_249079,LKA,1.0,0.652239912889254,0.6522398985721249,0.1327405422925949,0.027427220717072487,2.512478022254072e-05,262144,164775,563,1355.1087414787705,216.02879100564715,164486,278,11,0,0,0
P2,F3,13,test,calibrated,175,Sri-Lanka_31559,LKA,1.192337520819031,0.999999999957581,1.0,0.1061638817191124,0.014037122018635273,6.585486289623077e-07,262144,218795,0,4372.345085494124,477.54054697332424,218331,0,464,0,0,0
P2,F3,13,test,t1,175,Sri-Lanka_31559,LKA,1.0,0.9999999998969815,1.0,0.05467013269662857,0.006273334380239248,4.153717441113258e-07,262144,218795,0,3666.1558248264882,465.12139400297974,218331,0,464,0,0,0
P2,F3,13,test,calibrated,176,Sri-Lanka_321316,LKA,1.192337520819031,0.24314816461488387,0.2431481806683159,0.9640158414840698,0.40364471077919006,9.030124056153e-05,262144,262133,48329,351690.1691736068,92961.149521837,135112,30116,78692,18213,0,0
P2,F3,13,test,t1,176,Sri-Lanka_321316,LKA,1.0,0.2022479075122724,0.20224789799850207,0.9497928023338318,0.38629311323165894,0.00014016478962730616,262144,262133,48329,408576.64865495585,95826.61446255413,135112,30116,78692,18213,0,0
P2,F3,13,test,calibrated,177,Sri-Lanka_377277,LKA,1.192337520819031,0.31497795602776524,0.3149779070031946,0.4504426419734955,0.1227882131934166,8.689716196386144e-05,262144,259388,7438,18673.626652629046,4373.723380776072,248709,2076,3241,5362,0,0
P2,F3,13,test,t1,177,Sri-Lanka_377277,LKA,1.0,0.22291705435005538,0.2229170789486088,0.3688400685787201,0.09918125718832016,0.00013766651682090014,262144,259388,7438,18948.436029072698,4414.54507964297,248709,2076,3241,5362,0,0
P2,F3,13,test,calibrated,178,Sri-Lanka_400518,LKA,1.192337520819031,0.39437839112770656,0.39437845681025474,0.26971912384033203,0.06711702048778534,5.56519407837186e-05,262144,262144,3590,8540.941229354898,1838.8731638202892,257978,1786,576,1804,0,0
P2,F3,13,test,t1,178,Sri-Lanka_400518,LKA,1.0,0.2676262306549342,0.2676262292145588,0.20486749708652496,0.05223647877573967,8.830999286146834e-05,262144,262144,3590,7691.369957215367,1860.6794542912212,257978,1786,576,1804,0,0
P2,F3,13,test,calibrated,179,Sri-Lanka_450918,LKA,1.192337520819031,0.9099784972838133,0.9099784877579293,0.7924936413764954,0.2578968107700348,3.821336213150062e-05,123231,99126,1385,21393.074693848313,4784.251554920617,94810,39,4277,0,0,0
P2,F3,13,test,t1,179,Sri-Lanka_450918,LKA,1.0,0.8802393308328895,0.8802393294755183,0.7275980710983276,0.22469069063663483,5.297338793752715e-05,123231,99126,1385,18773.478212865113,4277.097167049751,94810,39,4277,0,0,0
P2,F3,13,test,calibrated,180,Sri-Lanka_49764,LKA,1.192337520819031,0.919081517853924,0.9190815161602196,0.15080296993255615,0.02679387666285038,9.895265975501388e-06,262144,243327,189,14547.585446685454,2593.626192251145,240652,189,2486,0,0,0
P2,F3,13,test,t1,180,Sri-Lanka_49764,LKA,1.0,0.8356798550699228,0.835679856120647,0.09281439334154129,0.016717346385121346,1.3682123608305119e-05,262144,243327,189,15458.867063584039,2595.440887170709,240652,189,2486,0,0,0
P2,F3,13,test,calibrated,181,Sri-Lanka_52223,LKA,1.192337520819031,0.978326015485365,0.9783260149224139,0.11710934340953827,0.017197977751493454,1.9615806650108425e-06,262144,262144,45,2491.6078989414823,54.83306214128402,262099,45,0,0,0,0
P2,F3,13,test,t1,181,Sri-Lanka_52223,LKA,1.0,0.9491775789153394,0.9491775809363953,0.06394633650779724,0.008885364979505539,2.299495690749609e-06,262144,262144,45,1080.0060659997682,33.65418730600986,262099,45,0,0,0,0
P2,F3,13,test,calibrated,182,Sri-Lanka_523539,LKA,1.192337520819031,0.348437559558729,0.34843753193219573,0.4669538140296936,0.1336866170167923,5.0590268074302e-05,262144,218481,6873,96084.73649059373,21739.914618372626,191974,1838,21805,2864,0,0
P2,F3,13,test,t1,182,Sri-Lanka_523539,LKA,1.0,0.2563270200554857,0.2563270419661211,0.3903282582759857,0.1107078567147255,7.735764665994793e-05,262144,218481,6873,111986.01783049638,22145.14076263425,191974,1838,21805,2864,0,0
P2,F3,13,test,calibrated,183,Sri-Lanka_534068,LKA,1.192337520819031,0.2356933424867712,0.23569332904773388,0.6035156846046448,0.17657415568828583,1.4005375305714551e-05,262144,262144,15641,1056465.3578644255,239469.47617598213,34,4842,246469,10799,0,0
P2,F3,13,test,t1,183,Sri-Lanka_534068,LKA,1.0,0.16799490612724988,0.1679949214409736,0.5196977853775024,0.14693601429462433,1.889844861580059e-05,262144,262144,15641,1255017.3371416545,244062.90247832335,34,4842,246469,10799,0,0
P2,F3,13,test,calibrated,184,Sri-Lanka_551926,LKA,1.192337520819031,0.3906881311954581,0.3906881316006756,0.384061336517334,0.09962857514619827,3.780399129027501e-05,262144,262144,4832,59755.76410124383,14229.153893405142,242092,452,15220,4380,0,0
P2,F3,13,test,t1,184,Sri-Lanka_551926,LKA,1.0,0.2761050416791565,0.2761050676042204,0.3047863245010376,0.07860652357339859,5.8323159464634955e-05,262144,262144,4832,68188.9116711016,14520.76403307764,242092,452,15220,4380,0,0
P2,F3,13,test,calibrated,185,Sri-Lanka_55568,LKA,1.192337520819031,0.26489179578756816,0.2648917241027544,0.6719942092895508,0.22391578555107117,3.4748118196148425e-05,262144,212858,15139,13998.22534340096,3926.599289792709,194857,2733,2862,12406,0,0
P2,F3,13,test,t1,185,Sri-Lanka_55568,LKA,1.0,0.20622569472914176,0.20622567953168414,0.6054555773735046,0.1977018266916275,5.416615749709308e-05,262144,212858,15139,12919.325832294164,3919.2326733715277,194857,2733,2862,12406,0,0
P2,F3,13,test,calibrated,186,Sri-Lanka_579082,LKA,1.192337520819031,0.31601606449103636,0.316016084318428,0.5157877802848816,0.1454414576292038,8.99680599104613e-05,262144,208263,8259,46464.351344915834,10566.331612332579,191184,2613,9260,5206,0,0
P2,F3,13,test,t1,186,Sri-Lanka_579082,LKA,1.0,0.22952696556154262,0.22952697343093997,0.43310216069221497,0.11919361352920532,0.0001400491310050711,262144,208263,8259,52569.18052054524,10734.828633613575,191184,2613,9260,5206,0,0
P2,F3,13,test,calibrated,187,Sri-Lanka_612594,LKA,1.192337520819031,0.12328644884462336,0.12328649087578414,0.7349526882171631,0.2357311248779297,7.131877646315843e-05,262144,262144,51076,24318.320871157717,6202.922617527128,210742,8277,326,42799,0,0
P2,F3,13,test,t1,187,Sri-Lanka_612594,LKA,1.0,0.08722242423643223,0.08722240523683811,0.6638134121894836,0.20429262518882751,0.00011580096179386601,262144,262144,51076,22137.123334592143,6196.179428461754,210742,8277,326,42799,0,0
P2,F3,13,test,calibrated,188,Sri-Lanka_63307,LKA,1.192337520819031,0.9744863029080008,0.9744863039320872,0.15347491204738617,0.026205187663435936,3.808490646406426e-06,262144,262144,59,29949.328703701514,6551.798617444842,255138,1,6947,58,0,0
P2,F3,13,test,t1,188,Sri-Lanka_63307,LKA,1.0,0.9441090719962418,0.9441090684602611,0.09361140429973602,0.015653662383556366,4.4764738049707375e-06,262144,262144,59,33706.6169333481,6675.6828814132305,255138,1,6947,58,0,0
P2,F3,13,test,calibrated,189,Sri-Lanka_649970,LKA,1.192337520819031,0.6178043680392695,0.6178043878116666,0.27604666352272034,0.061751384288072586,2.7399553800933063e-05,262144,260855,1521,66421.65056864024,15406.978836655926,243235,277,16099,1244,0,0
P2,F3,13,test,t1,189,Sri-Lanka_649970,LKA,1.0,0.46156757281112704,0.4615675375480768,0.20035706460475922,0.04486357048153877,4.0606326365377754e-05,262144,260855,1521,76671.08811909503,15698.679353359319,243235,277,16099,1244,0,0
P2,F3,13,test,calibrated,190,Sri-Lanka_653336,LKA,1.192337520819031,0.3131866619870407,0.3131866174349509,0.781060516834259,0.26756730675697327,7.438647298840806e-05,262144,262141,14496,30209.251813247534,8364.260196090258,240339,3820,7306,10676,0,0
P2,F3,13,test,t1,190,Sri-Lanka_653336,LKA,1.0,0.250257024888462,0.2502570909764745,0.720908522605896,0.23845534026622772,0.00011696504225255921,262144,262141,14496,30851.938470491034,8499.283910783059,240339,3820,7306,10676,0,0
P2,F3,13,test,calibrated,191,Sri-Lanka_713926,LKA,1.192337520819031,0.12086060879979266,0.12086063356185195,0.8331759572029114,0.2863815128803253,4.2041621782118455e-05,262144,262104,85129,30013.8611455819,6157.229565438158,175961,5637,1037,79469,0,0
P2,F3,13,test,t1,191,Sri-Lanka_713926,LKA,1.0,0.08801600723334702,0.08801603177657902,0.7790147066116333,0.25542372465133667,6.33330928394571e-05,262144,262104,85129,24702.272862388156,5532.216886276478,175961,5637,1037,79469,0,0
P2,F3,13,test,calibrated,192,Sri-Lanka_748447,LKA,1.192337520819031,0.4230915423032702,0.42309156350578203,0.3243717849254608,0.08383024483919144,8.717310265637934e-05,262144,249187,3722,10470.556642172998,2550.248585476499,245028,2940,454,765,0,0
P2,F3,13,test,t1,192,Sri-Lanka_748447,LKA,1.0,0.3001614029160803,0.3001613698779938,0.25418809056282043,0.06630199402570724,0.00013771015801467001,262144,249187,3722,9894.143816845484,2615.063549843935,245028,2940,454,765,0,0
P2,F3,13,test,calibrated,193,Sri-Lanka_845821,LKA,1.192337520819031,0.24414914186751557,0.24414911200938672,0.7570102214813232,0.2469831109046936,2.324295746802818e-05,262144,240758,23004,812655.7454095029,204364.78781676514,616,5596,217288,17258,0,0
P2,F3,13,test,t1,193,Sri-Lanka_845821,LKA,1.0,0.1830984067236059,0.1830983474689727,0.689344584941864,0.21560434997081757,3.0443721698247828e-05,262144,240758,23004,962297.0926996849,210385.69609035546,616,5596,217288,17258,0,0
P2,F3,13,test,calibrated,194,Sri-Lanka_847275,LKA,1.192337520819031,0.16457428430094645,0.16457428616846903,0.8598339557647705,0.3099682629108429,8.780357165960595e-05,262144,231361,45130,70161.22084111952,17458.224296806035,175333,5564,15110,35354,0,0
P2,F3,13,test,t1,194,Sri-Lanka_847275,LKA,1.0,0.1260629352278686,0.12606293829434345,0.813870370388031,0.28172141313552856,0.00013839251187164336,262144,231361,45130,77147.24202738277,17653.56355307585,175333,5564,15110,35354,0,0
P2,F3,13,test,calibrated,195,Sri-Lanka_849649,LKA,1.192337520819031,0.40047434622113565,0.40047432407105765,0.29085737466812134,0.06681963056325912,4.565916606225073e-05,262144,218207,3577,5746.170175875198,1050.8376839992538,215267,1048,285,1607,0,0
P2,F3,13,test,t1,195,Sri-Lanka_849649,LKA,1.0,0.2665519918958372,0.2665520085825325,0.2141907662153244,0.04935937747359276,7.3179995524697e-05,262144,218207,3577,4632.11546721426,1045.8432108035897,215267,1048,285,1607,0,0
P2,F3,13,test,calibrated,196,Sri-Lanka_85652,LKA,1.192337520819031,0.999999999960925,1.0,0.14099079370498657,0.022088581696152687,2.2155620627017925e-06,262144,197368,0,10851.052758209145,1936.2540653435788,195427,0,1941,0,0,0
P2,F3,13,test,t1,196,Sri-Lanka_85652,LKA,1.0,0.9999999999105982,1.0,0.08232228457927704,0.012056819163262844,2.2479641756945057e-06,262144,197368,0,11402.0392033455,1937.1565006938072,195427,0,1941,0,0,0
P2,F3,13,test,calibrated,197,Sri-Lanka_883641,LKA,1.192337520819031,0.30230750992574573,0.30230748487161874,0.6283890604972839,0.1892021894454956,2.708814099605661e-05,262144,262144,11549,14720.73930953876,3622.4996851386472,247357,1287,3238,10262,0,0
P2,F3,13,test,t1,197,Sri-Lanka_883641,LKA,1.0,0.22588247261649708,0.22588244854720696,0.5484740138053894,0.15964287519454956,4.068816269864328e-05,262144,262144,11549,13333.439957758432,3568.5742292490486,247357,1287,3238,10262,0,0
P2,F3,13,test,calibrated,198,Sri-Lanka_916628,LKA,1.192337520819031,0.16490935481887026,0.16490931866929115,0.9348455667495728,0.3701508641242981,0.00011249118688283488,262144,259961,65846,76877.73813236572,22463.188861528906,172222,6215,23040,58484,0,0
P2,F3,13,test,t1,198,Sri-Lanka_916628,LKA,1.0,0.13047939749980508,0.13047940741342356,0.910363495349884,0.34796562790870667,0.00017576759273651987,262144,259961,65846,81624.9931725243,23001.285383851362,172222,6215,23040,58484,0,0
P2,F3,13,test,calibrated,199,Sri-Lanka_922192,LKA,1.192337520819031,0.3712415243783922,0.37124155521337854,0.40422871708869934,0.10758338868618011,3.6301975342212245e-05,262144,239783,5394,12743.275139722373,3349.7669329933383,234338,4415,131,899,0,0
P2,F3,13,test,t1,199,Sri-Lanka_922192,LKA,1.0,0.2642296976500662,0.2642297017694234,0.32528939843177795,0.08599413931369781,5.621846139547415e-05,262144,239783,5394,12318.52313256814,3452.3411652787145,234338,4415,131,899,0,0
P2,F3,13,test,calibrated,200,Sri-Lanka_92824,LKA,1.192337520819031,0.419334642219203,0.4193346685119721,0.6471957564353943,0.19301249086856842,5.6340806622756645e-05,262144,246506,7346,160112.99620412604,43727.90443849307,190322,794,49103,6287,0,0
P2,F3,13,test,t1,200,Sri-Lanka_92824,LKA,1.0,0.32727061360534604,0.32727062042017563,0.5652526021003723,0.16193030774593353,8.406308916164562e-05,262144,246506,7346,186582.1783813805,45325.13161148383,190322,794,49103,6287,0,0
P2,F3,13,test,calibrated,201,Sri-Lanka_956740,LKA,1.192337520819031,0.20478448502185687,0.2047844638757088,0.6182306408882141,0.1847042739391327,5.555962343350984e-05,262144,202069,17887,11087.63488292483,2794.659352975775,190528,3623,77,7841,0,0
P2,F3,13,test,t1,201,Sri-Lanka_956740,LKA,1.0,0.14715736122236012,0.14715738485781893,0.5372390151023865,0.1552937924861908,8.821954543236643e-05,262144,202069,17887,10524.729915720072,2859.658897910102,190528,3623,77,7841,0,0
