block,partition,seed,split,setting,source_order,sample_id,event_id,temperature,soft_dice_risk_binary,sdc_exact,uncertainty,top_tail_msp,spatial_inconsistency,input_valid_pixels,reference_valid_pixels,predicted_foreground_input,nll_sum,brier_sum,confusion_0_0,confusion_0_1,confusion_1_0,confusion_1_1,hard_disagreement_all_pixels,hard_disagreement_reference_valid
P2,F3,37,calibration,calibrated,0,Bolivia_103757,BOL,1.178275005455045,0.24607613542813267,0.2460761662249491,0.9966061115264893,0.4702070951461792,8.438201803073753e-06,101623,88077,57314,37477.67059182678,11463.692050820948,40118,12597,1295,34067,0,0
P2,F3,37,calibration,t1,0,Bolivia_103757,BOL,1.0,0.22102537193780047,0.22102541237979811,0.9952958226203918,0.46492743492126465,1.0853464118554257e-05,101623,88077,57314,35501.2690876734,10835.701374716306,40118,12597,1295,34067,0,0
P2,F3,37,calibration,calibrated,1,Bolivia_129334,BOL,1.178275005455045,0.09332296316621991,0.09332293244006817,0.9583896994590759,0.3947572112083435,1.7499414752819575e-05,261395,237065,190686,72483.00587796795,22030.59787006103,59368,21630,8995,147072,0,0
P2,F3,37,calibration,t1,1,Bolivia_129334,BOL,1.0,0.07493080247160588,0.07493080975528044,0.9432981014251709,0.3772906959056854,2.4338927687495016e-05,261395,237065,190686,72154.30980165995,22190.84003482742,59368,21630,8995,147072,0,0
P2,F3,37,calibration,calibrated,2,Bolivia_195474,BOL,1.178275005455045,0.9999999999759014,1.0,0.21809545159339905,0.037054698914289474,3.752324346351088e-06,262144,261335,0,10545.584158420957,1602.5907195191794,259784,0,1551,0,0,0
P2,F3,37,calibration,t1,2,Bolivia_195474,BOL,1.0,0.9999999999522229,1.0,0.14291465282440186,0.022234449163079262,3.1524918995273765e-06,262144,261335,0,9594.289661655934,1566.3531221238457,259784,0,1551,0,0,0
P2,F3,37,calibration,calibrated,3,Bolivia_23014,BOL,1.178275005455045,0.36907063818383834,0.36907060808221914,0.7422557473182678,0.23980462551116943,1.6381762179662473e-05,193558,182995,13057,19288.115349292642,4473.5263986240225,169596,5619,342,7438,0,0
P2,F3,37,calibration,t1,3,Bolivia_23014,BOL,1.0,0.283743005563723,0.2837429501697658,0.6775654554367065,0.21058981120586395,2.1319365259842016e-05,193558,182995,13057,16813.29220910201,4373.817835121083,169596,5619,342,7438,0,0
P2,F3,37,calibration,calibrated,4,Bolivia_233925,BOL,1.178275005455045,0.5727434716667168,0.5727434970521421,0.5038539171218872,0.1396334171295166,1.4684770576423034e-05,197636,146294,4057,8682.75173491349,1672.4326486518275,143884,2409,1,0,0,0
P2,F3,37,calibration,t1,4,Bolivia_233925,BOL,1.0,0.45346440442336045,0.45346437403636075,0.4240453243255615,0.11511072516441345,1.8464948880136944e-05,197636,146294,4057,6960.679135754754,1647.429797142564,143884,2409,1,0,0,0
P2,F3,37,calibration,calibrated,5,Bolivia_242570,BOL,1.178275005455045,0.18570443553813964,0.1857044300973424,0.9638881087303162,0.40318021178245544,2.281493834743742e-05,262144,175507,66907,98999.25573805624,31653.209101013323,113368,34793,7641,19705,0,0
P2,F3,37,calibration,t1,5,Bolivia_242570,BOL,1.0,0.15511794269242285,0.15511797134139393,0.95071941614151,0.3869973123073578,3.384208321222104e-05,262144,175507,66907,108583.31429696301,32930.28771826566,113368,34793,7641,19705,0,0
P2,F3,37,calibration,calibrated,6,Bolivia_290290,BOL,1.178275005455045,0.29410687393280244,0.29410688492594317,0.8304212093353271,0.2914813756942749,1.7260314052691683e-05,262144,204633,19645,40407.17583167844,12088.381808031943,180332,4602,10930,8769,0,0
P2,F3,37,calibration,t1,6,Bolivia_290290,BOL,1.0,0.2371120912997393,0.23711206943471108,0.7817391753196716,0.26421886682510376,2.472780215612147e-05,262144,204633,19645,43104.75825745367,12490.826460200824,180332,4602,10930,8769,0,0
P2,F3,37,calibration,calibrated,7,Bolivia_294583,BOL,1.178275005455045,0.16705127184431268,0.1670512386082954,0.9251307249069214,0.3603162169456482,3.2558906241320074e-05,262144,130472,59232,33585.34594169216,10594.095191149518,101196,14268,545,14463,0,0
P2,F3,37,calibration,t1,7,Bolivia_294583,BOL,1.0,0.13452570025885613,0.1345256624990312,0.8995711803436279,0.3385145366191864,5.010887252865359e-05,262144,130472,59232,35473.69967840274,11021.632805026056,101196,14268,545,14463,0,0
P2,F3,37,calibration,calibrated,8,Bolivia_312675,BOL,1.178275005455045,0.4328016433478782,0.4328016136888455,0.6433217525482178,0.19713057577610016,2.2321743017528206e-05,253960,158008,8045,24914.340217592777,6505.313743561721,147085,1348,6557,3018,0,0
P2,F3,37,calibration,t1,8,Bolivia_312675,BOL,1.0,0.34127030264040903,0.34127035371532677,0.5706472992897034,0.1696152687072754,2.9978469683555886e-05,253960,158008,8045,26554.706347110507,6633.960214257063,147085,1348,6557,3018,0,0
P2,F3,37,calibration,calibrated,9,Bolivia_314919,BOL,1.178275005455045,0.12749962281676552,0.12749960693037599,0.9727492332458496,0.41634905338287354,1.598106427991297e-05,262144,188845,124623,80826.9853593992,25003.902719053738,89995,15172,19111,64567,0,0
P2,F3,37,calibration,t1,9,Bolivia_314919,BOL,1.0,0.10527164805745004,0.10527163656093108,0.962664783000946,0.4021531939506531,2.153660352632869e-05,262144,188845,124623,85134.24627822306,25567.31959881983,89995,15172,19111,64567,0,0
P2,F3,37,calibration,calibrated,10,Bolivia_360519,BOL,1.178275005455045,0.5125889185949812,0.5125889089804018,0.31364554166793823,0.07348130643367767,1.0279972229909617e-05,250723,243678,3214,11516.675910650807,2530.7604093985706,240200,3064,264,150,0,0
P2,F3,37,calibration,t1,10,Bolivia_360519,BOL,1.0,0.37107277073039835,0.3710727702186408,0.2393937110900879,0.05590945482254028,1.3198417036619503e-05,250723,243678,3214,10262.457639169566,2589.5145974480115,240200,3064,264,150,0,0
P2,F3,37,calibration,calibrated,11,Bolivia_379434,BOL,1.178275005455045,0.34502335019133556,0.3450233534832272,0.8836891651153564,0.3267265260219574,2.6817520847544074e-05,262144,262144,18816,51016.236490746815,14546.526526604415,237232,14122,6096,4694,0,0
P2,F3,37,calibration,t1,11,Bolivia_379434,BOL,1.0,0.287245527379684,0.28724555778538263,0.8468598127365112,0.30168184638023376,3.9149752410594374e-05,262144,262144,18816,53650.85113779729,14914.767162042608,237232,14122,6096,4694,0,0
P2,F3,37,calibration,calibrated,12,Bolivia_432776,BOL,1.178275005455045,0.19417082757431203,0.1941707717060146,0.9850237965583801,0.43759551644325256,1.582337063155137e-05,210723,155397,89874,56290.20569078012,17542.92108334469,73326,9926,14822,57323,0,0
P2,F3,37,calibration,t1,12,Bolivia_432776,BOL,1.0,0.1641727332545424,0.16417283171678132,0.9793559908866882,0.4267622232437134,2.091547503368929e-05,210723,155397,89874,56042.845214195855,17592.965295288242,73326,9926,14822,57323,0,0
P2,F3,37,calibration,calibrated,13,Bolivia_60373,BOL,1.178275005455045,0.3156508037602149,0.31565081692230146,0.9009634852409363,0.337973415851593,3.138403553748503e-05,221330,199019,22839,20760.783498750225,5172.034964119959,181443,5096,1965,10515,0,0
P2,F3,37,calibration,t1,13,Bolivia_60373,BOL,1.0,0.25622914688439646,0.2562291669525467,0.8682956695556641,0.3136436939239502,4.218137837597169e-05,221330,199019,22839,18244.2336057375,4995.30502702232,181443,5096,1965,10515,0,0
P2,F3,37,calibration,calibrated,14,Bolivia_76104,BOL,1.178275005455045,0.9999999999733724,1.0,0.17193886637687683,0.026175260543823242,3.591837412386667e-06,262144,190965,0,2778.322493849027,51.499727890464555,190960,0,5,0,0,0
P2,F3,37,calibration,t1,14,Bolivia_76104,BOL,1.0,0.9999999999448371,1.0,0.10500458627939224,0.014176102355122566,2.9489178814401384e-06,262144,190965,0,1350.9163855418888,16.967944956272355,190960,0,5,0,0,0
P2,F3,37,calibration,calibrated,15,Mekong_1111068,KHM,1.178275005455045,0.769129179630404,0.7691291692570762,0.33669137954711914,0.07188935577869415,4.95320182380965e-06,262144,262098,1104,29190.549307748,6717.382311435242,254171,478,6823,626,0,0
P2,F3,37,calibration,t1,15,Mekong_1111068,KHM,1.0,0.6458330197270241,0.6458329973365522,0.2505020201206207,0.051230937242507935,4.856376108364202e-06,262144,262098,1104,30997.905183261715,6822.307737758398,254171,478,6823,626,0,0
P2,F3,37,calibration,calibrated,16,Mekong_1149855,KHM,1.178275005455045,0.20572789197195784,0.20572786223325934,0.9018928408622742,0.3399756848812103,2.711002525757067e-05,262144,224775,40100,49945.42073248273,16295.639864230754,187467,20048,3561,13699,0,0
P2,F3,37,calibration,t1,16,Mekong_1149855,KHM,1.0,0.1665710372916147,0.16657107781590286,0.86967533826828,0.3160010576248169,4.0446397179039195e-05,262144,224775,40100,52780.55625581631,17024.861835814958,187467,20048,3561,13699,0,0
P2,F3,37,calibration,calibrated,17,Mekong_1191208,KHM,1.178275005455045,0.16329719837702528,0.163297165821779,0.5808528065681458,0.16848234832286835,1.383073231409071e-05,262144,202312,26102,23011.023819252874,6295.8757634873855,180216,6831,1312,13953,0,0
P2,F3,37,calibration,t1,17,Mekong_1191208,KHM,1.0,0.11411930570491469,0.11411931153374122,0.5025478005409241,0.14157307147979736,1.9038414393435232e-05,262144,202312,26102,23179.80516708071,6493.124363686653,180216,6831,1312,13953,0,0
P2,F3,37,calibration,calibrated,18,Mekong_119477,KHM,1.178275005455045,0.9999999999751064,1.0,0.20715682208538055,0.03290190175175667,3.505350832710974e-06,262144,260952,0,14590.948538478475,2885.2808436297582,257956,0,2996,0,0,0
P2,F3,37,calibration,t1,18,Mekong_119477,KHM,1.0,0.9999999999495132,1.0,0.1312326043844223,0.01843307539820671,2.8076249236619333e-06,262144,260952,0,14415.007138497296,2910.724152634138,257956,0,2996,0,0,0
P2,F3,37,calibration,calibrated,19,Mekong_1248200,KHM,1.178275005455045,0.07866478532129795,0.07866476017113688,0.9313559532165527,0.36290600895881653,1.0169271263293922e-05,262144,260988,223207,73486.25168794289,21441.98330548786,33590,22810,5346,199242,0,0
P2,F3,37,calibration,t1,19,Mekong_1248200,KHM,1.0,0.06151388498895716,0.06151388686999326,0.9073708653450012,0.34108805656433105,1.32634622787009e-05,262144,260988,223207,71991.81614473692,21430.001599799223,33590,22810,5346,199242,0,0
P2,F3,37,calibration,calibrated,20,Mekong_1282475,KHM,1.178275005455045,0.1410229359673293,0.1410229177707889,0.757735013961792,0.24711650609970093,1.2117221558582969e-05,262144,262144,39714,32378.29732733121,9957.37019983543,221640,13953,790,25761,0,0
P2,F3,37,calibration,t1,20,Mekong_1282475,KHM,1.0,0.10478057315311096,0.10478057964102827,0.6951937675476074,0.217810720205307,1.5815463484614156e-05,262144,262144,39714,32582.955948277417,10387.87986862623,221640,13953,790,25761,0,0
P2,F3,37,calibration,calibrated,21,Mekong_1395593,KHM,1.178275005455045,0.1581118632976114,0.15811185388938953,0.6393380165100098,0.19203560054302216,1.3587388821179047e-05,262144,261728,27775,28102.075228775742,7889.557981644241,233169,9684,784,18091,0,0
P2,F3,37,calibration,t1,21,Mekong_1395593,KHM,1.0,0.11305564000537383,0.11305567230691338,0.5638325810432434,0.16370242834091187,1.819193857954815e-05,262144,261728,27775,28291.883060547094,8132.40910191626,233169,9684,784,18091,0,0
P2,F3,37,calibration,calibrated,22,Mekong_1396181,KHM,1.178275005455045,0.08761506339760394,0.08761508074236046,0.9413632750511169,0.3744199872016907,1.343087205896154e-05,262144,243062,200818,94600.20977683959,30650.451752506542,57475,40580,2243,142764,0,0
P2,F3,37,calibration,t1,22,Mekong_1396181,KHM,1.0,0.06951866731839229,0.06951873184765411,0.9206279516220093,0.35414832830429077,1.7811331417760812e-05,262144,243062,200818,98175.30284436909,31688.49127247666,57475,40580,2243,142764,0,0
P2,F3,37,calibration,calibrated,23,Mekong_1413877,KHM,1.178275005455045,0.9283608813875835,0.928360881686628,0.2693400979042053,0.05353589355945587,4.331550826464081e-06,262144,256968,284,11017.363663968288,2202.408928469674,254315,141,2369,143,0,0
P2,F3,37,calibration,t1,23,Mekong_1413877,KHM,1.0,0.8711743747441254,0.8711743727781673,0.1914067268371582,0.03650311008095741,3.911371095455252e-06,262144,256968,284,10083.508908982372,2230.186247078746,254315,141,2369,143,0,0
P2,F3,37,calibration,calibrated,24,Mekong_1439641,KHM,1.178275005455045,0.09713085126871857,0.09713085817008293,0.9804465770721436,0.4283534586429596,1.0638277672114782e-05,262144,262083,211808,63678.636638024545,17796.492895066724,45555,18726,4736,193066,0,0
P2,F3,37,calibration,t1,24,Mekong_1439641,KHM,1.0,0.08011893882056442,0.08011896515398764,0.9731014966964722,0.41601163148880005,1.4234498848963995e-05,262144,262083,211808,58921.58731812348,17057.780001429317,45555,18726,4736,193066,0,0
P2,F3,37,calibration,calibrated,25,Mekong_1443339,KHM,1.178275005455045,0.09273523658820026,0.09273525183367959,0.9714921712875366,0.41338998079299927,1.1323721082590055e-05,262144,262135,215347,76249.76955868196,23262.292325562168,41332,28020,5458,187325,0,0
P2,F3,37,calibration,t1,25,Mekong_1443339,KHM,1.0,0.07572632269613888,0.07572638121608044,0.9609410762786865,0.3987003564834595,1.4948764146538451e-05,262144,262135,215347,74220.73982162669,23280.267290309883,41332,28020,5458,187325,0,0
P2,F3,37,calibration,calibrated,26,Mekong_16233,KHM,1.178275005455045,0.10209330977059927,0.10209330382406412,0.7789246439933777,0.25865229964256287,1.356389566353755e-05,262144,262132,70431,26650.69179133272,6601.115000502455,191191,8730,510,61701,0,0
P2,F3,37,calibration,t1,26,Mekong_16233,KHM,1.0,0.07426493513067944,0.07426485372912583,0.7195135354995728,0.22956250607967377,1.7807182302931324e-05,262144,262132,70431,24063.982651423532,6539.0092426752435,191191,8730,510,61701,0,0
P2,F3,37,calibration,calibrated,27,Mekong_213094,KHM,1.178275005455045,0.7220539070695777,0.7220538919815204,0.42785587906837463,0.12118496745824814,2.1945001208223403e-05,261386,229843,1979,7723.229021300445,1417.9348316316045,227781,1951,111,0,0,0
P2,F3,37,calibration,t1,27,Mekong_213094,KHM,1.0,0.623331197351743,0.6233311800606749,0.357403427362442,0.10138712078332901,2.8361668228171766e-05,261386,229843,1979,5945.942485044321,1342.986334863906,227781,1951,111,0,0,0
P2,F3,37,calibration,calibrated,28,Mekong_221789,KHM,1.178275005455045,0.9999999999746414,1.0,0.17883196473121643,0.027323056012392044,3.3779454042814905e-06,262144,215327,0,3278.3249958837014,59.2041580542442,215327,0,0,0,0,0
P2,F3,37,calibration,t1,28,Mekong_221789,KHM,1.0,0.9999999999480691,1.0,0.1096775084733963,0.014824213460087776,2.7075816433352884e-06,262144,215327,0,1596.9530247504279,15.471492118920413,215327,0,0,0,0,0
P2,F3,37,calibration,calibrated,29,Mekong_254910,KHM,1.178275005455045,0.2322998459163923,0.2322997832986219,0.489012211561203,0.12830597162246704,9.734848390507977e-06,262144,205495,13427,28156.06752368243,7287.728521889819,196784,8576,135,0,0,0
P2,F3,37,calibration,t1,29,Mekong_254910,KHM,1.0,0.15873179065333143,0.15873182843103617,0.40461722016334534,0.10279550403356552,1.2436744327715132e-05,262144,205495,13427,30182.174588662467,7518.03905810738,196784,8576,135,0,0,0
P2,F3,37,calibration,calibrated,30,Mekong_269835,KHM,1.178275005455045,0.69929090276055,0.6992909259700058,0.2209797203540802,0.04238232225179672,6.0323759498714935e-06,262144,212236,1125,4646.230770412867,553.1848600201216,211065,688,46,437,0,0
P2,F3,37,calibration,t1,30,Mekong_269835,KHM,1.0,0.5409785346158993,0.5409785040579242,0.15109790861606598,0.02843240462243557,6.850389581813943e-06,262144,212236,1125,3104.2919816986887,530.9967936810375,211065,688,46,437,0,0
P2,F3,37,calibration,calibrated,31,Mekong_293769,KHM,1.178275005455045,0.1398659099155818,0.1398659175494772,0.8018730282783508,0.2714017927646637,1.389587214362109e-05,261430,230540,46736,29792.624226094056,8882.184751914692,187366,12754,325,30095,0,0
P2,F3,37,calibration,t1,31,Mekong_293769,KHM,1.0,0.10498542299981461,0.10498546292377964,0.7467045783996582,0.24268904328346252,1.692521618679166e-05,261430,230540,46736,29316.81669291448,9190.6554094557,187366,12754,325,30095,0,0
P2,F3,37,calibration,calibrated,32,Mekong_333434,KHM,1.178275005455045,0.634512641834688,0.6345126388152517,0.38918694853782654,0.09769880771636963,7.96045242168475e-06,262144,203133,2346,14391.93916048904,3335.7874944679843,198900,949,3031,253,0,0
P2,F3,37,calibration,t1,32,Mekong_333434,KHM,1.0,0.5069151555131792,0.5069151464541458,0.31032124161720276,0.07691381126642227,9.479484106122982e-06,262144,203133,2346,14395.010684624918,3395.9862679499797,198900,949,3031,253,0,0
P2,F3,37,calibration,calibrated,33,Mekong_342411,KHM,1.178275005455045,0.14299365137723985,0.14299358964132225,0.7352142333984375,0.23698368668556213,1.385379073326476e-05,262144,262141,37740,35414.19081233257,10221.51803749011,221940,11287,2461,26453,0,0
P2,F3,37,calibration,t1,33,Mekong_342411,KHM,1.0,0.10551426497256267,0.10551429218256525,0.669983983039856,0.20793284475803375,1.9060678823734634e-05,262144,262141,37740,36218.526868308654,10535.634684053768,221940,11287,2461,26453,0,0
P2,F3,37,calibration,calibrated,34,Mekong_382276,KHM,1.178275005455045,0.2000022585707797,0.200002263178662,0.3080494999885559,0.07107552140951157,1.0414622011012398e-05,262144,262111,11814,9392.020056276684,1655.6051266007823,250229,2074,68,9740,0,0
P2,F3,37,calibration,t1,34,Mekong_382276,KHM,1.0,0.12391904543207322,0.12391906360128013,0.23404811322689056,0.05357649549841881,1.3392040273174644e-05,262144,262111,11814,7658.48046501992,1640.6714628854888,250229,2074,68,9740,0,0
P2,F3,37,calibration,calibrated,35,Mekong_424793,KHM,1.178275005455045,0.3894996226364976,0.38949961596864946,0.31206637620925903,0.06787551939487457,7.259766334755113e-06,262144,258487,4810,14800.816828845247,3200.9273976727395,252180,2304,1497,2506,0,0
P2,F3,37,calibration,t1,35,Mekong_424793,KHM,1.0,0.2601303144021615,0.26013028682063744,0.23198135197162628,0.04920172691345215,8.654777957417537e-06,262144,258487,4810,14158.812663865066,3252.195590040037,252180,2304,1497,2506,0,0
P2,F3,37,calibration,calibrated,36,Mekong_45934,KHM,1.178275005455045,0.9999999999749136,1.0,0.18479576706886292,0.0284829530864954,3.436947281443281e-06,262144,261859,0,5205.575882217284,357.67285334616884,261563,0,296,0,0,0
P2,F3,37,calibration,t1,36,Mekong_45934,KHM,1.0,0.9999999999488555,1.0,0.11417408287525177,0.015568234957754612,2.761165887932293e-06,262144,261859,0,3360.9213408438327,309.0451271276005,261563,0,296,0,0,0
P2,F3,37,calibration,calibrated,37,Mekong_474783,KHM,1.178275005455045,0.9999999999757786,1.0,0.23149508237838745,0.03942534327507019,3.7509200865315506e-06,262144,262119,0,25794.530280417566,5532.587449806749,256339,0,5780,0,0,0
P2,F3,37,calibration,t1,37,Mekong_474783,KHM,1.0,0.9999999999519078,1.0,0.15326344966888428,0.023579079657793045,3.106192707491573e-06,262144,262119,0,27564.06664330163,5610.21528072354,256339,0,5780,0,0,0
P2,F3,37,calibration,calibrated,38,Mekong_52610,KHM,1.178275005455045,0.08050246119603921,0.08050252025194993,0.9441090822219849,0.377411812543869,9.263566425943282e-06,262144,262144,224646,60109.6363714855,16182.38211581195,34533,16938,2965,207708,0,0
P2,F3,37,calibration,t1,38,Mekong_52610,KHM,1.0,0.06343929179107066,0.06343937365053798,0.9242591261863708,0.3575320541858673,1.2017930203001015e-05,262144,262144,224646,55862.16880732673,15587.56664202637,34533,16938,2965,207708,0,0
P2,F3,37,calibration,calibrated,39,Mekong_596495,KHM,1.178275005455045,0.08651135465574533,0.08651131243912369,0.9752325415611267,0.42000359296798706,6.839598881924758e-06,262143,229483,225073,60073.65483496434,17987.423379246564,28617,23723,4958,172185,0,0
P2,F3,37,calibration,t1,39,Mekong_596495,KHM,1.0,0.07023611596333978,0.07023610541711378,0.9660200476646423,0.4063607156276703,8.796989277470857e-06,262143,229483,225073,57118.547420571,17932.542980910723,28617,23723,4958,172185,0,0
P2,F3,37,calibration,calibrated,40,Mekong_774566,KHM,1.178275005455045,0.10168323675090885,0.10168320499783423,0.8975392580032349,0.33578142523765564,1.520699242973933e-05,262144,227728,107250,48120.86088005743,13464.319335730068,140434,10251,7948,69095,0,0
P2,F3,37,calibration,t1,40,Mekong_774566,KHM,1.0,0.07793108044476194,0.0779310506908708,0.8640037775039673,0.31131091713905334,2.097294054692611e-05,262144,227728,107250,47531.06279177155,13558.343827205728,140434,10251,7948,69095,0,0
P2,F3,37,calibration,calibrated,41,Mekong_846007,KHM,1.178275005455045,0.15783491849574027,0.15783492576865932,0.7316153645515442,0.2327612340450287,1.5658779375371523e-05,262144,164030,36270,15616.787168530278,3872.2626798237325,151684,4811,110,7425,0,0
P2,F3,37,calibration,t1,41,Mekong_846007,KHM,1.0,0.11616236792841395,0.11616236425732618,0.6646833419799805,0.20310276746749878,2.1305217160261236e-05,262144,164030,36270,14732.160998793262,3873.696822348703,151684,4811,110,7425,0,0
P2,F3,37,calibration,calibrated,42,Mekong_922373,KHM,1.178275005455045,0.12433389405145812,0.12433386284766579,0.9705795049667358,0.4120121896266937,2.0185783796478063e-05,262144,262138,132157,110021.36926278853,36490.10007562122,110176,32197,19805,99960,0,0
P2,F3,37,calibration,t1,42,Mekong_922373,KHM,1.0,0.1030977282687684,0.10309773584355397,0.9597051739692688,0.3971116542816162,2.807256896630861e-05,262144,262138,132157,116726.01561718392,37913.65115463136,110176,32197,19805,99960,0,0
P2,F3,37,calibration,calibrated,43,Mekong_977338,KHM,1.178275005455045,0.08437491967338284,0.08437488446007146,0.8531116843223572,0.3029710650444031,1.1432490282459185e-05,262144,176958,115316,25153.92033103045,6354.571894176025,103199,8192,149,65418,0,0
P2,F3,37,calibration,t1,43,Mekong_977338,KHM,1.0,0.06246340296271691,0.06246338414194552,0.8084244728088379,0.27580273151397705,1.5241504115692805e-05,262144,176958,115316,23603.75084489626,6303.048080638708,103199,8192,149,65418,0,0
P2,F3,37,calibration,calibrated,44,Mekong_98310,KHM,1.178275005455045,0.0891397612324436,0.08913978262831668,0.8389151096343994,0.2902117669582367,1.0223187018709723e-05,262144,182771,111462,31589.601930963883,8700.504189936732,87370,9734,2281,83386,0,0
P2,F3,37,calibration,t1,44,Mekong_98310,KHM,1.0,0.06575902537413558,0.0657590252770478,0.7901978492736816,0.26165494322776794,1.2756935575453099e-05,262144,182771,111462,30037.764991856646,8730.554237734399,87370,9734,2281,83386,0,0
P2,F3,37,calibration,calibrated,45,Nigeria_1095404,NGA,1.178275005455045,0.1027310350894719,0.10273104727949245,0.8149315118789673,0.27715033292770386,1.5307028661482036e-05,262144,252283,79170,79743.4306039628,24431.396702762155,176182,30010,1779,44312,0,0
P2,F3,37,calibration,t1,45,Nigeria_1095404,NGA,1.0,0.07593702982282657,0.07593700077391019,0.7615891098976135,0.24826297163963318,2.0974095605197363e-05,262144,252283,79170,86393.50792530933,25500.858977707416,176182,30010,1779,44312,0,0
P2,F3,37,calibration,calibrated,46,Nigeria_143329,NGA,1.178275005455045,0.6928485121418673,0.6928485151209336,0.3808962404727936,0.09829548746347427,7.437421118083876e-06,262144,249500,1904,10827.928494198713,2260.231152781738,245862,861,2049,728,0,0
P2,F3,37,calibration,t1,46,Nigeria_143329,NGA,1.0,0.5749450294302283,0.5749450496150501,0.30573639273643494,0.07863453030586243,8.519506081938744e-06,262144,249500,1904,9655.723698826909,2260.2398728228823,245862,861,2049,728,0,0
P2,F3,37,calibration,calibrated,47,Nigeria_22088,NGA,1.178275005455045,0.62431362748614,0.6243136505247486,0.5022023916244507,0.13718281686306,1.7403413949068636e-05,209501,209501,3681,13507.803226838878,2624.4441358956656,205707,3624,113,57,0,0
P2,F3,37,calibration,t1,47,Nigeria_22088,NGA,1.0,0.506912847105539,0.506912832002667,0.42025062441825867,0.11226848512887955,2.1882644432480447e-05,209501,209501,3681,10894.64731786132,2566.545713261799,205707,3624,113,57,0,0
P2,F3,37,calibration,calibrated,48,Nigeria_225131,NGA,1.178275005455045,0.9925844182389082,0.9925844187508532,0.26654624938964844,0.05117778852581978,4.134254595555831e-06,262144,241255,32,6875.0088529200675,1010.9410344384258,240110,14,1113,18,0,0
P2,F3,37,calibration,t1,48,Nigeria_225131,NGA,1.0,0.9860099192310691,0.9860099198215754,0.18703840672969818,0.03394225239753723,3.6677217849501176e-06,262144,241255,32,5322.295294266649,983.7212976059693,240110,14,1113,18,0,0
P2,F3,37,calibration,calibrated,49,Nigeria_31096,NGA,1.178275005455045,0.6038982232398005,0.6038981878218579,0.550101101398468,0.16089871525764465,1.1040597200917546e-05,262144,217487,3751,9631.07084521709,2170.1947749475235,213864,2807,492,324,0,0
P2,F3,37,calibration,t1,49,Nigeria_31096,NGA,1.0,0.502271874265345,0.5022718422228774,0.4739912748336792,0.13591933250427246,1.3750796824751887e-05,262144,217487,3751,8154.52713697412,2148.529300363335,213864,2807,492,324,0,0
P2,F3,37,calibration,calibrated,50,Nigeria_35845,NGA,1.178275005455045,0.5665121201707348,0.5665121085755421,0.2795467674732208,0.06396304816007614,8.310556950164028e-06,262144,213042,2403,5104.740651211629,789.6156304666912,211716,1040,74,212,0,0
P2,F3,37,calibration,t1,50,Nigeria_35845,NGA,1.0,0.4175976303381662,0.4175976624487294,0.20945580303668976,0.04815911129117012,1.02163521660259e-05,262144,213042,2403,3704.046571726451,790.5782975242782,211716,1040,74,212,0,0
P2,F3,37,calibration,calibrated,51,Nigeria_417184,NGA,1.178275005455045,0.22274872037190285,0.222748691742098,0.9888719916343689,0.446126252412796,1.651784623390995e-05,156380,50135,69239,19776.015946293177,6343.911217908453,39483,9268,199,1185,0,0
P2,F3,37,calibration,t1,51,Nigeria_417184,NGA,1.0,0.19068632002240082,0.19068636908651393,0.984632134437561,0.436708927154541,2.0990984921809286e-05,156380,50135,69239,19774.089240149275,6450.187774702708,39483,9268,199,1185,0,0
P2,F3,37,calibration,calibrated,52,Nigeria_439488,NGA,1.178275005455045,0.9983509752146408,0.9983509751798392,0.2345426082611084,0.041101448237895966,3.91000548916054e-06,262144,229200,7,9970.183656753341,1528.2290945590978,227725,7,1468,0,0,0
P2,F3,37,calibration,t1,52,Nigeria_439488,NGA,1.0,0.9967744429683426,0.99677444317703,0.15688307583332062,0.025284897536039352,3.406440328035387e-06,262144,229200,7,9254.492573648746,1493.4164683421673,227725,7,1468,0,0,0
P2,F3,37,calibration,calibrated,53,Nigeria_529525,NGA,1.178275005455045,0.0996607520714533,0.09966073459725633,0.974760115146637,0.41805320978164673,1.5196649655990768e-05,262144,262144,208488,93316.8204647442,27478.135124032822,28598,9895,25058,198593,0,0
P2,F3,37,calibration,t1,53,Nigeria_529525,NGA,1.0,0.08188033149159724,0.08188033719054966,0.9653573632240295,0.40406501293182373,2.0436098566278815e-05,262144,262144,208488,93843.52923061869,27328.54846270159,28598,9895,25058,198593,0,0
P2,F3,37,calibration,calibrated,54,Nigeria_598959,NGA,1.178275005455045,0.9405743592393325,0.9405743509313618,0.276066392660141,0.05521547049283981,5.98749284108635e-06,262144,211208,235,200982.6359540307,44905.49178515518,164568,112,46405,123,0,0
P2,F3,37,calibration,t1,54,Nigeria_598959,NGA,1.0,0.892637327522791,0.8926373248177288,0.1967703104019165,0.03781290352344513,6.151107299956493e-06,262144,211208,235,234360.54760230752,45601.294150827256,164568,112,46405,123,0,0
P2,F3,37,calibration,calibrated,55,Nigeria_600295,NGA,1.178275005455045,0.0776793122699927,0.07767929402822316,0.7697381973266602,0.2473178207874298,9.013209819386248e-06,262144,181691,130481,34216.69760436145,8816.569812439478,88662,9368,1157,82504,0,0
P2,F3,37,calibration,t1,55,Nigeria_600295,NGA,1.0,0.05548390726651986,0.05548388120987768,0.7065626382827759,0.21658094227313995,1.1426420314819552e-05,262144,181691,130481,33246.59842229939,8799.114364619578,88662,9368,1157,82504,0,0
P2,F3,37,calibration,calibrated,56,Nigeria_707067,NGA,1.178275005455045,0.8684556867573199,0.8684556784079791,0.3914337456226349,0.09608029574155807,7.75453827372985e-06,262144,261359,732,18079.508017242813,3802.7340911984998,257038,565,3599,157,0,0
P2,F3,37,calibration,t1,56,Nigeria_707067,NGA,1.0,0.7966166952799526,0.7966166893125363,0.3097248673439026,0.0746292695403099,8.660088496981189e-06,262144,261359,732,17840.862636442613,3791.6037241042345,257038,565,3599,157,0,0
P2,F3,37,calibration,calibrated,57,Nigeria_78061,NGA,1.178275005455045,0.17719639456415615,0.1771963883436356,0.7610546350479126,0.2511468231678009,3.4094147849828005e-05,262144,228886,31623,41712.94354908689,12747.370371527693,206426,16966,118,5376,0,0
P2,F3,37,calibration,t1,57,Nigeria_78061,NGA,1.0,0.13367564845014202,0.13367565215250732,0.6998056769371033,0.2224157750606537,5.389229045249522e-05,262144,228886,31623,44634.284282391294,13330.507125847838,206426,16966,118,5376,0,0
P2,F3,37,calibration,calibrated,58,Nigeria_812045,NGA,1.178275005455045,0.07206258445894398,0.07206257963097262,0.8316946625709534,0.2844425439834595,8.858613909978885e-06,261565,236584,159976,45301.799913410265,12300.585465858712,100736,16265,80,119503,0,0
P2,F3,37,calibration,t1,58,Nigeria_812045,NGA,1.0,0.05264882448282149,0.052648832415238433,0.7811090350151062,0.2553541660308838,1.1239623745495919e-05,261565,236584,159976,43588.79494901153,12359.547250060086,100736,16265,80,119503,0,0
P2,F3,37,calibration,calibrated,59,Nigeria_81933,NGA,1.178275005455045,0.14030781001822634,0.14030776410239676,0.9908269047737122,0.4512827396392822,1.941792288562283e-05,262144,246268,167799,137553.76309113944,46015.211909091995,43852,24466,41919,136031,0,0
P2,F3,37,calibration,t1,59,Nigeria_81933,NGA,1.0,0.12086215600932737,0.1208621792845781,0.9873211979866028,0.44273898005485535,2.6673977117752656e-05,262144,246268,167799,145657.4989301451,47543.60706303803,43852,24466,41919,136031,0,0
P2,F3,37,calibration,calibrated,60,Nigeria_820924,NGA,1.178275005455045,0.9052283356155943,0.905228340951413,0.2306360900402069,0.04476962611079216,4.537592303677229e-06,262144,262143,368,7350.418327204484,1064.8412316453619,260751,216,1024,152,0,0
P2,F3,37,calibration,t1,60,Nigeria_820924,NGA,1.0,0.8307648488831857,0.8307648465423363,0.15858301520347595,0.0302834901958704,4.318633727962151e-06,262144,262143,368,5742.476907351191,1039.7797839992713,260751,216,1024,152,0,0
P2,F3,37,calibration,calibrated,61,Nigeria_952958,NGA,1.178275005455045,0.1869240532815578,0.18692408083903822,0.6142936944961548,0.18334601819515228,2.5867026124615222e-05,262144,227674,22766,35387.00078414616,9777.29549286158,206822,11117,1261,8474,0,0
P2,F3,37,calibration,t1,61,Nigeria_952958,NGA,1.0,0.1341089646052962,0.13410890755619032,0.5387107133865356,0.15598563849925995,3.978858148911968e-05,262144,227674,22766,37294.181174695,10087.94388503958,206822,11117,1261,8474,0,0
P2,F3,37,calibration,calibrated,62,Nigeria_984831,NGA,1.178275005455045,0.09531113208476294,0.09531116116296012,0.9778811931610107,0.42353808879852295,1.0240152732876595e-05,262144,240158,226845,75485.65620327002,22286.06177150716,9143,9335,19694,201986,0,0
P2,F3,37,calibration,t1,62,Nigeria_984831,NGA,1.0,0.0786517152687436,0.07865173944739212,0.969602644443512,0.4104200601577759,1.3397036127571482e-05,262144,240158,226845,74132.74424904061,22028.561963144486,9143,9335,19694,201986,0,0
P2,F3,37,calibration,calibrated,63,Spain_1167260,ESP,1.178275005455045,0.1897234958280115,0.18972351163522816,0.9456072449684143,0.3813329339027405,4.7898451157379895e-05,262144,262119,55974,81038.98507903845,24879.14389566986,195691,23909,10457,32062,0,0
P2,F3,37,calibration,t1,63,Spain_1167260,ESP,1.0,0.15651325383860448,0.15651327259486514,0.9263902306556702,0.3621387183666229,7.236130477394909e-05,262144,262119,55974,86337.96880390306,25669.872868093626,195691,23909,10457,32062,0,0
P2,F3,37,calibration,calibrated,64,Spain_1199913,ESP,1.178275005455045,0.2542081092134012,0.25420813968640277,0.5413942933082581,0.15062589943408966,2.0581244825734757e-05,262144,262143,13550,23793.573968370405,5694.653241581793,246755,5298,1838,8252,0,0
P2,F3,37,calibration,t1,64,Spain_1199913,ESP,1.0,0.1812356459126505,0.18123567221665537,0.45978835225105286,0.12418003380298615,2.9189392080297694e-05,262144,262143,13550,23487.06293066335,5763.411859852097,246755,5298,1838,8252,0,0
P2,F3,37,calibration,calibrated,65,Spain_2472849,ESP,1.178275005455045,0.9368372062450903,0.9368372093605914,0.30118998885154724,0.06046843156218529,5.673468422173755e-06,262144,261759,272,5378.959657211422,343.83569432617605,261467,272,20,0,0,0
P2,F3,37,calibration,t1,65,Spain_2472849,ESP,1.0,0.8878161513228324,0.8878161428601663,0.21646937727928162,0.04135432839393616,5.818675163027365e-06,262144,261759,272,3095.6904906520504,252.61778669239158,261467,272,20,0,0,0
P2,F3,37,calibration,calibrated,66,Spain_2523247,ESP,1.178275005455045,0.40198472916878414,0.4019847275256435,0.6049266457557678,0.17846795916557312,1.9376506315893494e-05,262144,262039,8475,27959.101017440924,7123.153690368137,251995,7615,1569,860,0,0
P2,F3,37,calibration,t1,66,Spain_2523247,ESP,1.0,0.3102750397749695,0.31027502473848856,0.5273085236549377,0.15103597939014435,2.7403171770856716e-05,262144,262039,8475,28197.061149010275,7247.419167121831,251995,7615,1569,860,0,0
P2,F3,37,calibration,calibrated,67,Spain_2594119,ESP,1.178275005455045,0.41941533931060904,0.4194153674559631,0.7623732089996338,0.2545458674430847,2.1855792510905303e-05,262144,262009,10344,23958.477998898743,6639.345079910745,250773,8359,896,1981,0,0
P2,F3,37,calibration,t1,67,Spain_2594119,ESP,1.0,0.3430396906335397,0.3430396654756762,0.7024978399276733,0.22649917006492615,3.0909690394764766e-05,262144,262009,10344,22923.9069179455,6704.570965999224,250773,8359,896,1981,0,0
P2,F3,37,calibration,calibrated,68,Spain_2938657,ESP,1.178275005455045,0.2199986424710535,0.21999873877859466,0.5087301731109619,0.1381213217973709,1.8130991520592943e-05,262144,262074,16180,21339.009475457457,5168.195847170825,245684,6618,210,9562,0,0
P2,F3,37,calibration,t1,68,Spain_2938657,ESP,1.0,0.15230159711076685,0.15230154493921666,0.42614758014678955,0.11262039840221405,2.602902713988442e-05,262144,262074,16180,20522.513673965746,5260.521606763723,245684,6618,210,9562,0,0
P2,F3,37,calibration,calibrated,69,Spain_3285448,ESP,1.178275005455045,0.10372179446526719,0.10372174342636697,0.6953521370887756,0.2103707492351532,1.6601255993009545e-05,262144,262136,63759,29231.52427487055,7219.625933354413,197429,8318,948,55441,0,0
P2,F3,37,calibration,t1,69,Spain_3285448,ESP,1.0,0.07266800001602691,0.0726679695813559,0.6214624047279358,0.17962759733200073,2.224306263087783e-05,262144,262136,63759,27205.997445588084,7214.137126903701,197429,8318,948,55441,0,0
P2,F3,37,calibration,calibrated,70,Spain_337094,ESP,1.178275005455045,0.29114030727896856,0.2911402819682374,0.9045714139938354,0.34250518679618835,3.398491389816627e-05,262144,262056,26389,59998.30290253001,18253.73963864649,223499,12482,12168,13907,0,0
P2,F3,37,calibration,t1,70,Spain_337094,ESP,1.0,0.2406552503781778,0.24065524521076287,0.8731105923652649,0.31881386041641235,5.011420580558479e-05,262144,262056,26389,63349.69520486661,18791.502080200582,223499,12482,12168,13907,0,0
P2,F3,37,calibration,calibrated,71,Spain_4282030,ESP,1.178275005455045,0.1287118185449403,0.1287117677938452,0.9659640789031982,0.40511414408683777,2.7079393476014957e-05,262144,262123,123848,108043.21376370269,33651.13378954625,128625,35367,9666,88465,0,0
P2,F3,37,calibration,t1,71,Spain_4282030,ESP,1.0,0.10561389819765943,0.10561390293413364,0.9534747004508972,0.38916829228401184,3.8397796743083745e-05,262144,262123,123848,114182.91824586835,34548.02979041943,128625,35367,9666,88465,0,0
P2,F3,37,calibration,calibrated,72,Spain_4915752,ESP,1.178275005455045,0.24637117621300808,0.24637121570322307,0.4800828993320465,0.12654919922351837,1.633697684155777e-05,262144,262128,12405,18514.00856841593,4338.290659036114,249420,5044,303,7361,0,0
P2,F3,37,calibration,t1,72,Spain_4915752,ESP,1.0,0.16989759556469353,0.16989760447030045,0.39638394117355347,0.10171976685523987,2.2115442334325053e-05,262144,262128,12405,17669.841227678004,4374.412217451303,249420,5044,303,7361,0,0
P2,F3,37,calibration,calibrated,73,Spain_5650136,ESP,1.178275005455045,0.09313836542829246,0.09313838126871699,0.8753073811531067,0.31584489345550537,1.1438137335062493e-05,262144,171596,128119,61267.160132974386,19392.676709837655,42477,24912,1177,103030,0,0
P2,F3,37,calibration,t1,73,Spain_5650136,ESP,1.0,0.07039128192679422,0.0703912924525335,0.8354626893997192,0.28920993208885193,1.4383470443135593e-05,262144,171596,128119,64482.24289906704,20112.240685729266,42477,24912,1177,103030,0,0
P2,F3,37,calibration,calibrated,74,Spain_5678382,ESP,1.178275005455045,0.3736878256601659,0.3736878337233642,0.6819127798080444,0.21337983012199402,1.8420283595332876e-05,262144,262117,10757,40016.60377551968,10588.520906102234,248180,10367,3183,387,0,0
P2,F3,37,calibration,t1,74,Spain_5678382,ESP,1.0,0.29271502725027254,0.29271510372370957,0.6112508177757263,0.1850634515285492,2.5930046831490472e-05,262144,262117,10757,42056.17012011501,10845.16986704796,248180,10367,3183,387,0,0
P2,F3,37,calibration,calibrated,75,Spain_5816638,ESP,1.178275005455045,0.9290209214420617,0.9290209157940803,0.28653132915496826,0.056143660098314285,5.366635377868079e-06,262144,262052,276,5639.971448030985,390.5105146000727,261589,84,187,192,0,0
P2,F3,37,calibration,t1,75,Spain_5816638,ESP,1.0,0.8725526157216674,0.8725526201060547,0.20383381843566895,0.03773798421025276,5.4589622777712066e-06,262144,262052,276,3438.8400041273158,300.4377563926929,261589,84,187,192,0,0
P2,F3,37,calibration,calibrated,76,Spain_5923267,ESP,1.178275005455045,0.08007008420545725,0.08007006500623715,0.9561200737953186,0.39259710907936096,7.238781108753756e-06,262144,218743,221674,38843.178166066136,9666.142953945937,4173,12857,11,201702,0,0
P2,F3,37,calibration,t1,76,Spain_5923267,ESP,1.0,0.06320823687336363,0.06320824866252794,0.9402692317962646,0.3748556077480316,9.266820597986225e-06,262144,218743,221674,35016.261651487424,9395.340191011834,4173,12857,11,201702,0,0
P2,F3,37,calibration,calibrated,77,Spain_6095801,ESP,1.178275005455045,0.2480582300811951,0.24805824927397546,0.9221782088279724,0.3576686382293701,4.874460864812136e-05,262144,262062,35494,75030.66632461885,23027.626981628935,217238,22088,9330,13406,0,0
P2,F3,37,calibration,t1,77,Spain_6095801,ESP,1.0,0.20390595223843533,0.20390599997893222,0.8957594633102417,0.33557623624801636,7.495580211980268e-05,262144,262062,35494,80308.39931397187,23827.16752414519,217238,22088,9330,13406,0,0
P2,F3,37,calibration,calibrated,78,Spain_6199994,ESP,1.178275005455045,0.9004751383907841,0.9004751390684947,0.39928990602493286,0.08943958580493927,6.820080216130009e-06,262144,261902,541,8087.5623731452,994.2752187519743,260727,392,634,149,0,0
P2,F3,37,calibration,t1,78,Spain_6199994,ESP,1.0,0.8382855343699277,0.8382855312623966,0.3075908124446869,0.0654069259762764,7.479086889361497e-06,262144,261902,541,5873.491758946606,879.8221478480405,260727,392,634,149,0,0
P2,F3,37,calibration,calibrated,79,Spain_6537196,ESP,1.178275005455045,0.48234422958566037,0.4823442499847397,0.6294563412666321,0.18752260506153107,1.9275023078080267e-05,262144,262106,6391,23423.890331869756,6216.347026202087,253240,5820,2475,571,0,0
P2,F3,37,calibration,t1,79,Spain_6537196,ESP,1.0,0.3861491404264632,0.38614909515952645,0.5530882477760315,0.15931129455566406,2.6313200578442775e-05,262144,262106,6391,22921.725014362768,6329.118508104034,253240,5820,2475,571,0,0
P2,F3,37,calibration,calibrated,80,Spain_6860600,ESP,1.178275005455045,0.9711321055206467,0.9711321043811898,0.28327006101608276,0.05730203539133072,4.123099643038586e-06,262144,261969,137,5929.061540238339,491.82300790680785,261586,137,246,0,0,0
P2,F3,37,calibration,t1,80,Spain_6860600,ESP,1.0,0.9480619873550015,0.9480619826134494,0.20237620174884796,0.039554085582494736,3.7106181025592377e-06,262144,261969,137,3826.8790823726827,406.2938677746372,261586,137,246,0,0,0
P2,F3,37,calibration,calibrated,81,Spain_716716,ESP,1.178275005455045,0.3955193870627455,0.39551935862903176,0.48112666606903076,0.12894244492053986,1.352496929030167e-05,262144,262067,6420,25783.79070819074,6256.338386587551,253810,5613,1837,807,0,0
P2,F3,37,calibration,t1,81,Spain_716716,ESP,1.0,0.2914536968913728,0.2914537287608856,0.3995813727378845,0.10457680374383926,1.8203407307737507e-05,262144,262067,6420,26446.10201637796,6364.037607092594,253810,5613,1837,807,0,0
P2,F3,37,calibration,calibrated,82,Spain_7370579,ESP,1.178275005455045,0.15124346836564573,0.15124346383869736,0.955451488494873,0.39209413528442383,3.1046663934830576e-05,262144,262045,83847,97312.76371268868,30192.04554820685,164726,27284,13483,56552,0,0
P2,F3,37,calibration,t1,82,Spain_7370579,ESP,1.0,0.12412062605406571,0.12412059193714686,0.9394192099571228,0.3743123412132263,4.482491931412369e-05,262144,262045,83847,104061.61666693217,31152.667085271176,164726,27284,13483,56552,0,0
P2,F3,37,calibration,calibrated,83,Spain_7387658,ESP,1.178275005455045,0.11565212373748979,0.11565217184491594,0.9812843203544617,0.4300747811794281,2.056412813544739e-05,262144,262057,187518,122737.87770096486,40551.451898808504,62512,46539,12053,140953,0,0
P2,F3,37,calibration,t1,83,Spain_7387658,ESP,1.0,0.09675904414973047,0.0967590814357926,0.9742445349693298,0.4180135130882263,2.8755299354088493e-05,262144,262057,187518,128150.28273640704,41824.37327069504,62512,46539,12053,140953,0,0
P2,F3,37,calibration,calibrated,84,Spain_7558720,ESP,1.178275005455045,0.40903619160649685,0.4090361957376405,0.6030533313751221,0.17457877099514008,1.4712450138176791e-05,262144,261984,7607,28629.04251483126,7480.109667411148,252426,7421,1956,181,0,0
P2,F3,37,calibration,t1,84,Spain_7558720,ESP,1.0,0.31538244447978936,0.3153825227205592,0.5239679217338562,0.14642582833766937,1.9562183297239244e-05,262144,261984,7607,29218.729782464703,7632.559721824467,252426,7421,1956,181,0,0
P2,F3,37,calibration,calibrated,85,Spain_7604243,ESP,1.178275005455045,0.18165170752944992,0.18165174083991387,0.5208474397659302,0.1394444853067398,1.556070856167935e-05,262144,262080,22960,14608.17523713876,2660.494261415126,238470,2691,650,20269,0,0
P2,F3,37,calibration,t1,85,Spain_7604243,ESP,1.0,0.12408481375818992,0.12408486634466376,0.4352814555168152,0.11276648193597794,2.0575836970238015e-05,262144,262080,22960,11793.598297041906,2526.6509627475725,238470,2691,650,20269,0,0
P2,F3,37,calibration,calibrated,86,Spain_7786924,ESP,1.178275005455045,0.5240624506097067,0.5240624163590746,0.6736605167388916,0.20882068574428558,2.135862632712815e-05,262144,262111,5983,24369.872139435865,6443.445496770686,252911,5432,3220,548,0,0
P2,F3,37,calibration,t1,86,Spain_7786924,ESP,1.0,0.4321040402859502,0.4321040260494734,0.6022480726242065,0.18042023479938507,2.9523247576435097e-05,262144,262111,5983,23944.498506947566,6541.583874980233,252911,5432,3220,548,0,0
P2,F3,37,calibration,calibrated,87,Spain_7856615,ESP,1.178275005455045,0.3372695946211851,0.3372695228172279,0.8981560468673706,0.3379812240600586,3.7625704862875864e-05,262144,261930,20872,54816.89851484326,15856.278451354785,236105,16188,4953,4684,0,0
P2,F3,37,calibration,t1,87,Spain_7856615,ESP,1.0,0.28092176178976347,0.28092170820326556,0.8650540113449097,0.3139391243457794,5.611765300272964e-05,262144,261930,20872,57390.60021978579,16190.321098888955,236105,16188,4953,4684,0,0
P2,F3,37,calibration,calibrated,88,Spain_8104659,ESP,1.178275005455045,0.26792802796043946,0.2679279980634277,0.8802554607391357,0.32255735993385315,2.7447831598692574e-05,262144,262128,27735,70481.17395401576,21332.8987989421,232715,25929,1678,1806,0,0
P2,F3,37,calibration,t1,88,Spain_8104659,ESP,1.0,0.21688249559130324,0.21688252621131765,0.842235803604126,0.2969255745410919,3.9751972508383915e-05,262144,262128,27735,75576.04750411914,22029.134031944275,232715,25929,1678,1806,0,0
P2,F3,37,calibration,calibrated,89,Spain_8154154,ESP,1.178275005455045,0.38642853866261884,0.3864285393461667,0.7008375525474548,0.22098073363304138,2.265212060592603e-05,262144,262118,10294,27012.09404918178,7493.095228539229,249616,7920,2212,2370,0,0
P2,F3,37,calibration,t1,89,Spain_8154154,ESP,1.0,0.3059440096728372,0.30594402925839204,0.6317861080169678,0.19221752882003784,3.206385372322984e-05,262144,262118,10294,26789.745741121435,7649.5626083241095,249616,7920,2212,2370,0,0
P2,F3,37,calibration,calibrated,90,Spain_8199661,ESP,1.178275005455045,0.2857088774454015,0.28570889544238,0.6334030032157898,0.19060038030147552,2.370198126300238e-05,262144,262036,13173,27136.80585353602,7142.499351874297,246808,7046,2056,6126,0,0
P2,F3,37,calibration,t1,90,Spain_8199661,ESP,1.0,0.214403863845125,0.2144038453700251,0.5587591528892517,0.1626841425895691,3.395783278392628e-05,262144,262036,13173,27271.760936455932,7271.943835231888,246808,7046,2056,6126,0,0
P2,F3,37,calibration,calibrated,91,Spain_8372658,ESP,1.178275005455045,0.11389626982495826,0.11389625007210058,0.9404538869857788,0.37551605701446533,1.7892925825435668e-05,262144,262029,112633,72972.53750005121,22505.97946669338,143414,25511,5987,87117,0,0
P2,F3,37,calibration,t1,91,Spain_8372658,ESP,1.0,0.09061628713399872,0.09061627550417828,0.9195745587348938,0.3555486798286438,2.4125940399244428e-05,262144,262029,112633,74824.49090776294,23092.24229780752,143414,25511,5987,87117,0,0
P2,F3,37,calibration,calibrated,92,Spain_8565131,ESP,1.178275005455045,0.12272558419548729,0.12272559377625691,0.8881027102470398,0.32784634828567505,1.99119167518802e-05,262144,262084,76262,76278.8067480597,23740.401145543427,181778,27950,4049,48307,0,0
P2,F3,37,calibration,t1,92,Spain_8565131,ESP,1.0,0.09509361806144034,0.09509364367994433,0.8520528674125671,0.3025914132595062,2.812640741467476e-05,262144,262084,76262,81297.84582179856,24683.83984013976,181778,27950,4049,48307,0,0
P2,F3,37,test,calibrated,0,India_1017769,IND,1.178275005455045,0.09674565985750272,0.0967455847449733,0.9686980247497559,0.4093823730945587,1.7109423424699344e-05,262144,172971,188687,94959.29663898807,31211.243922372167,33495,41333,1751,96392,0,0
P2,F3,37,test,t1,0,India_1017769,IND,1.0,0.0784016795671576,0.0784016502547279,0.9571704864501953,0.39409127831459045,2.3438615244231187e-05,262144,172971,188687,101886.74099920399,32481.23502268023,33495,41333,1751,96392,0,0
P2,F3,37,test,calibrated,1,India_1018317,IND,1.178275005455045,0.08720784769502787,0.0872078250672943,0.9483320116996765,0.38229548931121826,8.61043190525379e-06,262144,196977,195872,66515.13425221386,20674.290540094946,19732,26535,905,149805,0,0
P2,F3,37,test,t1,1,India_1018317,IND,1.0,0.06903867889306559,0.06903868124929202,0.92985999584198,0.3630739748477936,1.111704477807507e-05,262144,196977,195872,68796.5000583124,21351.661048145143,19732,26535,905,149805,0,0
P2,F3,37,test,calibrated,2,India_1018327,IND,1.178275005455045,0.19942144739373757,0.19942142941808938,0.8977177143096924,0.33741670846939087,3.2503488910151646e-05,262144,262142,42001,79194.06671375212,23210.698875734583,207259,18234,12882,23767,0,0
P2,F3,37,test,t1,2,India_1018327,IND,1.0,0.15971628213089195,0.15971628466324483,0.8644739985466003,0.3132965862751007,5.055696965428069e-05,262144,262142,42001,85627.54819356475,23995.71057363739,207259,18234,12882,23767,0,0
P2,F3,37,test,calibrated,3,India_103447,IND,1.178275005455045,0.11901238829964789,0.11901241460341805,0.7945641279220581,0.26921388506889343,1.7590571587788872e-05,262144,163567,57024,48187.32796184256,13598.055310561871,126026,10564,5828,21149,0,0
P2,F3,37,test,t1,3,India_103447,IND,1.0,0.08850751105800292,0.08850748490236182,0.7387576103210449,0.24083872139453888,2.5188004656229168e-05,262144,163567,57024,52851.444212390474,14042.023949524717,126026,10564,5828,21149,0,0
P2,F3,37,test,calibrated,4,India_1050276,IND,1.178275005455045,0.2394092525889867,0.23940925685426595,0.90789794921875,0.34523940086364746,5.007018262404017e-05,262144,255185,34661,168054.94307344992,45145.22177210475,186670,19510,35012,13993,0,0
P2,F3,37,test,t1,4,India_1050276,IND,1.0,0.1948562268113786,0.19485619090052875,0.8773798942565918,0.3218241035938263,7.823909254511818e-05,262144,255185,34661,190440.05741518922,46515.47112520211,186670,19510,35012,13993,0,0
P2,F3,37,test,calibrated,5,India_1068117,IND,1.178275005455045,0.18892444097580607,0.18892444125753916,0.9549204111099243,0.39206045866012573,4.550942685455084e-05,262144,229712,64674,105544.849708187,32643.676689281907,156630,25122,18201,29759,0,0
P2,F3,37,test,t1,5,India_1068117,IND,1.0,0.15604811150205744,0.15604813201909495,0.9387365579605103,0.3743104636669159,7.155516505008563e-05,262144,229712,64674,115581.01623231905,33895.412097859444,156630,25122,18201,29759,0,0
P2,F3,37,test,calibrated,6,India_1072277,IND,1.178275005455045,0.9999999999779611,1.0,0.25488242506980896,0.04389306157827377,3.6390563309396384e-06,262144,262142,0,104647.6833975041,22015.266904098884,239596,0,22546,0,0,0
P2,F3,37,test,t1,6,India_1072277,IND,1.0,0.999999999957182,1.0,0.17118455469608307,0.02635415829718113,2.98281452160154e-06,262144,262142,0,120240.5944704147,22255.629709694276,239596,0,22546,0,0,0
P2,F3,37,test,calibrated,7,India_118868,IND,1.178275005455045,0.6588932156913663,0.6588932189673837,0.672544002532959,0.2047339528799057,1.7251770259463228e-05,159275,159275,3909,42935.290106299944,11855.668976694375,144944,3646,10422,263,0,0
P2,F3,37,test,t1,7,India_118868,IND,1.0,0.5617227840327026,0.5617227950350518,0.5985174775123596,0.17543929815292358,2.1454594389069825e-05,159275,159275,3909,44927.15001531388,12129.056628276729,144944,3646,10422,263,0,0
P2,F3,37,test,calibrated,8,India_135434,IND,1.178275005455045,0.16148791999747747,0.16148790051566542,0.7146033048629761,0.22680819034576416,2.0922449039062485e-05,258866,117150,32726,18172.80835516015,5022.9094236346045,101418,5420,1089,9223,0,0
P2,F3,37,test,t1,8,India_135434,IND,1.0,0.11856410926075545,0.11856402073841321,0.6466717720031738,0.19778448343276978,3.087966251769103e-05,258866,117150,32726,19147.326128920806,5175.5880428798055,101418,5420,1089,9223,0,0
P2,F3,37,test,calibrated,9,India_136196,IND,1.178275005455045,0.9587668991418881,0.9587668994860697,0.3356491029262543,0.06643959879875183,4.671177975978935e-06,262144,211744,192,4703.424496310579,273.5847541147289,211552,192,0,0,0,0
P2,F3,37,test,t1,9,India_136196,IND,1.0,0.9260272552446273,0.9260272589861028,0.24409417808055878,0.04457876458764076,4.466170594241703e-06,262144,211744,192,2700.3471410231386,176.1728090836633,211552,192,0,0,0,0
P2,F3,37,test,calibrated,10,India_164336,IND,1.178275005455045,0.9999999999837154,1.0,0.36423489451408386,0.07030853629112244,3.520880682117422e-06,262144,259101,0,14479.049605439806,2063.754999014962,257220,0,1881,0,0,0
P2,F3,37,test,t1,10,India_164336,IND,1.0,0.9999999999710935,1.0,0.26591551303863525,0.04588789492845535,2.844410346369841e-06,262144,259101,0,13187.829313826198,1937.5372378401858,257220,0,1881,0,0,0
P2,F3,37,test,calibrated,11,India_166709,IND,1.178275005455045,0.6500995459623604,0.6500995528110198,0.6017583608627319,0.1828572005033493,1.1121731404273305e-05,262144,256894,3546,38741.94000685596,9376.753934059852,245256,2799,8092,747,0,0
P2,F3,37,test,t1,11,India_166709,IND,1.0,0.5587771418204153,0.5587771513209612,0.5277991890907288,0.15691527724266052,1.3874298019800335e-05,262144,256894,3546,41368.28110201967,9464.711208252384,245256,2799,8092,747,0,0
P2,F3,37,test,calibrated,12,India_177319,IND,1.178275005455045,0.7883746133371348,0.7883746176146562,0.4235077202320099,0.11698977649211884,2.0086648873984814e-05,261409,256490,1409,13660.828355164862,2565.663678283546,253554,1358,1527,51,0,0
P2,F3,37,test,t1,12,India_177319,IND,1.0,0.7014822276553392,0.7014822414138984,0.34993383288383484,0.09670083969831467,2.5437058866373263e-05,261409,256490,1409,12599.262431536064,2476.8996830850706,253554,1358,1527,51,0,0
P2,F3,37,test,calibrated,13,India_179238,IND,1.178275005455045,0.9999999999747711,1.0,0.1876366287469864,0.02912428230047226,3.483570935713942e-06,262144,192482,0,51980.7879806334,11264.229839550746,180890,0,11592,0,0,0
P2,F3,37,test,t1,13,India_179238,IND,1.0,0.9999999999485414,1.0,0.11651282757520676,0.01602601446211338,2.8157508040749235e-06,262144,192482,0,59278.48628716922,11413.481950385687,180890,0,11592,0,0,0
P2,F3,37,test,calibrated,14,India_180633,IND,1.178275005455045,0.11274424191544263,0.11274420119739137,0.9427105784416199,0.37736040353775024,1.4704011846333742e-05,262144,164555,121132,52513.617376562404,16954.332718143174,67062,21730,2851,72912,0,0
P2,F3,37,test,t1,14,India_180633,IND,1.0,0.08993228238613948,0.08993236142518268,0.922509491443634,0.3575858473777771,1.962498208740726e-05,262144,164555,121132,54574.75545875209,17635.872508696804,67062,21730,2851,72912,0,0
P2,F3,37,test,calibrated,15,India_207862,IND,1.178275005455045,0.781879218187583,0.7818792093811229,0.4881611764431,0.12535597383975983,8.185159458662383e-06,262144,200115,1357,81979.97406335961,19857.240524440058,178231,856,20652,376,0,0
P2,F3,37,test,t1,15,India_207862,IND,1.0,0.6886067245809615,0.688606716080886,0.40153366327285767,0.09921940416097641,9.302652870246675e-06,262144,200115,1357,93290.1566650206,20278.006331774704,178231,856,20652,376,0,0
P2,F3,37,test,calibrated,16,India_244057,IND,1.178275005455045,0.9999999999834588,1.0,0.37327608466148376,0.07385644316673279,3.694686256494606e-06,262144,160537,0,3686.9319489958875,156.01090816797347,160532,0,5,0,0,0
P2,F3,37,test,t1,16,India_244057,IND,1.0,0.9999999999705815,1.0,0.2761184871196747,0.049171332269907,2.989451559187728e-06,262144,160537,0,2064.07265304861,64.74520379416637,160532,0,5,0,0,0
P2,F3,37,test,calibrated,17,India_25540,IND,1.178275005455045,0.9999999999779462,1.0,0.2496079057455063,0.042889755219221115,4.087245997652644e-06,262144,188625,0,51516.33128892114,11112.715853192238,177066,0,11559,0,0,0
P2,F3,37,test,t1,17,India_25540,IND,1.0,0.9999999999571946,1.0,0.16659997403621674,0.025777684524655342,3.486841706035193e-06,262144,188625,0,58716.557816856955,11269.947817622635,177066,0,11559,0,0,0
P2,F3,37,test,calibrated,18,India_265762,IND,1.178275005455045,0.9999999999759651,1.0,0.20589327812194824,0.034241821616888046,3.515376647555968e-06,262144,147296,0,39870.09495955098,8313.190068008937,138763,0,8533,0,0,0
P2,F3,37,test,t1,18,India_265762,IND,1.0,0.9999999999521958,1.0,0.13263991475105286,0.020211001858115196,2.86571435026417e-06,262144,147296,0,45314.142322534186,8409.611547002096,138763,0,8533,0,0,0
P2,F3,37,test,calibrated,19,India_273873,IND,1.178275005455045,0.30936906606115133,0.30936911521484256,0.7782928347587585,0.25908684730529785,3.385107629583217e-05,262144,155608,17264,34756.106278861786,9068.246598322465,142821,7341,3664,1782,0,0
P2,F3,37,test,t1,19,India_273873,IND,1.0,0.243782457839265,0.24378246629359457,0.7191875576972961,0.23019857704639435,5.1868086302420124e-05,262144,155608,17264,37263.101221791396,9234.471572570683,142821,7341,3664,1782,0,0
P2,F3,37,test,calibrated,20,India_285297,IND,1.178275005455045,0.2901599752650501,0.29016002333319457,0.7576088905334473,0.24708113074302673,1.661809437791817e-05,262144,245042,17267,139694.49219222454,35029.76666283089,198413,10623,29782,6224,0,0
P2,F3,37,test,t1,20,India_285297,IND,1.0,0.22602340331336057,0.22602339856071574,0.6949636936187744,0.2177770733833313,2.2931913918000646e-05,262144,245042,17267,159308.52414575746,35962.32857358215,198413,10623,29782,6224,0,0
P2,F3,37,test,calibrated,21,India_287642,IND,1.178275005455045,0.37704262632775876,0.3770425891999162,0.8870809078216553,0.32988646626472473,3.466002090135589e-05,262144,115377,17124,53249.96960883369,14413.079414314914,95681,1782,15188,2726,0,0
P2,F3,37,test,t1,21,India_287642,IND,1.0,0.31605902211721915,0.31605900554747035,0.8511782884597778,0.3051873743534088,5.072960630059242e-05,262144,115377,17124,60185.204906717336,14838.352128159046,95681,1782,15188,2726,0,0
P2,F3,37,test,calibrated,22,India_324254,IND,1.178275005455045,0.8982979526276479,0.8982979449199504,0.2885667383670807,0.062349025160074234,6.110496997280279e-06,262144,262144,475,21160.699326778595,3824.2731408124614,257933,328,3736,147,0,0
P2,F3,37,test,t1,22,India_324254,IND,1.0,0.8287707229331815,0.8287707453430164,0.2110653668642044,0.045169878751039505,6.467502316809259e-06,262144,262144,475,21800.382273811872,3804.0364819107367,257933,328,3736,147,0,0
P2,F3,37,test,calibrated,23,India_373039,IND,1.178275005455045,0.6059483583759957,0.6059483574351398,0.639525294303894,0.19081415235996246,2.1184972865739837e-05,262144,242783,4409,20008.63322684614,4376.546111411814,237414,3860,1506,3,0,0
P2,F3,37,test,t1,23,India_373039,IND,1.0,0.5090776710118424,0.5090776582243877,0.563218355178833,0.16216091811656952,2.8936567105120048e-05,262144,242783,4409,19063.9935808807,4294.393004095336,237414,3860,1506,3,0,0
P2,F3,37,test,calibrated,24,India_383430,IND,1.178275005455045,0.31507243021557596,0.31507243763353077,0.8399606943130493,0.29675453901290894,3.6616689612856135e-05,262144,251271,18353,120357.46404289542,30136.60477439213,205593,6450,28386,10842,0,0
P2,F3,37,test,t1,24,India_383430,IND,1.0,0.2557124457197515,0.2557124129245294,0.7929860353469849,0.26962634921073914,5.527456596610136e-05,262144,251271,18353,136144.53799846844,30777.249717971557,205593,6450,28386,10842,0,0
P2,F3,37,test,calibrated,25,India_391908,IND,1.178275005455045,0.2301314519744284,0.23013142608067416,0.8383212089538574,0.29543402791023254,3.6752200685441494e-05,262144,211832,27544,95828.88073936844,25838.643915363267,170176,15667,16191,9798,0,0
P2,F3,37,test,t1,25,India_391908,IND,1.0,0.1817385167593466,0.1817385282745907,0.7909782528877258,0.26819151639938354,5.67047500226181e-05,262144,211832,27544,107405.8757642065,26644.98851974731,170176,15667,16191,9798,0,0
P2,F3,37,test,calibrated,26,India_399883,IND,1.178275005455045,0.10147412048661864,0.10147418413244225,0.9709359407424927,0.4128880202770233,1.5909330613794737e-05,262144,262119,178767,124292.6035388918,40466.22828612737,76276,49551,7101,129191,0,0
P2,F3,37,test,t1,26,India_399883,IND,1.0,0.08266963260462001,0.08266957769513361,0.9601979851722717,0.39813607931137085,2.1945388652966358e-05,262144,262119,178767,131751.8904749918,41975.03377152209,76276,49551,7101,129191,0,0
P2,F3,37,test,calibrated,27,India_44475,IND,1.178275005455045,0.9999999999766601,1.0,0.21171453595161438,0.033693525940179825,3.426422154007014e-06,262144,260175,0,4305.8070452882175,88.89771440429612,260175,0,0,0,0,0
P2,F3,37,test,t1,27,India_44475,IND,1.0,0.9999999999533957,1.0,0.1344458907842636,0.018892619758844376,2.7062105800723657e-06,262144,260175,0,2146.4517946851647,24.340082313312465,260175,0,0,0,0,0
P2,F3,37,test,calibrated,28,India_500266,IND,1.178275005455045,0.6786065805985624,0.6786065923737548,0.4164254367351532,0.10648466646671295,1.1419179827498738e-05,262144,262141,2085,145526.78550933697,34251.480497361365,223663,297,36393,1788,0,0
P2,F3,37,test,t1,28,India_500266,IND,1.0,0.5605977624741548,0.5605977291677886,0.33521541953086853,0.08453169465065002,1.4475973330263514e-05,262144,262141,2085,167834.645525999,34936.69772113391,223663,297,36393,1788,0,0
P2,F3,37,test,calibrated,29,India_533192,IND,1.178275005455045,0.23854749861631774,0.2385474938003158,0.9894235730171204,0.4471816420555115,9.968599442800041e-06,156878,120661,68657,46042.223328371496,14012.150954616984,61243,16174,3157,40087,0,0
P2,F3,37,test,t1,29,India_533192,IND,1.0,0.20605725778822137,0.20605726648692602,0.9853886365890503,0.43793734908103943,1.270324173674453e-05,156878,120661,68657,44604.562625923914,13744.159594562301,61243,16174,3157,40087,0,0
P2,F3,37,test,calibrated,30,India_534470,IND,1.178275005455045,0.9999999999749657,1.0,0.19510991871356964,0.03072122484445572,3.517912546158186e-06,262144,250570,0,33681.51966170609,7202.573707780819,243136,0,7434,0,0,0
P2,F3,37,test,t1,30,India_534470,IND,1.0,0.9999999999491314,1.0,0.12241142988204956,0.017131609842181206,2.8144022508058697e-06,262144,250570,0,37017.56667554885,7291.268027271444,243136,0,7434,0,0,0
P2,F3,37,test,calibrated,31,India_56450,IND,1.178275005455045,0.9999999999766684,1.0,0.21993041038513184,0.03554487228393555,3.446785285632359e-06,262144,181248,0,3433.450372324381,145.32357565530788,181166,0,82,0,0,0
P2,F3,37,test,t1,31,India_56450,IND,1.0,0.9999999999535227,1.0,0.14126156270503998,0.020205281674861908,2.743783170444658e-06,262144,181248,0,1966.649773600446,99.50841337506554,181166,0,82,0,0,0
P2,F3,37,test,calibrated,32,India_566697,IND,1.178275005455045,0.6645249955797229,0.6645249741938929,0.39282888174057007,0.09943904727697372,8.162392077792902e-06,262144,215703,2123,63707.31726448037,14444.20368154841,199830,1154,14332,387,0,0
P2,F3,37,test,t1,32,India_566697,IND,1.0,0.5418688162797689,0.54186878718093,0.31338873505592346,0.07862289249897003,9.606312232790515e-06,262144,215703,2123,72230.28529588901,14672.07585299377,199830,1154,14332,387,0,0
P2,F3,37,test,calibrated,33,India_570384,IND,1.178275005455045,0.22022125321939967,0.22022121225945046,0.6132226586341858,0.18242160975933075,2.3333877834375016e-05,262144,242000,18437,48450.7716115755,12908.904628106033,219795,7657,8087,6461,0,0
P2,F3,37,test,t1,33,India_570384,IND,1.0,0.15975985033698814,0.1597598260453772,0.5367940068244934,0.15495358407497406,3.5463759559206665e-05,262144,242000,18437,52735.80771204834,13298.101404874848,219795,7657,8087,6461,0,0
P2,F3,37,test,calibrated,34,India_591317,IND,1.178275005455045,0.09639061746682764,0.09639067960922632,0.8793495297431946,0.3197996914386749,1.1829467439383734e-05,262144,246049,121402,55229.93117143295,15698.490686784195,118049,13961,6598,107441,0,0
P2,F3,37,test,t1,34,India_591317,IND,1.0,0.07314084724002368,0.07314086888258531,0.8406570553779602,0.2936251759529114,1.5368741514976136e-05,262144,246049,121402,54466.52490078841,15816.588071636437,118049,13961,6598,107441,0,0
P2,F3,37,test,calibrated,35,India_591549,IND,1.178275005455045,0.9999999999745104,1.0,0.19174054265022278,0.030440056696534157,3.632314474089071e-06,262144,245709,0,49752.27117005125,10735.465887100585,234655,0,11054,0,0,0
P2,F3,37,test,t1,35,India_591549,IND,1.0,0.9999999999480869,1.0,0.1206403374671936,0.01715109311044216,2.9857558274670737e-06,262144,245709,0,56051.26526253324,10871.122036372533,234655,0,11054,0,0,0
P2,F3,37,test,calibrated,36,India_592446,IND,1.178275005455045,0.24309713089455698,0.24309716750056598,0.8204720616340637,0.28402942419052124,2.991343535541091e-05,262144,224355,24184,28894.053008531388,8712.333383121722,204715,10596,1920,7124,0,0
P2,F3,37,test,t1,36,India_592446,IND,1.0,0.19172582145971329,0.1917258605931793,0.7694409489631653,0.2561549246311188,4.598959276336245e-05,262144,224355,24184,29160.40581634545,8970.022530868202,204715,10596,1920,7124,0,0
P2,F3,37,test,calibrated,37,India_59460,IND,1.178275005455045,0.9999999999788289,1.0,0.269621878862381,0.046671267598867416,3.6460085084399907e-06,262144,209353,0,5299.721482430786,416.86226545802793,209038,0,315,0,0,0
P2,F3,37,test,t1,37,India_59460,IND,1.0,0.999999999959279,1.0,0.18236058950424194,0.028057245537638664,2.958676759590162e-06,262144,209353,0,3640.582996859089,346.4265650517511,209038,0,315,0,0,0
P2,F3,37,test,calibrated,38,India_624341,IND,1.178275005455045,0.9364529941737437,0.9364529987381633,0.2797139585018158,0.05432978644967079,4.9673417379381135e-06,262144,262142,269,17185.0860986382,3213.0125612514594,258731,187,3142,82,0,0
P2,F3,37,test,t1,38,India_624341,IND,1.0,0.8857006105022216,0.8857006069827212,0.19659677147865295,0.03633958101272583,4.861822162638418e-06,262144,262142,269,17062.25845099349,3194.744260136975,258731,187,3142,82,0,0
P2,F3,37,test,calibrated,39,India_631692,IND,1.178275005455045,0.8775829284824541,0.8775829329309291,0.31289035081863403,0.07372324168682098,5.3415105867316015e-06,262144,262144,607,6574.784591340278,874.4909121690969,260923,419,614,188,0,0
P2,F3,37,test,t1,39,India_631692,IND,1.0,0.8035269413770358,0.8035269597136806,0.23816938698291779,0.056349970400333405,5.518575107998913e-06,262144,262144,607,4579.490843213183,807.1431736344472,260923,419,614,188,0,0
P2,F3,37,test,calibrated,40,India_652725,IND,1.178275005455045,0.3349261532079193,0.3349261913737641,0.6838944554328918,0.2133970707654953,2.405646227998659e-05,262144,262094,12344,78342.78036097962,20528.863037592713,232781,7518,16969,4826,0,0
P2,F3,37,test,t1,40,India_652725,IND,1.0,0.2589209681927802,0.25892094173701463,0.6130846738815308,0.18484459817409515,3.498824662528932e-05,262144,262094,12344,87393.94348446534,21112.76055296771,232781,7518,16969,4826,0,0
P2,F3,37,test,calibrated,41,India_664410,IND,1.178275005455045,0.2918087941689754,0.29180885888246944,0.7960198521614075,0.2695695459842682,2.2960774003877304e-05,262144,262142,18247,62853.865970235136,17245.070512779508,235013,13603,8882,4644,0,0
P2,F3,37,test,t1,41,India_664410,IND,1.0,0.23114747713522876,0.23114753378179387,0.7403441071510315,0.2411089390516281,3.330718755023554e-05,262144,262142,18247,68673.1921862064,17795.126303275207,235013,13603,8882,4644,0,0
P2,F3,37,test,calibrated,42,India_691027,IND,1.178275005455045,0.29724516716225535,0.29724522123456576,0.7418679594993591,0.24059158563613892,3.139080581604503e-05,262144,254034,15900,42604.67198922436,11938.037153885114,233826,11814,4336,4058,0,0
P2,F3,37,test,t1,42,India_691027,IND,1.0,0.23111182689121723,0.2311118117356552,0.6777685880661011,0.21162527799606323,4.718379568657838e-05,262144,254034,15900,45261.746560760315,12348.914673501135,233826,11814,4336,4058,0,0
P2,F3,37,test,calibrated,43,India_698338,IND,1.178275005455045,0.36526123002771904,0.36526117209570497,0.7538666725158691,0.2512485682964325,1.6240808690781705e-05,262144,227984,12124,25483.982824538107,6809.94300953452,212825,5223,4034,5902,0,0
P2,F3,37,test,t1,43,India_698338,IND,1.0,0.29381903863413006,0.29381909616633917,0.6933533549308777,0.22342345118522644,2.3176367903943174e-05,262144,227984,12124,25638.13843209511,6888.683293325204,212825,5223,4034,5902,0,0
P2,F3,37,test,calibrated,44,India_70352,IND,1.178275005455045,0.19628595580326702,0.196285933295808,0.8467703461647034,0.3010174036026001,3.0883136787451804e-05,262144,239229,34827,37502.82938212829,10953.1224548063,212147,13894,975,12213,0,0
P2,F3,37,test,t1,44,India_70352,IND,1.0,0.15395954831000236,0.1539595577897569,0.8011648058891296,0.2741054892539978,4.8529556806897745e-05,262144,239229,34827,38445.69543365955,11243.691403025197,212147,13894,975,12213,0,0
P2,F3,37,test,calibrated,45,India_707886,IND,1.178275005455045,0.22755047308574872,0.22755047911599469,0.6799185872077942,0.21121610701084137,2.4062588636297733e-05,262144,256881,19458,31788.877158607025,9831.585967114777,237459,13754,79,5589,0,0
P2,F3,37,test,t1,45,India_707886,IND,1.0,0.1697685754399214,0.16976847220897096,0.6087309718132019,0.182631716132164,3.632043080870062e-05,262144,256881,19458,32762.422260754578,10288.247963958513,237459,13754,79,5589,0,0
P2,F3,37,test,calibrated,46,India_73419,IND,1.178275005455045,0.9999999999756775,1.0,0.2078290432691574,0.03386598452925682,3.569914269974106e-06,262144,178934,0,27205.363547006546,5982.194453562295,172682,0,6252,0,0,0
P2,F3,37,test,t1,46,India_73419,IND,1.0,0.9999999999512034,1.0,0.13342876732349396,0.019505102187395096,2.898235152315465e-06,262144,178934,0,30109.8294144268,6077.785832894456,172682,0,6252,0,0,0
P2,F3,37,test,calibrated,47,India_747970,IND,1.178275005455045,0.28281181690232515,0.2828117691512595,0.6916933655738831,0.2143329530954361,1.7378590200678445e-05,262144,246517,15560,29197.44471249012,8693.974173277777,230717,10793,1367,3640,0,0
P2,F3,37,test,t1,47,India_747970,IND,1.0,0.21456732527164246,0.2145673418428643,0.6202645301818848,0.18504896759986877,2.482989293639548e-05,262144,246517,15560,29817.525965750705,9044.399078772913,230717,10793,1367,3640,0,0
P2,F3,37,test,calibrated,48,India_747992,IND,1.178275005455045,0.241693254212491,0.24169318690057617,0.9173486232757568,0.3539687991142273,2.4412474886048585e-05,262144,262087,34948,295638.5090923852,74786.2182494305,142916,1849,84223,33099,0,0
P2,F3,37,test,t1,48,India_747992,IND,1.0,0.19854372499095718,0.19854371998499976,0.8895766735076904,0.33153215050697327,3.557529271347448e-05,262144,262087,34948,340702.2152567201,76779.70267983837,142916,1849,84223,33099,0,0
P2,F3,37,test,calibrated,49,India_764946,IND,1.178275005455045,0.3253154754146371,0.32531546091968455,0.6037634611129761,0.18069590628147125,1.6868407328729518e-05,262144,242502,11027,16575.576784454133,4626.672403679142,232720,6636,209,2937,0,0
P2,F3,37,test,t1,49,India_764946,IND,1.0,0.24491496714133798,0.24491495380650985,0.529395580291748,0.15398050844669342,2.397743082838133e-05,262144,242502,11027,15626.97370858375,4778.351474907457,232720,6636,209,2937,0,0
P2,F3,37,test,calibrated,50,India_769408,IND,1.178275005455045,0.5891193990641467,0.5891193898322822,0.5861679315567017,0.1726333200931549,1.3550965377362445e-05,262144,175907,4072,34284.898393049516,8458.297903280745,165023,2302,7565,1017,0,0
P2,F3,37,test,t1,50,India_769408,IND,1.0,0.48920517700989086,0.4892051805714791,0.5093618035316467,0.14609107375144958,1.76164412550861e-05,262144,175907,4072,37445.936479158794,8615.671085793334,165023,2302,7565,1017,0,0
P2,F3,37,test,calibrated,51,India_772630,IND,1.178275005455045,0.9714640130444699,0.9714640141512578,0.4065980911254883,0.0869523212313652,5.351938398234779e-06,262144,155332,161,9824.885967940752,1528.3763195451636,153855,132,1345,0,0,0
P2,F3,37,test,t1,51,India_772630,IND,1.0,0.9510554905378596,0.9510554895971371,0.31020310521125793,0.06140172481536865,5.071469786344096e-06,262144,155332,161,9509.406923581035,1464.7335474585914,153855,132,1345,0,0,0
P2,F3,37,test,calibrated,52,India_773682,IND,1.178275005455045,0.40212143132473954,0.40212148313384344,0.3918725848197937,0.10211092233657837,1.0163184924749658e-05,262144,252793,5344,122751.11121753398,29298.755742047302,218651,3183,28798,2161,0,0
P2,F3,37,test,t1,52,India_773682,IND,1.0,0.28943160593367556,0.2894315622452571,0.31637996435165405,0.08204951882362366,1.3191230209486093e-05,262144,252793,5344,141287.39916535723,29937.058808560392,218651,3183,28798,2161,0,0
P2,F3,37,test,calibrated,53,India_774689,IND,1.178275005455045,0.34057139787501034,0.34057135762175106,0.8606750965118408,0.3117264211177826,4.37295348092448e-05,261156,237116,17513,61223.95740788819,16502.85342026373,210117,8242,12656,6101,0,0
P2,F3,37,test,t1,53,India_774689,IND,1.0,0.2807355033314325,0.2807355506943673,0.8186688423156738,0.2857661247253418,6.219943315954879e-05,261156,237116,17513,66694.3144146469,16887.9185320981,210117,8242,12656,6101,0,0
P2,F3,37,test,calibrated,54,India_79637,IND,1.178275005455045,0.7048083635666142,0.7048083830357361,0.40825095772743225,0.08913443982601166,5.405080628406722e-06,262144,262144,1621,26300.776610147877,5387.992842387592,255879,1100,4644,521,0,0
P2,F3,37,test,t1,54,India_79637,IND,1.0,0.5761480563634965,0.5761480629126297,0.3129975497722626,0.06392893940210342,5.697505457646912e-06,262144,262144,1621,27167.336211744718,5379.632196136075,255879,1100,4644,521,0,0
P2,F3,37,test,calibrated,55,India_80221,IND,1.178275005455045,0.07993186039130373,0.07993182703512158,0.8961651921272278,0.3331059217453003,9.035753464559093e-06,262144,151793,170780,50648.37652299456,15177.388996477877,18947,18340,757,113749,0,0
P2,F3,37,test,t1,55,India_80221,IND,1.0,0.06040472077568437,0.06040470549831212,0.8620575666427612,0.30818673968315125,1.1764849659812171e-05,262144,151793,170780,53020.72144467149,15622.488152423159,18947,18340,757,113749,0,0
P2,F3,37,test,calibrated,56,India_804466,IND,1.178275005455045,0.3465956392360271,0.34659564135798304,0.7488856315612793,0.24457935988903046,2.456539914419409e-05,262144,262134,13054,168249.12676543364,42646.29377376061,206367,5539,42713,7515,0,0
P2,F3,37,test,t1,56,India_804466,IND,1.0,0.2747529547641664,0.2747529302568408,0.6857796311378479,0.21571607887744904,3.583929719752632e-05,262144,262134,13054,193074.3713142015,43718.72218361436,206367,5539,42713,7515,0,0
P2,F3,37,test,calibrated,57,India_828067,IND,1.178275005455045,0.31999970406790823,0.31999970676430267,0.6767961978912354,0.21340429782867432,2.6876206902670674e-05,262144,183120,12706,22978.73744069042,6577.85766855427,168989,7137,2092,4902,0,0
P2,F3,37,test,t1,57,India_828067,IND,1.0,0.24724021532497786,0.24724023375187854,0.60798180103302,0.18575814366340637,3.921797906514257e-05,262144,183120,12706,23444.77769728766,6769.521078901227,168989,7137,2092,4902,0,0
P2,F3,37,test,calibrated,58,India_833266,IND,1.178275005455045,0.8731283720564537,0.8731283713374095,0.28195446729660034,0.05487306788563728,4.205259301670594e-06,262144,219674,521,76013.83459492613,16986.82518160225,201384,28,17769,493,0,0
P2,F3,37,test,t1,58,India_833266,IND,1.0,0.7823658852360209,0.7823658963063652,0.19905923306941986,0.036735642701387405,3.90944160244544e-06,262144,219674,521,86819.83399569066,17258.384784440917,201384,28,17769,493,0,0
P2,F3,37,test,calibrated,59,India_842775,IND,1.178275005455045,0.9014557792478411,0.9014557752892892,0.281924307346344,0.061479341238737106,4.93855077365879e-06,262144,246418,436,24157.555611151365,5182.987863932853,240315,174,5667,262,0,0
P2,F3,37,test,t1,59,India_842775,IND,1.0,0.8332120711246173,0.8332120632626845,0.20716321468353271,0.04486490786075592,4.944422926200787e-06,262144,246418,436,25556.508326877534,5262.121544436839,240315,174,5667,262,0,0
P2,F3,37,test,calibrated,60,India_869358,IND,1.178275005455045,0.3177397136695216,0.31773975946776145,0.4939969778060913,0.13535591959953308,1.7146523532574065e-05,262144,262144,9458,28606.715955018662,7435.240115426792,250149,6945,2537,2513,0,0
P2,F3,37,test,t1,60,India_869358,IND,1.0,0.22779318146421346,0.22779319278024002,0.4138856530189514,0.11097336560487747,2.425513230264187e-05,262144,262144,9458,29710.39376759951,7664.622952568249,250149,6945,2537,2513,0,0
P2,F3,37,test,calibrated,61,India_900498,IND,1.178275005455045,0.10570775270835264,0.10570781429983478,0.9688591361045837,0.41001611948013306,1.8812121197697707e-05,262144,261992,156909,113686.98229819219,36142.11542978124,96940,41099,8295,115658,0,0
P2,F3,37,test,t1,61,India_900498,IND,1.0,0.08573611777672396,0.08573608586692494,0.9573996067047119,0.3948383629322052,2.6555640943115577e-05,262144,261992,156909,120237.25102169352,37332.44421967967,96940,41099,8295,115658,0,0
P2,F3,37,test,calibrated,62,India_91379,IND,1.178275005455045,0.35671244869220975,0.35671247859678745,0.7008273005485535,0.22203496098518372,2.029714232776314e-05,262144,262133,11885,91238.51204352357,24164.171010484868,227252,5287,22996,6598,0,0
P2,F3,37,test,t1,62,India_91379,IND,1.0,0.2792385132856394,0.279238552715973,0.6323835849761963,0.19353382289409637,2.9128355890861712e-05,262144,262133,11885,102412.9863084498,24834.400816536247,227252,5287,22996,6598,0,0
P2,F3,37,test,calibrated,63,India_943439,IND,1.178275005455045,0.18361230529251982,0.18361231844536485,0.9564386606216431,0.3938736319541931,4.727067062049173e-05,262144,250096,66843,97870.13589240516,30580.494455748492,173539,28948,12607,35002,0,0
P2,F3,37,test,t1,63,India_943439,IND,1.0,0.15244765957251782,0.15244772927947592,0.9407606720924377,0.3763748109340668,7.368798105744645e-05,262144,250096,66843,105717.28856854876,31696.46583047609,173539,28948,12607,35002,0,0
P2,F3,37,test,calibrated,64,India_952728,IND,1.178275005455045,0.5924699081686189,0.5924698993782541,0.4305869936943054,0.11327260732650757,1.1433413419581484e-05,262144,188716,3127,22875.99378773354,5160.22441394754,181843,1025,4772,1076,0,0
P2,F3,37,test,t1,64,India_952728,IND,1.0,0.4710633924728873,0.4710633849650401,0.35078468918800354,0.0912502259016037,1.4691936485178303e-05,262144,188716,3127,24213.055265500974,5208.691333098137,181843,1025,4772,1076,0,0
P2,F3,37,test,calibrated,65,India_956930,IND,1.178275005455045,0.3078352578004261,0.30783527570733205,0.8636513352394104,0.3135833144187927,3.3186694054165855e-05,262144,237130,20054,130948.8103184659,33591.61648589757,187672,9362,30160,9936,0,0
P2,F3,37,test,t1,65,India_956930,IND,1.0,0.2518261916297033,0.25182618259218503,0.822178840637207,0.28770262002944946,4.995317431166768e-05,262144,237130,20054,148530.30734157067,34378.83445390203,187672,9362,30160,9936,0,0
P2,F3,37,test,calibrated,66,India_979278,IND,1.178275005455045,0.43045162307856233,0.43045160956145245,0.9707446694374084,0.41279953718185425,2.1966372514725663e-05,124051,105990,17887,28326.43373914928,7961.398398368936,89928,10625,764,4673,0,0
P2,F3,37,test,t1,66,India_979278,IND,1.0,0.37319211891278525,0.3731921262995108,0.9599418044090271,0.3980410695075989,2.8405485863913782e-05,124051,105990,17887,26568.970220014202,7733.108543645996,89928,10625,764,4673,0,0
P2,F3,37,test,calibrated,67,India_981708,IND,1.178275005455045,0.552621122223009,0.5526211089163262,0.4553438425064087,0.11977235227823257,1.5629913832526654e-05,222572,219993,4148,50214.68202347994,12390.919152444907,205849,3798,10253,93,0,0
P2,F3,37,test,t1,67,India_981708,IND,1.0,0.42746604022411816,0.4274660658573116,0.37321385741233826,0.0963294580578804,1.9993660316686146e-05,222572,219993,4148,54729.94692887699,12655.77222886057,205849,3798,10253,93,0,0
P2,F3,37,test,calibrated,68,Paraguay_1019808,PRY,1.178275005455045,0.8985289858940386,0.8985289795525044,0.23731586337089539,0.046731654554605484,4.574513695843052e-06,262144,262144,376,19649.782425641042,4336.482670883733,256948,26,4820,350,0,0
P2,F3,37,test,t1,68,Paraguay_1019808,PRY,1.0,0.8199664087717429,0.819966417498867,0.16519451141357422,0.03189637139439583,4.40649273514282e-06,262144,262144,376,20223.48367188806,4417.052394301036,256948,26,4820,350,0,0
P2,F3,37,test,calibrated,69,Paraguay_1029042,PRY,1.178275005455045,0.11910080581632243,0.11910080475837803,0.9415606260299683,0.37621593475341797,1.669306766416412e-05,262144,223004,105335,75165.35071356944,25214.736719243527,124029,37778,84,61113,0,0
P2,F3,37,test,t1,69,Paraguay_1029042,PRY,1.0,0.09555308812982433,0.09555306068968661,0.9210011959075928,0.35630130767822266,2.329184462723788e-05,262144,223004,105335,79013.89477030563,26443.91510541373,124029,37778,84,61113,0,0
P2,F3,37,test,calibrated,70,Paraguay_1029191,PRY,1.178275005455045,0.13246611631891292,0.13246609915089125,0.9194276332855225,0.35465487837791443,2.5244591597584076e-05,262144,253937,80959,66138.4233230964,21364.334453036176,173050,30551,422,49914,0,0
P2,F3,37,test,t1,70,Paraguay_1029191,PRY,1.0,0.10477029447393615,0.1047702708380217,0.8921051025390625,0.33216243982315063,3.762371852644719e-05,262144,253937,80959,68482.40508819147,22249.23758291833,173050,30551,422,49914,0,0
P2,F3,37,test,calibrated,71,Paraguay_1056717,PRY,1.178275005455045,0.23023465294005774,0.23023465554021294,0.6620151996612549,0.20267651975154877,2.2087317120167427e-05,262144,262144,19047,41484.02177956057,12200.659941312864,242068,15030,1029,4017,0,0
P2,F3,37,test,t1,71,Paraguay_1056717,PRY,1.0,0.17046974234753476,0.1704696982578604,0.5886134505271912,0.1741773635149002,3.306421058368869e-05,262144,262144,19047,43996.0105014126,12694.256554489779,242068,15030,1029,4017,0,0
P2,F3,37,test,calibrated,72,Paraguay_1076204,PRY,1.178275005455045,0.29035220609907386,0.29035219580979565,0.4157479405403137,0.10611529648303986,9.876648618956096e-06,262144,262144,8918,22347.036083323208,5271.263303329727,252942,6173,284,2745,0,0
P2,F3,37,test,t1,72,Paraguay_1076204,PRY,1.0,0.19963582268587465,0.19963579751896177,0.335027813911438,0.08416104316711426,1.2885390788142104e-05,262144,262144,8918,22534.170728405996,5375.598042416988,252942,6173,284,2745,0,0
P2,F3,37,test,calibrated,73,Paraguay_11869,PRY,1.178275005455045,0.6427358035240702,0.642735805713919,0.29225149750709534,0.06699779629707336,1.0512520930205937e-05,262144,257933,1835,6954.378180048298,1080.7571165569648,256272,1439,55,167,0,0
P2,F3,37,test,t1,73,Paraguay_11869,PRY,1.0,0.49982744330197737,0.49982745465582856,0.2193027287721634,0.05044916644692421,1.3384418707573786e-05,262144,257933,1835,5143.29726222814,1053.9127134399453,256272,1439,55,167,0,0
P2,F3,37,test,calibrated,74,Paraguay_126224,PRY,1.178275005455045,0.24199014799656515,0.241990181283244,0.9205077290534973,0.35674336552619934,3.294671842013486e-05,262144,262144,34541,490812.8028957485,115917.37021199366,108787,8975,118816,25566,0,0
P2,F3,37,test,t1,74,Paraguay_126224,PRY,1.0,0.19958321909854482,0.1995832593069482,0.8936367630958557,0.334602415561676,4.9740301619749516e-05,262144,262144,34541,570767.9274517058,118362.95503989703,108787,8975,118816,25566,0,0
P2,F3,37,test,calibrated,75,Paraguay_12870,PRY,1.178275005455045,0.3546838805452277,0.35468392155554573,0.532636821269989,0.15087303519248962,1.0499394193175249e-05,262144,262144,8314,21616.653682294553,6081.2487952824295,253830,8314,0,0,0,0
P2,F3,37,test,t1,75,Paraguay_12870,PRY,1.0,0.26315043081653644,0.26315038906179067,0.45502328872680664,0.12556560337543488,1.3396436770563014e-05,262144,262144,8314,21494.930197248228,6307.685341589409,253830,8314,0,0,0,0
P2,F3,37,test,calibrated,76,Paraguay_148318,PRY,1.178275005455045,0.49129248932959746,0.4912925137991827,0.3746679425239563,0.0950937569141388,1.1658379662549123e-05,262144,240076,3850,8669.762798960583,1765.734270530317,235834,2013,392,1837,0,0
P2,F3,37,test,t1,76,Paraguay_148318,PRY,1.0,0.36448344776405595,0.36448346558629374,0.2987223267555237,0.07541994005441666,1.5367017113021575e-05,262144,240076,3850,7039.655177401865,1757.4023088988492,235834,2013,392,1837,0,0
P2,F3,37,test,calibrated,77,Paraguay_149787,PRY,1.178275005455045,0.15075213092801965,0.15075216095623678,0.9113219976425171,0.3473133444786072,2.6098108719452284e-05,262144,262144,64455,63316.57848562232,19604.797361890778,196074,25979,1615,38476,0,0
P2,F3,37,test,t1,77,Paraguay_149787,PRY,1.0,0.11924099483000039,0.11924098369850411,0.8816831707954407,0.32401859760284424,3.8874077290529385e-05,262144,262144,64455,65510.894482867094,20255.846392716376,196074,25979,1615,38476,0,0
P2,F3,37,test,calibrated,78,Paraguay_149830,PRY,1.178275005455045,0.5340467906798918,0.5340467457865294,0.33265894651412964,0.08031860738992691,6.492527518275892e-06,262144,260440,3026,8652.16426650365,1656.4211683916235,257098,1435,853,1054,0,0
P2,F3,37,test,t1,78,Paraguay_149830,PRY,1.0,0.39604455588833465,0.3960445247869586,0.25830021500587463,0.06211724132299423,7.4120562203461304e-06,262144,260440,3026,7043.782011017646,1664.0783271078683,257098,1435,853,1054,0,0
P2,F3,37,test,calibrated,79,Paraguay_153941,PRY,1.178275005455045,0.6787143387556742,0.6787143858940331,0.3534068465232849,0.08171896636486053,6.170911092340248e-06,262144,262144,1759,10197.473820193041,1882.1897835879354,259744,1759,641,0,0,0
P2,F3,37,test,t1,79,Paraguay_153941,PRY,1.0,0.5450465054330651,0.545046504852668,0.27160561084747314,0.06138757988810539,6.70882354825153e-06,262144,262144,1759,8662.633867179906,1864.7352274926131,259744,1759,641,0,0,0
P2,F3,37,test,calibrated,80,Paraguay_172476,PRY,1.178275005455045,0.2612795632298752,0.26127961101915564,0.7355997562408447,0.23545046150684357,1.629075632081367e-05,262144,262143,18352,34710.16005789831,11023.144763819213,243612,15716,179,2636,0,0
P2,F3,37,test,t1,80,Paraguay_172476,PRY,1.0,0.20024063592429087,0.2002406242537491,0.6695102453231812,0.20596905052661896,2.2823758627055213e-05,262144,262143,18352,35845.182671810915,11567.893531907108,243612,15716,179,2636,0,0
P2,F3,37,test,calibrated,81,Paraguay_179624,PRY,1.178275005455045,0.8017357527454774,0.801735769777297,0.45209193229675293,0.11326398700475693,4.331823674874613e-06,262144,262109,1185,7565.660795832939,1048.4611797357527,260882,1185,42,0,0,0
P2,F3,37,test,t1,81,Paraguay_179624,PRY,1.0,0.7094290491345677,0.7094290490063268,0.366824209690094,0.08860375732183456,3.957784883823479e-06,262144,262109,1185,5280.16684696473,924.5742605305004,260882,1185,42,0,0,0
P2,F3,37,test,calibrated,82,Paraguay_191503,PRY,1.178275005455045,0.5353830706683207,0.5353830618300011,0.46321380138397217,0.1330268681049347,6.036171271261992e-06,262144,262144,4382,11303.532862809514,2650.8124010384245,257672,4382,90,0,0,0
P2,F3,37,test,t1,82,Paraguay_191503,PRY,1.0,0.42505683896501545,0.42505685362811285,0.39156579971313477,0.11186841875314713,6.480765932792565e-06,262144,262144,4382,9572.572219362652,2689.4811330954676,257672,4382,90,0,0,0
P2,F3,37,test,calibrated,83,Paraguay_198534,PRY,1.178275005455045,0.18076794215078573,0.1807679582766729,0.7364961504936218,0.23496367037296295,1.4339479093905538e-05,262144,195487,29642,49536.587924816304,15038.291100612014,177078,18409,0,0,0,0
P2,F3,37,test,t1,83,Paraguay_198534,PRY,1.0,0.1348894170739816,0.13488937173135107,0.6700846552848816,0.20524688065052032,1.961455745913554e-05,262144,195487,29642,54432.31813183804,15670.186344691145,177078,18409,0,0,0,0
P2,F3,37,test,calibrated,84,Paraguay_205585,PRY,1.178275005455045,0.9999999999747521,1.0,0.18540793657302856,0.028607018291950226,3.422512691031443e-06,262144,262144,0,3997.639006689744,72.67546074268287,262144,0,0,0,0,0
P2,F3,37,test,t1,84,Paraguay_205585,PRY,1.0,0.9999999999484228,1.0,0.11464878916740417,0.01565014198422432,2.7368168957764283e-06,262144,262144,0,1948.4657067016897,19.054899232515524,262144,0,0,0,0,0
P2,F3,37,test,calibrated,85,Paraguay_212687,PRY,1.178275005455045,0.9999999999763498,1.0,0.2163844257593155,0.035189226269721985,3.488295078568626e-06,262144,262144,0,61160.3149688304,14593.901524371817,246836,0,15308,0,0,0
P2,F3,37,test,t1,85,Paraguay_212687,PRY,1.0,0.9999999999527839,1.0,0.13922642171382904,0.020163996145129204,2.808739964166307e-06,262144,262144,0,69157.90749520402,14890.05638129528,246836,0,15308,0,0,0
P2,F3,37,test,calibrated,86,Paraguay_215904,PRY,1.178275005455045,0.44130241354458677,0.44130244171412003,0.40772414207458496,0.10325810313224792,7.795595593051985e-06,262144,226308,4710,14451.216981446742,3574.2426515579036,221598,4710,0,0,0,0
P2,F3,37,test,t1,86,Paraguay_215904,PRY,1.0,0.32195504604797465,0.32195502730866776,0.3275595009326935,0.08157067745923996,9.553566997055896e-06,262144,226308,4710,13782.069596355665,3657.535092592402,221598,4710,0,0,0,0
P2,F3,37,test,calibrated,87,Paraguay_224845,PRY,1.178275005455045,0.7149142108564114,0.7149142099678533,0.7443996071815491,0.2433992177248001,3.003410529345274e-05,109183,103920,2617,7083.412554090225,543.9904551561917,103895,25,0,0,0,0
P2,F3,37,test,t1,87,Paraguay_224845,PRY,1.0,0.6318376668706092,0.6318376482520368,0.6807606816291809,0.21478796005249023,3.876224945997819e-05,109183,103920,2617,4579.164475794691,275.23434860836,103895,25,0,0,0,0
P2,F3,37,test,calibrated,88,Paraguay_225187,PRY,1.178275005455045,0.2397128851989685,0.2397129354543952,0.9546438455581665,0.391492635011673,2.2166625058162026e-05,262144,262144,45701,94987.72094422893,31876.625214239157,216422,45675,21,26,0,0
P2,F3,37,test,t1,88,Paraguay_225187,PRY,1.0,0.2016024958664765,0.20160242701312392,0.9383627772331238,0.3736514151096344,3.301421747892164e-05,262144,262144,45701,102698.60054967449,33426.385341520654,216422,45675,21,26,0,0
P2,F3,37,test,calibrated,89,Paraguay_232281,PRY,1.178275005455045,0.586284903463199,0.5862848755998431,0.43810200691223145,0.12370757013559341,2.2818174329586327e-05,261391,261391,3349,129096.08346142767,29957.182547591023,228735,3252,29307,97,0,0
P2,F3,37,test,t1,89,Paraguay_232281,PRY,1.0,0.47337941366718517,0.4733794231658025,0.36673858761787415,0.10328935086727142,3.0176395739545114e-05,261391,261391,3349,148590.3985575022,30494.684192651413,228735,3252,29307,97,0,0
P2,F3,37,test,calibrated,90,Paraguay_24341,PRY,1.178275005455045,0.12226667146359571,0.12226672732238775,0.9554593563079834,0.39168423414230347,1.3722303265240043e-05,262144,262144,109848,89720.73278261183,29987.121221257457,150583,43208,1713,66640,0,0
P2,F3,37,test,t1,90,Paraguay_24341,PRY,1.0,0.09917508667582953,0.0991750859208953,0.9394053220748901,0.3738175332546234,1.8904160242527723e-05,262144,262144,109848,94434.42557836682,31393.584839665295,150583,43208,1713,66640,0,0
P2,F3,37,test,calibrated,91,Paraguay_246154,PRY,1.178275005455045,0.999999999975371,1.0,0.20548070967197418,0.033009860664606094,3.4737945497909095e-06,262144,262144,0,4244.9463652855975,117.51292126611267,262108,0,36,0,0,0
P2,F3,37,test,t1,91,Paraguay_246154,PRY,1.0,0.9999999999502925,1.0,0.13093194365501404,0.01872996613383293,2.785460083032376e-06,262144,262144,0,2191.532955631882,59.06992320066879,262108,0,36,0,0,0
P2,F3,37,test,calibrated,92,Paraguay_247656,PRY,1.178275005455045,0.1527844086960285,0.15278443594819147,0.6416035294532776,0.1948423981666565,2.0739547835546546e-05,262144,262144,30813,28615.501419985736,8031.94922182457,230679,10489,652,20324,0,0
P2,F3,37,test,t1,92,Paraguay_247656,PRY,1.0,0.10908459070062348,0.10908464357635039,0.5678030848503113,0.16695083677768707,3.081919567193836e-05,262144,262144,30813,28454.199322040025,8301.652855424225,230679,10489,652,20324,0,0
P2,F3,37,test,calibrated,93,Paraguay_252217,PRY,1.178275005455045,0.9250369970163799,0.9250369968037867,0.2510531544685364,0.046534471213817596,4.501785497268429e-06,262144,255778,280,5764.313632713139,529.5926009621377,255198,280,300,0,0,0
P2,F3,37,test,t1,93,Paraguay_252217,PRY,1.0,0.8624503033407082,0.8624502941867254,0.17214548587799072,0.03007553517818451,4.1581474761187565e-06,262144,255778,280,3840.6000051602878,475.23421439524026,255198,280,300,0,0,0
P2,F3,37,test,calibrated,94,Paraguay_271769,PRY,1.178275005455045,0.2227944135292259,0.22279439121513267,0.9615943431854248,0.3997606933116913,3.475959965726361e-05,262144,262144,54452,107232.42207716986,36569.87248605944,207053,52478,639,1974,0,0
P2,F3,37,test,t1,94,Paraguay_271769,PRY,1.0,0.1881097555506901,0.18810974428360538,0.9476262927055359,0.38306066393852234,5.258074088487774e-05,262144,262144,54452,116536.20800112333,38442.93469001178,207053,52478,639,1974,0,0
P2,F3,37,test,calibrated,95,Paraguay_280900,PRY,1.178275005455045,0.24025605962622842,0.2402560691378639,0.7717320322990417,0.2554936110973358,2.6095574867213145e-05,262144,262142,22107,42991.33569004887,13107.053421616047,238744,16813,1291,5294,0,0
P2,F3,37,test,t1,95,Paraguay_280900,PRY,1.0,0.1855496564046486,0.18554965577087745,0.7115949392318726,0.22652551531791687,3.8937272620387375e-05,262144,262142,22107,45209.77476453077,13647.28179290423,238744,16813,1291,5294,0,0
P2,F3,37,test,calibrated,96,Paraguay_284928,PRY,1.178275005455045,0.5830284094826261,0.5830284192505775,0.6097539663314819,0.1877995729446411,2.3287277144845575e-05,261368,261368,4531,12533.585366771784,2935.545558354147,256837,4531,0,0,0,0
P2,F3,37,test,t1,96,Paraguay_284928,PRY,1.0,0.48945023329039394,0.4894501824691485,0.5380926132202148,0.16210946440696716,3.086545621044934e-05,261368,261368,4531,10503.639625991724,2885.094325219434,256837,4531,0,0,0,0
P2,F3,37,test,calibrated,97,Paraguay_305760,PRY,1.178275005455045,0.9999999999761682,1.0,0.2203906923532486,0.0369303897023201,3.7538363812927855e-06,262144,262144,0,198614.46000750663,42647.29478725931,218353,0,43791,0,0,0
P2,F3,37,test,t1,97,Paraguay_305760,PRY,1.0,0.9999999999526626,1.0,0.1438606232404709,0.021821271628141403,3.1638967357139336e-06,262144,262144,0,231147.11717360717,43198.839813340455,218353,0,43791,0,0,0
P2,F3,37,test,calibrated,98,Paraguay_339807,PRY,1.178275005455045,0.14628935432657342,0.14628941006537455,0.9729453921318054,0.4162132740020752,2.2253319912124425e-05,262144,214619,104733,80479.77493955071,26442.28833315918,120378,36198,2296,55747,0,0
P2,F3,37,test,t1,98,Paraguay_339807,PRY,1.0,0.12170103011392841,0.1217010545895868,0.9629221558570862,0.40198028087615967,3.2146243029274046e-05,262144,214619,104733,84571.46107778707,27420.20652370245,120378,36198,2296,55747,0,0
P2,F3,37,test,calibrated,99,Paraguay_36015,PRY,1.178275005455045,0.2855721118205877,0.2855720434494674,0.7773020267486572,0.2603190541267395,1.2255993169674184e-05,262144,262139,17475,38321.03894983484,12047.760164458163,244664,17475,0,0,0,0
P2,F3,37,test,t1,99,Paraguay_36015,PRY,1.0,0.22520878606809958,0.22520881512641833,0.718865156173706,0.23186449706554413,1.648561010370031e-05,262144,262139,17475,39991.40273550023,12601.925955670316,244664,17475,0,0,0,0
P2,F3,37,test,calibrated,100,Paraguay_36146,PRY,1.178275005455045,0.9999999999773724,1.0,0.2569828927516937,0.04844040423631668,3.937125256925356e-06,262144,262144,0,4518.47906652681,173.6241992014864,262144,0,0,0,0,0
P2,F3,37,test,t1,100,Paraguay_36146,PRY,1.0,0.9999999999569666,1.0,0.17871101200580597,0.031682539731264114,3.4265790418430697e-06,262144,262144,0,2378.8351591587098,92.5829801634502,262144,0,0,0,0,0
P2,F3,37,test,calibrated,101,Paraguay_403081,PRY,1.178275005455045,0.6170268655198872,0.6170268689589922,0.24282614886760712,0.04760514944791794,7.010217359493254e-06,262144,249836,1611,6181.9531710470055,765.8122061529139,247966,668,259,943,0,0
P2,F3,37,test,t1,101,Paraguay_403081,PRY,1.0,0.45577322143515375,0.4557732382827149,0.16921581327915192,0.03233388066291809,8.472266927128658e-06,262144,249836,1611,4435.462358358914,730.4146112652113,247966,668,259,943,0,0
P2,F3,37,test,calibrated,102,Paraguay_40936,PRY,1.178275005455045,0.8097140974263732,0.8097140875338639,0.4160798192024231,0.11023160815238953,6.9148159127507824e-06,262144,215331,1163,6237.595243664775,957.3733364905806,214168,1163,0,0,0,0
P2,F3,37,test,t1,102,Paraguay_40936,PRY,1.0,0.7250184977399036,0.7250184956983494,0.33934229612350464,0.0891803726553917,7.78295816417085e-06,262144,215331,1163,4420.886565338928,850.3049746890706,214168,1163,0,0,0,0
P2,F3,37,test,calibrated,103,Paraguay_44682,PRY,1.178275005455045,0.6948858948821779,0.6948859116757231,0.307902991771698,0.0738615021109581,4.834623723581899e-06,262144,262144,1503,7880.126916226902,1448.7246028418626,259825,1010,816,493,0,0
P2,F3,37,test,t1,103,Paraguay_44682,PRY,1.0,0.562771643248215,0.5627716098276127,0.2371734082698822,0.057028815150260925,4.877019819105044e-06,262144,262144,1503,6241.964473475276,1436.9707775802904,259825,1010,816,493,0,0
P2,F3,37,test,calibrated,104,Paraguay_470303,PRY,1.178275005455045,0.4662993403431087,0.4662992846727523,0.38000932335853577,0.09550929069519043,9.117727131524589e-06,262144,262144,4270,34393.42393655318,7572.053541113083,250441,1257,7433,3013,0,0
P2,F3,37,test,t1,104,Paraguay_470303,PRY,1.0,0.3410097340601089,0.34100973114556665,0.30193614959716797,0.07531058043241501,1.1475778592284769e-05,262144,262144,4270,37111.683788511946,7692.3991076523625,250441,1257,7433,3013,0,0
P2,F3,37,test,calibrated,105,Paraguay_482517,PRY,1.178275005455045,0.1316257220387126,0.13162570015882114,0.8332701325416565,0.290594220161438,1.665114723437e-05,262144,259600,60542,45858.674275892,13189.369657117506,196568,15580,2490,44962,0,0
P2,F3,37,test,t1,105,Paraguay_482517,PRY,1.0,0.09930888594989018,0.09930885624312946,0.7842935919761658,0.26276880502700806,2.3828857592889108e-05,262144,259600,60542,45983.20964886295,13514.285824870718,196568,15580,2490,44962,0,0
P2,F3,37,test,calibrated,106,Paraguay_48673,PRY,1.178275005455045,0.572087173829537,0.5720871533989951,0.4921089708805084,0.13724872469902039,9.629407031752635e-06,262144,262144,3653,11928.336738246326,2692.511987225282,258358,3653,133,0,0,0
P2,F3,37,test,t1,106,Paraguay_48673,PRY,1.0,0.46092230200815654,0.4609223045415849,0.4135037660598755,0.11356058716773987,1.1610486581048463e-05,262144,262144,3653,10182.981403321994,2686.51345640063,258358,3653,133,0,0,0
P2,F3,37,test,calibrated,107,Paraguay_511199,PRY,1.178275005455045,0.49945624519596943,0.49945623732683897,0.671504557132721,0.21036575734615326,1.1697066838678438e-05,262144,262144,6607,33500.5689631994,9074.241937277813,247388,3212,8149,3395,0,0
P2,F3,37,test,t1,107,Paraguay_511199,PRY,1.0,0.4101517270590973,0.4101517679657565,0.6006399989128113,0.18258410692214966,1.4908202501828782e-05,262144,262144,6607,34794.941146123936,9257.246301562343,247388,3212,8149,3395,0,0
P2,F3,37,test,calibrated,108,Paraguay_54421,PRY,1.178275005455045,0.7100452237378084,0.7100452136691117,0.2893713116645813,0.05771473050117493,6.0824745560239535e-06,262144,262144,1211,7212.834413232969,1048.5399885672923,260893,1211,40,0,0,0
P2,F3,37,test,t1,108,Paraguay_54421,PRY,1.0,0.5633631599579375,0.5633631794367973,0.20725688338279724,0.039332836866378784,6.75172987030237e-06,262144,262144,1211,5336.9694777662235,1019.981849647974,260893,1211,40,0,0,0
P2,F3,37,test,calibrated,109,Paraguay_581976,PRY,1.178275005455045,0.21512693048975684,0.21512688800497448,0.8725224137306213,0.31596824526786804,2.851330464181956e-05,261748,261748,34390,475893.8891910709,113473.77544688077,108116,5043,119242,29347,0,0
P2,F3,37,test,t1,109,Paraguay_581976,PRY,1.0,0.17162626764334454,0.17162629184654166,0.8324218988418579,0.2896699905395508,4.0312977944267914e-05,261748,261748,34390,553688.169415278,115991.52490146742,108116,5043,119242,29347,0,0
P2,F3,37,test,calibrated,110,Paraguay_59731,PRY,1.178275005455045,0.30531690318377347,0.3053169292075486,0.4612095057964325,0.12767881155014038,2.0534715076792054e-05,262144,255656,9130,14134.465741493188,3416.6123667740167,248167,4719,6,2764,0,0
P2,F3,37,test,t1,110,Paraguay_59731,PRY,1.0,0.21814826451323477,0.21814827069355347,0.3855568468570709,0.10541238635778427,2.994305032189004e-05,262144,255656,9130,13095.32277630191,3487.49970498647,248167,4719,6,2764,0,0
P2,F3,37,test,calibrated,111,Paraguay_605682,PRY,1.178275005455045,0.20902030068100574,0.20902028611132006,0.8778067231178284,0.3219155967235565,1.8566614016890526e-05,262144,262144,36854,168583.3420576157,45737.49660637457,179084,7620,46206,29234,0,0
P2,F3,37,test,t1,111,Paraguay_605682,PRY,1.0,0.16679507081071887,0.16679502304957372,0.8393541574478149,0.2963975667953491,2.619157385197468e-05,262144,262144,36854,191218.03777270648,47100.964539621054,179084,7620,46206,29234,0,0
P2,F3,37,test,calibrated,112,Paraguay_62897,PRY,1.178275005455045,0.5864638269528935,0.5864638030508336,0.5297399759292603,0.14214760065078735,5.7218198890041094e-06,262144,262144,3457,147714.40404171008,37174.701713930976,219261,1741,39426,1716,0,0
P2,F3,37,test,t1,112,Paraguay_62897,PRY,1.0,0.47384766418913526,0.47384761291764843,0.4443932771682739,0.11501365900039673,6.057392056391109e-06,262144,262144,3457,169921.56811359653,38213.35434423354,219261,1741,39426,1716,0,0
P2,F3,37,test,calibrated,113,Paraguay_648632,PRY,1.178275005455045,0.506205570459545,0.5062055851033882,0.41206297278404236,0.10291102528572083,9.225170288118534e-06,262144,262144,3801,80787.54426037337,16932.877298507992,242107,1643,16236,2158,0,0
P2,F3,37,test,t1,113,Paraguay_648632,PRY,1.0,0.38082997882511105,0.3808300030750016,0.32953986525535583,0.08062116801738739,1.1688930499076378e-05,262144,262144,3801,91518.78683432369,17094.207905418883,242107,1643,16236,2158,0,0
P2,F3,37,test,calibrated,114,Paraguay_651904,PRY,1.178275005455045,0.14518321495810327,0.1451832110125142,0.6009241938591003,0.1770465224981308,1.450337549613323e-05,262144,262144,30966,50097.64287760653,13702.996009412544,224666,10322,6512,20644,0,0
P2,F3,37,test,t1,114,Paraguay_651904,PRY,1.0,0.10167482830049823,0.10167486926429126,0.5235589146614075,0.1497696340084076,2.0982191927032545e-05,262144,262144,30966,53841.63919509199,14130.11506606239,224666,10322,6512,20644,0,0
P2,F3,37,test,calibrated,115,Paraguay_657443,PRY,1.178275005455045,0.1378717123458817,0.13787171102461548,0.9710502624511719,0.4131583571434021,2.6856518161366694e-05,262144,262144,114429,103171.73294555995,34667.283867009595,146657,50513,1058,63916,0,0
P2,F3,37,test,t1,115,Paraguay_657443,PRY,1.0,0.1142591840801328,0.1142592435191846,0.9603539705276489,0.39845117926597595,3.952480255975388e-05,262144,262144,114429,108701.91854339567,36181.48826728232,146657,50513,1058,63916,0,0
P2,F3,37,test,calibrated,116,Paraguay_683296,PRY,1.178275005455045,0.24803631025390882,0.24803629924253157,0.4377305805683136,0.11525886505842209,1.320200135523919e-05,262144,259578,11417,22996.810946408943,5860.818795227258,246530,5639,1631,5778,0,0
P2,F3,37,test,t1,116,Paraguay_683296,PRY,1.0,0.16976499862435313,0.16976492502493656,0.35782167315483093,0.09283535927534103,1.7834283426054753e-05,262144,259578,11417,23237.881222133743,6020.034991337948,246530,5639,1631,5778,0,0
P2,F3,37,test,calibrated,117,Paraguay_721886,PRY,1.178275005455045,0.2504601809869256,0.2504602224178287,0.8889012932777405,0.3319437801837921,4.0187496779253706e-05,261426,261426,28465,58665.34772003063,18255.27061168116,229010,21499,3951,6966,0,0
P2,F3,37,test,t1,117,Paraguay_721886,PRY,1.0,0.20411663819416392,0.2041166800530384,0.8535798788070679,0.30751609802246094,5.8815578086068854e-05,261426,261426,28465,62475.51981773857,18967.772528977068,229010,21499,3951,6966,0,0
P2,F3,37,test,calibrated,118,Paraguay_76868,PRY,1.178275005455045,0.18708066764070574,0.18708062649858292,0.8446075320243835,0.2984992265701294,1.800337849999778e-05,262144,262121,36611,47138.42944539038,14461.591767494407,225062,19376,448,17235,0,0
P2,F3,37,test,t1,118,Paraguay_76868,PRY,1.0,0.1464528857204862,0.14645293255810476,0.7982816100120544,0.2712470293045044,2.4441387722617947e-05,262144,262121,36611,48747.095166077765,14969.266993974037,225062,19376,448,17235,0,0
P2,F3,37,test,calibrated,119,Paraguay_7894,PRY,1.178275005455045,0.9999999999753469,1.0,0.18947003781795502,0.02953355573117733,3.434490054132766e-06,262144,202187,0,3149.251497300006,57.15043542732787,202187,0,0,0,0,0
P2,F3,37,test,t1,119,Paraguay_7894,PRY,1.0,0.9999999999500062,1.0,0.11800676584243774,0.01631675846874714,2.7428368412074633e-06,262144,202187,0,1539.6060442519656,14.655249175259568,202187,0,0,0,0,0
P2,F3,37,test,calibrated,120,Paraguay_790830,PRY,1.178275005455045,0.1412430004324402,0.1412429872355928,0.790703535079956,0.2651395797729492,1.466171488573309e-05,262144,261199,48331,42723.117848767055,12690.555742085344,212213,17039,655,31292,0,0
P2,F3,37,test,t1,120,Paraguay_790830,PRY,1.0,0.10538104370645784,0.10538105331186853,0.7334856986999512,0.23623155057430267,2.0281877368688583e-05,262144,261199,48331,43303.513293999145,13131.69044872144,212213,17039,655,31292,0,0
P2,F3,37,test,calibrated,121,Paraguay_791364,PRY,1.178275005455045,0.9999999999755315,1.0,0.2056066244840622,0.03305599465966225,3.4646930089365924e-06,262144,261735,0,8404.965022594492,1194.967577891354,260529,0,1206,0,0,0
P2,F3,37,test,t1,121,Paraguay_791364,PRY,1.0,0.999999999950694,1.0,0.13106046617031097,0.018772440031170845,2.7743094506149646e-06,262144,261735,0,7081.1029956024095,1171.3984294074053,260529,0,1206,0,0,0
P2,F3,37,test,calibrated,122,Paraguay_792268,PRY,1.178275005455045,0.6976297472485291,0.6976297666576486,0.3906761109828949,0.09476180374622345,1.0037215361080598e-05,262144,262120,1680,8625.485016810224,1382.2871548961327,259804,970,636,710,0,0
P2,F3,37,test,t1,122,Paraguay_792268,PRY,1.0,0.5757923190857257,0.575792325112382,0.3078952431678772,0.07308067381381989,1.2346155926934443e-05,262144,262120,1680,6653.532358858446,1305.519039923949,259804,970,636,710,0,0
P2,F3,37,test,calibrated,123,Paraguay_795075,PRY,1.178275005455045,0.3935771615965714,0.3935771934262974,0.3378717303276062,0.08059834688901901,1.2915362276544329e-05,262144,262138,4948,13504.61591527166,2802.5768936872028,256179,2538,1011,2410,0,0
P2,F3,37,test,t1,123,Paraguay_795075,PRY,1.0,0.27253677334965565,0.27253678322798347,0.26117074489593506,0.06185910478234291,1.7933400158653967e-05,262144,262138,4948,12550.877567742798,2833.437405399107,256179,2538,1011,2410,0,0
P2,F3,37,test,calibrated,124,Paraguay_80102,PRY,1.178275005455045,0.9999999999748738,1.0,0.18407927453517914,0.028266020119190216,3.4204363146272954e-06,262144,262143,0,4099.786873912147,94.18839006432526,262121,0,22,0,0,0
P2,F3,37,test,t1,124,Paraguay_80102,PRY,1.0,0.9999999999487343,1.0,0.11343572288751602,0.01539183035492897,2.7323389986122493e-06,262144,262143,0,2057.727097955795,40.56628551036838,262121,0,22,0,0,0
P2,F3,37,test,calibrated,125,Paraguay_822142,PRY,1.178275005455045,0.14681126553064305,0.14681123460724188,0.9803259968757629,0.42844119668006897,2.470927756803576e-05,262144,262144,125106,107309.49573921743,35302.3456235997,133293,48661,3745,76445,0,0
P2,F3,37,test,t1,125,Paraguay_822142,PRY,1.0,0.1234837140529581,0.12348375324296434,0.97294020652771,0.4161214828491211,3.53997056663502e-05,262144,262144,125106,111691.4515221759,36457.0451704124,133293,48661,3745,76445,0,0
P2,F3,37,test,calibrated,126,Paraguay_868895,PRY,1.178275005455045,0.19601048315272251,0.19601049032926188,0.8303126096725464,0.29044902324676514,2.7262447474640794e-05,262144,175465,33212,51884.2072330075,15159.997887230733,148780,10898,8391,7396,0,0
P2,F3,37,test,t1,126,Paraguay_868895,PRY,1.0,0.1527564325413936,0.15275641349175662,0.7812649607658386,0.2629432678222656,4.212666317471303e-05,262144,175465,33212,56709.99298151336,15704.427016127946,148780,10898,8391,7396,0,0
P2,F3,37,test,calibrated,127,Paraguay_892933,PRY,1.178275005455045,0.36902740215336705,0.36902741380857673,0.7469574213027954,0.24709492921829224,1.6248646716121584e-05,262144,262144,12281,125909.08221427121,28006.789895276528,226697,8877,23166,3404,0,0
P2,F3,37,test,t1,127,Paraguay_892933,PRY,1.0,0.29580848836853024,0.2958084635527809,0.68523770570755,0.21910247206687927,2.2510244889417663e-05,262144,262144,12281,143226.84441626532,28392.74738071571,226697,8877,23166,3404,0,0
P2,F3,37,test,calibrated,128,Paraguay_896458,PRY,1.178275005455045,0.13750646267025834,0.13750639994167102,0.9211694002151489,0.3566921055316925,2.1679181372746825e-05,262144,240678,75646,53638.89275258269,16153.098153411687,170289,21090,2010,47289,0,0
P2,F3,37,test,t1,128,Paraguay_896458,PRY,1.0,0.1089613285670028,0.10896139801090587,0.8944320678710938,0.33448103070259094,3.2129795727087185e-05,262144,240678,75646,54362.44248843312,16556.99386633875,170289,21090,2010,47289,0,0
P2,F3,37,test,calibrated,129,Paraguay_913449,PRY,1.178275005455045,0.24008066482019508,0.24008061072024345,0.8360957503318787,0.2927356958389282,1.853576031862758e-05,262144,262144,26214,45770.25568610545,15023.802846411429,235316,21311,614,4903,0,0
P2,F3,37,test,t1,129,Paraguay_913449,PRY,1.0,0.19014679442860094,0.19014676500926364,0.787871778011322,0.26510101556777954,2.637159741425421e-05,262144,262144,26214,47932.81255070735,15775.399521943873,235316,21311,614,4903,0,0
P2,F3,37,test,calibrated,130,Paraguay_921838,PRY,1.178275005455045,0.37888518740101074,0.378885200693743,0.7190180420875549,0.23115262389183044,1.6936248357524164e-05,262144,262144,11114,42605.99426805739,12122.327905828144,245023,9771,6007,1343,0,0
P2,F3,37,test,t1,130,Paraguay_921838,PRY,1.0,0.3014525472780223,0.30145251853902955,0.652675449848175,0.20266203582286835,2.3416654585162178e-05,262144,262144,11114,45079.41054012897,12501.238280594993,245023,9771,6007,1343,0,0
P2,F3,37,test,calibrated,131,Paraguay_934240,PRY,1.178275005455045,0.9999999999778325,1.0,0.25612518191337585,0.045468520373106,3.6845267459284514e-06,262144,262144,0,90888.03682497532,19797.77302155443,241786,0,20358,0,0,0
P2,F3,37,test,t1,131,Paraguay_934240,PRY,1.0,0.9999999999573002,1.0,0.17339687049388885,0.028177423402667046,3.0660064567200607e-06,262144,262144,0,104062.04487992154,20062.582914193168,241786,0,20358,0,0,0
P2,F3,37,test,calibrated,132,Paraguay_989230,PRY,1.178275005455045,0.15486583815292387,0.15486592006514588,0.9353981018066406,0.3702976107597351,2.707606108742766e-05,262144,219924,70985,44229.20068948724,13565.687098029837,165916,17417,1689,34902,0,0
P2,F3,37,test,t1,132,Paraguay_989230,PRY,1.0,0.1246834158448572,0.12468341758185275,0.9129441380500793,0.3496793806552887,3.9505244785686955e-05,262144,219924,70985,44946.38979836483,13971.208025616468,165916,17417,1689,34902,0,0
P2,F3,37,test,calibrated,133,Paraguay_997480,PRY,1.178275005455045,0.3251410458894961,0.32514106987455815,0.37396979331970215,0.08945062756538391,8.306790732603986e-06,262144,262144,6976,48760.3694673188,11913.479768533743,242112,85,13056,6891,0,0
P2,F3,37,test,t1,133,Paraguay_997480,PRY,1.0,0.2192334974798127,0.21923352683290476,0.29207029938697815,0.06851409375667572,1.0176318028243259e-05,262144,262144,6976,53925.32786314131,12175.206769136226,242112,85,13056,6891,0,0
P2,F3,37,test,calibrated,134,Somalia_1068756,SOM,1.178275005455045,0.18594937015912605,0.18594934915835581,0.9727408289909363,0.41564086079597473,4.7648321924498305e-05,261231,171193,77154,104302.1329742811,31778.798383308065,125714,38984,3665,2830,0,0
P2,F3,37,test,t1,134,Somalia_1068756,SOM,1.0,0.15648937266757457,0.15648934214666022,0.9626395106315613,0.401309996843338,7.002366328379139e-05,261231,171193,77154,115524.13072551324,32989.719925367695,125714,38984,3665,2830,0,0
P2,F3,37,test,calibrated,135,Somalia_1087508,SOM,1.178275005455045,0.22687173504423463,0.22687175574312013,0.9679526686668396,0.4092493951320648,6.972021947149187e-05,262144,212943,56131,86317.8145087282,27442.952229614442,167428,35494,2857,7164,0,0
P2,F3,37,test,t1,135,Somalia_1087508,SOM,1.0,0.1915596481592573,0.19155965295697452,0.956191897392273,0.3939805030822754,0.00010840823961189017,262144,212943,56131,93257.72907432565,28523.077121990096,167428,35494,2857,7164,0,0
P2,F3,37,test,calibrated,136,Somalia_12849,SOM,1.178275005455045,0.1455926183854549,0.14559263317726467,0.9848504066467285,0.437311053276062,4.6047054638620466e-05,262144,191302,136870,182981.283242213,59040.12551780265,86417,67693,12127,25065,0,0
P2,F3,37,test,t1,136,Somalia_12849,SOM,1.0,0.12335526009157649,0.1233553120655364,0.9791197776794434,0.4264329671859741,6.896491686347872e-05,262144,191302,136870,204912.6440508681,61823.695780171096,86417,67693,12127,25065,0,0
P2,F3,37,test,calibrated,137,Somalia_166342,SOM,1.178275005455045,0.7503122343269689,0.7503122117542393,0.5140567421913147,0.13561823964118958,1.0780573575175367e-05,262144,220577,1785,8695.104382939333,1481.6809408103368,218842,1723,12,0,0,0
P2,F3,37,test,t1,137,Somalia_166342,SOM,1.0,0.6533274152548141,0.6533274201705177,0.42773425579071045,0.10881973803043365,1.3141894669388421e-05,262144,220577,1785,6595.707496725239,1361.0979722572722,218842,1723,12,0,0,0
P2,F3,37,test,calibrated,138,Somalia_167787,SOM,1.178275005455045,0.2575918576374172,0.2575918364380866,0.9644047021865845,0.40392622351646423,4.0386603359365836e-05,262144,220505,46781,83940.12873760285,26867.339445000754,183372,36908,2,223,0,0
P2,F3,37,test,t1,138,Somalia_167787,SOM,1.0,0.2182806442483639,0.2182805991735589,0.9514124989509583,0.38785383105278015,6.054452751413919e-05,262144,220505,46781,90595.20951824161,27931.50010603252,183372,36908,2,223,0,0
P2,F3,37,test,calibrated,139,Somalia_195014,SOM,1.178275005455045,0.6482879592447803,0.6482879421525312,0.309325635433197,0.07411939650774002,7.125143383746035e-06,262144,233650,1942,7192.050877361609,1319.3790643013022,231730,1920,0,0,0,0
P2,F3,37,test,t1,139,Somalia_195014,SOM,1.0,0.5113056603435464,0.5113057276164977,0.23701564967632294,0.05724110081791878,8.347151378984563e-06,262144,233650,1942,5557.368398929137,1314.1085561762577,231730,1920,0,0,0,0
P2,F3,37,test,calibrated,140,Somalia_205466,SOM,1.178275005455045,0.5177166363999448,0.5177166572127965,0.6197303533554077,0.18763664364814758,1.559127849759534e-05,262144,240083,5430,12200.506874965373,2886.1079446325566,235989,4001,93,0,0,0
P2,F3,37,test,t1,140,Somalia_205466,SOM,1.0,0.42254355783325526,0.4225435452652405,0.5453548431396484,0.16065092384815216,2.0970039258827455e-05,262144,240083,5430,10665.542234753415,2877.20868856196,235989,4001,93,0,0,0
P2,F3,37,test,calibrated,141,Somalia_230192,SOM,1.178275005455045,0.22533995266901463,0.22534002058987812,0.9645779132843018,0.40430131554603577,3.7006146158091724e-05,262144,232522,56118,107114.0791812019,35283.63463268986,182842,49622,18,40,0,0
P2,F3,37,test,t1,141,Somalia_230192,SOM,1.0,0.19019365181126524,0.19019362087571812,0.9516463279724121,0.38828951120376587,5.530942144105211e-05,262144,232522,56118,116733.05310855078,36903.121742868025,182842,49622,18,40,0,0
P2,F3,37,test,calibrated,142,Somalia_256539,SOM,1.178275005455045,0.44600315375038935,0.4460031619576086,0.7864958047866821,0.26692473888397217,2.795846012304537e-05,262144,221259,10271,20627.564161280374,5763.867411240986,213037,8199,23,0,0,0
P2,F3,37,test,t1,142,Somalia_256539,SOM,1.0,0.3692526018934855,0.3692525919649503,0.7299450039863586,0.23895032703876495,4.030402487842366e-05,262144,221259,10271,19578.875806351625,5822.601954214828,213037,8199,23,0,0,0
P2,F3,37,test,calibrated,143,Somalia_295782,SOM,1.178275005455045,0.2397368570865075,0.2397367678642971,0.9579614996910095,0.3956887125968933,3.3840304240584373e-05,262144,203048,46882,92414.10054172689,29035.546649516607,154185,32624,6758,9481,0,0
P2,F3,37,test,t1,143,Somalia_295782,SOM,1.0,0.2014448036384523,0.20144480453966251,0.9427911043167114,0.37844058871269226,5.029132807976566e-05,262144,203048,46882,100822.31887054874,30150.077281840968,154185,32624,6758,9481,0,0
P2,F3,37,test,calibrated,144,Somalia_322855,SOM,1.178275005455045,0.19765413167611634,0.19765416354719068,0.9092040657997131,0.34548863768577576,1.5987272490747273e-05,262144,255044,43051,67900.61111599447,21378.54591256226,197246,13061,16101,28636,0,0
P2,F3,37,test,t1,144,Somalia_322855,SOM,1.0,0.1603855304634536,0.1603855219278928,0.8789548277854919,0.3220006227493286,2.2349573555402458e-05,262144,255044,43051,72760.93951826113,22190.5945884504,197246,13061,16101,28636,0,0
P2,F3,37,test,calibrated,145,Somalia_32375,SOM,1.178275005455045,0.25772975122696684,0.25772976084682087,0.9616028070449829,0.4005446434020996,5.0600821850821376e-05,261366,133568,43557,57593.571948932295,18405.550548749343,108527,25040,0,1,0,0
P2,F3,37,test,t1,145,Somalia_32375,SOM,1.0,0.2182347692317116,0.21823479642254218,0.9476661086082458,0.38399916887283325,7.497570913983509e-05,261366,133568,43557,62939.21948725868,19167.27820810641,108527,25040,0,1,0,0
P2,F3,37,test,calibrated,146,Somalia_371421,SOM,1.178275005455045,0.24157974777217994,0.24157960902654851,0.9541565775871277,0.39120709896087646,3.276599818491377e-05,262144,230962,44846,161506.17183684127,48274.014308454956,163772,32512,29647,5031,0,0
P2,F3,37,test,t1,146,Somalia_371421,SOM,1.0,0.20270169109583325,0.2027017931068399,0.9377309679985046,0.3733462989330292,4.915480894851498e-05,262144,230962,44846,182117.1050506476,50264.94807583316,163772,32512,29647,5031,0,0
P2,F3,37,test,calibrated,147,Somalia_60129,SOM,1.178275005455045,0.4571847416858421,0.45718473320920583,0.7110517621040344,0.2292098104953766,1.5181981325440574e-05,262144,222316,8276,16895.424172957,4355.238668851696,216328,5311,644,33,0,0
P2,F3,37,test,t1,147,Somalia_60129,SOM,1.0,0.3729865573910446,0.37298654123113895,0.6447200179100037,0.20121534168720245,2.0327704987721518e-05,262144,222316,8276,15868.458959397072,4375.221369372518,216328,5311,644,33,0,0
P2,F3,37,test,calibrated,148,Somalia_61368,SOM,1.178275005455045,0.9999999999769474,1.0,0.22952082753181458,0.03817767649888992,3.6412252484296914e-06,262144,212969,0,3659.65957196434,86.89541486033903,212969,0,0,0,0,0
P2,F3,37,test,t1,148,Somalia_61368,SOM,1.0,0.9999999999544347,1.0,0.15016697347164154,0.022298669442534447,2.916479161285679e-06,262144,212969,0,1850.9467721986389,27.38718012286342,212969,0,0,0,0,0
P2,F3,37,test,calibrated,149,Somalia_626316,SOM,1.178275005455045,0.14482046065248233,0.1448204279317601,0.97651606798172,0.42178672552108765,3.8504913391079754e-05,262144,169085,113573,144495.57410330023,47896.99865343896,83316,64042,1630,20097,0,0
P2,F3,37,test,t1,149,Somalia_626316,SOM,1.0,0.12115551808204039,0.12115550146574561,0.9677590727806091,0.4084126949310303,5.731066994485445e-05,262144,169085,113573,161199.62506366172,50384.39640012323,83316,64042,1630,20097,0,0
P2,F3,37,test,calibrated,150,Somalia_649376,SOM,1.178275005455045,0.22082011227712417,0.22082009894635635,0.9609870910644531,0.3995175063610077,4.437060124473646e-05,262144,213929,55658,105931.10470716513,34272.54976785975,164733,44009,3008,2179,0,0
P2,F3,37,test,t1,150,Somalia_649376,SOM,1.0,0.18507979097997962,0.18507978107326495,0.9468322396278381,0.38281169533729553,6.815477536292747e-05,262144,213929,55658,116362.58630016878,35836.25781761449,164733,44009,3008,2179,0,0
P2,F3,37,test,calibrated,151,Somalia_685158,SOM,1.178275005455045,0.2924071636694704,0.29240719615842237,0.9226309061050415,0.3593401610851288,3.377413668204099e-05,262144,184172,26978,70420.26524314145,19263.675873600077,150114,8804,15242,10012,0,0
P2,F3,37,test,t1,151,Somalia_685158,SOM,1.0,0.2444577215817062,0.24445768722303907,0.8964665532112122,0.3375619053840637,5.055573274148628e-05,262144,184172,26978,78203.40257378746,19737.340373617306,150114,8804,15242,10012,0,0
P2,F3,37,test,calibrated,152,Somalia_699062,SOM,1.178275005455045,0.4355051371841413,0.43550513822863035,0.7667458653450012,0.25336697697639465,1.291073567699641e-05,262144,203209,9752,19315.356062830127,5384.034055268194,194894,5025,2437,853,0,0
P2,F3,37,test,t1,152,Somalia_699062,SOM,1.0,0.3571263856653296,0.3571264161687302,0.7063778638839722,0.22451692819595337,1.6895008229766972e-05,262144,203209,9752,18895.205793970752,5479.028852751572,194894,5025,2437,853,0,0
P2,F3,37,test,calibrated,153,Somalia_7931,SOM,1.178275005455045,0.9999999999765911,1.0,0.23159268498420715,0.039704758673906326,3.5716398087970447e-06,262144,201972,0,3312.397004747977,75.94032348836956,201972,0,0,0,0,0
P2,F3,37,test,t1,153,Somalia_7931,SOM,1.0,0.9999999999539103,1.0,0.15399417281150818,0.023892149329185486,2.8935821774211945e-06,262144,201972,0,1658.1388830609894,24.62031894319126,201972,0,0,0,0,0
P2,F3,37,test,calibrated,154,Somalia_886726,SOM,1.178275005455045,0.16972040052493442,0.16972040062441895,0.9428675770759583,0.3780733644962311,3.5572451452026144e-05,262144,262036,65085,144227.3368029609,40927.36189625961,162347,16694,34604,48391,0,0
P2,F3,37,test,t1,154,Somalia_886726,SOM,1.0,0.13846439776854624,0.1384644430010531,0.9227638244628906,0.35843661427497864,5.44251743122004e-05,262144,262036,65085,160310.59216321883,42193.97909976421,162347,16694,34604,48391,0,0
P2,F3,37,test,calibrated,155,Somalia_93023,SOM,1.178275005455045,0.32504834491907464,0.325048363372081,0.8640957474708557,0.3113018274307251,2.447713450237643e-05,262144,187825,19960,26333.203929785937,7982.92898768186,176349,11476,0,0,0,0
P2,F3,37,test,t1,155,Somalia_93023,SOM,1.0,0.2653782528125207,0.2653782220238977,0.8222190737724304,0.284854531288147,3.522152837831527e-05,262144,187825,19960,26224.72620056584,8187.1780355724395,176349,11476,0,0,0,0
P2,F3,37,test,calibrated,156,Somalia_94102,SOM,1.178275005455045,0.26892627065658004,0.2689262456042909,0.7418665885925293,0.2393682301044464,1.552956018713303e-05,262144,241360,17858,23812.416153269154,6585.444385379108,221597,7069,1905,10789,0,0
P2,F3,37,test,t1,156,Somalia_94102,SOM,1.0,0.2078425138680895,0.20784251922413688,0.6772222518920898,0.21010099351406097,2.0826570107601583e-05,262144,241360,17858,22904.786557951866,6654.052289017449,221597,7069,1905,10789,0,0
P2,F3,37,test,calibrated,157,Somalia_970508,SOM,1.178275005455045,0.17141497164821473,0.17141489645424113,0.9698483347892761,0.41105416417121887,3.427687624935061e-05,262144,217119,83772,213688.25773385924,63049.90777251012,119846,59161,21570,16542,0,0
P2,F3,37,test,t1,157,Somalia_970508,SOM,1.0,0.14374068349820324,0.14374060944845102,0.9587226510047913,0.3960146903991699,5.0853428547270596e-05,262144,217119,83772,241738.31821821423,65564.2999447281,119846,59161,21570,16542,0,0
P2,F3,37,test,calibrated,158,Somalia_989553,SOM,1.178275005455045,0.14638589849585226,0.14638591764176445,0.9372146725654602,0.37187960743904114,1.4859002476441674e-05,262144,110303,81350,45240.05889128537,14107.113155444113,89995,18001,2307,0,0,0
P2,F3,37,test,t1,158,Somalia_989553,SOM,1.0,0.11816493392122684,0.11816498406101372,0.9152898788452148,0.35143032670021057,2.0206063709338196e-05,262144,110303,81350,48589.4827341366,14700.720677576011,89995,18001,2307,0,0,0
P2,F3,37,test,calibrated,159,Somalia_992457,SOM,1.178275005455045,0.8007869330060455,0.8007869379198875,0.36125999689102173,0.08326093852519989,7.701582035224419e-06,262144,181140,997,28451.06016010688,6843.912989245482,172919,369,7224,628,0,0
P2,F3,37,test,t1,159,Somalia_992457,SOM,1.0,0.6951769718862149,0.6951769494574072,0.27814576029777527,0.06235203519463539,8.897142834030092e-06,262144,181140,997,31116.200309543878,6972.279017255145,172919,369,7224,628,0,0
P2,F3,37,test,calibrated,160,Sri-Lanka_101973,LKA,1.178275005455045,0.5368956890585854,0.5368957236731928,0.45825693011283875,0.12479248642921448,1.0325156836188398e-05,262144,262143,4068,20003.254159285203,4657.999762978428,255602,3583,2473,485,0,0
P2,F3,37,test,t1,160,Sri-Lanka_101973,LKA,1.0,0.4207032290734616,0.4207032452266639,0.37889382243156433,0.10221894830465317,1.3220379514677916e-05,262144,262143,4068,19767.677564105936,4721.003655495477,255602,3583,2473,485,0,0
P2,F3,37,test,calibrated,161,Sri-Lanka_1038087,LKA,1.178275005455045,0.42419621601406754,0.424196211150044,0.5244629383087158,0.14956745505332947,1.2263381904631387e-05,262144,262143,6307,60313.29655852656,15384.501558570388,241118,2913,14718,3394,0,0
P2,F3,37,test,t1,161,Sri-Lanka_1038087,LKA,1.0,0.3254256978470693,0.325425681109471,0.44624388217926025,0.1249496191740036,1.6504573068232276e-05,262144,262143,6307,66982.2628978463,15744.623950863117,241118,2913,14718,3394,0,0
P2,F3,37,test,calibrated,162,Sri-Lanka_1049830,LKA,1.178275005455045,0.39132119947130817,0.39132115683723145,0.6180538535118103,0.18514995276927948,1.7379739801981486e-05,262144,190233,8484,13571.471924757643,3596.3753051831195,183425,4231,680,1897,0,0
P2,F3,37,test,t1,162,Sri-Lanka_1049830,LKA,1.0,0.3032424778761338,0.3032424730347153,0.5427415370941162,0.15776531398296356,2.4599885364295915e-05,262144,190233,8484,12980.870931390979,3650.873537714615,183425,4231,680,1897,0,0
P2,F3,37,test,calibrated,163,Sri-Lanka_117737,LKA,1.178275005455045,0.6996578417392237,0.6996578411487447,0.5488945245742798,0.14469583332538605,9.572892849973869e-06,262144,262144,2124,28950.11909941255,6512.019764149696,254129,1284,5891,840,0,0
P2,F3,37,test,t1,163,Sri-Lanka_117737,LKA,1.0,0.5954451815127956,0.5954451872003828,0.4620264768600464,0.11583000421524048,1.177041485789232e-05,262144,262144,2124,29801.832359823296,6512.1325459081645,254129,1284,5891,840,0,0
P2,F3,37,test,calibrated,164,Sri-Lanka_120804,LKA,1.178275005455045,0.6213285633028094,0.6213285584976833,0.38470157980918884,0.09381090849637985,8.96617984835757e-06,262144,262144,2380,32091.470501704058,6786.550096989422,253694,1492,6070,888,0,0
P2,F3,37,test,t1,164,Sri-Lanka_120804,LKA,1.0,0.48974534178752527,0.4897453422992425,0.30334481596946716,0.07263551652431488,1.0928253686870448e-05,262144,262144,2380,34398.16634481081,6843.90648965178,253694,1492,6070,888,0,0
P2,F3,37,test,calibrated,165,Sri-Lanka_132922,LKA,1.178275005455045,0.8691692295081412,0.8691692253728545,0.443078875541687,0.11252602189779282,7.70534279581625e-06,262144,262144,829,69400.89602819787,16517.66369708128,243911,390,17404,439,0,0
P2,F3,37,test,t1,165,Sri-Lanka_132922,LKA,1.0,0.8024461504982816,0.802446148917029,0.35841771960258484,0.08880686014890671,8.592381163907703e-06,262144,262144,829,77961.99855373277,16819.893396016305,243911,390,17404,439,0,0
P2,F3,37,test,calibrated,166,Sri-Lanka_135713,LKA,1.178275005455045,0.9968331684217886,0.9968331683733982,0.24932967126369476,0.043374449014663696,3.872119123116136e-06,262144,134330,14,2470.7629445992125,81.15576741447651,134316,14,0,0,0,0
P2,F3,37,test,t1,166,Sri-Lanka_135713,LKA,1.0,0.9938615043793654,0.9938615049953062,0.16677594184875488,0.026408778503537178,3.293428562756162e-06,262144,134330,14,1293.319778912417,38.23726760933226,134316,14,0,0,0,0
P2,F3,37,test,calibrated,167,Sri-Lanka_14484,LKA,1.178275005455045,0.625317047691511,0.6253170317722889,0.4590851068496704,0.11996432393789291,1.1621897101576906e-05,262144,232015,2766,139836.78511752293,35582.80769591215,191965,1184,37373,1493,0,0
P2,F3,37,test,t1,167,Sri-Lanka_14484,LKA,1.0,0.5066878934461723,0.5066878934163033,0.37685972452163696,0.09609472006559372,1.4661460227216594e-05,262144,232015,2766,161331.24566095567,36488.992735004904,191965,1184,37373,1493,0,0
P2,F3,37,test,calibrated,168,Sri-Lanka_152185,LKA,1.178275005455045,0.4618747321466403,0.4618747183169979,0.525653600692749,0.14755353331565857,1.1762566828110721e-05,262144,262144,5549,12747.969345128207,2848.3282605805275,256271,3675,324,1874,0,0
P2,F3,37,test,t1,168,Sri-Lanka_152185,LKA,1.0,0.35765818437194363,0.3576582764741634,0.44552603363990784,0.12230125069618225,1.53759046952473e-05,262144,262144,5549,10951.621245354827,2825.78970141869,256271,3675,324,1874,0,0
P2,F3,37,test,calibrated,169,Sri-Lanka_163406,LKA,1.178275005455045,0.4382503621750695,0.43825029310047114,0.3811658024787903,0.0953955426812172,9.215406862495001e-06,262144,262144,4507,8973.626640023205,1604.5984463478928,256312,762,1325,3745,0,0
P2,F3,37,test,t1,169,Sri-Lanka_163406,LKA,1.0,0.31685405256063426,0.31685403305638615,0.30257853865623474,0.07501866668462753,1.1711593288055155e-05,262144,262144,4507,7159.653249910249,1562.8656090701193,256312,762,1325,3745,0,0
P2,F3,37,test,calibrated,170,Sri-Lanka_178753,LKA,1.178275005455045,0.9999999999768111,1.0,0.2169414907693863,0.03491285815834999,3.3520634588057874e-06,262144,253873,0,6950.957094407522,713.5527771451343,253228,0,645,0,0,0
P2,F3,37,test,t1,170,Sri-Lanka_178753,LKA,1.0,0.9999999999538225,1.0,0.13886608183383942,0.019777169451117516,2.6366997190052643e-06,262144,253873,0,5320.348237146403,659.6883200870586,253228,0,645,0,0,0
P2,F3,37,test,calibrated,171,Sri-Lanka_233609,LKA,1.178275005455045,0.45947630553237717,0.45947632073152256,0.6666979193687439,0.20242932438850403,1.67791386047611e-05,262144,257120,7209,25770.188076769446,6486.853394685568,246069,4174,3842,3035,0,0
P2,F3,37,test,t1,171,Sri-Lanka_233609,LKA,1.0,0.3682183103323401,0.36821835858350804,0.5926789045333862,0.17328909039497375,2.3021000743028708e-05,262144,257120,7209,25615.30469899957,6510.850690239315,246069,4174,3842,3035,0,0
P2,F3,37,test,calibrated,172,Sri-Lanka_236030,LKA,1.178275005455045,0.45939702759371825,0.45939702086407475,0.30493128299713135,0.06766057014465332,8.297960448544472e-06,262144,206088,3488,9180.30595411853,1985.274327875627,202225,2150,375,1338,0,0
P2,F3,37,test,t1,172,Sri-Lanka_236030,LKA,1.0,0.3199510850421854,0.3199510328756786,0.22734598815441132,0.049779005348682404,1.0344449947297107e-05,262144,206088,3488,8215.760484074708,2016.8895099597291,202225,2150,375,1338,0,0
P2,F3,37,test,calibrated,173,Sri-Lanka_236628,LKA,1.178275005455045,0.7051839632819923,0.7051839712693367,0.3579752445220947,0.0937248170375824,5.720913577533793e-06,262144,262142,1867,12617.85717925598,2510.833238483829,258029,1032,2246,835,0,0
P2,F3,37,test,t1,173,Sri-Lanka_236628,LKA,1.0,0.5906102949722882,0.5906102649467697,0.284326434135437,0.07573570311069489,6.0677907640638296e-06,262144,262142,1867,11601.877429983519,2493.7128741123715,258029,1032,2246,835,0,0
P2,F3,37,test,calibrated,174,Sri-Lanka_249079,LKA,1.178275005455045,0.9999999999783469,1.0,0.2552686631679535,0.04434603452682495,3.983261649409542e-06,262144,164775,0,2564.32963839045,74.52971656075519,164764,0,11,0,0,0
P2,F3,37,test,t1,174,Sri-Lanka_249079,LKA,1.0,0.9999999999581922,1.0,0.1718430519104004,0.02688857726752758,3.3476933367637685e-06,262144,164775,0,1316.7946662215136,34.68307685275025,164764,0,11,0,0,0
P2,F3,37,test,calibrated,175,Sri-Lanka_31559,LKA,1.178275005455045,0.9999999999769377,1.0,0.22304639220237732,0.03604596480727196,3.4321817565796664e-06,262144,218795,0,5986.012631594918,527.4483359784006,218331,0,464,0,0,0
P2,F3,37,test,t1,175,Sri-Lanka_31559,LKA,1.0,0.9999999999541679,1.0,0.14338552951812744,0.020470358431339264,2.7249627692071954e-06,262144,218795,0,4628.739055689601,479.0367538753602,218331,0,464,0,0,0
P2,F3,37,test,calibrated,176,Sri-Lanka_321316,LKA,1.178275005455045,0.18387460244358578,0.1838746170943638,0.9701709151268005,0.41191163659095764,3.1038460292620584e-05,262144,262133,78138,237208.2401210559,68523.216853444,130983,34245,53012,43893,0,0
P2,F3,37,test,t1,176,Sri-Lanka_321316,LKA,1.0,0.15399552714463638,0.15399554688385908,0.9591671824455261,0.39701783657073975,4.6095978177618235e-05,262144,262133,78138,267783.5271791637,71094.00999354853,130983,34245,53012,43893,0,0
P2,F3,37,test,calibrated,177,Sri-Lanka_377277,LKA,1.178275005455045,0.38072167020491,0.3807216774279064,0.6573336124420166,0.2023908942937851,1.979601802304387e-05,262144,259388,9691,22985.500173719603,5335.488787994884,246887,3898,2810,5793,0,0
P2,F3,37,test,t1,177,Sri-Lanka_377277,LKA,1.0,0.29765337266919867,0.29765333624454404,0.584812343120575,0.17441053688526154,2.824373405019287e-05,262144,259388,9691,22262.36989273197,5280.89572266208,246887,3898,2810,5793,0,0
P2,F3,37,test,calibrated,178,Sri-Lanka_400518,LKA,1.178275005455045,0.5672642881587181,0.5672643175313024,0.3879184424877167,0.09851647168397903,9.40106747293612e-06,262144,262144,2894,9703.316241238113,1869.2939908395222,258233,1531,1017,1363,0,0
P2,F3,37,test,t1,178,Sri-Lanka_400518,LKA,1.0,0.43924126984242806,0.43924127326584106,0.3102623522281647,0.07806498557329178,1.1588270353968255e-05,262144,262144,2894,7978.108385911856,1843.0322122395364,258233,1531,1017,1363,0,0
P2,F3,37,test,calibrated,179,Sri-Lanka_450918,LKA,1.178275005455045,0.7847534285977453,0.7847534227351919,0.8938984274864197,0.3280978500843048,1.6417205188190565e-05,123231,99126,4200,24486.795294447897,5761.097208477766,94147,702,4257,20,0,0
P2,F3,37,test,t1,179,Sri-Lanka_450918,LKA,1.0,0.7378670417135844,0.7378670312274868,0.8586271405220032,0.30227771401405334,2.056085577351041e-05,123231,99126,4200,21718.673179515536,5105.942086504629,94147,702,4257,20,0,0
P2,F3,37,test,calibrated,180,Sri-Lanka_49764,LKA,1.178275005455045,0.9999999999775387,1.0,0.24204789102077484,0.04151714965701103,3.758684442800586e-06,262144,243327,0,14959.442745406268,2516.3055319218465,240841,0,2486,0,0,0
P2,F3,37,test,t1,180,Sri-Lanka_49764,LKA,1.0,0.9999999999561773,1.0,0.1612420380115509,0.02494710683822632,3.1112510896491585e-06,262144,243327,0,14777.975213521366,2483.2280336309886,240841,0,2486,0,0,0
P2,F3,37,test,calibrated,181,Sri-Lanka_52223,LKA,1.178275005455045,0.9999999999757644,1.0,0.20285935699939728,0.03213561326265335,3.4412776130920975e-06,262144,262144,0,4168.034997552732,82.26302269011566,262144,0,0,0,0,0
P2,F3,37,test,t1,181,Sri-Lanka_52223,LKA,1.0,0.9999999999511251,1.0,0.12813331186771393,0.017979897558689117,2.770368382698507e-06,262144,262144,0,2057.442402857019,22.525118502958446,262144,0,0,0,0,0
P2,F3,37,test,calibrated,182,Sri-Lanka_523539,LKA,1.178275005455045,0.29361425976469957,0.29361424566366956,0.6261938810348511,0.18382368981838226,2.063140163954813e-05,262144,218481,13284,95438.73009937743,22293.215877274673,189309,4503,19784,4885,0,0
P2,F3,37,test,t1,182,Sri-Lanka_523539,LKA,1.0,0.21832760611218738,0.2183277025425171,0.5478812456130981,0.15508389472961426,2.9823131626471877e-05,262144,218481,13284,108486.33689038212,22670.987891486722,189309,4503,19784,4885,0,0
P2,F3,37,test,calibrated,183,Sri-Lanka_534068,LKA,1.178275005455045,0.2727659783376162,0.2727660321210761,0.8776437044143677,0.32173389196395874,1.0568357538431883e-05,262144,262144,26627,924488.6155721616,219670.00698857644,634,4242,234883,22385,0,0
P2,F3,37,test,t1,183,Sri-Lanka_534068,LKA,1.0,0.22053957185828466,0.22053958340673363,0.8390851020812988,0.29617947340011597,1.2926762792631052e-05,262144,262144,26627,1082093.4584394917,225000.45514344284,634,4242,234883,22385,0,0
P2,F3,37,test,calibrated,184,Sri-Lanka_551926,LKA,1.178275005455045,0.31569701377706916,0.3156970475932557,0.8213037848472595,0.2821902334690094,2.0925994249409996e-05,262144,262144,18088,36141.80468767996,10031.758470899797,236822,5722,7234,12366,0,0
P2,F3,37,test,t1,184,Sri-Lanka_551926,LKA,1.0,0.25304523092155484,0.25304522301704946,0.7696332335472107,0.2537615895271301,3.009994725289289e-05,262144,262144,18088,36319.421727779474,10131.285579794578,236822,5722,7234,12366,0,0
P2,F3,37,test,calibrated,185,Sri-Lanka_55568,LKA,1.178275005455045,0.20933987929647935,0.20933986971682483,0.641004204750061,0.1869291514158249,1.0126639608643018e-05,262144,212858,19144,13782.598448673285,3510.032200104132,193162,4428,553,14715,0,0
P2,F3,37,test,t1,185,Sri-Lanka_55568,LKA,1.0,0.1506848251442625,0.15068476305607914,0.5623492002487183,0.15711574256420135,1.2953117220604327e-05,262144,212858,19144,12322.743426976338,3496.835779314947,193162,4428,553,14715,0,0
P2,F3,37,test,calibrated,186,Sri-Lanka_579082,LKA,1.178275005455045,0.38669453324739167,0.3866945014429657,0.6425637602806091,0.1936318725347519,1.7792266589822248e-05,262144,208263,8881,44241.265219220666,10595.15924884997,190958,2839,9251,5215,0,0
P2,F3,37,test,t1,186,Sri-Lanka_579082,LKA,1.0,0.30124712379483565,0.3012471026882485,0.567249059677124,0.16529473662376404,2.4492923330399208e-05,262144,208263,8881,48463.72028781849,10745.146903338069,190958,2839,9251,5215,0,0
P2,F3,37,test,calibrated,187,Sri-Lanka_612594,LKA,1.178275005455045,0.12208129157401104,0.12208132275773542,0.8051798939704895,0.2741522789001465,2.076539021800272e-05,262144,262144,58637,39137.10853413779,11344.310449703396,203424,15595,83,43042,0,0
P2,F3,37,test,t1,187,Sri-Lanka_612594,LKA,1.0,0.09092325071410334,0.09092325267896106,0.7509070038795471,0.2457047700881958,3.0852250347379595e-05,262144,262144,58637,38911.37469066768,11649.437573099396,203424,15595,83,43042,0,0
P2,F3,37,test,calibrated,188,Sri-Lanka_63307,LKA,1.178275005455045,0.8027997402677567,0.802799747474587,0.4950535297393799,0.13392268121242523,8.425935448030941e-06,262144,262144,1393,32832.46123295816,7668.620366547398,253746,1393,7005,0,0,0
P2,F3,37,test,t1,188,Sri-Lanka_63307,LKA,1.0,0.7207903794627768,0.7207903711883413,0.413126140832901,0.10906599462032318,9.597756616130937e-06,262144,262144,1393,34773.30524116634,7727.23539477252,253746,1393,7005,0,0,0
P2,F3,37,test,calibrated,189,Sri-Lanka_649970,LKA,1.178275005455045,0.690515727417417,0.6905157106549857,0.3484821319580078,0.07906445860862732,7.297389856830705e-06,262144,260855,1604,63252.07915848162,15367.707565710578,243127,385,16124,1219,0,0
P2,F3,37,test,t1,189,Sri-Lanka_649970,LKA,1.0,0.5573859999930963,0.5573860268799988,0.26547518372535706,0.05870130658149719,8.3488630480133e-06,262144,260855,1604,71148.4565486811,15685.778589777557,243127,385,16124,1219,0,0
P2,F3,37,test,calibrated,190,Sri-Lanka_653336,LKA,1.178275005455045,0.2308757494483109,0.23087574386750076,0.8064696192741394,0.27472347021102905,2.3115875592338853e-05,262144,262141,26626,37820.73293377145,11077.04519932514,232260,11899,3255,14727,0,0
P2,F3,37,test,t1,190,Sri-Lanka_653336,LKA,1.0,0.17952015193783255,0.17952010966244814,0.7522127628326416,0.24624137580394745,3.44383624906186e-05,262144,262141,26626,38300.8247332274,11371.937539758535,232260,11899,3255,14727,0,0
P2,F3,37,test,calibrated,191,Sri-Lanka_713926,LKA,1.178275005455045,0.11177091528701877,0.11177105471419657,0.8598790764808655,0.3034927248954773,1.7012956959661096e-05,262144,262104,89541,33835.629469146006,8167.595826745359,171951,9647,635,79871,0,0
P2,F3,37,test,t1,191,Sri-Lanka_713926,LKA,1.0,0.08460418005119108,0.08460419192017665,0.8158935308456421,0.27568885684013367,2.3081265680957586e-05,262144,262104,89541,30011.25245005662,7808.836598852878,171951,9647,635,79871,0,0
P2,F3,37,test,calibrated,192,Sri-Lanka_748447,LKA,1.178275005455045,0.7574350544467583,0.7574350695073266,0.4095920920372009,0.10136190056800842,1.0186064173467457e-05,262144,249187,1428,8210.137327622466,1383.694507567215,246997,971,762,457,0,0
P2,F3,37,test,t1,192,Sri-Lanka_748447,LKA,1.0,0.6495497451182621,0.6495497184935299,0.32678303122520447,0.07899349182844162,1.2423057341948152e-05,262144,249187,1428,6315.302528452447,1313.230654382356,246997,971,762,457,0,0
P2,F3,37,test,calibrated,193,Sri-Lanka_845821,LKA,1.178275005455045,0.2917843331134916,0.2917843281383472,0.9745551943778992,0.41861793398857117,2.788008532661479e-05,262144,240758,46462,596802.2621887352,162369.0875423424,3200,3012,191628,42918,0,0
P2,F3,37,test,t1,193,Sri-Lanka_845821,LKA,1.0,0.2516553249370329,0.2516552926059652,0.9650986790657043,0.4047504663467407,3.923593612853438e-05,262144,240758,46462,691649.8357523086,168493.72321376085,3200,3012,191628,42918,0,0
P2,F3,37,test,calibrated,194,Sri-Lanka_847275,LKA,1.178275005455045,0.1497888665733309,0.1497888666993985,0.8550592064857483,0.30364859104156494,1.9772771338466555e-05,262144,231361,50511,69919.32361919185,17938.7888258511,172398,8499,13053,37411,0,0
P2,F3,37,test,t1,194,Sri-Lanka_847275,LKA,1.0,0.11557632492703185,0.11557628225538086,0.8106703758239746,0.27641862630844116,2.7985601263935678e-05,262144,231361,50511,76119.83389390496,18194.664100837967,172398,8499,13053,37411,0,0
P2,F3,37,test,calibrated,195,Sri-Lanka_849649,LKA,1.178275005455045,0.577540425264844,0.5775404735558325,0.5006380677223206,0.12681564688682556,9.766851690073963e-06,262144,218207,3237,7309.616439843976,1086.021598987916,215675,640,493,1399,0,0
P2,F3,37,test,t1,195,Sri-Lanka_849649,LKA,1.0,0.4565304618226329,0.45653044620226835,0.4118286669254303,0.09949085861444473,1.2530027561297175e-05,262144,218207,3237,5445.401953319482,979.291910290814,215675,640,493,1399,0,0
P2,F3,37,test,calibrated,196,Sri-Lanka_85652,LKA,1.178275005455045,0.9999999999760051,1.0,0.20451436936855316,0.03258965536952019,3.487680487523903e-06,262144,197368,0,11847.834545086404,1952.563762374788,195427,0,1941,0,0,0
P2,F3,37,test,t1,196,Sri-Lanka_85652,LKA,1.0,0.9999999999517725,1.0,0.1296466737985611,0.018343834206461906,2.7865053198183887e-06,262144,197368,0,11781.435526902409,1932.5365612351475,195427,0,1941,0,0,0
P2,F3,37,test,calibrated,197,Sri-Lanka_883641,LKA,1.178275005455045,0.24917871070738995,0.2491787186330523,0.6239041686058044,0.1856987476348877,1.2412495379976463e-05,262144,262144,16035,16458.32964355256,3835.886668473035,244816,3828,1293,12207,0,0
P2,F3,37,test,t1,197,Sri-Lanka_883641,LKA,1.0,0.1832515174512186,0.18325151524146666,0.5472521185874939,0.15770447254180908,1.677815816947259e-05,262144,262144,16035,14560.163831172726,3784.2895901021707,244816,3828,1293,12207,0,0
P2,F3,37,test,calibrated,198,Sri-Lanka_916628,LKA,1.178275005455045,0.17009238122811077,0.17009236326221167,0.9470007419586182,0.3825492858886719,3.399814886506647e-05,262144,259961,66981,93867.71855518992,27401.46444177298,167809,10628,25873,55651,0,0
P2,F3,37,test,t1,198,Sri-Lanka_916628,LKA,1.0,0.13949357710324095,0.13949351743126404,0.9282122254371643,0.36349108815193176,5.034574496676214e-05,262144,259961,66981,100963.62111109297,28138.110798205274,167809,10628,25873,55651,0,0
P2,F3,37,test,calibrated,199,Sri-Lanka_922192,LKA,1.178275005455045,0.6068913348204648,0.6068913403628191,0.47906339168548584,0.13181230425834656,7.90468038758263e-06,262144,239783,3093,9615.745637026803,1936.3440242706133,236521,2232,227,803,0,0
P2,F3,37,test,t1,199,Sri-Lanka_922192,LKA,1.0,0.49367979097505055,0.4936797808098613,0.4014616310596466,0.10840364545583725,9.381108611705713e-06,262144,239783,3093,7769.0351301666315,1870.2878781397492,236521,2232,227,803,0,0
P2,F3,37,test,calibrated,200,Sri-Lanka_92824,LKA,1.178275005455045,0.533417468174029,0.5334174504315657,0.5150865912437439,0.13371910154819489,9.940944437403232e-06,262144,246506,3909,169956.55193166152,46466.559855732114,190897,219,51700,3690,0,0
P2,F3,37,test,t1,200,Sri-Lanka_92824,LKA,1.0,0.4187052031583891,0.4187051998184804,0.4270118474960327,0.10632175952196121,1.2055187653459143e-05,262144,246506,3909,196236.30460783414,48047.73505101889,190897,219,51700,3690,0,0
P2,F3,37,test,calibrated,201,Sri-Lanka_956740,LKA,1.178275005455045,0.237389866463663,0.23738984354030324,0.737849771976471,0.2340981364250183,1.2829551451432053e-05,262144,202069,20033,13591.73617865017,3666.099396115237,188952,5199,68,7850,0,0
P2,F3,37,test,t1,201,Sri-Lanka_956740,LKA,1.0,0.181013478805376,0.1810134907983516,0.6714338064193726,0.2040373980998993,1.7370462956023403e-05,262144,202069,20033,12749.813837142097,3749.1750505079067,188952,5199,68,7850,0,0
