block,partition,seed,split,setting,source_order,sample_id,event_id,temperature,soft_dice_risk_binary,sdc_exact,uncertainty,top_tail_msp,spatial_inconsistency,input_valid_pixels,reference_valid_pixels,predicted_foreground_input,nll_sum,brier_sum,confusion_0_0,confusion_0_1,confusion_1_0,confusion_1_1,hard_disagreement_all_pixels,hard_disagreement_reference_valid
P2,F1,37,calibration,calibrated,0,Ghana_103272,GHA,1.1632191993979653,0.4615172796391045,0.4615172459126202,0.46218976378440857,0.12122463434934616,5.6410783145111054e-05,262144,259269,4729,13926.750361478997,2720.680942149111,254540,3171,0,1558,0,0
P2,F1,37,calibration,t1,0,Ghana_103272,GHA,1.0,0.356759076756781,0.3567590374832478,0.3858807384967804,0.09901370853185654,8.417088247369975e-05,262144,259269,4729,12499.196603586526,2656.782322207677,254540,3171,0,1558,0,0
P2,F1,37,calibration,calibrated,1,Ghana_1033830,GHA,1.1632191993979653,0.26342725271884926,0.2634272347706843,0.9925568103790283,0.4562184810638428,6.613057485083118e-05,262144,233229,68398,87209.85816671432,29552.27491043001,134547,1871,42448,54363,0,0
P2,F1,37,calibration,t1,1,Ghana_1033830,GHA,1.0,0.23637854742140563,0.23637853434708211,0.9899620413780212,0.44916579127311707,9.75160874077119e-05,262144,233229,68398,91236.57050709389,30462.76824634055,134547,1871,42448,54363,0,0
P2,F1,37,calibration,calibrated,2,Ghana_1078550,GHA,1.1632191993979653,0.9999999999786541,1.0,0.23981019854545593,0.040197283029556274,2.070023356282036e-06,262144,262144,0,10908.792703067978,1477.4089154826936,260737,0,1407,0,0,0
P2,F1,37,calibration,t1,2,Ghana_1078550,GHA,1.0,0.9999999999605341,1.0,0.16384509205818176,0.024679413065314293,1.676511487858079e-06,262144,262144,0,9725.747928936653,1421.986896957352,260737,0,1407,0,0,0
P2,F1,37,calibration,calibrated,3,Ghana_1089161,GHA,1.1632191993979653,0.5179144023348163,0.5179143734461833,0.344071626663208,0.07385662198066711,5.0547470891615376e-05,262144,236164,2924,8171.568639719341,1092.6879822752771,232681,576,559,2348,0,0
P2,F1,37,calibration,t1,3,Ghana_1089161,GHA,1.0,0.3870690829468577,0.38706911964780766,0.26390156149864197,0.05422693490982056,7.529295544372872e-05,262144,236164,2924,6384.8542002437,1013.5140496916746,232681,576,559,2348,0,0
P2,F1,37,calibration,calibrated,4,Ghana_11745,GHA,1.1632191993979653,0.8589807226173897,0.8589807198535433,0.5926135182380676,0.16355305910110474,1.6400757886003703e-05,262144,262144,1258,10342.483698330128,1376.3081942257909,260886,1258,0,0,0,0
P2,F1,37,calibration,t1,4,Ghana_11745,GHA,1.0,0.8039231108099224,0.8039231008386141,0.5144498348236084,0.13613443076610565,1.9017921658814885e-05,262144,262144,1258,7415.242460415464,1120.5397518949635,260886,1258,0,0,0,0
P2,F1,37,calibration,calibrated,5,Ghana_124834,GHA,1.1632191993979653,0.9864045247510018,0.9864045232668811,0.43048012256622314,0.09814629703760147,6.437568572437158e-06,262144,262144,79,6882.896330352962,488.77811078073063,262065,79,0,0,0,0
P2,F1,37,calibration,t1,5,Ghana_124834,GHA,1.0,0.9778829341356033,0.9778829341285158,0.3450857400894165,0.0742473229765892,6.749120530002983e-06,262144,262144,79,4299.3100830864805,315.48137995021244,262065,79,0,0,0,0
P2,F1,37,calibration,calibrated,6,Ghana_128663,GHA,1.1632191993979653,0.7255217773494791,0.7255218088193056,0.2708583474159241,0.052312493324279785,1.2390711162879597e-05,261406,168848,1091,5879.565174536545,931.0120317473513,167757,1091,0,0,0,0
P2,F1,37,calibration,t1,6,Ghana_128663,GHA,1.0,0.5926358364775437,0.5926358476770828,0.19581693410873413,0.03602711483836174,1.5610938135068864e-05,261406,168848,1091,4804.637920242216,911.6254533931466,167757,1091,0,0,0,0
P2,F1,37,calibration,calibrated,7,Ghana_132163,GHA,1.1632191993979653,0.5583902215829712,0.55839019332108,0.4819418787956238,0.12810035049915314,5.5732332839397714e-05,262144,55761,3589,2535.26633970046,466.9739165306777,55236,525,0,0,0,0
P2,F1,37,calibration,t1,7,Ghana_132163,GHA,1.0,0.4507912632099581,0.4507912309967582,0.4050036072731018,0.10521133989095688,8.053780766204e-05,262144,55761,3589,2128.368567448149,444.01065768566684,55236,525,0,0,0,0
P2,F1,37,calibration,calibrated,8,Ghana_134751,GHA,1.1632191993979653,0.9999999999352298,1.0,0.5394061803817749,0.1334294229745865,0.0001954900217242539,37663,37663,0,1612.440609306336,121.15657646491297,37663,0,0,0,0,0
P2,F1,37,calibration,t1,8,Ghana_134751,GHA,1.0,0.9999999999004101,1.0,0.45459088683128357,0.10521744936704636,0.00023464580590371042,37663,37663,0,1044.9674615473496,71.90432410913273,37663,0,0,0,0,0
P2,F1,37,calibration,calibrated,9,Ghana_135389,GHA,1.1632191993979653,0.9792068212077141,0.9792068232649204,0.6410066485404968,0.17501918971538544,0.0003167392569594085,24624,24624,26,2197.83236092764,363.8579323753157,24346,26,252,0,0,0
P2,F1,37,calibration,t1,9,Ghana_135389,GHA,1.0,0.9695931060569287,0.9695931084659495,0.5633779168128967,0.1447461098432541,0.0003897654823958874,24624,24624,26,1882.3029575257328,324.2034160491172,24346,26,252,0,0,0
P2,F1,37,calibration,calibrated,10,Ghana_141271,GHA,1.1632191993979653,0.9999999999766703,1.0,0.21145889163017273,0.0338469073176384,1.5605879752911278e-06,262144,262144,0,10517.723458912149,1636.875211553272,260508,0,1636,0,0,0
P2,F1,37,calibration,t1,10,Ghana_141271,GHA,1.0,0.9999999999558068,1.0,0.14007309079170227,0.020042963325977325,1.214994313158968e-06,262144,262144,0,9473.189532501172,1612.5567685502951,260508,0,1636,0,0,0
P2,F1,37,calibration,calibrated,11,Ghana_141910,GHA,1.1632191993979653,0.1853684697448681,0.18536845315871997,0.9940850734710693,0.46086636185646057,5.594760659732856e-05,262144,262144,124162,154991.48780857873,52567.55721582127,124618,66876,13364,57286,0,0
P2,F1,37,calibration,t1,11,Ghana_141910,GHA,1.0,0.16486480597753483,0.16486478945165473,0.9920175671577454,0.45454490184783936,8.140740828821436e-05,262144,262144,124162,165557.6242752049,54535.99029545511,124618,66876,13364,57286,0,0
P2,F1,37,calibration,calibrated,12,Ghana_142312,GHA,1.1632191993979653,0.9325685544954128,0.9325685544919766,0.2867449223995209,0.05551842227578163,4.660601007344667e-06,262144,262144,286,5398.985645126659,305.51327071999606,261858,286,0,0,0,0
P2,F1,37,calibration,t1,12,Ghana_142312,GHA,1.0,0.8839731989486296,0.8839731962703419,0.20887452363967896,0.03819435089826584,5.139603672432713e-06,262144,262144,286,3176.9641066228096,221.83944332319518,261858,286,0,0,0,0
P2,F1,37,calibration,calibrated,13,Ghana_144050,GHA,1.1632191993979653,0.9999999999802964,1.0,0.2855597734451294,0.051226429641246796,3.3776191230572294e-06,262144,23551,0,409.7059477085754,9.137037787232117,23551,0,0,0,0,0
P2,F1,37,calibration,t1,13,Ghana_144050,GHA,1.0,0.9999999999645989,1.0,0.20362521708011627,0.03308175131678581,3.0350504403031664e-06,262144,23551,0,218.5791305216947,2.933044246609803,23551,0,0,0,0,0
P2,F1,37,calibration,calibrated,14,Ghana_146222,GHA,1.1632191993979653,0.3009094145870228,0.30090942482144467,0.9694128036499023,0.41140368580818176,8.284336945507675e-05,262144,181656,38627,70863.84526560767,20443.178854936174,155191,26465,0,0,0,0
P2,F1,37,calibration,t1,14,Ghana_146222,GHA,1.0,0.2616168980501312,0.26161683926352153,0.9591678977012634,0.39770686626434326,0.00011334261944284663,262144,181656,38627,75954.94539599126,20825.6954047459,155191,26465,0,0,0,0
P2,F1,37,calibration,calibrated,15,Ghana_147015,GHA,1.1632191993979653,0.81089322330821,0.8108932265885043,0.5163648128509521,0.13603074848651886,2.9531085601774976e-05,262144,262144,1331,14548.920785239021,3047.501606843224,257973,641,2840,690,0,0
P2,F1,37,calibration,t1,15,Ghana_147015,GHA,1.0,0.7349818784953375,0.7349818854885493,0.43766018748283386,0.11104698479175568,3.9503331208834425e-05,262144,262144,1331,13021.613349253446,2981.2931876665302,257973,641,2840,690,0,0
P2,F1,37,calibration,calibrated,16,Ghana_154838,GHA,1.1632191993979653,0.999999999982055,1.0,0.3448455035686493,0.06857112050056458,4.187495505902916e-06,262144,42107,0,1271.4331607714655,82.8920656515589,42107,0,0,0,0,0
P2,F1,37,calibration,t1,16,Ghana_154838,GHA,1.0,0.9999999999690937,1.0,0.26013684272766113,0.047643743455410004,3.931103492504917e-06,262144,42107,0,797.1767939801503,45.33338745968237,42107,0,0,0,0,0
P2,F1,37,calibration,calibrated,17,Ghana_156478,GHA,1.1632191993979653,0.723858319802283,0.7238583035981516,0.7426479458808899,0.23968665301799774,2.6354891815572046e-05,262144,262144,3417,15398.994331173555,3117.5893776245375,258727,3417,0,0,0,0
P2,F1,37,calibration,t1,17,Ghana_156478,GHA,1.0,0.655267480617093,0.6552674601558702,0.6832261681556702,0.2126746028661728,3.328643651911989e-05,262144,262144,3417,12566.975688483035,2849.267908165236,258727,3417,0,0,0,0
P2,F1,37,calibration,calibrated,18,Ghana_161233,GHA,1.1632191993979653,0.984762545902776,0.9847625457715584,0.5055414438247681,0.12123019993305206,0.00011101362179033458,162668,1892,115,238.4399485144112,31.807217152987114,1892,0,0,0,0,0
P2,F1,37,calibration,t1,18,Ghana_161233,GHA,1.0,0.976631719764819,0.9766317190484112,0.4173504710197449,0.0940156802535057,0.0001448702678317204,162668,1892,115,179.98780910724923,20.147532118158992,1892,0,0,0,0,0
P2,F1,37,calibration,calibrated,19,Ghana_167233,GHA,1.1632191993979653,0.9973230654647679,0.9973230654112207,0.3483070731163025,0.06985906511545181,4.614504177880008e-06,262144,262144,15,5833.8756287414035,264.4575528482829,262129,15,0,0,0,0
P2,F1,37,calibration,t1,19,Ghana_167233,GHA,1.0,0.99541074523371,0.9954107452131221,0.2630108892917633,0.04883596673607826,4.35640959040029e-06,262144,262144,15,3399.431947809168,137.89681924328082,262129,15,0,0,0,0
P2,F1,37,calibration,calibrated,20,Ghana_168875,GHA,1.1632191993979653,0.159643860390428,0.15964387214408948,0.9920881390571594,0.4546516537666321,0.00010764658509287983,262144,41796,136876,77599.16776551268,22706.54259088672,12681,29115,0,0,0,0
P2,F1,37,calibration,t1,20,Ghana_168875,GHA,1.0,0.14101670863845983,0.14101670815596545,0.9893316030502319,0.4473513066768646,0.00014960201224312186,262144,41796,136876,87816.2183362005,23593.109982337523,12681,29115,0,0,0,0
P2,F1,37,calibration,calibrated,21,Ghana_187318,GHA,1.1632191993979653,0.9999999999776666,1.0,0.23151259124279022,0.038662418723106384,2.030235009442549e-06,262144,262144,0,4532.1327537323,105.7671592989184,262144,0,0,0,0,0
P2,F1,37,calibration,t1,21,Ghana_187318,GHA,1.0,0.999999999958365,1.0,0.1574121117591858,0.02371237985789776,1.6707964505258133e-06,262144,262144,0,2420.753173603166,36.73129758981564,262144,0,0,0,0,0
P2,F1,37,calibration,calibrated,22,Ghana_194723,GHA,1.1632191993979653,0.9248219791201439,0.9248219865300666,0.3113738000392914,0.060574039816856384,1.0444146937516052e-05,262144,47408,295,1391.2679889700585,218.73427816692316,47113,295,0,0,0,0
P2,F1,37,calibration,t1,22,Ghana_194723,GHA,1.0,0.8716452718289958,0.8716452705883533,0.2297196090221405,0.04162151739001274,1.3286564353620633e-05,262144,47408,295,1035.2232780509269,208.688171230426,47113,295,0,0,0,0
P2,F1,37,calibration,calibrated,23,Ghana_247288,GHA,1.1632191993979653,0.18681218771522012,0.18681215719665767,0.9010891318321228,0.3392319679260254,7.543341780547053e-05,261625,40174,44005,22580.818678615524,7480.248356838683,9392,4132,6269,20381,0,0
P2,F1,37,calibration,t1,23,Ghana_247288,GHA,1.0,0.1525482043102635,0.15254818757669475,0.8714514970779419,0.3171335458755493,0.00011260293831583112,261625,40174,44005,23921.102014806595,7702.870154369877,9392,4132,6269,20381,0,0
P2,F1,37,calibration,calibrated,24,Ghana_24858,GHA,1.1632191993979653,0.6574440132614415,0.6574440159872678,0.6098433136940002,0.1770356446504593,1.587142833159305e-05,262144,262144,3328,15254.1112842731,3126.7869089050387,258358,3302,458,26,0,0
P2,F1,37,calibration,t1,24,Ghana_24858,GHA,1.0,0.567140159641207,0.5671401750161426,0.5364352464675903,0.1507517546415329,1.953495120687876e-05,262144,262144,3328,13280.872327809642,3002.610666776016,258358,3302,458,26,0,0
P2,F1,37,calibration,calibrated,25,Ghana_264787,GHA,1.1632191993979653,0.7852053974547855,0.785205385540344,0.6998235583305359,0.2124054878950119,1.968338619917631e-05,262144,181975,2211,8459.448603973753,1332.2371788546916,181114,861,0,0,0,0
P2,F1,37,calibration,t1,25,Ghana_264787,GHA,1.0,0.720313374418328,0.7203133779152269,0.6329158544540405,0.18403761088848114,2.3834514649934135e-05,262144,181975,2211,6392.717133237564,1108.621416186069,181114,861,0,0,0,0
P2,F1,37,calibration,calibrated,26,Ghana_308249,GHA,1.1632191993979653,0.40492110257383407,0.4049211064594125,0.5988529324531555,0.16719283163547516,9.40055469982326e-05,262144,262144,7840,22981.948657878656,4782.045379083121,251530,2584,2774,5256,0,0
P2,F1,37,calibration,t1,26,Ghana_308249,GHA,1.0,0.3156764763944021,0.315676503403306,0.5218514800071716,0.13990402221679688,0.00014042599650565535,262144,262144,7840,22059.02798395435,4674.314794336421,251530,2584,2774,5256,0,0
P2,F1,37,calibration,calibrated,27,Ghana_313799,GHA,1.1632191993979653,0.5226752610724716,0.5226752498327527,0.6401227116584778,0.18900807201862335,2.171257983718533e-05,262144,244464,5660,35306.01538003799,9223.607277959443,228596,935,10208,4725,0,0
P2,F1,37,calibration,t1,27,Ghana_313799,GHA,1.0,0.4302157246715562,0.4302157012440062,0.5689811110496521,0.16204068064689636,2.9433949748636223e-05,262144,244464,5660,36856.03617743599,9381.668898490385,228596,935,10208,4725,0,0
P2,F1,37,calibration,calibrated,28,Ghana_319168,GHA,1.1632191993979653,0.22356501033112663,0.22356492297958053,0.9568073153495789,0.3950018584728241,3.6924422602169216e-05,262144,171624,49387,32560.221566817974,9764.309091001913,128908,3195,9911,29610,0,0
P2,F1,37,calibration,t1,28,Ghana_319168,GHA,1.0,0.1893094980507476,0.18930953000184347,0.9426565766334534,0.3791363835334778,5.251093170954846e-05,262144,171624,49387,32538.766065036703,9840.822201158151,128908,3195,9911,29610,0,0
P2,F1,37,calibration,calibrated,29,Ghana_359826,GHA,1.1632191993979653,0.6501235575536956,0.6501235385789264,0.6351479291915894,0.17971983551979065,6.575898441951722e-05,262144,262144,3091,16640.354707395134,3096.8127736850793,257460,1188,1593,1903,0,0
P2,F1,37,calibration,t1,29,Ghana_359826,GHA,1.0,0.5579494372885264,0.5579494429431808,0.5611753463745117,0.1512463092803955,9.696425695437938e-05,262144,262144,3091,14756.787999523473,2881.2543820800606,257460,1188,1593,1903,0,0
P2,F1,37,calibration,calibrated,30,Ghana_362274,GHA,1.1632191993979653,0.2524601202844483,0.25246014515225956,0.641169011592865,0.18780788779258728,7.057432230794802e-05,262144,259407,16699,26203.134321662925,5917.671885080046,238885,2158,4818,13546,0,0
P2,F1,37,calibration,t1,30,Ghana_362274,GHA,1.0,0.18985919883024016,0.18985919487374103,0.5691176056861877,0.16044525802135468,0.00010358032886870205,262144,259407,16699,25638.615423955926,5863.667649177416,238885,2158,4818,13546,0,0
P2,F1,37,calibration,calibrated,31,Ghana_406026,GHA,1.1632191993979653,0.4787244036586932,0.4787244437679695,0.5893976092338562,0.1565321534872055,7.347450446104631e-05,262144,262144,5515,13507.987542196697,1944.8465881999177,256460,1379,169,4136,0,0
P2,F1,37,calibration,t1,31,Ghana_406026,GHA,1.0,0.3820063771700538,0.38200639765233335,0.508251428604126,0.1278698742389679,0.00010977670171996579,262144,262144,5515,10899.46769698647,1683.972153412605,256460,1379,169,4136,0,0
P2,F1,37,calibration,calibrated,32,Ghana_45911,GHA,1.1632191993979653,0.4433639844183068,0.44336395878676005,0.9528614282608032,0.3900524377822876,4.612533302861266e-05,262144,29269,19937,3406.148524490408,872.8337005521275,28210,1059,0,0,0,0
P2,F1,37,calibration,t1,32,Ghana_45911,GHA,1.0,0.39218801155276084,0.392188014718832,0.937519371509552,0.37354952096939087,6.106402724981308e-05,262144,29269,19937,3037.335908291708,826.1281637981041,28210,1059,0,0,0,0
P2,F1,37,calibration,calibrated,33,Ghana_495107,GHA,1.1632191993979653,0.9965264065690268,0.9965264066191627,0.3288780450820923,0.06539379805326462,4.632827312889276e-06,262144,262144,18,18603.946041289793,3686.730673013426,258181,4,3945,14,0,0
P2,F1,37,calibration,t1,33,Ghana_495107,GHA,1.0,0.9939569881394754,0.9939569885720173,0.24622021615505219,0.04555497691035271,4.904429260932375e-06,262144,262144,18,18322.400638052273,3685.824072013159,258181,4,3945,14,0,0
P2,F1,37,calibration,calibrated,34,Ghana_49890,GHA,1.1632191993979653,0.6920237796385809,0.6920237732652275,0.7817696928977966,0.26227161288261414,2.8887801818200387e-05,262144,262144,4393,16858.557821996226,3616.547597448968,257751,4393,0,0,0,0
P2,F1,37,calibration,t1,34,Ghana_49890,GHA,1.0,0.6239197907350323,0.6239197892043007,0.7286533117294312,0.23599691689014435,3.691170786623843e-05,262144,262144,4393,13989.017117048908,3346.375591170007,257751,4393,0,0,0,0
P2,F1,37,calibration,calibrated,35,Ghana_53713,GHA,1.1632191993979653,0.9999999999803338,1.0,0.2833619713783264,0.05092397704720497,2.994697979374905e-06,262144,262144,0,5166.291211893804,156.141260748585,262144,0,0,0,0,0
P2,F1,37,calibration,t1,35,Ghana_53713,GHA,1.0,0.999999999964689,1.0,0.20214925706386566,0.03295069932937622,2.596345211713924e-06,262144,262144,0,2863.8826372887943,61.22916657418118,262144,0,0,0,0,0
P2,F1,37,calibration,calibrated,36,Ghana_597288,GHA,1.1632191993979653,0.33447025178787737,0.3344702705235546,0.581953227519989,0.16499195992946625,0.00014184298925101757,262144,262144,10769,20233.029345901647,4938.709100102793,250629,5825,746,4944,0,0
P2,F1,37,calibration,t1,36,Ghana_597288,GHA,1.0,0.2526056166181574,0.25260563555074433,0.5070390701293945,0.13915590941905975,0.00021372294577304274,262144,262144,10769,19013.856445946923,4978.858372774049,250629,5825,746,4944,0,0
P2,F1,37,calibration,calibrated,37,Ghana_61925,GHA,1.1632191993979653,0.7845625597886533,0.7845625807570807,0.23310387134552002,0.04028512164950371,2.0771074559888802e-05,262144,262144,707,4972.793258957818,232.47160116766884,261372,121,65,586,0,0
P2,F1,37,calibration,t1,37,Ghana_61925,GHA,1.0,0.6612281017457724,0.6612280877327124,0.15969783067703247,0.02553478814661503,3.068907608394511e-05,262144,262144,707,2863.9572694438893,168.035136223531,261372,121,65,586,0,0
P2,F1,37,calibration,calibrated,38,Ghana_7496,GHA,1.1632191993979653,0.8054712533806051,0.8054712497477008,0.6533054709434509,0.1935034692287445,1.3068281077721622e-05,262144,262144,1803,11982.266506041222,2020.0178855940055,260341,1803,0,0,0,0
P2,F1,37,calibration,t1,38,Ghana_7496,GHA,1.0,0.7416887930193874,0.7416887919472003,0.5829561948776245,0.1660982370376587,1.5316283679567277e-05,262144,262144,1803,9190.96833595178,1767.8154175445875,260341,1803,0,0,0,0
P2,F1,37,calibration,calibrated,39,Ghana_8090,GHA,1.1632191993979653,0.7870885385990032,0.7870885559599128,0.5546796321868896,0.1530095934867859,7.758320862194523e-06,262144,194666,1628,8688.233847955547,1529.7302591581977,193070,1592,4,0,0,0
P2,F1,37,calibration,t1,39,Ghana_8090,GHA,1.0,0.7103275686929,0.7103275955613569,0.4785161018371582,0.12755532562732697,8.792135304247495e-06,262144,194666,1628,6764.752978812448,1383.2021760250918,193070,1592,4,0,0,0
P2,F1,37,calibration,calibrated,40,Ghana_83200,GHA,1.1632191993979653,0.7397249734602582,0.7397249463018825,0.4488522708415985,0.11472779512405396,1.2491907909861766e-05,262144,98215,1706,4568.536305032836,871.4024504947197,97029,653,401,132,0,0
P2,F1,37,calibration,t1,40,Ghana_83200,GHA,1.0,0.6413605135320335,0.6413605457506868,0.371491014957428,0.09254463762044907,1.6386511560995132e-05,262144,98215,1706,3819.592145255393,842.9470767020115,97029,653,401,132,0,0
P2,F1,37,calibration,calibrated,41,Ghana_866994,GHA,1.1632191993979653,0.06186548418752569,0.061865434199990466,0.9654463529586792,0.406838059425354,2.0587905964930542e-05,262144,117511,186099,172528.21748668968,44227.746584836175,1069,10471,38586,67385,0,0
P2,F1,37,calibration,t1,41,Ghana_866994,GHA,1.0,0.051834579338419506,0.05183448822486436,0.9539804458618164,0.3925623297691345,2.7512669475981966e-05,262144,117511,186099,196970.28399511558,45189.57891121751,1069,10471,38586,67385,0,0
P2,F1,37,calibration,calibrated,42,Ghana_868803,GHA,1.1632191993979653,0.22676872302649143,0.22676874365584587,0.9957286715507507,0.4668682813644409,3.63178041880019e-05,262144,262144,90898,111500.21924790947,37475.83777303183,116175,1918,55071,88980,0,0
P2,F1,37,calibration,t1,42,Ghana_868803,GHA,1.0,0.205149355999385,0.20514937578499992,0.9942318201065063,0.46150141954421997,5.1897357479901984e-05,262144,262144,90898,116615.66115102683,38464.453375437675,116175,1918,55071,88980,0,0
P2,F1,37,calibration,calibrated,43,Ghana_887131,GHA,1.1632191993979653,0.3308133330991616,0.3308133648570367,0.8173301815986633,0.28131648898124695,8.265491487691179e-05,262144,262144,17279,30025.101995862413,8519.543440635425,242441,9628,2424,7651,0,0
P2,F1,37,calibration,t1,43,Ghana_887131,GHA,1.0,0.26952001575295514,0.2695200158521066,0.7697426676750183,0.25538989901542664,0.00012075745326001197,262144,262144,17279,29148.85678990084,8632.728869640108,242441,9628,2424,7651,0,0
P2,F1,37,calibration,calibrated,44,Ghana_895194,GHA,1.1632191993979653,0.283784940271137,0.28378499832530435,0.372570276260376,0.08805906027555466,6.075343844713643e-05,262144,252706,8525,9216.550528463804,1503.6274524237965,243179,830,1002,7695,0,0
P2,F1,37,calibration,t1,44,Ghana_895194,GHA,1.0,0.19409129539686276,0.19409132345929514,0.2960044741630554,0.06843329966068268,9.178911568596959e-05,262144,252706,8525,7351.361596780562,1445.7460698306938,243179,830,1002,7695,0,0
P2,F1,37,calibration,calibrated,45,Ghana_953791,GHA,1.1632191993979653,0.7900117277245682,0.790011713775843,0.5035739541053772,0.12769469618797302,1.7325261069345288e-05,262144,262144,1383,17515.922585499895,2745.687110855147,258776,596,1985,787,0,0
P2,F1,37,calibration,t1,45,Ghana_953791,GHA,1.0,0.7052030329372807,0.7052030559165312,0.4214170575141907,0.10225054621696472,2.3526135919382796e-05,262144,262144,1383,16224.012153188349,2578.4393271999365,258776,596,1985,787,0,0
P2,F1,37,calibration,calibrated,46,Ghana_97059,GHA,1.1632191993979653,0.853461095328334,0.8534611007570853,0.2551511526107788,0.045753732323646545,1.4138097867544275e-05,262144,27394,457,1808.487589522519,388.30582853745466,26937,457,0,0,0,0
P2,F1,37,calibration,t1,46,Ghana_97059,GHA,1.0,0.7584057677664964,0.758405755790657,0.17937986552715302,0.02975323051214218,2.0253310140105896e-05,262144,27394,457,1832.34796101857,394.6146235919325,26937,457,0,0,0,0
P2,F1,37,calibration,calibrated,47,Ghana_97516,GHA,1.1632191993979653,0.6675764528445398,0.667576428301025,0.6514590382575989,0.1887209713459015,2.7077709091827273e-05,262144,187555,3086,9182.282205507987,1709.5110743049713,185126,1658,52,719,0,0
P2,F1,37,calibration,t1,47,Ghana_97516,GHA,1.0,0.5823550528520032,0.5823550526045127,0.5788590312004089,0.16041241586208344,3.8393918657675385e-05,262144,187555,3086,7490.04148394163,1568.8337832904076,185126,1658,52,719,0,0
P2,F1,37,calibration,calibrated,48,Pakistan_1027214,PAK,1.1632191993979653,0.14220512904929528,0.1422051112811057,0.9825486540794373,0.43285781145095825,5.576650073635392e-05,262144,158958,106682,49721.39845377955,15430.005122654333,117400,17688,4164,19706,0,0
P2,F1,37,calibration,t1,48,Pakistan_1027214,PAK,1.0,0.12371268319831841,0.1237126721193541,0.9765685796737671,0.4222308397293091,7.990619633346796e-05,262144,158958,106682,50777.89731258545,15557.614127740817,117400,17688,4164,19706,0,0
P2,F1,37,calibration,calibrated,49,Pakistan_1036366,PAK,1.1632191993979653,0.2270566620487855,0.22705659781595022,0.9516502022743225,0.38818109035491943,0.00012612860882654786,262144,110380,48938,32580.781674392507,9342.558498251019,80358,7349,5391,17282,0,0
P2,F1,37,calibration,t1,49,Pakistan_1036366,PAK,1.0,0.19202240104637058,0.19202239278360533,0.9359340071678162,0.3714202344417572,0.0001901465730043128,262144,110380,48938,34429.94235251036,9556.380638280461,80358,7349,5391,17282,0,0
P2,F1,37,calibration,calibrated,50,Pakistan_132143,PAK,1.1632191993979653,0.5690126291584916,0.5690126434853875,0.9624487161636353,0.40204447507858276,2.7978161597275175e-05,262144,262144,13417,35587.30984495435,9989.540272891882,248727,13417,0,0,0,0
P2,F1,37,calibration,t1,50,Pakistan_132143,PAK,1.0,0.5193090995572882,0.5193091097865139,0.9500346183776855,0.3870956003665924,3.784697037190199e-05,262144,262144,13417,32828.756418230856,9656.332759570983,248727,13417,0,0,0,0
P2,F1,37,calibration,calibrated,51,Pakistan_167553,PAK,1.1632191993979653,0.4274002681258775,0.4274002733925427,0.9964269399642944,0.4696023166179657,4.474974048207514e-05,262144,247105,46815,84386.13755799306,28164.07108930077,201156,44491,1361,97,0,0
P2,F1,37,calibration,t1,51,Pakistan_167553,PAK,1.0,0.39543714206569647,0.39543716581002075,0.9951730370521545,0.46467188000679016,5.998866254230961e-05,262144,247105,46815,84389.07636467055,28450.346794537647,201156,44491,1361,97,0,0
P2,F1,37,calibration,calibrated,52,Pakistan_210595,PAK,1.1632191993979653,0.991829176677627,0.9918291765623536,0.6901405453681946,0.19829988479614258,8.285397598228883e-06,262144,262144,87,11942.95059634779,1480.8419599973486,262057,87,0,0,0,0
P2,F1,37,calibration,t1,52,Pakistan_210595,PAK,1.0,0.9885351635549996,0.9885351629949968,0.6182302832603455,0.16780048608779907,9.392878382641356e-06,262144,262144,87,8545.379300461753,1052.5690401102515,262057,87,0,0,0,0
P2,F1,37,calibration,calibrated,53,Pakistan_211386,PAK,1.1632191993979653,0.5219174749855932,0.5219174694040994,0.9848912358283997,0.4370322525501251,9.168680844595656e-05,262144,255405,23362,59470.01381148348,17351.765244140883,229841,18705,3347,3512,0,0
P2,F1,37,calibration,t1,53,Pakistan_211386,PAK,1.0,0.47906556588075433,0.4790655898317079,0.979688823223114,0.4270188510417938,0.00013140177179593593,262144,255405,23362,57376.023929672316,16885.766799636353,229841,18705,3347,3512,0,0
P2,F1,37,calibration,calibrated,54,Pakistan_246510,PAK,1.1632191993979653,0.3259366963193516,0.3259366675562628,0.9874888062477112,0.4429323077201843,8.18616317701526e-05,262144,258817,51906,127361.03621979355,35143.41392487535,205929,42147,1443,9298,0,0
P2,F1,37,calibration,t1,54,Pakistan_246510,PAK,1.0,0.2923105477564436,0.2923105064990914,0.9831632375717163,0.43381834030151367,0.00011957031529163942,262144,258817,51906,134497.18168980096,35205.41230740771,205929,42147,1443,9298,0,0
P2,F1,37,calibration,calibrated,55,Pakistan_246718,PAK,1.1632191993979653,0.31336012724984563,0.31336010622925514,0.9009768962860107,0.33833110332489014,8.270154648926109e-05,262144,235278,22562,29985.612416419463,8423.994860392197,211878,10274,1408,11718,0,0
P2,F1,37,calibration,t1,55,Pakistan_246718,PAK,1.0,0.26364874615452794,0.2636487427364058,0.8712606430053711,0.3160705268383026,0.00012079652515240014,262144,235278,22562,29033.590152461882,8427.69223666851,211878,10274,1408,11718,0,0
P2,F1,37,calibration,calibrated,56,Pakistan_336228,PAK,1.1632191993979653,0.27297691482374764,0.2729769327987389,0.9000598788261414,0.3394525349140167,7.453571743099019e-05,262144,132471,27917,52024.20886351292,15924.641080148758,111170,21301,0,0,0,0
P2,F1,37,calibration,t1,56,Pakistan_336228,PAK,1.0,0.2269170742511094,0.22691704496405118,0.8702911734580994,0.3174910247325897,0.00010981850209645927,262144,132471,27917,56855.28702447497,16533.516655460127,111170,21301,0,0,0,0
P2,F1,37,calibration,calibrated,57,Pakistan_35915,PAK,1.1632191993979653,0.2526810238211554,0.2526810484747395,0.9871851205825806,0.4414396286010742,8.558596164220944e-05,262144,129233,68093,38794.99379642104,10867.597794025638,67888,9044,4477,47824,0,0
P2,F1,37,calibration,t1,57,Pakistan_35915,PAK,1.0,0.22820811184218048,0.22820810573472872,0.9827511310577393,0.43208393454551697,0.00012638930638786405,262144,129233,68093,40732.655498226275,10899.751697686845,67888,9044,4477,47824,0,0
P2,F1,37,calibration,calibrated,58,Pakistan_366265,PAK,1.1632191993979653,0.512462035723956,0.5124620515255189,0.9509874582290649,0.38618192076683044,2.124088496202603e-05,262144,127291,19628,12843.367086648224,2866.958463219876,124731,2558,2,0,0,0
P2,F1,37,calibration,t1,58,Pakistan_366265,PAK,1.0,0.46069849995856194,0.46069848747326936,0.9349987506866455,0.36909109354019165,2.7723170205717906e-05,262144,127291,19628,10918.204030057492,2519.696714833685,124731,2558,2,0,0,0
P2,F1,37,calibration,calibrated,59,Pakistan_401863,PAK,1.1632191993979653,0.6896630898879376,0.6896630516878666,0.9904190897941589,0.449751615524292,3.4262367989867926e-05,262144,258845,15063,57472.81116046505,16028.618789198574,243533,11988,345,2979,0,0
P2,F1,37,calibration,t1,59,Pakistan_401863,PAK,1.0,0.6607571827932316,0.6607571886862043,0.9870890378952026,0.44168347120285034,4.733484092867002e-05,262144,258845,15063,52791.61688725713,14674.408365265634,243533,11988,345,2979,0,0
P2,F1,37,calibration,calibrated,60,Pakistan_43105,PAK,1.1632191993979653,0.3215631704793094,0.32156318388497984,0.9557716250419617,0.3928941488265991,6.484820187324658e-05,261411,260942,34574,82584.38721092266,25349.013717825794,226097,34574,271,0,0,0
P2,F1,37,calibration,t1,60,Pakistan_43105,PAK,1.0,0.27765937964789467,0.27765934903265854,0.9412782192230225,0.37671375274658203,9.071049134945497e-05,261411,260942,34574,86451.35296669026,25963.529721772673,226097,34574,271,0,0,0
P2,F1,37,calibration,calibrated,61,Pakistan_474121,PAK,1.1632191993979653,0.36343551893116055,0.3634354844949311,0.9896027445793152,0.4483058452606201,0.0001302822056459263,262144,180789,42954,53807.611336895134,15359.205118619262,152329,19567,829,8064,0,0
P2,F1,37,calibration,t1,61,Pakistan_474121,PAK,1.0,0.3296626960525898,0.32966264419079494,0.9859970808029175,0.44002240896224976,0.00019857820007018745,262144,180789,42954,54058.203575649386,15105.652861678704,152329,19567,829,8064,0,0
P2,F1,37,calibration,calibrated,62,Pakistan_528249,PAK,1.1632191993979653,0.2825375851157744,0.2825376084031255,0.9483305215835571,0.3825763165950775,2.9457618438755162e-05,262144,76982,36619,8247.756515775081,2338.2895282439886,73542,3440,0,0,0,0
P2,F1,37,calibration,t1,62,Pakistan_528249,PAK,1.0,0.24098205413202411,0.24098201348876613,0.9315463900566101,0.3650128245353699,3.990920595242642e-05,262144,76982,36619,7609.149131193122,2307.647462204105,73542,3440,0,0,0,0
P2,F1,37,calibration,calibrated,63,Pakistan_548910,PAK,1.1632191993979653,0.9261834914833752,0.9261834930143635,0.8530214428901672,0.29505378007888794,1.6389714801334776e-05,262144,235696,1196,24743.54037122656,5456.317294804105,231195,1062,3305,134,0,0
P2,F1,37,calibration,t1,63,Pakistan_548910,PAK,1.0,0.9058710797284164,0.9058710804927266,0.8108806014060974,0.2684440016746521,1.974874066945631e-05,262144,235696,1196,21765.006108140522,4932.225501134547,231195,1062,3305,134,0,0
P2,F1,37,calibration,calibrated,64,Pakistan_65724,PAK,1.1632191993979653,0.335017332589687,0.3350173702492414,0.9768688678741455,0.4223531186580658,5.55954102310352e-05,262144,262143,39462,76949.29812200612,25623.310234785444,222681,39462,0,0,0,0
P2,F1,37,calibration,t1,64,Pakistan_65724,PAK,1.0,0.29563814057821935,0.2956381498622155,0.9690116047859192,0.4101785123348236,7.935155736049637e-05,262144,262143,39462,79179.48229045374,26381.022448172615,222681,39462,0,0,0,0
P2,F1,37,calibration,calibrated,65,Pakistan_664885,PAK,1.1632191993979653,0.3024036034777261,0.3024036503978994,0.982925534248352,0.4329018294811249,7.884215301601216e-05,262144,73010,43674,30675.489033547397,7236.47429876055,63582,7045,102,2281,0,0
P2,F1,37,calibration,t1,65,Pakistan_664885,PAK,1.0,0.26982591732281413,0.2698259152223934,0.9770649075508118,0.42226630449295044,0.00011671857646433637,262144,73010,43674,32332.667656454963,7075.603371768306,63582,7045,102,2281,0,0
P2,F1,37,calibration,calibrated,66,Pakistan_667363,PAK,1.1632191993979653,0.30492176069480925,0.30492177523400554,0.9560856223106384,0.3925587236881256,3.299646414234303e-05,262144,162484,34610,54200.06545622585,18333.57541165052,132166,29099,115,1104,0,0
P2,F1,37,calibration,t1,66,Pakistan_667363,PAK,1.0,0.2626236960306898,0.26262367563015976,0.9416691660881042,0.3762996792793274,4.5802655222360045e-05,262144,162484,34610,57111.99489604929,19119.117084450205,132166,29099,115,1104,0,0
P2,F1,37,calibration,calibrated,67,Pakistan_694942,PAK,1.1632191993979653,0.24158486944636992,0.24158487769910075,0.9959367513656616,0.46761009097099304,3.85783969250042e-05,262144,191444,92812,79897.09891486928,27435.463810404864,128178,44785,546,17935,0,0
P2,F1,37,calibration,t1,67,Pakistan_694942,PAK,1.0,0.21989605565461767,0.21989605144431268,0.9945122003555298,0.4623611271381378,5.348958802642301e-05,262144,191444,92812,81182.60999498141,28039.72011899968,128178,44785,546,17935,0,0
P2,F1,37,calibration,calibrated,68,Pakistan_70625,PAK,1.1632191993979653,0.2549249451004818,0.2549249557158525,0.988433837890625,0.4456247091293335,4.846396404900588e-05,262144,262144,69675,139434.79721995018,45835.06849478723,191062,66415,1407,3260,0,0
P2,F1,37,calibration,t1,68,Pakistan_70625,PAK,1.0,0.22513970392564397,0.22513970689438545,0.9844315648078918,0.4369308650493622,6.860593566671014e-05,262144,262144,69675,149599.7904156866,47527.39283215534,191062,66415,1407,3260,0,0
P2,F1,37,calibration,calibrated,69,Pakistan_712873,PAK,1.1632191993979653,0.5784046734291777,0.5784046781355496,0.8347543478012085,0.288392037153244,3.5215256502851844e-05,262144,119557,8100,12049.997339175865,2912.7815650842113,115548,2693,611,705,0,0
P2,F1,37,calibration,t1,69,Pakistan_712873,PAK,1.0,0.5083085141885213,0.5083085194587118,0.7895108461380005,0.2621612548828125,4.9365582526661456e-05,262144,119557,8100,11497.943941204947,2842.1414466737465,115548,2693,611,705,0,0
P2,F1,37,calibration,calibrated,70,Pakistan_740461,PAK,1.1632191993979653,0.29539914063774764,0.2953991304584367,0.9907568097114563,0.4511954188346863,9.705046977614984e-05,262144,211456,65490,113077.10320168479,37731.078691843446,154923,56533,0,0,0,0
P2,F1,37,calibration,t1,70,Pakistan_740461,PAK,1.0,0.26371484615483076,0.26371481033864064,0.9875444769859314,0.44335848093032837,0.00014054290659260005,262144,211456,65490,120056.24665715144,38990.56979528437,154923,56533,0,0,0,0
P2,F1,37,calibration,calibrated,71,Pakistan_760290,PAK,1.1632191993979653,0.8219233833085051,0.8219233853439971,0.9378724694252014,0.3692290186882019,3.4820921428035945e-05,262144,233498,5232,34500.74433881932,7561.43732170161,228758,4740,0,0,0,0
P2,F1,37,calibration,t1,71,Pakistan_760290,PAK,1.0,0.7881633158048903,0.7881633236353672,0.9178695678710938,0.34991586208343506,4.592504774336703e-05,262144,233498,5232,29451.978604479744,6455.108746372816,228758,4740,0,0,0,0
P2,F1,37,calibration,calibrated,72,Pakistan_849790,PAK,1.1632191993979653,0.3776907381355883,0.37769079323222454,0.9926061630249023,0.4562884569168091,4.308360439608805e-05,262144,257239,46803,361045.78367028886,101326.78451470847,81682,3649,129375,42533,0,0
P2,F1,37,calibration,t1,72,Pakistan_849790,PAK,1.0,0.34486350441013425,0.3448635010447696,0.990028440952301,0.4492460787296295,6.0095637309132144e-05,262144,257239,46803,406372.3961184395,104556.1231604988,81682,3649,129375,42533,0,0
P2,F1,37,calibration,calibrated,73,Pakistan_909806,PAK,1.1632191993979653,0.5370854065459755,0.537085358150891,0.8671638369560242,0.315834641456604,3.460638617980294e-05,262144,116287,9128,8580.433508410613,1937.1554393886165,113367,1506,843,571,0,0
P2,F1,37,calibration,t1,73,Pakistan_909806,PAK,1.0,0.472054863814365,0.4720549003876314,0.8299899697303772,0.2921680808067322,4.7429002734133974e-05,262144,116287,9128,7692.097689736682,1849.471310346562,113367,1506,843,571,0,0
P2,F1,37,calibration,calibrated,74,Pakistan_94095,PAK,1.1632191993979653,0.15062474627226285,0.15062474577662788,0.9944047331809998,0.46233996748924255,7.080375507939607e-05,262144,180570,135079,89238.93772617728,27524.0430047081,95633,31371,6401,47165,0,0
P2,F1,37,calibration,t1,74,Pakistan_94095,PAK,1.0,0.13492157583507336,0.13492154287957392,0.9924486875534058,0.45625483989715576,0.00010513272718526423,262144,180570,135079,94505.36393289414,27961.74699477074,95633,31371,6401,47165,0,0
P2,F1,37,calibration,calibrated,75,Pakistan_9684,PAK,1.1632191993979653,0.8473817054973654,0.8473817182487409,0.6022526025772095,0.17400485277175903,1.957121457962785e-05,262144,113550,1299,5355.412063239906,1056.723166640547,111988,366,899,297,0,0
P2,F1,37,calibration,t1,75,Pakistan_9684,PAK,1.0,0.7920001228657993,0.7920001177170197,0.5286663770675659,0.1479213684797287,2.5139068384305574e-05,262144,113550,1299,4381.078143575487,994.70678453251,111988,366,899,297,0,0
P2,F1,37,calibration,calibrated,76,USA_1010394,USA,1.1632191993979653,0.856800058944551,0.8568000573370176,0.8003890514373779,0.2603597640991211,1.4137739526631776e-05,262144,262131,2039,20520.465512840987,3914.6002353111026,258739,1911,1353,128,0,0
P2,F1,37,calibration,t1,76,USA_1010394,USA,1.0,0.8152381741510555,0.8152381802820315,0.7469291090965271,0.2316535860300064,1.7262442270293832e-05,262144,262131,2039,17016.504335041744,3407.2891433142217,258739,1911,1353,128,0,0
P2,F1,37,calibration,calibrated,77,USA_1039203,USA,1.1632191993979653,0.6122712362782535,0.6122712544979679,0.8937026262283325,0.32982778549194336,3.3026579330908135e-05,262144,262112,9000,30688.20020536761,7560.157649400378,252543,7958,569,1042,0,0
P2,F1,37,calibration,t1,77,USA_1039203,USA,1.0,0.5505667920366462,0.5505668077910814,0.8617444038391113,0.306490421295166,4.4089960283599794e-05,262144,262112,9000,27503.820490813145,7095.480034609713,252543,7958,569,1042,0,0
P2,F1,37,calibration,calibrated,78,USA_1049586,USA,1.1632191993979653,0.5892326879247648,0.5892326817579199,0.8963744640350342,0.3353433907032013,3.983612623414956e-05,262144,262061,9250,27903.15564307352,6882.399183732778,252155,7784,660,1462,0,0
P2,F1,37,calibration,t1,78,USA_1049586,USA,1.0,0.5276668552717609,0.5276668822749618,0.8655425906181335,0.31288835406303406,5.4487070883624256e-05,262144,262061,9250,24827.140679167493,6497.051418141029,252155,7784,660,1462,0,0
P2,F1,37,calibration,calibrated,79,USA_1068362,USA,1.1632191993979653,0.3106140009489825,0.31061397778397526,0.9890645742416382,0.44673067331314087,0.00011235303827561438,262144,262124,54018,82405.6504808795,24361.620975018617,203821,27121,4285,26897,0,0
P2,F1,37,calibration,t1,79,USA_1068362,USA,1.0,0.2778770937792926,0.27787710103055974,0.9852740168571472,0.43820056319236755,0.00016722567670512944,262144,262124,54018,82532.47713598068,24064.34134091139,203821,27121,4285,26897,0,0
P2,F1,37,calibration,calibrated,80,USA_1082482,USA,1.1632191993979653,0.6207799168524859,0.6207799295244294,0.9461195468902588,0.382779061794281,3.542227204889059e-05,262144,262130,10148,31517.187491010525,8098.088609821292,250732,9192,1250,956,0,0
P2,F1,37,calibration,t1,80,USA_1082482,USA,1.0,0.568822996745344,0.5688229910686611,0.9287907481193542,0.36540231108665466,4.794865890289657e-05,262144,262130,10148,28544.503759417057,7659.72205384158,250732,9192,1250,956,0,0
P2,F1,37,calibration,calibrated,81,USA_11422,USA,1.1632191993979653,0.16627896322130042,0.16627895587358898,0.9278955459594727,0.36214274168014526,0.00014341558562591672,262144,262142,68049,97722.799923515,27387.017700540335,193215,32907,878,35142,0,0
P2,F1,37,calibration,t1,81,USA_11422,USA,1.0,0.13679819234340884,0.13679818025938006,0.9052659273147583,0.34225767850875854,0.00021919881692156196,262144,262142,68049,103946.86091972007,27772.434676858877,193215,32907,878,35142,0,0
P2,F1,37,calibration,calibrated,82,USA_114964,USA,1.1632191993979653,0.704910009860279,0.704910021847434,0.9177803993225098,0.3516140580177307,3.596829992602579e-05,262144,262125,6126,27336.237391394076,6507.579313875092,255727,6044,272,82,0,0
P2,F1,37,calibration,t1,82,USA_114964,USA,1.0,0.6545171552669816,0.6545172053818944,0.8923248648643494,0.3305245041847229,4.7849393013166264e-05,262144,262125,6126,24102.289513784053,5967.853115705591,255727,6044,272,82,0,0
P2,F1,37,calibration,calibrated,83,USA_115033,USA,1.1632191993979653,0.7596174947930843,0.7596174925889434,0.8117374777793884,0.274629145860672,2.4996623324113898e-05,262144,262109,3266,19570.75315691169,3915.6872537744985,257680,2070,1163,1196,0,0
P2,F1,37,calibration,t1,83,USA_115033,USA,1.0,0.7023837393397394,0.7023837282065575,0.7624268531799316,0.24786631762981415,3.419203858356923e-05,262144,262109,3266,16529.56273843767,3489.2995276361535,257680,2070,1163,1196,0,0
P2,F1,37,calibration,calibrated,84,USA_170264,USA,1.1632191993979653,0.24547248907905317,0.24547243809352093,0.988259494304657,0.4445571005344391,9.971186227630824e-05,262144,261982,71253,80363.79245855198,24841.33046695275,186887,31560,3866,39669,0,0
P2,F1,37,calibration,t1,84,USA_170264,USA,1.0,0.2166055715453491,0.21660558661841456,0.9841943979263306,0.4356893301010132,0.00014834087050985545,262144,261982,71253,80059.39908243154,24846.187202376466,186887,31560,3866,39669,0,0
P2,F1,37,calibration,calibrated,85,USA_179917,USA,1.1632191993979653,0.41112461862417016,0.41112460870001866,0.96067875623703,0.3988927900791168,8.236894063884392e-05,262144,262094,25487,52962.67354339782,16313.69498456881,236642,24941,2,509,0,0
P2,F1,37,calibration,t1,85,USA_179917,USA,1.0,0.3609275137437076,0.36092746471574966,0.9476878643035889,0.38348567485809326,0.00011672049731714651,262144,262094,25487,52057.1259472923,16480.829769046934,236642,24941,2,509,0,0
P2,F1,37,calibration,calibrated,86,USA_181263,USA,1.1632191993979653,0.8621723518005318,0.8621723677205678,0.9590038657188416,0.39195671677589417,0.00016627804143354297,207502,207499,3671,33090.99288107344,7490.803685434828,202923,3511,905,160,0,0
P2,F1,37,calibration,t1,86,USA_181263,USA,1.0,0.8368869523763438,0.836886948173051,0.9453328251838684,0.3753974437713623,0.00022017568699084222,207502,207499,3671,28353.29637228491,6444.178557685698,202923,3511,905,160,0,0
P2,F1,37,calibration,calibrated,87,USA_181503,USA,1.1632191993979653,0.6415507839245378,0.6415507787295627,0.9588780403137207,0.39681264758110046,3.146733433823101e-05,262144,262115,10631,37846.621717495116,9973.914918330407,250677,10244,807,387,0,0
P2,F1,37,calibration,t1,87,USA_181503,USA,1.0,0.5933639180518684,0.5933639130599453,0.9453303217887878,0.3811401426792145,4.220916162012145e-05,262144,262115,10631,34511.11922171373,9387.038648008293,250677,10244,807,387,0,0
P2,F1,37,calibration,calibrated,88,USA_19225,USA,1.1632191993979653,0.6109162840543754,0.6109162711566007,0.9334471821784973,0.36628901958465576,5.013016925659031e-05,262144,262122,10364,33228.12747946096,8565.024357098007,251258,9473,500,891,0,0
P2,F1,37,calibration,t1,88,USA_19225,USA,1.0,0.5556815032244982,0.5556814983253615,0.9122837781906128,0.3467589318752289,6.996955198701471e-05,262144,262122,10364,29991.225269846236,8079.400696787356,251258,9473,500,891,0,0
P2,F1,37,calibration,calibrated,89,USA_198411,USA,1.1632191993979653,0.5325482991534431,0.5325482948922433,0.9373470544815063,0.36595794558525085,0.00010324733011657372,87651,84222,6157,16524.79734254731,3812.8336164502516,75321,164,2899,5838,0,0
P2,F1,37,calibration,t1,89,USA_198411,USA,1.0,0.4723097396194861,0.4723097851978544,0.9170526266098022,0.34607169032096863,0.0001327482023043558,87651,84222,6157,14940.311584697713,3458.815385038773,75321,164,2899,5838,0,0
P2,F1,37,calibration,calibrated,90,USA_211406,USA,1.1632191993979653,0.5912175293599653,0.5912175563144936,0.9412289261817932,0.3759867250919342,3.643198579084128e-05,262144,262101,11030,31856.04124815304,8439.281586109271,250736,10235,335,795,0,0
P2,F1,37,calibration,t1,90,USA_211406,USA,1.0,0.5368301383792362,0.5368301141792318,0.9224222898483276,0.3577069044113159,4.9374353693565354e-05,262144,262101,11030,28846.2882257606,8045.677451948952,250736,10235,335,795,0,0
P2,F1,37,calibration,calibrated,91,USA_217598,USA,1.1632191993979653,0.25376047203783436,0.2537604920231119,0.9707875847816467,0.41342952847480774,0.00019307929323986173,257309,257297,49587,73555.90247266811,20811.227391071887,196793,15253,10917,34334,0,0
P2,F1,37,calibration,t1,91,USA_217598,USA,1.0,0.22096019762050378,0.2209601741131203,0.9609768390655518,0.4000120759010315,0.0002788101846817881,257309,257297,49587,74919.8356853182,20677.37902917762,196793,15253,10917,34334,0,0
P2,F1,37,calibration,calibrated,92,USA_224165,USA,1.1632191993979653,0.7401905641654842,0.7401905583002075,0.6894948482513428,0.2099667638540268,2.7850404876517132e-05,262144,262126,2800,13391.872619709186,2489.0704112940425,259295,2670,31,130,0,0
P2,F1,37,calibration,t1,92,USA_224165,USA,1.0,0.667251044923356,0.6672510086615264,0.6223523616790771,0.18219803273677826,3.672687307698652e-05,262144,262126,2800,10603.1492873872,2242.669489966065,259295,2670,31,130,0,0
P2,F1,37,calibration,calibrated,93,USA_225017,USA,1.1632191993979653,0.3726082775028612,0.37260830593712213,0.9736550450325012,0.4172873795032501,0.00017957872478291392,262144,262138,29785,46647.66564111889,13169.455270458213,230571,14787,1782,14998,0,0
P2,F1,37,calibration,t1,93,USA_225017,USA,1.0,0.33101776607044053,0.3310177382657825,0.9647608995437622,0.4043956995010376,0.0002727624087128788,262144,262138,29785,43975.070379826415,12736.806565433906,230571,14787,1782,14998,0,0
P2,F1,37,calibration,calibrated,94,USA_231124,USA,1.1632191993979653,0.9672631140444431,0.9672631154495596,0.8387656211853027,0.2803541123867035,9.8148659162689e-05,133432,129409,381,22294.50674374753,4765.48257771529,125472,98,3626,213,0,0
P2,F1,37,calibration,t1,94,USA_231124,USA,1.0,0.9567482190949677,0.9567482155133885,0.7925695776939392,0.25205227732658386,0.00012308586155995727,133432,129409,381,20580.65352897608,4369.365003435368,125472,98,3626,213,0,0
P2,F1,37,calibration,calibrated,95,USA_232060,USA,1.1632191993979653,0.7636471623575682,0.7636471586142874,0.818888783454895,0.27709686756134033,2.0637386114685796e-05,262144,262127,3834,21397.44924732217,4359.487330134872,257115,3299,1178,535,0,0
P2,F1,37,calibration,t1,95,USA_232060,USA,1.0,0.7070199933816798,0.7070199896899452,0.7700982093811035,0.250060111284256,2.6452791644260287e-05,262144,262127,3834,18011.157178989335,3896.5693262579134,257115,3299,1178,535,0,0
P2,F1,37,calibration,calibrated,96,USA_251323,USA,1.1632191993979653,0.6249134524369577,0.624913444381469,0.8449351191520691,0.2947332561016083,4.423523205332458e-05,261626,261038,6373,21952.113816899095,5326.878240818694,254282,6061,458,237,0,0
P2,F1,37,calibration,t1,96,USA_251323,USA,1.0,0.5570960907269712,0.5570961232983579,0.8019468188285828,0.2688485085964203,5.921383126405999e-05,261626,261038,6373,19324.1998185757,5065.4352263369,254282,6061,458,237,0,0
P2,F1,37,calibration,calibrated,97,USA_260929,USA,1.1632191993979653,0.4270595191154001,0.42705949054449355,0.9669644236564636,0.4082801640033722,8.017424261197448e-05,262144,262134,23926,47198.592280696124,14270.302425628444,237026,20088,1182,3838,0,0
P2,F1,37,calibration,t1,97,USA_260929,USA,1.0,0.3786939666732877,0.3786940194560502,0.9559597969055176,0.394172728061676,0.00011486092262202874,262144,262134,23926,45655.24245404104,14238.076832080063,237026,20088,1182,3838,0,0
P2,F1,37,calibration,calibrated,98,USA_275372,USA,1.1632191993979653,0.7826630517358211,0.7826630335325604,0.870146632194519,0.31090325117111206,2.2474490833701566e-05,262144,262138,4003,27525.031755187276,5883.996254468591,255930,3486,2205,517,0,0
P2,F1,37,calibration,t1,98,USA_275372,USA,1.0,0.7354787931270987,0.7354787787600421,0.832255482673645,0.28587785363197327,2.940805825346615e-05,262144,262138,4003,24606.899090743234,5327.926156410519,255930,3486,2205,517,0,0
P2,F1,37,calibration,calibrated,99,USA_308150,USA,1.1632191993979653,0.5434173395004043,0.5434173143777006,0.9739730954170227,0.4177270531654358,4.627591260941699e-05,262144,262027,18088,43183.43659981106,12255.285168354167,242856,16264,1085,1822,0,0
P2,F1,37,calibration,t1,99,USA_308150,USA,1.0,0.4969961574261592,0.49699617723871825,0.9651749730110168,0.4048929214477539,6.347839371301234e-05,262144,262027,18088,40161.13381390312,11812.122917832956,242856,16264,1085,1822,0,0
P2,F1,37,calibration,calibrated,100,USA_347609,USA,1.1632191993979653,0.7991526832956184,0.7991526817531401,0.9659106135368347,0.4056380093097687,0.00012728081492241472,209488,204416,5192,30809.95165630929,7237.117228710029,198334,4440,1194,448,0,0
P2,F1,37,calibration,t1,100,USA_347609,USA,1.0,0.7654375273417938,0.7654375348817607,0.9545347690582275,0.39111778140068054,0.00016138763749040663,209488,204416,5192,26858.063660084954,6419.804195124756,198334,4440,1194,448,0,0
P2,F1,37,calibration,calibrated,101,USA_348639,USA,1.1632191993979653,0.3007507227766715,0.30075071935249154,0.9875739216804504,0.4432006776332855,0.00018119368178304285,262144,262118,54549,82582.64474344027,25572.36042609097,203130,31834,4439,22715,0,0
P2,F1,37,calibration,t1,101,USA_348639,USA,1.0,0.2687004043640837,0.2687004010474666,0.9832776784896851,0.4341290295124054,0.00027531469822861254,262144,262118,54549,83053.28528985858,25621.158652624814,203130,31834,4439,22715,0,0
P2,F1,37,calibration,calibrated,102,USA_350244,USA,1.1632191993979653,0.4577831900363595,0.45778318336394996,0.9873152375221252,0.44252336025238037,5.8870955399470404e-05,262144,262120,31590,67586.33873243502,21314.427162879285,229887,30948,643,642,0,0
P2,F1,37,calibration,t1,102,USA_350244,USA,1.0,0.4166005235211765,0.4166004935583496,0.9829312562942505,0.43334701657295227,8.086903835646808e-05,262144,262120,31590,66123.54711356621,21277.559382029096,229887,30948,643,642,0,0
P2,F1,37,calibration,calibrated,103,USA_354981,USA,1.1632191993979653,0.41639508293636973,0.4163951182588129,0.9923675656318665,0.45538970828056335,7.29843886801973e-05,262144,262011,42797,78326.45639267893,25656.107746345806,218748,41539,476,1248,0,0
P2,F1,37,calibration,t1,103,USA_354981,USA,1.0,0.3815702942397726,0.3815702673239274,0.9897069334983826,0.44820436835289,0.00010210277832811698,262144,262011,42797,77743.51320823439,25841.993683000383,218748,41539,476,1248,0,0
P2,F1,37,calibration,calibrated,104,USA_366607,USA,1.1632191993979653,0.22266804897369064,0.22266806673191786,0.968849778175354,0.4092920124530792,0.00011296147567918524,262144,262139,57722,47241.39661492534,12787.145257105292,201565,11249,2852,46473,0,0
P2,F1,37,calibration,t1,104,USA_366607,USA,1.0,0.19381255386963592,0.19381257835019416,0.9583919644355774,0.3952510356903076,0.00017217644199263304,262144,262139,57722,43934.210164904915,12113.187620076813,201565,11249,2852,46473,0,0
P2,F1,37,calibration,calibrated,105,USA_375183,USA,1.1632191993979653,0.5139611832992489,0.5139612091660366,0.9843188524246216,0.4361896216869354,7.024980732239783e-05,262144,262065,22087,58327.785090363664,16480.513908389363,236989,18558,3007,3511,0,0
P2,F1,37,calibration,t1,105,USA_375183,USA,1.0,0.47190344292610364,0.47190346458110743,0.9789278507232666,0.42605653405189514,0.00010151988681172952,262144,262065,22087,56822.10456333515,16041.18019730506,236989,18558,3007,3511,0,0
P2,F1,37,calibration,calibrated,106,USA_387945,USA,1.1632191993979653,0.3332607809319915,0.3332608100996499,0.9637940526008606,0.4028063118457794,0.00011650496890069917,262144,262139,34623,63199.6035891928,18968.626148486237,225239,23447,2277,11176,0,0
P2,F1,37,calibration,t1,106,USA_387945,USA,1.0,0.2892173215383952,0.2892173351395422,0.9517626166343689,0.3879094123840332,0.00017189467325806618,262144,262139,34623,63248.92350172106,19039.86251500604,225239,23447,2277,11176,0,0
P2,F1,37,calibration,calibrated,107,USA_430764,USA,1.1632191993979653,0.35785869955931293,0.35785863573794374,0.9658111333847046,0.40595608949661255,0.00011901918333023787,262144,262137,31587,54603.66958969443,16278.924962072404,227334,19364,3216,12223,0,0
P2,F1,37,calibration,t1,107,USA_430764,USA,1.0,0.3128010935252008,0.3128010526859659,0.9544180035591125,0.3914993703365326,0.00017625473265070468,262144,262137,31587,53518.58706303159,16222.325112030348,227334,19364,3216,12223,0,0
P2,F1,37,calibration,calibrated,108,USA_438959,USA,1.1632191993979653,0.515720727691763,0.515720745239689,0.9826121926307678,0.43315064907073975,0.00013523381494451314,253924,253900,21347,48561.610771700274,13595.55828483198,231910,15687,645,5658,0,0
P2,F1,37,calibration,t1,108,USA_438959,USA,1.0,0.4730817750565064,0.4730817389317725,0.9766544699668884,0.4225707948207855,0.00018516788259148598,253924,253900,21347,45000.42230099017,12917.459289374683,231910,15687,645,5658,0,0
P2,F1,37,calibration,calibrated,109,USA_486103,USA,1.1632191993979653,0.5659679263050484,0.5659679184914125,0.9919609427452087,0.45426350831985474,3.873174500768073e-05,262144,262060,25427,79882.31942425319,23342.455158595738,230916,23902,5725,1517,0,0
P2,F1,37,calibration,t1,109,USA_486103,USA,1.0,0.5294783176026872,0.5294783190282815,0.9891605973243713,0.4469021260738373,5.203662294661626e-05,262144,262060,25427,78734.63626315974,22735.06944712186,230916,23902,5725,1517,0,0
P2,F1,37,calibration,calibrated,110,USA_504150,USA,1.1632191993979653,0.4181229822149011,0.4181229615208032,0.9902541041374207,0.450033038854599,8.859612717060372e-05,262144,262126,38720,73574.0317641258,23623.15164870752,222965,35899,443,2819,0,0
P2,F1,37,calibration,t1,110,USA_504150,USA,1.0,0.3794461592325177,0.3794461320651944,0.9868709444999695,0.44201788306236267,0.0001260809658560902,262144,262126,38720,72477.99085640926,23713.122463123575,222965,35899,443,2819,0,0
P2,F1,37,calibration,calibrated,111,USA_519181,USA,1.1632191993979653,0.4440615362702477,0.4440615430213726,0.9915788173675537,0.45344021916389465,8.12142898212187e-05,262144,262127,37942,74358.10374025675,23753.232499014208,223660,36315,525,1627,0,0
P2,F1,37,calibration,t1,111,USA_519181,USA,1.0,0.40646334151077534,0.4064633733333748,0.9886482357978821,0.44595301151275635,0.0001139849191531539,262144,262127,37942,72871.35531928987,23697.12125516773,223660,36315,525,1627,0,0
P2,F1,37,calibration,calibrated,112,USA_527077,USA,1.1632191993979653,0.7795119392688682,0.7795119351798967,0.901486337184906,0.3368561267852783,2.3278438675333746e-05,262144,262127,4775,28146.325626497535,6085.128968231733,256347,4134,1005,641,0,0
P2,F1,37,calibration,t1,112,USA_527077,USA,1.0,0.7346905955995191,0.734690610504285,0.8716432452201843,0.3142477571964264,3.0344142942340113e-05,262144,262127,4775,23939.100877891935,5339.084442412284,256347,4134,1005,641,0,0
P2,F1,37,calibration,calibrated,113,USA_58086,USA,1.1632191993979653,0.3198178990708539,0.31981789484294754,0.975120484828949,0.41969427466392517,0.00010096510959556326,262144,262112,39267,64336.008601609574,18907.85540169194,221438,24780,1407,14487,0,0
P2,F1,37,calibration,t1,113,USA_58086,USA,1.0,0.2807844225100281,0.28078444788202417,0.9666988849639893,0.4071456789970398,0.0001496844197390601,262144,262112,39267,63951.04277670337,18841.67190946081,221438,24780,1407,14487,0,0
P2,F1,37,calibration,calibrated,114,USA_595451,USA,1.1632191993979653,0.20577320958003398,0.20577319314282905,0.973903477191925,0.418413907289505,0.00010974637552862987,262144,262136,63043,155340.50631292423,39430.812035616014,195817,45788,3277,17254,0,0
P2,F1,37,calibration,t1,114,USA_595451,USA,1.0,0.17731483308125695,0.1773148527246926,0.9651045203208923,0.40570759773254395,0.00016478844918310642,262144,262136,63043,170362.21154270507,39971.50128000876,195817,45788,3277,17254,0,0
P2,F1,37,calibration,calibrated,115,USA_604222,USA,1.1632191993979653,0.4476218777731573,0.4476218806174215,0.9881017804145813,0.4447275996208191,8.414610056206584e-05,262144,262123,30908,79147.24921532597,23188.679508222216,228263,27219,2952,3689,0,0
P2,F1,37,calibration,t1,115,USA_604222,USA,1.0,0.40842364962642896,0.40842365374645107,0.9839869737625122,0.43589499592781067,0.00012345069262664765,262144,262123,30908,79676.03858165457,22931.712569583568,228263,27219,2952,3689,0,0
P2,F1,37,calibration,calibrated,116,USA_605492,USA,1.1632191993979653,0.30817967309782524,0.30817971880452233,0.9702633023262024,0.4123217463493347,0.00010134651529369876,262144,262125,40543,105493.77626589708,30362.483579908618,219828,39266,1754,1277,0,0
P2,F1,37,calibration,t1,116,USA_605492,USA,1.0,0.2682471374607449,0.2682471214439647,0.9602799415588379,0.3987386226654053,0.00014987874601501971,262144,262125,40543,112247.74316050104,30951.73863856269,219828,39266,1754,1277,0,0
P2,F1,37,calibration,calibrated,117,USA_638521,USA,1.1632191993979653,0.4619923942977906,0.46199235168787856,0.9876556396484375,0.4435054063796997,6.976303848205134e-05,262144,262141,29032,68178.49548100302,20857.666854541687,229808,27169,3301,1863,0,0
P2,F1,37,calibration,t1,117,USA_638521,USA,1.0,0.42053958269776126,0.4205396171884819,0.983388364315033,0.4344826340675354,0.00010052844299934804,262144,262141,29032,67627.75488022661,20802.062157331424,229808,27169,3301,1863,0,0
P2,F1,37,calibration,calibrated,118,USA_646878,USA,1.1632191993979653,0.7253801249385163,0.7253801273281029,0.8258754014968872,0.2787710726261139,9.911468077916652e-05,254040,252297,3972,21438.084823750367,4352.042530033978,247451,2422,1122,1302,0,0
P2,F1,37,calibration,t1,118,USA_646878,USA,1.0,0.6631716180850784,0.663171599090263,0.7780669331550598,0.2513981759548187,0.0001284626341657713,254040,252297,3972,18276.48585009431,3882.9689033654804,247451,2422,1122,1302,0,0
P2,F1,37,calibration,calibrated,119,USA_652955,USA,1.1632191993979653,0.32941056932602253,0.3294106405439581,0.9595243334770203,0.39751797914505005,0.00013337202835828066,262144,262141,33117,72251.00554251847,20367.34766979593,228436,25178,589,7938,0,0
P2,F1,37,calibration,t1,119,USA_652955,USA,1.0,0.2850245432847006,0.28502456451208935,0.946178674697876,0.3819345533847809,0.00019882978813257068,262144,262141,33117,73983.2886587814,20433.34356068363,228436,25178,589,7938,0,0
P2,F1,37,calibration,calibrated,120,USA_655230,USA,1.1632191993979653,0.6096297665059363,0.609629789538932,0.9021998643875122,0.3422979414463043,2.694826980587095e-05,262144,262129,8587,26701.92108387581,6793.320073585921,252890,8094,652,493,0,0
P2,F1,37,calibration,t1,120,USA_655230,USA,1.0,0.5498087118749466,0.5498087017424766,0.8731057047843933,0.3207148313522339,3.642714364104904e-05,262144,262129,8587,23928.65987674126,6479.566736404651,252890,8094,652,493,0,0
P2,F1,37,calibration,calibrated,121,USA_66026,USA,1.1632191993979653,0.6778175236516102,0.677817502515424,0.9017095565795898,0.34332409501075745,2.6528878152021207e-05,262144,262141,6600,23121.318355344243,5509.294332954535,255042,6112,499,488,0,0
P2,F1,37,calibration,t1,121,USA_66026,USA,1.0,0.6226812319245488,0.622681233969608,0.8726460933685303,0.3219899535179138,3.505078348098323e-05,262144,262141,6600,19947.899490817585,5112.618547923492,255042,6112,499,488,0,0
P2,F1,37,calibration,calibrated,122,USA_664261,USA,1.1632191993979653,0.449043505873566,0.4490435060444494,0.9712746739387512,0.41399261355400085,8.240640454459935e-05,262095,262087,23300,48337.4547046302,14334.236714210652,237980,19292,807,4008,0,0
P2,F1,37,calibration,t1,122,USA_664261,USA,1.0,0.40251464037151685,0.4025146495086468,0.96161949634552,0.4006490111351013,0.00012067542411386967,262095,262087,23300,46312.619432028034,14128.406492421627,237980,19292,807,4008,0,0
P2,F1,37,calibration,calibrated,123,USA_66511,USA,1.1632191993979653,0.672319221751076,0.6723192390250499,0.933855414390564,0.3676222264766693,4.7367095248773694e-05,262144,262136,8021,32260.3485179938,8345.210612588982,251946,7463,2169,558,0,0
P2,F1,37,calibration,t1,123,USA_66511,USA,1.0,0.6202873358622341,0.6202873316009333,0.9128714799880981,0.3483158349990845,6.350860348902643e-05,262144,262136,8021,29185.481568739768,7904.967431425974,251946,7463,2169,558,0,0
P2,F1,37,calibration,calibrated,124,USA_670826,USA,1.1632191993979653,0.7046299491472919,0.7046299375420826,0.8777757287025452,0.32118815183639526,2.845300332410261e-05,262144,262132,5456,31042.689122589436,7080.601535543752,253971,5151,2705,305,0,0
P2,F1,37,calibration,t1,124,USA_670826,USA,1.0,0.6486304432318964,0.6486304287469707,0.8425197601318359,0.2975873053073883,3.74784431187436e-05,262144,262132,5456,29425.760583339565,6707.294782983177,253971,5151,2705,305,0,0
P2,F1,37,calibration,calibrated,125,USA_67102,USA,1.1632191993979653,0.3654000395792749,0.36540001022166924,0.9478837251663208,0.3829655945301056,0.00014575518434867263,262144,262091,26007,43518.99953549518,12448.898951313979,235567,17033,519,8972,0,0
P2,F1,37,calibration,t1,125,USA_67102,USA,1.0,0.31755158336954425,0.3175515831705895,0.9309882521629333,0.36549824476242065,0.0002199351292802021,262144,262091,26007,41525.60971850438,12288.066009095552,235567,17033,519,8972,0,0
P2,F1,37,calibration,calibrated,126,USA_693819,USA,1.1632191993979653,0.7863618764362931,0.7863618788132662,0.911253035068512,0.3427487909793854,2.4474971723975614e-05,262144,262104,4376,28164.886042790633,6415.411906957224,256015,3635,1713,741,0,0
P2,F1,37,calibration,t1,126,USA_693819,USA,1.0,0.744178031936094,0.7441780323225745,0.8837299346923828,0.32046112418174744,3.229540743632242e-05,262144,262104,4376,24515.406207018103,5743.21659099116,256015,3635,1713,741,0,0
P2,F1,37,calibration,calibrated,127,USA_741073,USA,1.1632191993979653,0.7353874642789928,0.7353875064852486,0.9360493421554565,0.3715559244155884,2.7222915377933532e-05,262144,262115,7032,32671.794856413944,7670.472479971871,253007,5733,2076,1299,0,0
P2,F1,37,calibration,t1,127,USA_741073,USA,1.0,0.6904384999876142,0.6904385213411313,0.9158185720443726,0.3528330624103546,3.622809163061902e-05,262144,262115,7032,28752.656332854123,6937.44739392625,253007,5733,2076,1299,0,0
P2,F1,37,calibration,calibrated,128,USA_741178,USA,1.1632191993979653,0.5200704670157037,0.5200704232556348,0.9808343648910522,0.4298315644264221,4.31715561717283e-05,262144,262117,21337,50026.438798805786,14670.088618177846,239911,20760,869,577,0,0
P2,F1,37,calibration,t1,128,USA_741178,USA,1.0,0.4753826779997271,0.4753826634295273,0.9742874503135681,0.41876131296157837,5.8953562984243035e-05,262144,262117,21337,47509.41332615371,14337.177063825606,239911,20760,869,577,0,0
P2,F1,37,calibration,calibrated,129,USA_758178,USA,1.1632191993979653,0.6213277807511087,0.6213277775035997,0.9509545564651489,0.38727128505706787,3.511845716275275e-05,262144,262133,11015,37630.177418665386,9732.43820328561,250203,10313,915,702,0,0
P2,F1,37,calibration,t1,129,USA_758178,USA,1.0,0.5705818301669803,0.5705818262942789,0.9350094199180603,0.3703847825527191,4.811472535948269e-05,262144,262133,11015,34631.59192313608,9183.058462082317,250203,10313,915,702,0,0
P2,F1,37,calibration,calibrated,130,USA_761032,USA,1.1632191993979653,0.3741019516552142,0.37410201355861716,0.9746385216712952,0.4199056327342987,0.00010231514170300215,262144,262125,31255,70885.98319516401,20990.86275073454,225883,24125,4987,7130,0,0
P2,F1,37,calibration,t1,130,USA_761032,USA,1.0,0.3316553089712245,0.33165532035369205,0.9660770893096924,0.407418817281723,0.00015241831715684384,262144,262125,31255,72382.51765251943,21124.8358615997,225883,24125,4987,7130,0,0
P2,F1,37,calibration,calibrated,131,USA_770353,USA,1.1632191993979653,0.25921635239188123,0.2592163515547703,0.9867920875549316,0.441537082195282,0.00011537017417140305,262144,262141,63786,76805.41164270772,24209.995375304847,195256,32458,3100,31327,0,0
P2,F1,37,calibration,t1,131,USA_770353,USA,1.0,0.2290486105846774,0.22904860501376345,0.9822328686714172,0.4322138726711273,0.00017370037676300853,262144,262141,63786,76978.36809639027,24362.88634817744,195256,32458,3100,31327,0,0
P2,F1,37,calibration,calibrated,132,USA_778194,USA,1.1632191993979653,0.5561866078824185,0.5561866376933253,0.9803168177604675,0.4287484586238861,4.019189873361029e-05,262144,262070,18093,44753.62149782419,12545.854433715027,243393,14839,584,3254,0,0
P2,F1,37,calibration,t1,132,USA_778194,USA,1.0,0.5130965093547959,0.5130965172135866,0.9735978245735168,0.41751575469970703,5.511473136721179e-05,262144,262070,18093,41346.89424830832,11912.73512919948,243393,14839,584,3254,0,0
P2,F1,37,calibration,calibrated,133,USA_788696,USA,1.1632191993979653,0.10086114049182537,0.10086116442017945,0.937192440032959,0.3709017038345337,5.452011100715026e-05,262144,262126,111238,41726.92250354332,11111.073617494505,144353,6325,6535,104913,0,0
P2,F1,37,calibration,t1,133,USA_788696,USA,1.0,0.08375695649541293,0.08375695809551398,0.9171568155288696,0.3519630432128906,8.142262959154323e-05,262144,262126,111238,39186.124889900246,10664.87857870564,144353,6325,6535,104913,0,0
P2,F1,37,calibration,calibrated,134,USA_806273,USA,1.1632191993979653,0.39501195331284167,0.39501192516153893,0.9585646986961365,0.3965958058834076,5.8010009524878114e-05,262144,262131,25698,65763.43341863675,19805.121135974052,232538,23806,3896,1891,0,0
P2,F1,37,calibration,t1,134,USA_806273,USA,1.0,0.34635481818260905,0.3463547893457771,0.9449310302734375,0.38090571761131287,8.253874693764374e-05,262144,262131,25698,67274.71178826888,20082.825251380204,232538,23806,3896,1891,0,0
P2,F1,37,calibration,calibrated,135,USA_826217,USA,1.1632191993979653,0.5376986350186754,0.5376986267052244,0.9719502329826355,0.41416633129119873,4.472103319130838e-05,262144,262126,16939,41508.10310169254,11226.0155381689,244455,13173,732,3766,0,0
P2,F1,37,calibration,t1,135,USA_826217,USA,1.0,0.4917563601917867,0.4917563768127866,0.962501049041748,0.400819331407547,6.39013378531672e-05,262144,262126,16939,38155.641751928764,10625.309206382373,244455,13173,732,3766,0,0
P2,F1,37,calibration,calibrated,136,USA_831672,USA,1.1632191993979653,0.32499201716303205,0.3249920448134803,0.9918184280395508,0.4540154039859772,0.00011746137170121074,262144,262116,58662,95380.5237059928,30835.2645796114,199039,42120,4421,16536,0,0
P2,F1,37,calibration,t1,136,USA_831672,USA,1.0,0.2920467033802172,0.2920467135870095,0.9889696836471558,0.4466169774532318,0.00017131333879660815,262144,262116,58662,96967.10719492269,31247.173518392738,199039,42120,4421,16536,0,0
P2,F1,37,calibration,calibrated,137,USA_84195,USA,1.1632191993979653,0.5465515610868077,0.5465515554154583,0.9276890158653259,0.36328616738319397,4.982704558642581e-05,262144,262137,12461,35476.15810845859,9054.8342098351,248678,9648,998,2813,0,0
P2,F1,37,calibration,t1,137,USA_84195,USA,1.0,0.48976804045531797,0.48976804301030497,0.9050679206848145,0.3436284065246582,7.12244218448177e-05,262144,262137,12461,32646.882277373443,8582.666537272085,248678,9648,998,2813,0,0
P2,F1,37,calibration,calibrated,138,USA_86502,USA,1.1632191993979653,0.3992783444911919,0.3992783191468753,0.950497567653656,0.38627195358276367,5.08722587255761e-05,262144,262132,25086,150154.93244375638,43840.989899005755,188682,7088,48364,17998,0,0
P2,F1,37,calibration,t1,138,USA_86502,USA,1.0,0.34814439239424955,0.3481444061607375,0.9344097375869751,0.36923813819885254,7.219542749226093e-05,262144,262132,25086,164891.070697873,45123.56847557242,188682,7088,48364,17998,0,0
P2,F1,37,calibration,calibrated,139,USA_905409,USA,1.1632191993979653,0.22829377200862822,0.2282938441609038,0.9745134711265564,0.4191161096096039,0.00010783618927234784,262144,262099,53356,42186.853631497725,11071.88431007619,206920,10712,1827,42640,0,0
P2,F1,37,calibration,t1,139,USA_905409,USA,1.0,0.19904233716953867,0.19904225625809246,0.9659004211425781,0.4064970910549164,0.00016334463725797832,262144,262099,53356,38537.731016196514,10373.07645199633,206920,10712,1827,42640,0,0
P2,F1,37,calibration,calibrated,140,USA_908474,USA,1.1632191993979653,0.524083181851026,0.524083185491834,0.9951726794242859,0.4644968509674072,2.1464424207806587e-05,262144,262071,32256,70765.38045858145,22024.265049003945,228545,31680,1270,576,0,0
P2,F1,37,calibration,t1,140,USA_908474,USA,1.0,0.4908970775873692,0.4908970541869594,0.9934821128845215,0.4587504267692566,2.7567128199734725e-05,262144,262071,32256,68104.03692244964,21529.25951170899,228545,31680,1270,576,0,0
P2,F1,37,calibration,calibrated,141,USA_933610,USA,1.1632191993979653,0.4956535557573277,0.4956535539876983,0.9756863117218018,0.42120909690856934,6.302139809122309e-05,262144,262027,20114,44950.625860427164,12945.649886379133,241467,16737,446,3377,0,0
P2,F1,37,calibration,t1,141,USA_933610,USA,1.0,0.44906229855903,0.44906226627667245,0.9674603343009949,0.40889689326286316,9.074307308765128e-05,262144,262027,20114,42270.98996115102,12574.500688370405,241467,16737,446,3377,0,0
P2,F1,37,calibration,calibrated,142,USA_955053,USA,1.1632191993979653,0.2186810685127628,0.2186810816235737,0.9804348349571228,0.4284087121486664,0.0001205219523399137,262144,262140,73415,125661.35412295593,37171.17139381221,182324,43978,6401,29437,0,0
P2,F1,37,calibration,t1,142,USA_955053,USA,1.0,0.1902548688568917,0.1902548819103692,0.9737465977668762,0.41711100935935974,0.00018148192611988634,262144,262140,73415,133873.76956473538,37938.365682493786,182324,43978,6401,29437,0,0
P2,F1,37,calibration,calibrated,143,USA_986268,USA,1.1632191993979653,0.5282249354782831,0.5282249299465661,0.8932246565818787,0.33191928267478943,4.392173286760226e-05,262144,262123,10940,32194.775680842595,8200.299670158565,247231,5800,3952,5140,0,0
P2,F1,37,calibration,t1,143,USA_986268,USA,1.0,0.4646364121157427,0.46463640055752375,0.8615183234214783,0.30906304717063904,6.1301194364205e-05,262144,262123,10940,30235.869557023027,7917.398622533792,247231,5800,3952,5140,0,0
P2,F1,37,calibration,calibrated,144,USA_994009,USA,1.1632191993979653,0.7868538301475314,0.7868538230960048,0.9094778299331665,0.3434719741344452,2.1157962692086585e-05,262144,262018,4639,27958.996948116568,6219.139580597147,256090,4031,1289,608,0,0
P2,F1,37,calibration,t1,144,USA_994009,USA,1.0,0.7447623379154935,0.7447623226731797,0.8816861510276794,0.321476548910141,2.7148829758516513e-05,262144,262018,4639,24068.82270408058,5508.326117575486,256090,4031,1289,608,0,0
P2,F1,37,test,calibrated,0,Bolivia_103757,BOL,1.1632191993979653,0.3310384814952916,0.33103847388401764,0.997916579246521,0.47670894861221313,4.9307327572023496e-05,101623,88077,31429,29665.456419226874,9167.995795880786,52235,480,11361,24001,0,0
P2,F1,37,test,t1,0,Bolivia_103757,BOL,1.0,0.30200197184389255,0.30200197903298576,0.997183620929718,0.472921222448349,6.333795317914337e-05,101623,88077,31429,28592.669364671492,8917.514503725724,52235,480,11361,24001,0,0
P2,F1,37,test,calibrated,1,Bolivia_129334,BOL,1.1632191993979653,0.21768552646555694,0.2176855098077244,0.9974701404571533,0.47427254915237427,6.87673527863808e-05,261395,237065,134921,94113.99397463838,30818.013774780153,77664,3334,43283,112784,0,0
P2,F1,37,test,t1,1,Bolivia_129334,BOL,1.0,0.1984953212550612,0.19849531403685428,0.9965806007385254,0.47009170055389404,9.999550820793957e-05,261395,237065,134921,93986.94828153645,30690.23243909239,77664,3334,43283,112784,0,0
P2,F1,37,test,calibrated,2,Bolivia_195474,BOL,1.1632191993979653,0.6021636093784859,0.6021636113703619,0.7111179232597351,0.2239091545343399,2.063303327304311e-05,262144,261335,4983,18615.795079039686,4577.561645207421,255033,4751,1321,230,0,0
P2,F1,37,test,t1,2,Bolivia_195474,BOL,1.0,0.520343178736953,0.5203431735164568,0.6478478908538818,0.1968689262866974,2.7740452424040996e-05,262144,261335,4983,16844.772307513376,4506.344801149015,255033,4751,1321,230,0,0
P2,F1,37,test,calibrated,3,Bolivia_23014,BOL,1.1632191993979653,0.3449491935433687,0.34494918737226776,0.5385290384292603,0.1496943086385727,9.834251250140369e-05,193558,182995,9568,12391.255352047821,2366.429436900533,172793,2422,634,7146,0,0
P2,F1,37,test,t1,3,Bolivia_23014,BOL,1.0,0.25597121747889184,0.25597119964879955,0.4630683660507202,0.1253267377614975,0.00013314737589098513,193558,182995,9568,10194.309295325356,2274.9226496474403,172793,2422,634,7146,0,0
P2,F1,37,test,calibrated,4,Bolivia_233925,BOL,1.1632191993979653,0.8090044292416323,0.8090044176756485,0.4154966175556183,0.0978350043296814,0.00013560471415985376,197636,146294,1263,6448.125969902912,690.8104589184859,145510,783,1,0,0,0
P2,F1,37,test,t1,4,Bolivia_233925,BOL,1.0,0.7223604527409095,0.7223604437330675,0.3319178819656372,0.07560242712497711,0.0001831197296269238,197636,146294,1263,4463.0763208883645,583.7623835074289,145510,783,1,0,0,0
P2,F1,37,test,calibrated,5,Bolivia_242570,BOL,1.1632191993979653,0.3560102098359983,0.3560101744012919,0.9919989109039307,0.4545278251171112,3.6056484532309696e-05,262144,175507,47883,67226.43858810251,21514.706432066254,126887,21274,10643,16703,0,0
P2,F1,37,test,t1,5,Bolivia_242570,BOL,1.0,0.32336571387452195,0.3233657819083292,0.9892120957374573,0.44720953702926636,5.0044858653564006e-05,262144,175507,47883,68705.005578624,21708.6116342135,126887,21274,10643,16703,0,0
P2,F1,37,test,calibrated,6,Bolivia_290290,BOL,1.1632191993979653,0.31295840995387325,0.31295833113278004,0.9523282647132874,0.3890474736690521,7.798711158102378e-05,262144,204633,29263,30917.998123681038,8581.635256504856,178333,6601,4800,14899,0,0
P2,F1,37,test,t1,6,Bolivia_290290,BOL,1.0,0.2696159240984919,0.26961596678394684,0.9368305206298828,0.37240293622016907,0.00011663616169244051,262144,204633,29263,30152.30743779432,8487.599395563984,178333,6601,4800,14899,0,0
P2,F1,37,test,calibrated,7,Bolivia_294583,BOL,1.1632191993979653,0.16451605812046421,0.1645160540778331,0.8812002539634705,0.32617878913879395,0.00018460716819390655,262144,130472,45137,21481.799705469704,6028.26544951596,107983,7481,733,14275,0,0
P2,F1,37,test,t1,7,Bolivia_294583,BOL,1.0,0.13297202714144618,0.1329720136240794,0.8471342921257019,0.3032805621623993,0.00028592790476977825,262144,130472,45137,21773.668717476292,6113.27738267492,107983,7481,733,14275,0,0
P2,F1,37,test,calibrated,8,Bolivia_312675,BOL,1.1632191993979653,0.5128483461167361,0.5128483211410821,0.9214564561843872,0.3613694906234741,9.820065315579996e-05,253960,158008,10964,18172.869127496244,5163.2399562671435,146330,2103,5250,4325,0,0
P2,F1,37,test,t1,8,Bolivia_312675,BOL,1.0,0.4563666105876635,0.45636660385223093,0.8975815176963806,0.341879665851593,0.00012927893840242177,253960,158008,10964,17282.60042493296,5131.357733736533,146330,2103,5250,4325,0,0
P2,F1,37,test,calibrated,9,Bolivia_314919,BOL,1.1632191993979653,0.1403383393723805,0.1403383261372778,0.9881900548934937,0.44466766715049744,4.870463817496784e-05,262144,188845,130543,52406.401397402806,16101.778150447975,95511,9656,12167,71511,0,0
P2,F1,37,test,t1,9,Bolivia_314919,BOL,1.0,0.12294307953081574,0.12294305861791277,0.9841023087501526,0.4358208179473877,6.868027412565425e-05,262144,188845,130543,51994.3117248416,15995.4238267009,95511,9656,12167,71511,0,0
P2,F1,37,test,calibrated,10,Bolivia_360519,BOL,1.1632191993979653,0.6251028309696304,0.6251028499105016,0.34351876378059387,0.07490680366754532,3.9877500967122614e-05,250723,243678,2210,11850.160949137162,2038.2090692394486,241183,2081,285,129,0,0
P2,F1,37,test,t1,10,Bolivia_360519,BOL,1.0,0.49472026583923356,0.49472026064598285,0.26360493898391724,0.055588364601135254,5.68981995456852e-05,250723,243678,2210,10243.67981731776,1997.329594400713,241183,2081,285,129,0,0
P2,F1,37,test,calibrated,11,Bolivia_379434,BOL,1.1632191993979653,0.34285811155731627,0.34285808292427655,0.9601924419403076,0.3985306918621063,9.151337144430727e-05,262144,262144,29584,60861.49862783484,18793.208750531332,228300,23054,4260,6530,0,0
P2,F1,37,test,t1,11,Bolivia_379434,BOL,1.0,0.29893801592963576,0.2989380239235334,0.9470593333244324,0.38308852910995483,0.00013242202112451196,262144,262144,29584,62276.32405117935,19157.31219350586,228300,23054,4260,6530,0,0
P2,F1,37,test,calibrated,12,Bolivia_432776,BOL,1.1632191993979653,0.4137914666754152,0.4137914496001859,0.9941692352294922,0.4609312117099762,0.000131304346723482,210723,155397,38260,78017.59360465995,26785.364132151946,82503,749,45868,26277,0,0
P2,F1,37,test,t1,12,Bolivia_432776,BOL,1.0,0.3811460890371329,0.38114610033122953,0.9921303391456604,0.4546181261539459,0.00017849357391241938,210723,155397,38260,81349.91048913832,27618.955265438246,82503,749,45868,26277,0,0
P2,F1,37,test,calibrated,13,Bolivia_60373,BOL,1.1632191993979653,0.3621448468879549,0.36214486291495573,0.8817009925842285,0.32459571957588196,0.0001776779245119542,221330,199019,17385,17896.69671415531,3935.4236686486547,183895,2644,1992,10488,0,0
P2,F1,37,test,t1,13,Bolivia_60373,BOL,1.0,0.30066328278442955,0.3006632883408359,0.8474885821342468,0.30133190751075745,0.00023870848235674202,221330,199019,17385,15120.256908594905,3643.7175162721314,183895,2644,1992,10488,0,0
P2,F1,37,test,calibrated,14,Bolivia_76104,BOL,1.1632191993979653,0.9999999999781873,1.0,0.22866302728652954,0.03756913170218468,1.6295605291816173e-06,262144,190965,0,3383.2171075832894,77.84032105363558,190960,0,5,0,0,0
P2,F1,37,test,t1,14,Bolivia_76104,BOL,1.0,0.9999999999593867,1.0,0.1542542725801468,0.022701311856508255,1.2979795656065107e-06,262144,190965,0,1814.7116986332294,27.867302025947694,190960,0,5,0,0,0
P2,F1,37,test,calibrated,15,Mekong_1111068,KHM,1.1632191993979653,0.5665925090061039,0.5665925266710945,0.9934330582618713,0.45927971601486206,2.6089501261594705e-05,262144,262098,23062,58079.58294790386,17677.210926422616,234363,20286,4673,2776,0,0
P2,F1,37,test,t1,15,Mekong_1111068,KHM,1.0,0.5329992069934574,0.5329992024040334,0.9911414384841919,0.45271217823028564,3.5410859709372744e-05,262144,262098,23062,55470.2384482846,17148.418161605765,234363,20286,4673,2776,0,0
P2,F1,37,test,calibrated,16,Mekong_1149855,KHM,1.1632191993979653,0.23422266290819316,0.23422267878954106,0.8971093893051147,0.3374864459037781,0.00012235103349667042,262144,224775,34038,39687.627717980075,12102.428862881714,193364,14151,3038,14222,0,0
P2,F1,37,test,t1,16,Mekong_1149855,KHM,1.0,0.1920503081315963,0.19205024937820614,0.8666558861732483,0.31539469957351685,0.00018181079940404743,262144,224775,34038,40289.83811632877,12424.989033613341,193364,14151,3038,14222,0,0
P2,F1,37,test,calibrated,17,Mekong_1191208,KHM,1.1632191993979653,0.22714459261681696,0.2271445718651227,0.6127485632896423,0.17518487572669983,0.00014413997996598482,262144,202312,18697,14525.977107215065,2919.763390386443,185519,1528,1775,13490,0,0
P2,F1,37,test,t1,17,Mekong_1191208,KHM,1.0,0.16846253684601042,0.16846256203712695,0.537901759147644,0.14814646542072296,0.00021781872783321887,262144,202312,18697,12979.310587707678,2794.0553179176004,185519,1528,1775,13490,0,0
P2,F1,37,test,calibrated,18,Mekong_119477,KHM,1.1632191993979653,0.6464177661148789,0.6464177436851046,0.6332607269287109,0.20370247960090637,1.2332840924500488e-05,262144,260952,4064,12756.168784541844,2838.3552959140934,255414,2542,1474,1522,0,0
P2,F1,37,test,t1,18,Mekong_119477,KHM,1.0,0.5684599764501956,0.5684600082975562,0.5702743530273438,0.18082648515701294,1.5766676369821653e-05,262144,260952,4064,10677.518478480893,2732.2843133672,255414,2542,1474,1522,0,0
P2,F1,37,test,calibrated,19,Mekong_1248200,KHM,1.1632191993979653,0.13201143763416023,0.13201152216752388,0.993415355682373,0.45851603150367737,3.6034296499565244e-05,262144,260988,187216,87617.97724475196,26101.281268483457,49684,6716,25166,179422,0,0
P2,F1,37,test,t1,19,Mekong_1248200,KHM,1.0,0.11677958471652616,0.11677961184990426,0.991115927696228,0.45182186365127563,5.0031212595058605e-05,262144,260988,187216,86539.2285077892,25478.45088241622,49684,6716,25166,179422,0,0
P2,F1,37,test,calibrated,20,Mekong_1282475,KHM,1.1632191993979653,0.15677771466284007,0.15677772587641736,0.6774289011955261,0.21431158483028412,7.843534694984555e-05,262144,262144,31781,19830.79043015583,4991.945407350189,229383,6210,980,25571,0,0
P2,F1,37,test,t1,20,Mekong_1282475,KHM,1.0,0.11735088970012586,0.11735089574515734,0.614230751991272,0.18892385065555573,0.00011748716497095302,262144,262144,31781,18057.11268894342,5002.832662649687,229383,6210,980,25571,0,0
P2,F1,37,test,calibrated,21,Mekong_1395593,KHM,1.1632191993979653,0.17842736378053448,0.17842732519834403,0.6067590713500977,0.18055200576782227,6.655746256001294e-05,262144,261728,23951,21288.773217312017,5251.535286617202,236799,6054,978,17897,0,0
P2,F1,37,test,t1,21,Mekong_1395593,KHM,1.0,0.13072478608326343,0.13072478972188173,0.5365148782730103,0.15545839071273804,9.88621759461239e-05,262144,261728,23951,20157.16935735158,5288.883089017815,236799,6054,978,17897,0,0
P2,F1,37,test,calibrated,22,Mekong_1396181,KHM,1.1632191993979653,0.19240639904148993,0.19240637497659197,0.9971056580543518,0.47259947657585144,3.900391675415449e-05,262144,243062,152099,84679.62334484221,27121.4896243533,82062,15993,21416,123591,0,0
P2,F1,37,test,t1,22,Mekong_1396181,KHM,1.0,0.17482863034861162,0.1748285966963008,0.9960886836051941,0.46814975142478943,5.372208761400543e-05,262144,243062,152099,82743.36428938806,26631.89127690608,82062,15993,21416,123591,0,0
P2,F1,37,test,calibrated,23,Mekong_1413877,KHM,1.1632191993979653,0.5563980850171376,0.5563980527104957,0.5400510430335999,0.15258733928203583,1.84832915692823e-05,262144,256968,4349,11668.842371559578,2506.7904256360334,251840,2616,966,1546,0,0
P2,F1,37,test,t1,23,Mekong_1413877,KHM,1.0,0.4551965255426711,0.4551965461883335,0.4669979512691498,0.12871228158473969,2.4521583327441476e-05,262144,256968,4349,9742.935458821992,2461.041542720271,251840,2616,966,1546,0,0
P2,F1,37,test,calibrated,24,Mekong_1439641,KHM,1.1632191993979653,0.07806132840983304,0.07806132852936631,0.9762193560600281,0.4212437868118286,5.569334462052211e-05,262144,262083,185587,49996.71095349318,14519.481770086635,60724,3557,15772,182030,0,0
P2,F1,37,test,t1,24,Mekong_1439641,KHM,1.0,0.06636151586867889,0.06636143859158383,0.9681536555290222,0.408910870552063,8.386943227378651e-05,262144,262083,185587,47733.9334931522,14186.171691731026,60724,3557,15772,182030,0,0
P2,F1,37,test,calibrated,25,Mekong_1443339,KHM,1.1632191993979653,0.12062179343210222,0.12062184813187515,0.9944374561309814,0.4619675874710083,5.583249730989337e-05,262144,262135,178690,74611.33727874156,22946.635015377156,61563,7789,21882,170901,0,0
P2,F1,37,test,t1,25,Mekong_1443339,KHM,1.0,0.10717947036422193,0.10717946911637033,0.9924917817115784,0.4558199644088745,8.131256618071347e-05,262144,262135,178690,73039.80146288594,22535.809759352007,61563,7789,21882,170901,0,0
P2,F1,37,test,calibrated,26,Mekong_16233,KHM,1.1632191993979653,0.07898222939452038,0.0789822802431156,0.6203583478927612,0.18915987014770508,4.751531741931103e-05,262144,262132,65217,17364.773857137563,3701.344046129482,195954,3967,961,61250,0,0
P2,F1,37,test,t1,26,Mekong_16233,KHM,1.0,0.056802749066282354,0.0568027417096415,0.5526671409606934,0.16449593007564545,7.048268162179738e-05,262144,262132,65217,15000.85495652011,3590.8177352683924,195954,3967,961,61250,0,0
P2,F1,37,test,calibrated,27,Mekong_213094,KHM,1.1632191993979653,0.9452796478723582,0.9452796428773612,0.28230732679367065,0.05495097115635872,4.508985512075014e-06,261386,229843,226,4772.169910103756,269.51548937924105,229670,62,99,12,0,0
P2,F1,37,test,t1,27,Mekong_213094,KHM,1.0,0.9049214100161496,0.904921416468108,0.2056237906217575,0.037994254380464554,4.763442575494992e-06,261386,229843,226,2879.32795077412,195.94321265331578,229670,62,99,12,0,0
P2,F1,37,test,calibrated,28,Mekong_221789,KHM,1.1632191993979653,0.9999999999759109,1.0,0.18868952989578247,0.029111281037330627,1.4355035773405689e-06,262144,215327,0,3342.117304508151,59.31947354401147,215327,0,0,0,0,0
P2,F1,37,test,t1,28,Mekong_221789,KHM,1.0,0.999999999953822,1.0,0.12171783298254013,0.01674390584230423,1.0887123380598496e-06,262144,215327,0,1728.1227598538994,17.006900707658424,215327,0,0,0,0,0
P2,F1,37,test,calibrated,29,Mekong_254910,KHM,1.1632191993979653,0.33531505465765177,0.3353149960108195,0.9110118746757507,0.34970495104789734,5.173608587938361e-05,262144,205495,21370,41869.78955312082,11122.349677521599,190890,14470,87,48,0,0
P2,F1,37,test,t1,29,Mekong_254910,KHM,1.0,0.2849258090928525,0.28492577304423183,0.8841519951820374,0.3288157284259796,7.336147245950997e-05,262144,205495,21370,43340.856642572166,11175.648427016771,190890,14470,87,48,0,0
P2,F1,37,test,calibrated,30,Mekong_269835,KHM,1.1632191993979653,0.7897176419360518,0.789717625060151,0.2098521590232849,0.036048758774995804,1.5587767848046497e-05,262144,212236,677,4139.522954795285,306.8441664436396,211489,264,70,413,0,0
P2,F1,37,test,t1,30,Mekong_269835,KHM,1.0,0.6641105597659888,0.6641105349577316,0.14160655438899994,0.02289724349975586,2.2938129404792562e-05,262144,212236,677,2606.801793085071,269.7932076266464,211489,264,70,413,0,0
P2,F1,37,test,calibrated,31,Mekong_293769,KHM,1.1632191993979653,0.15222039474613647,0.1522203558855848,0.7097612619400024,0.22835657000541687,5.464127752929926e-05,261430,230540,35668,16446.17662094265,3726.485267193556,196184,3936,1445,28975,0,0
P2,F1,37,test,t1,31,Mekong_293769,KHM,1.0,0.11545391859234111,0.11545392911549501,0.6484248638153076,0.20247209072113037,7.846105290809646e-05,261430,230540,35668,14180.622564557565,3611.987054039194,196184,3936,1445,28975,0,0
P2,F1,37,test,calibrated,32,Mekong_333434,KHM,1.1632191993979653,0.5994136837289162,0.5994136952149672,0.8155298829078674,0.2842051088809967,3.11961630359292e-05,262144,203133,6260,15621.388611750066,3880.1896408612984,196960,2889,2176,1108,0,0
P2,F1,37,test,t1,32,Mekong_333434,KHM,1.0,0.5304546481117587,0.5304546193175161,0.7687991857528687,0.2591199576854706,4.226497549097985e-05,262144,203133,6260,14143.66237943857,3779.34095993557,196960,2889,2176,1108,0,0
P2,F1,37,test,calibrated,33,Mekong_342411,KHM,1.1632191993979653,0.1649346113316722,0.16493458503597191,0.7595810890197754,0.25219473242759705,4.616913429345004e-05,262144,262141,35356,27565.21776470065,7454.650407328122,224781,8446,2004,26910,0,0
P2,F1,37,test,t1,33,Mekong_342411,KHM,1.0,0.1265896078192561,0.1265896418253637,0.7037843465805054,0.22610345482826233,6.768605089746416e-05,262144,262141,35356,26527.957682477158,7530.71792071522,224781,8446,2004,26910,0,0
P2,F1,37,test,calibrated,34,Mekong_382276,KHM,1.1632191993979653,0.20771309556998652,0.20771304198833007,0.30436304211616516,0.06385485082864761,4.037578037241474e-05,262144,262111,11167,9554.46533420496,1316.304141488332,250887,1416,57,9751,0,0
P2,F1,37,test,t1,34,Mekong_382276,KHM,1.0,0.13235505843087825,0.1323551311429103,0.2280556559562683,0.04644051566720009,5.996402614982799e-05,262144,262111,11167,7761.445696059967,1255.0509905103568,250887,1416,57,9751,0,0
P2,F1,37,test,calibrated,35,Mekong_424793,KHM,1.1632191993979653,0.45337348302849445,0.4533735115610372,0.5533632636070251,0.15213532745838165,2.8577287594089285e-05,262144,258487,5881,15224.36527846478,3275.2236578902184,251512,2972,1094,2909,0,0
P2,F1,37,test,t1,35,Mekong_424793,KHM,1.0,0.35620497710577104,0.3562049004501826,0.4762840270996094,0.12661217153072357,3.923714393749833e-05,262144,258487,5881,13591.311826588677,3207.7521624254828,251512,2972,1094,2909,0,0
P2,F1,37,test,calibrated,36,Mekong_45934,KHM,1.1632191993979653,0.9867432845517373,0.9867432847898118,0.2363324612379074,0.041820116341114044,3.887983893946512e-06,262144,261859,53,5163.383233644634,337.2611146398658,261536,27,270,26,0,0
P2,F1,37,test,t1,36,Mekong_45934,KHM,1.0,0.9754382035661524,0.9754382054208057,0.16373324394226074,0.027025872841477394,4.206565790809691e-06,262144,261859,53,3190.1548614241456,279.1187477346951,261536,27,270,26,0,0
P2,F1,37,test,calibrated,37,Mekong_474783,KHM,1.1632191993979653,0.7686958246640712,0.7686958147559333,0.8123750686645508,0.27796900272369385,2.508159559511114e-05,262144,262119,3108,21275.88095988574,5203.982039552053,254619,1720,4392,1388,0,0
P2,F1,37,test,t1,37,Mekong_474783,KHM,1.0,0.7144663294165199,0.7144663409369469,0.7638957500457764,0.251858651638031,3.28064379573334e-05,262144,262119,3108,19223.909977402334,5004.37526885793,254619,1720,4392,1388,0,0
P2,F1,37,test,calibrated,38,Mekong_52610,KHM,1.1632191993979653,0.13504000906224,0.1350400801012549,0.9962794184684753,0.4690196216106415,2.3564598450320773e-05,262144,262144,185770,81952.3375907536,25555.91845096815,47054,4417,29320,181353,0,0
P2,F1,37,test,t1,38,Mekong_52610,KHM,1.0,0.12093556957771623,0.1209355867656895,0.9949740767478943,0.4639959931373596,3.136212399112992e-05,262144,262144,185770,79934.60070811104,25043.980938644723,47054,4417,29320,181353,0,0
P2,F1,37,test,calibrated,39,Mekong_596495,KHM,1.1632191993979653,0.05608924314995689,0.056089194538624154,0.9617491364479065,0.4017932713031769,3.8908750866539776e-05,262143,229483,189177,41302.08473330499,12639.342710252096,50660,1680,16100,161043,0,0
P2,F1,37,test,t1,39,Mekong_596495,KHM,1.0,0.04696465257014093,0.0469646508881828,0.949144721031189,0.3868446350097656,5.698816676158458e-05,262143,229483,189177,40779.60342532814,12722.68834024768,50660,1680,16100,161043,0,0
P2,F1,37,test,calibrated,40,Mekong_774566,KHM,1.1632191993979653,0.08821562489598866,0.08821568288601722,0.8577484488487244,0.30220553278923035,9.688566933618858e-05,262144,227728,93534,38751.02539421718,10571.688860229619,148859,1826,11460,65583,0,0
P2,F1,37,test,t1,40,Mekong_774566,KHM,1.0,0.06977943046395196,0.06977940212231737,0.8172502517700195,0.27661123871803284,0.00014851996093057096,262144,227728,93534,38149.02729933522,10520.485966822655,148859,1826,11460,65583,0,0
P2,F1,37,test,calibrated,41,Mekong_846007,KHM,1.1632191993979653,0.19283861409669312,0.19283858776112428,0.8235300183296204,0.2869241237640381,6.48288187221624e-05,262144,164030,32239,16082.034169304932,3904.834249326785,151997,4498,302,7233,0,0
P2,F1,37,test,t1,41,Mekong_846007,KHM,1.0,0.15346023886570725,0.15346027521842442,0.7775833606719971,0.26156988739967346,9.435720858164132e-05,262144,164030,32239,14767.15592308416,3773.7294431809705,151997,4498,302,7233,0,0
P2,F1,37,test,calibrated,42,Mekong_922373,KHM,1.1632191993979653,0.15634175136531736,0.1563417207903286,0.9846972227096558,0.436867356300354,7.820145401638001e-05,262144,262138,112789,92002.02251185202,28793.592775373123,125536,16837,23814,95951,0,0
P2,F1,37,test,t1,42,Mekong_922373,KHM,1.0,0.13596271910950508,0.1359627045506263,0.9794312119483948,0.42683354020118713,0.00011474115308374166,262144,262138,112789,94845.85358425399,29178.089601234402,125536,16837,23814,95951,0,0
P2,F1,37,test,calibrated,43,Mekong_977338,KHM,1.1632191993979653,0.053213436143533244,0.053213484439655345,0.6627805829048157,0.20258159935474396,0.00011584028106881306,262144,176958,103680,18436.762962848108,4136.432856658962,107780,3611,1243,64324,0,0
P2,F1,37,test,t1,43,Mekong_977338,KHM,1.0,0.03836129711079628,0.03836129142522193,0.5953946709632874,0.17615798115730286,0.00017981568817049265,262144,176958,103680,18032.419799044146,4105.616925533974,107780,3611,1243,64324,0,0
P2,F1,37,test,calibrated,44,Mekong_98310,KHM,1.1632191993979653,0.07232400385809823,0.07232404101426404,0.764695942401886,0.24561399221420288,7.480066415155306e-05,262144,182771,97975,21306.16586149265,5260.336412815703,95718,1386,4862,80805,0,0
P2,F1,37,test,t1,44,Mekong_98310,KHM,1.0,0.05440801533953543,0.054408017519647967,0.706605076789856,0.2175016850233078,0.0001128566509578377,262144,182771,97975,20117.632314845818,5140.403442725698,95718,1386,4862,80805,0,0
P2,F1,37,test,calibrated,45,Nigeria_1095404,NGA,1.1632191993979653,0.19637929444032554,0.19637933914531003,0.9488718509674072,0.3842422366142273,6.656127516180277e-05,262144,252283,57880,51605.60388427165,15105.976840202444,191687,14505,6350,39741,0,0
P2,F1,37,test,t1,45,Nigeria_1095404,NGA,1.0,0.16450621745525096,0.16450617937258494,0.9322911500930786,0.3669465482234955,9.698147187009454e-05,262144,252283,57880,51449.67637624945,15148.42696194347,191687,14505,6350,39741,0,0
P2,F1,37,test,calibrated,46,Nigeria_143329,NGA,1.1632191993979653,0.7813143570873938,0.7813143828352453,0.5536629557609558,0.14488588273525238,2.167669117625337e-05,262144,249500,1616,13666.025584655006,2510.311462769554,246193,530,2159,618,0,0
P2,F1,37,test,t1,46,Nigeria_143329,NGA,1.0,0.6993125521534899,0.6993125562901884,0.4722231924533844,0.11765171587467194,2.9003142117289826e-05,262144,249500,1616,11822.757641116987,2372.35508170887,246193,530,2159,618,0,0
P2,F1,37,test,calibrated,47,Nigeria_22088,NGA,1.1632191993979653,0.9375977574956416,0.9375977599106363,0.5008588433265686,0.1200563833117485,0.00015229771088343114,209501,209501,493,10237.712458368462,923.7749723533425,208861,470,147,23,0,0
P2,F1,37,test,t1,47,Nigeria_22088,NGA,1.0,0.9047577179565996,0.9047577152274455,0.4126128852367401,0.09309497475624084,0.00020466544083319604,209501,209501,493,6958.854213074738,659.2369670550142,208861,470,147,23,0,0
P2,F1,37,test,calibrated,48,Nigeria_225131,NGA,1.1632191993979653,0.9871886373270117,0.9871886378363346,0.36393746733665466,0.07587741315364838,5.3385865612654015e-06,262144,241255,70,9057.665928862865,1288.7723233218403,240054,70,1131,0,0,0
P2,F1,37,test,t1,48,Nigeria_225131,NGA,1.0,0.9783659219039121,0.9783659207482853,0.2790493071079254,0.05444851517677307,5.739434072893346e-06,262144,241255,70,7408.32086474555,1205.3706636889335,240054,70,1131,0,0,0
P2,F1,37,test,calibrated,49,Nigeria_31096,NGA,1.1632191993979653,0.6498339336624173,0.6498339456940836,0.5510978102684021,0.15798592567443848,2.9646482289535925e-05,262144,217487,3200,9321.080505544858,1872.1392858120053,214495,2176,488,328,0,0
P2,F1,37,test,t1,49,Nigeria_31096,NGA,1.0,0.5554168246430973,0.5554168324154078,0.4783998131752014,0.13406966626644135,4.0661740058567375e-05,262144,217487,3200,7586.286877938888,1808.1745364915455,214495,2176,488,328,0,0
P2,F1,37,test,calibrated,50,Nigeria_35845,NGA,1.1632191993979653,0.893141503337991,0.8931414927678921,0.24213378131389618,0.046803634613752365,1.641944436414633e-05,262144,213042,416,4383.914459967183,351.10193321520524,212546,210,202,84,0,0
P2,F1,37,test,t1,50,Nigeria_35845,NGA,1.0,0.819448885776076,0.8194488739803174,0.17262811958789825,0.03246337175369263,2.1662561266566627e-05,262144,213042,416,2760.2169598501296,309.9089598523624,212546,210,202,84,0,0
P2,F1,37,test,calibrated,51,Nigeria_417184,NGA,1.1632191993979653,0.4277784387836905,0.427778441761937,0.9936877489089966,0.45950081944465637,0.00010304459283361211,156380,50135,26804,8347.229340086364,2227.3149748919436,46004,2747,257,1127,0,0
P2,F1,37,test,t1,51,Nigeria_417184,NGA,1.0,0.39035728076677745,0.39035730149144454,0.9914826154708862,0.4529629349708557,0.00013808852236252278,156380,50135,26804,7599.157174291692,2127.9575088435936,46004,2747,257,1127,0,0
P2,F1,37,test,calibrated,52,Nigeria_439488,NGA,1.1632191993979653,0.980670011584439,0.9806700134348503,0.5036190152168274,0.11668627709150314,6.4176233536272775e-06,262144,229200,119,12629.20602224781,1903.8088334816998,227613,119,1468,0,0,0
P2,F1,37,test,t1,52,Nigeria_439488,NGA,1.0,0.9691713667661843,0.969171366172495,0.41385188698768616,0.08863936364650726,6.995332569204038e-06,262144,229200,119,10932.696761904,1727.7797010627328,227613,119,1468,0,0,0
P2,F1,37,test,calibrated,53,Nigeria_529525,NGA,1.1632191993979653,0.20197618735480605,0.20197617672713497,0.9976629614830017,0.47536954283714294,4.3953623389825225e-05,262144,262144,150524,174400.79836422155,54519.35041860484,36894,1599,74726,148925,0,0
P2,F1,37,test,t1,53,Nigeria_529525,NGA,1.0,0.1838324969206262,0.1838324978526067,0.9968410134315491,0.471365749835968,6.190666317706928e-05,262144,262144,150524,184620.61480451573,55319.46472827153,36894,1599,74726,148925,0,0
P2,F1,37,test,calibrated,54,Nigeria_598959,NGA,1.1632191993979653,0.9524740072260552,0.9524740122875346,0.7440580129623413,0.22408084571361542,1.124210666603176e-05,262144,211208,461,137137.9952471619,38593.14415180632,164522,158,46225,303,0,0
P2,F1,37,test,t1,54,Nigeria_598959,NGA,1.0,0.9345391655509951,0.9345391643883101,0.6797537803649902,0.1934424489736557,1.3407018741418142e-05,262144,211208,461,154970.16805655474,40056.15361322796,164522,158,46225,303,0,0
P2,F1,37,test,calibrated,55,Nigeria_600295,NGA,1.1632191993979653,0.07587156165038111,0.0758715388776986,0.855851411819458,0.3030443787574768,5.3394571295939386e-05,262144,181691,118397,26720.354276805047,6746.244997847059,94095,3935,3875,79786,0,0
P2,F1,37,test,t1,55,Nigeria_600295,NGA,1.0,0.058834606533069045,0.058834552086645564,0.8152143359184265,0.27779749035835266,7.873037975514308e-05,262144,181691,118397,26012.98458806563,6637.4094784158015,94095,3935,3875,79786,0,0
P2,F1,37,test,calibrated,56,Nigeria_707067,NGA,1.1632191993979653,0.864675123299521,0.8646751166288575,0.502914309501648,0.1317274570465088,1.656471795286052e-05,262144,261359,971,18631.103675128616,3849.8802261093183,256866,737,3536,220,0,0
P2,F1,37,test,t1,56,Nigeria_707067,NGA,1.0,0.8052846832297235,0.8052846877271893,0.4232293367385864,0.10727355629205704,2.1043602828285657e-05,262144,261359,971,17698.058719609267,3783.1958955980404,256866,737,3536,220,0,0
P2,F1,37,test,calibrated,57,Nigeria_78061,NGA,1.1632191993979653,0.2322248702851688,0.23222487040723483,0.6059780716896057,0.17775702476501465,0.0002550557255744934,262144,228886,18156,23413.53739467336,5541.118448674815,216563,6829,250,5244,0,0
P2,F1,37,test,t1,57,Nigeria_78061,NGA,1.0,0.17194305199094417,0.17194306960434214,0.5340279340744019,0.15210901200771332,0.0003930545353796333,262144,228886,18156,23116.66527753123,5600.13539408316,216563,6829,250,5244,0,0
P2,F1,37,test,calibrated,58,Nigeria_812045,NGA,1.1632191993979653,0.10524201852778481,0.1052420276422239,0.9708779454231262,0.4123932719230652,3.8965681596891955e-05,261565,236584,141184,42180.058986872704,11610.85523467418,110502,6499,6880,112703,0,0
P2,F1,37,test,t1,58,Nigeria_812045,NGA,1.0,0.0886426265703888,0.0886426824199793,0.9610750675201416,0.39878952503204346,5.653471816913225e-05,261565,236584,141184,39689.77382315877,11132.13422265438,110502,6499,6880,112703,0,0
P2,F1,37,test,calibrated,59,Nigeria_81933,NGA,1.1632191993979653,0.21028505007783882,0.21028502740173138,0.9943079352378845,0.4614101052284241,0.00011438375076977536,262144,246268,100058,195334.59460845074,62122.37241879859,65341,2977,85081,92869,0,0
P2,F1,37,test,t1,59,Nigeria_81933,NGA,1.0,0.18950418717863715,0.18950413662529508,0.992317259311676,0.4551733434200287,0.00017432404274586588,262144,246268,100058,213468.23434425352,64251.04314315385,65341,2977,85081,92869,0,0
P2,F1,37,test,calibrated,60,Nigeria_820924,NGA,1.1632191993979653,0.9492050436979546,0.9492050456226834,0.3363220989704132,0.06743231415748596,5.08941093357862e-06,262144,262143,231,8467.529294111522,1157.1016995515422,260817,150,1095,81,0,0
P2,F1,37,test,t1,60,Nigeria_820924,NGA,1.0,0.9133085172323891,0.9133085222678045,0.2524714767932892,0.047220006585121155,5.754208814323647e-06,262144,262143,231,6577.742855452736,1092.7667617760117,260817,150,1095,81,0,0
P2,F1,37,test,calibrated,61,Nigeria_952958,NGA,1.1632191993979653,0.29996451894065623,0.2999644842776398,0.7017760276794434,0.21461111307144165,0.00017698507872410119,262144,227674,14909,23151.857838894295,5131.582330670529,213451,4488,1333,8402,0,0
P2,F1,37,test,t1,61,Nigeria_952958,NGA,1.0,0.2343490204376596,0.234349063304782,0.6354503631591797,0.18651032447814941,0.00027235684683546424,262144,227674,14909,21833.658072273036,4973.280960397328,213451,4488,1333,8402,0,0
P2,F1,37,test,calibrated,62,Nigeria_984831,NGA,1.1632191993979653,0.18223846741516314,0.18223849959524585,0.9972652792930603,0.4733893573284149,3.1044011848280206e-05,262144,240158,150296,174310.20045258396,55923.179320302996,17255,1223,79927,141753,0,0
P2,F1,37,test,t1,62,Nigeria_984831,NGA,1.0,0.1657993451861689,0.16579933619484988,0.9963041543960571,0.4690668284893036,4.2294428567402065e-05,262144,240158,150296,187140.32995005578,57441.071157622646,17255,1223,79927,141753,0,0
P2,F1,37,test,calibrated,63,Spain_1167260,ESP,1.1632191993979653,0.2763074929192184,0.2763074792616891,0.988814651966095,0.4460901618003845,8.426946442341432e-05,262144,262119,62631,83682.72096522793,26136.42487566705,190893,28707,8596,33923,0,0
P2,F1,37,test,t1,63,Spain_1167260,ESP,1.0,0.24495573193005926,0.24495572712082392,0.9849397540092468,0.4374615252017975,0.00012166249507572502,262144,262119,62631,84417.00209222561,26286.80594385219,190893,28707,8596,33923,0,0
P2,F1,37,test,calibrated,64,Spain_1199913,ESP,1.1632191993979653,0.441673686230999,0.4416736985343259,0.9849236011505127,0.4379298985004425,8.313141734106466e-05,262144,262143,25745,52672.75593578371,15092.07943384101,234263,17790,2135,7955,0,0
P2,F1,37,test,t1,64,Spain_1199913,ESP,1.0,0.40251530858388573,0.40251526439780827,0.9797396063804626,0.4280686676502228,0.0001218608085764572,262144,262143,25745,50633.940812736975,14674.06539296715,234263,17790,2135,7955,0,0
P2,F1,37,test,calibrated,65,Spain_2472849,ESP,1.1632191993979653,0.6994041359077499,0.6994041298569644,0.9373092651367188,0.3715479373931885,4.122689279029146e-05,262144,261759,7559,31591.638787422344,7536.600739283525,254180,7559,20,0,0,0
P2,F1,37,test,t1,65,Spain_2472849,ESP,1.0,0.6496627543808043,0.6496627614533033,0.9173585772514343,0.3527277410030365,5.430435703601688e-05,262144,261759,7559,27740.53679669117,6885.975436013335,254180,7559,20,0,0,0
P2,F1,37,test,calibrated,66,Spain_2523247,ESP,1.1632191993979653,0.48763039066720004,0.4876303913960228,0.9877349138259888,0.4435953199863434,6.82965837768279e-05,262144,262039,26655,67133.93957749088,19687.15817204599,234067,25543,1327,1102,0,0
P2,F1,37,test,t1,66,Spain_2523247,ESP,1.0,0.4465052797872541,0.4465053327638835,0.9834936261177063,0.43458452820777893,9.749283344717696e-05,262144,262039,26655,66009.37529173477,19354.02712664601,234067,25543,1327,1102,0,0
P2,F1,37,test,calibrated,67,Spain_2594119,ESP,1.1632191993979653,0.4525619300950281,0.4525619521314139,0.9727704524993896,0.41611307859420776,5.3033487347420305e-05,262144,262009,23028,45595.60586557155,13939.923362623511,238421,20711,582,2295,0,0
P2,F1,37,test,t1,67,Spain_2594119,ESP,1.0,0.4060493659659101,0.40604939300278275,0.963591456413269,0.40306076407432556,7.494165765820071e-05,262144,262009,23028,43659.611221965126,13875.536534439474,238421,20711,582,2295,0,0
P2,F1,37,test,calibrated,68,Spain_2938657,ESP,1.1632191993979653,0.3973368625244743,0.39733685190090806,0.8654947876930237,0.3085104823112488,0.00012862969015259296,262144,262074,15592,28670.882910862278,6358.872181568314,246208,6094,274,9498,0,0
P2,F1,37,test,t1,68,Spain_2938657,ESP,1.0,0.33630098390655927,0.336300968152189,0.8268381357192993,0.2834679186344147,0.00019038122263737023,262144,262074,15592,25634.359141673638,5890.775465434193,246208,6094,274,9498,0,0
P2,F1,37,test,calibrated,69,Spain_3285448,ESP,1.1632191993979653,0.13648916065325023,0.13648916830826785,0.8604115843772888,0.3068994879722595,3.638766429503448e-05,262144,262136,64274,35253.90693685444,8680.988765947921,196861,8886,1001,55388,0,0
P2,F1,37,test,t1,69,Spain_3285448,ESP,1.0,0.10856621425165247,0.10856622252370762,0.820838212966919,0.2820018529891968,5.0456506869522855e-05,262144,262136,64274,32667.283711183813,8346.589230639196,196861,8886,1001,55388,0,0
P2,F1,37,test,calibrated,70,Spain_337094,ESP,1.1632191993979653,0.301466719168789,0.3014666995403137,0.9849488139152527,0.43717119097709656,6.551598198711872e-05,262144,262056,56752,79984.67864568539,25400.7098855924,201481,34500,3825,22250,0,0
P2,F1,37,test,t1,70,Spain_337094,ESP,1.0,0.2663446483314078,0.26634461732483417,0.9797654151916504,0.4271788001060486,9.268511348636821e-05,262144,262056,56752,80335.26956224462,25655.990458365046,201481,34500,3825,22250,0,0
P2,F1,37,test,calibrated,71,Spain_4282030,ESP,1.1632191993979653,0.1908196785369607,0.19081964646931404,0.990001916885376,0.44911712408065796,9.112255065701902e-05,262144,262123,107573,91639.70167306074,28190.097096506703,140404,23588,14160,83971,0,0
P2,F1,37,test,t1,71,Spain_4282030,ESP,1.0,0.1684135983526982,0.16841359864203476,0.9865313172340393,0.4409564733505249,0.00013482327631209046,262144,262123,107573,92226.76072273983,28064.07302225717,140404,23588,14160,83971,0,0
P2,F1,37,test,calibrated,72,Spain_4915752,ESP,1.1632191993979653,0.4217505268169035,0.4217504810733136,0.9587474465370178,0.39581504464149475,7.099587674019858e-05,262144,262128,22263,46544.37227824084,12665.314037666172,239542,14922,323,7341,0,0
P2,F1,37,test,t1,72,Spain_4915752,ESP,1.0,0.3732150599279368,0.3732150759824584,0.9451417326927185,0.3799741566181183,0.0001014886365737766,262144,262128,22263,44369.744181481234,12258.733741398131,239542,14922,323,7341,0,0
P2,F1,37,test,calibrated,73,Spain_5650136,ESP,1.1632191993979653,0.10776818633788698,0.10776815856192357,0.954845130443573,0.3929712176322937,6.0514561482705176e-05,262144,171596,110622,41195.06896391742,12351.31097865791,56293,11096,5574,98633,0,0
P2,F1,37,test,t1,73,Spain_5650136,ESP,1.0,0.0895442230476946,0.08954420983142886,0.9401208162307739,0.3768678307533264,8.778319897828624e-05,262144,171596,110622,41629.1861127008,12405.097389730247,56293,11096,5574,98633,0,0
P2,F1,37,test,calibrated,74,Spain_5678382,ESP,1.1632191993979653,0.4752364285542281,0.47523647956107273,0.9843804836273193,0.43648260831832886,5.201887324801646e-05,262144,262117,25806,66211.52081511266,19708.7851903376,233669,24878,2645,925,0,0
P2,F1,37,test,t1,74,Spain_5678382,ESP,1.0,0.43270409408152644,0.43270409822280387,0.9790111780166626,0.42639660835266113,7.201031257864088e-05,262144,262117,25806,65732.66357381121,19572.190944773756,233669,24878,2645,925,0,0
P2,F1,37,test,calibrated,75,Spain_5816638,ESP,1.1632191993979653,0.7095670531484384,0.7095670339483751,0.9392099976539612,0.37583914399147034,3.856148032355122e-05,262144,262052,7082,27736.70406519401,6585.5496909145495,254823,6850,147,232,0,0
P2,F1,37,test,t1,75,Spain_5816638,ESP,1.0,0.6622464327632998,0.6622464474384162,0.9199045896530151,0.3576723635196686,5.064857396064326e-05,262144,262052,7082,24024.91481251862,5993.360933644584,254823,6850,147,232,0,0
P2,F1,37,test,calibrated,76,Spain_5923267,ESP,1.1632191993979653,0.038989199867044744,0.0389891880044928,0.8328648209571838,0.28996357321739197,1.844809048634488e-05,262144,218743,204037,17524.28162451771,4156.7566697911825,13825,3205,2307,199406,0,0
P2,F1,37,test,t1,76,Spain_5923267,ESP,1.0,0.029964671788358044,0.02996471687529656,0.7878506183624268,0.26426631212234497,2.380680598434992e-05,262144,218743,204037,15180.894629517119,3936.688668931032,13825,3205,2307,199406,0,0
P2,F1,37,test,calibrated,77,Spain_6095801,ESP,1.1632191993979653,0.2841684821002487,0.28416851641764884,0.9848325848579407,0.4371395409107208,8.7686326878611e-05,262144,262062,58146,97599.92244681148,31451.57158110839,198650,40676,5272,17464,0,0
P2,F1,37,test,t1,77,Spain_6095801,ESP,1.0,0.24999491668311347,0.24999494549824064,0.9796121120452881,0.4271466135978699,0.0001272960944334045,262144,262062,58146,101080.70587949203,32179.463629858292,198650,40676,5272,17464,0,0
P2,F1,37,test,calibrated,78,Spain_6199994,ESP,1.1632191993979653,0.795107842819281,0.7951078494880166,0.80764240026474,0.27407780289649963,2.86981048702728e-05,262144,261902,2954,18301.95533206838,3690.4635349535083,258205,2914,744,39,0,0
P2,F1,37,test,t1,78,Spain_6199994,ESP,1.0,0.7432874033360388,0.7432873866951687,0.7579076290130615,0.2476024627685547,3.648630081443116e-05,262144,261902,2954,15147.734152545952,3304.766800733776,258205,2914,744,39,0,0
P2,F1,37,test,calibrated,79,Spain_6537196,ESP,1.1632191993979653,0.5705959407861521,0.5705958950968855,0.9754582047462463,0.42054808139801025,6.518254667753354e-05,262144,262106,16236,48154.30774359412,13643.806284517785,244147,14913,1723,1323,0,0
P2,F1,37,test,t1,79,Spain_6537196,ESP,1.0,0.5239372126610766,0.5239372029292396,0.9671511650085449,0.40813130140304565,9.046833292813972e-05,262144,262106,16236,45413.15945340706,13164.80044046489,244147,14913,1723,1323,0,0
P2,F1,37,test,calibrated,80,Spain_6860600,ESP,1.1632191993979653,0.8223913993232065,0.8223913961470628,0.8370163440704346,0.2893579304218292,3.458755963947624e-05,262144,261969,2779,19296.999461428106,3753.373918730498,258956,2767,234,12,0,0
P2,F1,37,test,t1,80,Spain_6860600,ESP,1.0,0.7776036249617514,0.7776036321537514,0.7921903133392334,0.26311081647872925,4.445030936039984e-05,262144,261969,2779,15672.63499825494,3240.0062036301933,258956,2767,234,12,0,0
P2,F1,37,test,calibrated,81,Spain_716716,ESP,1.1632191993979653,0.45960400176166083,0.45960398824619364,0.9617539644241333,0.40057629346847534,5.385792610468343e-05,262144,262067,20414,59257.54756974531,16373.69676856273,240079,19344,1574,1070,0,0
P2,F1,37,test,t1,81,Spain_716716,ESP,1.0,0.40991865392132065,0.40991868420687283,0.9491021037101746,0.385404497385025,7.450142584275454e-05,262144,262067,20414,59283.47229870033,16193.725386337497,240079,19344,1574,1070,0,0
P2,F1,37,test,calibrated,82,Spain_7370579,ESP,1.1632191993979653,0.22651570940697363,0.2265156851446919,0.992225170135498,0.4550651013851166,5.775817044195719e-05,262144,262045,97432,91982.4101151407,29702.174954128328,155835,36175,8785,61250,0,0
P2,F1,37,test,t1,82,Spain_7370579,ESP,1.0,0.20126613823294992,0.20126616503305206,0.9895158410072327,0.44782963395118713,8.142129809129983e-05,262144,262045,97432,92231.41144479107,29881.357067932193,155835,36175,8785,61250,0,0
P2,F1,37,test,calibrated,83,Spain_7387658,ESP,1.1632191993979653,0.20745095239051625,0.20745096748963276,0.9965447783470154,0.46999096870422363,5.7566299801692367e-05,262144,262057,135120,110043.12285328386,35070.827128144425,93466,15585,33479,119527,0,0
P2,F1,37,test,t1,83,Spain_7387658,ESP,1.0,0.18767860944405046,0.18767861780761985,0.995331883430481,0.465122252702713,8.38112537167035e-05,262144,262057,135120,110525.51614398169,34872.01730798625,93466,15585,33479,119527,0,0
P2,F1,37,test,calibrated,84,Spain_7558720,ESP,1.1632191993979653,0.4304607543104425,0.43046070604674824,0.9684532284736633,0.40964046120643616,7.648367318324745e-05,262144,261984,24345,58698.28075432317,17388.18672077429,236536,23311,1130,1007,0,0
P2,F1,37,test,t1,84,Spain_7558720,ESP,1.0,0.38260986577667067,0.38260984141419807,0.9578971266746521,0.3956868350505829,0.0001065835531335324,262144,261984,24345,58529.74510947007,17418.41856627327,236536,23311,1130,1007,0,0
P2,F1,37,test,calibrated,85,Spain_7604243,ESP,1.1632191993979653,0.29872040131046285,0.2987203599089827,0.8639605045318604,0.30589041113853455,7.49323153286241e-05,262144,262080,23854,24225.21797135273,4869.049594880642,237604,3557,625,20294,0,0
P2,F1,37,test,t1,85,Spain_7604243,ESP,1.0,0.2480645265966268,0.2480645186856566,0.8247134685516357,0.28045281767845154,0.00011031259782612324,262144,262080,23854,20050.981006131617,4244.769636841239,237604,3557,625,20294,0,0
P2,F1,37,test,calibrated,86,Spain_7786924,ESP,1.1632191993979653,0.4264578002172019,0.426457792396324,0.9731698632240295,0.41651660203933716,7.007769454503432e-05,262144,262111,26617,56439.85932698511,17408.13952207106,234110,24233,1391,2377,0,0
P2,F1,37,test,t1,86,Spain_7786924,ESP,1.0,0.380049520935387,0.3800495448886124,0.9641173481941223,0.4035148024559021,9.867148037301376e-05,262144,262111,26617,55512.89409222151,17459.43873570091,234110,24233,1391,2377,0,0
P2,F1,37,test,calibrated,87,Spain_7856615,ESP,1.1632191993979653,0.3806853095172005,0.38068530571986414,0.9850612282752991,0.43772974610328674,8.792807057034224e-05,262144,261930,38563,76116.60402409155,24076.299084634527,219896,32397,3471,6166,0,0
P2,F1,37,test,t1,87,Spain_7856615,ESP,1.0,0.3412776549741653,0.34127764573208874,0.9799180030822754,0.4278278350830078,0.00012614933075383306,262144,261930,38563,76711.19827288392,24328.87255374599,219896,32397,3471,6166,0,0
P2,F1,37,test,calibrated,88,Spain_8104659,ESP,1.1632191993979653,0.33176082735578105,0.3317607907136032,0.9876429438591003,0.44329872727394104,9.385045996168628e-05,262144,262128,49320,104661.02881337036,33284.384451160426,212252,46392,558,2926,0,0
P2,F1,37,test,t1,88,Spain_8104659,ESP,1.0,0.29554295739128267,0.29554294546845383,0.9833700060844421,0.4342412054538727,0.00013476150343194604,262144,262128,49320,108919.49673623222,33916.179310307605,212252,46392,558,2926,0,0
P2,F1,37,test,calibrated,89,Spain_8154154,ESP,1.1632191993979653,0.4440921592098733,0.4440921550528385,0.9775499701499939,0.4239821135997772,6.332992052193731e-05,262144,262118,25588,54823.32856045274,16394.43799860243,235271,22265,1260,3322,0,0
P2,F1,37,test,t1,89,Spain_8154154,ESP,1.0,0.3989400755306368,0.3989400748557914,0.9699243307113647,0.4120579957962036,8.94045369932428e-05,262144,262118,25588,53498.42369831461,16259.26805044087,235271,22265,1260,3322,0,0
P2,F1,37,test,calibrated,90,Spain_8199661,ESP,1.1632191993979653,0.4000530383199695,0.4000530693981105,0.915137767791748,0.35286468267440796,9.21655009733513e-05,262144,262036,18419,37287.56643769552,10066.944072087026,242066,11788,1554,6628,0,0
P2,F1,37,test,t1,90,Spain_8199661,ESP,1.0,0.3439769693994883,0.34397693701340437,0.8892990350723267,0.33223986625671387,0.00013409210077952594,262144,262036,18419,35594.878240516504,9904.230157032103,242066,11788,1554,6628,0,0
P2,F1,37,test,calibrated,91,Spain_8372658,ESP,1.1632191993979653,0.16493293625266559,0.1649329839007635,0.9831539988517761,0.43341273069381714,3.891501546604559e-05,262144,262029,110815,68495.50019562236,20706.544018362412,145254,23671,5964,87140,0,0
P2,F1,37,test,t1,91,Spain_8372658,ESP,1.0,0.14234195595567178,0.14234190377153644,0.977368175983429,0.4228535294532776,5.3546758863376454e-05,262144,262029,110815,66539.35094036208,20476.223580212638,145254,23671,5964,87140,0,0
P2,F1,37,test,calibrated,92,Spain_8565131,ESP,1.1632191993979653,0.20758158481332734,0.20758158347611122,0.9790076017379761,0.42634764313697815,5.090618651593104e-05,262144,262084,75783,74744.73293638648,23140.623530189183,181372,28356,4944,47412,0,0
P2,F1,37,test,t1,92,Spain_8565131,ESP,1.0,0.17920513173900376,0.17920514977662083,0.9718576669692993,0.41476261615753174,7.191863551270217e-05,262144,262084,75783,75114.40280420968,23319.920730216745,181372,28356,4944,47412,0,0
