block,partition,seed,split,setting,source_order,sample_id,event_id,temperature,soft_dice_risk_binary,sdc_exact,uncertainty,top_tail_msp,spatial_inconsistency,input_valid_pixels,reference_valid_pixels,predicted_foreground_input,nll_sum,brier_sum,confusion_0_0,confusion_0_1,confusion_1_0,confusion_1_1,hard_disagreement_all_pixels,hard_disagreement_reference_valid
P2,F1,71,calibration,calibrated,0,Ghana_103272,GHA,1.1710781219619135,0.37339742128334696,0.37339740701521273,0.3152599632740021,0.07373777776956558,4.740383883472532e-05,262144,259269,4186,10985.402396523441,2208.394619151273,255083,2628,0,1558,0,0
P2,F1,71,calibration,t1,0,Ghana_103272,GHA,1.0,0.2598313078697655,0.25983134047265455,0.24376460909843445,0.05659399554133415,7.27474907762371e-05,262144,259269,4186,10225.706848796022,2210.8389641804647,255083,2628,0,1558,0,0
P2,F1,71,calibration,calibrated,1,Ghana_1033830,GHA,1.1710781219619135,0.34689497727029894,0.34689504837336893,0.9692063927650452,0.40966299176216125,4.501071816775948e-05,262144,233229,35944,131393.0708245503,46615.26766614037,135801,617,69319,27492,0,0
P2,F1,71,calibration,t1,1,Ghana_1033830,GHA,1.0,0.304848399612732,0.3048484114505374,0.9583333134651184,0.39500364661216736,6.759748794138432e-05,262144,233229,35944,144427.7608209591,49448.74961457373,135801,617,69319,27492,0,0
P2,F1,71,calibration,calibrated,2,Ghana_1078550,GHA,1.1710781219619135,0.9999999999678543,1.0,0.17069794237613678,0.02583606354892254,1.6462640815007035e-06,262144,262144,0,9333.386638865933,1411.927806881938,260737,0,1407,0,0,0
P2,F1,71,calibration,t1,2,Ghana_1078550,GHA,1.0,0.9999999999336797,1.0,0.10592863708734512,0.014268356375396252,1.2336791996858665e-06,262144,262144,0,8772.884173657609,1396.9218626516101,260737,0,1407,0,0,0
P2,F1,71,calibration,calibrated,3,Ghana_1089161,GHA,1.1710781219619135,0.41715144599112575,0.41715141864951555,0.23103214800357819,0.04475943744182587,5.0787421059794724e-05,262144,236164,2853,6588.160167140745,987.2637951810705,232722,535,589,2318,0,0
P2,F1,71,calibration,t1,3,Ghana_1089161,GHA,1.0,0.275800567548915,0.27580053585507724,0.16188064217567444,0.030637390911579132,7.780666055623442e-05,262144,236164,2853,5425.096724768863,966.6385628739272,232722,535,589,2318,0,0
P2,F1,71,calibration,calibrated,4,Ghana_11745,GHA,1.1710781219619135,0.9999999999672315,1.0,0.17040599882602692,0.026255793869495392,2.453685283398954e-06,262144,262144,0,3078.186903848076,51.359542706985415,262144,0,0,0,0,0
P2,F1,71,calibration,t1,4,Ghana_11745,GHA,1.0,0.999999999932494,1.0,0.10668695718050003,0.014787565916776657,2.0540578589134384e-06,262144,262144,0,1489.7025025831126,16.1014563798089,262144,0,0,0,0,0
P2,F1,71,calibration,calibrated,5,Ghana_124834,GHA,1.1710781219619135,0.9999999999678746,1.0,0.17499113082885742,0.026641134172677994,1.6760350263211876e-06,262144,262144,0,3137.493151945857,48.60981203203636,262144,0,0,0,0,0
P2,F1,71,calibration,t1,5,Ghana_124834,GHA,1.0,0.9999999999338169,1.0,0.10916002094745636,0.014776898548007011,1.2677213589995517e-06,262144,262144,0,1517.6024975282048,13.143909657154516,262144,0,0,0,0,0
P2,F1,71,calibration,calibrated,6,Ghana_128663,GHA,1.1710781219619135,0.6041071412675776,0.6041072151590459,0.23497764766216278,0.04719490930438042,1.429573694622377e-05,261406,168848,1425,5507.440533624225,1126.19751108616,167423,1425,0,0,0,0
P2,F1,71,calibration,t1,6,Ghana_128663,GHA,1.0,0.4477362460376916,0.44773623749411695,0.1674405187368393,0.03314530476927757,1.7657452190178446e-05,261406,168848,1425,4923.664030321053,1144.420513323641,167423,1425,0,0,0,0
P2,F1,71,calibration,calibrated,7,Ghana_132163,GHA,1.1710781219619135,0.5260091349761391,0.526009151957478,0.29422396421432495,0.06735435873270035,3.766082227230072e-05,262144,55761,2240,1754.5994208927807,312.2635141134762,55391,370,0,0,0,0
P2,F1,71,calibration,t1,7,Ghana_132163,GHA,1.0,0.39020192151514244,0.3902019147328163,0.22457194328308105,0.05115225166082382,5.5513497500214726e-05,262144,55761,2240,1449.087490372709,306.71708027565313,55391,370,0,0,0,0
P2,F1,71,calibration,calibrated,8,Ghana_134751,GHA,1.1710781219619135,0.9999999999043001,1.0,0.4660313129425049,0.10661602765321732,0.00020246247004251927,37663,37663,0,1084.7217420279392,71.12826161132733,37663,0,0,0,0,0
P2,F1,71,calibration,t1,8,Ghana_134751,GHA,1.0,0.9999999998429961,1.0,0.37494951486587524,0.07953707128763199,0.00023696776770520955,37663,37663,0,659.3486046070932,40.10555477111778,37663,0,0,0,0,0
P2,F1,71,calibration,calibrated,9,Ghana_135389,GHA,1.1710781219619135,0.9955293687208323,0.9955293682737798,0.5798853039741516,0.14962638914585114,0.00038659339770674706,24624,24624,4,1964.3407778324877,328.07475397344325,24368,4,252,0,0,0
P2,F1,71,calibration,t1,9,Ghana_135389,GHA,1.0,0.9930987191507776,0.9930987193774473,0.49381008744239807,0.1192566454410553,0.00047366367653012276,24624,24624,4,1773.9746460001402,300.01260219063136,24368,4,252,0,0,0
P2,F1,71,calibration,calibrated,10,Ghana_141271,GHA,1.1710781219619135,0.999999999966494,1.0,0.15958771109580994,0.023657705634832382,1.4964225556468591e-06,262144,262144,0,9910.305078746045,1623.4372952749652,260508,0,1636,0,0,0
P2,F1,71,calibration,t1,10,Ghana_141271,GHA,1.0,0.999999999930103,1.0,0.09744477272033691,0.012830879539251328,1.1127050356662949e-06,262144,262144,0,9521.533123354096,1618.4506193949549,260508,0,1636,0,0,0
P2,F1,71,calibration,calibrated,11,Ghana_141910,GHA,1.1710781219619135,0.18594093058365324,0.18594091493706044,0.9898071885108948,0.44881919026374817,4.8992304073181e-05,262144,262144,101864,156037.1572322565,51092.85269190673,139041,52453,21239,49411,0,0
P2,F1,71,calibration,t1,11,Ghana_141910,GHA,1.0,0.16232462501232625,0.16232465190677925,0.9860881567001343,0.4402216076850891,7.354682020377368e-05,262144,262144,101864,168802.43360766352,53027.389257961695,139041,52453,21239,49411,0,0
P2,F1,71,calibration,calibrated,12,Ghana_142312,GHA,1.1710781219619135,0.8862658296485569,0.8862658319568509,0.22163556516170502,0.04197380319237709,4.14625810662983e-06,262144,262144,340,3948.571881613043,281.17857761230977,261804,340,0,0,0,0
P2,F1,71,calibration,t1,12,Ghana_142312,GHA,1.0,0.7998453802417436,0.7998453679119385,0.15388040244579315,0.028270995244383812,4.654322765418328e-06,262144,262144,340,2279.3631031723,239.84281427809773,261804,340,0,0,0,0
P2,F1,71,calibration,calibrated,13,Ghana_144050,GHA,1.1710781219619135,0.9999999999712891,1.0,0.20549769699573517,0.03293650597333908,1.967709067685064e-06,262144,23551,0,309.0170858744629,5.265284835820067,23551,0,0,0,0,0
P2,F1,71,calibration,t1,13,Ghana_144050,GHA,1.0,0.9999999999426914,1.0,0.1331467479467392,0.01908297836780548,1.5579682894895086e-06,262144,23551,0,151.97292264308314,1.477325975297486,23551,0,0,0,0,0
P2,F1,71,calibration,calibrated,14,Ghana_146222,GHA,1.1710781219619135,0.9999999999672513,1.0,0.1630345731973648,0.024684587493538857,2.277119165228214e-06,262144,181656,0,2155.1001696062685,37.1803381950713,181656,0,0,0,0,0
P2,F1,71,calibration,t1,14,Ghana_146222,GHA,1.0,0.9999999999322321,1.0,0.10066843032836914,0.013699211180210114,1.8436273876432097e-06,262144,181656,0,1044.8424595288084,12.5659280155458,181656,0,0,0,0,0
P2,F1,71,calibration,calibrated,15,Ghana_147015,GHA,1.1710781219619135,0.7320956738000428,0.7320956843818959,0.4343182146549225,0.10882167518138885,2.7108488211524673e-05,262144,262144,1524,12871.467665722046,2824.639360036319,257909,705,2711,819,0,0
P2,F1,71,calibration,t1,15,Ghana_147015,GHA,1.0,0.6279335657836931,0.6279335920761859,0.35331907868385315,0.08603216707706451,3.746245420188643e-05,262144,262144,1524,11911.975647732255,2815.5184443350167,257909,705,2711,819,0,0
P2,F1,71,calibration,calibrated,16,Ghana_154838,GHA,1.1710781219619135,0.999999999969284,1.0,0.1896536946296692,0.029442545026540756,1.668688469180779e-06,262144,42107,0,657.1510913646854,13.444012866694749,42107,0,0,0,0,0
P2,F1,71,calibration,t1,16,Ghana_154838,GHA,1.0,0.9999999999374649,1.0,0.12022768706083298,0.016584444791078568,1.2577062307173037e-06,262144,42107,0,334.1513039762341,3.9975603851643617,42107,0,0,0,0,0
P2,F1,71,calibration,calibrated,17,Ghana_156478,GHA,1.1710781219619135,0.9999999999672236,1.0,0.16763952374458313,0.025450391694903374,2.1739801923104096e-06,262144,262144,0,3075.8945234933267,48.660372143039915,262144,0,0,0,0,0
P2,F1,71,calibration,t1,17,Ghana_156478,GHA,1.0,0.9999999999322738,1.0,0.10398665070533752,0.01412834320217371,1.7449156075599603e-06,262144,262144,0,1483.8738069802557,14.292147028879798,262144,0,0,0,0,0
P2,F1,71,calibration,calibrated,18,Ghana_161233,GHA,1.1710781219619135,0.9985880395631274,0.9985880394900981,0.32080113887786865,0.06368496268987656,7.837741577532142e-05,162668,1892,6,107.96674526068466,6.519484216818274,1892,0,0,0,0,0
P2,F1,71,calibration,t1,18,Ghana_161233,GHA,1.0,0.9975173033298175,0.9975173031876906,0.23565149307250977,0.04365334287285805,9.497198334429413e-05,162668,1892,6,68.21092591003219,2.7931936601115632,1892,0,0,0,0,0
P2,F1,71,calibration,calibrated,19,Ghana_167233,GHA,1.1710781219619135,0.9999999999686909,1.0,0.17743664979934692,0.027544056996703148,1.92006814359047e-06,262144,262144,0,3222.7647944854325,56.080116652914626,262144,0,0,0,0,0
P2,F1,71,calibration,t1,19,Ghana_167233,GHA,1.0,0.9999999999361777,1.0,0.11186796426773071,0.015593279153108597,1.5051919035613537e-06,262144,262144,0,1575.7241308171244,17.25333057091701,262144,0,0,0,0,0
P2,F1,71,calibration,calibrated,20,Ghana_168875,GHA,1.1710781219619135,0.999999999974615,1.0,0.26416027545928955,0.04770335555076599,4.278550477465615e-06,262144,41796,0,797.4946843406537,37.53685286145959,41796,0,0,0,0,0
P2,F1,71,calibration,t1,20,Ghana_168875,GHA,1.0,0.9999999999519932,1.0,0.18443992733955383,0.030494732782244682,3.816511252807686e-06,262144,41796,0,446.8182004065235,21.226612555273505,41796,0,0,0,0,0
P2,F1,71,calibration,calibrated,21,Ghana_187318,GHA,1.1710781219619135,0.9999999999656282,1.0,0.14741215109825134,0.021529635414481163,1.5241307664837223e-06,262144,262144,0,2929.864381399324,40.284032318119074,262144,0,0,0,0,0
P2,F1,71,calibration,t1,21,Ghana_187318,GHA,1.0,0.9999999999277418,1.0,0.08872115612030029,0.011554284952580929,1.1458254220997333e-06,262144,262144,0,1389.4157293451615,10.77575863822314,262144,0,0,0,0,0
P2,F1,71,calibration,calibrated,22,Ghana_194723,GHA,1.1710781219619135,0.9153940195810852,0.9153940193688825,0.17063555121421814,0.028656568378210068,7.4752597356564365e-06,262144,47408,206,919.1760545409797,143.90297093057094,47202,206,0,0,0,0
P2,F1,71,calibration,t1,22,Ghana_194723,GHA,1.0,0.8396496096013746,0.8396496166223353,0.10951156914234161,0.017699414864182472,9.729870726005174e-06,262144,47408,206,659.7602257292119,140.73801976965436,47202,206,0,0,0,0
P2,F1,71,calibration,calibrated,23,Ghana_247288,GHA,1.1710781219619135,0.20740295010491905,0.207402943207753,0.9260267615318298,0.36288565397262573,6.147052044980228e-05,261625,40174,37345,25644.53803640675,8707.433324277688,10200,3324,9615,17035,0,0
P2,F1,71,calibration,t1,23,Ghana_247288,GHA,1.0,0.17361186434327547,0.17361184720543488,0.9019773006439209,0.342389851808548,9.355866495752707e-05,261625,40174,37345,27516.831578331545,9043.31316290789,10200,3324,9615,17035,0,0
P2,F1,71,calibration,calibrated,24,Ghana_24858,GHA,1.1710781219619135,0.999999999966153,1.0,0.15637843310832977,0.023165907710790634,1.935932459673495e-06,262144,262144,0,5155.9807022401565,512.317422359646,261660,0,484,0,0,0
P2,F1,71,calibration,t1,24,Ghana_24858,GHA,1.0,0.9999999999292257,1.0,0.09531263262033463,0.012572407722473145,1.5116107761059538e-06,262144,262144,0,3971.660811989723,487.7443831578935,261660,0,484,0,0,0
P2,F1,71,calibration,calibrated,25,Ghana_264787,GHA,1.1710781219619135,0.9999999999678832,1.0,0.16943596303462982,0.025568019598722458,2.069800757453777e-06,262144,181975,0,2130.886852542726,31.270874314720185,181975,0,0,0,0,0
P2,F1,71,calibration,t1,25,Ghana_264787,GHA,1.0,0.9999999999337732,1.0,0.10492837429046631,0.014080089516937733,1.6098990727186901e-06,262144,181975,0,1023.643341088351,8.220090680845544,181975,0,0,0,0,0
P2,F1,71,calibration,calibrated,26,Ghana_308249,GHA,1.1710781219619135,0.3039620391084913,0.3039620094241775,0.4487094283103943,0.11442068964242935,6.150021363282576e-05,262144,262144,7751,19316.224966742604,4405.615852193538,251564,2550,2829,5201,0,0
P2,F1,71,calibration,t1,26,Ghana_308249,GHA,1.0,0.21615423212066598,0.21615424368713876,0.3677789568901062,0.09127108007669449,9.359368414152414e-05,262144,262144,7751,19335.989810529893,4452.467454569936,251564,2550,2829,5201,0,0
P2,F1,71,calibration,calibrated,27,Ghana_313799,GHA,1.1710781219619135,0.5350698866529466,0.5350699032647988,0.5250428318977356,0.15204131603240967,1.15207840281073e-05,262144,244464,4198,36991.577397609326,9718.69870046504,229061,470,11205,3728,0,0
P2,F1,71,calibration,t1,27,Ghana_313799,GHA,1.0,0.4369727861782633,0.43697277679190605,0.4530206620693207,0.12882333993911743,1.5184491530817468e-05,262144,244464,4198,40064.42583005118,9959.439830927342,229061,470,11205,3728,0,0
P2,F1,71,calibration,calibrated,28,Ghana_319168,GHA,1.1710781219619135,0.29381114283779164,0.29381117069084783,0.9669629335403442,0.40837952494621277,1.8505326806916855e-05,262144,171624,33120,39938.09207807055,13246.356765698176,130499,1604,19057,20464,0,0
P2,F1,71,calibration,t1,28,Ghana_319168,GHA,1.0,0.25508275525242563,0.25508274525575236,0.9554003477096558,0.3936217129230499,2.584887079137843e-05,262144,171624,33120,41659.4305627736,13754.490232603373,130499,1604,19057,20464,0,0
P2,F1,71,calibration,calibrated,29,Ghana_359826,GHA,1.1710781219619135,0.5271615216945154,0.5271615474774676,0.47998297214508057,0.118543341755867,5.9396843425929546e-05,262144,262144,3342,14097.778074915419,2736.3363984693865,257225,1423,1577,1919,0,0
P2,F1,71,calibration,t1,29,Ghana_359826,GHA,1.0,0.40961391944714853,0.40961392489954584,0.3939206600189209,0.09264014661312103,9.033361857291311e-05,262144,262144,3342,13050.878284936443,2662.4505455576987,257225,1423,1577,1919,0,0
P2,F1,71,calibration,calibrated,30,Ghana_362274,GHA,1.1710781219619135,0.19836042329821524,0.1983603789631352,0.5134179592132568,0.1443861871957779,5.303476064000279e-05,262144,259407,15849,23296.02784900815,5641.193556013313,239207,1836,5295,13069,0,0
P2,F1,71,calibration,t1,30,Ghana_362274,GHA,1.0,0.14143380915483428,0.1414337408541585,0.43836063146591187,0.12070173025131226,7.913871377240866e-05,262144,259407,15849,23746.62950820339,5739.281203216553,239207,1836,5295,13069,0,0
P2,F1,71,calibration,calibrated,31,Ghana_406026,GHA,1.1710781219619135,0.3592732707345142,0.3592732295485118,0.41592228412628174,0.09688548743724823,6.828094046795741e-05,262144,262144,5751,10484.431517605284,1585.6389401755118,256267,1572,126,4179,0,0
P2,F1,71,calibration,t1,31,Ghana_406026,GHA,1.0,0.2542625766222434,0.25426256113494106,0.3296133279800415,0.07345426082611084,0.0001047348850988783,262144,262144,5751,8787.697038263008,1488.736483790094,256267,1572,126,4179,0,0
P2,F1,71,calibration,calibrated,32,Ghana_45911,GHA,1.1710781219619135,0.9999999999662399,1.0,0.15240219235420227,0.02250155434012413,2.2429007913160603e-06,262144,29269,0,327.39786623203065,4.1210238519097135,29269,0,0,0,0,0
P2,F1,71,calibration,t1,32,Ghana_45911,GHA,1.0,0.9999999999293683,1.0,0.09249581396579742,0.012194115668535233,1.7943967804967542e-06,262144,29269,0,154.39766509797005,0.9783366341998154,29269,0,0,0,0,0
P2,F1,71,calibration,calibrated,33,Ghana_495107,GHA,1.1710781219619135,0.9737177352301016,0.9737177321474902,0.29994937777519226,0.060240961611270905,4.8351662371715065e-06,262144,262144,104,17759.051689671014,3643.648450977879,258152,33,3888,71,0,0
P2,F1,71,calibration,t1,33,Ghana_495107,GHA,1.0,0.9530064844003927,0.9530064807503263,0.21931569278240204,0.04178764298558235,5.339631570677739e-06,262144,262144,104,18025.709969304873,3666.7534132692545,258152,33,3888,71,0,0
P2,F1,71,calibration,calibrated,34,Ghana_49890,GHA,1.1710781219619135,0.999999999967362,1.0,0.16111549735069275,0.023919375613331795,1.7597100168131874e-06,262144,262144,0,3086.742512765704,45.00054740218576,262144,0,0,0,0,0
P2,F1,71,calibration,t1,34,Ghana_49890,GHA,1.0,0.9999999999322821,1.0,0.09850826114416122,0.012987261638045311,1.3284469559948775e-06,262144,262144,0,1482.6510183521386,11.755218953626875,262144,0,0,0,0,0
P2,F1,71,calibration,calibrated,35,Ghana_53713,GHA,1.1710781219619135,0.9999999999705175,1.0,0.19608581066131592,0.031041957437992096,1.8131737533622072e-06,262144,262144,0,3424.7189080797143,64.00682959985339,262144,0,0,0,0,0
P2,F1,71,calibration,t1,35,Ghana_53713,GHA,1.0,0.999999999940763,1.0,0.12578590214252472,0.01781732775270939,1.4153737311062287e-06,262144,262144,0,1698.35670611748,19.850927945387532,262144,0,0,0,0,0
P2,F1,71,calibration,calibrated,36,Ghana_597288,GHA,1.1710781219619135,0.2695053527729505,0.26950535658086094,0.4958433508872986,0.14014123380184174,0.00013136262714397162,262144,262144,10437,17158.225463056944,4565.080151156879,250897,5557,810,4880,0,0
P2,F1,71,calibration,t1,36,Ghana_597288,GHA,1.0,0.19728325962709603,0.19728324721004697,0.4225747287273407,0.11751288920640945,0.00020280873286537826,262144,262144,10437,16773.860628230934,4694.876553703305,250897,5557,810,4880,0,0
P2,F1,71,calibration,calibrated,37,Ghana_61925,GHA,1.1710781219619135,0.7162399050215646,0.7162398951967456,0.16526786983013153,0.027101891115307808,1.7002701497403905e-05,262144,262144,692,3393.685065183221,168.9344528336956,261383,110,69,582,0,0
P2,F1,71,calibration,t1,37,Ghana_61925,GHA,1.0,0.5518310995636283,0.5518311362949542,0.10485727339982986,0.016389738768339157,2.543541086197365e-05,262144,262144,692,1843.884754580545,140.25608556500478,261383,110,69,582,0,0
P2,F1,71,calibration,calibrated,38,Ghana_7496,GHA,1.1710781219619135,0.9999999999652541,1.0,0.14429599046707153,0.020682910457253456,1.585268023518438e-06,262144,262144,0,2896.6646942161324,36.867676382609716,262144,0,0,0,0,0
P2,F1,71,calibration,t1,38,Ghana_7496,GHA,1.0,0.9999999999265728,1.0,0.08582822233438492,0.010878348723053932,1.1778006410168018e-06,262144,262144,0,1366.3484200949738,8.857081147308845,262144,0,0,0,0,0
P2,F1,71,calibration,calibrated,39,Ghana_8090,GHA,1.1710781219619135,0.9999999999653226,1.0,0.1417025476694107,0.020218200981616974,1.5698080915171886e-06,262144,194666,0,2190.9728822425172,31.698736170556927,194662,0,4,0,0,0
P2,F1,71,calibration,t1,39,Ghana_8090,GHA,1.0,0.9999999999266743,1.0,0.08395912498235703,0.010591533966362476,1.1635106602625456e-06,262144,194666,0,1049.3251056323734,10.648068890526071,194662,0,4,0,0,0
P2,F1,71,calibration,calibrated,40,Ghana_83200,GHA,1.1710781219619135,0.6870798265295606,0.6870798481683317,0.36090487241744995,0.09189451485872269,1.0994772310368717e-05,262144,98215,1694,3486.4770761927657,694.120514144433,97178,504,401,132,0,0
P2,F1,71,calibration,t1,40,Ghana_83200,GHA,1.0,0.5730839150205305,0.573083917978928,0.28908705711364746,0.07370354235172272,1.4607817320211325e-05,262144,98215,1694,2954.9797898079123,687.8781364316632,97178,504,401,132,0,0
P2,F1,71,calibration,calibrated,41,Ghana_866994,GHA,1.1710781219619135,0.05709072035507334,0.057090680699760865,0.9409665465354919,0.37560608983039856,2.4260692953248508e-05,262144,117511,178251,189177.27771034607,46705.81057673929,1069,10471,40850,65121,0,0
P2,F1,71,calibration,t1,41,Ghana_866994,GHA,1.0,0.04657458852357177,0.04657450821439224,0.9211147427558899,0.3564088046550751,3.380253110663034e-05,262144,117511,178251,217986.02365217434,47693.137798735486,1069,10471,40850,65121,0,0
P2,F1,71,calibration,calibrated,42,Ghana_868803,GHA,1.1710781219619135,0.2529160760239604,0.25291608373975794,0.9824197292327881,0.4324537217617035,2.6477115170564502e-05,262144,262144,60562,148982.59965089202,53895.9430475167,116798,1295,84784,59267,0,0
P2,F1,71,calibration,t1,42,Ghana_868803,GHA,1.0,0.22283758810454946,0.2228375547798156,0.9760828614234924,0.4212506413459778,3.8672784285154194e-05,262144,262144,60562,162072.03648348548,57202.673164562366,116798,1295,84784,59267,0,0
P2,F1,71,calibration,calibrated,43,Ghana_887131,GHA,1.1710781219619135,0.34506147732955006,0.3450614955490149,0.7572322487831116,0.25312337279319763,5.8239260397385806e-05,262144,262144,12621,23846.164992447302,6823.010600744456,245971,6098,3552,6523,0,0
P2,F1,71,calibration,t1,43,Ghana_887131,GHA,1.0,0.2812173870964355,0.2812173925520298,0.6997093558311462,0.2263954132795334,8.61940425238572e-05,262144,262144,12621,23380.143770599385,6937.488122743909,245971,6098,3552,6523,0,0
P2,F1,71,calibration,calibrated,44,Ghana_895194,GHA,1.1710781219619135,0.2394835235793915,0.23948350308498378,0.3190976083278656,0.07939822226762772,3.794553049374372e-05,262144,252706,8320,7560.171736708787,1482.4042181023474,243213,796,1173,7524,0,0
P2,F1,71,calibration,t1,44,Ghana_895194,GHA,1.0,0.1593037278716698,0.15930363990686414,0.25268974900245667,0.06307748705148697,5.817039709654637e-05,262144,252706,8320,6253.492166603919,1469.5293816160936,243213,796,1173,7524,0,0
P2,F1,71,calibration,calibrated,45,Ghana_953791,GHA,1.1710781219619135,0.7207783775019447,0.720778384973285,0.39568614959716797,0.09079547226428986,1.3522813787858468e-05,262144,262144,1446,14702.431464038358,2407.405233364374,258760,612,1938,834,0,0
P2,F1,71,calibration,t1,45,Ghana_953791,GHA,1.0,0.602360791358172,0.6023607452060272,0.3107416033744812,0.06831914931535721,1.871590575319715e-05,262144,262144,1446,13889.793196662773,2329.2467830185246,258760,612,1938,834,0,0
P2,F1,71,calibration,calibrated,46,Ghana_97059,GHA,1.1710781219619135,0.7676534224954802,0.767653432685591,0.1483224630355835,0.02374710887670517,1.1397439266147558e-05,262144,27394,507,1838.728099516412,423.5204596146451,26887,507,0,0,0,0
P2,F1,71,calibration,t1,46,Ghana_97059,GHA,1.0,0.6124683783322022,0.6124683806654219,0.09213797003030777,0.01413755677640438,1.6661539120832458e-05,262144,27394,507,1905.3154025933075,432.9303348740831,26887,507,0,0,0,0
P2,F1,71,calibration,calibrated,47,Ghana_97516,GHA,1.1710781219619135,0.5977761504963923,0.5977761214623667,0.5426169633865356,0.14222639799118042,2.2817785065853968e-05,262144,187555,3039,8236.129559614035,1533.3403571880656,185200,1584,62,709,0,0
P2,F1,71,calibration,t1,47,Ghana_97516,GHA,1.0,0.4909401345748655,0.49094008845297155,0.4578985869884491,0.11452345550060272,3.3407479349989444e-05,262144,187555,3039,6848.987763895059,1445.1797272565673,185200,1584,62,709,0,0
P2,F1,71,calibration,calibrated,48,Pakistan_1027214,PAK,1.1710781219619135,0.13080158645095596,0.13080160807143526,0.9657626748085022,0.4068588614463806,4.933690433972515e-05,262144,158958,93240,40064.715839832425,11678.085917536275,125140,9948,4837,19033,0,0
P2,F1,71,calibration,t1,48,Pakistan_1027214,PAK,1.0,0.10996297241837527,0.10996297459502402,0.9538025856018066,0.3918893337249756,7.24264100426808e-05,262144,158958,93240,40900.46943643235,11694.013506611253,125140,9948,4837,19033,0,0
P2,F1,71,calibration,calibrated,49,Pakistan_1036366,PAK,1.1710781219619135,0.20791708767640937,0.207917056795498,0.9210618734359741,0.35881537199020386,0.0001087523705791682,262144,110380,42652,30532.49785566464,8868.223894385439,81828,5879,5997,16676,0,0
P2,F1,71,calibration,t1,49,Pakistan_1036366,PAK,1.0,0.1707036212055537,0.17070362438882625,0.8956403136253357,0.3379211723804474,0.0001686227769823745,262144,110380,42652,32463.76372072481,9092.46257543848,81828,5879,5997,16676,0,0
P2,F1,71,calibration,calibrated,50,Pakistan_132143,PAK,1.1710781219619135,0.7974713446287611,0.797471354782452,0.8247765898704529,0.28199276328086853,1.0514217137824744e-05,262144,262144,2945,18673.236769695974,3730.0798411693745,259199,2945,0,0,0,0
P2,F1,71,calibration,t1,50,Pakistan_132143,PAK,1.0,0.7462983466626022,0.7462983369732394,0.7752056121826172,0.2542096972465515,1.3692878383153584e-05,262144,262144,2945,15164.862515443627,3223.7157122867375,259199,2945,0,0,0,0
P2,F1,71,calibration,calibrated,51,Pakistan_167553,PAK,1.1710781219619135,0.6524631418656477,0.6524631533571679,0.9532912969589233,0.38868215680122375,1.341229653917253e-05,262144,247105,10510,39679.222472816626,10456.456609995003,235406,10241,1458,0,0,0
P2,F1,71,calibration,t1,51,Pakistan_167553,PAK,1.0,0.6013633174693341,0.6013633183483076,0.9372254610061646,0.3711051046848297,1.7146952814073302e-05,262144,247105,10510,36808.752933433425,9882.105031321624,235406,10241,1458,0,0,0
P2,F1,71,calibration,calibrated,52,Pakistan_210595,PAK,1.1710781219619135,0.9897222264865098,0.989722228228023,0.620383083820343,0.16516909003257751,3.9626715988561045e-06,262144,262144,95,10386.22367370914,1116.9241155757893,262049,95,0,0,0,0
P2,F1,71,calibration,t1,52,Pakistan_210595,PAK,1.0,0.9848929984274196,0.9848929985202534,0.5357977151870728,0.1336454302072525,4.125740815652534e-06,262144,262144,95,7092.95183368604,735.2237616557218,262049,95,0,0,0,0
P2,F1,71,calibration,calibrated,53,Pakistan_211386,PAK,1.1710781219619135,0.6132721798246461,0.6132721744907409,0.8986049294471741,0.33409467339515686,7.361656025750563e-05,262144,255405,9375,38971.97583273054,9530.343806945675,242622,5924,4352,2507,0,0
P2,F1,71,calibration,t1,53,Pakistan_211386,PAK,1.0,0.550321083252879,0.5503211125682539,0.8664533495903015,0.31012555956840515,0.00010863193892873824,262144,255405,9375,36805.81156323475,9022.378513568372,242622,5924,4352,2507,0,0
P2,F1,71,calibration,calibrated,54,Pakistan_246510,PAK,1.1710781219619135,0.28578314704255336,0.28578309040337213,0.9243715405464172,0.35912489891052246,6.310200114967301e-05,262144,258817,40849,110709.47963520652,28146.255423132472,216196,31880,1983,8758,0,0
P2,F1,71,calibration,t1,54,Pakistan_246510,PAK,1.0,0.2375040704453033,0.23750415675950054,0.8995900750160217,0.33799225091934204,9.465202310821041e-05,262144,258817,40849,117994.53335850543,28301.90998956044,216196,31880,1983,8758,0,0
P2,F1,71,calibration,calibrated,55,Pakistan_246718,PAK,1.1710781219619135,0.28915303019160243,0.289153064433991,0.7921857237815857,0.264308899641037,6.640861101914197e-05,262144,235278,18134,22269.670496312894,6000.130366532354,215447,6705,1700,11426,0,0
P2,F1,71,calibration,t1,55,Pakistan_246718,PAK,1.0,0.2317692922853818,0.23176924063742055,0.73678058385849,0.2361057996749878,9.97667302726768e-05,262144,235278,18134,21199.330565951823,5986.080714084168,215447,6705,1700,11426,0,0
P2,F1,71,calibration,calibrated,56,Pakistan_336228,PAK,1.1710781219619135,0.29777776569544867,0.2977777495221714,0.8609948754310608,0.3110749423503876,4.695379175245762e-05,262144,132471,19988,42046.686851022576,12605.50883630487,115605,16866,0,0,0,0
P2,F1,71,calibration,t1,56,Pakistan_336228,PAK,1.0,0.2462136271396851,0.2462135712544058,0.8205351829528809,0.2859228551387787,6.999376637395471e-05,262144,132471,19988,45930.1313744385,13044.582932633562,115605,16866,0,0,0,0
P2,F1,71,calibration,calibrated,57,Pakistan_35915,PAK,1.1710781219619135,0.19057481245640207,0.19057484714838557,0.9088656306266785,0.3433714807033539,6.3094194047153e-05,262144,129233,60689,34814.59180054112,9641.381823821985,69386,7546,4633,47668,0,0
P2,F1,71,calibration,t1,57,Pakistan_35915,PAK,1.0,0.15647846387607944,0.156478484996164,0.8795648813247681,0.320387601852417,9.511430835118517e-05,262144,129233,60689,36682.00324804655,9754.963768607604,69386,7546,4633,47668,0,0
P2,F1,71,calibration,calibrated,58,Pakistan_366265,PAK,1.1710781219619135,0.5277576692183884,0.5277576787414493,0.8237113952636719,0.28166499733924866,6.11828454566421e-06,262144,127291,11407,6431.074098163689,631.4633980151093,127161,128,2,0,0,0
P2,F1,71,calibration,t1,58,Pakistan_366265,PAK,1.0,0.4479641735063261,0.44796411604729736,0.7742388844490051,0.2539542615413666,7.529065896960674e-06,262144,127291,11407,4359.2692439591965,397.63816460153765,127161,128,2,0,0,0
P2,F1,71,calibration,calibrated,59,Pakistan_401863,PAK,1.1710781219619135,0.7960778087246154,0.7960778190355212,0.7849884629249573,0.250156044960022,1.0865000149351545e-05,262144,258845,3974,25636.700360813913,3991.060856106181,254198,1323,680,2644,0,0
P2,F1,71,calibration,t1,59,Pakistan_401863,PAK,1.0,0.7398753465010055,0.739875349172902,0.7252922654151917,0.21948449313640594,1.4725354958500247e-05,262144,258845,3974,19740.633110587558,2989.325618710627,254198,1323,680,2644,0,0
P2,F1,71,calibration,calibrated,60,Pakistan_43105,PAK,1.1710781219619135,0.3889798578038274,0.3889798603051786,0.9225398898124695,0.35848039388656616,2.8819711587857455e-05,261411,260942,21794,55744.16395319275,15822.534276245902,238877,21794,271,0,0,0
P2,F1,71,calibration,t1,60,Pakistan_43105,PAK,1.0,0.33108500139276,0.3310850266948989,0.8973525166511536,0.3373817503452301,4.009073745692149e-05,261411,260942,21794,56527.9070610866,15978.84469571536,238877,21794,271,0,0,0
P2,F1,71,calibration,calibrated,61,Pakistan_474121,PAK,1.1710781219619135,0.3196684482459793,0.31966846606916766,0.9066321849822998,0.34200575947761536,0.00010367431241320446,262144,180789,31254,39226.38915696116,9481.32157046492,161999,9897,776,8117,0,0
P2,F1,71,calibration,t1,61,Pakistan_474121,PAK,1.0,0.26761572456209237,0.2676157062975616,0.8767426609992981,0.31893402338027954,0.00016236025840044022,262144,180789,31254,38821.99894737896,9136.52580049798,161999,9897,776,8117,0,0
P2,F1,71,calibration,calibrated,62,Pakistan_528249,PAK,1.1710781219619135,0.6189708378917282,0.6189708560147287,0.9584968686103821,0.3964637517929077,9.786422197066713e-06,262144,76982,8567,4474.473429681058,871.0615650257007,76248,734,0,0,0,0
P2,F1,71,calibration,t1,62,Pakistan_528249,PAK,1.0,0.571314999360671,0.5713149982226848,0.9441662430763245,0.3800181448459625,1.2384783076413441e-05,262144,76982,8567,3545.4502684042054,752.0864617283672,76248,734,0,0,0,0
P2,F1,71,calibration,calibrated,63,Pakistan_548910,PAK,1.1710781219619135,0.9832935836432536,0.9832935848993494,0.6454707384109497,0.17358772456645966,6.30007798463339e-06,262144,235696,177,18389.724593732262,3610.2492811129955,232186,71,3333,106,0,0
P2,F1,71,calibration,t1,63,Pakistan_548910,PAK,1.0,0.975601173190666,0.9756011738317992,0.5622853636741638,0.14107759296894073,6.845970347058028e-06,262144,235696,177,15752.409638191375,3319.727969511154,232186,71,3333,106,0,0
P2,F1,71,calibration,calibrated,64,Pakistan_65724,PAK,1.1710781219619135,0.4692468738455291,0.4692468772618479,0.9498897194862366,0.38608866930007935,2.1566102077485994e-05,262144,262143,17969,45859.91839497128,13405.371813834252,244174,17969,0,0,0,0
P2,F1,71,calibration,t1,64,Pakistan_65724,PAK,1.0,0.4142401061698373,0.414240096979383,0.9328095316886902,0.3682558238506317,3.020777876372449e-05,262144,262143,17969,44600.348872715476,13295.009947339213,244174,17969,0,0,0,0
P2,F1,71,calibration,calibrated,65,Pakistan_664885,PAK,1.1710781219619135,0.24908636507924453,0.2490863925674086,0.8975222706794739,0.3328905701637268,5.907571176066995e-05,262144,73010,37747,26147.236454425452,5541.520614007994,65336,5291,106,2277,0,0
P2,F1,71,calibration,t1,65,Pakistan_664885,PAK,1.0,0.20629429972888746,0.20629426280860563,0.8649945259094238,0.30875641107559204,9.007591143017635e-05,262144,73010,37747,27911.26467034478,5396.290298822067,65336,5291,106,2277,0,0
P2,F1,71,calibration,calibrated,66,Pakistan_667363,PAK,1.1710781219619135,0.3783003244748885,0.37830030324480035,0.9589373469352722,0.39941975474357605,1.6849613530212082e-05,262144,162484,23921,40046.14222540053,13270.076472891247,140616,20649,509,710,0,0
P2,F1,71,calibration,t1,66,Pakistan_667363,PAK,1.0,0.3300370151615529,0.33003704318776184,0.9448317885398865,0.38350367546081543,2.3220753064379096e-05,262144,162484,23921,41035.507360702286,13672.98540083606,140616,20649,509,710,0,0
P2,F1,71,calibration,calibrated,67,Pakistan_694942,PAK,1.1710781219619135,0.21749757446573093,0.21749753350876688,0.9454646110534668,0.38031086325645447,2.6580613848636858e-05,262144,191444,59550,47993.14960052152,14099.489287739278,154973,17990,679,17802,0,0
P2,F1,71,calibration,t1,67,Pakistan_694942,PAK,1.0,0.18236262149122429,0.18236263442135237,0.9269700646400452,0.361686110496521,3.7850652006454766e-05,262144,191444,59550,46623.349599287845,13961.974610667425,154973,17990,679,17802,0,0
P2,F1,71,calibration,calibrated,68,Pakistan_70625,PAK,1.1710781219619135,0.28987706133779956,0.28987704317839635,0.9785850048065186,0.4259885251522064,3.507528526824899e-05,262144,262144,47813,115336.86191703819,35149.75513128991,212105,45372,2226,2441,0,0
P2,F1,71,calibration,t1,68,Pakistan_70625,PAK,1.0,0.2517964881359218,0.25179649286231465,0.9709253907203674,0.41380584239959717,5.067484744358808e-05,262144,262144,47813,123365.05477263831,36017.624234043,212105,45372,2226,2441,0,0
P2,F1,71,calibration,calibrated,69,Pakistan_712873,PAK,1.1710781219619135,0.6254289340975461,0.625428906956855,0.724374532699585,0.222760409116745,1.9403305486775935e-05,262144,119557,5054,10659.399473511898,2496.439336057614,115897,2344,630,686,0,0
P2,F1,71,calibration,t1,69,Pakistan_712873,PAK,1.0,0.5425939886505249,0.5425940006207968,0.6560801267623901,0.19264434278011322,2.7109592338092625e-05,262144,119557,5054,10311.792274511694,2466.172964220266,115897,2344,630,686,0,0
P2,F1,71,calibration,calibrated,70,Pakistan_740461,PAK,1.1710781219619135,0.3999519543066046,0.39995196235625285,0.9698823094367981,0.41140952706336975,4.124662154936232e-05,262144,211456,32397,70233.19176869772,21446.850149613558,182909,28547,0,0,0,0
P2,F1,71,calibration,t1,70,Pakistan_740461,PAK,1.0,0.3499598439064545,0.3499598232926999,0.9592534303665161,0.39703428745269775,5.9534657339099795e-05,262144,211456,32397,71531.62838297503,21621.190775365292,182909,28547,0,0,0,0
P2,F1,71,calibration,calibrated,71,Pakistan_760290,PAK,1.1710781219619135,0.9294400307084673,0.9294400336293251,0.7377635836601257,0.2196274697780609,6.9684911068179645e-06,262144,233498,1325,23146.510466744643,3108.012087542376,232173,1325,0,0,0,0
P2,F1,71,calibration,t1,71,Pakistan_760290,PAK,1.0,0.9027484691721649,0.9027484746665345,0.6682782173156738,0.1872313767671585,8.684144631843083e-06,262144,233498,1325,17132.990980836283,2175.7380162417408,232173,1325,0,0,0,0
P2,F1,71,calibration,calibrated,72,Pakistan_849790,PAK,1.1710781219619135,0.43744689662020575,0.43744691764343513,0.9439594149589539,0.37913697957992554,1.9541357687558047e-05,262144,257239,21890,423706.2405787435,123986.19197922779,84748,583,150991,20917,0,0
P2,F1,71,calibration,t1,72,Pakistan_849790,PAK,1.0,0.3791820246613261,0.3791820692734744,0.9250388741493225,0.36040109395980835,2.725765989453066e-05,262144,257239,21890,485346.0668768777,129302.7655929609,84748,583,150991,20917,0,0
P2,F1,71,calibration,calibrated,73,Pakistan_909806,PAK,1.1710781219619135,0.6232656656784481,0.6232656962548201,0.6886264085769653,0.21169054508209229,2.1820213078171946e-05,262144,116287,3832,6343.6469246498555,1331.505457894212,114301,572,935,479,0,0
P2,F1,71,calibration,t1,73,Pakistan_909806,PAK,1.0,0.5397468529862546,0.5397468267894839,0.6191726326942444,0.18322007358074188,3.0187431548256427e-05,262144,116287,3832,5723.974482686694,1286.378051939501,114301,572,935,479,0,0
P2,F1,71,calibration,calibrated,74,Pakistan_94095,PAK,1.1710781219619135,0.1234845801418527,0.12348452769889562,0.9784295558929443,0.4248122572898865,7.560451194876805e-05,262144,180570,124905,84925.39877988138,24645.142563892092,102421,24583,6715,46851,0,0
P2,F1,71,calibration,t1,74,Pakistan_94095,PAK,1.0,0.1055413875506318,0.10554138014934644,0.9707042574882507,0.4124244153499603,0.00011575464304769412,262144,180570,124905,91412.73855178275,25064.001763350243,102421,24583,6715,46851,0,0
P2,F1,71,calibration,calibrated,75,Pakistan_9684,PAK,1.1710781219619135,0.7512052104359156,0.7512052160820379,0.5984311103820801,0.17816969752311707,1.9640992832137272e-05,262144,113550,2149,4513.041656774904,928.2668271578259,111938,416,724,472,0,0
P2,F1,71,calibration,t1,75,Pakistan_9684,PAK,1.0,0.6768974269527404,0.6768974160612665,0.5246821045875549,0.15242044627666473,2.634356678754557e-05,262144,113550,2149,3667.3558889115757,878.1456849755718,111938,416,724,472,0,0
P2,F1,71,calibration,calibrated,76,USA_1010394,USA,1.1710781219619135,0.9071350616653302,0.907135056790256,0.6785829067230225,0.195638969540596,5.799525297334185e-06,262144,262131,1146,18583.788992459504,3004.1661503386504,259504,1146,1481,0,0,0
P2,F1,71,calibration,t1,76,USA_1010394,USA,1.0,0.869049010118427,0.8690490181229276,0.6022588014602661,0.16447316110134125,6.651785042777192e-06,262144,262131,1146,14587.33369224851,2562.5593496455017,259504,1146,1481,0,0,0
P2,F1,71,calibration,calibrated,77,USA_1039203,USA,1.1710781219619135,0.6351711680219908,0.635171153253857,0.7338925004005432,0.2306051254272461,1.2015206266369205e-05,262144,262112,5687,23555.671760343783,5075.58434664705,255564,4937,861,750,0,0
P2,F1,71,calibration,t1,77,USA_1039203,USA,1.0,0.5507916372912913,0.5507916590926767,0.6679631471633911,0.20121753215789795,1.578851333761122e-05,262144,262112,5687,20506.76655563055,4767.533173218139,255564,4937,861,750,0,0
P2,F1,71,calibration,calibrated,78,USA_1049586,USA,1.1710781219619135,0.6515386224168005,0.6515386288897198,0.7216413617134094,0.2248862385749817,2.512209175620228e-05,262144,262061,4362,18048.208439568098,3614.08091646235,256903,3036,796,1326,0,0
P2,F1,71,calibration,t1,78,USA_1049586,USA,1.0,0.5701741051904428,0.5701740856757309,0.6545681357383728,0.19561737775802612,3.525903230183758e-05,262144,262061,4362,15074.030505516786,3310.71157443657,256903,3036,796,1326,0,0
P2,F1,71,calibration,calibrated,79,USA_1068362,USA,1.1710781219619135,0.27958713885720043,0.2795871091821982,0.942681074142456,0.3768855035305023,9.285088162869215e-05,262144,262124,41580,67842.58490600261,17832.499759328006,214980,15962,5564,25618,0,0
P2,F1,71,calibration,t1,79,USA_1068362,USA,1.0,0.2356008183357814,0.23560081222524065,0.9233044385910034,0.35780149698257446,0.00014252155961003155,262144,262124,41580,68116.23385217786,17508.162801948012,214980,15962,5564,25618,0,0
P2,F1,71,calibration,calibrated,80,USA_1082482,USA,1.1710781219619135,0.7312751077278272,0.7312751270424946,0.8161399960517883,0.2753446102142334,1.735409205139149e-05,262144,262130,4055,22179.73646113224,4627.548293385791,256802,3122,1273,933,0,0
P2,F1,71,calibration,t1,80,USA_1082482,USA,1.0,0.6675482235763663,0.6675482010611284,0.7645190358161926,0.24700036644935608,2.3361115381703712e-05,262144,262130,4055,18982.423598165708,4170.7461885429375,256802,3122,1273,933,0,0
P2,F1,71,calibration,calibrated,81,USA_11422,USA,1.1710781219619135,0.12401641662885288,0.12401644119876742,0.8742749094963074,0.3207497000694275,0.00015042678569443524,262144,262142,64630,92323.0299119224,25327.48504614803,196170,29952,1342,34678,0,0
P2,F1,71,calibration,t1,81,USA_11422,USA,1.0,0.09765434873760725,0.09765436236049785,0.8368750810623169,0.29633474349975586,0.0002368489367654547,262144,262142,64630,100795.87724894313,25934.358473398333,196170,29952,1342,34678,0,0
P2,F1,71,calibration,calibrated,82,USA_114964,USA,1.1710781219619135,0.8083423128590729,0.8083423202988173,0.758945882320404,0.23541291058063507,1.4049715900910087e-05,262144,262125,2151,18622.624092314658,3447.7210392020856,259621,2150,353,1,0,0
P2,F1,71,calibration,t1,82,USA_114964,USA,1.0,0.750014186958867,0.7500142020141037,0.6948556303977966,0.20432457327842712,1.7951724657905288e-05,262144,262125,2151,15235.111843156834,2984.0840308245447,259621,2150,353,1,0,0
P2,F1,71,calibration,calibrated,83,USA_115033,USA,1.1710781219619135,0.8227862833115305,0.8227862763186766,0.6857903599739075,0.1984138935804367,1.3259687875688542e-05,262144,262109,1616,15994.42005849186,2634.2776892585352,259241,509,1252,1107,0,0
P2,F1,71,calibration,t1,83,USA_115033,USA,1.0,0.7607473096672417,0.7607473114469783,0.6110569834709167,0.16713687777519226,1.823702586989384e-05,262144,262109,1616,12857.02102521366,2250.4861529528257,259241,509,1252,1107,0,0
P2,F1,71,calibration,calibrated,84,USA_170264,USA,1.1710781219619135,0.19244033862941268,0.19244031789267824,0.9414867162704468,0.3766651749610901,0.0001240970887010917,262144,261982,57777,63524.771632914955,18116.707709654944,199553,18894,4652,38883,0,0
P2,F1,71,calibration,t1,84,USA_170264,USA,1.0,0.15913662843399168,0.15913664003047379,0.9217979907989502,0.35762766003608704,0.00019230243924539536,262144,261982,57777,64305.319478309626,18184.449276673455,199553,18894,4652,38883,0,0
P2,F1,71,calibration,calibrated,85,USA_179917,USA,1.1710781219619135,0.45585572494958426,0.45585569986302,0.8750656843185425,0.3222322463989258,6.164919614093378e-05,262144,262094,11971,31012.968477257502,8674.382299072893,250101,11482,26,485,0,0
P2,F1,71,calibration,t1,85,USA_179917,USA,1.0,0.39147021127842496,0.39147023040519635,0.8379786610603333,0.2980521619319916,8.909973985282704e-05,262144,262094,11971,29949.32535615959,8652.001135440009,250101,11482,26,485,0,0
P2,F1,71,calibration,calibrated,86,USA_181263,USA,1.1710781219619135,0.9372928849064683,0.9372928880843127,0.821382462978363,0.2743290066719055,0.0001341313327429816,207502,207499,1064,21741.64098892219,3678.832438696098,205428,1006,1007,58,0,0
P2,F1,71,calibration,t1,86,USA_181263,USA,1.0,0.9170691641825124,0.9170691635285406,0.7696501016616821,0.24515584111213684,0.00017675134586170316,207502,207499,1064,17133.37548964202,2921.31284569589,205428,1006,1007,58,0,0
P2,F1,71,calibration,calibrated,87,USA_181503,USA,1.1710781219619135,0.7932732270936782,0.7932732258415316,0.7477020025253296,0.2295282483100891,7.5716916398960166e-06,262144,262115,3169,23097.02715659255,4276.373988446867,257897,3024,1049,145,0,0
P2,F1,71,calibration,t1,87,USA_181503,USA,1.0,0.7294696338843714,0.7294696206346735,0.6813192963600159,0.19830577075481415,9.367478924104944e-06,262144,262115,3169,18775.072054421533,3733.2317580704375,257897,3024,1049,145,0,0
P2,F1,71,calibration,calibrated,88,USA_19225,USA,1.1710781219619135,0.6301567446200795,0.6301567520952571,0.8402694463729858,0.2938496172428131,2.9967402952024713e-05,262144,262122,7483,26772.34775908279,6114.145233231808,254095,6636,544,847,0,0
P2,F1,71,calibration,t1,88,USA_19225,USA,1.0,0.5578075482174008,0.5578075234095883,0.7943720817565918,0.2670480012893677,4.2890544136753306e-05,262144,262122,7483,23263.311392356918,5695.663101063925,254095,6636,544,847,0,0
P2,F1,71,calibration,calibrated,89,USA_198411,USA,1.1710781219619135,0.4141482169082892,0.4141482273872451,0.8498581647872925,0.2968433201313019,0.00014233385445550084,87651,84222,6301,13077.450031854834,2949.5821710507344,75330,155,2822,5915,0,0
P2,F1,71,calibration,t1,89,USA_198411,USA,1.0,0.34097300754279947,0.34097301510767963,0.8054631352424622,0.2696986198425293,0.00018712184100877494,87651,84222,6301,12103.75383435671,2790.482153119965,75330,155,2822,5915,0,0
P2,F1,71,calibration,calibrated,90,USA_211406,USA,1.1710781219619135,0.7177711026988693,0.7177710954435759,0.8118786215782166,0.27555587887763977,1.3574256627180148e-05,262144,262101,4384,19504.067429448995,4046.227575474926,257231,3740,486,644,0,0
P2,F1,71,calibration,t1,90,USA_211406,USA,1.0,0.6519843597619173,0.6519843762704958,0.7601938247680664,0.24774250388145447,1.8102111425832845e-05,262144,262101,4384,16118.295191043435,3632.0463112699813,257231,3740,486,644,0,0
P2,F1,71,calibration,calibrated,91,USA_217598,USA,1.1710781219619135,0.19633866304499503,0.19633864542693447,0.8841273188591003,0.32495421171188354,0.00017983082216233015,257309,257297,44922,66344.88750382076,17868.458870405637,201548,10498,10827,34424,0,0
P2,F1,71,calibration,t1,91,USA_217598,USA,1.0,0.158461000126349,0.15846101173648608,0.8485221862792969,0.3004392683506012,0.00026471095043234527,257309,257297,44922,69052.94801307525,17941.552472378316,201548,10498,10827,34424,0,0
P2,F1,71,calibration,calibrated,92,USA_224165,USA,1.1710781219619135,0.769869715542825,0.7698697294710746,0.6263076066970825,0.18254610896110535,1.5578185411868617e-05,262144,262126,2068,11230.402983109616,1953.4542932336212,260001,1964,57,104,0,0
P2,F1,71,calibration,t1,92,USA_224165,USA,1.0,0.6942252924605905,0.6942253109643559,0.5505144000053406,0.15453578531742096,2.060678889392875e-05,262144,262126,2068,8575.308865724759,1736.2843471187484,260001,1964,57,104,0,0
P2,F1,71,calibration,calibrated,93,USA_225017,USA,1.1710781219619135,0.3363422833387182,0.3363423537062147,0.9111371636390686,0.3463461995124817,0.00018230837304145098,262144,262138,24292,36891.87811075203,9394.65324335074,235950,9408,1896,14884,0,0
P2,F1,71,calibration,t1,93,USA_225017,USA,1.0,0.28478335766477325,0.28478336977828433,0.8825483322143555,0.3237660527229309,0.0002835931954905391,262144,262138,24292,34381.276307522596,8986.087019315626,235950,9408,1896,14884,0,0
P2,F1,71,calibration,calibrated,94,USA_231124,USA,1.1710781219619135,0.9710687037125502,0.971068701809918,0.6903663277626038,0.19807496666908264,0.0001037378897308372,133432,129409,222,18935.13631944645,3960.7857971312,125535,35,3722,117,0,0
P2,F1,71,calibration,t1,94,USA_231124,USA,1.0,0.9582927013937966,0.9582927006177866,0.6143920421600342,0.16609728336334229,0.00013114632747601718,133432,129409,222,18214.082184615116,3784.1237829116253,125535,35,3722,117,0,0
P2,F1,71,calibration,calibrated,95,USA_232060,USA,1.1710781219619135,0.8414172522629634,0.841417236934113,0.7001388072967529,0.2086395025253296,8.62892011355143e-06,262144,262127,2014,18185.65329634911,3096.914531091262,258837,1577,1276,437,0,0
P2,F1,71,calibration,t1,95,USA_232060,USA,1.0,0.7857130634396107,0.7857130635729841,0.627605676651001,0.17801690101623535,1.0593705155770294e-05,262144,262127,2014,14501.931336464535,2670.7466701074895,258837,1577,1276,437,0,0
P2,F1,71,calibration,calibrated,96,USA_251323,USA,1.1710781219619135,0.6528714957901884,0.6528714977210854,0.7345438599586487,0.23259350657463074,2.6145313313463703e-05,261626,261038,4481,17076.136679467196,3781.279789305385,256164,4179,520,175,0,0
P2,F1,71,calibration,t1,96,USA_251323,USA,1.0,0.5725722873070216,0.5725723048762796,0.6695930361747742,0.20361870527267456,3.5564844438340515e-05,261626,261038,4481,14513.32491909352,3569.7635233000474,256164,4179,520,175,0,0
P2,F1,71,calibration,calibrated,97,USA_260929,USA,1.1710781219619135,0.517489331470885,0.5174892885419696,0.9203014969825745,0.35469168424606323,5.602985402219929e-05,262144,262134,12772,33483.78379394573,8964.443834606293,247736,9378,1626,3394,0,0
P2,F1,71,calibration,t1,97,USA_260929,USA,1.0,0.4556616359760026,0.45566162323588677,0.8943461775779724,0.3330218493938446,8.1497615610715e-05,262144,262134,12772,31102.451725297542,8662.24079940583,247736,9378,1626,3394,0,0
P2,F1,71,calibration,calibrated,98,USA_275372,USA,1.1710781219619135,0.862575617718625,0.8625756158819097,0.7268892526626587,0.22448082268238068,8.792277185420971e-06,262144,262138,1764,22753.448490505987,4093.4158354590754,258245,1171,2129,593,0,0
P2,F1,71,calibration,t1,98,USA_275372,USA,1.0,0.8158819405338069,0.8158819363909005,0.6590005159378052,0.19446700811386108,1.118096406571567e-05,262144,262138,1764,19532.806092626248,3615.88950813954,258245,1171,2129,593,0,0
P2,F1,71,calibration,calibrated,99,USA_308150,USA,1.1710781219619135,0.682599799721785,0.6825997781523045,0.9126924276351929,0.3486725687980652,1.80526876647491e-05,262144,262027,7629,30695.689670915286,7078.946699643386,253120,6000,1278,1629,0,0
P2,F1,71,calibration,t1,99,USA_308150,USA,1.0,0.6239415645897268,0.6239415562811099,0.8846633434295654,0.32644015550613403,2.455598587403074e-05,262144,262027,7629,26671.848636417264,6441.890816912395,253120,6000,1278,1629,0,0
P2,F1,71,calibration,calibrated,100,USA_347609,USA,1.1710781219619135,0.866997015929426,0.8669970209740834,0.8777233362197876,0.31624266505241394,0.00010546205885475501,209488,204416,2244,21948.04769986925,4238.17064648711,201212,1562,1291,351,0,0
P2,F1,71,calibration,t1,100,USA_347609,USA,1.0,0.8315455211102676,0.8315455280435013,0.8399571180343628,0.2904936969280243,0.0001357260043732822,209488,204416,2244,18124.708997593785,3575.245772662335,201212,1562,1291,351,0,0
P2,F1,71,calibration,calibrated,101,USA_348639,USA,1.1710781219619135,0.25622226133224657,0.25622222309932086,0.947420060634613,0.382737398147583,0.00018942392489407212,262144,262118,42491,65214.03239493313,18638.775339465767,214930,20034,4697,22457,0,0
P2,F1,71,calibration,t1,101,USA_348639,USA,1.0,0.216690113355256,0.21669010883797246,0.9295401573181152,0.36443644762039185,0.00029421839280985296,262144,262118,42491,66215.26183196921,18686.490196560822,214930,20034,4697,22457,0,0
P2,F1,71,calibration,calibrated,102,USA_350244,USA,1.1710781219619135,0.6208559399456755,0.6208559461921154,0.9204861521720886,0.3535573482513428,2.7109361326438375e-05,262144,262120,10297,37810.70699888991,9454.044507779035,251010,9825,813,472,0,0
P2,F1,71,calibration,t1,102,USA_350244,USA,1.0,0.5590689176583438,0.5590689034358485,0.8944405317306519,0.331633597612381,3.687876233016141e-05,262144,262120,10297,34285.35763810226,8897.26968237714,251010,9825,813,472,0,0
P2,F1,71,calibration,calibrated,103,USA_354981,USA,1.1710781219619135,0.5780688525871994,0.5780688738920572,0.9705953001976013,0.41230010986328125,4.477741094888188e-05,262144,262011,16383,48638.93754512954,13160.33186473392,244987,15300,641,1083,0,0
P2,F1,71,calibration,t1,103,USA_354981,USA,1.0,0.5283408665470859,0.5283408587451459,0.9601970911026001,0.3980454206466675,6.345660949591547e-05,262144,262011,16383,45316.94803839712,12502.440143988975,244987,15300,641,1083,0,0
P2,F1,71,calibration,calibrated,104,USA_366607,USA,1.1710781219619135,0.17026537534745534,0.17026537557882726,0.8764562010765076,0.3187495470046997,0.00010803726763697341,262144,262139,52252,32909.84665781794,7798.134982059607,206872,5942,3015,46310,0,0
P2,F1,71,calibration,t1,104,USA_366607,USA,1.0,0.13659530197022973,0.13659528064084725,0.8388580083847046,0.29365652799606323,0.00016851018881425261,262144,262139,52252,29718.347870041922,7327.408619241987,206872,5942,3015,46310,0,0
P2,F1,71,calibration,calibrated,105,USA_375183,USA,1.1710781219619135,0.5992209004269198,0.5992209174248806,0.9188544750213623,0.35151407122612,5.279038305161521e-05,262144,262065,10511,42862.176845585505,10333.297919997281,248241,7306,3326,3192,0,0
P2,F1,71,calibration,t1,105,USA_375183,USA,1.0,0.5384781627358337,0.5384781745196281,0.8922831416130066,0.32931244373321533,7.867618842283264e-05,262144,262065,10511,40384.75752248453,9717.701863418155,248241,7306,3326,3192,0,0
P2,F1,71,calibration,calibrated,106,USA_387945,USA,1.1710781219619135,0.3129596275925589,0.3129596263173675,0.8883285522460938,0.3293404281139374,0.00010101012594532222,262144,262139,24640,48006.202413781546,13510.932483292474,234512,14174,2987,10466,0,0
P2,F1,71,calibration,t1,106,USA_387945,USA,1.0,0.2581974776405135,0.25819745622117696,0.8539960980415344,0.3053587079048157,0.0001538062933832407,262144,262139,24640,48198.444113081394,13583.85058059346,234512,14174,2987,10466,0,0
P2,F1,71,calibration,calibrated,107,USA_430764,USA,1.1710781219619135,0.3767824657496843,0.3767823894947081,0.9357244968414307,0.37085309624671936,9.497831342741847e-05,262144,262137,23556,46162.26372477535,13039.964986339628,234257,12441,4324,11115,0,0
P2,F1,71,calibration,t1,107,USA_430764,USA,1.0,0.32325788980067693,0.32325794051947443,0.9143179655075073,0.35112717747688293,0.00014449635636992753,262144,262137,23556,44945.520649848695,12887.382892518264,234257,12441,4324,11115,0,0
P2,F1,71,calibration,calibrated,108,USA_438959,USA,1.1710781219619135,0.5395763905288193,0.539576370729363,0.907687246799469,0.3410559296607971,0.0001105897463276051,253924,253900,12361,33705.404391712815,7849.450210082607,240559,7038,981,5322,0,0
P2,F1,71,calibration,t1,108,USA_438959,USA,1.0,0.47530631682933033,0.47530632376104853,0.8779440522193909,0.3177036941051483,0.00015570636605843902,253924,253900,12361,29554.989005295538,7178.941014867472,240559,7038,981,5322,0,0
P2,F1,71,calibration,calibrated,109,USA_486103,USA,1.1710781219619135,0.7804714806179437,0.7804714773594243,0.8905947804450989,0.3250463902950287,1.2636721294256859e-05,262144,262060,5640,50121.287337872935,11616.622552886605,250147,4671,6276,966,0,0
P2,F1,71,calibration,t1,109,USA_486103,USA,1.0,0.7299615385645283,0.7299615456255379,0.8559694290161133,0.299919068813324,1.663957300479524e-05,262144,262060,5640,46707.71768829671,10759.192230117851,250147,4671,6276,966,0,0
P2,F1,71,calibration,calibrated,110,USA_504150,USA,1.1710781219619135,0.5587026466052492,0.5587026588906342,0.9436016082763672,0.3790186643600464,5.781621075584553e-05,262144,262126,13441,37608.79767777385,9673.353657836651,248054,10810,631,2631,0,0
P2,F1,71,calibration,t1,110,USA_504150,USA,1.0,0.5006545911265701,0.500654576052325,0.9245709776878357,0.36028245091438293,8.360731590073556e-05,262144,262126,13441,34169.304213084884,9128.39989045422,248054,10810,631,2631,0,0
P2,F1,71,calibration,calibrated,111,USA_519181,USA,1.1710781219619135,0.5934767326702199,0.5934767556782776,0.9518243074417114,0.3873918950557709,5.318917101249099e-05,262144,262127,13422,44130.68018443088,11390.210914922212,248015,11960,690,1462,0,0
P2,F1,71,calibration,t1,111,USA_519181,USA,1.0,0.5378562449378281,0.5378562278896506,0.9353036880493164,0.3696681559085846,7.529302820330486e-05,262144,262127,13422,40557.57487354939,10705.464885911088,248015,11960,690,1462,0,0
P2,F1,71,calibration,calibrated,112,USA_527077,USA,1.1710781219619135,0.8742310702641762,0.8742310730985006,0.7040403485298157,0.20783357322216034,7.113279934856109e-06,262144,262127,1564,18531.9221050388,2935.182673119135,259362,1119,1201,445,0,0
P2,F1,71,calibration,t1,112,USA_527077,USA,1.0,0.8269826278602214,0.8269826131393738,0.6314927339553833,0.1766032576560974,8.939637154981028e-06,262144,262127,1564,14398.840162742148,2441.2986913936293,259362,1119,1201,445,0,0
P2,F1,71,calibration,calibrated,113,USA_58086,USA,1.1710781219619135,0.3233561062293283,0.32335612497089383,0.91359943151474,0.34962528944015503,7.884862134233117e-05,262144,262112,28557,52356.17088024332,13353.263130759831,232055,14163,1500,14394,0,0
P2,F1,71,calibration,t1,113,USA_58086,USA,1.0,0.2707598498753301,0.27075988343051904,0.8858343958854675,0.3275068402290344,0.0001197457968373783,262144,262112,28557,51162.73378626768,13009.262184620839,232055,14163,1500,14394,0,0
P2,F1,71,calibration,calibrated,114,USA_595451,USA,1.1710781219619135,0.173004773039663,0.17300479357167864,0.9347225427627563,0.3717404007911682,0.00010468798427609727,262144,262136,56241,153239.60421955748,36747.51851994413,202304,39301,3591,16940,0,0
P2,F1,71,calibration,t1,114,USA_595451,USA,1.0,0.14268899842066696,0.1426889645266154,0.9131379127502441,0.35226795077323914,0.00016138992214109749,262144,262136,56241,170722.00598195917,37268.65211962012,202304,39301,3591,16940,0,0
P2,F1,71,calibration,calibrated,115,USA_604222,USA,1.1710781219619135,0.4800196909019435,0.48001966451625533,0.9239587187767029,0.3579876720905304,5.687522207153961e-05,262144,262123,17638,60196.42237149883,15383.174742196235,241271,14211,3214,3427,0,0
P2,F1,71,calibration,t1,115,USA_604222,USA,1.0,0.4186797249260714,0.4186797654144544,0.8989861607551575,0.3366583287715912,8.572106889914721e-05,262144,262123,17638,59706.64049698505,14956.895810666194,241271,14211,3214,3427,0,0
P2,F1,71,calibration,calibrated,116,USA_605492,USA,1.1710781219619135,0.3053478716054615,0.3053478694038744,0.9317492246627808,0.36779165267944336,7.44895005482249e-05,262144,262125,30507,101786.08913031117,25840.07673365693,229607,29487,2011,1020,0,0
P2,F1,71,calibration,t1,116,USA_605492,USA,1.0,0.2563676087493505,0.25636760149536686,0.9092596769332886,0.3477879762649536,0.00011297150194877759,262144,262125,30507,109890.23387025644,26134.95245963812,229607,29487,2011,1020,0,0
P2,F1,71,calibration,calibrated,117,USA_638521,USA,1.1710781219619135,0.602707547646482,0.6027075249909897,0.8821514844894409,0.3206263780593872,3.435647158767097e-05,262144,262141,10108,43833.18022434072,11122.133908367452,248167,8810,3866,1298,0,0
P2,F1,71,calibration,t1,117,USA_638521,USA,1.0,0.5332627483320593,0.5332627632471381,0.8456413149833679,0.2953784465789795,4.9879366997629404e-05,262144,262141,10108,41502.09951074111,10731.667341005563,248167,8810,3866,1298,0,0
P2,F1,71,calibration,calibrated,118,USA_646878,USA,1.1710781219619135,0.7264975873603617,0.7264976050375556,0.7095813155174255,0.21178336441516876,8.920815162127838e-05,254040,252297,3152,17749.266160023748,3176.3475189861388,248308,1565,1222,1202,0,0
P2,F1,71,calibration,t1,118,USA_646878,USA,1.0,0.6479483091207965,0.6479483196760393,0.6379479765892029,0.1808144897222519,0.00012036984844598919,254040,252297,3152,14587.899593989401,2795.4725436461395,248308,1565,1222,1202,0,0
P2,F1,71,calibration,calibrated,119,USA_652955,USA,1.1710781219619135,0.28209181427954566,0.2820918194211637,0.8741682171821594,0.3181249797344208,0.00011445674317656085,262144,262141,26786,58458.89945834271,15670.59198280211,234633,18981,723,7804,0,0
P2,F1,71,calibration,t1,119,USA_652955,USA,1.0,0.23022437935007756,0.23022436339597163,0.8362194895744324,0.2931344211101532,0.00017552798090036958,262144,262141,26786,60645.12280534266,15822.437925344682,234633,18981,723,7804,0,0
P2,F1,71,calibration,calibrated,120,USA_655230,USA,1.1710781219619135,0.6753497748861286,0.6753497865733074,0.7825207710266113,0.26086366176605225,1.251648700417718e-05,262144,262129,4804,19212.577279277946,4228.301378474731,256653,4331,672,473,0,0
P2,F1,71,calibration,t1,120,USA_655230,USA,1.0,0.6013881435558635,0.6013881563391286,0.7264452576637268,0.23300234973430634,1.653971048654057e-05,262144,262129,4804,16337.10049554375,3947.0089293072633,256653,4331,672,473,0,0
P2,F1,71,calibration,calibrated,121,USA_66026,USA,1.1710781219619135,0.7962317581084949,0.7962317683991064,0.7925140261650085,0.2641757130622864,1.0677156751626171e-05,262144,262141,2863,17193.134120673385,3306.5744435955667,258639,2515,639,348,0,0
P2,F1,71,calibration,t1,121,USA_66026,USA,1.0,0.7399467545996126,0.7399467635742782,0.737450361251831,0.23595383763313293,1.3613427654490806e-05,262144,262141,2863,13723.243961361211,2897.0040615028756,258639,2515,639,348,0,0
P2,F1,71,calibration,calibrated,122,USA_664261,USA,1.1710781219619135,0.5079423242317445,0.5079423441907349,0.8978716135025024,0.33794501423835754,4.811076360056177e-05,262095,262087,13040,32951.203697006706,8196.648827081075,248048,9224,999,3816,0,0
P2,F1,71,calibration,t1,122,USA_664261,USA,1.0,0.4408444119741324,0.4408444234830212,0.8660417199134827,0.314847856760025,7.190327596617863e-05,262095,262087,13040,29757.265751682786,7818.358085706861,248048,9224,999,3816,0,0
P2,F1,71,calibration,calibrated,123,USA_66511,USA,1.1710781219619135,0.7699716108310918,0.7699716273013467,0.8381376266479492,0.28831323981285095,2.3018392312224023e-05,262144,262136,3807,25058.28953652419,5682.176381214427,255869,3540,2460,267,0,0
P2,F1,71,calibration,t1,123,USA_66511,USA,1.0,0.7128859385886275,0.7128859552013627,0.7910370230674744,0.2605263590812683,3.0199127650121227e-05,262144,262136,3807,21871.32024529564,5256.083752246902,255869,3540,2460,267,0,0
P2,F1,71,calibration,calibrated,124,USA_670826,USA,1.1710781219619135,0.7869009770505982,0.7869009908638617,0.7874110341072083,0.2608611285686493,1.3540304280468263e-05,262144,262132,2950,27004.108411774112,5593.160235586975,256367,2755,2815,195,0,0
P2,F1,71,calibration,t1,124,USA_670826,USA,1.0,0.729797452071443,0.7297974401919232,0.7309060096740723,0.23239777982234955,1.749189141264651e-05,262144,262132,2950,25368.655359274082,5226.094305059063,256367,2755,2815,195,0,0
P2,F1,71,calibration,calibrated,125,USA_67102,USA,1.1710781219619135,0.3692496527501741,0.3692496615476184,0.8619557023048401,0.30919167399406433,0.00010819791350513697,262144,262091,17917,31312.50367043016,7726.322991558501,243612,8988,562,8929,0,0
P2,F1,71,calibration,t1,125,USA_67102,USA,1.0,0.30680523865958786,0.3068052959898283,0.8211411237716675,0.2835141122341156,0.00016773193783592433,262144,262091,17917,28776.91251589204,7440.0114422540255,243612,8988,562,8929,0,0
P2,F1,71,calibration,calibrated,126,USA_693819,USA,1.1710781219619135,0.8492818796388355,0.8492818808596384,0.697723388671875,0.20199306309223175,9.633426998334471e-06,262144,262104,1839,19550.46609618387,3464.033812013238,258352,1298,1913,541,0,0
P2,F1,71,calibration,t1,126,USA_693819,USA,1.0,0.7951889419014053,0.7951889341328088,0.6227564811706543,0.1700759083032608,1.2322975635470357e-05,262144,262104,1839,15880.195050834922,3019.520546203788,258352,1298,1913,541,0,0
P2,F1,71,calibration,calibrated,127,USA_741073,USA,1.1710781219619135,0.8119049623201797,0.8119049613181704,0.831515371799469,0.28347325325012207,1.094765048037516e-05,262144,262115,3605,27810.143111221667,5696.8539198868275,255854,2886,2656,719,0,0
P2,F1,71,calibration,t1,127,USA_741073,USA,1.0,0.760106643203863,0.760106637959749,0.7828065156936646,0.25530341267585754,1.4145330169412773e-05,262144,262115,3605,23503.866107006506,5080.121797951599,255854,2886,2656,719,0,0
P2,F1,71,calibration,calibrated,128,USA_741178,USA,1.1710781219619135,0.719378949620481,0.7193789556944594,0.9140705466270447,0.3471401333808899,2.0882172975689173e-05,262144,262117,6136,32947.30334203985,7596.975754858193,254996,5675,985,461,0,0
P2,F1,71,calibration,t1,128,USA_741178,USA,1.0,0.6648684820264212,0.6648684900404559,0.8861511945724487,0.3244679570198059,2.868656702048611e-05,262144,262117,6136,29167.413709735854,6912.199093914698,254996,5675,985,461,0,0
P2,F1,71,calibration,calibrated,129,USA_758178,USA,1.1710781219619135,0.7352600600630722,0.735260062091134,0.8118433356285095,0.27059102058410645,1.386918120260816e-05,262144,262133,4476,25616.96377734841,5253.276213430769,256559,3957,1098,519,0,0
P2,F1,71,calibration,t1,129,USA_758178,USA,1.0,0.6681940638783916,0.6681940780130964,0.7589291930198669,0.2416525036096573,1.8714312318479642e-05,262144,262133,4476,21917.399389774157,4735.585832250212,256559,3957,1098,519,0,0
P2,F1,71,calibration,calibrated,130,USA_761032,USA,1.1710781219619135,0.3900323416352032,0.39003234521221486,0.9277335405349731,0.3621583878993988,7.883801299612969e-05,262144,262125,21509,57843.87975960462,15420.958874890059,235468,14540,5148,6969,0,0
P2,F1,71,calibration,t1,130,USA_761032,USA,1.0,0.3349927077780711,0.33499267117900045,0.9039138555526733,0.3413529694080353,0.00012051665544277057,262144,262125,21509,58871.274151913276,15328.929402214091,235468,14540,5148,6969,0,0
P2,F1,71,calibration,calibrated,131,USA_770353,USA,1.1710781219619135,0.2446385254156649,0.24463847505676373,0.9683533310890198,0.40960320830345154,0.00011789189738919958,262144,262141,49452,61841.27348170271,18387.430533482053,207757,19957,4932,29495,0,0
P2,F1,71,calibration,t1,131,USA_770353,USA,1.0,0.20979510854053518,0.20979511651348115,0.9572243690490723,0.39498433470726013,0.0001825549843488261,262144,262141,49452,62090.7278167465,18427.920941407963,207757,19957,4932,29495,0,0
P2,F1,71,calibration,calibrated,132,USA_778194,USA,1.1710781219619135,0.6495869908508498,0.6495870024736555,0.8814721703529358,0.3188088834285736,1.818999407987576e-05,262144,262070,8040,30263.729084804338,6627.88735497814,252915,5317,1115,2723,0,0
P2,F1,71,calibration,t1,132,USA_778194,USA,1.0,0.5837420206790497,0.5837420153270891,0.8446041941642761,0.2932373881340027,2.5118704797932878e-05,262144,262070,8040,25807.13300874688,5933.7594576782885,252915,5317,1115,2723,0,0
P2,F1,71,calibration,calibrated,133,USA_788696,USA,1.1710781219619135,0.06823873913985701,0.06823876385535554,0.8185662627220154,0.2817925810813904,6.51207155897282e-05,262144,262126,109393,35094.11336075437,9272.95883771989,145881,4797,6852,104596,0,0
P2,F1,71,calibration,t1,133,USA_788696,USA,1.0,0.05213345171924677,0.05213345253096102,0.7686602473258972,0.25464704632759094,0.0001002124190563336,262144,262126,109393,34039.46081553442,9214.269773139586,145881,4797,6852,104596,0,0
P2,F1,71,calibration,calibrated,134,USA_806273,USA,1.1710781219619135,0.45366726537067426,0.45366728148013524,0.9115415215492249,0.34732121229171753,3.3257634640904143e-05,262144,262131,16596,54102.10029825304,14852.533229497094,241529,14815,4006,1781,0,0
P2,F1,71,calibration,t1,134,USA_806273,USA,1.0,0.39037674189885896,0.3903767621667805,0.883170485496521,0.32491639256477356,4.780800736625679e-05,262144,262131,16596,54569.74171430336,14823.903256762202,241529,14815,4006,1781,0,0
P2,F1,71,calibration,calibrated,135,USA_826217,USA,1.1710781219619135,0.6170895625472468,0.6170895649565342,0.8576667904853821,0.3041106164455414,2.6269504814990796e-05,262144,262126,7588,26120.060396543377,5334.289525580853,253732,3896,806,3692,0,0
P2,F1,71,calibration,t1,135,USA_826217,USA,1.0,0.5500970202072396,0.5500969954221968,0.8154740333557129,0.27776533365249634,3.8378246244974434e-05,262144,262126,7588,21960.294930577707,4670.768941061159,253732,3896,806,3692,0,0
P2,F1,71,calibration,calibrated,136,USA_831672,USA,1.1710781219619135,0.3723602705840968,0.3723602452078548,0.9740341305732727,0.4177738130092621,9.549057722324505e-05,262144,262116,34882,69878.46081160252,20520.16201678475,220656,20503,6578,14379,0,0
P2,F1,71,calibration,t1,136,USA_831672,USA,1.0,0.3264175301571103,0.32641752373320987,0.9648066759109497,0.40433433651924133,0.00014236582501325756,262144,262116,34882,69666.02716629916,20394.767771717463,220656,20503,6578,14379,0,0
P2,F1,71,calibration,calibrated,137,USA_84195,USA,1.1710781219619135,0.5732817202693136,0.5732817466328858,0.7959769368171692,0.26109275221824646,2.6083474949700758e-05,262144,262137,8075,27907.99865837864,6122.273161689593,252850,5476,1212,2599,0,0
P2,F1,71,calibration,t1,137,USA_84195,USA,1.0,0.4918122312694845,0.4918122534771694,0.7399763464927673,0.23174813389778137,3.8043977838242427e-05,262144,262137,8075,24544.400077482936,5719.466737342923,252850,5476,1212,2599,0,0
P2,F1,71,calibration,calibrated,138,USA_86502,USA,1.1710781219619135,0.4378698982886271,0.4378699419815746,0.9160520434379578,0.35136231780052185,2.3546137526864186e-05,262144,262132,18140,149232.19460699998,45167.93037033406,191172,4598,52820,13542,0,0
P2,F1,71,calibration,t1,138,USA_86502,USA,1.0,0.3740984184928198,0.3740984282089176,0.8889480829238892,0.32938629388809204,3.380840644240379e-05,262144,262132,18140,165416.50807040563,46916.2781890515,191172,4598,52820,13542,0,0
P2,F1,71,calibration,calibrated,139,USA_905409,USA,1.1710781219619135,0.1837685706003348,0.18376863596707027,0.8829131722450256,0.3239211440086365,9.625212987884879e-05,262144,262099,47034,29845.713837109783,6669.579635496992,213126,4506,1939,42528,0,0
P2,F1,71,calibration,t1,139,USA_905409,USA,1.0,0.14865025935080467,0.14865031874080603,0.8469354510307312,0.29929319024086,0.00014871259918436408,262144,262099,47034,26185.355489526086,6071.331507965062,213126,4506,1939,42528,0,0
P2,F1,71,calibration,calibrated,140,USA_908474,USA,1.1710781219619135,0.8127508828563482,0.812750895401736,0.9107216000556946,0.3469749391078949,5.348273589333985e-06,262144,262071,4801,35086.40031890771,7628.646563794171,255559,4666,1711,135,0,0
P2,F1,71,calibration,t1,140,USA_908474,USA,1.0,0.7709591670589266,0.7709591776517514,0.882123589515686,0.32456496357917786,6.362343356158817e-06,262144,262071,4801,30181.358683584658,6699.957586837019,255559,4666,1711,135,0,0
P2,F1,71,calibration,calibrated,141,USA_933610,USA,1.1710781219619135,0.5784499022747978,0.5784499125145937,0.8653554916381836,0.3103986978530884,3.170869968016632e-05,262144,262027,9549,28657.285396208143,6509.853479426368,251849,6355,629,3194,0,0
P2,F1,71,calibration,t1,141,USA_933610,USA,1.0,0.5077716980727318,0.5077717000834838,0.8249865770339966,0.28460872173309326,4.6416578697972e-05,262144,262027,9549,24831.64122920878,5983.634916393965,251849,6355,629,3194,0,0
P2,F1,71,calibration,calibrated,142,USA_955053,USA,1.1710781219619135,0.2039061615480402,0.20390612048376766,0.9608640670776367,0.398898184299469,0.00010615496285026893,262144,262140,63039,118806.9491863777,33031.78240651026,191662,34640,7439,28399,0,0
P2,F1,71,calibration,t1,142,USA_955053,USA,1.0,0.17118764695138844,0.17118760976246128,0.9472596049308777,0.3827478587627411,0.0001639851398067549,262144,262140,63039,127908.62081830841,33608.46321406796,191662,34640,7439,28399,0,0
P2,F1,71,calibration,calibrated,143,USA_986268,USA,1.1710781219619135,0.4947641370872029,0.4947641186715064,0.8145910501480103,0.2791603207588196,3.2306648790836334e-05,262144,262123,9958,28143.40893770844,6994.714737303276,248338,4693,3827,5265,0,0
P2,F1,71,calibration,t1,143,USA_986268,USA,1.0,0.41978866513412205,0.4197886847969624,0.7636846303939819,0.25183072686195374,4.621911284630187e-05,262144,262123,9958,26237.26138225193,6800.602619398577,248338,4693,3827,5265,0,0
P2,F1,71,calibration,calibrated,144,USA_994009,USA,1.1710781219619135,0.8788948788056753,0.8788948800594554,0.7875036001205444,0.2556513547897339,7.667388672416564e-06,262144,262018,2027,22722.546383818255,4031.8503220878138,258565,1556,1426,471,0,0
P2,F1,71,calibration,t1,144,USA_994009,USA,1.0,0.8406753700005647,0.8406753616301923,0.7293604016304016,0.22595897316932678,9.411524843017105e-06,262144,262018,2027,18275.76465643222,3365.9093699633377,258565,1556,1426,471,0,0
P2,F1,71,test,calibrated,0,Bolivia_103757,BOL,1.1710781219619135,0.2660437079103949,0.2660437495923854,0.9908696413040161,0.4512244760990143,6.342062988551334e-05,101623,88077,29646,28437.058049903986,8898.652967683704,52483,232,12872,22490,0,0
P2,F1,71,test,t1,0,Bolivia_103757,BOL,1.0,0.23257157320617405,0.2325716043928182,0.9875307679176331,0.44301292300224304,8.30547432997264e-05,101623,88077,29646,28072.34437834856,8894.315434014166,52483,232,12872,22490,0,0
P2,F1,71,test,calibrated,1,Bolivia_129334,BOL,1.1710781219619135,0.38112465870281964,0.38112463536158736,0.9947841167449951,0.46314549446105957,4.2656600271584466e-05,261395,237065,58049,178030.69928235438,65343.94573953344,79771,1227,106799,49268,0,0
P2,F1,71,test,t1,1,Bolivia_129334,BOL,1.0,0.3476925635814103,0.34769257139794907,0.9928638339042664,0.4568980932235718,6.277762440731749e-05,261395,237065,58049,192711.58684268786,69253.00736783205,79771,1227,106799,49268,0,0
P2,F1,71,test,calibrated,2,Bolivia_195474,BOL,1.1710781219619135,0.6741896447710445,0.6741896595527382,0.627139687538147,0.18779705464839935,1.1108558283012826e-05,262144,261335,2924,14681.97447223098,3443.7328938683045,256947,2837,1465,86,0,0
P2,F1,71,test,t1,2,Bolivia_195474,BOL,1.0,0.590555146796687,0.5905551899119044,0.5540251731872559,0.16090942919254303,1.4442896826949436e-05,262144,261335,2924,13219.189617095128,3364.562864783073,256947,2837,1465,86,0,0
P2,F1,71,test,calibrated,3,Bolivia_23014,BOL,1.1710781219619135,0.30493967040098036,0.304939682434323,0.520430326461792,0.14967596530914307,0.0001350271049886942,193558,182995,8419,8815.532235637236,1837.9421094234658,173629,1586,947,6833,0,0
P2,F1,71,test,t1,3,Bolivia_23014,BOL,1.0,0.22221198762085015,0.22221201641359,0.44810566306114197,0.12639327347278595,0.0001880190393421799,193558,182995,8419,7264.287487034925,1793.8230471227234,173629,1586,947,6833,0,0
P2,F1,71,test,calibrated,4,Bolivia_233925,BOL,1.1710781219619135,0.8341287745858001,0.8341287702946781,0.2884058654308319,0.06571745872497559,0.0001393828570144251,197636,146294,661,3542.4417361800247,337.28265997305994,145848,445,1,0,0,0
P2,F1,71,test,t1,4,Bolivia_233925,BOL,1.0,0.7399048573471776,0.7399048317437039,0.21707060933113098,0.049887996166944504,0.00019091831927653402,197636,146294,661,2234.7074840442906,297.5259003757511,145848,445,1,0,0,0
P2,F1,71,test,calibrated,5,Bolivia_242570,BOL,1.1710781219619135,0.5983812916947898,0.5983813033677776,0.9591906666755676,0.3966497778892517,9.3545804702444e-06,262144,175507,13887,57895.6129676883,18113.013475089258,143048,5113,20273,7073,0,0
P2,F1,71,test,t1,5,Bolivia_242570,BOL,1.0,0.5454720138521554,0.5454719920257809,0.9450355768203735,0.38018354773521423,1.2297770808800124e-05,262144,175507,13887,59253.32263717737,18439.070609451333,143048,5113,20273,7073,0,0
P2,F1,71,test,calibrated,6,Bolivia_290290,BOL,1.1710781219619135,0.4437058723239502,0.4437058788906426,0.9231472611427307,0.3579813241958618,5.235394201008603e-05,262144,204633,13268,30537.421450497233,9096.503763114608,183033,1901,12172,7527,0,0
P2,F1,71,test,t1,6,Bolivia_290290,BOL,1.0,0.39026872985661354,0.39026868714150953,0.8980834484100342,0.33673930168151855,7.985490810824558e-05,262144,204633,13268,30870.69623911882,9263.154027465995,183033,1901,12172,7527,0,0
P2,F1,71,test,calibrated,7,Bolivia_294583,BOL,1.1710781219619135,0.1517557159629218,0.15175571779485775,0.8355472683906555,0.29476669430732727,0.00016625068383291364,262144,130472,39862,17290.137550816675,4820.402464698647,110067,5397,1078,13930,0,0
P2,F1,71,test,t1,7,Bolivia_294583,BOL,1.0,0.12071377428840802,0.12071379164294294,0.7898105382919312,0.2687113881111145,0.00026347252423875034,262144,130472,39862,17502.44116040764,4878.416636410425,110067,5397,1078,13930,0,0
P2,F1,71,test,calibrated,8,Bolivia_312675,BOL,1.1710781219619135,0.6413298603616394,0.6413298485817609,0.8108187317848206,0.27358317375183105,6.095886055845767e-05,253960,158008,4505,17853.789829277666,5361.195212935819,148083,350,7403,2172,0,0
P2,F1,71,test,t1,8,Bolivia_312675,BOL,1.0,0.5733704317736183,0.5733704206357325,0.7586742639541626,0.2454441636800766,8.052738849073648e-05,253960,158008,4505,17614.121616297463,5485.249778823282,148083,350,7403,2172,0,0
P2,F1,71,test,calibrated,9,Bolivia_314919,BOL,1.1710781219619135,0.15200967501133522,0.15200963284120295,0.9802707433700562,0.4293137788772583,3.789341644733213e-05,262144,188845,99863,64381.82406301853,21058.765613620766,100976,4191,26897,56781,0,0
P2,F1,71,test,t1,9,Bolivia_314919,BOL,1.0,0.13016112742415686,0.13016110077870868,0.9731956720352173,0.41764751076698303,5.427061842055991e-05,262144,188845,99863,67081.72245614558,21741.14856884809,100976,4191,26897,56781,0,0
P2,F1,71,test,calibrated,10,Bolivia_360519,BOL,1.1710781219619135,0.5480052021845391,0.5480051676168649,0.24721477925777435,0.05391580983996391,3.704537084558979e-05,250723,243678,1969,8360.868144109965,1700.088604266592,241415,1849,294,120,0,0
P2,F1,71,test,t1,10,Bolivia_360519,BOL,1.0,0.3997057704648449,0.39970571556487244,0.1818893551826477,0.03999751806259155,5.21826405019965e-05,250723,243678,1969,7394.986254276686,1728.1737023389335,241415,1849,294,120,0,0
P2,F1,71,test,calibrated,11,Bolivia_379434,BOL,1.1710781219619135,0.3944939588964754,0.3944939325467054,0.9232883453369141,0.35934945940971375,7.007888052612543e-05,262144,262144,17685,46586.701282952614,13293.90010249288,238670,12684,5789,5001,0,0
P2,F1,71,test,t1,11,Bolivia_379434,BOL,1.0,0.3415348640308905,0.3415348318937641,0.8983495235443115,0.3383670151233673,0.00010231998021481559,262144,262144,17685,47683.37776072811,13415.642819026503,238670,12684,5789,5001,0,0
P2,F1,71,test,calibrated,12,Bolivia_432776,BOL,1.1710781219619135,0.49121940886316573,0.4912194551598378,0.9764018058776855,0.421580970287323,0.00010712632501963526,210723,155397,20754,113733.32318648606,40448.623417331044,82672,580,59509,12636,0,0
P2,F1,71,test,t1,12,Bolivia_432776,BOL,1.0,0.44066569879652107,0.4406656605568269,0.9679846167564392,0.4087114930152893,0.00014682702021673322,210723,155397,20754,125113.20359863588,42956.45453864434,82672,580,59509,12636,0,0
P2,F1,71,test,calibrated,13,Bolivia_60373,BOL,1.1710781219619135,0.3389867812125704,0.33898677933742805,0.8287206292152405,0.2909621298313141,0.00012221207725815475,221330,199019,14154,14462.291493047513,3520.7438197741094,185021,1518,3548,8932,0,0
P2,F1,71,test,t1,13,Bolivia_60373,BOL,1.0,0.2760922968208517,0.2760922703182723,0.7816093564033508,0.2647770941257477,0.00016205788415390998,221330,199019,14154,12573.23964697946,3411.4791596796495,185021,1518,3548,8932,0,0
P2,F1,71,test,calibrated,14,Bolivia_76104,BOL,1.1710781219619135,0.9999999999702167,1.0,0.19512709975242615,0.03081636130809784,1.4916215604898753e-06,262144,190965,0,2431.328682010572,43.30073987120757,190960,0,5,0,0,0
P2,F1,71,test,t1,14,Bolivia_76104,BOL,1.0,0.9999999999398609,1.0,0.12513761222362518,0.01763213984668255,1.1268172102063545e-06,262144,190965,0,1199.6383392532052,15.238032209434316,190960,0,5,0,0,0
P2,F1,71,test,calibrated,15,Mekong_1111068,KHM,1.1710781219619135,0.8351154906163398,0.8351155069620291,0.9106865525245667,0.33931824564933777,1.0133882824447937e-05,262144,262098,3697,39671.87391102354,9872.097504570187,252281,2368,6120,1329,0,0
P2,F1,71,test,t1,15,Mekong_1111068,KHM,1.0,0.8000380119366828,0.8000380377250518,0.8813379406929016,0.31533369421958923,1.299937048315769e-05,262144,262098,3697,35943.95637254459,9045.514092164889,252281,2368,6120,1329,0,0
P2,F1,71,test,calibrated,16,Mekong_1149855,KHM,1.1710781219619135,0.22648855575520688,0.22648852354206894,0.8842034935951233,0.3275218904018402,0.00010215590009465814,262144,224775,29818,35554.805769492,10911.403972764914,195822,11693,3932,13328,0,0
P2,F1,71,test,t1,16,Mekong_1149855,KHM,1.0,0.1861002173801285,0.1861001674058156,0.8490630388259888,0.3035598397254944,0.00015452566731255502,262144,224775,29818,36688.153530883435,11238.110404003215,195822,11693,3932,13328,0,0
P2,F1,71,test,calibrated,17,Mekong_1191208,KHM,1.1710781219619135,0.15283420610762943,0.15283416282684703,0.4426940679550171,0.11368107795715332,0.0001259442651644349,262144,202312,18746,12321.81588311152,2573.3449558766793,185677,1370,1631,13634,0,0
P2,F1,71,test,t1,17,Mekong_1191208,KHM,1.0,0.10286255936993527,0.10286261579569922,0.36312055587768555,0.09107950329780579,0.00019547122064977884,262144,202312,18746,11667.412166954342,2552.547651452034,185677,1370,1631,13634,0,0
P2,F1,71,test,calibrated,18,Mekong_119477,KHM,1.1710781219619135,0.8277877148978168,0.8277877136337456,0.5421370267868042,0.1581822633743286,5.729156782763312e-06,262144,260952,1179,10554.854779308487,2342.6844374912407,257405,551,2368,628,0,0
P2,F1,71,test,t1,18,Mekong_119477,KHM,1.0,0.7676434858820533,0.7676435061126939,0.4699767529964447,0.13441096246242523,6.6799116211768705e-06,262144,260952,1179,8945.950473610974,2267.3327949874424,257405,551,2368,628,0,0
P2,F1,71,test,calibrated,19,Mekong_1248200,KHM,1.1710781219619135,0.11005204265833923,0.11005197561782587,0.9874681830406189,0.4429161548614502,3.581090641091578e-05,262144,260988,178431,88989.16276772504,27283.414026935458,50993,5407,32662,171926,0,0
P2,F1,71,test,t1,19,Mekong_1248200,KHM,1.0,0.09468425398182723,0.09468419199889411,0.9829116463661194,0.4333632290363312,5.139945278642699e-05,262144,260988,178431,90378.77896214991,27400.532874060416,50993,5407,32662,171926,0,0
P2,F1,71,test,calibrated,20,Mekong_1282475,KHM,1.1710781219619135,0.1410762674343582,0.1410763028448042,0.6820015907287598,0.21904343366622925,5.668006633641198e-05,262144,262144,30382,16983.112402318016,4557.543779046844,230377,5216,1385,25166,0,0
P2,F1,71,test,t1,20,Mekong_1282475,KHM,1.0,0.10717518557613481,0.1071751400148595,0.6178362965583801,0.1931251883506775,8.609566430095583e-05,262144,262144,30382,15703.665214138706,4581.941853442582,230377,5216,1385,25166,0,0
P2,F1,71,test,calibrated,21,Mekong_1395593,KHM,1.1710781219619135,0.15628964519232835,0.15628966498397667,0.5821919441223145,0.1747678518295288,4.538299617706798e-05,262144,261728,22936,18094.5243361382,4711.168404504768,237679,5174,1113,17762,0,0
P2,F1,71,test,t1,21,Mekong_1395593,KHM,1.0,0.11455064221375966,0.11455062724471621,0.511756420135498,0.1501706838607788,6.834481609985232e-05,262144,261728,22936,17411.389803828497,4771.6404406218335,237679,5174,1113,17762,0,0
P2,F1,71,test,calibrated,22,Mekong_1396181,KHM,1.1710781219619135,0.1821550175729325,0.18215506314786256,0.993596613407135,0.45911845564842224,3.368114266777411e-05,262144,243062,126037,88840.71220783604,29482.242516551727,89323,8732,37513,107494,0,0
P2,F1,71,test,t1,22,Mekong_1396181,KHM,1.0,0.16190370806222287,0.16190370430555268,0.9912437796592712,0.4522024095058441,4.7502166125923395e-05,262144,243062,126037,89463.47256975435,29851.018248219327,89323,8732,37513,107494,0,0
P2,F1,71,test,calibrated,23,Mekong_1413877,KHM,1.1710781219619135,0.6100916464005982,0.6100916390481437,0.4330574572086334,0.11955543607473373,1.0676907550077885e-05,262144,256968,2676,9008.516152612585,1997.3480400483784,252980,1476,1467,1045,0,0
P2,F1,71,test,t1,23,Mekong_1413877,KHM,1.0,0.5035945651289475,0.5035945744636092,0.3620327413082123,0.09942685812711716,1.3872542695025913e-05,262144,256968,2676,7605.2433582659205,1985.969351314779,252980,1476,1467,1045,0,0
P2,F1,71,test,calibrated,24,Mekong_1439641,KHM,1.1710781219619135,0.06177488889504279,0.06177487301394902,0.9456202983856201,0.3810330331325531,7.890897541074082e-05,262144,262083,179378,54025.08336910693,16419.622308032594,61730,2551,20975,176827,0,0
P2,F1,71,test,t1,24,Mekong_1439641,KHM,1.0,0.050313276630004955,0.050313279312230286,0.9272122979164124,0.3625400960445404,0.0001237754913745448,262144,262083,179378,54296.6651813406,16675.714507471905,61730,2551,20975,176827,0,0
P2,F1,71,test,calibrated,25,Mekong_1443339,KHM,1.1710781219619135,0.10672061692268331,0.10672065770043393,0.9878174066543579,0.4437987208366394,6.662492523901165e-05,262144,262135,160633,81579.95965711732,26296.03459005939,65433,3919,36069,156714,0,0
P2,F1,71,test,t1,25,Mekong_1443339,KHM,1.0,0.09236362846093193,0.09236361446227848,0.983386754989624,0.43438929319381714,0.00010092171578435227,262144,262135,160633,83024.30294293602,26743.821949020356,65433,3919,36069,156714,0,0
P2,F1,71,test,calibrated,26,Mekong_16233,KHM,1.1710781219619135,0.06347782478864827,0.06347781446994871,0.5804668068885803,0.17525450885295868,4.7241439460776746e-05,262144,262132,63512,14383.016293451808,3329.5240454707323,197008,2913,1612,60599,0,0
P2,F1,71,test,t1,26,Mekong_16233,KHM,1.0,0.0450431641458886,0.04504314668858278,0.5098459124565125,0.1509450525045395,7.15025162207894e-05,262144,262132,63512,12694.967171141718,3287.07537207348,197008,2913,1612,60599,0,0
P2,F1,71,test,calibrated,27,Mekong_213094,KHM,1.1710781219619135,0.9583316475346236,0.9583316503590323,0.23901568353176117,0.04511187598109245,7.85744941822486e-06,261386,229843,132,3578.728752924646,209.80069654882323,229700,32,104,7,0,0
P2,F1,71,test,t1,27,Mekong_213094,KHM,1.0,0.9227000841509775,0.9227000866094934,0.1676105558872223,0.030127737671136856,8.232264008256607e-06,261386,229843,132,2106.0260951652826,159.4933395493587,229700,32,104,7,0,0
P2,F1,71,test,calibrated,28,Mekong_221789,KHM,1.1710781219619135,0.9999999999639758,1.0,0.13179974257946014,0.01846359483897686,1.3934273965787725e-06,262144,215327,0,2306.4782332764075,27.688893170976026,215327,0,0,0,0,0
P2,F1,71,test,t1,28,Mekong_221789,KHM,1.0,0.9999999999230919,1.0,0.07687900215387344,0.009517546743154526,1.0263808007948683e-06,262144,215327,0,1078.7833851786995,6.477483236716894,215327,0,0,0,0,0
P2,F1,71,test,calibrated,29,Mekong_254910,KHM,1.1710781219619135,0.3361269767495889,0.3361269578640038,0.8308122158050537,0.29021650552749634,3.2238196581602097e-05,262144,205495,15704,35745.684801160634,8715.950197941254,195350,10010,128,7,0,0
P2,F1,71,test,t1,29,Mekong_254910,KHM,1.0,0.27759786232538275,0.27759793294282176,0.78366619348526,0.2636415958404541,4.6111916162772104e-05,262144,205495,15704,37317.110362540254,8679.5929969907,195350,10010,128,7,0,0
P2,F1,71,test,calibrated,30,Mekong_269835,KHM,1.1710781219619135,0.7025402391572544,0.7025402341572429,0.1560531109571457,0.026285294443368912,1.28858509924612e-05,262144,212236,743,3242.4949622441386,310.9677398852447,211431,322,62,421,0,0
P2,F1,71,test,t1,30,Mekong_269835,KHM,1.0,0.5342900716556596,0.5342900572312186,0.09944614768028259,0.01637403853237629,1.9191369574400596e-05,262144,212236,743,2097.045660476899,296.85211581659826,211431,322,62,421,0,0
P2,F1,71,test,calibrated,31,Mekong_293769,KHM,1.1710781219619135,0.12127561682260146,0.1212756614368824,0.6516507267951965,0.20580703020095825,4.321794040151872e-05,261430,230540,35790,14134.108779056543,3525.2103369125707,196305,3815,1387,29033,0,0
P2,F1,71,test,t1,31,Mekong_293769,KHM,1.0,0.09035673904303787,0.09035677542445897,0.5846472382545471,0.18032649159431458,6.252494495129213e-05,261430,230540,35790,12592.901956478952,3505.464986732966,196305,3815,1387,29033,0,0
P2,F1,71,test,calibrated,32,Mekong_333434,KHM,1.1710781219619135,0.6530773643082496,0.6530773878288558,0.7424020767211914,0.23880359530448914,1.9166714992024936e-05,262144,203133,3957,13599.058924605255,3335.901407009022,198185,1664,2529,755,0,0
P2,F1,71,test,t1,32,Mekong_333434,KHM,1.0,0.5776854006861201,0.5776854015747674,0.6799992322921753,0.21042762696743011,2.5675661163404584e-05,262144,203133,3957,12336.246977403604,3255.3264713168187,198185,1664,2529,755,0,0
P2,F1,71,test,calibrated,33,Mekong_342411,KHM,1.1710781219619135,0.14800339557687492,0.1480034134831647,0.7417144179344177,0.24509857594966888,3.674519030028023e-05,262144,262141,33524,26234.95450103518,7278.8526036474605,225888,7339,2729,26185,0,0
P2,F1,71,test,t1,33,Mekong_342411,KHM,1.0,0.11355879636684518,0.11355872767599517,0.6820307970046997,0.21828801929950714,5.500748011399992e-05,262144,262141,33524,25943.656497607553,7397.542895283568,225888,7339,2729,26185,0,0
P2,F1,71,test,calibrated,34,Mekong_382276,KHM,1.1710781219619135,0.14988348191585943,0.14988353180643343,0.21839873492717743,0.044797785580158234,3.0283317755674943e-05,262144,262111,10967,6965.297302872448,1098.8585795099218,251068,1235,76,9732,0,0
P2,F1,71,test,t1,34,Mekong_382276,KHM,1.0,0.08701899636267574,0.08701898944502862,0.1555691361427307,0.03205767273902893,4.574243939714506e-05,262144,262111,10967,5773.244811532399,1086.655256855542,251068,1235,76,9732,0,0
P2,F1,71,test,calibrated,35,Mekong_424793,KHM,1.1710781219619135,0.37901084242555483,0.37901081929142644,0.41353023052215576,0.10138175636529922,1.613960921531543e-05,262144,258487,5216,13018.035112728761,2972.1050462491125,251996,2488,1275,2728,0,0
P2,F1,71,test,t1,35,Mekong_424793,KHM,1.0,0.27296817427835673,0.27296815021287435,0.33246248960494995,0.07930359244346619,2.2299349438981153e-05,262144,258487,5216,12143.451805777599,3002.4872225595986,251996,2488,1275,2728,0,0
P2,F1,71,test,calibrated,36,Mekong_45934,KHM,1.1710781219619135,0.986064683392989,0.9860646821385186,0.1617225557565689,0.026265431195497513,3.1908323308016406e-06,262144,261859,37,3865.8561256470975,295.22162973223936,261543,20,279,17,0,0
P2,F1,71,test,t1,36,Mekong_45934,KHM,1.0,0.9715062713202598,0.9715062731688187,0.10216635465621948,0.01574961468577385,3.3460119084338658e-06,262144,261859,37,2460.404544782903,269.76206759132356,261543,20,279,17,0,0
P2,F1,71,test,calibrated,37,Mekong_474783,KHM,1.1710781219619135,0.8968691977128149,0.8968691985415314,0.6479249596595764,0.1870879977941513,1.1299764992145356e-05,262144,262119,868,18667.570533428938,4585.34257112768,256025,314,5226,554,0,0
P2,F1,71,test,t1,37,Mekong_474783,KHM,1.0,0.8581272957313159,0.8581273007675948,0.5711029767990112,0.15754567086696625,1.3892775314161554e-05,262144,262119,868,17551.175390615732,4545.356344223948,256025,314,5226,554,0,0
P2,F1,71,test,calibrated,38,Mekong_52610,KHM,1.1710781219619135,0.10843399022159883,0.10843407714307662,0.9894900321960449,0.44801512360572815,2.716007838898804e-05,262144,262144,175198,85477.38387643684,27891.697486042667,48083,3388,38863,171810,0,0
P2,F1,71,test,t1,38,Mekong_52610,KHM,1.0,0.09383714240704999,0.09383724049688635,0.9856576919555664,0.4392875134944916,3.7858495488762856e-05,262144,262144,175198,86595.36144993178,28369.506610639943,48083,3388,38863,171810,0,0
P2,F1,71,test,calibrated,39,Mekong_596495,KHM,1.1710781219619135,0.04714609264053149,0.047146118914344504,0.9223765134811401,0.3589194715023041,5.370464350562543e-05,262143,229483,187703,42875.5764670044,13161.468820235372,50908,1432,17073,160070,0,0
P2,F1,71,test,t1,39,Mekong_596495,KHM,1.0,0.03798237219284173,0.03798233643760984,0.8972440958023071,0.33793535828590393,8.20662098703906e-05,262143,229483,187703,43537.413567754,13440.365275757065,50908,1432,17073,160070,0,0
P2,F1,71,test,calibrated,40,Mekong_774566,KHM,1.1710781219619135,0.06776404376176359,0.06776394665277885,0.7568101286888123,0.24491629004478455,0.00010410839604446664,262144,227728,92802,38878.544352506935,10672.057139282042,149086,1599,11866,65177,0,0
P2,F1,71,test,t1,40,Mekong_774566,KHM,1.0,0.05057004434025536,0.05057011508493159,0.6955363154411316,0.2162550389766693,0.00016356256674043834,262144,227728,92802,39866.40103642909,10850.504869241631,149086,1599,11866,65177,0,0
P2,F1,71,test,calibrated,41,Mekong_846007,KHM,1.1710781219619135,0.15863065768593365,0.15863065284664424,0.7274557948112488,0.2312009036540985,4.8368077841587365e-05,262144,164030,30297,12305.552820863522,2836.942888940541,153791,2704,423,7112,0,0
P2,F1,71,test,t1,41,Mekong_846007,KHM,1.0,0.12052440204082127,0.12052442413357678,0.662983238697052,0.20277716219425201,7.173375342972577e-05,262144,164030,30297,11327.845279256619,2753.5371755210044,153791,2704,423,7112,0,0
P2,F1,71,test,calibrated,42,Mekong_922373,KHM,1.1710781219619135,0.1487056151588032,0.1487055957874095,0.9816100597381592,0.4314529597759247,8.05173403932713e-05,262144,262138,100021,101871.3960535586,31958.874634197455,129995,12378,32122,87643,0,0
P2,F1,71,test,t1,42,Mekong_922373,KHM,1.0,0.12792679675597673,0.12792679505466764,0.9749968647956848,0.4201081395149231,0.00012171025446150452,262144,262138,100021,108181.4013438201,32801.3616244636,129995,12378,32122,87643,0,0
P2,F1,71,test,calibrated,43,Mekong_977338,KHM,1.1710781219619135,0.04366149097166272,0.04366145652959441,0.6208942532539368,0.18371683359146118,0.00011508962779771537,262144,176958,102590,15710.207531070184,3700.013833422343,108342,3049,1315,64252,0,0
P2,F1,71,test,t1,43,Mekong_977338,KHM,1.0,0.030583164232430904,0.030583084750702483,0.546809732913971,0.15662842988967896,0.00018280676158610731,262144,176958,102590,15523.222690597684,3710.436116953135,108342,3049,1315,64252,0,0
P2,F1,71,test,calibrated,44,Mekong_98310,KHM,1.1710781219619135,0.052579740257945096,0.05257981150627733,0.6486109495162964,0.19244135916233063,8.43246525619179e-05,262144,182771,97729,20063.772714551378,5168.260896204013,95727,1377,5097,80570,0,0
P2,F1,71,test,t1,44,Mekong_98310,KHM,1.0,0.03716453034887024,0.03716455384813455,0.5744348764419556,0.16411757469177246,0.0001300971780437976,262144,182771,97729,19782.21349017927,5208.760547647734,95727,1377,5097,80570,0,0
P2,F1,71,test,calibrated,45,Nigeria_1095404,NGA,1.1710781219619135,0.1776693361978372,0.17766932568836225,0.9430474042892456,0.3785800039768219,5.307865285431035e-05,262144,252283,55765,49568.08813995057,14527.296653429506,193262,12930,6971,39120,0,0
P2,F1,71,test,t1,45,Nigeria_1095404,NGA,1.0,0.14733373357848778,0.14733366525809266,0.9238605499267578,0.3598007261753082,7.873732101870701e-05,262144,252283,55765,50221.763042568484,14675.482469677121,193262,12930,6971,39120,0,0
P2,F1,71,test,calibrated,46,Nigeria_143329,NGA,1.1710781219619135,0.7390912393377029,0.7390912418484641,0.503643274307251,0.12733247876167297,1.689340570010245e-05,262144,249500,1766,12298.5024875913,2320.7411011780487,246104,619,2087,690,0,0
P2,F1,71,test,t1,46,Nigeria_143329,NGA,1.0,0.6403296159377887,0.6403296318190872,0.41668832302093506,0.10069480538368225,2.3020564185571857e-05,262144,249500,1766,10704.680847068721,2231.919303471699,246104,619,2087,690,0,0
P2,F1,71,test,calibrated,47,Nigeria_22088,NGA,1.1710781219619135,0.9732571558552492,0.9732571571040056,0.3703381419181824,0.0788440927863121,0.00011893031478393823,209501,209501,146,6888.53752259186,497.1013932873125,209198,133,157,13,0,0
P2,F1,71,test,t1,47,Nigeria_22088,NGA,1.0,0.9546169815004077,0.9546169797779535,0.2815181612968445,0.05654600262641907,0.00015502232417929918,209501,209501,146,4384.224689657546,355.67215988143647,209198,133,157,13,0,0
P2,F1,71,test,calibrated,48,Nigeria_225131,NGA,1.1710781219619135,0.9635319227508734,0.9635319206404415,0.3124936819076538,0.06313232332468033,4.952199560648296e-06,262144,241255,139,7536.721035361763,1160.3614179862313,239985,139,1131,0,0,0
P2,F1,71,test,t1,48,Nigeria_225131,NGA,1.0,0.9352615071588666,0.9352615058821192,0.23026636242866516,0.0439029261469841,5.463867637445219e-06,262144,241255,139,6214.167511639304,1118.9373889329029,239985,139,1131,0,0,0
P2,F1,71,test,calibrated,49,Nigeria_31096,NGA,1.1710781219619135,0.6781225532704698,0.6781225917181919,0.4315732717514038,0.1162017211318016,2.2012574845575728e-05,262144,217487,1999,6835.84517842125,1375.3698128147662,215374,1297,607,209,0,0
P2,F1,71,test,t1,49,Nigeria_31096,NGA,1.0,0.575207834651551,0.5752078341250504,0.3577207922935486,0.09548065811395645,3.0098928618826903e-05,262144,217487,1999,5581.132353787776,1344.7802365227017,215374,1297,607,209,0,0
P2,F1,71,test,calibrated,50,Nigeria_35845,NGA,1.1710781219619135,0.8480221512391678,0.848022158908891,0.17917411029338837,0.03537542372941971,1.3908776963944547e-05,262144,213042,435,3080.8867746978895,300.42978461304585,212566,190,187,99,0,0
P2,F1,71,test,t1,50,Nigeria_35845,NGA,1.0,0.740507271823204,0.7405072686380849,0.12306400388479233,0.024895042181015015,1.860438715084456e-05,262144,213042,435,1951.9559811490933,287.5581801202415,212566,190,187,99,0,0
P2,F1,71,test,calibrated,51,Nigeria_417184,NGA,1.1710781219619135,0.3640442345760251,0.36404422276086246,0.9857426285743713,0.43920567631721497,0.00010639060928951949,156380,50135,25935,7482.244937536343,1974.1501686304814,46567,2184,382,1002,0,0
P2,F1,71,test,t1,51,Nigeria_417184,NGA,1.0,0.32131577387860344,0.32131580454328845,0.9805755615234375,0.4290643334388733,0.00014366477262228727,156380,50135,25935,6850.008590278183,1896.5472024527976,46567,2184,382,1002,0,0
P2,F1,71,test,calibrated,52,Nigeria_439488,NGA,1.1710781219619135,0.9693221416263611,0.9693221415852687,0.47787630558013916,0.10691235214471817,3.871824901580112e-06,262144,229200,189,13438.664638830774,1939.3096273855936,227543,189,1468,0,0,0
P2,F1,71,test,t1,52,Nigeria_439488,NGA,1.0,0.9500089087407453,0.9500089079432225,0.38207417726516724,0.07843104749917984,4.099757006770233e-06,262144,229200,189,11791.494892227307,1752.0160116091686,227543,189,1468,0,0,0
P2,F1,71,test,calibrated,53,Nigeria_529525,NGA,1.1710781219619135,0.18493140900480276,0.1849314201008927,0.9928044080734253,0.45683613419532776,5.0022619689116254e-05,262144,262144,123789,208401.11840571958,68784.77377137767,37496,997,100859,122792,0,0
P2,F1,71,test,t1,53,Nigeria_529525,NGA,1.0,0.16335547015943397,0.163355487351747,0.9901646971702576,0.4495452344417572,7.376958092208952e-05,262144,262144,123789,227566.90249755298,71805.27752587036,37496,997,100859,122792,0,0
P2,F1,71,test,calibrated,54,Nigeria_598959,NGA,1.1710781219619135,0.9579397979330139,0.9579397958754748,0.5562610626220703,0.1354605108499527,6.336230853776215e-06,262144,211208,283,146945.20143423404,40848.43283256021,164582,98,46343,185,0,0
P2,F1,71,test,t1,54,Nigeria_598959,NGA,1.0,0.9347575038809846,0.9347574971482684,0.463986873626709,0.104424387216568,7.371803803835064e-06,262144,211208,283,168082.99684044646,42415.99988658131,164582,98,46343,185,0,0
P2,F1,71,test,calibrated,55,Nigeria_600295,NGA,1.1710781219619135,0.05818052645031746,0.058180494460476684,0.8075935244560242,0.2749311327934265,5.4444790293928236e-05,262144,181691,119263,24951.345606920753,6311.905089400847,93868,4162,3502,80159,0,0
P2,F1,71,test,t1,55,Nigeria_600295,NGA,1.0,0.04368534684147296,0.043685358027725885,0.7557907700538635,0.2474731206893921,8.260137110482901e-05,262144,181691,119263,25022.725606985827,6299.960649700596,93868,4162,3502,80159,0,0
P2,F1,71,test,calibrated,56,Nigeria_707067,NGA,1.1710781219619135,0.8556027084040607,0.855602711635012,0.44085291028022766,0.10975504666566849,1.2967008842679206e-05,262144,261359,798,17472.67242579023,3697.6506303175593,257020,583,3555,201,0,0
P2,F1,71,test,t1,56,Nigeria_707067,NGA,1.0,0.785748436293195,0.7857484331641453,0.358065664768219,0.0864398255944252,1.647872522880789e-05,262144,261359,798,17144.38814202451,3680.58212481742,257020,583,3555,201,0,0
P2,F1,71,test,calibrated,57,Nigeria_78061,NGA,1.1710781219619135,0.18626876702159534,0.18626884050784187,0.5545068383216858,0.16345277428627014,0.00022665596043225378,262144,228886,17985,20349.486533729563,5204.656967334047,216806,6586,249,5245,0,0
P2,F1,71,test,t1,57,Nigeria_78061,NGA,1.0,0.13619171055706947,0.13619173125043116,0.48274466395378113,0.13942767679691315,0.00035748499794863164,262144,228886,17985,20837.46686482891,5339.469601614294,216806,6586,249,5245,0,0
P2,F1,71,test,calibrated,58,Nigeria_812045,NGA,1.1710781219619135,0.08838870154229683,0.08838870398557208,0.9609904885292053,0.3999048173427582,3.918150468962267e-05,261565,236584,138212,39114.2964515906,11134.105140391588,111113,5888,8655,110928,0,0
P2,F1,71,test,t1,58,Nigeria_812045,NGA,1.0,0.0729044396427122,0.07290441240038936,0.9474520683288574,0.3839349150657654,5.82939428568352e-05,261565,236584,138212,37517.192894463675,10939.585364991366,111113,5888,8655,110928,0,0
P2,F1,71,test,calibrated,59,Nigeria_81933,NGA,1.1710781219619135,0.1817962896143136,0.1817962849819159,0.9799492359161377,0.4279135465621948,0.00011864619591506198,262144,246268,88932,219508.37783686208,70990.94081397288,65868,2450,94699,83251,0,0
P2,F1,71,test,t1,59,Nigeria_81933,NGA,1.0,0.15695507684999366,0.15695505556934508,0.9727540016174316,0.41601094603538513,0.0001859885232988745,262144,246268,88932,244688.04335371015,74381.8766979676,65868,2450,94699,83251,0,0
P2,F1,71,test,calibrated,60,Nigeria_820924,NGA,1.1710781219619135,0.8976478960401606,0.8976478950322717,0.3384804129600525,0.06861142069101334,5.645901183015667e-06,262144,262143,393,7886.916289799403,1153.938731831111,260717,250,1033,143,0,0
P2,F1,71,test,t1,60,Nigeria_820924,NGA,1.0,0.827971231708871,0.8279712565450557,0.2515246570110321,0.04763120412826538,6.7730593400483485e-06,262144,262143,393,6253.065133695554,1101.3779080200534,260717,250,1033,143,0,0
P2,F1,71,test,calibrated,61,Nigeria_952958,NGA,1.1710781219619135,0.21268353205617696,0.21268356418759282,0.5451294779777527,0.1519227772951126,0.00017275397840421647,262144,227674,14928,21063.484756873648,4886.1393301726885,213439,4500,1423,8312,0,0
P2,F1,71,test,t1,61,Nigeria_952958,NGA,1.0,0.1537324454939717,0.15373242478729243,0.46661025285720825,0.1262509822845459,0.00027211185079067945,262144,227674,14928,21113.187040154822,4903.516893199537,213439,4500,1423,8312,0,0
P2,F1,71,test,calibrated,62,Nigeria_984831,NGA,1.1710781219619135,0.14158650973414266,0.1415864484859417,0.9857600927352905,0.43895044922828674,3.0453236831817776e-05,262144,240158,140230,180985.93559406558,60998.27869477178,17494,984,88141,133539,0,0
P2,F1,71,test,t1,62,Nigeria_984831,NGA,1.0,0.12265289332677998,0.12265295056384418,0.980596125125885,0.42876237630844116,4.279947097529657e-05,262144,240158,140230,198295.86544784036,63963.33027135711,17494,984,88141,133539,0,0
P2,F1,71,test,calibrated,63,Spain_1167260,ESP,1.1710781219619135,0.2614823060969157,0.2614823041963813,0.9736373424530029,0.41715285181999207,7.959410868352279e-05,262144,262119,54244,82996.32609332823,24394.14584788229,197425,22175,10451,32068,0,0
P2,F1,71,test,t1,63,Spain_1167260,ESP,1.0,0.22448429313626217,0.22448432444274202,0.9642781019210815,0.40362295508384705,0.00011935699149034917,262144,262119,54244,84806.33476298032,24528.34129997706,197425,22175,10451,32068,0,0
P2,F1,71,test,calibrated,64,Spain_1199913,ESP,1.1710781219619135,0.4552970138110023,0.4552970709644272,0.9095536470413208,0.3427569270133972,6.146944360807538e-05,262144,262143,15581,39089.642968666776,9347.630211089934,244521,7532,2041,8049,0,0
P2,F1,71,test,t1,64,Spain_1199913,ESP,1.0,0.39703795554893306,0.3970379573014693,0.8803277015686035,0.3195843994617462,9.209279232891276e-05,262144,262143,15581,36401.96095876235,8758.964195812878,244521,7532,2041,8049,0,0
P2,F1,71,test,calibrated,65,Spain_2472849,ESP,1.1710781219619135,0.7924064967371437,0.7924064966435185,0.7460775971412659,0.22830764949321747,1.8680168068385683e-05,262144,261759,2548,18921.0804518818,3338.9950179011275,259191,2548,20,0,0,0
P2,F1,71,test,t1,65,Spain_2472849,ESP,1.0,0.7282914514354024,0.7282914545646056,0.6796671152114868,0.1970278024673462,2.4471637516398914e-05,262144,261759,2548,15147.869188731594,2853.2086003938675,259191,2548,20,0,0,0
P2,F1,71,test,calibrated,66,Spain_2523247,ESP,1.1710781219619135,0.6104990104026071,0.6104990182871317,0.9024755954742432,0.3355989456176758,3.995453880634159e-05,262144,262039,10105,45803.52179412461,10838.981559908847,250424,9186,1510,919,0,0
P2,F1,71,test,t1,66,Spain_2523247,ESP,1.0,0.5469826660233266,0.5469826416063156,0.8711531758308411,0.31157785654067993,5.863406477146782e-05,262144,262039,10105,43035.445087180706,10152.500890554478,250424,9186,1510,919,0,0
P2,F1,71,test,calibrated,67,Spain_2594119,ESP,1.1710781219619135,0.5393729577743172,0.5393728832668072,0.9415507912635803,0.37796902656555176,3.176313475705683e-05,262144,262009,13494,33160.66547138197,8905.829350676426,247676,11456,843,2034,0,0
P2,F1,71,test,t1,67,Spain_2594119,ESP,1.0,0.4814156816918863,0.4814156780271056,0.921977162361145,0.35918986797332764,4.569971133605577e-05,262144,262009,13494,30178.717557628333,8554.405311511644,247676,11456,843,2034,0,0
P2,F1,71,test,calibrated,68,Spain_2938657,ESP,1.1710781219619135,0.304902070107704,0.30490211268935985,0.7080816626548767,0.21673862636089325,9.795310324989259e-05,262144,262074,15238,24786.358417033392,5271.037889920934,246649,5653,187,9585,0,0
P2,F1,71,test,t1,68,Spain_2938657,ESP,1.0,0.23629409363993747,0.23629414835474172,0.638944685459137,0.18715780973434448,0.0001485748216509819,262144,262074,15238,22975.266810626345,5064.785772896979,246649,5653,187,9585,0,0
P2,F1,71,test,calibrated,69,Spain_3285448,ESP,1.1710781219619135,0.10945570166783658,0.10945563438407124,0.7545137405395508,0.2407856434583664,3.635860048234463e-05,262144,262136,62541,30226.335644666513,7236.659874984532,198559,7188,1036,55353,0,0
P2,F1,71,test,t1,69,Spain_3285448,ESP,1.0,0.08151589926080494,0.08151587998917598,0.6920138597488403,0.21143542230129242,5.213582335272804e-05,262144,262136,62541,28234.77008661259,7061.058217457692,198559,7188,1036,55353,0,0
P2,F1,71,test,calibrated,70,Spain_337094,ESP,1.1710781219619135,0.3406972254102101,0.34069723106848115,0.981286346912384,0.4308783710002899,4.897312101093121e-05,262144,262056,40244,67840.34100979244,20241.94212410901,214905,21076,6907,19168,0,0
P2,F1,71,test,t1,70,Spain_337094,ESP,1.0,0.29837878970622733,0.298378792699748,0.9745626449584961,0.4194466173648834,7.070885476423427e-05,262144,262056,40244,67483.91930816292,20215.52904269052,214905,21076,6907,19168,0,0
P2,F1,71,test,calibrated,71,Spain_4282030,ESP,1.1710781219619135,0.15030960214240174,0.15030962316464247,0.9684990644454956,0.40925392508506775,0.00011684799392241985,262144,262123,100659,88763.63686320363,26410.88966091201,145537,18455,15941,82190,0,0
P2,F1,71,test,t1,71,Spain_4282030,ESP,1.0,0.1266940479768448,0.12669402302130195,0.9574026465415955,0.3945605158805847,0.00017984086298383772,262144,262123,100659,91738.89687672425,26624.06461624102,145537,18455,15941,82190,0,0
P2,F1,71,test,calibrated,72,Spain_4915752,ESP,1.1710781219619135,0.4116297988271722,0.4116298088442252,0.8934503197669983,0.3304222524166107,6.257970380829647e-05,262144,262128,17519,40575.98388788261,9634.312620999026,244365,10099,244,7420,0,0
P2,F1,71,test,t1,72,Spain_4915752,ESP,1.0,0.3510627877294954,0.35106278066075713,0.8599693179130554,0.3061608672142029,9.227570990333334e-05,262144,262128,17519,38477.47040955388,9135.52255394082,244365,10099,244,7420,0,0
P2,F1,71,test,calibrated,73,Spain_5650136,ESP,1.1710781219619135,0.08494812163383902,0.08494811645227407,0.8987067341804504,0.33613550662994385,6.260149530135095e-05,262144,171596,110190,42424.664465893875,12623.321120902332,56053,11336,5678,98529,0,0
P2,F1,71,test,t1,73,Spain_5650136,ESP,1.0,0.06722261543745789,0.06722263725545319,0.8668728470802307,0.3125964105129242,9.3439310148824e-05,262144,171596,110190,44152.105813690185,12846.034893006163,56053,11336,5678,98529,0,0
P2,F1,71,test,calibrated,74,Spain_5678382,ESP,1.1710781219619135,0.5490934688035729,0.5490934551634533,0.9257388114929199,0.35984504222869873,3.0431587219936773e-05,262144,262117,13573,52188.7443597087,13428.904207742446,245435,13112,3112,458,0,0
P2,F1,71,test,t1,74,Spain_5678382,ESP,1.0,0.48778839377137395,0.4877884214781534,0.9013047218322754,0.3387414515018463,4.289641947252676e-05,262144,262117,13573,51027.82717209055,13065.993799872384,245435,13112,3112,458,0,0
P2,F1,71,test,calibrated,75,Spain_5816638,ESP,1.1710781219619135,0.8201309349645035,0.8201309392560647,0.812057614326477,0.268415242433548,1.897582296805922e-05,262144,262052,2529,19932.056480243424,3668.9564902228576,259373,2300,150,229,0,0
P2,F1,71,test,t1,75,Spain_5816638,ESP,1.0,0.7692305485986825,0.7692305582238347,0.7586028575897217,0.23895639181137085,2.4381619368796237e-05,262144,262052,2529,16018.731634053594,3085.602011268572,259373,2300,150,229,0,0
P2,F1,71,test,calibrated,76,Spain_5923267,ESP,1.1710781219619135,0.030232354639323278,0.0302323372086033,0.7333122491836548,0.23572593927383423,2.517157008696813e-05,262144,218743,205063,15696.636483474871,3844.50517426696,13239,3791,1614,200099,0,0
P2,F1,71,test,t1,76,Spain_5923267,ESP,1.0,0.02201987543350148,0.02201993403132363,0.6697507500648499,0.20764628052711487,3.45849221048411e-05,262144,218743,205063,13861.67539305241,3770.3524249634606,13239,3791,1614,200099,0,0
P2,F1,71,test,calibrated,77,Spain_6095801,ESP,1.1710781219619135,0.28642545094579275,0.28642544270964887,0.9727060198783875,0.4158281683921814,7.84502990427427e-05,262144,262062,46108,90408.41488914998,27162.37889110152,208994,30332,6962,15774,0,0
P2,F1,71,test,t1,77,Spain_6095801,ESP,1.0,0.2464839718005879,0.24648397362228613,0.9630318880081177,0.40210607647895813,0.00011796092439908534,262144,262062,46108,94449.93834971025,27634.653982668788,208994,30332,6962,15774,0,0
P2,F1,71,test,calibrated,78,Spain_6199994,ESP,1.1710781219619135,0.8176072684447598,0.8176072698089284,0.771206259727478,0.2502326965332031,2.0946632503182627e-05,262144,261902,2248,17211.146783449003,3293.0377484961423,259015,2104,639,144,0,0
P2,F1,71,test,t1,78,Spain_6199994,ESP,1.0,0.7640960058822386,0.7640960170656663,0.7116946578025818,0.2211853563785553,2.7079418941866606e-05,262144,261902,2248,14015.165601256584,2893.7280886021963,259015,2104,639,144,0,0
P2,F1,71,test,calibrated,79,Spain_6537196,ESP,1.1710781219619135,0.66739443799515,0.6673944303256873,0.8775060772895813,0.31550362706184387,2.9211554647190496e-05,262144,262106,7795,36198.84806680934,8523.290451664667,252245,6815,2066,980,0,0
P2,F1,71,test,t1,79,Spain_6537196,ESP,1.0,0.6018304314689253,0.6018304104979662,0.8396070003509521,0.28961697220802307,4.062944935867563e-05,262144,262106,7795,32335.31265840547,7908.5231177175565,252245,6815,2066,980,0,0
P2,F1,71,test,calibrated,80,Spain_6860600,ESP,1.1710781219619135,0.8277040472003352,0.8277040456164614,0.741072416305542,0.22788825631141663,2.0219697034917772e-05,262144,261969,2064,16699.02814414844,2889.905450740656,259659,2064,246,0,0,0
P2,F1,71,test,t1,80,Spain_6860600,ESP,1.0,0.7720327025931901,0.7720327203472814,0.6743727326393127,0.1970614790916443,2.6028785214293748e-05,262144,261969,2064,13118.95641613946,2444.1188936493118,259659,2064,246,0,0,0
P2,F1,71,test,calibrated,81,Spain_716716,ESP,1.1710781219619135,0.5015891283297012,0.5015891627891227,0.8533596992492676,0.30048057436943054,2.8850679882452823e-05,262144,262067,11481,47874.13437593191,11097.50687071634,248896,10527,1690,954,0,0
P2,F1,71,test,t1,81,Spain_716716,ESP,1.0,0.43032177201689104,0.4303217407061599,0.8100167512893677,0.2737765610218048,4.0598868508823216e-05,262144,262067,11481,47679.962528886645,10770.466101182417,248896,10527,1690,954,0,0
P2,F1,71,test,calibrated,82,Spain_7370579,ESP,1.1710781219619135,0.2120829868277324,0.21208292396794626,0.984271228313446,0.43592122197151184,5.411210440797731e-05,262144,262045,81091,85945.3316127302,26591.2032514921,167979,24031,12982,57053,0,0
P2,F1,71,test,t1,82,Spain_7370579,ESP,1.0,0.18397481668321158,0.1839748513673305,0.9785832166671753,0.4252568483352661,7.856683805584908e-05,262144,262045,81091,87315.41085437118,26781.57121820629,167979,24031,12982,57053,0,0
P2,F1,71,test,calibrated,83,Spain_7387658,ESP,1.1710781219619135,0.16716736548043964,0.16716735216293332,0.9913707971572876,0.4526192545890808,7.112183811841533e-05,262144,262057,127875,112094.48083755255,36334.09741774767,95310,13741,38880,114126,0,0
P2,F1,71,test,t1,83,Spain_7387658,ESP,1.0,0.14653863358182684,0.1465386478101044,0.9882126450538635,0.4446357488632202,0.00010813768312800676,262144,262057,127875,115866.63139266663,36999.49351681577,95310,13741,38880,114126,0,0
P2,F1,71,test,calibrated,84,Spain_7558720,ESP,1.1710781219619135,0.46322875282430676,0.46322874440519723,0.9277347326278687,0.36214542388916016,4.862863352173008e-05,262144,261984,16941,53251.51200539148,13760.749456966958,243616,16231,1451,686,0,0
P2,F1,71,test,t1,84,Spain_7558720,ESP,1.0,0.4029912990368594,0.402991301442571,0.9039457440376282,0.34134602546691895,6.861970905447379e-05,262144,261984,16941,53244.95241996804,13585.614503154346,243616,16231,1451,686,0,0
P2,F1,71,test,calibrated,85,Spain_7604243,ESP,1.1710781219619135,0.24341083192178248,0.24341087896061864,0.7241641283035278,0.2236308455467224,5.969000267214142e-05,262144,262080,22052,17472.85150852759,3020.2856415596725,239275,1886,753,20166,0,0
P2,F1,71,test,t1,85,Spain_7604243,ESP,1.0,0.18727784444676732,0.18727788751629237,0.6563450694084167,0.1937587559223175,8.9460147137288e-05,262144,262080,22052,13792.279221473105,2601.043352777946,239275,1886,753,20166,0,0
P2,F1,71,test,calibrated,86,Spain_7786924,ESP,1.1710781219619135,0.4664407964871359,0.46644082710736057,0.9362339973449707,0.37140002846717834,4.9252350436290726e-05,262144,262111,17246,44549.319469162685,12591.750814240932,243163,15180,1710,2058,0,0
P2,F1,71,test,t1,86,Spain_7786924,ESP,1.0,0.40778512357214114,0.4077851556532308,0.9149891138076782,0.3517436981201172,7.067555998219177e-05,262144,262111,17246,43236.77496397034,12462.537581651726,243163,15180,1710,2058,0,0
P2,F1,71,test,calibrated,87,Spain_7856615,ESP,1.1710781219619135,0.43742577076792544,0.43742580061402225,0.9692796468734741,0.4109886586666107,5.7795328757492825e-05,262144,261930,25841,65702.81220718642,18993.91178628654,231940,20353,4149,5488,0,0
P2,F1,71,test,t1,87,Spain_7856615,ESP,1.0,0.3862812797902717,0.3862812904724694,0.9584603905677795,0.3965713083744049,8.453481859760359e-05,262144,261930,25841,65167.50475739639,18827.119828366813,231940,20353,4149,5488,0,0
P2,F1,71,test,calibrated,88,Spain_8104659,ESP,1.1710781219619135,0.3320834038078253,0.332083422298765,0.9547216296195984,0.39099666476249695,7.05365528119728e-05,262144,262128,33293,85370.92805444376,24905.414534257012,227851,30793,984,2500,0,0
P2,F1,71,test,t1,88,Spain_8104659,ESP,1.0,0.28432752287857044,0.28432753582916415,0.9391317367553711,0.37376129627227783,0.00010354585538152605,262144,262128,33293,89321.14126103687,25207.349751530834,227851,30793,984,2500,0,0
P2,F1,71,test,calibrated,89,Spain_8154154,ESP,1.1710781219619135,0.5423725405410511,0.5423725757927347,0.9356962442398071,0.37054193019866943,3.448316056164913e-05,262144,262118,13468,42629.34439235964,10990.957993472373,246855,10681,1796,2786,0,0
P2,F1,71,test,t1,89,Spain_8154154,ESP,1.0,0.48251434398918447,0.482514378482522,0.9142744541168213,0.35076025128364563,4.9500831664772704e-05,262144,262118,13468,40180.8447098076,10515.01527901578,246855,10681,1796,2786,0,0
P2,F1,71,test,calibrated,90,Spain_8199661,ESP,1.1710781219619135,0.36836251001520737,0.3683624650816759,0.8399495482444763,0.2956835925579071,8.352024451596662e-05,262144,262036,16056,36740.02086127663,9169.89060805643,244414,9440,1569,6613,0,0
P2,F1,71,test,t1,90,Spain_8199661,ESP,1.0,0.30436251985152485,0.30436250663586417,0.7944972515106201,0.26933401823043823,0.00012566008081194013,262144,262036,16056,35901.08086716233,9024.16775919756,244414,9440,1569,6613,0,0
P2,F1,71,test,calibrated,91,Spain_8372658,ESP,1.1710781219619135,0.12906206233762274,0.12906211712349336,0.9643203020095825,0.404023677110672,4.015940066892654e-05,262144,262029,102619,62519.372046827295,18794.16292872083,151095,17830,8316,84788,0,0
P2,F1,71,test,t1,91,Spain_8372658,ESP,1.0,0.10735298896602663,0.1073530378231875,0.9518595933914185,0.3886132538318634,5.704499562853016e-05,262144,262029,102619,62463.15943714356,18920.610366467572,151095,17830,8316,84788,0,0
P2,F1,71,test,calibrated,92,Spain_8565131,ESP,1.1710781219619135,0.18236539571867816,0.1823653840811007,0.9561866521835327,0.39313140511512756,4.555288251140155e-05,262144,262084,70384,75389.1916746252,21849.924421639327,186315,23413,5392,46964,0,0
P2,F1,71,test,t1,92,Spain_8565131,ESP,1.0,0.15156375539491085,0.15156370057923485,0.9410765171051025,0.3762013018131256,6.663930980721489e-05,262144,262084,70384,77178.23383229342,22018.932335697056,186315,23413,5392,46964,0,0
