block,partition,seed,split,setting,source_order,sample_id,event_id,temperature,soft_dice_risk_binary,sdc_exact,uncertainty,top_tail_msp,spatial_inconsistency,input_valid_pixels,reference_valid_pixels,predicted_foreground_input,nll_sum,brier_sum,confusion_0_0,confusion_0_1,confusion_1_0,confusion_1_1,hard_disagreement_all_pixels,hard_disagreement_reference_valid
P2,F1,13,calibration,calibrated,0,Ghana_103272,GHA,1.183432090332312,0.4811145855876262,0.4811145598583296,0.3893384635448456,0.09381099790334702,4.789107697433792e-05,262144,259269,3823,10628.071728816536,1908.087748273079,255441,2270,5,1553,0,0
P2,F1,13,calibration,t1,0,Ghana_103272,GHA,1.0,0.35014770075000967,0.35014771124670074,0.3044035732746124,0.07154117524623871,7.428952085319906e-05,262144,259269,3823,8811.103887730427,1855.0540808051437,255441,2270,5,1553,0,0
P2,F1,13,calibration,calibrated,1,Ghana_1033830,GHA,1.183432090332312,0.26754137647367304,0.267541409727579,0.9883661270141602,0.44509896636009216,8.087993046501651e-05,262144,233229,60559,102609.90470953667,34613.433079341936,134687,1731,49410,47401,0,0
P2,F1,13,calibration,t1,1,Ghana_1033830,GHA,1.0,0.23468927111601845,0.2346893059411569,0.9838013052940369,0.43523719906806946,0.0001246822503162548,262144,233229,60559,110686.51076172356,36074.08753747375,134687,1731,49410,47401,0,0
P2,F1,13,calibration,calibrated,2,Ghana_1078550,GHA,1.183432090332312,0.9999999999762675,1.0,0.1962146759033203,0.0307876318693161,2.043664380835253e-06,262144,262144,0,9964.016676770068,1428.3098323441059,260737,0,1407,0,0,0
P2,F1,13,calibration,t1,2,Ghana_1078550,GHA,1.0,0.9999999999509268,1.0,0.1212792843580246,0.016801686957478523,1.5824678030185169e-06,262144,262144,0,8804.849017705114,1395.6516475186909,260737,0,1407,0,0,0
P2,F1,13,calibration,calibrated,3,Ghana_1089161,GHA,1.183432090332312,0.5229775256007487,0.5229775103591436,0.28497448563575745,0.056707803159952164,4.758570503327064e-05,262144,236164,2578,7363.193565091572,939.0441983199405,232915,342,671,2236,0,0
P2,F1,13,calibration,t1,3,Ghana_1089161,GHA,1.0,0.3662832972970671,0.3662833014509723,0.20128051936626434,0.038209401071071625,7.420385372824967e-05,262144,236164,2578,5527.604667279991,881.4264679018797,232915,342,671,2236,0,0
P2,F1,13,calibration,calibrated,4,Ghana_11745,GHA,1.183432090332312,0.9999999999786231,1.0,0.2400832176208496,0.04036088287830353,3.3088676900661085e-06,262144,262144,0,4735.799895790393,112.74414248072529,262144,0,0,0,0,0
P2,F1,13,calibration,t1,4,Ghana_11745,GHA,1.0,0.9999999999573003,1.0,0.1565842628479004,0.023391693830490112,2.795662794596865e-06,262144,262144,0,2359.0545495782308,33.526496125975335,262144,0,0,0,0,0
P2,F1,13,calibration,calibrated,5,Ghana_124834,GHA,1.183432090332312,0.9999999999765146,1.0,0.19874125719070435,0.03115740977227688,2.0127642983425176e-06,262144,262144,0,4299.638011849729,82.02683584367199,262144,0,0,0,0,0
P2,F1,13,calibration,t1,5,Ghana_124834,GHA,1.0,0.999999999951549,1.0,0.1229066550731659,0.01696861907839775,1.5437151432706742e-06,262144,262144,0,2074.495852011136,20.914537179884235,262144,0,0,0,0,0
P2,F1,13,calibration,calibrated,6,Ghana_128663,GHA,1.183432090332312,0.8213231721094916,0.8213231692647573,0.24340583384037018,0.04597282409667969,8.402349521929864e-06,261406,168848,670,4202.313846370502,511.9793367411767,168178,670,0,0,0,0
P2,F1,13,calibration,t1,6,Ghana_128663,GHA,1.0,0.6974811823563896,0.6974812001009738,0.16504137217998505,0.0299464650452137,1.0409123206045479e-05,261406,168848,670,2858.664368446623,486.68491000641035,168178,670,0,0,0,0
P2,F1,13,calibration,calibrated,7,Ghana_132163,GHA,1.183432090332312,0.5971231839527416,0.5971232031153424,0.4269774556159973,0.10692792385816574,5.38750973646529e-05,262144,55761,2696,2677.061692064548,493.7928371266781,55185,576,0,0,0,0
P2,F1,13,calibration,t1,7,Ghana_132163,GHA,1.0,0.4680752019505402,0.46807519818323307,0.3408006727695465,0.08324328064918518,8.07276155683212e-05,262144,55761,2696,2202.267837716708,471.9649754772832,55185,576,0,0,0,0
P2,F1,13,calibration,calibrated,8,Ghana_134751,GHA,1.183432090332312,0.9999999999443246,1.0,0.5997028946876526,0.15584886074066162,0.0002201020542997867,37663,37663,0,1887.0062126612174,159.5065551334078,37663,0,0,0,0,0
P2,F1,13,calibration,t1,8,Ghana_134751,GHA,1.0,0.9999999999126276,1.0,0.5079464912414551,0.1226256713271141,0.0002782869851216674,37663,37663,0,1197.2084032678924,92.07636559234408,37663,0,0,0,0,0
P2,F1,13,calibration,calibrated,9,Ghana_135389,GHA,1.183432090332312,0.9894138573206815,0.9894138578057664,0.6955153346061707,0.20014891028404236,0.00034785966272465885,24624,24624,15,2375.8309704926287,398.08054354180933,24357,15,252,0,0,0
P2,F1,13,calibration,t1,9,Ghana_135389,GHA,1.0,0.984239907598456,0.9842399051040018,0.6158168315887451,0.16605736315250397,0.0004503724630922079,24624,24624,15,1997.0251265806878,344.2150636164214,24357,15,252,0,0,0
P2,F1,13,calibration,calibrated,10,Ghana_141271,GHA,1.183432090332312,0.9999999999765519,1.0,0.20353423058986664,0.03217967227101326,1.8998867972186417e-06,262144,262144,0,10576.06708820505,1640.2637755308692,260508,0,1636,0,0,0
P2,F1,13,calibration,t1,10,Ghana_141271,GHA,1.0,0.9999999999517203,1.0,0.12670405209064484,0.01766202412545681,1.4413537883228855e-06,262144,262144,0,9500.906111176691,1615.6697202638816,260508,0,1636,0,0,0
P2,F1,13,calibration,calibrated,11,Ghana_141910,GHA,1.183432090332312,0.18596611016317977,0.18596612875075058,0.9932095408439636,0.4580756723880768,7.303139864234254e-05,262144,262144,125138,153602.3108747058,52834.061634947546,123618,67876,13388,57262,0,0
P2,F1,13,calibration,t1,11,Ghana_141910,GHA,1.0,0.16262280140117524,0.16262278952769527,0.9905222058296204,0.45047885179519653,0.00011149978672619909,262144,262144,125138,165057.149508724,55181.25521643169,123618,67876,13388,57262,0,0
P2,F1,13,calibration,calibrated,12,Ghana_142312,GHA,1.183432090332312,0.9690830081288595,0.9690830097709802,0.25106480717658997,0.046541549265384674,3.634418590081623e-06,262144,262144,135,4831.2856570143795,195.31621622199387,262009,135,0,0,0,0
P2,F1,13,calibration,t1,12,Ghana_142312,GHA,1.0,0.940775242843491,0.9407752572346606,0.16992269456386566,0.02971496433019638,3.6574706427927595e-06,262144,262144,135,2519.394025458957,115.97904481306573,262009,135,0,0,0,0
P2,F1,13,calibration,calibrated,13,Ghana_144050,GHA,1.183432090332312,0.9999999999789284,1.0,0.24324142932891846,0.041075993329286575,2.9135478598618647e-06,262144,23551,0,377.06677056036995,7.886013297233359,23551,0,0,0,0,0
P2,F1,13,calibration,t1,13,Ghana_144050,GHA,1.0,0.999999999958111,1.0,0.15898728370666504,0.02391062118113041,2.4867313186405227e-06,262144,23551,0,183.18616804303755,2.2164603100074975,23551,0,0,0,0,0
P2,F1,13,calibration,calibrated,14,Ghana_146222,GHA,1.183432090332312,0.9999999999796183,1.0,0.2714313268661499,0.04885595291852951,3.6165386063657934e-06,262144,181656,0,3576.06662762652,114.67043829614917,181656,0,0,0,0,0
P2,F1,13,calibration,t1,14,Ghana_146222,GHA,1.0,0.9999999999602802,1.0,0.18502937257289886,0.03008667752146721,3.112663534921012e-06,262144,181656,0,1847.634486115202,44.25447824853467,181656,0,0,0,0,0
P2,F1,13,calibration,calibrated,15,Ghana_147015,GHA,1.183432090332312,0.7539368130603159,0.753936807118058,0.4785526394844055,0.12280455231666565,3.519420715747401e-05,262144,262144,1642,14070.842028630042,2944.5523191633533,257814,800,2688,842,0,0
P2,F1,13,calibration,t1,15,Ghana_147015,GHA,1.0,0.648379180565869,0.6483792093499499,0.390826016664505,0.09660056233406067,4.9722697440302e-05,262144,262144,1642,12591.21524897891,2900.868479574961,257814,800,2688,842,0,0
P2,F1,13,calibration,calibrated,16,Ghana_154838,GHA,1.183432090332312,0.999999999977513,1.0,0.21803130209445953,0.03518400341272354,2.154816002075677e-06,262144,42107,0,833.4325761403212,20.233854076800718,42107,0,0,0,0,0
P2,F1,13,calibration,t1,16,Ghana_154838,GHA,1.0,0.9999999999542576,1.0,0.1380344182252884,0.019650829955935478,1.685227516645682e-06,262144,42107,0,419.97580114613476,5.738583116132528,42107,0,0,0,0,0
P2,F1,13,calibration,calibrated,17,Ghana_156478,GHA,1.183432090332312,0.9999999999775541,1.0,0.22169280052185059,0.036126572638750076,2.509214255042025e-06,262144,262144,0,4504.2064779269895,96.12342399103727,262144,0,0,0,0,0
P2,F1,13,calibration,t1,17,Ghana_156478,GHA,1.0,0.999999999954429,1.0,0.14129962027072906,0.020369378849864006,1.9690160115715116e-06,262144,262144,0,2207.82281610404,26.50455137753436,262144,0,0,0,0,0
P2,F1,13,calibration,calibrated,18,Ghana_161233,GHA,1.183432090332312,0.999999999986224,1.0,0.42156654596328735,0.08744019269943237,4.243395596859045e-05,162668,1892,0,162.6900254746444,14.352344525711704,1892,0,0,0,0,0
P2,F1,13,calibration,t1,18,Ghana_161233,GHA,1.0,0.9999999999768604,1.0,0.31858882308006287,0.059481509029865265,4.795067070517689e-05,162668,1892,0,108.03176958932296,6.8740231247491685,1892,0,0,0,0,0
P2,F1,13,calibration,calibrated,19,Ghana_167233,GHA,1.183432090332312,0.999999999977264,1.0,0.2136566936969757,0.034332651644945145,2.1801765797135886e-06,262144,262144,0,4444.948439290059,91.56900618575297,262144,0,0,0,0,0
P2,F1,13,calibration,t1,19,Ghana_167233,GHA,1.0,0.9999999999536259,1.0,0.13472880423069,0.01911681331694126,1.6849128314788686e-06,262144,262144,0,2168.797863982713,24.547377517439955,262144,0,0,0,0,0
P2,F1,13,calibration,calibrated,20,Ghana_168875,GHA,1.183432090332312,0.968758205570488,0.9687582109172125,0.5618309378623962,0.1438261866569519,1.1794316378654912e-05,262144,41796,251,1766.620308038809,167.63129744724623,41726,70,0,0,0,0
P2,F1,13,calibration,t1,20,Ghana_168875,GHA,1.0,0.9505435952452699,0.9505435981352987,0.46842843294143677,0.11232247203588486,1.293267087021377e-05,262144,41796,251,1137.3202733215935,109.31870126416642,41726,70,0,0,0,0
P2,F1,13,calibration,calibrated,21,Ghana_187318,GHA,1.183432090332312,0.9999999999760998,1.0,0.19425879418849945,0.03033987618982792,1.9187630186934257e-06,262144,262144,0,4224.421503759223,79.38126079337907,262144,0,0,0,0,0
P2,F1,13,calibration,t1,21,Ghana_187318,GHA,1.0,0.9999999999504925,1.0,0.11964832991361618,0.016484646126627922,1.4786760402785148e-06,262144,262144,0,2030.2108648874316,20.393500555878973,262144,0,0,0,0,0
P2,F1,13,calibration,calibrated,22,Ghana_194723,GHA,1.183432090332312,0.9865667269923716,0.986566727384217,0.227379709482193,0.038853082805871964,5.489912382472539e-06,262144,47408,52,927.6026381599434,58.04335440628829,47356,52,0,0,0,0
P2,F1,13,calibration,t1,22,Ghana_194723,GHA,1.0,0.9728215957908837,0.9728215975047605,0.1477777361869812,0.023058651015162468,6.324031801341334e-06,262144,47408,52,516.8213815791637,42.166678741196115,47356,52,0,0,0,0
P2,F1,13,calibration,calibrated,23,Ghana_247288,GHA,1.183432090332312,0.1980411685032072,0.1980411409270445,0.9142717719078064,0.35163208842277527,7.575295603601262e-05,261625,40174,42612,23213.827612846024,7752.641764713306,9519,4005,7017,19633,0,0
P2,F1,13,calibration,t1,23,Ghana_247288,GHA,1.0,0.1599703250237634,0.15997032027942537,0.88478684425354,0.3283497095108032,0.00011732988787116483,261625,40174,42612,24762.037997172825,8016.110802036006,9519,4005,7017,19633,0,0
P2,F1,13,calibration,calibrated,24,Ghana_24858,GHA,1.183432090332312,0.999999999977145,1.0,0.21407505869865417,0.034836482256650925,2.562182544352254e-06,262144,262144,0,6384.427070404475,558.8006678712453,261660,0,484,0,0,0
P2,F1,13,calibration,t1,24,Ghana_24858,GHA,1.0,0.9999999999534184,1.0,0.13589663803577423,0.019672252237796783,2.1032706172263715e-06,262144,262144,0,4480.930797906565,500.7592970859472,261660,0,484,0,0,0
P2,F1,13,calibration,calibrated,25,Ghana_264787,GHA,1.183432090332312,0.9999999999769532,1.0,0.20531247556209564,0.032517820596694946,2.3773673092364334e-06,262144,181975,0,3027.1023189182733,58.9026941563938,181975,0,0,0,0,0
P2,F1,13,calibration,t1,25,Ghana_264787,GHA,1.0,0.9999999999527163,1.0,0.12802354991436005,0.017870722338557243,1.8571840882941615e-06,262144,181975,0,1465.4056476600822,15.178515099865706,181975,0,0,0,0,0
P2,F1,13,calibration,calibrated,26,Ghana_308249,GHA,1.183432090332312,0.37322007724816875,0.37322011860881366,0.4628850817680359,0.11775501817464828,7.856164302211255e-05,262144,262144,7033,20532.26077467045,4366.55351519415,252043,2071,3068,4962,0,0
P2,F1,13,calibration,t1,26,Ghana_308249,GHA,1.0,0.26429044711014205,0.2642904119396188,0.37462204694747925,0.09227621555328369,0.00012263612006790936,262144,262144,7033,19999.86466600742,4366.710080724645,252043,2071,3068,4962,0,0
P2,F1,13,calibration,calibrated,27,Ghana_313799,GHA,1.183432090332312,0.6489671837720533,0.6489671962771804,0.5409488081932068,0.15523608028888702,1.6658968888805248e-05,262144,244464,3237,38657.34844665345,10347.254431427376,229165,366,12062,2871,0,0
P2,F1,13,calibration,t1,27,Ghana_313799,GHA,1.0,0.5432250593864523,0.5432250454614918,0.46050646901130676,0.1293559968471527,2.2288486434263177e-05,262144,244464,3237,41660.265617968806,10647.99741910832,229165,366,12062,2871,0,0
P2,F1,13,calibration,calibrated,28,Ghana_319168,GHA,1.183432090332312,0.2567206149539587,0.2567206359686085,0.9684034585952759,0.40957197546958923,4.09792410209775e-05,262144,171624,43180,35143.835388266074,10981.398389910535,129650,2453,13253,26268,0,0
P2,F1,13,calibration,t1,28,Ghana_319168,GHA,1.0,0.21790073421264378,0.2179007221947732,0.9564381837844849,0.393904447555542,6.0069480241509154e-05,262144,171624,43180,35785.78010895021,11185.335243796442,129650,2453,13253,26268,0,0
P2,F1,13,calibration,calibrated,29,Ghana_359826,GHA,1.183432090332312,0.6113688062060515,0.611368798203991,0.5260345935821533,0.13844460248947144,5.586945189861581e-05,262144,262144,2989,14368.594489782408,2703.523885260987,257528,1120,1627,1869,0,0
P2,F1,13,calibration,t1,29,Ghana_359826,GHA,1.0,0.4925431351728701,0.49254314186059434,0.4386100769042969,0.11020497232675552,8.586027979617938e-05,262144,262144,2989,12639.678093301673,2570.9458134902166,257528,1120,1627,1869,0,0
P2,F1,13,calibration,calibrated,30,Ghana_362274,GHA,1.183432090332312,0.23541443027862063,0.23541441732213908,0.5667327046394348,0.1610655039548874,6.021507942932658e-05,262144,259407,15817,23744.96320539686,5635.194375213227,239325,1718,5275,13089,0,0
P2,F1,13,calibration,t1,30,Ghana_362274,GHA,1.0,0.16579317624793355,0.16579316675474598,0.48426347970962524,0.13338954746723175,9.197598410537466e-05,262144,259407,15817,23484.351890746104,5689.595736800115,239325,1718,5275,13089,0,0
P2,F1,13,calibration,calibrated,31,Ghana_406026,GHA,1.183432090332312,0.46836686664426364,0.4683668775266776,0.49421513080596924,0.11973177641630173,7.464980444638059e-05,262144,262144,4978,11359.993748091856,1451.7686806689417,256842,997,324,3981,0,0
P2,F1,13,calibration,t1,31,Ghana_406026,GHA,1.0,0.3478349176416329,0.34783489710240145,0.39869260787963867,0.0907374918460846,0.00011613636161200702,262144,262144,4978,8580.06574916047,1245.906622449729,256842,997,324,3981,0,0
P2,F1,13,calibration,calibrated,32,Ghana_45911,GHA,1.183432090332312,0.9999999999768091,1.0,0.20352379977703094,0.032130807638168335,2.3090854028851027e-06,262144,29269,0,448.5879967267289,7.598924942535468,29269,0,0,0,0,0
P2,F1,13,calibration,t1,32,Ghana_45911,GHA,1.0,0.9999999999522837,1.0,0.12659421563148499,0.017605425789952278,1.7848633433459327e-06,262144,29269,0,212.47510746900025,1.8076401875531893,29269,0,0,0,0,0
P2,F1,13,calibration,calibrated,33,Ghana_495107,GHA,1.183432090332312,0.9948348195455179,0.9948348190738292,0.2644244134426117,0.04951278492808342,4.079371592524694e-06,262144,262144,24,17707.265518507702,3618.4882942050476,258183,2,3937,22,0,0
P2,F1,13,calibration,t1,33,Ghana_495107,GHA,1.0,0.9900319694381998,0.9900319692381461,0.18164455890655518,0.03176550567150116,4.140113105677301e-06,262144,262144,24,17722.05355900889,3657.2497350394274,258183,2,3937,22,0,0
P2,F1,13,calibration,calibrated,34,Ghana_49890,GHA,1.183432090332312,0.9999999999784294,1.0,0.23198917508125305,0.038469862192869186,2.5948584152502008e-06,262144,262144,0,4691.22524424202,107.9188344944554,262144,0,0,0,0,0
P2,F1,13,calibration,t1,34,Ghana_49890,GHA,1.0,0.9999999999567285,1.0,0.14975863695144653,0.02203369326889515,2.0680890884250402e-06,262144,262144,0,2326.95933326719,31.313188483754722,262144,0,0,0,0,0
P2,F1,13,calibration,calibrated,35,Ghana_53713,GHA,1.183432090332312,0.9999999999772571,1.0,0.208016037940979,0.03302875533699989,2.0242287064320408e-06,262144,262144,0,4442.433802356254,89.37863243791219,262144,0,0,0,0,0
P2,F1,13,calibration,t1,35,Ghana_53713,GHA,1.0,0.9999999999535211,1.0,0.13001585006713867,0.018185177817940712,1.5493870932914433e-06,262144,262144,0,2163.294798905783,23.32870340917448,262144,0,0,0,0,0
P2,F1,13,calibration,calibrated,36,Ghana_597288,GHA,1.183432090332312,0.3389325228070097,0.3389325207360807,0.5318177342414856,0.15069857239723206,0.00012902436719741672,262144,262144,9471,16521.737383867123,3979.552134027208,251799,4655,874,4816,0,0
P2,F1,13,calibration,t1,36,Ghana_597288,GHA,1.0,0.2461415328076183,0.24614154660020526,0.450962632894516,0.12481866031885147,0.00020285890786908567,262144,262144,9471,15163.83708816809,4030.826888543431,251799,4655,874,4816,0,0
P2,F1,13,calibration,calibrated,37,Ghana_61925,GHA,1.183432090332312,0.8173161928649604,0.8173161820184351,0.20676898956298828,0.03475148603320122,1.645612428546883e-05,262144,262144,559,4733.083676882988,208.02679619714334,261456,37,129,522,0,0
P2,F1,13,calibration,t1,37,Ghana_61925,GHA,1.0,0.6850859765599614,0.6850859493526003,0.13168439269065857,0.020451856777071953,2.4976659915409982e-05,262144,262144,559,2529.032649132518,147.90608276778858,261456,37,129,522,0,0
P2,F1,13,calibration,calibrated,38,Ghana_7496,GHA,1.183432090332312,0.9999999999774531,1.0,0.21238616108894348,0.033951807767152786,2.1504945380002027e-06,262144,262144,0,4481.882469121145,91.72676750629745,262144,0,0,0,0,0
P2,F1,13,calibration,t1,38,Ghana_7496,GHA,1.0,0.9999999999540458,1.0,0.1334718018770218,0.018804868683218956,1.6497021988470806e-06,262144,262144,0,2188.297383400871,24.18608664192357,262144,0,0,0,0,0
P2,F1,13,calibration,calibrated,39,Ghana_8090,GHA,1.183432090332312,0.9999999999763858,1.0,0.1959051489830017,0.03055909089744091,1.975086433958495e-06,262144,194666,0,3255.4029027057645,66.05019264874738,194662,0,4,0,0,0
P2,F1,13,calibration,t1,39,Ghana_8090,GHA,1.0,0.9999999999511857,1.0,0.12066510319709778,0.016567332670092583,1.505822751823871e-06,262144,194666,0,1588.1996849116008,19.801827891293453,194662,0,4,0,0,0
P2,F1,13,calibration,calibrated,40,Ghana_83200,GHA,1.183432090332312,0.797957071931896,0.7979570802804375,0.3885762393474579,0.09568595886230469,1.1017336873919703e-05,262144,98215,1168,3635.806193271474,580.0231237031683,97481,201,437,96,0,0
P2,F1,13,calibration,t1,40,Ghana_83200,GHA,1.0,0.6954341613946637,0.6954341519827719,0.3055112659931183,0.073987677693367,1.4426784218812827e-05,262144,98215,1168,2822.4739226694146,546.0403931475648,97481,201,437,96,0,0
P2,F1,13,calibration,calibrated,41,Ghana_866994,GHA,1.183432090332312,0.07826165160191956,0.07826160633609336,0.9709010720252991,0.4124917984008789,2.2970845748204738e-05,262144,117511,183076,177002.62140746287,45854.17102245996,1069,10471,39250,66721,0,0
P2,F1,13,calibration,t1,41,Ghana_866994,GHA,1.0,0.06396364744873517,0.06396358344292197,0.9598130583763123,0.3972432017326355,3.221120641683228e-05,262144,117511,183076,204306.73011329593,46802.35961519887,1069,10471,39250,66721,0,0
P2,F1,13,calibration,calibrated,42,Ghana_868803,GHA,1.183432090332312,0.20966489485174056,0.20966486411025986,0.9942223429679871,0.4610830843448639,4.397445445647463e-05,262144,262144,101238,100237.41450185014,33323.7202028995,115721,2372,45185,98866,0,0
P2,F1,13,calibration,t1,42,Ghana_868803,GHA,1.0,0.18627140669336184,0.18627140308588053,0.9919312000274658,0.4540170431137085,6.502865289803594e-05,262144,262144,101238,103853.29375425272,33975.17847678452,115721,2372,45185,98866,0,0
P2,F1,13,calibration,calibrated,43,Ghana_887131,GHA,1.183432090332312,0.31775299309721394,0.3177529942708964,0.7770829796791077,0.26091769337654114,8.717043237993494e-05,262144,262144,15977,28030.73492020143,8032.077634467708,243468,8601,2699,7376,0,0
P2,F1,13,calibration,t1,43,Ghana_887131,GHA,1.0,0.24977896669597643,0.24977897032858454,0.7172173261642456,0.23188011348247528,0.00013416116416919976,262144,262144,15977,27443.338455384055,8208.177246844374,243468,8601,2699,7376,0,0
P2,F1,13,calibration,calibrated,44,Ghana_895194,GHA,1.183432090332312,0.2914646263210302,0.29146464846112863,0.36844000220298767,0.0892593041062355,4.6376957470783964e-05,262144,252706,8273,8588.105011644486,1403.7618081341548,243350,659,1083,7614,0,0
P2,F1,13,calibration,t1,44,Ghana_895194,GHA,1.0,0.19150525207780222,0.19150525280168695,0.28707942366600037,0.06845207512378693,7.270422065630555e-05,262144,252706,8273,6557.260142271965,1343.2218161541273,243350,659,1083,7614,0,0
P2,F1,13,calibration,calibrated,45,Ghana_953791,GHA,1.183432090332312,0.7854120699615983,0.7854120844535201,0.390918105840683,0.09131582826375961,1.5950035958667286e-05,262144,262144,1162,15482.028798677726,2491.516100717803,258910,462,2072,700,0,0
P2,F1,13,calibration,t1,45,Ghana_953791,GHA,1.0,0.6742919967209409,0.6742919883627563,0.3031501770019531,0.0682443305850029,2.214089545304887e-05,262144,262144,1162,14431.48002132141,2393.792130428815,258910,462,2072,700,0,0
P2,F1,13,calibration,calibrated,46,Ghana_97059,GHA,1.183432090332312,0.8841206718163901,0.8841206886395896,0.19009532034397125,0.03099876269698143,9.722011782287154e-06,262144,27394,326,1215.7861978499793,260.0663782497787,27068,326,0,0,0,0
P2,F1,13,calibration,t1,46,Ghana_97059,GHA,1.0,0.7837903974450916,0.7837903942076416,0.11837650090456009,0.017786841839551926,1.4065646610106342e-05,262144,27394,326,1124.855137379311,264.99883028987375,27068,326,0,0,0,0
P2,F1,13,calibration,calibrated,47,Ghana_97516,GHA,1.183432090332312,0.7036802234478161,0.7036802357941561,0.5253162980079651,0.1327793002128601,2.7243786462349817e-05,262144,187555,2051,7239.040448961258,1097.7756941146406,185819,965,113,658,0,0
P2,F1,13,calibration,t1,47,Ghana_97516,GHA,1.0,0.5921060186117091,0.5921060289825446,0.4321163296699524,0.10314737260341644,3.983459828305058e-05,262144,187555,2051,5341.01856111475,980.0248908619349,185819,965,113,658,0,0
P2,F1,13,calibration,calibrated,48,Pakistan_1027214,PAK,1.183432090332312,0.13074246727908057,0.1307424802679935,0.9708400368690491,0.4133681654930115,6.654206663370132e-05,262144,158958,106717,47733.610128220804,15135.342536238382,117099,17989,4282,19588,0,0
P2,F1,13,calibration,t1,48,Pakistan_1027214,PAK,1.0,0.10877267478536856,0.10877266035314559,0.9597497582435608,0.39829543232917786,0.00010032236605184153,262144,158958,106717,49192.001074432366,15483.102587161327,117099,17989,4282,19588,0,0
P2,F1,13,calibration,calibrated,49,Pakistan_1036366,PAK,1.183432090332312,0.208569559598491,0.20856956038828278,0.9365735650062561,0.3717607855796814,0.0001355602144030854,262144,110380,47301,31495.20426253728,9242.378111429838,80795,6912,5761,16912,0,0
P2,F1,13,calibration,t1,49,Pakistan_1036366,PAK,1.0,0.17023096244352742,0.17023095311103875,0.913832426071167,0.35077014565467834,0.0002148617641068995,262144,110380,47301,33640.876030568026,9521.770660144111,80795,6912,5761,16912,0,0
P2,F1,13,calibration,calibrated,50,Pakistan_132143,PAK,1.183432090332312,0.5285490361916787,0.5285490196940265,0.957949161529541,0.39624425768852234,3.381262649782002e-05,262144,262144,14858,35507.07383095841,10230.857057391402,247286,14858,0,0,0,0
P2,F1,13,calibration,t1,50,Pakistan_132143,PAK,1.0,0.4714013500580403,0.4714013170629425,0.9423370957374573,0.37862202525138855,4.79090194858145e-05,262144,262144,14858,32894.14821594731,10013.911854853432,247286,14858,0,0,0,0
P2,F1,13,calibration,calibrated,51,Pakistan_167553,PAK,1.183432090332312,0.49141387002240966,0.49141383184834064,0.9384104609489441,0.37303832173347473,6.09705202805344e-05,262144,247105,16243,46674.6387394345,13372.71661775353,229765,15882,1405,53,0,0
P2,F1,13,calibration,t1,51,Pakistan_167553,PAK,1.0,0.42813536940165686,0.4281354079713171,0.9162027835845947,0.352155476808548,8.690050162840635e-05,262144,247105,16243,45811.486330639986,13283.170202077625,229765,15882,1405,53,0,0
P2,F1,13,calibration,calibrated,52,Pakistan_210595,PAK,1.183432090332312,0.999999999982185,1.0,0.3398769795894623,0.0652177557349205,3.0146700282784877e-06,262144,262144,0,5725.533943191782,213.88377860928182,262144,0,0,0,0,0
P2,F1,13,calibration,t1,52,Pakistan_210595,PAK,1.0,0.9999999999668641,1.0,0.24361835420131683,0.04200601577758789,2.6333509595133364e-06,262144,262144,0,3060.703860222878,82.13010492458992,262144,0,0,0,0,0
P2,F1,13,calibration,calibrated,53,Pakistan_211386,PAK,1.183432090332312,0.46974919979926333,0.469749165856722,0.9326294660568237,0.3667294979095459,0.00014026449935045093,262144,255405,16816,45949.03394049661,12631.639646309592,236144,12402,3637,3222,0,0
P2,F1,13,calibration,t1,53,Pakistan_211386,PAK,1.0,0.4063006444044619,0.40630062487446816,0.9085626006126404,0.3450152277946472,0.00021382648264989257,262144,255405,16816,45113.1868690812,12460.711530286171,236144,12402,3637,3222,0,0
P2,F1,13,calibration,calibrated,54,Pakistan_246510,PAK,1.183432090332312,0.30452466737692796,0.3045246924696222,0.9726666808128357,0.4147745370864868,0.0001185709479614161,262144,258817,44747,114142.88441592475,30465.41180523945,212374,35702,1901,8840,0,0
P2,F1,13,calibration,t1,54,Pakistan_246510,PAK,1.0,0.2622707362232657,0.26227070388030005,0.9622061848640442,0.39986544847488403,0.00018297063070349395,262144,258817,44747,122034.10432302963,30616.189935612852,212374,35702,1901,8840,0,0
P2,F1,13,calibration,calibrated,55,Pakistan_246718,PAK,1.183432090332312,0.3034819257229068,0.3034818697409152,0.8610758781433105,0.3077123761177063,8.506412268616259e-05,262144,235278,20696,26828.81557160025,7412.120377736189,213323,8829,1524,11602,0,0
P2,F1,13,calibration,t1,55,Pakistan_246718,PAK,1.0,0.24511069302794286,0.24511064099322122,0.8168846368789673,0.28002363443374634,0.00012999409227631986,262144,235278,20696,25767.76586516218,7427.532525344574,213323,8829,1524,11602,0,0
P2,F1,13,calibration,calibrated,56,Pakistan_336228,PAK,1.183432090332312,0.28738394795861677,0.2873839657391627,0.8918476104736328,0.3324302136898041,7.615757203893736e-05,262144,132471,25045,45426.29817665868,14275.032160291397,113007,19464,0,0,0,0
P2,F1,13,calibration,t1,56,Pakistan_336228,PAK,1.0,0.23399054397142172,0.23399052757971261,0.8559877276420593,0.30712655186653137,0.00011617915879469365,262144,132471,25045,49703.64049581563,14905.628280373523,113007,19464,0,0,0,0
P2,F1,13,calibration,calibrated,57,Pakistan_35915,PAK,1.183432090332312,0.21225842897885872,0.21225843608553574,0.9808946251869202,0.429505854845047,0.00010025870869867504,262144,129233,71826,37958.77424026879,10863.967564483382,66741,10191,4117,48184,0,0
P2,F1,13,calibration,t1,57,Pakistan_35915,PAK,1.0,0.1835702685426649,0.1835702461845371,0.9734922051429749,0.4170088469982147,0.00015531518147327006,262144,129233,71826,40488.07161007591,11078.423755665619,66741,10191,4117,48184,0,0
P2,F1,13,calibration,calibrated,58,Pakistan_366265,PAK,1.183432090332312,0.5794630157835781,0.5794630164215717,0.7605175971984863,0.24628287553787231,1.1452249054855201e-05,262144,127291,6900,4134.147523055442,325.7850881293856,127218,71,2,0,0,0
P2,F1,13,calibration,t1,58,Pakistan_366265,PAK,1.0,0.48775539502297305,0.48775541876043715,0.6955723762512207,0.21563148498535156,1.4420689694816247e-05,262144,127291,6900,2551.9022230010905,194.86644779212932,127218,71,2,0,0,0
P2,F1,13,calibration,calibrated,59,Pakistan_401863,PAK,1.183432090332312,0.7021012279174094,0.7021012442047186,0.81854647397995,0.2738496661186218,3.371923594386317e-05,262144,258845,5017,21217.366616079005,3663.2885158011177,253482,2039,447,2877,0,0
P2,F1,13,calibration,t1,59,Pakistan_401863,PAK,1.0,0.6284952861108544,0.6284953072708768,0.7630748748779297,0.24296309053897858,4.8369889555033296e-05,262144,258845,5017,16517.79802749153,2957.229440172546,253482,2039,447,2877,0,0
P2,F1,13,calibration,calibrated,60,Pakistan_43105,PAK,1.183432090332312,0.4729422487093895,0.47294226283159746,0.9269111752510071,0.36213743686676025,4.872630233876407e-05,261411,260942,15101,41913.13799000579,11563.404728306035,245570,15101,271,0,0,0
P2,F1,13,calibration,t1,60,Pakistan_43105,PAK,1.0,0.40920551524981064,0.4092054879249927,0.9011611938476562,0.3399590253829956,6.81130841257982e-05,261411,260942,15101,40952.87657973416,11453.587441534188,245570,15101,271,0,0,0
P2,F1,13,calibration,calibrated,61,Pakistan_474121,PAK,1.183432090332312,0.3556907051611118,0.3556907130049757,0.958238422870636,0.3949400782585144,0.0001494043826824054,262144,180789,29121,38012.28939359842,9507.204913937905,162505,9391,806,8087,0,0
P2,F1,13,calibration,t1,61,Pakistan_474121,PAK,1.0,0.30731863671833504,0.3073186346751118,0.9426493644714355,0.3770270347595215,0.00023900442465674132,262144,180789,29121,37368.06874380012,9046.928557546575,162505,9391,806,8087,0,0
P2,F1,13,calibration,calibrated,62,Pakistan_528249,PAK,1.183432090332312,0.29425793422335644,0.29425793282575397,0.9332003593444824,0.3684786260128021,2.769827733573038e-05,262144,76982,29866,5602.756271346076,1351.157804335898,75087,1895,0,0,0,0
P2,F1,13,calibration,t1,62,Pakistan_528249,PAK,1.0,0.24517097394427279,0.24517094243575988,0.9094064235687256,0.3470889627933502,3.8135807699291036e-05,262144,76982,29866,4738.441421223846,1266.6462230321354,75087,1895,0,0,0,0
P2,F1,13,calibration,calibrated,63,Pakistan_548910,PAK,1.183432090332312,0.9743643036374215,0.9743643047160261,0.6833498477935791,0.19409936666488647,1.6996074919006787e-05,262144,235696,278,19665.258017675464,3962.606964564475,232069,188,3349,90,0,0
P2,F1,13,calibration,t1,63,Pakistan_548910,PAK,1.0,0.96222827416953,0.9622282726693346,0.6010853052139282,0.1599350869655609,2.0380675778142177e-05,262144,235696,278,17070.011032159524,3644.536325572187,232069,188,3349,90,0,0
P2,F1,13,calibration,calibrated,64,Pakistan_65724,PAK,1.183432090332312,0.35593605883017365,0.35593601364791316,0.9816593527793884,0.43104302883148193,6.39123609289527e-05,262144,262143,38296,71312.45800900737,23951.537149463635,223847,38296,0,0,0,0
P2,F1,13,calibration,t1,64,Pakistan_65724,PAK,1.0,0.31242212755859333,0.3124221450510495,0.9745465517044067,0.4188043475151062,9.390571358380839e-05,262144,262143,38296,72677.02947353123,24693.84054560843,223847,38296,0,0,0,0
P2,F1,13,calibration,calibrated,65,Pakistan_664885,PAK,1.183432090332312,0.23953599089519761,0.2395360177737006,0.9410884380340576,0.3749125003814697,8.290883852168918e-05,262144,73010,40225,25257.95393537082,5883.770913976678,64793,5834,131,2252,0,0
P2,F1,13,calibration,t1,65,Pakistan_664885,PAK,1.0,0.19904082303993897,0.19904078889557664,0.919711709022522,0.35420462489128113,0.00012772605987265706,262144,73010,40225,27104.87291102413,5795.632440542902,64793,5834,131,2252,0,0
P2,F1,13,calibration,calibrated,66,Pakistan_667363,PAK,1.183432090332312,0.3870945268532139,0.3870945570816272,0.9636023044586182,0.4033677577972412,2.8452317565097474e-05,262144,162484,24133,39690.89994428678,13193.11300613062,141175,20090,185,1034,0,0
P2,F1,13,calibration,t1,66,Pakistan_667363,PAK,1.0,0.33588825624116025,0.33588825162568003,0.9499508142471313,0.3867829442024231,4.029718184028752e-05,262144,162484,24133,40535.374261498335,13603.604989833024,141175,20090,185,1034,0,0
P2,F1,13,calibration,calibrated,67,Pakistan_694942,PAK,1.183432090332312,0.25869714003137445,0.25869711276060414,0.991675078868866,0.45351406931877136,4.4233376684132963e-05,262144,191444,72642,61298.042865313495,19722.20582922002,144571,28392,453,18028,0,0
P2,F1,13,calibration,t1,67,Pakistan_694942,PAK,1.0,0.23036218126328378,0.23036217702233852,0.9883891344070435,0.44511350989341736,6.374940130626783e-05,262144,191444,72642,60056.2378816921,19648.072417938678,144571,28392,453,18028,0,0
P2,F1,13,calibration,calibrated,68,Pakistan_70625,PAK,1.183432090332312,0.26800384520500786,0.2680038359182618,0.9892373085021973,0.44716623425483704,7.046233804430813e-05,262144,262144,67282,129188.99339400964,43181.65540955717,193804,63673,1058,3609,0,0
P2,F1,13,calibration,t1,68,Pakistan_70625,PAK,1.0,0.23446657710259156,0.23446656080716455,0.9850073456764221,0.4376603960990906,0.00010398591257398948,262144,262144,67282,138681.9778436079,44954.26537418862,193804,63673,1058,3609,0,0
P2,F1,13,calibration,calibrated,69,Pakistan_712873,PAK,1.183432090332312,0.5761035128122146,0.5761034954729396,0.7051522731781006,0.21752667427062988,3.45194639521651e-05,262144,119557,5717,10040.369893802519,2395.911052786399,115950,2291,628,688,0,0
P2,F1,13,calibration,t1,69,Pakistan_712873,PAK,1.0,0.48061517232777984,0.4806151785789372,0.6314786076545715,0.1865536868572235,4.988582441001199e-05,262144,119557,5717,9531.36889813019,2369.5212736848844,115950,2291,628,688,0,0
P2,F1,13,calibration,calibrated,70,Pakistan_740461,PAK,1.183432090332312,0.37370181887425824,0.37370177534907156,0.9855045676231384,0.43874967098236084,0.00010237201786367223,262144,211456,40927,76041.42334165797,24636.19706597082,176325,35131,0,0,0,0
P2,F1,13,calibration,t1,70,Pakistan_740461,PAK,1.0,0.3294587532989067,0.3294587207865295,0.9798452854156494,0.42780396342277527,0.00015304201224353164,262144,211456,40927,78423.72598026294,25158.291035460345,176325,35131,0,0,0,0
P2,F1,13,calibration,calibrated,71,Pakistan_760290,PAK,1.183432090332312,0.9890066934882612,0.9890066944128354,0.5519411563873291,0.13624319434165955,1.1322662430757191e-05,262144,233498,105,9175.66094614123,736.4960946000298,233393,105,0,0,0,0
P2,F1,13,calibration,t1,71,Pakistan_760290,PAK,1.0,0.9823798244037635,0.9823798240691434,0.4551960229873657,0.10404559969902039,1.2823237739212345e-05,262144,233498,105,5714.093645877034,428.6612128118306,233393,105,0,0,0,0
P2,F1,13,calibration,calibrated,72,Pakistan_849790,PAK,1.183432090332312,0.38385180106210104,0.38385182168674203,0.9673445820808411,0.4078356623649597,5.35298531758599e-05,262144,257239,32435,415393.747637748,115646.28892842606,83519,1812,141861,30047,0,0
P2,F1,13,calibration,t1,72,Pakistan_849790,PAK,1.0,0.33416303761287947,0.3341629816475441,0.9549815058708191,0.39188602566719055,7.783775799907744e-05,262144,257239,32435,479105.9950675098,120396.03640154118,83519,1812,141861,30047,0,0
P2,F1,13,calibration,calibrated,73,Pakistan_909806,PAK,1.183432090332312,0.5051077749229456,0.5051078046257759,0.8411065340042114,0.29891765117645264,5.116754618939012e-05,262144,116287,9395,9200.782859811723,2234.3547480552834,112855,2018,788,626,0,0
P2,F1,13,calibration,t1,73,Pakistan_909806,PAK,1.0,0.42972413553566724,0.42972416220434284,0.7934826612472534,0.2714563310146332,7.401075708912686e-05,262144,116287,9395,8388.488433664763,2174.215046362327,112855,2018,788,626,0,0
P2,F1,13,calibration,calibrated,74,Pakistan_94095,PAK,1.183432090332312,0.13210566273351654,0.13210561274453636,0.9885966181755066,0.44555172324180603,8.598715794505551e-05,262144,180570,148019,94061.18436512296,30339.399966414174,87823,39181,5581,47985,0,0
P2,F1,13,calibration,t1,74,Pakistan_94095,PAK,1.0,0.11377949573203872,0.1137795066911097,0.9841192960739136,0.43576592206954956,0.00013361932360567153,262144,180570,148019,101227.19004973127,31408.41588408938,87823,39181,5581,47985,0,0
P2,F1,13,calibration,calibrated,75,Pakistan_9684,PAK,1.183432090332312,0.939188939167266,0.9391889408391505,0.49254295229911804,0.12682747840881348,1.2366163900878746e-05,262144,113550,424,4637.99310400234,888.0461589666063,112261,93,1034,162,0,0
P2,F1,13,calibration,t1,75,Pakistan_9684,PAK,1.0,0.9051302263212583,0.9051302167562214,0.40357786417007446,0.09986671060323715,1.5443618394783698e-05,262144,113550,424,3677.3696161268394,851.4432365472614,112261,93,1034,162,0,0
P2,F1,13,calibration,calibrated,76,USA_1010394,USA,1.183432090332312,0.9471628046400506,0.9471628060951227,0.6131266355514526,0.16590265929698944,1.2483626051107422e-05,262144,262131,479,14036.612340733032,2197.7679509055715,260228,422,1424,57,0,0
P2,F1,13,calibration,t1,76,USA_1010394,USA,1.0,0.9199667336103734,0.9199667407962088,0.5246105790138245,0.133509561419487,1.4876880413794424e-05,262144,262131,479,10898.52038043072,1892.3755047291945,260228,422,1424,57,0,0
P2,F1,13,calibration,calibrated,77,USA_1039203,USA,1.183432090332312,0.6400038724806467,0.6400038658762619,0.7643547058105469,0.2472742348909378,3.0247059839894064e-05,262144,262112,5461,20183.881225673333,4466.624727655952,255922,4579,729,882,0,0
P2,F1,13,calibration,t1,77,USA_1039203,USA,1.0,0.5531752264384854,0.5531751816005597,0.6995609998703003,0.2163877785205841,4.120528683415614e-05,262144,262112,5461,17003.35258972658,4193.6924480061325,255922,4579,729,882,0,0
P2,F1,13,calibration,calibrated,78,USA_1049586,USA,1.183432090332312,0.5883665417947399,0.5883665908681579,0.8962798714637756,0.33867526054382324,4.7637677198508754e-05,262144,262061,8982,25430.539077997328,6283.522705114474,252408,7531,673,1449,0,0
P2,F1,13,calibration,t1,78,USA_1049586,USA,1.0,0.520322542191144,0.5203225447540338,0.8619807958602905,0.31431618332862854,6.764543650206178e-05,262144,262061,8982,22191.784192296534,5924.039691839852,252408,7531,673,1449,0,0
P2,F1,13,calibration,calibrated,79,USA_1068362,USA,1.183432090332312,0.2956680981169134,0.29566808005390444,0.9888558387756348,0.4462788701057434,0.0001458957849536091,262144,262124,57415,82105.87536568403,25304.929359440684,200319,30623,4390,26792,0,0
P2,F1,13,calibration,t1,79,USA_1068362,USA,1.0,0.25971643398496913,0.259716423656406,0.9844793081283569,0.43662047386169434,0.00022681010887026787,262144,262124,57415,82563.13828406297,25296.872908362704,200319,30623,4390,26792,0,0
P2,F1,13,calibration,calibrated,80,USA_1082482,USA,1.183432090332312,0.6250629555417013,0.6250629556704522,0.9234325885772705,0.35943904519081116,3.879457653965801e-05,262144,262130,8718,28640.80118271331,7210.0840512084815,252217,7707,1195,1011,0,0
P2,F1,13,calibration,t1,80,USA_1082482,USA,1.0,0.5627464481377289,0.562746457723998,0.8966307640075684,0.3369896411895752,5.4298408940667287e-05,262144,262130,8718,25547.491803050583,6787.740732822314,252217,7707,1195,1011,0,0
P2,F1,13,calibration,calibrated,81,USA_11422,USA,1.183432090332312,0.15151677783556872,0.15151677857640145,0.9016591310501099,0.34014996886253357,0.00015692360466346145,262144,262142,66295,86409.06574545655,25460.0484114693,194674,31448,1173,34847,0,0
P2,F1,13,calibration,t1,81,USA_11422,USA,1.0,0.11874339086607155,0.11874339244070586,0.8684300184249878,0.3155648708343506,0.00025207482394762337,262144,262142,66295,92543.80680431012,26198.477053258684,194674,31448,1173,34847,0,0
P2,F1,13,calibration,calibrated,82,USA_114964,USA,1.183432090332312,0.7433145941406685,0.7433145921305466,0.7985459566116333,0.26369786262512207,3.3490901842014864e-05,262144,262125,3405,19673.638043767758,4057.2725627448995,258430,3341,290,64,0,0
P2,F1,13,calibration,t1,82,USA_114964,USA,1.0,0.6743947156373395,0.6743947275183789,0.7392433881759644,0.23269811272621155,4.5412547478917986e-05,262144,262125,3405,16403.40632978584,3625.2687655756317,258430,3341,290,64,0,0
P2,F1,13,calibration,calibrated,83,USA_115033,USA,1.183432090332312,0.8169828131845837,0.8169828045270819,0.6720954775810242,0.19576510787010193,2.1252722945064306e-05,262144,262109,1714,15155.991223396868,2542.4885609511775,259097,653,1298,1061,0,0
P2,F1,13,calibration,t1,83,USA_115033,USA,1.0,0.7477348770962493,0.7477349014941355,0.5919188261032104,0.1634916365146637,2.9066566639812663e-05,262144,262109,1714,12080.204762979649,2190.9506846754725,259097,653,1298,1061,0,0
P2,F1,13,calibration,calibrated,84,USA_170264,USA,1.183432090332312,0.22158824793528686,0.22158826718185642,0.9834919571876526,0.4345038831233978,0.00013801839668303728,262144,261982,75271,85084.86868220277,27103.037998847412,182770,35677,3975,39560,0,0
P2,F1,13,calibration,t1,84,USA_170264,USA,1.0,0.18982895840461866,0.18982894230240166,0.9770680069923401,0.42283982038497925,0.00021593848941847682,262144,261982,75271,86518.11886060145,27594.577795177614,182770,35677,3975,39560,0,0
P2,F1,13,calibration,calibrated,85,USA_179917,USA,1.183432090332312,0.32762417138187694,0.3276242069845494,0.9597465991973877,0.3975941240787506,0.0001406545634381473,262144,262094,35358,72843.97445824867,23849.336719809526,226776,34807,0,511,0,0
P2,F1,13,calibration,t1,85,USA_179917,USA,1.0,0.27805169247763095,0.2780517294232777,0.9447104930877686,0.38011136651039124,0.00021150370594114065,262144,262094,35358,75258.5684390922,24676.742400907493,226776,34807,0,511,0,0
P2,F1,13,calibration,calibrated,86,USA_181263,USA,1.183432090332312,0.8105397854680563,0.8105397957562772,0.9584602117538452,0.39243462681770325,0.0001492682349635288,207502,207499,5068,32390.376443173693,7316.369457633892,201595,4839,836,229,0,0
P2,F1,13,calibration,t1,86,USA_181263,USA,1.0,0.7717697979445093,0.7717697940357289,0.9428449273109436,0.3739958703517914,0.00020188206690363586,207502,207499,5068,27271.268222132323,6285.6019628222275,201595,4839,836,229,0,0
P2,F1,13,calibration,calibrated,87,USA_181503,USA,1.183432090332312,0.8016747595177829,0.8016747797563589,0.762590765953064,0.24403561651706696,1.9915234588552266e-05,262144,262115,2718,18605.288711567744,3521.953601116438,258477,2444,920,274,0,0
P2,F1,13,calibration,t1,87,USA_181503,USA,1.0,0.7380219303903015,0.7380219296128008,0.6964855194091797,0.21253234148025513,2.5667453883215785e-05,262144,262115,2718,14913.105288719606,3085.788725778516,258477,2444,920,274,0,0
P2,F1,13,calibration,calibrated,88,USA_19225,USA,1.183432090332312,0.6661706676377555,0.6661706735407209,0.8677675724029541,0.3122815191745758,4.801908289664425e-05,262144,262122,6460,23836.906197877426,5424.866564090755,255092,5639,570,821,0,0
P2,F1,13,calibration,t1,88,USA_19225,USA,1.0,0.5964994950341789,0.5964995108926844,0.8251503705978394,0.2849127948284149,6.813707295805216e-05,262144,262122,6460,20215.23888177434,4962.23973005202,255092,5639,570,821,0,0
P2,F1,13,calibration,calibrated,89,USA_198411,USA,1.183432090332312,0.5051442946332007,0.5051443142110162,0.9443461894989014,0.3792668879032135,0.00010691154602682218,87651,84222,6864,15892.063388179471,3717.566682121785,74806,679,2866,5871,0,0
P2,F1,13,calibration,t1,89,USA_198411,USA,1.0,0.4364463665863497,0.4364463713257618,0.9240527153015137,0.35919061303138733,0.00014442497922573239,87651,84222,6864,14314.34275963883,3405.420921776943,74806,679,2866,5871,0,0
P2,F1,13,calibration,calibrated,90,USA_211406,USA,1.183432090332312,0.7555128048956294,0.7555128067145267,0.7870291471481323,0.258583664894104,2.9259925213409588e-05,262144,262101,3346,17503.546836729805,3362.75330084098,258297,2674,458,672,0,0
P2,F1,13,calibration,t1,90,USA_211406,USA,1.0,0.6870763310671364,0.6870763305450395,0.7260336875915527,0.22773145139217377,3.9721686334814876e-05,262144,262101,3346,13895.897164766504,2916.70721415257,258297,2674,458,672,0,0
P2,F1,13,calibration,calibrated,91,USA_217598,USA,1.183432090332312,0.2518408714412679,0.2518408374209171,0.9707473516464233,0.4140349328517914,0.0001920825889101252,257309,257297,49152,70849.7085014584,20079.875311335098,197279,14767,10866,34385,0,0
P2,F1,13,calibration,t1,91,USA_217598,USA,1.0,0.21424572145308285,0.2142456536899482,0.959642231464386,0.39910006523132324,0.00028737576212733984,257309,257297,49152,72190.13540699006,19992.36060671995,197279,14767,10866,34385,0,0
P2,F1,13,calibration,calibrated,92,USA_224165,USA,1.183432090332312,0.7785851744901591,0.7785851885849444,0.6093184351921082,0.1754048615694046,2.597727689135354e-05,262144,262126,2009,10784.636035928355,1763.0516665738921,260070,1895,47,114,0,0
P2,F1,13,calibration,t1,92,USA_224165,USA,1.0,0.6968223384738114,0.6968223141640495,0.5272754430770874,0.14594659209251404,3.498057776596397e-05,262144,262126,2009,7900.185057950508,1536.8638313953725,260070,1895,47,114,0,0
P2,F1,13,calibration,calibrated,93,USA_225017,USA,1.183432090332312,0.3285276655992987,0.328527676341421,0.9682897925376892,0.41042259335517883,0.00021427239698823541,262144,262138,32329,45209.921638926695,13158.920429315262,228147,17211,1662,15118,0,0
P2,F1,13,calibration,t1,93,USA_225017,USA,1.0,0.28310664905803773,0.2831066227471055,0.956304669380188,0.3949294090270996,0.0003400722343940288,262144,262138,32329,43140.67269575284,12988.489431389811,228147,17211,1662,15118,0,0
P2,F1,13,calibration,calibrated,94,USA_231124,USA,1.183432090332312,0.9511805073294894,0.9511805072855516,0.8399209380149841,0.2866660952568054,9.23105762922205e-05,133432,129409,570,22228.045608690085,4777.120412510164,125346,224,3572,267,0,0
P2,F1,13,calibration,t1,94,USA_231124,USA,1.0,0.9336542719931656,0.9336542744745648,0.7891945242881775,0.25639602541923523,0.00012087223149137571,133432,129409,570,20401.341571737496,4370.979570821492,125346,224,3572,267,0,0
P2,F1,13,calibration,calibrated,95,USA_232060,USA,1.183432090332312,0.8770773521843644,0.8770773560090314,0.6079514026641846,0.16897550225257874,1.540651464893017e-05,262144,262127,1116,13768.849250664736,2243.2134618326045,259724,690,1287,426,0,0
P2,F1,13,calibration,t1,95,USA_232060,USA,1.0,0.8211544971750966,0.8211544935034287,0.5216185450553894,0.1380188912153244,1.9346298358868808e-05,262144,262127,1116,10809.123971683575,1969.9421865487448,259724,690,1287,426,0,0
P2,F1,13,calibration,calibrated,96,USA_251323,USA,1.183432090332312,0.7475196674423925,0.7475196520688356,0.709317684173584,0.21718506515026093,3.766716690734029e-05,261626,261038,2759,14486.535558077023,2795.2403422997877,257875,2468,502,193,0,0
P2,F1,13,calibration,t1,96,USA_251323,USA,1.0,0.6681584103775267,0.6681583851667692,0.6353623270988464,0.18561047315597534,5.183774555916898e-05,261626,261038,2759,11463.624714936555,2519.583841156295,257875,2468,502,193,0,0
P2,F1,13,calibration,calibrated,97,USA_260929,USA,1.183432090332312,0.38484223003522966,0.3848422434661515,0.9597706198692322,0.3984370529651642,0.00010385809582658112,262144,262134,25448,47975.286714882735,14852.695546273986,235703,21411,984,4036,0,0
P2,F1,13,calibration,t1,97,USA_260929,USA,1.0,0.3320382631532076,0.3320382703878265,0.9447835087776184,0.3811277747154236,0.0001576529029989615,262144,262134,25448,47210.58955661315,15025.677565052069,235703,21411,984,4036,0,0
P2,F1,13,calibration,calibrated,98,USA_275372,USA,1.183432090332312,0.8235918295891118,0.8235918147484684,0.7163357734680176,0.21827484667301178,2.1230574930086732e-05,262144,262138,2076,21064.62372351566,3993.4693566450787,257786,1630,2276,446,0,0
P2,F1,13,calibration,t1,98,USA_275372,USA,1.0,0.7610685437059328,0.761068548129064,0.64203280210495,0.18606632947921753,2.7833806598209776e-05,262144,262138,2076,18449.019221002163,3629.1887980677157,257786,1630,2276,446,0,0
P2,F1,13,calibration,calibrated,99,USA_308150,USA,1.183432090332312,0.6799471464776057,0.6799471517009926,0.936322808265686,0.37234050035476685,5.22530208399985e-05,262144,262027,8101,29618.185351371292,7074.307719698048,252684,6436,1242,1665,0,0
P2,F1,13,calibration,t1,99,USA_308150,USA,1.0,0.6237145468799217,0.6237145499140132,0.9135245680809021,0.3514842689037323,7.349134830292314e-05,262144,262027,8101,25640.1088022409,6410.463988631636,252684,6436,1242,1665,0,0
P2,F1,13,calibration,calibrated,100,USA_347609,USA,1.183432090332312,0.9004010579989781,0.9004010457165227,0.9370607137680054,0.3701079189777374,0.00011229833762627095,209488,204416,2090,26212.62726797884,5342.803426763797,201381,1393,1218,424,0,0
P2,F1,13,calibration,t1,100,USA_347609,USA,1.0,0.8747985120034348,0.874798504860403,0.9142728447914124,0.34870558977127075,0.00014769795234315097,209488,204416,2090,21523.80389628646,4449.84474299065,201381,1393,1218,424,0,0
P2,F1,13,calibration,calibrated,101,USA_348639,USA,1.183432090332312,0.26846313125564203,0.2684631593188296,0.9811089038848877,0.4297043979167938,0.0002171679079765454,262144,262118,54572,79291.55976826645,24868.077582444155,203078,31886,4468,22686,0,0
P2,F1,13,calibration,t1,101,USA_348639,USA,1.0,0.23176782235099114,0.23176788188876296,0.9737858176231384,0.4172355830669403,0.0003443184541538358,262144,262118,54572,80815.00061694777,25268.349380033844,203078,31886,4468,22686,0,0
P2,F1,13,calibration,calibrated,102,USA_350244,USA,1.183432090332312,0.41778095700614004,0.41778097989687757,0.9875157475471497,0.44319766759872437,0.00010036911407951266,262144,262120,35959,73471.27448100987,23805.908521481957,225521,35314,640,645,0,0
P2,F1,13,calibration,t1,102,USA_350244,USA,1.0,0.3733155467868332,0.3733155834919524,0.9826244711875916,0.4330103099346161,0.00014537066454067826,262144,262120,35959,73178.37727105418,24069.11740916862,225521,35314,640,645,0,0
P2,F1,13,calibration,calibrated,103,USA_354981,USA,1.183432090332312,0.3645901898503141,0.3645901659913168,0.9902920126914978,0.4497684836387634,0.00011768889817176387,262144,262011,47855,84779.8221321518,28644.064509794003,213753,46534,419,1305,0,0
P2,F1,13,calibration,t1,103,USA_354981,USA,1.0,0.3257445291421811,0.3257445662596683,0.9864690899848938,0.4407130777835846,0.00017342471983283758,262144,262011,47855,86120.22457036366,29390.30239139535,213753,46534,419,1305,0,0
P2,F1,13,calibration,calibrated,104,USA_366607,USA,1.183432090332312,0.20843759124575645,0.2084376320879544,0.9614931344985962,0.4001064598560333,0.00010214103531325236,262144,262139,57395,43012.998851489465,11419.586060156396,201675,11139,3069,46256,0,0
P2,F1,13,calibration,t1,104,USA_366607,USA,1.0,0.1747467764633347,0.17474678410686806,0.9470701217651367,0.3830053210258484,0.0001620756374904886,262144,262139,57395,39374.838187447,10837.94590780028,201675,11139,3069,46256,0,0
P2,F1,13,calibration,calibrated,105,USA_375183,USA,1.183432090332312,0.48711338068907095,0.4871133726632013,0.9739560484886169,0.41796860098838806,9.561413753544912e-05,262144,262065,21123,54962.82909438534,15430.018555609255,237928,17619,3030,3488,0,0
P2,F1,13,calibration,t1,105,USA_375183,USA,1.0,0.43562941808056377,0.43562939116053256,0.9639943242073059,0.40361279249191284,0.00014435374760068953,262144,262065,21123,53850.35221498944,15115.632030224111,237928,17619,3030,3488,0,0
P2,F1,13,calibration,calibrated,106,USA_387945,USA,1.183432090332312,0.28886025716998254,0.28886025039304475,0.9516359567642212,0.38786187767982483,0.000152394495671615,262144,262139,36447,63541.61402669685,19502.86222161073,223703,24983,1989,11464,0,0
P2,F1,13,calibration,t1,106,USA_387945,USA,1.0,0.24166865029281548,0.2416686333487078,0.9338325262069702,0.36899885535240173,0.00023714375856798142,262144,262139,36447,65060.878277822056,19884.98773579279,223703,24983,1989,11464,0,0
P2,F1,13,calibration,calibrated,107,USA_430764,USA,1.183432090332312,0.3316892786665908,0.3316892387633922,0.9510631561279297,0.38710424304008484,0.00014492937771137804,262144,262137,30258,50580.424225830415,15260.767315187646,228365,18333,3514,11925,0,0
P2,F1,13,calibration,t1,107,USA_430764,USA,1.0,0.2806209058895188,0.2806208817071565,0.9330596923828125,0.36812904477119446,0.00022456848819274455,262144,262137,30258,50085.31048159545,15388.386834334826,228365,18333,3514,11925,0,0
P2,F1,13,calibration,calibrated,108,USA_438959,USA,1.183432090332312,0.540245810892527,0.5402457954623802,0.9780606627464294,0.4251082241535187,0.0001496795448474586,253924,253900,18129,43484.49223999432,11621.883527670292,234981,12616,792,5511,0,0
P2,F1,13,calibration,t1,108,USA_438959,USA,1.0,0.489232758910605,0.4892327358347607,0.9696112275123596,0.4119102656841278,0.00021561491303145885,253924,253900,18129,39155.461361548245,10820.85583049718,234981,12616,792,5511,0,0
P2,F1,13,calibration,calibrated,109,USA_486103,USA,1.183432090332312,0.6220900614925943,0.62209005383031,0.9808735251426697,0.42973577976226807,5.3353782277554274e-05,262144,262060,16058,64932.6795916299,17639.575664401073,239881,14937,6127,1115,0,0
P2,F1,13,calibration,t1,109,USA_486103,USA,1.0,0.5735199055909959,0.5735198772615873,0.9734684824943542,0.41728541254997253,7.44223507354036e-05,262144,262060,16058,63260.41264984166,16958.390629679736,239881,14937,6127,1115,0,0
P2,F1,13,calibration,calibrated,110,USA_504150,USA,1.183432090332312,0.3193395951464342,0.3193396117113684,0.9889914989471436,0.4467011094093323,0.00013829150702804327,262144,262126,56241,98221.74617023577,33669.8698347983,205498,53366,389,2873,0,0
P2,F1,13,calibration,t1,110,USA_504150,USA,1.0,0.28079600301742424,0.2807960279718861,0.9846674799919128,0.4371170997619629,0.00020784576190635562,262144,262126,56241,101612.70841166835,34907.11262580602,205498,53366,389,2873,0,0
P2,F1,13,calibration,calibrated,111,USA_519181,USA,1.183432090332312,0.3723960477847402,0.3723959900379322,0.9893715977668762,0.4474945366382599,0.00012300105299800634,262144,262127,45824,83469.32158527231,28032.53648701214,215851,44124,453,1699,0,0
P2,F1,13,calibration,t1,111,USA_519181,USA,1.0,0.331559490912403,0.3315595156771901,0.9851934909820557,0.43804556131362915,0.00018193242431152612,262144,262127,45824,84370.18603357056,28693.654297437948,215851,44124,453,1699,0,0
P2,F1,13,calibration,calibrated,112,USA_527077,USA,1.183432090332312,0.910620103907804,0.9106201065130262,0.5697078108787537,0.14721286296844482,1.3448433492158074e-05,262144,262127,653,12981.215891939537,1830.8985606856543,260267,214,1207,439,0,0
P2,F1,13,calibration,t1,112,USA_527077,USA,1.0,0.8633968872421844,0.8633968934038323,0.4770703911781311,0.11559125036001205,1.7003731045406312e-05,262144,262127,653,9712.00283419293,1537.5604156433417,260267,214,1207,439,0,0
P2,F1,13,calibration,calibrated,113,USA_58086,USA,1.183432090332312,0.32966828433176365,0.3296682969727823,0.9674032926559448,0.4075142741203308,0.00010823333286680281,262144,262112,32957,52944.91657931995,15030.097572932622,227754,18464,1401,14493,0,0
P2,F1,13,calibration,t1,113,USA_58086,USA,1.0,0.283286531196958,0.2832865852358487,0.9550575613975525,0.39149966835975647,0.00016688040341250598,262144,262112,32957,51636.94524109616,14816.225202696914,227754,18464,1401,14493,0,0
P2,F1,13,calibration,calibrated,114,USA_595451,USA,1.183432090332312,0.19375135586240544,0.19375139927413276,0.9676167368888855,0.40901023149490356,0.00011789469863288105,262144,262136,62141,145601.08962084184,37864.377143605525,196721,44884,3275,17256,0,0
P2,F1,13,calibration,t1,114,USA_595451,USA,1.0,0.16148976391953285,0.16148972395206818,0.9553912878036499,0.39328494668006897,0.0001848069514380768,262144,262136,62141,161534.16793429144,38653.190879759626,196721,44884,3275,17256,0,0
P2,F1,13,calibration,calibrated,115,USA_604222,USA,1.183432090332312,0.44620958919549614,0.4462095646512495,0.9628965854644775,0.40212157368659973,0.00011054150672862306,262144,262123,23283,64740.29476622848,18124.42063982187,235662,19820,3178,3463,0,0
P2,F1,13,calibration,t1,115,USA_604222,USA,1.0,0.3917328827971547,0.39173291476807603,0.9489710927009583,0.38532888889312744,0.0001693306548986584,262144,262123,23283,64985.14519324963,17895.705005921413,235662,19820,3178,3463,0,0
P2,F1,13,calibration,calibrated,116,USA_605492,USA,1.183432090332312,0.3120519100326006,0.31205191366490137,0.9724713563919067,0.4156547784805298,0.00011483578418847173,262144,262125,40111,99306.24456960303,29010.6310594538,220300,38794,1714,1317,0,0
P2,F1,13,calibration,t1,116,USA_605492,USA,1.0,0.2678286220495848,0.2678286571035384,0.9619698524475098,0.4009338319301605,0.00017570624186191708,262144,262125,40111,106055.19519421885,29691.2821007291,220300,38794,1714,1317,0,0
P2,F1,13,calibration,calibrated,117,USA_638521,USA,1.183432090332312,0.5478347298064503,0.5478347273557647,0.967509925365448,0.4082489311695099,8.815836918074638e-05,262144,262141,17075,51407.46702057011,14371.365613871152,241605,15372,3461,1703,0,0
P2,F1,13,calibration,t1,117,USA_638521,USA,1.0,0.49334177727422446,0.49334176372907,0.9552148580551147,0.3923727571964264,0.00013239294639788568,262144,262141,17075,49428.60664406489,13962.600569111532,241605,15372,3461,1703,0,0
P2,F1,13,calibration,calibrated,118,USA_646878,USA,1.183432090332312,0.7346999786223218,0.7346999720284413,0.7223960757255554,0.2190411537885666,0.00010791743989102542,254040,252297,3063,17775.7749882561,3188.5903349504033,248368,1505,1169,1255,0,0
P2,F1,13,calibration,t1,118,USA_646878,USA,1.0,0.6520435896348933,0.6520436039134558,0.6482772827148438,0.18628494441509247,0.00014766801905352622,254040,252297,3063,14464.814842669497,2791.4966248444757,248368,1505,1169,1255,0,0
P2,F1,13,calibration,calibrated,119,USA_652955,USA,1.183432090332312,0.28750306891764577,0.2875030316047532,0.9447571635246277,0.37986716628074646,0.00015581266779918224,262144,262141,34561,65876.80478293009,19631.1972782496,227030,26584,551,7976,0,0
P2,F1,13,calibration,t1,119,USA_652955,USA,1.0,0.2398012411794075,0.23980127751991398,0.9246411919593811,0.3598933219909668,0.00024378964735660702,262144,262141,34561,68254.90496510259,20065.48876261782,227030,26584,551,7976,0,0
P2,F1,13,calibration,calibrated,120,USA_655230,USA,1.183432090332312,0.6917394990561432,0.6917394971801156,0.7828856706619263,0.26071053743362427,2.7665790184983052e-05,262144,262129,4481,18270.6683342893,3927.482610809462,256967,4017,681,464,0,0
P2,F1,13,calibration,t1,120,USA_655230,USA,1.0,0.6145119296706845,0.6145119266603409,0.7227992415428162,0.23091241717338562,3.786813249462284e-05,262144,262129,4481,15219.985014528687,3624.4684871283225,256967,4017,681,464,0,0
P2,F1,13,calibration,calibrated,121,USA_66026,USA,1.183432090332312,0.8339787826960341,0.8339787897453941,0.7524036765098572,0.24011841416358948,2.313989170943387e-05,262144,262141,1976,15005.730331582574,2687.9972213364053,259571,1583,594,393,0,0
P2,F1,13,calibration,t1,121,USA_66026,USA,1.0,0.7784800537852476,0.7784800557883537,0.6855869293212891,0.20894116163253784,3.061120514757931e-05,262144,262141,1976,11526.257637445837,2285.5298131119903,259571,1583,594,393,0,0
P2,F1,13,calibration,calibrated,122,USA_664261,USA,1.183432090332312,0.4905289919065845,0.49052900531766064,0.9328864216804504,0.3677467703819275,8.231621904997155e-05,262095,262087,15262,34382.164009902815,9278.999168414968,245863,11409,962,3853,0,0
P2,F1,13,calibration,t1,122,USA_664261,USA,1.0,0.42710465007457,0.4271046616784585,0.9089595079421997,0.3462281823158264,0.00012433415395207703,262095,262087,15262,31419.022001175952,8949.755971761997,245863,11409,962,3853,0,0
P2,F1,13,calibration,calibrated,123,USA_66511,USA,1.183432090332312,0.6517226401430284,0.6517226301700132,0.9173005819320679,0.35361233353614807,5.487616726895794e-05,262144,262136,7921,28887.04906500181,7428.6656746689,252244,7165,1971,756,0,0
P2,F1,13,calibration,t1,123,USA_66511,USA,1.0,0.5901026561946074,0.5901026499365918,0.8886104226112366,0.3304663598537445,7.693971565458924e-05,262144,262136,7921,25836.14801544742,7039.792933970505,252244,7165,1971,756,0,0
P2,F1,13,calibration,calibrated,124,USA_670826,USA,1.183432090332312,0.8355917517369852,0.8355917445097006,0.7545067667961121,0.24096740782260895,2.3701224563410506e-05,262144,262132,2009,24885.872299367664,4960.7123909377315,257253,1869,2870,140,0,0
P2,F1,13,calibration,t1,124,USA_670826,USA,1.0,0.7812032804374378,0.7812033045209635,0.6877158284187317,0.20972445607185364,3.0888015317032114e-05,262144,262132,2009,23246.852368123167,4600.435223125667,257253,1869,2870,140,0,0
P2,F1,13,calibration,calibrated,125,USA_67102,USA,1.183432090332312,0.3738055052416094,0.3738054605169243,0.9399619102478027,0.3752909302711487,0.00015301692474167794,262144,262091,22787,37317.369601480794,10404.920847286512,238689,13911,615,8876,0,0
P2,F1,13,calibration,t1,125,USA_67102,USA,1.0,0.31826799269797024,0.3182679922494258,0.9183251261711121,0.35476014018058777,0.0002403446997050196,262144,262091,22787,34836.53683228826,10200.842691647107,238689,13911,615,8876,0,0
P2,F1,13,calibration,calibrated,126,USA_693819,USA,1.183432090332312,0.8994790401951203,0.8994790485080509,0.6519256234169006,0.18279336392879486,1.6962025256361812e-05,262144,262104,924,16616.083960519627,2842.4436691914316,259293,357,1887,567,0,0
P2,F1,13,calibration,t1,126,USA_693819,USA,1.0,0.8537771389549014,0.8537771328151559,0.5671022534370422,0.14974874258041382,2.1659509002347477e-05,262144,262104,924,13390.883570441798,2483.7907393643923,259293,357,1887,567,0,0
P2,F1,13,calibration,calibrated,127,USA_741073,USA,1.183432090332312,0.8783789649512455,0.8783789631549147,0.6915558576583862,0.2036346197128296,2.3195727408165112e-05,262144,262115,1434,19387.259161527996,3636.4409477826866,257907,833,2774,601,0,0
P2,F1,13,calibration,t1,127,USA_741073,USA,1.0,0.8288637415816974,0.8288637373099642,0.6126521229743958,0.17084918916225433,3.09934293909464e-05,262144,262115,1434,16138.973316989643,3278.2706568034173,257907,833,2774,601,0,0
P2,F1,13,calibration,calibrated,128,USA_741178,USA,1.183432090332312,0.4198093647254818,0.419809372808606,0.9771350026130676,0.42301174998283386,6.14793534623459e-05,262144,262117,28828,59655.508454745024,18877.534511237234,232452,28219,837,609,0,0
P2,F1,13,calibration,t1,128,USA_741178,USA,1.0,0.37008862426453604,0.37008864688917364,0.968339204788208,0.40945911407470703,8.923286077333614e-05,262144,262117,28828,59013.53822529466,19097.415877170406,232452,28219,837,609,0,0
P2,F1,13,calibration,calibrated,129,USA_758178,USA,1.183432090332312,0.7006563507549218,0.7006563690384471,0.8123968839645386,0.27190807461738586,3.249057044740766e-05,262144,262133,4795,23840.511969689498,5121.240172933663,256301,4215,1037,580,0,0
P2,F1,13,calibration,t1,129,USA_758178,USA,1.0,0.625902088727456,0.6259021004513685,0.755874514579773,0.24125343561172485,4.5076034439262e-05,262144,262133,4795,20577.204735452848,4682.1561084468685,256301,4215,1037,580,0,0
P2,F1,13,calibration,calibrated,130,USA_761032,USA,1.183432090332312,0.37320493823886336,0.3732049016819772,0.9756198525428772,0.42036497592926025,0.00010668490722309798,262144,262125,30852,67009.33084591525,19836.54368471763,226311,23697,4962,7155,0,0
P2,F1,13,calibration,t1,130,USA_761032,USA,1.0,0.3262163037676098,0.3262163246499179,0.9662618041038513,0.4063809812068939,0.0001642587303649634,262144,262125,30852,68514.3106286104,19996.82704227801,226311,23697,4962,7155,0,0
P2,F1,13,calibration,calibrated,131,USA_770353,USA,1.183432090332312,0.2315847133823289,0.23158466900642993,0.9804608821868896,0.4294542670249939,0.0001548575673950836,262144,262141,63867,75388.84845464976,23980.82650823889,195182,32532,3092,31335,0,0
P2,F1,13,calibration,t1,131,USA_770353,USA,1.0,0.19820581320855968,0.19820576722539984,0.9729061126708984,0.4169701337814331,0.000246355717536062,262144,262141,63867,76742.31554543387,24440.912435562877,195182,32532,3092,31335,0,0
P2,F1,13,calibration,calibrated,132,USA_778194,USA,1.183432090332312,0.6479126996753815,0.6479127212738643,0.8966351747512817,0.33511415123939514,4.444963269634172e-05,262144,262070,7675,26321.10726281075,5910.390383436151,253325,4907,1070,2768,0,0
P2,F1,13,calibration,t1,132,USA_778194,USA,1.0,0.5812831802585088,0.5812832018233545,0.8618218898773193,0.3098982274532318,6.298944936133921e-05,262144,262070,7675,22224.86554619325,5293.004737308509,253325,4907,1070,2768,0,0
P2,F1,13,calibration,calibrated,133,USA_788696,USA,1.183432090332312,0.10040660196755602,0.10040661556734798,0.9314903616905212,0.36651259660720825,5.3263527661329135e-05,262144,262126,111337,41039.86389792619,10768.736942500142,144106,6572,6683,104765,0,0
P2,F1,13,calibration,t1,133,USA_788696,USA,1.0,0.08000033547467977,0.08000038378208696,0.9071274995803833,0.3448513150215149,8.224815974244848e-05,262144,262126,111337,38040.59064232419,10354.875841437182,144106,6572,6683,104765,0,0
P2,F1,13,calibration,calibrated,134,USA_806273,USA,1.183432090332312,0.42798340890256403,0.4279834292562349,0.963333785533905,0.4029449224472046,7.080290379235521e-05,262144,262131,23107,58746.40210040979,17451.631329546304,235111,21233,3914,1873,0,0
P2,F1,13,calibration,t1,134,USA_806273,USA,1.0,0.37373154601038083,0.3737315575278418,0.9495766162872314,0.3862903416156769,0.00010357739665778354,262144,262131,23107,59484.44463485708,17614.41658219775,235111,21233,3914,1873,0,0
P2,F1,13,calibration,calibrated,135,USA_826217,USA,1.183432090332312,0.57380414665317,0.5738041598939785,0.9334593415260315,0.3687872886657715,5.3689273045165464e-05,262144,262126,11515,31529.5174084358,7490.670014514237,249841,7787,770,3728,0,0
P2,F1,13,calibration,t1,135,USA_826217,USA,1.0,0.5127686088220542,0.512768572353058,0.9097573757171631,0.3474416434764862,7.961074879858643e-05,262144,262126,11515,27477.800414022255,6814.392873463506,249841,7787,770,3728,0,0
P2,F1,13,calibration,calibrated,136,USA_831672,USA,1.183432090332312,0.2890808410245912,0.28908087436880636,0.9890964031219482,0.44680139422416687,0.0001739841391099617,262144,262116,63254,99548.06892659579,32903.1515200766,194826,46333,4042,16915,0,0
P2,F1,13,calibration,t1,136,USA_831672,USA,1.0,0.25340241649202844,0.2534024839877842,0.9848116636276245,0.4372319281101227,0.0002677122538443655,262144,262116,63254,103069.58754931303,33817.83160528317,194826,46333,4042,16915,0,0
P2,F1,13,calibration,calibrated,137,USA_84195,USA,1.183432090332312,0.5785238047608765,0.5785238183517568,0.8157846331596375,0.2743496298789978,5.269454777589999e-05,262144,262137,7287,24018.8891624597,5409.448159144971,253672,4654,1178,2633,0,0
P2,F1,13,calibration,t1,137,USA_84195,USA,1.0,0.49565174848680715,0.4956517590783618,0.7602633833885193,0.2439073920249939,7.781808380968869e-05,262144,262137,7287,20921.582619069937,5045.170894722987,253672,4654,1178,2633,0,0
P2,F1,13,calibration,calibrated,138,USA_86502,USA,1.183432090332312,0.4064795900814743,0.40647961531171417,0.8848546743392944,0.3272712528705597,4.1607760067563504e-05,262144,262132,16025,176593.12369842286,48475.2553714588,192021,3749,54086,12276,0,0
P2,F1,13,calibration,t1,138,USA_86502,USA,1.0,0.3387260586004974,0.33872605520169863,0.8471102714538574,0.301520973443985,6.108035449869931e-05,262144,262132,16025,201291.0968464975,50029.460730332496,192021,3749,54086,12276,0,0
P2,F1,13,calibration,calibrated,139,USA_905409,USA,1.183432090332312,0.21271174273271398,0.2127116883220732,0.9656106233596802,0.4061693251132965,9.743278496898711e-05,262144,262099,53680,39069.502137643634,10221.274898022664,206330,11302,2090,42377,0,0
P2,F1,13,calibration,t1,139,USA_905409,USA,1.0,0.17872515827328184,0.17872522034253646,0.9526752829551697,0.3900117576122284,0.0001530789741082117,262144,262099,53680,35201.4342684221,9637.828047080318,206330,11302,2090,42377,0,0
P2,F1,13,calibration,calibrated,140,USA_908474,USA,1.183432090332312,0.6137129336748164,0.613712950523506,0.9643591642379761,0.404745876789093,2.1902495063841343e-05,262144,262071,13526,43450.05296110267,11707.092627955011,246764,13461,1781,65,0,0
P2,F1,13,calibration,t1,140,USA_908474,USA,1.0,0.5589439589507159,0.5589439997313499,0.9509748816490173,0.3883821368217468,2.8525968446047045e-05,262144,262071,13526,39969.87825507831,11126.191533343706,246764,13461,1781,65,0,0
P2,F1,13,calibration,calibrated,141,USA_933610,USA,1.183432090332312,0.5969136285832105,0.596913613945566,0.919664740562439,0.3555627763271332,6.23814485152252e-05,262144,262027,9794,28023.578522944714,6714.434866996451,251511,6693,722,3101,0,0
P2,F1,13,calibration,t1,141,USA_933610,USA,1.0,0.5315026232681151,0.5315026330207686,0.8916856646537781,0.3326237201690674,9.18468795134686e-05,262144,262027,9794,24153.976888359895,6149.680614489563,251511,6693,722,3101,0,0
P2,F1,13,calibration,calibrated,142,USA_955053,USA,1.183432090332312,0.2117582450859452,0.21175824251757924,0.9771050214767456,0.42293602228164673,0.00013224071881268173,262144,262140,72145,115667.76774647157,34978.46567579301,183470,42832,6525,29313,0,0
P2,F1,13,calibration,t1,142,USA_955053,USA,1.0,0.17952735927080432,0.17952732976429697,0.968296468257904,0.4093697965145111,0.00020725342619698495,262144,262140,72145,123932.26425193781,36012.53663713891,183470,42832,6525,29313,0,0
P2,F1,13,calibration,calibrated,143,USA_986268,USA,1.183432090332312,0.464291958166411,0.46429195417685976,0.9108214974403381,0.3489369750022888,5.161774606676772e-05,262144,262123,14103,32933.47030595923,9026.116067531833,244425,8606,3595,5497,0,0
P2,F1,13,calibration,t1,143,USA_986268,USA,1.0,0.3979671286417319,0.39796714108544595,0.8803929090499878,0.32540377974510193,7.48478269088082e-05,262144,262123,14103,31168.070015514902,8895.202756336761,244425,8606,3595,5497,0,0
P2,F1,13,calibration,calibrated,144,USA_994009,USA,1.183432090332312,0.8830095246744765,0.8830095215046543,0.7733607888221741,0.24818189442157745,1.7371563444612548e-05,262144,262018,1583,19323.503222788735,3523.9262456199185,258977,1144,1458,439,0,0
P2,F1,13,calibration,t1,144,USA_994009,USA,1.0,0.8416772567632391,0.8416772558209612,0.7087612152099609,0.21640336513519287,2.1948608264210634e-05,262144,262018,1583,15526.235485941848,3001.3732395546704,258977,1144,1458,439,0,0
P2,F1,13,test,calibrated,0,Bolivia_103757,BOL,1.183432090332312,0.30418831227503795,0.3041882996958074,0.996852695941925,0.47128811478614807,5.4847878345754e-05,101623,88077,36173,28412.71953283044,8517.369740296986,51955,760,7982,27380,0,0
P2,F1,13,test,t1,0,Bolivia_103757,BOL,1.0,0.27225434856229136,0.27225431522949084,0.9955989718437195,0.4660508930683136,7.461125642294064e-05,101623,88077,36173,26945.920826526188,8128.787351566614,51955,760,7982,27380,0,0
P2,F1,13,test,calibrated,1,Bolivia_129334,BOL,1.183432090332312,0.2700658729834038,0.2700658807584654,0.9971891045570374,0.47297632694244385,9.321326069766656e-05,261395,237065,102821,128113.10801123593,44796.98278900915,78717,2281,71311,84756,0,0
P2,F1,13,test,t1,1,Bolivia_129334,BOL,1.0,0.2449428810215074,0.24494287499343592,0.9960689544677734,0.468044251203537,0.0001432723947800696,261395,237065,102821,134458.69756435105,46406.84163094105,78717,2281,71311,84756,0,0
P2,F1,13,test,calibrated,2,Bolivia_195474,BOL,1.183432090332312,0.6514475226657521,0.6514475360267904,0.6711534261703491,0.20756056904792786,2.2272901333053596e-05,262144,261335,3980,16554.01564792759,3847.344369697454,256006,3778,1349,202,0,0
P2,F1,13,test,t1,2,Bolivia_195474,BOL,1.0,0.5603287247317117,0.5603287608185894,0.5972994565963745,0.17842458188533783,3.0382234399439767e-05,262144,261335,3980,14536.21042345186,3748.381446547161,256006,3778,1349,202,0,0
P2,F1,13,test,calibrated,3,Bolivia_23014,BOL,1.183432090332312,0.38781710926572355,0.3878171210016449,0.5728480219841003,0.1652190238237381,0.00010777159332064912,193558,182995,8442,10983.000304255733,1900.0987279055591,173690,1525,863,6917,0,0
P2,F1,13,test,t1,3,Bolivia_23014,BOL,1.0,0.2849124856299984,0.2849125034499471,0.49207502603530884,0.13782742619514465,0.00015281008381862193,193558,182995,8442,8404.767257109717,1754.4259256317594,173690,1525,863,6917,0,0
P2,F1,13,test,calibrated,4,Bolivia_233925,BOL,1.183432090332312,0.8941203683916572,0.8941203692716154,0.37513139843940735,0.08604418486356735,0.00012198696640552953,197636,146294,648,5567.295974105182,437.7846426175149,145879,414,1,0,0,0
P2,F1,13,test,t1,4,Bolivia_233925,BOL,1.0,0.8281293476205698,0.8281293594255472,0.2851879894733429,0.06367706507444382,0.00017042124818544835,197636,146294,648,3409.0535849102243,321.2937549397459,145879,414,1,0,0,0
P2,F1,13,test,calibrated,5,Bolivia_242570,BOL,1.183432090332312,0.49328699917706886,0.4932869836448657,0.9691965579986572,0.41068169474601746,2.8984464734094217e-05,262144,175507,20641,55021.633093195094,17100.011253055185,140433,7728,16568,10778,0,0
P2,F1,13,test,t1,5,Bolivia_242570,BOL,1.0,0.4408249927704393,0.4408250147891569,0.9575048685073853,0.3951795995235443,4.047112088301219e-05,262144,175507,20641,56219.40720452663,17310.723246399808,140433,7728,16568,10778,0,0
P2,F1,13,test,calibrated,6,Bolivia_290290,BOL,1.183432090332312,0.4187001100846224,0.41870012279504665,0.9249729514122009,0.3617619574069977,6.266372656682506e-05,262144,204633,15500,31495.467636059708,9262.9670018819,182469,2465,11292,8407,0,0
P2,F1,13,test,t1,6,Bolivia_290290,BOL,1.0,0.3598542594577243,0.35985427008152504,0.8987590074539185,0.33968162536621094,9.7165051556658e-05,262144,204633,15500,31725.21617281691,9429.39716322053,182469,2465,11292,8407,0,0
P2,F1,13,test,calibrated,7,Bolivia_294583,BOL,1.183432090332312,0.16279291113063588,0.1627928876474415,0.8613731861114502,0.3115135729312897,0.00017575142555870116,262144,130472,43754,20334.646630401505,5693.161106230128,108691,6773,818,14190,0,0
P2,F1,13,test,t1,7,Bolivia_294583,BOL,1.0,0.12664996885826807,0.12664993133539748,0.8180797100067139,0.2847032845020294,0.0002855396887753159,262144,130472,43754,20545.2476259258,5786.108974129793,108691,6773,818,14190,0,0
P2,F1,13,test,calibrated,8,Bolivia_312675,BOL,1.183432090332312,0.640835752231256,0.6408357260410967,0.8601145148277283,0.3083786070346832,8.400661317864433e-05,253960,158008,5597,18785.418823365166,5394.051526552482,147600,833,6939,2636,0,0
P2,F1,13,test,t1,8,Bolivia_312675,BOL,1.0,0.5707388199604349,0.5707387927740764,0.8161875009536743,0.2809944450855255,0.00011261496547376737,253960,158008,5597,18183.64378253154,5446.13071280897,147600,833,6939,2636,0,0
P2,F1,13,test,calibrated,9,Bolivia_314919,BOL,1.183432090332312,0.1342083082248554,0.13420833719493952,0.9788135886192322,0.4251347482204437,7.063021621434018e-05,262144,188845,132259,51978.07400107307,15763.994113676632,94947,10220,10328,73350,0,0
P2,F1,13,test,t1,9,Bolivia_314919,BOL,1.0,0.11302820431523519,0.11302821459520529,0.9706262946128845,0.411901593208313,0.00010554764594417065,262144,188845,132259,51546.47927673958,15660.484614663472,94947,10220,10328,73350,0,0
P2,F1,13,test,calibrated,10,Bolivia_360519,BOL,1.183432090332312,0.6983623932869256,0.6983623776655024,0.2788504660129547,0.05747062712907791,4.36330956290476e-05,250723,243678,1490,9036.59040053354,1430.9030071677228,241858,1406,330,84,0,0
P2,F1,13,test,t1,10,Bolivia_360519,BOL,1.0,0.5492441777136083,0.5492441721622703,0.19825302064418793,0.039923686534166336,6.170565029606223e-05,250723,243678,1490,7119.204165786874,1405.555856479677,241858,1406,330,84,0,0
P2,F1,13,test,calibrated,11,Bolivia_379434,BOL,1.183432090332312,0.3170275162939882,0.3170275094587126,0.9480963945388794,0.3837839365005493,0.00011678668670356274,262144,262144,30405,61768.78778997389,19199.808795533718,227597,23757,4142,6648,0,0
P2,F1,13,test,t1,11,Bolivia_379434,BOL,1.0,0.26821380838451925,0.2682138640153149,0.9291026592254639,0.3643564283847809,0.00017783640942070633,262144,262144,30405,64096.32120373278,19741.96154299357,227597,23757,4142,6648,0,0
P2,F1,13,test,calibrated,12,Bolivia_432776,BOL,1.183432090332312,0.5065990232799351,0.5065989799269551,0.9945838451385498,0.46253472566604614,0.00012352614430710673,210723,155397,27759,90683.24296030955,32194.43122121886,82314,938,54591,17554,0,0
P2,F1,13,test,t1,12,Bolivia_432776,BOL,1.0,0.46786319021340694,0.4678632173030597,0.9924351572990417,0.4557289481163025,0.0001742057065712288,210723,155397,27759,97029.59439039761,33877.23934057693,82314,938,54591,17554,0,0
P2,F1,13,test,calibrated,13,Bolivia_60373,BOL,1.183432090332312,0.38396387610311655,0.3839638533825015,0.8819116950035095,0.3248334228992462,0.00014263132470659912,221330,199019,16166,17169.918692979998,3739.8727944013763,184285,2254,2293,10187,0,0
P2,F1,13,test,t1,13,Bolivia_60373,BOL,1.0,0.3121846944393928,0.31218466498996167,0.8434238433837891,0.29884886741638184,0.00019648493616841733,221330,199019,16166,14159.954564048781,3451.876167086989,184285,2254,2293,10187,0,0
P2,F1,13,test,calibrated,14,Bolivia_76104,BOL,1.183432090332312,0.999999999975967,1.0,0.18836459517478943,0.0290431659668684,1.7384583088642103e-06,262144,190965,0,3095.674557395523,60.84640986591961,190960,0,5,0,0,0
P2,F1,13,test,t1,14,Bolivia_76104,BOL,1.0,0.9999999999500444,1.0,0.11489685624837875,0.015584778971970081,1.33436174110102e-06,262144,190965,0,1496.935520523378,18.827247990885297,190960,0,5,0,0,0
P2,F1,13,test,calibrated,15,Mekong_1111068,KHM,1.183432090332312,0.494517119169671,0.4945171329214697,0.9913832545280457,0.4528205096721649,3.9752158045303077e-05,262144,262098,28103,60324.09885730954,18883.95907456926,229977,24672,4018,3431,0,0
P2,F1,13,test,t1,15,Mekong_1111068,KHM,1.0,0.4539289136072274,0.4539289433823811,0.9879846572875977,0.4443002939224243,5.6987009884323925e-05,262144,262098,28103,58352.83072754943,18631.141376627696,229977,24672,4018,3431,0,0
P2,F1,13,test,calibrated,16,Mekong_1149855,KHM,1.183432090332312,0.2172203151488159,0.2172203245688369,0.8838434815406799,0.3273521661758423,0.00013645431317854673,262144,224775,35253,40650.277325693,12608.024785265203,192562,14953,2692,14568,0,0
P2,F1,13,test,t1,16,Mekong_1149855,KHM,1.0,0.1724988699212524,0.17249884700762397,0.8459407091140747,0.3017224669456482,0.00021358543017413467,262144,224775,35253,41924.53476625782,13053.412540126792,192562,14953,2692,14568,0,0
P2,F1,13,test,calibrated,17,Mekong_1191208,KHM,1.183432090332312,0.22904240196701875,0.2290424108034268,0.5782633423805237,0.16096502542495728,0.00012946646893396974,262144,202312,18497,14414.06687872933,2805.660057277477,185692,1355,1816,13449,0,0
P2,F1,13,test,t1,17,Mekong_1191208,KHM,1.0,0.16118539149614808,0.16118535987191662,0.49230268597602844,0.13176186382770538,0.000205083706532605,262144,202312,18497,12641.75623795519,2676.649866646446,185692,1355,1816,13449,0,0
P2,F1,13,test,calibrated,18,Mekong_119477,KHM,1.183432090332312,0.6240001755650988,0.6240001701504714,0.6379011273384094,0.20433543622493744,1.4687861039419658e-05,262144,260952,4420,12993.095729920511,2925.938156243492,255110,2846,1422,1574,0,0
P2,F1,13,test,t1,18,Mekong_119477,KHM,1.0,0.535110353488451,0.5351103761264568,0.5676016807556152,0.17856265604496002,1.9406394130783156e-05,262144,260952,4420,10756.53358614447,2820.435283789307,255110,2846,1422,1574,0,0
P2,F1,13,test,calibrated,19,Mekong_1248200,KHM,1.183432090332312,0.14596675884152333,0.14596668812335245,0.9936885237693787,0.45930415391921997,3.995026781922206e-05,262144,260988,183809,92831.37175125061,27744.24004106233,49978,6422,28118,176470,0,0
P2,F1,13,test,t1,19,Mekong_1248200,KHM,1.0,0.12717679022762962,0.12717675251273153,0.9911878108978271,0.4519219696521759,5.77757200517226e-05,262144,260988,183809,91258.61548311813,26963.210157051708,49978,6422,28118,176470,0,0
P2,F1,13,test,calibrated,20,Mekong_1282475,KHM,1.183432090332312,0.15782221524255236,0.15782221066026947,0.6779150366783142,0.21378937363624573,7.784362242091447e-05,262144,262144,31233,19137.163552486913,4788.707455715854,229819,5774,1092,25459,0,0
P2,F1,13,test,t1,20,Mekong_1282475,KHM,1.0,0.11413107068203099,0.11413109146560074,0.6067459583282471,0.18538115918636322,0.00012169803085271269,262144,262144,31233,17176.061371800635,4796.196895057201,229819,5774,1092,25459,0,0
P2,F1,13,test,calibrated,21,Mekong_1395593,KHM,1.183432090332312,0.1822170541349064,0.18221710861117335,0.5941404700279236,0.17585697770118713,6.037277853465639e-05,262144,261728,22744,19247.111452605513,4663.043008429582,237842,5011,1142,17733,0,0
P2,F1,13,test,t1,21,Mekong_1395593,KHM,1.0,0.12831890131397472,0.1283188455368135,0.5156647562980652,0.14845509827136993,9.314369526691735e-05,262144,261728,22744,17834.898447186344,4682.5606568136245,237842,5011,1142,17733,0,0
P2,F1,13,test,calibrated,22,Mekong_1396181,KHM,1.183432090332312,0.19873702933478155,0.1987370497093427,0.9969447255134583,0.47184163331985474,4.7479836212005466e-05,262144,243062,150387,87724.22794715485,28250.35307169093,81074,16981,23187,121820,0,0
P2,F1,13,test,t1,22,Mekong_1396181,KHM,1.0,0.178206740222551,0.17820676160096882,0.9957276582717896,0.46670472621917725,6.825408490840346e-05,262144,243062,150387,85673.137073814,27786.725633274116,81074,16981,23187,121820,0,0
P2,F1,13,test,calibrated,23,Mekong_1413877,KHM,1.183432090332312,0.5768795725383402,0.5768795741318641,0.48454684019088745,0.13254596292972565,2.0517438315437175e-05,262144,256968,3622,11016.756458982201,2320.6709376081803,252383,2073,1154,1358,0,0
P2,F1,13,test,t1,23,Mekong_1413877,KHM,1.0,0.4581733868117709,0.458173410812743,0.40273773670196533,0.10805727541446686,2.836150633811485e-05,262144,256968,3622,9076.76074065959,2291.7372923355606,252383,2073,1154,1358,0,0
P2,F1,13,test,calibrated,24,Mekong_1439641,KHM,1.183432090332312,0.08331721472507769,0.083317171215472,0.9713096618652344,0.4131920635700226,5.709055403713137e-05,262144,262083,188742,50722.64094504902,14047.95059669958,59980,4301,13361,184441,0,0
P2,F1,13,test,t1,24,Mekong_1439641,KHM,1.0,0.06843938289670826,0.06843940818337635,0.9603673815727234,0.39805448055267334,8.877851360011846e-05,262144,262083,188742,47221.796165076186,13467.773336021355,59980,4301,13361,184441,0,0
P2,F1,13,test,calibrated,25,Mekong_1443339,KHM,1.183432090332312,0.1281743823158199,0.12817444606684913,0.9936062097549438,0.45934969186782837,6.0907885199412704e-05,262144,262135,180431,76358.66327177772,23002.52604307395,60944,8408,20760,172023,0,0
P2,F1,13,test,t1,25,Mekong_1443339,KHM,1.0,0.11137843131593694,0.1113784319745239,0.9910740852355957,0.4519786536693573,9.210165444528684e-05,262144,262135,180431,73771.2852165363,22333.910845659113,60944,8408,20760,172023,0,0
P2,F1,13,test,calibrated,26,Mekong_16233,KHM,1.183432090332312,0.08582700016651024,0.08582704788973616,0.6451916694641113,0.19857272505760193,4.1117018554359674e-05,262144,262132,63908,17318.296780976183,3538.685029674187,196857,3064,1367,60844,0,0
P2,F1,13,test,t1,26,Mekong_16233,KHM,1.0,0.05946685272093932,0.05946679312293934,0.5704594850540161,0.17043428122997284,6.280926027102396e-05,262144,262132,63908,14393.339021345437,3374.17367949745,196857,3064,1367,60844,0,0
P2,F1,13,test,calibrated,27,Mekong_213094,KHM,1.183432090332312,0.9523982846846558,0.9523982867419784,0.26384881138801575,0.04995279386639595,4.555810392048443e-06,261386,229843,194,4587.017185162569,241.36426545842156,229675,57,102,9,0,0
P2,F1,13,test,t1,27,Mekong_213094,KHM,1.0,0.9100241961812634,0.9100242007756713,0.18151086568832397,0.03239655867218971,4.7798926061659586e-06,261386,229843,194,2572.722589849699,170.67075297607613,229675,57,102,9,0,0
P2,F1,13,test,calibrated,28,Mekong_221789,KHM,1.183432090332312,0.9999999999755862,1.0,0.1813054084777832,0.027603816241025925,1.7565294001542497e-06,262144,215327,0,3363.2879175113585,58.85235885902982,215327,0,0,0,0,0
P2,F1,13,test,t1,28,Mekong_221789,KHM,1.0,0.9999999999489835,1.0,0.10945190489292145,0.014641213230788708,1.3092279687043629e-06,262144,215327,0,1600.650128449113,14.319226514911193,215327,0,0,0,0,0
P2,F1,13,test,calibrated,29,Mekong_254910,KHM,1.183432090332312,0.32479472716072766,0.3247947444626239,0.9050701260566711,0.3436778783798218,6.0772737924708053e-05,262144,205495,22133,40696.91589094415,11222.813310677118,190265,15095,92,43,0,0
P2,F1,13,test,t1,29,Mekong_254910,KHM,1.0,0.26906840902703877,0.2690684113616024,0.8729422092437744,0.3195474445819855,8.970566705102101e-05,262144,205495,22133,42300.95697287919,11368.7926609142,190265,15095,92,43,0,0
P2,F1,13,test,calibrated,30,Mekong_269835,KHM,1.183432090332312,0.8716468110842163,0.8716468129486633,0.19109629094600677,0.03247988596558571,1.0410246432002168e-05,262144,212236,389,3894.4259841536505,255.33004333369098,211662,91,185,298,0,0
P2,F1,13,test,t1,30,Mekong_269835,KHM,1.0,0.7644274963407633,0.7644274668435385,0.1209338828921318,0.019480573013424873,1.4955523511162028e-05,262144,212236,389,2236.7504860406893,217.85232948367383,211662,91,185,298,0,0
P2,F1,13,test,calibrated,31,Mekong_293769,KHM,1.183432090332312,0.1560923938309814,0.15609239635632333,0.691499650478363,0.2199489176273346,4.880717824562453e-05,261430,230540,34856,15900.321887519754,3451.4431775611965,196880,3240,1502,28918,0,0
P2,F1,13,test,t1,31,Mekong_293769,KHM,1.0,0.11341688745215295,0.11341687538845446,0.6208388805389404,0.191336989402771,7.20930183888413e-05,261430,230540,34856,13229.730238881999,3314.6913730703877,196880,3240,1502,28918,0,0
P2,F1,13,test,calibrated,32,Mekong_333434,KHM,1.183432090332312,0.542260179056749,0.5422601453031604,0.8228909373283386,0.28810691833496094,3.9601112803211436e-05,262144,203133,7846,16213.455499744274,4204.109682136783,195889,3960,1971,1313,0,0
P2,F1,13,test,t1,32,Mekong_333434,KHM,1.0,0.4648789700004654,0.46487894410881747,0.771712601184845,0.2601902484893799,5.656521170749329e-05,262144,203133,7846,14752.173790886354,4146.319934800127,195889,3960,1971,1313,0,0
P2,F1,13,test,calibrated,33,Mekong_342411,KHM,1.183432090332312,0.17147946985129892,0.17147944473618826,0.7850632071495056,0.2651160657405853,4.363058542367071e-05,262144,262141,35428,27086.85502491168,7389.385955328992,224805,8422,1908,27006,0,0
P2,F1,13,test,t1,33,Mekong_342411,KHM,1.0,0.12891315657543334,0.12891314750683758,0.7262222170829773,0.23611405491828918,6.590663542738184e-05,262144,262141,35428,25788.544688514907,7462.415777963124,224805,8422,1908,27006,0,0
P2,F1,13,test,calibrated,34,Mekong_382276,KHM,1.183432090332312,0.2069016647402755,0.20690168881277338,0.28672975301742554,0.059796035289764404,3.3225722290808335e-05,262144,262111,11049,8799.586758636404,1208.687727420869,250982,1321,80,9728,0,0
P2,F1,13,test,t1,34,Mekong_382276,KHM,1.0,0.12325090396825533,0.12325084651395468,0.2057088017463684,0.04183822125196457,5.124636663822457e-05,262144,262111,11049,6787.9572645015405,1154.8553321629572,250982,1321,80,9728,0,0
P2,F1,13,test,calibrated,35,Mekong_424793,KHM,1.183432090332312,0.49250024310535345,0.49250020126688343,0.5448098182678223,0.14921002089977264,2.932822644652333e-05,262144,258487,5028,14241.298586897936,2994.933886513574,252116,2368,1343,2660,0,0
P2,F1,13,test,t1,35,Mekong_424793,KHM,1.0,0.38069209350686106,0.38069209884660593,0.45888930559158325,0.12129686772823334,4.150944732828066e-05,262144,258487,5028,12353.848302911234,2916.892389383852,252116,2368,1343,2660,0,0
P2,F1,13,test,calibrated,36,Mekong_45934,KHM,1.183432090332312,0.9814486908177903,0.9814486900966776,0.23030349612236023,0.040544573217630386,4.622987034963444e-06,262144,261859,70,5218.986564031012,343.26284922967614,261527,36,262,34,0,0
P2,F1,13,test,t1,36,Mekong_45934,KHM,1.0,0.9627992703814047,0.9627992681063027,0.15159736573696136,0.024797366932034492,5.06428978042095e-06,262144,261859,70,3082.3388840816833,281.71074089637426,261527,36,262,34,0,0
P2,F1,13,test,calibrated,37,Mekong_474783,KHM,1.183432090332312,0.6993703530105639,0.6993703680066362,0.8098589777946472,0.2787242829799652,3.3557000278960913e-05,262144,262119,4370,21454.23204358162,5294.7319805851475,253725,2614,4024,1756,0,0
P2,F1,13,test,t1,37,Mekong_474783,KHM,1.0,0.6291949639217573,0.629194923537424,0.7554442882537842,0.2500651776790619,4.6302800910780206e-05,262144,262119,4370,19296.811982695654,5103.331493796536,253725,2614,4024,1756,0,0
P2,F1,13,test,calibrated,38,Mekong_52610,KHM,1.183432090332312,0.15268369397802994,0.15268363734445023,0.9961865544319153,0.4685397446155548,2.6927993530989625e-05,262144,262144,177850,90037.31910582053,28363.442931715632,47490,3981,36804,173869,0,0
P2,F1,13,test,t1,38,Mekong_52610,KHM,1.0,0.13472319102243635,0.13472320188321807,0.9946693778038025,0.4628082513809204,3.767567250179127e-05,262144,262144,177850,87756.43210688065,27856.67022155053,47490,3981,36804,173869,0,0
P2,F1,13,test,calibrated,39,Mekong_596495,KHM,1.183432090332312,0.0637138618191816,0.06371378337528999,0.9619279503822327,0.4004049003124237,3.6308068956714123e-05,262143,229483,194099,40888.110217629175,11760.434301997313,49409,2931,12593,164550,0,0
P2,F1,13,test,t1,39,Mekong_596495,KHM,1.0,0.051258386321369476,0.05125833157211401,0.9476557970046997,0.3833370506763458,5.4455675126519054e-05,262143,229483,194099,38904.01515351355,11607.826168048121,49409,2931,12593,164550,0,0
P2,F1,13,test,calibrated,40,Mekong_774566,KHM,1.183432090332312,0.0965692645436722,0.09656926466749938,0.8637872934341431,0.30796098709106445,7.965003896970302e-05,262144,227728,93667,39800.52566584881,10745.126670439873,148665,2020,11499,65544,0,0
P2,F1,13,test,t1,40,Mekong_774566,KHM,1.0,0.07390718655188755,0.0739071258462336,0.8199382424354553,0.2800309360027313,0.00012688458082266152,262144,227728,93667,38656.39965470908,10658.285748918202,148665,2020,11499,65544,0,0
P2,F1,13,test,calibrated,41,Mekong_846007,KHM,1.183432090332312,0.2025835320970918,0.20258349409189091,0.8379635810852051,0.29669973254203796,6.132382259238511e-05,262144,164030,32130,15762.280790188132,3933.1696313127395,151747,4748,374,7161,0,0
P2,F1,13,test,t1,41,Mekong_846007,KHM,1.0,0.15796807171909344,0.15796800019180557,0.7895069718360901,0.26905784010887146,9.247639536624774e-05,262144,164030,32130,14226.706746544995,3812.799639014356,151747,4748,374,7161,0,0
P2,F1,13,test,calibrated,42,Mekong_922373,KHM,1.183432090332312,0.14549805475207966,0.14549805390508785,0.9790077209472656,0.4260287582874298,9.719756781123579e-05,262144,262138,117078,92698.0176687376,29131.12219493538,123475,18898,21586,98179,0,0
P2,F1,13,test,t1,42,Mekong_922373,KHM,1.0,0.12253594326211337,0.12253594020725689,0.9709000587463379,0.4129582643508911,0.00014920069952495396,262144,262138,117078,96299.17941087998,29687.497465235836,123475,18898,21586,98179,0,0
P2,F1,13,test,calibrated,43,Mekong_977338,KHM,1.183432090332312,0.06187690989457417,0.06187687307909229,0.6983756422996521,0.21568326652050018,8.788830746198073e-05,262144,176958,102208,17217.566824192534,3894.6577466453373,108308,3083,1510,64057,0,0
P2,F1,13,test,t1,43,Mekong_977338,KHM,1.0,0.04286686545579388,0.042866854000127796,0.6247892379760742,0.18512305617332458,0.0001427346869604662,262144,176958,102208,16038.024370934188,3839.3669008082366,108308,3083,1510,64057,0,0
P2,F1,13,test,calibrated,44,Mekong_98310,KHM,1.183432090332312,0.0777295762387622,0.07772963016303913,0.7501728534698486,0.23851701617240906,6.826115713920444e-05,262144,182771,97318,22317.605001693188,5457.323804449348,95883,1221,5315,80352,0,0
P2,F1,13,test,t1,44,Mekong_98310,KHM,1.0,0.055806859723232516,0.055806901475362825,0.6825731992721558,0.20720581710338593,0.00010681699495762587,262144,182771,97318,20849.991149038084,5339.686395959855,95883,1221,5315,80352,0,0
P2,F1,13,test,calibrated,45,Nigeria_1095404,NGA,1.183432090332312,0.22413304329857442,0.22413296893432266,0.9559422731399536,0.39341190457344055,7.760402513667941e-05,262144,252283,48571,49009.821819213415,14402.681267023632,196757,9435,10132,35959,0,0
P2,F1,13,test,t1,45,Nigeria_1095404,NGA,1.0,0.18599247879104286,0.18599255523141522,0.9396223425865173,0.37536001205444336,0.00011806964903371409,262144,252283,48571,48806.759618494725,14444.112464070113,196757,9435,10132,35959,0,0
P2,F1,13,test,calibrated,46,Nigeria_143329,NGA,1.183432090332312,0.8282144630061786,0.828214473574589,0.4310099482536316,0.10358882695436478,1.6437048543593846e-05,262144,249500,1043,12182.784060057118,2255.9720546720578,246418,305,2379,398,0,0
P2,F1,13,test,t1,46,Nigeria_143329,NGA,1.0,0.7369812177864181,0.7369812243196538,0.33981484174728394,0.07854954153299332,2.1767031284980476e-05,262144,249500,1043,10573.759652727218,2203.8852932645104,246418,305,2379,398,0,0
P2,F1,13,test,calibrated,47,Nigeria_22088,NGA,1.183432090332312,0.9951335154733811,0.9951335152629386,0.47362396121025085,0.10593517124652863,8.332107245223597e-05,209501,209501,41,10458.71779581505,752.5374869344375,209305,26,155,15,0,0
P2,F1,13,test,t1,47,Nigeria_22088,NGA,1.0,0.9918627723570801,0.9918627725718309,0.37167298793792725,0.07601990550756454,0.00010544421820668504,209501,209501,41,6573.696383554613,425.3651619246398,209305,26,155,15,0,0
P2,F1,13,test,calibrated,48,Nigeria_225131,NGA,1.183432090332312,0.9839514931037006,0.9839514941842402,0.30430808663368225,0.05986455827951431,5.154255632078275e-06,262144,241255,78,8249.991007192606,1185.6956884055705,240046,78,1131,0,0,0
P2,F1,13,test,t1,48,Nigeria_225131,NGA,1.0,0.970034787314919,0.9700347839419918,0.21608413755893707,0.03976290300488472,5.521376806427725e-06,262144,241255,78,6551.664484638339,1131.0029917027869,240046,78,1131,0,0,0
P2,F1,13,test,calibrated,49,Nigeria_31096,NGA,1.183432090332312,0.7270104339447245,0.7270104183664198,0.47665372490882874,0.12882676720619202,2.5590245058992878e-05,262144,217487,1991,7921.07205549681,1422.5089999839643,215440,1231,597,219,0,0
P2,F1,13,test,t1,49,Nigeria_31096,NGA,1.0,0.6220341288044965,0.6220341095803135,0.3934403359889984,0.10439366847276688,3.554807699401863e-05,262144,217487,1991,6103.293549550577,1357.4336583603088,215440,1231,597,219,0,0
P2,F1,13,test,calibrated,50,Nigeria_35845,NGA,1.183432090332312,0.8734844520847832,0.8734844498225496,0.22655166685581207,0.04398444667458534,1.606111072760541e-05,262144,213042,477,4230.9647560110125,354.61592895261424,212531,225,198,88,0,0
P2,F1,13,test,t1,50,Nigeria_35845,NGA,1.0,0.7755401692313755,0.7755401552035064,0.15409216284751892,0.029474392533302307,2.1988227672409266e-05,262144,213042,477,2553.307582268735,319.95374914938765,212531,225,198,88,0,0
P2,F1,13,test,calibrated,51,Nigeria_417184,NGA,1.183432090332312,0.362831549629165,0.3628315630768162,0.9950515031814575,0.4642511308193207,8.831606101011857e-05,156380,50135,38701,9833.441286982721,2744.680955940924,44459,4292,174,1210,0,0
P2,F1,13,test,t1,51,Nigeria_417184,NGA,1.0,0.3244440182227505,0.324444007110659,0.9930868148803711,0.45775195956230164,0.0001208786852657795,156380,50135,38701,8996.690548320243,2670.604006482679,44459,4292,174,1210,0,0
P2,F1,13,test,calibrated,52,Nigeria_439488,NGA,1.183432090332312,0.9890437069189841,0.9890437065085149,0.3675207793712616,0.07400259375572205,5.268515906209359e-06,262144,229200,58,11054.52844742459,1626.6100304356423,227674,58,1468,0,0,0
P2,F1,13,test,t1,52,Nigeria_439488,NGA,1.0,0.9799308787273835,0.979930876705634,0.26971063017845154,0.04952762648463249,5.432013495010324e-06,262144,229200,58,9687.091268145396,1535.1682071503014,227674,58,1468,0,0,0
P2,F1,13,test,calibrated,53,Nigeria_529525,NGA,1.183432090332312,0.25403358826107114,0.25403354508112996,0.9962229132652283,0.4687103033065796,5.941264680586755e-05,262144,262144,107047,230345.22223693252,77217.86100279388,37496,997,117601,106050,0,0
P2,F1,13,test,t1,53,Nigeria_529525,NGA,1.0,0.22780640834416288,0.2278063719101887,0.9947200417518616,0.4630095362663269,8.751924178795889e-05,262144,262144,107047,252240.03318170182,80826.56365057404,37496,997,117601,106050,0,0
P2,F1,13,test,calibrated,54,Nigeria_598959,NGA,1.183432090332312,0.9589689123165105,0.9589689138822373,0.4710893929004669,0.10784806311130524,9.374481123813894e-06,262144,211208,238,160549.8489694947,42344.81478400342,164598,82,46372,156,0,0
P2,F1,13,test,t1,54,Nigeria_598959,NGA,1.0,0.9311632772554311,0.9311632844747098,0.37193676829338074,0.07876461744308472,1.1006493878085166e-05,262144,211208,238,186304.48757954536,43728.28213859339,164598,82,46372,156,0,0
P2,F1,13,test,calibrated,55,Nigeria_600295,NGA,1.183432090332312,0.07372646399462102,0.07372648844659468,0.8246113657951355,0.28055840730667114,5.1878854719689116e-05,262144,181691,119479,26139.966134755705,6451.345602541278,93795,4235,3399,80262,0,0
P2,F1,13,test,t1,55,Nigeria_600295,NGA,1.0,0.053937089213569656,0.053937146138591796,0.7710506916046143,0.250559002161026,7.952601299621165e-05,262144,181691,119479,25131.644081267208,6335.295413143126,93795,4235,3399,80262,0,0
P2,F1,13,test,calibrated,56,Nigeria_707067,NGA,1.183432090332312,0.9158363530550299,0.9158363584237342,0.40416038036346436,0.09541868418455124,1.2448458619473968e-05,262144,261359,481,17802.655247769195,3611.691556844777,257292,311,3594,162,0,0
P2,F1,13,test,t1,56,Nigeria_707067,NGA,1.0,0.8623381238178683,0.8623381156254237,0.31539663672447205,0.07170020043849945,1.547554347780533e-05,262144,261359,481,17249.44175939217,3584.3142947775286,257292,311,3594,162,0,0
P2,F1,13,test,calibrated,57,Nigeria_78061,NGA,1.183432090332312,0.23354197022130685,0.23354194009152085,0.5874572992324829,0.17268851399421692,0.0002382928942097351,262144,228886,17299,21069.265908403122,4975.731491112474,217266,6126,286,5208,0,0
P2,F1,13,test,t1,57,Nigeria_78061,NGA,1.0,0.16655853395683629,0.16655848032070975,0.5082681179046631,0.1453297883272171,0.00038505258271470666,262144,228886,17299,20642.017205906563,5040.836589951303,217266,6126,286,5208,0,0
P2,F1,13,test,calibrated,58,Nigeria_812045,NGA,1.183432090332312,0.10355345218039402,0.1035534577146634,0.9529346227645874,0.38688623905181885,3.9700160414213315e-05,261565,236584,144560,40223.75967352335,10698.264173578682,109556,7445,4324,115259,0,0
P2,F1,13,test,t1,58,Nigeria_812045,NGA,1.0,0.08390020728895109,0.08390021607205045,0.9354298710823059,0.36771243810653687,5.981537833577022e-05,261565,236584,144560,36951.451288063385,10094.35532308822,109556,7445,4324,115259,0,0
P2,F1,13,test,calibrated,59,Nigeria_81933,NGA,1.183432090332312,0.22149521155463503,0.22149510861419586,0.9918005466461182,0.4538714587688446,0.00012141982006141916,262144,246268,90643,208295.6484739188,67194.18715940457,65922,2396,92933,85017,0,0
P2,F1,13,test,t1,59,Nigeria_81933,NGA,1.0,0.19587147590698795,0.19587153065636786,0.9885632991790771,0.44553354382514954,0.00019335112301632762,262144,246268,90643,231233.45442175513,70111.46187590343,65922,2396,92933,85017,0,0
P2,F1,13,test,calibrated,60,Nigeria_820924,NGA,1.183432090332312,0.9613285024945486,0.9613285023886684,0.2643677592277527,0.048468466848134995,3.66441940968798e-06,262144,262143,162,8093.2069254536345,1128.209872791571,260867,100,1114,62,0,0
P2,F1,13,test,t1,60,Nigeria_820924,NGA,1.0,0.925887413836865,0.9258874094157231,0.17946524918079376,0.030511939898133278,3.842469595838338e-06,262144,262143,162,6281.46768270004,1091.429904556427,260867,100,1114,62,0,0
P2,F1,13,test,calibrated,61,Nigeria_952958,NGA,1.183432090332312,0.27831606319014734,0.278316087111274,0.6122934222221375,0.17478163540363312,0.0001707578485365957,262144,227674,14000,20212.955698389258,4343.713471467034,214235,3704,1420,8315,0,0
P2,F1,13,test,t1,61,Nigeria_952958,NGA,1.0,0.20203875499315582,0.20203875130688964,0.5290451049804688,0.14477212727069855,0.0002755914756562561,262144,227674,14000,18959.033195423064,4239.422327218162,214235,3704,1420,8315,0,0
P2,F1,13,test,calibrated,62,Nigeria_984831,NGA,1.183432090332312,0.198109655297375,0.1981096803980802,0.9973697066307068,0.47378402948379517,3.70947782357689e-05,262144,240158,144442,175212.71931984744,57795.63308926788,17510,968,85766,135914,0,0
P2,F1,13,test,t1,62,Nigeria_984831,NGA,1.0,0.17785220645362498,0.17785217609038984,0.9963211417198181,0.46899762749671936,5.222143590799533e-05,262144,240158,144442,188799.32457303803,59738.69186030589,17510,968,85766,135914,0,0
P2,F1,13,test,calibrated,63,Spain_1167260,ESP,1.183432090332312,0.25803566630952457,0.25803572326073854,0.9883134365081787,0.44512292742729187,0.00011623635509749874,262144,262119,69079,87973.33871853886,28219.71480448082,185114,34486,7940,34579,0,0
P2,F1,13,test,t1,63,Spain_1167260,ESP,1.0,0.22446159785289888,0.22446165143592034,0.9837285280227661,0.4352673292160034,0.0001757451391313225,262144,262119,69079,89748.57019569512,28709.86819193847,185114,34486,7940,34579,0,0
P2,F1,13,test,calibrated,64,Spain_1199913,ESP,1.183432090332312,0.44203079434657955,0.44203081324678406,0.9373849630355835,0.3736347258090973,9.507121285423636e-05,262144,262143,17026,38195.28559149144,9709.501776180303,242938,9115,2179,7911,0,0
P2,F1,13,test,t1,64,Spain_1199913,ESP,1.0,0.38441321408521223,0.38441321962424513,0.9149577617645264,0.35296523571014404,0.00014528386236634105,262144,262143,17026,35714.63186923295,9236.925259543505,242938,9115,2179,7911,0,0
P2,F1,13,test,calibrated,65,Spain_2472849,ESP,1.183432090332312,0.5179421084047031,0.5179421274207163,0.9618870615959167,0.4006924033164978,8.077430538833141e-05,262144,261759,17061,42239.49515280794,12110.32189685819,244703,17036,3,17,0,0
P2,F1,13,test,t1,65,Spain_2472849,ESP,1.0,0.46058472906316217,0.460584693735272,0.9476120471954346,0.3836851716041565,0.00011526823072927073,262144,261759,17061,39657.18040953041,11846.691036632083,244703,17036,3,17,0,0
P2,F1,13,test,calibrated,66,Spain_2523247,ESP,1.183432090332312,0.4956228529248925,0.4956228340810028,0.9721572399139404,0.4155573546886444,7.863935024943203e-05,262144,262039,19836,54073.60551282029,15319.539760129162,240761,18849,1446,983,0,0
P2,F1,13,test,t1,66,Spain_2523247,ESP,1.0,0.44250267711865143,0.4425026813551619,0.9615511298179626,0.4008369743824005,0.00011548688780749217,262144,262039,19836,52837.57572837318,15024.518197928248,240761,18849,1446,983,0,0
P2,F1,13,test,calibrated,67,Spain_2594119,ESP,1.183432090332312,0.44547380452613616,0.4454738216393943,0.9650086760520935,0.40515363216400146,6.983982166275382e-05,262144,262009,21535,42406.1044444895,12879.389199454889,239985,19147,522,2355,0,0
P2,F1,13,test,t1,67,Spain_2594119,ESP,1.0,0.39170398360310177,0.3917039682125234,0.9518372416496277,0.38882601261138916,0.00010348364594392478,262144,262009,21535,40429.820536490995,12845.691047795239,239985,19147,522,2355,0,0
P2,F1,13,test,calibrated,68,Spain_2938657,ESP,1.183432090332312,0.37890911386877146,0.378909080517144,0.8379908204078674,0.2919691801071167,0.000157357266289182,262144,262074,15357,25584.236007797484,5699.782248434876,246412,5890,305,9467,0,0
P2,F1,13,test,t1,68,Spain_2938657,ESP,1.0,0.3089535931174572,0.30895357488633346,0.7882556319236755,0.2631720304489136,0.00024255207972601056,262144,262074,15357,22361.58218385168,5308.879443831098,246412,5890,305,9467,0,0
P2,F1,13,test,calibrated,69,Spain_3285448,ESP,1.183432090332312,0.13858079266214984,0.13858079733112527,0.8545415997505188,0.30526643991470337,4.1219915146939456e-05,262144,262136,65447,36524.22898273743,9149.415725558141,195690,10057,999,55390,0,0
P2,F1,13,test,t1,69,Spain_3285448,ESP,1.0,0.10640779912676257,0.10640780559577656,0.809057891368866,0.27772068977355957,5.905779471504502e-05,262144,262136,65447,33647.34676251262,8861.389329864964,195690,10057,999,55390,0,0
P2,F1,13,test,calibrated,70,Spain_337094,ESP,1.183432090332312,0.2550373799729866,0.2550373820435342,0.9781385064125061,0.4243808090686798,9.23589468584396e-05,262144,262056,64859,87086.1530477286,28739.41759962286,194756,41225,2449,23626,0,0
P2,F1,13,test,t1,70,Spain_337094,ESP,1.0,0.2174883899442589,0.21748838785832647,0.9697058796882629,0.411037415266037,0.00013753687380813062,262144,262056,64859,89432.87356102602,29600.040594222966,194756,41225,2449,23626,0,0
P2,F1,13,test,calibrated,71,Spain_4282030,ESP,1.183432090332312,0.18938924205847685,0.18938927573999675,0.9853549599647522,0.4382694363594055,0.00011149617057526484,262144,262123,96901,84684.07491479785,25823.071906543915,147259,16733,17977,80154,0,0
P2,F1,13,test,t1,71,Spain_4282030,ESP,1.0,0.16223273443204345,0.16223278164805544,0.9796377420425415,0.4272391200065613,0.00017197846318595111,262144,262123,96901,85470.78059834446,25795.194717385355,147259,16733,17977,80154,0,0
P2,F1,13,test,calibrated,72,Spain_4915752,ESP,1.183432090332312,0.41987294287473576,0.41987291090884316,0.9696781039237976,0.41160762310028076,9.57523297984153e-05,262144,262128,23560,46747.78350936222,13049.788722683716,238216,16248,352,7312,0,0
P2,F1,13,test,t1,72,Spain_4915752,ESP,1.0,0.3688447110054758,0.3688446970417423,0.9581748843193054,0.39626267552375793,0.0001420323533238843,262144,262128,23560,44415.91687196528,12665.839333314823,238216,16248,352,7312,0,0
P2,F1,13,test,calibrated,73,Spain_5650136,ESP,1.183432090332312,0.11170463289847998,0.11170459151963763,0.9513124823570251,0.38844576478004456,5.7687040680320933e-05,262144,171596,111167,40731.341979922625,12230.83908503674,56126,11263,5375,98832,0,0
P2,F1,13,test,t1,73,Spain_5650136,ESP,1.0,0.08980918405000304,0.08980915808736478,0.9334434270858765,0.36972764134407043,8.5964216850698e-05,262144,171596,111167,40532.525241654774,12258.607148504268,56126,11263,5375,98832,0,0
P2,F1,13,test,calibrated,74,Spain_5678382,ESP,1.183432090332312,0.41519166109654304,0.41519166699412335,0.9752613306045532,0.41996124386787415,7.58068126742728e-05,262144,262117,27705,63391.337149929044,19341.729807105337,232079,26468,2338,1232,0,0
P2,F1,13,test,t1,74,Spain_5678382,ESP,1.0,0.36552946703705425,0.3655294559429013,0.9657764434814453,0.40591979026794434,0.00011056598305003718,262144,262117,27705,63900.48508218471,19538.815752962983,232079,26468,2338,1232,0,0
P2,F1,13,test,calibrated,75,Spain_5816638,ESP,1.183432090332312,0.5955623698288717,0.5955623748201672,0.9396807551383972,0.3748677670955658,6.390531780198216e-05,262144,262052,10751,30960.5609101679,8172.799903184826,251153,10520,148,231,0,0
P2,F1,13,test,t1,75,Spain_5816638,ESP,1.0,0.534637471473153,0.5346374874140051,0.9179449081420898,0.354271799325943,8.931437332648784e-05,262144,262052,10751,27712.45717180475,7768.81858436836,251153,10520,148,231,0,0
P2,F1,13,test,calibrated,76,Spain_5923267,ESP,1.183432090332312,0.046685613322752784,0.046685674080038986,0.8267521858215332,0.283481627702713,1.9632252588053234e-05,262144,218743,205668,20548.141498333152,4434.539535117526,13080,3950,1583,200130,0,0
P2,F1,13,test,t1,76,Spain_5923267,ESP,1.0,0.033960408258942754,0.03396040017994184,0.7738851308822632,0.25391513109207153,2.6986714146914892e-05,262144,218743,205668,17014.755980883245,4100.848011718363,13080,3950,1583,200130,0,0
P2,F1,13,test,calibrated,77,Spain_6095801,ESP,1.183432090332312,0.23875698456255745,0.2387569468656029,0.9824540019035339,0.4325551688671112,0.00013747898628935218,262144,262062,69601,112876.48058264224,37291.09064000142,188572,50754,3903,18833,0,0
P2,F1,13,test,t1,77,Spain_6095801,ESP,1.0,0.2039075555884563,0.2039075869723318,0.9756401181221008,0.4205678701400757,0.0002118373813573271,262144,262062,69601,119937.99999607386,38733.608477965245,188572,50754,3903,18833,0,0
P2,F1,13,test,calibrated,78,Spain_6199994,ESP,1.183432090332312,0.6413927964047483,0.6413927830722354,0.885360836982727,0.3280441164970398,5.4544576414627954e-05,262144,261902,7086,24101.93461573035,5883.409763749334,254288,6831,530,253,0,0
P2,F1,13,test,t1,78,Spain_6199994,ESP,1.0,0.5735620544252203,0.5735620478219243,0.8477845191955566,0.30240926146507263,7.572212780360132e-05,262144,261902,7086,21033.331976170673,5539.354918410432,254288,6831,530,253,0,0
P2,F1,13,test,calibrated,79,Spain_6537196,ESP,1.183432090332312,0.49988013097255435,0.49988017264404705,0.9765198826789856,0.4218408763408661,0.00010150416346732527,262144,262106,21229,51639.78350087168,15333.988465443628,239547,19513,1331,1715,0,0
P2,F1,13,test,t1,79,Spain_6537196,ESP,1.0,0.4486330612937043,0.4486330394717456,0.9674923419952393,0.4080934524536133,0.0001485329121351242,262144,262106,21229,49482.096574147734,15048.819456359108,239547,19513,1331,1715,0,0
P2,F1,13,test,calibrated,80,Spain_6860600,ESP,1.183432090332312,0.6820607375398471,0.6820607133833712,0.8918462991714478,0.33182892203330994,6.099359234212898e-05,262144,261969,6348,24737.966540887264,5810.249650759536,255414,6309,207,39,0,0
P2,F1,13,test,t1,80,Spain_6860600,ESP,1.0,0.6181384632489881,0.618138462159918,0.8558562994003296,0.3063806891441345,8.431723108515143e-05,262144,261969,6348,21216.52321670519,5338.285643176664,255414,6309,207,39,0,0
P2,F1,13,test,calibrated,81,Spain_716716,ESP,1.183432090332312,0.5061765075301501,0.5061765337415907,0.9509625434875488,0.38662153482437134,6.931042298674583e-05,262144,262067,16106,48842.19299826588,13158.21620712204,244369,15054,1597,1047,0,0
P2,F1,13,test,t1,81,Spain_716716,ESP,1.0,0.4469384204539164,0.44693842739789247,0.9329157471656799,0.3675573766231537,9.872057125903666e-05,262144,262067,16106,47652.91560292199,12848.338616826251,244369,15054,1597,1047,0,0
P2,F1,13,test,calibrated,82,Spain_7370579,ESP,1.183432090332312,0.2133148516606339,0.21331492855245615,0.9918896555900574,0.4540586471557617,7.931466825539246e-05,262144,262045,104818,97949.31802549734,32377.155368996864,149518,42492,7719,62316,0,0
P2,F1,13,test,t1,82,Spain_7370579,ESP,1.0,0.18568220731357243,0.18568217202193726,0.9886870980262756,0.44575291872024536,0.00011764928785851225,262144,262045,104818,99360.55441711843,32968.7510711019,149518,42492,7719,62316,0,0
P2,F1,13,test,calibrated,83,Spain_7387658,ESP,1.183432090332312,0.22416005953057305,0.22416004494891517,0.9962078928947449,0.4686320126056671,7.464208465535194e-05,262144,262057,121345,116463.71469321765,37613.9855526124,98014,11037,42704,110302,0,0
P2,F1,13,test,t1,83,Spain_7387658,ESP,1.0,0.2000411835224909,0.20004113132629886,0.9946991801261902,0.46291717886924744,0.00011377136252122,262144,262057,121345,118267.94762595324,37726.09657020471,98014,11037,42704,110302,0,0
P2,F1,13,test,calibrated,84,Spain_7558720,ESP,1.183432090332312,0.37357403993354343,0.37357402175884213,0.9723966717720032,0.4154195189476013,0.00011900553363375366,262144,261984,31734,67406.47515086198,21047.819655907013,229426,30421,852,1285,0,0
P2,F1,13,test,t1,84,Spain_7558720,ESP,1.0,0.3245188587549357,0.3245188467004557,0.9618631601333618,0.40065547823905945,0.0001753967662807554,262144,261984,31734,68618.17275513746,21459.367154683707,229426,30421,852,1285,0,0
P2,F1,13,test,calibrated,85,Spain_7604243,ESP,1.183432090332312,0.2920718737406346,0.29207184687461396,0.8730852603912354,0.3153131902217865,7.695214299019426e-05,262144,262080,25418,25804.904286757654,5538.011399918547,235948,5213,714,20205,0,0
P2,F1,13,test,t1,85,Spain_7604243,ESP,1.0,0.23637412898967625,0.23637409820447675,0.8318073749542236,0.2880897521972656,0.00011700850882334635,262144,262080,25418,21422.007851341998,4968.321750627323,235948,5213,714,20205,0,0
P2,F1,13,test,calibrated,86,Spain_7786924,ESP,1.183432090332312,0.3405232348935371,0.3405232087631903,0.9693683385848999,0.4110666513442993,0.00011667090439004824,262144,262111,35188,67919.59832566364,22165.615442825812,225957,32386,974,2794,0,0
P2,F1,13,test,t1,86,Spain_7786924,ESP,1.0,0.2930033060903402,0.2930033024416099,0.9577447772026062,0.39563116431236267,0.00017536802624817938,262144,262111,35188,69432.3060346504,22814.740236965332,225957,32386,974,2794,0,0
P2,F1,13,test,calibrated,87,Spain_7856615,ESP,1.183432090332312,0.3761789710373974,0.3761789831409146,0.9868463277816772,0.44165587425231934,0.00012656630133278668,262144,261930,40223,76167.70272208613,24384.960143338973,218680,33613,3027,6610,0,0
P2,F1,13,test,t1,87,Spain_7856615,ESP,1.0,0.333536658870231,0.33353665923239917,0.9816988706588745,0.4312043786048889,0.00018982366600539535,262144,261930,40223,76770.40390783,24704.137685832,218680,33613,3027,6610,0,0
P2,F1,13,test,calibrated,88,Spain_8104659,ESP,1.183432090332312,0.27442323484451236,0.2744233033924618,0.9756454825401306,0.4204535484313965,0.00014823669334873557,262144,262128,50569,105339.82068842876,33939.405046991116,211017,47627,545,2939,0,0
P2,F1,13,test,t1,88,Spain_8104659,ESP,1.0,0.23433183366439125,0.23433180989580993,0.9662970900535583,0.406484991312027,0.00022517023899126798,262144,262128,50569,112576.62339551325,35136.46613628922,211017,47627,545,2939,0,0
P2,F1,13,test,calibrated,89,Spain_8154154,ESP,1.183432090332312,0.4069028040520868,0.4069028349283391,0.9766208529472351,0.422303706407547,8.608282951172441e-05,262144,262118,29719,58052.85813451807,18143.916131010184,231274,26262,1125,3457,0,0
P2,F1,13,test,t1,89,Spain_8154154,ESP,1.0,0.3577381613215652,0.3577381268206363,0.96763676404953,0.408641517162323,0.00012646667892113328,262144,262118,29719,57237.46930882572,18272.435517467267,231274,26262,1125,3457,0,0
P2,F1,13,test,calibrated,90,Spain_8199661,ESP,1.183432090332312,0.3767506652216728,0.37675070080497697,0.9056551456451416,0.34469693899154663,0.00012403989967424423,262144,262036,19071,37043.25574866768,10288.328546191391,241411,12443,1557,6625,0,0
P2,F1,13,test,t1,90,Spain_8199661,ESP,1.0,0.31487486895141226,0.31487482255690513,0.8737378716468811,0.3207290470600128,0.00018898845883086324,262144,262036,19071,35621.97869754607,10236.271189428538,241411,12443,1557,6625,0,0
P2,F1,13,test,calibrated,91,Spain_8372658,ESP,1.183432090332312,0.1622582798413127,0.16225833347911556,0.9807493090629578,0.4291181266307831,4.891071512247436e-05,262144,262029,114254,70941.76008206769,21859.63419798201,142433,26492,5349,87755,0,0
P2,F1,13,test,t1,91,Spain_8372658,ESP,1.0,0.13658572772634392,0.13658576544173806,0.9732904434204102,0.4165533185005188,7.085564720910043e-05,262144,262029,114254,69132.05035833314,21797.346202100704,142433,26492,5349,87755,0,0
P2,F1,13,test,calibrated,92,Spain_8565131,ESP,1.183432090332312,0.21431560077563694,0.21431555100691835,0.9820929169654846,0.432158887386322,5.916022200835869e-05,262144,262084,74591,72238.14644053708,22478.643636471526,182184,27544,5318,47038,0,0
P2,F1,13,test,t1,92,Spain_8565131,ESP,1.0,0.18236165598590715,0.1823616236646184,0.975147008895874,0.4201136827468872,8.670819079270586e-05,262144,262084,74591,72197.49473657508,22658.519279345506,182184,27544,5318,47038,0,0
