block,partition,seed,split,setting,source_order,sample_id,event_id,temperature,soft_dice_risk_binary,sdc_exact,uncertainty,top_tail_msp,spatial_inconsistency,input_valid_pixels,reference_valid_pixels,predicted_foreground_input,nll_sum,brier_sum,confusion_0_0,confusion_0_1,confusion_1_0,confusion_1_1,hard_disagreement_all_pixels,hard_disagreement_reference_valid
P2,F2,71,calibration,calibrated,0,India_1017769,IND,1.6327150318668142,0.10910205814668827,0.10910201935935682,0.981407642364502,0.4305274188518524,1.5584479115204886e-05,262144,172971,184903,89608.47231657451,29115.982504082585,37309,37519,2063,96080,0,0
P2,F2,71,calibration,t1,0,India_1017769,IND,1.0,0.06106006035593936,0.06106011561876035,0.9522576332092285,0.38890543580055237,3.756704609259032e-05,262144,172971,184903,114722.61970783562,32135.22651444473,37309,37519,2063,96080,0,0
P2,F2,71,calibration,calibrated,1,India_1018317,IND,1.6327150318668142,0.0928818442330589,0.09288182711052184,0.971289873123169,0.413953959941864,8.523204087396152e-06,262144,196977,195900,62567.507649857034,19363.973227903392,21308,24959,1142,149568,0,0
P2,F2,71,calibration,t1,1,India_1018317,IND,1.0,0.048885661550999826,0.04888572755055476,0.9277587532997131,0.3639187514781952,1.6723495718906634e-05,262144,196977,195900,75085.84403810932,21567.67004287759,21308,24959,1142,149568,0,0
P2,F2,71,calibration,calibrated,2,India_1018327,IND,1.6327150318668142,0.37743312166537946,0.3774331449350614,0.956251323223114,0.39353877305984497,2.3434755348716862e-05,262144,262142,29695,61092.514283389544,17263.66444303622,217801,7692,14646,22003,0,0
P2,F2,71,calibration,t1,2,India_1018327,IND,1.0,0.221615883787598,0.22161587240169855,0.8929380774497986,0.334188848733902,7.663994620088488e-05,262144,262142,29695,66508.19751435994,17605.659843776106,217801,7692,14646,22003,0,0
P2,F2,71,calibration,calibrated,3,India_103447,IND,1.6327150318668142,0.23588373173752109,0.23588371044933842,0.9161038398742676,0.35086917877197266,1.7757929526851512e-05,262144,163567,48178,39166.38678942139,10926.713697410178,129263,7327,6303,20674,0,0
P2,F2,71,calibration,t1,3,India_103447,IND,1.0,0.11566733432056109,0.1156673969873292,0.8071793913841248,0.27589958906173706,5.6059543567243963e-05,262144,163567,48178,45217.55326920493,11548.764422979526,129263,7327,6303,20674,0,0
P2,F2,71,calibration,calibrated,4,India_1050276,IND,1.6327150318668142,0.42492712374227937,0.4249270873166161,0.9835252165794373,0.43493130803108215,2.584375579317566e-05,262144,255185,33456,112306.3162124465,35154.0569187888,189738,16442,32380,16625,0,0
P2,F2,71,calibration,t1,4,India_1050276,IND,1.0,0.28498288962216234,0.2849828988359572,0.9575596451759338,0.3957393765449524,8.060636173468083e-05,262144,255185,33456,142580.98785216387,38236.31511280764,189738,16442,32380,16625,0,0
P2,F2,71,calibration,calibrated,5,India_1068117,IND,1.6327150318668142,0.304504450894311,0.304504436811592,0.9772235155105591,0.4231531322002411,4.062554216943681e-05,262144,229712,50181,81287.9361054578,25134.24501264921,166516,15236,19328,28632,0,0
P2,F2,71,calibration,t1,5,India_1068117,IND,1.0,0.18527140189740132,0.18527141492717625,0.9420047998428345,0.3776751756668091,0.0001579466334078461,262144,229712,50181,97371.12236207991,27034.53674053564,166516,15236,19328,28632,0,0
P2,F2,71,calibration,calibrated,6,India_1072277,IND,1.6327150318668142,0.9999999999925203,1.0,0.4755568206310272,0.10367299616336823,4.622037977242144e-06,262144,262142,0,75123.30113410656,20268.090999233063,239596,0,22546,0,0,0
P2,F2,71,calibration,t1,6,India_1072277,IND,1.0,0.9999999999600829,1.0,0.18999578058719635,0.030103610828518867,3.2666255265212385e-06,262144,262142,0,102636.62677733114,21846.184787266488,239596,0,22546,0,0,0
P2,F2,71,calibration,calibrated,7,India_118868,IND,1.6327150318668142,0.8870559398716057,0.8870559428827688,0.7354702353477478,0.23072737455368042,3.7716894439654425e-05,159275,159275,1490,38156.68791390243,10209.516435755348,147180,1410,10605,80,0,0
P2,F2,71,calibration,t1,7,India_118868,IND,1.0,0.7043453336916894,0.704345348947697,0.5098134279251099,0.14295868575572968,9.383264841744676e-05,159275,159275,1490,42981.570260460874,10703.615990054986,147180,1410,10605,80,0,0
P2,F2,71,calibration,calibrated,8,India_135434,IND,1.6327150318668142,0.3477785139393865,0.34777856659112183,0.8759103417396545,0.3175017237663269,1.7612323063076474e-05,258866,117150,26041,15906.963941166898,3792.5236574279425,104086,2752,1644,8668,0,0
P2,F2,71,calibration,t1,8,India_135434,IND,1.0,0.168465403911922,0.16846538611847417,0.7306023836135864,0.23442041873931885,4.6032957470742986e-05,258866,117150,26041,13435.666655622741,3556.1827700827816,104086,2752,1644,8668,0,0
P2,F2,71,calibration,calibrated,9,India_136196,IND,1.6327150318668142,0.9783023476767926,0.9783023448397848,0.6328696608543396,0.17394480109214783,6.0812085393990856e-06,262144,211744,331,14103.136031997277,1483.8645375455408,211413,331,0,0,0,0
P2,F2,71,calibration,t1,9,India_136196,IND,1.0,0.9208425058028223,0.9208425101126448,0.36940139532089233,0.08717171847820282,6.590256361960201e-06,262144,211744,331,4115.995271623391,489.2860783169939,211413,331,0,0,0,0
P2,F2,71,calibration,calibrated,10,India_164336,IND,1.6327150318668142,0.9999999999925088,1.0,0.46388429403305054,0.09913871437311172,4.566258212435059e-06,262144,259101,0,19339.52364768867,2493.144496253829,257220,0,1881,0,0,0
P2,F2,71,calibration,t1,10,India_164336,IND,1.0,0.9999999999593112,1.0,0.17773114144802094,0.02713669463992119,3.204230779374484e-06,262144,259101,0,11729.97269472577,1882.5742382932037,257220,0,1881,0,0,0
P2,F2,71,calibration,calibrated,11,India_166709,IND,1.6327150318668142,0.9999999999928669,1.0,0.5526018142700195,0.13586384057998657,5.481008429342182e-06,262144,256894,0,36602.91329112997,8305.928750702651,248055,0,8839,0,0,0
P2,F2,71,calibration,t1,11,India_166709,IND,1.0,0.9999999999675242,1.0,0.275014728307724,0.05408107489347458,4.831575097341556e-06,262144,256894,0,39404.87601903202,8428.899390547742,248055,0,8839,0,0,0
P2,F2,71,calibration,calibrated,12,India_177319,IND,1.6327150318668142,0.9999999999924643,1.0,0.48178789019584656,0.10925183445215225,6.977980319788912e-06,261409,256490,0,17811.983070864404,2231.6421589138617,254912,0,1578,0,0,0
P2,F2,71,calibration,t1,12,India_177319,IND,1.0,0.999999999961395,1.0,0.20727483928203583,0.03649267181754112,6.843020855740178e-06,261409,256490,0,9596.411067902369,1605.198329530956,254912,0,1578,0,0,0
P2,F2,71,calibration,calibrated,13,India_179238,IND,1.6327150318668142,0.9999999999920417,1.0,0.41262948513031006,0.08410997688770294,4.4531511775858235e-06,262144,192482,0,43003.690026074495,10779.466557620826,180890,0,11592,0,0,0
P2,F2,71,calibration,t1,13,India_179238,IND,1.0,0.9999999999534713,1.0,0.14237764477729797,0.02087741531431675,3.315809635751066e-06,262144,192482,0,56479.993157930905,11341.240630792134,180890,0,11592,0,0,0
P2,F2,71,calibration,calibrated,14,India_180633,IND,1.6327150318668142,0.14952892316851885,0.14952888752462334,0.975493311882019,0.4204973578453064,1.366570813843282e-05,262144,164555,116605,45076.98231297691,13530.67408950036,73047,15745,3238,72525,0,0
P2,F2,71,calibration,t1,14,India_180633,IND,1.0,0.08315580575334602,0.08315580496035946,0.9378417730331421,0.3737059235572815,3.5124528949381784e-05,262144,164555,116605,49011.911561954235,14353.977423915529,73047,15745,3238,72525,0,0
P2,F2,71,calibration,calibrated,15,India_207862,IND,1.6327150318668142,0.8442082081380986,0.8442082079735282,0.8392592072486877,0.29056262969970703,8.163081474776845e-06,262144,200115,2984,60401.92029207312,17662.737481932367,177222,1865,20150,878,0,0
P2,F2,71,calibration,t1,15,India_207862,IND,1.0,0.6631958595258202,0.6631958491930143,0.6659227013587952,0.20290125906467438,1.2366685041342862e-05,262144,200115,2984,76400.27737861013,19159.056534692634,177222,1865,20150,878,0,0
P2,F2,71,calibration,calibrated,16,India_244057,IND,1.6327150318668142,0.9999999999939413,1.0,0.6283913254737854,0.16192150115966797,5.412035079643829e-06,262144,160537,0,9906.227964824935,851.5024743065619,160532,0,5,0,0,0
P2,F2,71,calibration,t1,16,India_244057,IND,1.0,0.9999999999758343,1.0,0.3437090218067169,0.06814482063055038,4.884626378043322e-06,262144,160537,0,2389.1736041441823,120.0933786230863,160532,0,5,0,0,0
P2,F2,71,calibration,calibrated,17,India_25540,IND,1.6327150318668142,0.963639146845889,0.963639146084509,0.5947403311729431,0.1610318273305893,5.571217116084881e-06,262144,188625,504,33767.3462786507,9002.42623618904,176987,79,11134,425,0,0
P2,F2,71,calibration,t1,17,India_25540,IND,1.0,0.8654427429688893,0.865442739440553,0.3365706503391266,0.0802091509103775,5.52560140931746e-06,262144,188625,504,38834.09505424752,9800.933857866172,176987,79,11134,425,0,0
P2,F2,71,calibration,calibrated,18,India_265762,IND,1.6327150318668142,0.9999999999921069,1.0,0.41792911291122437,0.08677725493907928,4.518596597336e-06,262144,147296,0,32218.738630927626,7966.468390996228,138763,0,8533,0,0,0
P2,F2,71,calibration,t1,18,India_265762,IND,1.0,0.999999999955023,1.0,0.14919330179691315,0.023313529789447784,3.321958502056077e-06,262144,147296,0,41700.932008005904,8355.98585997042,138763,0,8533,0,0,0
P2,F2,71,calibration,calibrated,19,India_273873,IND,1.6327150318668142,0.6526042992208698,0.652604322720391,0.902350902557373,0.3404886722564697,1.5704687029938214e-05,262144,155608,9273,34901.290942963795,8484.869582974745,146203,3959,5093,353,0,0
P2,F2,71,calibration,t1,19,India_273873,IND,1.0,0.4354949935718685,0.43549499602720276,0.7819643616676331,0.2636050581932068,4.4793952838517725e-05,262144,155608,9273,38514.982556680014,8101.671219347303,146203,3959,5093,353,0,0
P2,F2,71,calibration,calibrated,20,India_285297,IND,1.6327150318668142,0.46867675748926585,0.46867676023982685,0.9371035099029541,0.3717271089553833,1.2886783224530518e-05,262144,245042,19441,99969.02087284165,30443.789228073125,197674,11362,28788,7218,0,0
P2,F2,71,calibration,t1,20,India_285297,IND,1.0,0.2819847181467704,0.2819847358751475,0.8509474396705627,0.3037729263305664,2.9536378860939294e-05,262144,245042,19441,133041.7954085037,33523.489431913535,197674,11362,28788,7218,0,0
P2,F2,71,calibration,calibrated,21,India_287642,IND,1.6327150318668142,0.29897563420091444,0.29897563511091163,0.9783317446708679,0.4246920645236969,3.409797136555426e-05,262144,115377,54009,46448.702272110284,14883.11559197713,85456,12007,8985,8929,0,0
P2,F2,71,calibration,t1,21,India_287642,IND,1.0,0.18307286040417703,0.18307278579121955,0.9446607232093811,0.37994447350502014,0.0001164378336397931,262144,115377,54009,56199.51681393817,16281.011260516912,85456,12007,8985,8929,0,0
P2,F2,71,calibration,calibrated,22,India_324254,IND,1.6327150318668142,0.9999999999922345,1.0,0.4404276907444,0.09399022907018661,4.836735115532065e-06,262144,262144,0,23085.258179784825,3968.8241939495447,258261,0,3883,0,0,0
P2,F2,71,calibration,t1,22,India_324254,IND,1.0,0.9999999999568957,1.0,0.16766145825386047,0.026833126321434975,3.607977532738005e-06,262144,262144,0,18355.10752165909,3718.8345756919603,258261,0,3883,0,0,0
P2,F2,71,calibration,calibrated,23,India_373039,IND,1.6327150318668142,0.6798862957416756,0.6798863015522912,0.9100041389465332,0.3446899354457855,1.4735936929355375e-05,262144,242783,8822,35799.580900236586,8350.816265625435,233152,8122,1509,0,0,0
P2,F2,71,calibration,t1,23,India_373039,IND,1.0,0.4661200568724736,0.46612004487823133,0.7948831915855408,0.26764971017837524,3.637791451183148e-05,262144,242783,8822,28598.549916084987,7354.046162347532,233152,8122,1509,0,0,0
P2,F2,71,calibration,calibrated,24,India_383430,IND,1.6327150318668142,0.4783271232298466,0.47832713347410727,0.9339639544487,0.3683502972126007,1.8365843061474152e-05,262144,251271,18511,94096.8288135053,27284.44260456231,205302,6741,27666,11562,0,0
P2,F2,71,calibration,t1,24,India_383430,IND,1.0,0.28849290294179086,0.28849293012430743,0.8441804051399231,0.2991386353969574,5.43732094229199e-05,262144,251271,18511,122701.26431097946,29181.630015536546,205302,6741,27666,11562,0,0
P2,F2,71,calibration,calibrated,25,India_391908,IND,1.6327150318668142,0.5161800777670049,0.5161800888718158,0.9312958717346191,0.36558225750923157,1.913444430101663e-05,262144,211832,16402,64095.16239085773,18330.900712164592,179930,5913,16717,9272,0,0
P2,F2,71,calibration,t1,25,India_391908,IND,1.0,0.3153035918646213,0.3153036330948835,0.8387303352355957,0.2954149842262268,5.464469359139912e-05,262144,211832,16402,77442.37277627378,19071.104662099406,179930,5913,16717,9272,0,0
P2,F2,71,calibration,calibrated,26,India_399883,IND,1.6327150318668142,0.12012471078055842,0.12012477711634473,0.9824040532112122,0.4323343336582184,1.6379593944293447e-05,262144,262119,164845,108166.94194549305,34517.1574806962,87388,38439,9911,126381,0,0
P2,F2,71,calibration,t1,26,India_399883,IND,1.0,0.06810800959021479,0.06810801903507946,0.9547300934791565,0.39167502522468567,4.4349271774990484e-05,262144,262119,164845,128244.4992155198,37556.52845634282,87388,38439,9911,126381,0,0
P2,F2,71,calibration,calibrated,27,India_44475,IND,1.6327150318668142,0.9999999999923915,1.0,0.43905913829803467,0.09128400683403015,4.582772817229852e-06,262144,260175,0,13461.198442288465,761.3295731427756,260175,0,0,0,0,0
P2,F2,71,calibration,t1,27,India_44475,IND,1.0,0.9999999999574735,1.0,0.1584240347146988,0.023333290591835976,3.2127009035320953e-06,262144,260175,0,2355.4603060590107,31.676195364514616,260175,0,0,0,0,0
P2,F2,71,calibration,calibrated,28,India_500266,IND,1.6327150318668142,0.9532795484096227,0.9532795535961397,0.6609736084938049,0.18808065354824066,7.20149409971782e-06,262144,262141,684,108149.2124447966,31544.08979354267,223919,41,37538,643,0,0
P2,F2,71,calibration,t1,28,India_500266,IND,1.0,0.8434844719283878,0.8434844734653704,0.40612268447875977,0.0999261662364006,9.710910489957314e-06,262144,262141,684,153650.83194333562,34832.03759337984,223919,41,37538,643,0,0
P2,F2,71,calibration,calibrated,29,India_533192,IND,1.6327150318668142,0.22308257098362583,0.22308260525598622,0.9854932427406311,0.43840619921684265,2.098521144944243e-05,156878,120661,63239,41558.623285847265,12251.152166480595,65145,12272,3930,39314,0,0
P2,F2,71,calibration,t1,29,India_533192,IND,1.0,0.12984753512798164,0.12984753263673832,0.9624415636062622,0.40105265378952026,5.0898110202979296e-05,156878,120661,63239,40823.62894181193,12170.3689558792,65145,12272,3930,39314,0,0
P2,F2,71,calibration,calibrated,30,India_534470,IND,1.6327150318668142,0.9999999999925837,1.0,0.4981929659843445,0.11475179344415665,4.991784408048261e-06,262144,250570,0,29726.755941574524,6598.4858565032155,243136,0,7434,0,0,0
P2,F2,71,calibration,t1,30,India_534470,IND,1.0,0.9999999999629257,1.0,0.22038505971431732,0.039656687527894974,3.7784004689456197e-06,262144,250570,0,29283.880975067652,6848.434787977524,243136,0,7434,0,0,0
P2,F2,71,calibration,calibrated,31,India_56450,IND,1.6327150318668142,0.9999999999920689,1.0,0.39998406171798706,0.07987644523382187,4.470206022233469e-06,262144,181248,0,9502.481317040229,561.0086742867744,181166,0,82,0,0,0
P2,F2,71,calibration,t1,31,India_56450,IND,1.0,0.9999999999531712,1.0,0.1318398416042328,0.01854780502617359,3.1457038858206943e-06,262144,181248,0,1941.8553977668973,97.32688884535276,181166,0,82,0,0,0
P2,F2,71,calibration,calibrated,32,India_566697,IND,1.6327150318668142,0.9828061844048139,0.9828061847558964,0.5946351289749146,0.15348492562770844,5.649779268424027e-06,262144,215703,245,49081.98641610141,13088.291836136465,200824,160,14700,19,0,0
P2,F2,71,calibration,t1,32,India_566697,IND,1.0,0.930505250522673,0.9305052481346845,0.3171430230140686,0.06765272468328476,5.745578619098524e-06,262144,215703,245,62340.47770695355,13992.933825388314,200824,160,14700,19,0,0
P2,F2,71,calibration,calibrated,33,India_570384,IND,1.6327150318668142,0.510602339451525,0.5106023463995328,0.8099066615104675,0.2736712098121643,1.572135806782171e-05,262144,242000,12509,35578.81393230516,8606.73472343284,225106,2346,7744,6804,0,0
P2,F2,71,calibration,t1,33,India_570384,IND,1.0,0.26074715069325305,0.26074719812712455,0.6216760277748108,0.18604789674282074,4.792774052475579e-05,262144,242000,12509,34138.986246346685,8509.75944801008,225106,2346,7744,6804,0,0
P2,F2,71,calibration,calibrated,34,India_591317,IND,1.6327150318668142,0.12300674840874992,0.12300673797033779,0.9254763722419739,0.35913240909576416,1.1781729881477077e-05,262144,246049,120144,52813.94879629208,13991.159215741896,120469,11541,5436,108603,0,0
P2,F2,71,calibration,t1,34,India_591317,IND,1.0,0.05748740816276221,0.0574873905773422,0.8258707523345947,0.2864592373371124,2.609518196550198e-05,262144,246049,120144,48130.184188230625,13473.827603459942,120469,11541,5436,108603,0,0
P2,F2,71,calibration,calibrated,35,India_591549,IND,1.6327150318668142,0.9999999999918405,1.0,0.394320547580719,0.0785369798541069,4.458019702724414e-06,262144,245709,0,43810.955661970394,10435.75945011436,234655,0,11054,0,0,0
P2,F2,71,calibration,t1,35,India_591549,IND,1.0,0.999999999950372,1.0,0.12924633920192719,0.018225302919745445,3.2424693472421495e-06,262144,245709,0,54109.721489774514,10848.506346026075,234655,0,11054,0,0,0
P2,F2,71,calibration,calibrated,36,India_592446,IND,1.6327150318668142,0.4994177798505508,0.4994178202035745,0.8846806883811951,0.3272988200187683,1.5677642295486294e-05,262144,224355,14651,24599.761399028703,5470.442376674267,211363,3948,2718,6326,0,0
P2,F2,71,calibration,t1,36,India_592446,IND,1.0,0.27879993657319024,0.278799962965807,0.7495841383934021,0.24798697233200073,4.45451405539643e-05,262144,224355,14651,17341.86904330016,4924.375860852624,211363,3948,2718,6326,0,0
P2,F2,71,calibration,calibrated,37,India_59460,IND,1.6327150318668142,0.999999999992782,1.0,0.4952714443206787,0.10978928208351135,4.75513661513105e-06,262144,209353,0,12778.14837836301,1054.9468487542576,209038,0,315,0,0,0
P2,F2,71,calibration,t1,37,India_59460,IND,1.0,0.9999999999630003,1.0,0.2048676460981369,0.032944243401288986,3.5448790640657535e-06,262144,209353,0,3778.376008141056,351.72865727066625,209038,0,315,0,0,0
P2,F2,71,calibration,calibrated,38,India_624341,IND,1.6327150318668142,0.9999999999922611,1.0,0.42855802178382874,0.0883413553237915,4.602059107128298e-06,262144,262142,0,22789.011531937525,3607.2155899710597,258918,0,3224,0,0,0
P2,F2,71,calibration,t1,38,India_624341,IND,1.0,0.9999999999560005,1.0,0.15172846615314484,0.022239772602915764,3.271319656050764e-06,262144,262142,0,17771.408783729228,3186.041171735116,258918,0,3224,0,0,0
P2,F2,71,calibration,calibrated,39,India_631692,IND,1.6327150318668142,0.9999999999920598,1.0,0.39850690960884094,0.07926357537508011,4.5310025598155335e-06,262144,262144,0,15193.19348727406,1380.8432089724574,261342,0,802,0,0,0
P2,F2,71,calibration,t1,39,India_631692,IND,1.0,0.9999999999531655,1.0,0.13010039925575256,0.018152445554733276,3.0688538572576363e-06,262144,262144,0,5814.054969329318,804.7030633862023,261342,0,802,0,0,0
P2,F2,71,calibration,calibrated,40,India_652725,IND,1.6327150318668142,0.6764206245330582,0.6764206285039034,0.8301203846931458,0.28636348247528076,1.0852628292923328e-05,262144,262094,6691,61786.42731879376,17064.16832753255,237322,2977,18081,3714,0,0
P2,F2,71,calibration,t1,40,India_652725,IND,1.0,0.4241361771716494,0.42413620718112754,0.653508722782135,0.1995512992143631,2.2293577785603702e-05,262144,262094,6691,74417.70384720025,18134.215444134912,237322,2977,18081,3714,0,0
P2,F2,71,calibration,calibrated,41,India_664410,IND,1.6327150318668142,0.8625734419389813,0.8625734383436403,0.7505205869674683,0.24497954547405243,9.299702469434123e-06,262144,262142,2347,46565.68679944305,11783.86015365345,247097,1519,12698,828,0,0
P2,F2,71,calibration,t1,41,India_664410,IND,1.0,0.6710115826734456,0.671011571444263,0.5433729887008667,0.16138572990894318,1.6585272533120587e-05,262144,262142,2347,52170.552113899816,12180.444038484751,247097,1519,12698,828,0,0
P2,F2,71,calibration,calibrated,42,India_691027,IND,1.6327150318668142,0.9887334461552676,0.9887334470857149,0.695252001285553,0.20782902836799622,8.033920494199265e-06,262144,254034,173,32554.20427761655,7350.373913910674,245510,130,8351,43,0,0
P2,F2,71,calibration,t1,42,India_691027,IND,1.0,0.962658316101435,0.9626583195551622,0.4596458077430725,0.11970502138137817,1.125373182730982e-05,262144,254034,173,31065.235501948442,7332.611905561768,245510,130,8351,43,0,0
P2,F2,71,calibration,calibrated,43,India_698338,IND,1.6327150318668142,0.8427889229944,0.8427889219170603,0.7551770806312561,0.2505967915058136,7.651969099242706e-06,262144,227984,2657,26526.787417782783,6144.664548643555,217553,495,7851,2085,0,0
P2,F2,71,calibration,t1,43,India_698338,IND,1.0,0.6389710128796654,0.638970997816785,0.558202862739563,0.16916953027248383,1.249544493475696e-05,262144,227984,2657,22520.57322556441,6148.366451273972,217553,495,7851,2085,0,0
P2,F2,71,calibration,calibrated,44,India_70352,IND,1.6327150318668142,0.33617865085401544,0.33617869377958154,0.8637169003486633,0.3101487159729004,1.954411891347263e-05,262144,239229,25625,29105.315660571254,6700.633502237523,219018,7023,1413,11775,0,0
P2,F2,71,calibration,t1,44,India_70352,IND,1.0,0.16010882852742114,0.1601088219789386,0.7111781239509583,0.22686521708965302,6.865779141662642e-05,262144,239229,25625,23142.149720444177,6416.700153441564,219018,7023,1413,11775,0,0
P2,F2,71,calibration,calibrated,45,India_707886,IND,1.6327150318668142,0.7233848651026809,0.7233848438282837,0.7521911859512329,0.26047465205192566,1.0863626812351868e-05,262144,256881,5458,20671.23074754841,3634.0974636995866,249216,1997,2249,3419,0,0
P2,F2,71,calibration,t1,45,India_707886,IND,1.0,0.476678490822359,0.47667851826809216,0.5733272433280945,0.18762747943401337,2.3572159989271313e-05,262144,256881,5458,10625.644714477812,2885.0733317097147,249216,1997,2249,3419,0,0
P2,F2,71,calibration,calibrated,46,India_73419,IND,1.6327150318668142,0.9999999999920165,1.0,0.4195788502693176,0.08657390624284744,4.551793608698063e-06,262144,178934,0,25896.79095600816,5852.552422236502,172682,0,6252,0,0,0
P2,F2,71,calibration,t1,46,India_73419,IND,1.0,0.999999999953417,1.0,0.14895057678222656,0.022247493267059326,3.2582058793195756e-06,262144,178934,0,29446.864062876928,6050.832895253243,172682,0,6252,0,0,0
P2,F2,71,calibration,calibrated,47,India_747970,IND,1.6327150318668142,0.8582219002281153,0.8582218892192359,0.7152762413024902,0.23282350599765778,8.022891961445566e-06,262144,246517,2430,21595.932733157315,4009.415865277604,240517,993,3900,1107,0,0
P2,F2,71,calibration,t1,47,India_747970,IND,1.0,0.6625826126146328,0.6625826009122435,0.5081848502159119,0.15507692098617554,1.3267732356325723e-05,262144,246517,2430,13788.08576070845,3495.7927316426794,240517,993,3900,1107,0,0
P2,F2,71,calibration,calibrated,48,India_747992,IND,1.6327150318668142,0.2912453308134424,0.2912452786705567,0.9686025381088257,0.40912944078445435,1.7591302821529098e-05,262144,262087,49270,180625.7024423204,55845.05564797795,142570,2195,70247,47075,0,0
P2,F2,71,calibration,t1,48,India_747992,IND,1.0,0.17038425414883163,0.17038425962848802,0.9212461709976196,0.3565789461135864,5.29797762283124e-05,262144,262087,49270,256045.7270934172,61774.57485886113,142570,2195,70247,47075,0,0
P2,F2,71,calibration,calibrated,49,India_764946,IND,1.6327150318668142,0.9628673182634483,0.9628673149407991,0.574133574962616,0.15743915736675262,6.5512808760104235e-06,262144,242502,495,16871.03249276358,2587.824603528311,239157,199,3004,142,0,0
P2,F2,71,calibration,t1,49,India_764946,IND,1.0,0.8632284895903821,0.8632284974306802,0.3280455768108368,0.0819397047162056,8.659416380396578e-06,262144,242502,495,8690.297233404313,2287.9327318056876,239157,199,3004,142,0,0
P2,F2,71,calibration,calibrated,50,India_769408,IND,1.6327150318668142,0.8799817340524138,0.8799817476959061,0.7525924444198608,0.23987305164337158,8.308227734232787e-06,262144,175907,1919,29836.67164132668,7537.637479921433,166480,845,7852,730,0,0
P2,F2,71,calibration,t1,50,India_769408,IND,1.0,0.6965635545264524,0.6965635604853144,0.5353975892066956,0.15146292746067047,1.3497769032255746e-05,262144,175907,1919,32707.865502014763,7722.126865440576,166480,845,7852,730,0,0
P2,F2,71,calibration,calibrated,51,India_772630,IND,1.6327150318668142,0.9970536969265462,0.9970536966668954,0.7123399376869202,0.20193959772586823,6.507064881589031e-06,262144,155332,50,14507.252851555255,2265.0835445014886,153987,0,1345,0,0,0
P2,F2,71,calibration,t1,51,India_772630,IND,1.0,0.9896543906121182,0.9896543895169608,0.45261985063552856,0.1019483208656311,7.273567462107167e-06,262144,155332,50,8765.718746357072,1501.7914935127123,153987,0,1345,0,0,0
P2,F2,71,calibration,calibrated,52,India_773682,IND,1.6327150318668142,0.7658509414391144,0.7658509414334023,0.6757887005805969,0.20426394045352936,7.981252565514296e-06,262144,252793,3763,83893.2328411624,24382.448905237085,220803,1031,28227,2732,0,0
P2,F2,71,calibration,t1,52,India_773682,IND,1.0,0.47699360226467014,0.4769936459543995,0.44134965538978577,0.12189370393753052,1.4482048754871357e-05,262144,252793,3763,114873.12991213269,26806.194218922832,220803,1031,28227,2732,0,0
P2,F2,71,calibration,calibrated,53,India_774689,IND,1.6327150318668142,0.4880846783183961,0.48808463984461314,0.9489085078239441,0.3851260244846344,2.70887521764962e-05,261156,237116,18867,55862.386373632864,15807.46254771974,209853,8506,11849,6908,0,0
P2,F2,71,calibration,t1,53,India_774689,IND,1.0,0.30614376775980945,0.30614370927609025,0.8767123222351074,0.3224264085292816,7.310796354431659e-05,261156,237116,18867,62034.018022032964,16328.937231290416,209853,8506,11849,6908,0,0
P2,F2,71,calibration,calibrated,54,India_79637,IND,1.6327150318668142,0.9446579919492826,0.9446579978611997,0.476237952709198,0.10894790291786194,5.383843927120324e-06,262144,262144,601,26563.12717987191,5002.997873329859,256794,185,4749,416,0,0
P2,F2,71,calibration,t1,54,India_79637,IND,1.0,0.7548005355351004,0.7548005392304238,0.2033843845129013,0.0385899655520916,5.5519658417324536e-06,262144,262144,601,23364.107138596366,4749.913727810139,256794,185,4749,416,0,0
P2,F2,71,calibration,calibrated,55,India_80221,IND,1.6327150318668142,0.0885767784467344,0.08857672317330945,0.9056749939918518,0.34054791927337646,9.65478739090031e-06,262144,151793,168048,47901.68162554571,14523.63709293454,19727,17560,864,113642,0,0
P2,F2,71,calibration,t1,55,India_80221,IND,1.0,0.037889105986575466,0.0378890732728423,0.7857111692428589,0.2621462643146515,2.262678935949225e-05,262144,151793,168048,58616.50711446049,16032.856308247281,19727,17560,864,113642,0,0
P2,F2,71,calibration,calibrated,56,India_804466,IND,1.6327150318668142,0.5457902598453312,0.545790271997546,0.9244333505630493,0.36240091919898987,1.1981301213381812e-05,262144,262134,14191,112487.90338750173,33644.13057724165,208727,3179,39216,11012,0,0
P2,F2,71,calibration,t1,56,India_804466,IND,1.0,0.3417722273229876,0.34177227185039294,0.8264260292053223,0.29272764921188354,2.663815212144982e-05,262144,262134,14191,153624.91719691578,36704.7183501144,208727,3179,39216,11012,0,0
P2,F2,71,calibration,calibrated,57,India_828067,IND,1.6327150318668142,0.81348527925944,0.8134852930330242,0.7318812012672424,0.2398541122674942,1.0058013685920741e-05,262144,183120,3135,21512.573943752148,4965.220516055201,174731,1395,5256,1738,0,0
P2,F2,71,calibration,t1,57,India_828067,IND,1.0,0.5823990617414967,0.5823990248261901,0.5287455916404724,0.16022853553295135,1.9104205421172082e-05,262144,183120,3135,17956.574500863153,4851.766206085158,174731,1395,5256,1738,0,0
P2,F2,71,calibration,calibrated,58,India_833266,IND,1.6327150318668142,0.941473106175316,0.9414731137413909,0.4812791645526886,0.11083339899778366,5.039278221374843e-06,262144,219674,643,60638.78554017002,15945.341693303264,201358,54,17673,589,0,0
P2,F2,71,calibration,t1,58,India_833266,IND,1.0,0.7444110103744361,0.7444110214669688,0.2088785469532013,0.03966899588704109,4.521003120316891e-06,262144,219674,643,82116.04573481019,17038.99988804225,201358,54,17673,589,0,0
P2,F2,71,calibration,calibrated,59,India_842775,IND,1.6327150318668142,0.9999999999923284,1.0,0.46067655086517334,0.10478229820728302,4.7740049922140315e-06,262144,246418,0,26701.345714062656,5373.254830978916,240489,0,5929,0,0,0
P2,F2,71,calibration,t1,59,India_842775,IND,1.0,0.9999999999606746,1.0,0.19668442010879517,0.03691696748137474,3.9429332900908776e-06,262144,246418,0,25150.068126610226,5388.301032279132,240489,0,5929,0,0,0
P2,F2,71,calibration,calibrated,60,India_869358,IND,1.6327150318668142,0.9519706535589515,0.9519706560934194,0.6413090229034424,0.18988822400569916,7.474672656826442e-06,262144,262144,727,24349.440235842456,4558.712725681003,256698,396,4719,331,0,0
P2,F2,71,calibration,t1,60,India_869358,IND,1.0,0.8491996206732682,0.8491996059158936,0.40464964509010315,0.11111538857221603,1.0734296665759757e-05,262144,262144,727,17597.94732255321,4126.257463908486,256698,396,4719,331,0,0
P2,F2,71,calibration,calibrated,61,India_900498,IND,1.6327150318668142,0.13486975684639624,0.1348697289097388,0.978996992111206,0.4258667528629303,2.106488318531774e-05,262144,261992,143011,96975.82230526733,30136.435513465385,108010,30029,11123,112830,0,0
P2,F2,71,calibration,t1,61,India_900498,IND,1.0,0.0752791762344096,0.07527924455956947,0.9463083744049072,0.3817409873008728,6.77479911246337e-05,262144,261992,143011,110244.91484727385,32064.910944819316,108010,30029,11123,112830,0,0
P2,F2,71,calibration,calibrated,62,India_91379,IND,1.6327150318668142,0.6732926243484474,0.6732926557219601,0.8055888414382935,0.27214908599853516,1.0148139153898228e-05,262144,262133,6424,72725.98831449801,20460.584178235025,231533,1006,24176,5418,0,0
P2,F2,71,calibration,t1,62,India_91379,IND,1.0,0.4138933058678971,0.4138932773161631,0.6158808469772339,0.185237854719162,2.1134663256816566e-05,262144,262133,6424,92637.7243003429,22025.415735824536,231533,1006,24176,5418,0,0
P2,F2,71,calibration,calibrated,63,India_943439,IND,1.6327150318668142,0.26047578744999544,0.26047582116173496,0.9816316366195679,0.4310380816459656,2.926828346971888e-05,262144,250096,64706,86004.02755817032,27006.339108525506,176045,26442,12122,35487,0,0
P2,F2,71,calibration,t1,63,India_943439,IND,1.0,0.15941736272522222,0.15941733418101522,0.9528251886367798,0.38970524072647095,0.00010420699254609644,262144,250096,64706,99351.64408366964,29118.571274229056,176045,26442,12122,35487,0,0
P2,F2,71,calibration,calibrated,64,India_952728,IND,1.6327150318668142,0.939818920680589,0.9398189195360864,0.5601662993431091,0.14775143563747406,6.9080347202543635e-06,262144,188716,763,23931.10134307562,5156.123189682589,182799,69,5557,291,0,0
P2,F2,71,calibration,t1,64,India_952728,IND,1.0,0.7783928618328817,0.7783928458052587,0.30100417137145996,0.07144316285848618,9.667473023000639e-06,262144,188716,763,24214.016148524082,5152.515212761952,182799,69,5557,291,0,0
P2,F2,71,calibration,calibrated,65,India_956930,IND,1.6327150318668142,0.5496736800299171,0.549673677631692,0.9585287570953369,0.3967665135860443,1.7445006960770115e-05,262144,237130,15724,84105.91271881848,25631.815881349343,192665,4369,29607,10489,0,0
P2,F2,71,calibration,t1,65,India_956930,IND,1.0,0.36958410416975174,0.36958413991044026,0.8982439637184143,0.33892983198165894,4.8019926907727495e-05,262144,237130,15724,105750.4873424083,27801.26708430903,192665,4369,29607,10489,0,0
P2,F2,71,calibration,calibrated,66,India_979278,IND,1.6327150318668142,0.6651089909064833,0.6651090301905604,0.9751468300819397,0.41956648230552673,3.669867874123156e-05,124051,105990,7297,22824.052716847364,5571.639907760751,97158,3395,2652,2785,0,0
P2,F2,71,calibration,t1,66,India_979278,IND,1.0,0.48989307370400315,0.48989306524386544,0.9369532465934753,0.37223294377326965,9.214714373229071e-05,124051,105990,7297,16542.289184046007,4488.967008135489,97158,3395,2652,2785,0,0
P2,F2,71,calibration,calibrated,67,India_981708,IND,1.6327150318668142,0.9292979951061124,0.9292979939052165,0.5957770943641663,0.15809115767478943,3.646844197646715e-05,222572,219993,936,39399.00274698774,9841.301760874532,208867,780,10333,13,0,0
P2,F2,71,calibration,t1,67,India_981708,IND,1.0,0.7575095904986344,0.7575096001120191,0.32529279589653015,0.07536771893501282,9.242877422366291e-05,222572,219993,936,43147.03406503469,10276.450415658448,208867,780,10333,13,0,0
P2,F2,71,calibration,calibrated,68,Paraguay_1019808,PRY,1.6327150318668142,0.9999999999924056,1.0,0.46122828125953674,0.1007380411028862,4.774414264829829e-06,262144,262144,0,24202.094657483925,4669.298536547882,256974,0,5170,0,0,0
P2,F2,71,calibration,t1,68,Paraguay_1019808,PRY,1.0,0.9999999999596375,1.0,0.18303541839122772,0.03058338537812233,3.6327010093373246e-06,262144,262144,0,19810.859550157642,4685.345632310841,256974,0,5170,0,0,0
P2,F2,71,calibration,calibrated,69,Paraguay_1029042,PRY,1.6327150318668142,0.18409445406532965,0.18409447623900743,0.9731202721595764,0.4165343940258026,1.855441223597154e-05,262144,223004,86514,51326.99691574254,14969.632090651954,140563,21244,679,60518,0,0
P2,F2,71,calibration,t1,69,Paraguay_1029042,PRY,1.0,0.10346642864454247,0.10346642467048361,0.9320999383926392,0.3677205443382263,5.5632695875829086e-05,262144,223004,86514,47270.89675960499,15166.638066305393,140563,21244,679,60518,0,0
P2,F2,71,calibration,calibrated,70,Paraguay_1029191,PRY,1.6327150318668142,0.21092257965643213,0.21092258434042832,0.9597100615501404,0.3981547951698303,2.183409742428921e-05,262144,253937,67587,49725.4336315423,13539.822216497263,185416,18185,1226,49110,0,0
P2,F2,71,calibration,t1,70,Paraguay_1029191,PRY,1.0,0.11326803695495924,0.11326802975523043,0.900877833366394,0.3408810794353485,7.919376366771758e-05,262144,253937,67587,42957.6603898622,13301.601397449944,185416,18185,1226,49110,0,0
P2,F2,71,calibration,calibrated,71,Paraguay_1056717,PRY,1.6327150318668142,0.7279718713892751,0.7279718534909734,0.8913173079490662,0.3359094262123108,1.0229738109046593e-05,262144,262144,6230,29030.855194978605,6303.487576238402,252974,4124,2940,2106,0,0
P2,F2,71,calibration,t1,71,Paraguay_1056717,PRY,1.0,0.5195215336827017,0.5195215291343862,0.7648771405220032,0.26036301255226135,2.0334107830422e-05,262144,262144,6230,20197.10602099376,5415.319724752876,252974,4124,2940,2106,0,0
P2,F2,71,calibration,calibrated,72,Paraguay_1076204,PRY,1.6327150318668142,0.6019534462442192,0.6019534522248247,0.6313267350196838,0.17769451439380646,7.0771875471109524e-06,262144,262144,6627,22712.995545537306,3890.836373192095,255145,3970,372,2657,0,0
P2,F2,71,calibration,t1,72,Paraguay_1076204,PRY,1.0,0.2805871929775774,0.2805871971133135,0.375924289226532,0.09442836046218872,1.3663287973031402e-05,262144,262144,6627,14130.531949498592,3336.404785924633,255145,3970,372,2657,0,0
P2,F2,71,calibration,calibrated,73,Paraguay_11869,PRY,1.6327150318668142,0.9024688645083203,0.9024688676788587,0.5149683356285095,0.12626223266124725,6.125677828094922e-06,262144,257933,1005,15369.304299956739,1509.5954739233262,256979,732,179,43,0,0
P2,F2,71,calibration,t1,73,Paraguay_11869,PRY,1.0,0.6541685816025352,0.6541685712947777,0.24652107059955597,0.052823957055807114,8.71881093189586e-06,262144,257933,1005,4917.144355720956,793.8427027586085,256979,732,179,43,0,0
P2,F2,71,calibration,calibrated,74,Paraguay_126224,PRY,1.6327150318668142,0.2922070341645985,0.29220707919820743,0.9876011610031128,0.4432277977466583,2.3575999875902198e-05,262144,262144,61713,280649.4427087195,85683.69983738195,104775,12987,95656,48726,0,0
P2,F2,71,calibration,t1,74,Paraguay_126224,PRY,1.0,0.1898164671933128,0.18981644237620832,0.9677687883377075,0.4085948169231415,7.789849041728303e-05,262144,262144,61713,412507.19344881,94427.4731280574,104775,12987,95656,48726,0,0
P2,F2,71,calibration,calibrated,75,Paraguay_12870,PRY,1.6327150318668142,0.48657437619343846,0.4865744208228914,0.8289716839790344,0.2928072214126587,8.715552212379407e-06,262144,262144,13791,39086.24979270634,10010.627129807895,248353,13791,0,0,0,0
P2,F2,71,calibration,t1,75,Paraguay_12870,PRY,1.0,0.25618508767798054,0.2561850889342152,0.6608251333236694,0.21160222589969635,1.8025240933638997e-05,262144,262144,13791,37504.82342687799,10394.87801384952,248353,13791,0,0,0,0
P2,F2,71,calibration,calibrated,76,Paraguay_148318,PRY,1.6327150318668142,0.9387042662968738,0.9387042712615006,0.59002286195755,0.1578579843044281,5.717666681448463e-06,262144,240076,753,15918.996464293668,2079.307011097074,237609,238,1714,515,0,0
P2,F2,71,calibration,t1,76,Paraguay_148318,PRY,1.0,0.7783680056166401,0.7783680269196532,0.3276883065700531,0.07688558846712112,6.840747118985746e-06,262144,240076,753,6922.044689298984,1509.858948296023,237609,238,1714,515,0,0
P2,F2,71,calibration,calibrated,77,Paraguay_149787,PRY,1.6327150318668142,0.23105350279940062,0.23105348632464673,0.945699155330658,0.3801213800907135,2.38851280300878e-05,262144,262144,56623,50344.29207010271,13734.484725686216,203867,18186,1654,38437,0,0
P2,F2,71,calibration,t1,77,Paraguay_149787,PRY,1.0,0.12057016025897116,0.12057019473770691,0.8691001534461975,0.3149586319923401,8.302286732941866e-05,262144,262144,56623,44644.87835656306,13839.836274288118,203867,18186,1654,38437,0,0
P2,F2,71,calibration,calibrated,78,Paraguay_149830,PRY,1.6327150318668142,0.8279903277669355,0.8279903234515716,0.5244610905647278,0.141091451048851,5.301335022522835e-06,262144,260440,2337,15838.430229324682,1832.8562868123745,257503,1030,815,1092,0,0
P2,F2,71,calibration,t1,78,Paraguay_149830,PRY,1.0,0.5245056570433719,0.5245056633836647,0.28168782591819763,0.07397966831922531,6.453954028984299e-06,262144,260440,2337,5838.281267113553,1255.9354347440976,257503,1030,815,1092,0,0
P2,F2,71,calibration,calibrated,79,Paraguay_153941,PRY,1.6327150318668142,0.9734636251229415,0.9734636251553179,0.4984387159347534,0.11693446338176727,5.380807124311104e-06,262144,262144,314,16477.533976490122,1666.3958474768706,261189,314,641,0,0,0
P2,F2,71,calibration,t1,79,Paraguay_153941,PRY,1.0,0.8759641767632541,0.8759641837267408,0.22387737035751343,0.043510034680366516,5.073397915111855e-06,262144,262144,314,6109.40598772551,896.5751093190654,261189,314,641,0,0,0
P2,F2,71,calibration,calibrated,80,Paraguay_172476,PRY,1.6327150318668142,0.9418221372375251,0.9418221405474004,0.6894367337226868,0.20429590344429016,7.0405467340606265e-06,262144,262143,901,20979.558541085935,3392.4915934330647,258570,758,2672,143,0,0
P2,F2,71,calibration,t1,80,Paraguay_172476,PRY,1.0,0.8209294675517199,0.8209294620386633,0.4476642906665802,0.11609674245119095,8.829590115055908e-06,262144,262143,901,10946.562454744479,2642.478183410157,258570,758,2672,143,0,0
P2,F2,71,calibration,calibrated,81,Paraguay_179624,PRY,1.6327150318668142,0.9999999999927188,1.0,0.5410048365592957,0.13227114081382751,4.773813998326659e-06,262144,262109,0,14418.099714507778,1087.4474002145785,262067,0,42,0,0,0
P2,F2,71,calibration,t1,81,Paraguay_179624,PRY,1.0,0.9999999999662849,1.0,0.2659645080566406,0.052536848932504654,3.7835682178410934e-06,262144,262109,0,3227.4233988397864,207.14173271271443,262067,0,42,0,0,0
P2,F2,71,calibration,calibrated,82,Paraguay_191503,PRY,1.6327150318668142,0.9999999999926367,1.0,0.5225961804389954,0.12321750819683075,4.677919150708476e-06,262144,262144,0,14400.951683355035,1054.3024495323457,262054,0,90,0,0,0
P2,F2,71,calibration,t1,82,Paraguay_191503,PRY,1.0,0.9999999999642031,1.0,0.24168413877487183,0.044573839753866196,3.814077672359417e-06,262144,262144,0,3333.0993845526446,206.02210411849654,262054,0,90,0,0,0
P2,F2,71,calibration,calibrated,83,Paraguay_198534,PRY,1.6327150318668142,0.3657017565305777,0.365701785401365,0.8760821223258972,0.31771013140678406,9.418004083272535e-06,262144,195487,25727,38033.68053266314,11237.28618717027,179024,16463,0,0,0,0
P2,F2,71,calibration,t1,83,Paraguay_198534,PRY,1.0,0.1802802588940886,0.1802802631620286,0.730749785900116,0.2347155511379242,2.05221185751725e-05,262144,195487,25727,40137.36085903498,12537.231284331145,179024,16463,0,0,0,0
P2,F2,71,calibration,calibrated,84,Paraguay_205585,PRY,1.6327150318668142,0.9999999999919417,1.0,0.40413418412208557,0.08114666491746902,4.384281510283472e-06,262144,262144,0,12750.869089048065,655.4047690704429,262144,0,0,0,0,0
P2,F2,71,calibration,t1,84,Paraguay_205585,PRY,1.0,0.9999999999518014,1.0,0.13490013778209686,0.019122382625937462,3.2277989703288767e-06,262144,262144,0,2086.4846716024713,23.196727002518898,262144,0,0,0,0,0
P2,F2,71,calibration,calibrated,85,Paraguay_212687,PRY,1.6327150318668142,0.9999999999923531,1.0,0.4337700605392456,0.08995906263589859,4.577073923428543e-06,262144,262144,0,51862.05137604708,13668.644101822405,246836,0,15308,0,0,0
P2,F2,71,calibration,t1,85,Paraguay_212687,PRY,1.0,0.9999999999572128,1.0,0.1556282639503479,0.023007052019238472,3.1566544294037158e-06,262144,262144,0,65028.238987815836,14766.12327253543,246836,0,15308,0,0,0
P2,F2,71,calibration,calibrated,86,Paraguay_215904,PRY,1.6327150318668142,0.7357638616637634,0.7357638728294276,0.6464411020278931,0.19126518070697784,5.831509952258784e-06,262144,226308,4249,18075.647814807722,3191.9190588708043,222059,4249,0,0,0,0
P2,F2,71,calibration,t1,86,Paraguay_215904,PRY,1.0,0.42712219261023987,0.42712218483037523,0.4097163677215576,0.1113046258687973,8.68568713485729e-06,262144,226308,4249,9993.489603760574,2822.3653447211022,222059,4249,0,0,0,0
P2,F2,71,calibration,calibrated,87,Paraguay_224845,PRY,1.6327150318668142,0.9371972864459078,0.937197281431766,0.7152350544929504,0.21958690881729126,4.465397068997845e-05,109183,103920,616,9270.639475077729,828.3559389762345,103920,0,0,0,0,0
P2,F2,71,calibration,t1,87,Paraguay_224845,PRY,1.0,0.8188456398893226,0.8188456414231148,0.48075225949287415,0.13209816813468933,0.00010942597145913169,109183,103920,616,2292.535171572302,71.45878844722262,103920,0,0,0,0,0
P2,F2,71,calibration,calibrated,88,Paraguay_225187,PRY,1.6327150318668142,0.4527387182997721,0.4527386878542854,0.9777001738548279,0.42441171407699585,1.0410656614112668e-05,262144,262144,28201,61926.46011199696,19133.208562771877,233916,28181,27,20,0,0
P2,F2,71,calibration,t1,88,Paraguay_225187,PRY,1.0,0.3022081574157667,0.3022081487895274,0.9432166814804077,0.37966108322143555,2.439065974613186e-05,262144,262144,28201,61532.8689108394,20116.742622109174,233916,28181,27,20,0,0
P2,F2,71,calibration,calibrated,89,Paraguay_232281,PRY,1.6327150318668142,0.6752943746490949,0.6752943768317959,0.965268611907959,0.4065776765346527,1.305357818637276e-05,261391,261391,10215,53772.88607830937,15966.619532856424,229519,2468,21657,7747,0,0
P2,F2,71,calibration,t1,89,Paraguay_232281,PRY,1.0,0.5053103347187271,0.5053103430921013,0.9140341281890869,0.35340428352355957,2.5596067644073628e-05,261391,261391,10215,55764.18186523467,17060.241686947353,229519,2468,21657,7747,0,0
P2,F2,71,calibration,calibrated,90,Paraguay_24341,PRY,1.6327150318668142,0.1805861692033044,0.18058615252196752,0.9799343347549438,0.4279302954673767,1.5361973055405542e-05,262144,262144,97949,70937.02222870788,21924.678367789857,162033,31758,2162,66191,0,0
P2,F2,71,calibration,t1,90,Paraguay_24341,PRY,1.0,0.10597520819847372,0.10597517953073632,0.948635995388031,0.38494640588760376,4.594474739860743e-05,262144,262144,97949,70989.62896529335,23294.901099453335,162033,31758,2162,66191,0,0
P2,F2,71,calibration,calibrated,91,Paraguay_246154,PRY,1.6327150318668142,0.9999999999920043,1.0,0.39904311299324036,0.07946912944316864,4.451720087672584e-06,262144,262144,0,12962.77884113814,698.1203773327013,262108,0,36,0,0,0
P2,F2,71,calibration,t1,91,Paraguay_246154,PRY,1.0,0.9999999999524483,1.0,0.13066844642162323,0.01826883852481842,3.0970293209975353e-06,262144,262144,0,2293.346726158957,58.41480812811788,262108,0,36,0,0,0
P2,F2,71,calibration,calibrated,92,Paraguay_247656,PRY,1.6327150318668142,0.30422114241502385,0.30422108555725436,0.7551032304763794,0.2460574358701706,1.561757926538121e-05,262144,262144,24577,24807.97524330577,4526.025870047032,236703,4465,864,20112,0,0
P2,F2,71,calibration,t1,92,Paraguay_247656,PRY,1.0,0.1245118647079958,0.12451193779184766,0.5480570197105408,0.1613057404756546,5.167028575669974e-05,262144,262144,24577,14556.481198814967,3762.819079061803,236703,4465,864,20112,0,0
P2,F2,71,calibration,calibrated,93,Paraguay_252217,PRY,1.6327150318668142,0.9780455315853555,0.9780455299486159,0.5037985444068909,0.11848379671573639,4.96269240102265e-06,262144,255778,254,14632.843125671672,1257.0261233810688,255224,254,300,0,0,0
P2,F2,71,calibration,t1,93,Paraguay_252217,PRY,1.0,0.8937501523457694,0.8937501353758814,0.22865688800811768,0.04391523078083992,4.372152943687979e-06,262144,255778,254,4307.040045855258,516.7857566394257,255224,254,300,0,0,0
P2,F2,71,calibration,calibrated,94,Paraguay_271769,PRY,1.6327150318668142,0.4238928928424557,0.4238928943591882,0.9840417504310608,0.4350746273994446,1.1176794942002743e-05,262144,262144,33833,69573.46590082132,22465.661299968342,226048,33483,2263,350,0,0
P2,F2,71,calibration,t1,94,Paraguay_271769,PRY,1.0,0.2876174326594121,0.2876174565896076,0.9587820768356323,0.3958439230918884,2.5150724468403496e-05,262144,262144,33833,72746.84075825333,24400.941003809086,226048,33483,2263,350,0,0
P2,F2,71,calibration,calibrated,95,Paraguay_280900,PRY,1.6327150318668142,0.7807893432321314,0.7807893191928107,0.8233729004859924,0.29031383991241455,8.915309081203304e-06,262144,262142,4473,29085.073782136315,6414.090094366917,252318,3239,5351,1234,0,0
P2,F2,71,calibration,t1,95,Paraguay_280900,PRY,1.0,0.5671672154934333,0.5671671862022665,0.6542778015136719,0.20968779921531677,1.5820336557226256e-05,262144,262142,4473,22204.411827124815,6008.961281388523,252318,3239,5351,1234,0,0
P2,F2,71,calibration,calibrated,96,Paraguay_284928,PRY,1.6327150318668142,0.973558970808094,0.9735589693588824,0.6051400899887085,0.16404776275157928,9.899575161398388e-06,261368,261368,391,16394.82889508677,1570.964297466955,260977,391,0,0,0,0
P2,F2,71,calibration,t1,96,Paraguay_284928,PRY,1.0,0.9026642288575616,0.9026642248531153,0.34238114953041077,0.08148951828479767,1.4783712686039507e-05,261368,261368,391,4430.09614526342,493.94062613705614,260977,391,0,0,0,0
P2,F2,71,calibration,calibrated,97,Paraguay_305760,PRY,1.6327150318668142,0.9911208572081199,0.9911208561698537,0.584895670413971,0.1505420207977295,5.0476601245463826e-06,262144,262144,126,130095.87503314487,38063.43764808032,218291,62,43727,64,0,0
P2,F2,71,calibration,t1,97,Paraguay_305760,PRY,1.0,0.9629714723091792,0.9629714701083222,0.31123650074005127,0.06635669618844986,4.375065145723056e-06,262144,262144,126,190634.3774541951,41835.787839246994,218291,62,43727,64,0,0
P2,F2,71,calibration,calibrated,98,Paraguay_339807,PRY,1.6327150318668142,0.20833372218507917,0.20833372358680813,0.9883164167404175,0.44480761885643005,2.2010441171005368e-05,262144,214619,97021,66683.84656200401,20946.317347243945,127501,29075,2107,55936,0,0
P2,F2,71,calibration,t1,98,Paraguay_339807,PRY,1.0,0.13140452621253818,0.13140455267625462,0.969582736492157,0.41106486320495605,7.274883682839572e-05,262144,214619,97021,68243.5953978877,21855.811936843995,127501,29075,2107,55936,0,0
P2,F2,71,calibration,calibrated,99,Paraguay_36015,PRY,1.6327150318668142,0.5236267807230335,0.5236267514809397,0.9316208958625793,0.3645358383655548,1.0183635822613724e-05,262144,262139,16314,44972.61992111301,12177.91004640596,245825,16314,0,0,0,0
P2,F2,71,calibration,t1,99,Paraguay_36015,PRY,1.0,0.32492069797914946,0.3249206513690096,0.8385636210441589,0.29340869188308716,2.3823260562494397e-05,262144,262139,16314,40441.44106156814,12078.704551451141,245825,16314,0,0,0,0
P2,F2,71,calibration,calibrated,100,Paraguay_36146,PRY,1.6327150318668142,0.9601933776081424,0.9601933781830176,0.5898957252502441,0.15723194181919098,4.788457772519905e-06,262144,262144,567,15684.321860323607,1459.2268215614745,261577,567,0,0,0,0
P2,F2,71,calibration,t1,100,Paraguay_36146,PRY,1.0,0.8538421328053185,0.8538421406587994,0.32426613569259644,0.0759531706571579,4.210788119962672e-06,262144,262144,567,4156.649789545039,486.7825927316086,261577,567,0,0,0,0
P2,F2,71,calibration,calibrated,101,Paraguay_403081,PRY,1.6327150318668142,0.8845191314102366,0.8845191293567355,0.47111088037490845,0.10704182088375092,5.670781320077367e-06,262144,249836,1118,14113.672604677331,1160.6265903482304,248425,209,293,909,0,0
P2,F2,71,calibration,t1,101,Paraguay_403081,PRY,1.0,0.5783857887820323,0.5783857985238376,0.1991729736328125,0.03723369911313057,7.4236836553609464e-06,262144,249836,1118,3984.3468759762095,469.11643314233015,248425,209,293,909,0,0
P2,F2,71,calibration,calibrated,102,Paraguay_40936,PRY,1.6327150318668142,0.795830809178495,0.7958308101072419,0.772483766078949,0.2609178125858307,6.552829290740192e-06,262144,215331,3823,19477.782727733746,3523.037276159547,211508,3823,0,0,0,0
P2,F2,71,calibration,t1,102,Paraguay_40936,PRY,1.0,0.5701163420368678,0.5701163304672958,0.5812528729438782,0.1799624264240265,9.905842489388306e-06,262144,215331,3823,10109.850987381995,2659.604698145774,211508,3823,0,0,0,0
P2,F2,71,calibration,calibrated,103,Paraguay_44682,PRY,1.6327150318668142,0.9999999999921826,1.0,0.42312291264533997,0.08723221719264984,4.464277481019963e-06,262144,262144,0,16114.911166865051,1748.4161963194583,260835,0,1309,0,0,0
P2,F2,71,calibration,t1,103,Paraguay_44682,PRY,1.0,0.9999999999553209,1.0,0.1498112976551056,0.022242093458771706,3.2260547868645517e-06,262144,262144,0,7062.340261472779,1244.192508842152,260835,0,1309,0,0,0
P2,F2,71,calibration,calibrated,104,Paraguay_470303,PRY,1.6327150318668142,0.6023104220844837,0.6023104208029801,0.7940664887428284,0.27675166726112366,6.485813628387405e-06,262144,262144,8828,30161.869607574416,6787.3811885237665,248287,3411,5029,5417,0,0
P2,F2,71,calibration,t1,104,Paraguay_470303,PRY,1.0,0.3473383838263815,0.3473384160484134,0.6162152886390686,0.19845344126224518,1.117805004469119e-05,262144,262144,8828,24402.9629428983,6468.337736443375,248287,3411,5029,5417,0,0
P2,F2,71,calibration,calibrated,105,Paraguay_482517,PRY,1.6327150318668142,0.2193350924210533,0.21933506567355898,0.9163614511489868,0.352343887090683,1.8752756659523584e-05,262144,259600,52283,38274.90418376862,8681.994593536758,204763,7385,2554,44898,0,0
P2,F2,71,calibration,t1,105,Paraguay_482517,PRY,1.0,0.10759292794282116,0.10759293333913522,0.8085457682609558,0.2784203588962555,6.672225572401658e-05,262144,259600,52283,28404.102127337304,7446.397500201796,204763,7385,2554,44898,0,0
P2,F2,71,calibration,calibrated,106,Paraguay_48673,PRY,1.6327150318668142,0.8556104275760992,0.855610428881344,0.6260241866111755,0.175655797123909,5.830408099427586e-06,262144,262144,2060,17882.888752117782,2296.549710731352,259951,2060,133,0,0,0
P2,F2,71,calibration,t1,106,Paraguay_48673,PRY,1.0,0.5950852552429207,0.5950852518025083,0.3725775480270386,0.09286542981863022,6.530420250783209e-06,262144,262144,2060,7023.667624691219,1490.685230377897,259951,2060,133,0,0,0
P2,F2,71,calibration,calibrated,107,Paraguay_511199,PRY,1.6327150318668142,0.721824749286158,0.7218247830984132,0.8469244837760925,0.29988768696784973,8.758081094129011e-06,262144,262144,5975,34068.43754695913,8159.876170227134,248326,2274,7843,3701,0,0
P2,F2,71,calibration,t1,107,Paraguay_511199,PRY,1.0,0.48665010211957105,0.48665013346214914,0.6849252581596375,0.2161729782819748,1.525022707937751e-05,262144,262144,5975,29042.940495427327,7895.806522678634,248326,2274,7843,3701,0,0
P2,F2,71,calibration,calibrated,108,Paraguay_54421,PRY,1.6327150318668142,0.9255770687616706,0.9255770731405235,0.5767605900764465,0.1472405046224594,5.612810127786361e-06,262144,262144,817,16101.98472671428,1631.602508627614,261287,817,40,0,0,0
P2,F2,71,calibration,t1,108,Paraguay_54421,PRY,1.0,0.7229806682230238,0.7229806584349097,0.30440858006477356,0.0638284906744957,6.908817340445239e-06,262144,262144,817,4980.85368218258,769.4083217351852,261287,817,40,0,0,0
P2,F2,71,calibration,calibrated,109,Paraguay_581976,PRY,1.6327150318668142,0.32298178432865754,0.3229817979214824,0.9726787805557251,0.4147717356681824,2.4359402232221328e-05,261748,261748,45521,262303.4914535001,84982.2388681368,108398,4761,107829,40760,0,0
P2,F2,71,calibration,t1,109,Paraguay_581976,PRY,1.0,0.19742061836071,0.19742056663516727,0.9308419227600098,0.3648507297039032,7.211063348222524e-05,261748,261748,45521,386116.4144676394,96430.02106444369,108398,4761,107829,40760,0,0
P2,F2,71,calibration,calibrated,110,Paraguay_59731,PRY,1.6327150318668142,0.6085913005889958,0.6085913504722067,0.6089417338371277,0.174235999584198,9.908097126754e-06,262144,255656,6216,17491.62463709693,2405.350549454493,250643,2243,140,2630,0,0
P2,F2,71,calibration,t1,110,Paraguay_59731,PRY,1.0,0.2836869126212789,0.28368692193487477,0.36722803115844727,0.09711793810129166,2.3185653844848275e-05,262144,255656,6216,7941.043717485249,1788.7939717376148,250643,2243,140,2630,0,0
P2,F2,71,calibration,calibrated,111,Paraguay_605682,PRY,1.6327150318668142,0.3008459586564618,0.3008460286159046,0.9889509081840515,0.4463791251182556,1.6941887224675156e-05,262144,262144,61118,104704.36898219635,34205.994249113726,168103,18601,32923,42517,0,0
P2,F2,71,calibration,t1,111,Paraguay_605682,PRY,1.0,0.1986542180431098,0.19865424599045334,0.9712016582489014,0.41353973746299744,4.910536154056899e-05,262144,262144,61118,123430.4955547965,37513.32342560081,168103,18601,32923,42517,0,0
P2,F2,71,calibration,calibrated,112,Paraguay_62897,PRY,1.6327150318668142,0.9114812346620823,0.9114812307602174,0.786884069442749,0.2578659653663635,6.0036177274014335e-06,262144,262144,1382,92666.82423657806,29466.5118554656,220730,272,40032,1110,0,0
P2,F2,71,calibration,t1,112,Paraguay_62897,PRY,1.0,0.770680475362435,0.7706804660967973,0.5850858688354492,0.16826680302619934,7.330206244660076e-06,262144,262144,1382,126259.96649743432,34039.70634674415,220730,272,40032,1110,0,0
P2,F2,71,calibration,calibrated,113,Paraguay_648632,PRY,1.6327150318668142,0.7513436032172554,0.7513436019594386,0.7463328242301941,0.23865602910518646,7.615331924171187e-06,262144,262144,4181,55718.28561522799,15075.51115075934,242027,1723,15936,2458,0,0
P2,F2,71,calibration,t1,113,Paraguay_648632,PRY,1.0,0.484982949102882,0.48498294536972986,0.531366765499115,0.1520307958126068,1.300803978665499e-05,262144,262144,4181,66310.66003929752,15965.6787759107,242027,1723,15936,2458,0,0
P2,F2,71,calibration,calibrated,114,Paraguay_651904,PRY,1.6327150318668142,0.2871897539331685,0.2871897547263801,0.7721019983291626,0.25162753462791443,1.1964123586949427e-05,262144,262144,26896,37955.85755643694,9378.357927429692,228762,6226,6486,20670,0,0
P2,F2,71,calibration,t1,114,Paraguay_651904,PRY,1.0,0.11784916519594746,0.11784916972558612,0.5651763677597046,0.1637185513973236,3.723304325831123e-05,262144,262144,26896,34889.821335608336,9742.120969771311,228762,6226,6486,20670,0,0
P2,F2,71,calibration,calibrated,115,Paraguay_657443,PRY,1.6327150318668142,0.19200433219054125,0.19200431227381476,0.9844160676002502,0.4362802505493164,2.2477790480479598e-05,262144,262144,102100,83541.69329749534,26188.21406697613,158711,38459,1333,63641,0,0
P2,F2,71,calibration,t1,115,Paraguay_657443,PRY,1.0,0.11599677207823444,0.11599681579336063,0.9597435593605042,0.3977649509906769,7.341739546973258e-05,262144,262144,102100,86763.18318020836,27719.022735160303,158711,38459,1333,63641,0,0
P2,F2,71,calibration,calibrated,116,Paraguay_683296,PRY,1.6327150318668142,0.5189899795879571,0.5189899929524979,0.536210298538208,0.1379697322845459,1.1773794540204108e-05,262144,259578,7917,22726.735335311743,3806.563992248378,249847,2322,1814,5595,0,0
P2,F2,71,calibration,t1,116,Paraguay_683296,PRY,1.0,0.19566403642048746,0.19566405859421676,0.275515079498291,0.06435775011777878,3.153933721478097e-05,262144,259578,7917,15676.6166611286,3407.4675906795387,249847,2322,1814,5595,0,0
P2,F2,71,calibration,calibrated,117,Paraguay_721886,PRY,1.6327150318668142,0.5007766066017482,0.5007766240505268,0.9251120090484619,0.3612811267375946,2.82759647234343e-05,261426,261426,16180,45196.25870297452,12094.64339359553,239508,11001,5738,5179,0,0
P2,F2,71,calibration,t1,117,Paraguay_721886,PRY,1.0,0.29874149787573123,0.29874144399101354,0.8270937204360962,0.2904914617538452,8.094708755379543e-05,261426,261426,16180,43632.31755562166,12368.544749471428,239508,11001,5738,5179,0,0
P2,F2,71,calibration,calibrated,118,Paraguay_76868,PRY,1.6327150318668142,0.33300698370893356,0.3330069774136428,0.9551097750663757,0.392290323972702,1.604247881914489e-05,262144,262121,33119,44486.772550622154,12228.744121849082,228137,16301,865,16818,0,0
P2,F2,71,calibration,t1,118,Paraguay_76868,PRY,1.0,0.1927751634569539,0.19277515827127212,0.8903871178627014,0.3324516713619232,4.5505326852435246e-05,262144,262121,33119,38890.33678672039,12261.145313442485,228137,16301,865,16818,0,0
P2,F2,71,calibration,calibrated,119,Paraguay_7894,PRY,1.6327150318668142,0.9999999999919914,1.0,0.3997459411621094,0.0798177495598793,4.502758656599326e-06,262144,202187,0,10229.789944359161,538.1250363983595,202187,0,0,0,0,0
P2,F2,71,calibration,t1,119,Paraguay_7894,PRY,1.0,0.999999999952305,1.0,0.1317228376865387,0.018526559695601463,3.163480414514197e-06,262144,202187,0,1703.548627340408,18.78462639951394,202187,0,0,0,0,0
P2,F2,71,calibration,calibrated,120,Paraguay_790830,PRY,1.6327150318668142,0.24772516180873216,0.24772511936109376,0.823981761932373,0.2854233682155609,1.3689229490410071e-05,262144,261199,35699,27568.09162940702,5396.963145590682,224256,4996,1244,30703,0,0
P2,F2,71,calibration,t1,120,Paraguay_790830,PRY,1.0,0.10550006650362487,0.10549996880842283,0.6484668254852295,0.20067307353019714,4.02449477405753e-05,262144,261199,35699,16920.039142571222,4518.40078040548,224256,4996,1244,30703,0,0
P2,F2,71,calibration,calibrated,121,Paraguay_791364,PRY,1.6327150318668142,0.9999999999919211,1.0,0.38813671469688416,0.07660525292158127,4.44824536316446e-06,262144,261735,0,16079.554674875182,1699.322336101699,260529,0,1206,0,0,0
P2,F2,71,calibration,t1,121,Paraguay_791364,PRY,1.0,0.9999999999512565,1.0,0.12454748153686523,0.017299851402640343,3.1901511192700127e-06,262144,261735,0,7579.357690997573,1195.6870566411526,260529,0,1206,0,0,0
P2,F2,71,calibration,calibrated,122,Paraguay_792268,PRY,1.6327150318668142,0.9223871269605611,0.9223871277267947,0.5231752991676331,0.1260530650615692,5.807351499242941e-06,262144,262120,855,16338.113042993868,1788.6660493955353,260319,455,946,400,0,0
P2,F2,71,calibration,t1,122,Paraguay_792268,PRY,1.0,0.6953220182785567,0.6953220348340432,0.24807003140449524,0.04913695529103279,7.072518656059401e-06,262144,262120,855,6207.122963934342,1136.723287032879,260319,455,946,400,0,0
P2,F2,71,calibration,calibrated,123,Paraguay_795075,PRY,1.6327150318668142,0.7610672001459529,0.7610671877886389,0.502491295337677,0.1255466639995575,6.445815415645484e-06,262144,262138,2849,17578.184329758093,2188.134887314899,258120,597,1169,2252,0,0
P2,F2,71,calibration,t1,123,Paraguay_795075,PRY,1.0,0.39486754756414033,0.39486755251028216,0.24550363421440125,0.05612626299262047,1.076245098374784e-05,262144,262138,2849,8534.434605070532,1555.6913495768435,258120,597,1169,2252,0,0
P2,F2,71,calibration,calibrated,124,Paraguay_80102,PRY,1.6327150318668142,0.9999999999921058,1.0,0.40756335854530334,0.08203618228435516,4.464092853595503e-06,262144,262143,0,13091.198768046857,712.0188272383559,262121,0,22,0,0,0
P2,F2,71,calibration,t1,124,Paraguay_80102,PRY,1.0,0.9999999999539153,1.0,0.13675229251384735,0.019437938928604126,3.167528348058113e-06,262144,262143,0,2285.011444456645,47.3173351781524,262121,0,22,0,0,0
P2,F2,71,calibration,calibrated,125,Paraguay_822142,PRY,1.6327150318668142,0.1854118836487314,0.18541188530046027,0.9914050698280334,0.4528360068798065,2.1645057131536305e-05,262144,262144,126180,107415.54797608295,34824.282343099665,133299,48655,2665,77525,0,0
P2,F2,71,calibration,t1,125,Paraguay_822142,PRY,1.0,0.11897176417737532,0.11897172504425735,0.9774909615516663,0.42374780774116516,6.76586787449196e-05,262144,262144,126180,117741.04188768694,36984.52359254072,133299,48655,2665,77525,0,0
P2,F2,71,calibration,calibrated,126,Paraguay_868895,PRY,1.6327150318668142,0.3335565808839541,0.3335565881724687,0.9550926685333252,0.39271268248558044,1.9598786821006797e-05,262144,175465,34947,42660.24889114483,12500.597748317778,148945,10733,5999,9788,0,0
P2,F2,71,calibration,t1,126,Paraguay_868895,PRY,1.0,0.19157986745666422,0.19157985987707493,0.8904880881309509,0.3331941068172455,6.799350376240909e-05,262144,175465,34947,44860.38522095607,12958.210249497355,148945,10733,5999,9788,0,0
P2,F2,71,calibration,calibrated,127,Paraguay_892933,PRY,1.6327150318668142,0.6869563973880577,0.6869563842435793,0.8873053789138794,0.3267527222633362,1.0141652637685183e-05,262144,262144,7607,73463.61541768977,22287.144822072198,230379,5195,24158,2412,0,0
P2,F2,71,calibration,t1,127,Paraguay_892933,PRY,1.0,0.4639490085257534,0.46394905211607373,0.7522327899932861,0.24584269523620605,2.2068479665904306e-05,262144,262144,7607,90818.07134221148,24578.37608714306,230379,5195,24158,2412,0,0
P2,F2,71,calibration,calibrated,128,Paraguay_896458,PRY,1.6327150318668142,0.20089101649981556,0.20089100352037603,0.9484258890151978,0.38449570536613464,1.8583999917609617e-05,262144,240678,65901,42964.943954473696,11163.97232658977,178317,13062,2078,47221,0,0
P2,F2,71,calibration,t1,128,Paraguay_896458,PRY,1.0,0.10452059902735267,0.10452064894504043,0.8755221366882324,0.32149815559387207,6.360438419505954e-05,262144,240678,65901,35928.10055547206,10643.829889087927,178317,13062,2078,47221,0,0
P2,F2,71,calibration,calibrated,129,Paraguay_913449,PRY,1.6327150318668142,0.6867880932572283,0.6867880820367988,0.8701575994491577,0.31834253668785095,1.2075281119905412e-05,262144,262144,7300,28550.51140090425,6269.070707829,251698,4929,3146,2371,0,0
P2,F2,71,calibration,t1,129,Paraguay_913449,PRY,1.0,0.4565980672087224,0.45659810593045613,0.7263473272323608,0.23860426247119904,2.6448782591614872e-05,262144,262144,7300,19427.78678681428,5621.319784542192,251698,4929,3146,2371,0,0
P2,F2,71,calibration,calibrated,130,Paraguay_921838,PRY,1.6327150318668142,0.5518575195813781,0.5518575115400106,0.9610984325408936,0.39960065484046936,1.0216353075520601e-05,262144,262144,17203,60312.00576616574,17113.094741070097,238961,15833,5980,1370,0,0
P2,F2,71,calibration,t1,130,Paraguay_921838,PRY,1.0,0.372415584509174,0.37241560288146647,0.9039232134819031,0.3428550958633423,2.1696403564419597e-05,262144,262144,17203,61253.52549195104,17060.912321528995,238961,15833,5980,1370,0,0
P2,F2,71,calibration,calibrated,131,Paraguay_934240,PRY,1.6327150318668142,0.9999999999921708,1.0,0.4356996417045593,0.09113438427448273,4.5570086513180286e-06,262144,262144,0,69579.25268102837,18554.208193014256,241786,0,20358,0,0,0
P2,F2,71,calibration,t1,131,Paraguay_934240,PRY,1.0,0.9999999999555158,1.0,0.15933756530284882,0.024048177525401115,3.3731998883013148e-06,262144,262144,0,94390.59375450153,19872.93279959394,241786,0,20358,0,0,0
P2,F2,71,calibration,calibrated,132,Paraguay_989230,PRY,1.6327150318668142,0.2586837706618641,0.25868379431811084,0.9671393036842346,0.4079952836036682,2.3126793166738935e-05,262144,219924,54892,35946.445842163965,8784.602625160554,175415,7918,2385,34206,0,0
P2,F2,71,calibration,t1,132,Paraguay_989230,PRY,1.0,0.14858435907271772,0.14858432431599244,0.9179513454437256,0.35512685775756836,7.606903818668798e-05,262144,219924,54892,27955.70284201305,7738.231061951956,175415,7918,2385,34206,0,0
P2,F2,71,calibration,calibrated,133,Paraguay_997480,PRY,1.6327150318668142,0.5678481231142083,0.5678481208496988,0.7280052900314331,0.2248280793428421,6.603395831916714e-06,262144,262144,8348,36270.91020544098,9103.432015613433,241984,213,11812,8135,0,0
P2,F2,71,calibration,t1,133,Paraguay_997480,PRY,1.0,0.27923188683939004,0.2792318304828769,0.5001896023750305,0.1356300264596939,9.05887191038346e-06,262144,262144,8348,34673.42741256943,9627.050461972465,241984,213,11812,8135,0,0
P2,F2,71,calibration,calibrated,134,Somalia_1068756,SOM,1.6327150318668142,0.21066191120577138,0.21066194767483226,0.9918208718299866,0.4539727568626404,3.39521502610296e-05,261231,171193,108619,141698.90350032528,44417.47949202257,103963,60735,2262,4233,0,0
P2,F2,71,calibration,t1,134,Somalia_1068756,SOM,1.0,0.1356757078969899,0.13567569929919876,0.97856205701828,0.4255506098270416,0.00011027669825125486,261231,171193,108619,194855.44056002103,49383.59487533027,103963,60735,2262,4233,0,0
P2,F2,71,calibration,calibrated,135,Somalia_1087508,SOM,1.6327150318668142,0.26989051209721904,0.2698905133658567,0.984459638595581,0.43653926253318787,4.669998452300206e-05,262144,212943,66277,98411.8237846576,31636.84602895546,159695,43227,1838,8183,0,0
P2,F2,71,calibration,t1,135,Somalia_1087508,SOM,1.0,0.16750507988082997,0.1675050516075094,0.9598639011383057,0.3981873095035553,0.00017276535800192505,262144,212943,66277,123309.48651454438,34887.60070480061,159695,43227,1838,8183,0,0
P2,F2,71,calibration,calibrated,136,Somalia_12849,SOM,1.6327150318668142,0.16437759667869312,0.16437754564254936,0.9921947121620178,0.4552033543586731,3.8929978472879156e-05,262144,191302,148578,182541.12260245858,60384.09126341284,80151,73959,9945,27247,0,0
P2,F2,71,calibration,t1,136,Somalia_12849,SOM,1.0,0.10302707808430644,0.10302703726324836,0.979529857635498,0.427516371011734,0.00013471682905219495,262144,191302,148578,256755.84730391635,68304.01035778022,80151,73959,9945,27247,0,0
P2,F2,71,calibration,calibrated,137,Somalia_166342,SOM,1.6327150318668142,0.6965390753601456,0.6965390456396594,0.8957598209381104,0.33440014719963074,1.2710711416730192e-05,262144,220577,7821,27901.12643439208,6256.139512978533,213051,7514,12,0,0,0
P2,F2,71,calibration,t1,137,Somalia_166342,SOM,1.0,0.4802899868840701,0.480289969417229,0.7683767080307007,0.25564369559288025,2.6012403395725414e-05,262144,220577,7821,18904.082543561177,5281.034913333791,213051,7514,12,0,0,0
P2,F2,71,calibration,calibrated,138,Somalia_167787,SOM,1.6327150318668142,0.36609971797891105,0.36609973081583447,0.9853672385215759,0.4379365146160126,2.3296099243452772e-05,262144,220505,46617,79730.57587456357,25701.196911324718,183037,37243,2,223,0,0
P2,F2,71,calibration,t1,138,Somalia_167787,SOM,1.0,0.24398495945067866,0.24398502462978455,0.9621025919914246,0.40029409527778625,7.260571146616712e-05,262144,220505,46617,92146.55053888695,27861.58651792621,183037,37243,2,223,0,0
P2,F2,71,calibration,calibrated,139,Somalia_195014,SOM,1.6327150318668142,0.9261213659243483,0.9261213641670751,0.4921135902404785,0.12131482362747192,5.440847871795995e-06,262144,233650,911,13411.310446698031,1235.592473666709,232739,911,0,0,0,0
P2,F2,71,calibration,t1,139,Somalia_195014,SOM,1.0,0.7202678525498394,0.7202678533558917,0.23339156806468964,0.053185079246759415,6.05495097261155e-06,262144,233650,911,3697.3965572214893,594.105066091593,232739,911,0,0,0,0
P2,F2,71,calibration,calibrated,140,Somalia_205466,SOM,1.6327150318668142,0.6004928794756873,0.6004928823931163,0.8918622732162476,0.3343432545661926,1.0844065400306135e-05,262144,240083,10461,25758.754725284438,5670.91556349936,232575,7415,93,0,0,0
P2,F2,71,calibration,t1,140,Somalia_205466,SOM,1.0,0.3752541793870511,0.3752541478987187,0.7641415596008301,0.2573448717594147,2.3918761144159362e-05,262144,240083,10461,17565.950009300468,5141.1626979259845,232575,7415,93,0,0,0
P2,F2,71,calibration,calibrated,141,Somalia_230192,SOM,1.6327150318668142,0.27075790858168947,0.27075794038773104,0.9921721816062927,0.4549582004547119,2.633179428812582e-05,262144,232522,78039,142915.51095139206,48108.31750092181,161752,70712,0,58,0,0
P2,F2,71,calibration,t1,141,Somalia_230192,SOM,1.0,0.1794735897827714,0.1794735385826739,0.97946697473526,0.4271147549152374,8.335233724210411e-05,262144,232522,78039,185712.97154351295,54160.77163819897,161752,70712,0,58,0,0
P2,F2,71,calibration,calibrated,142,Somalia_256539,SOM,1.6327150318668142,0.7067472733711836,0.7067472275817893,0.8910479545593262,0.33212798833847046,1.3167663382773753e-05,262144,221259,7249,24282.633255094734,5100.015953407468,215587,5649,23,0,0,0
P2,F2,71,calibration,t1,142,Somalia_256539,SOM,1.0,0.4914211041844426,0.4914211209912378,0.760964035987854,0.2537286877632141,2.914771539508365e-05,262144,221259,7249,15134.579169294491,4164.565921645396,215587,5649,23,0,0,0
P2,F2,71,calibration,calibrated,143,Somalia_295782,SOM,1.6327150318668142,0.2629341500747133,0.26293414051891295,0.9910199642181396,0.4517979621887207,2.5409886802663095e-05,262144,203048,80585,129891.74077828543,42674.00216821047,129585,57224,4922,11317,0,0
P2,F2,71,calibration,t1,143,Somalia_295782,SOM,1.0,0.172371340093605,0.17237129337339452,0.9765024781227112,0.42210468649864197,7.913565059425309e-05,262144,203048,80585,170474.75766996166,47666.725198889915,129585,57224,4922,11317,0,0
P2,F2,71,calibration,calibrated,144,Somalia_322855,SOM,1.6327150318668142,0.2805369411698625,0.280537000251888,0.9617549777030945,0.4006706774234772,1.2764893654093612e-05,262144,255044,46904,51893.1320343377,15114.387440998109,199140,11167,10237,34500,0,0
P2,F2,71,calibration,t1,144,Somalia_322855,SOM,1.0,0.15805295919710638,0.15805305410268433,0.9054487943649292,0.344453901052475,3.4780652640620247e-05,262144,255044,46904,50662.00978627598,15645.412024036905,199140,11167,10237,34500,0,0
P2,F2,71,calibration,calibrated,145,Somalia_32375,SOM,1.6327150318668142,0.24872975076286163,0.2487296936280421,0.9919619560241699,0.45431703329086304,4.3093405110994354e-05,261366,133568,91118,94209.19485972277,31345.35489663059,88446,45121,0,1,0,0
P2,F2,71,calibration,t1,145,Somalia_32375,SOM,1.0,0.16316514367837676,0.16316514863741927,0.9789239764213562,0.4260934293270111,0.0001444656663807109,261366,133568,91118,125528.17528084709,35152.37104613824,88446,45121,0,1,0,0
P2,F2,71,calibration,calibrated,146,Somalia_371421,SOM,1.6327150318668142,0.23433196247333687,0.23433199940861005,0.989144504070282,0.4469796121120453,2.326292815268971e-05,262144,230962,89442,154628.448009887,52436.50050571923,134951,61333,16498,18180,0,0
P2,F2,71,calibration,t1,146,Somalia_371421,SOM,1.0,0.14839567723296965,0.14839574852380755,0.9717025756835938,0.4144973158836365,7.634123903699219e-05,262144,230962,89442,206482.59434378147,59786.17888911111,134951,61333,16498,18180,0,0
P2,F2,71,calibration,calibrated,147,Somalia_60129,SOM,1.6327150318668142,0.6291123588327947,0.6291123492717716,0.9601911306381226,0.397983580827713,9.855174539552536e-06,262144,222316,12123,32633.936144512252,8296.446190392733,212472,9167,641,36,0,0
P2,F2,71,calibration,t1,147,Somalia_60129,SOM,1.0,0.4492412096895779,0.4492412478062423,0.9018210172653198,0.34042057394981384,1.937741217261646e-05,262144,222316,12123,25222.535708033938,7394.852679663033,212472,9167,641,36,0,0
P2,F2,71,calibration,calibrated,148,Somalia_61368,SOM,1.6327150318668142,0.9909887714846013,0.990988770592466,0.6047477126121521,0.15694759786128998,5.571376732405042e-06,262144,212969,125,13350.57493795862,1212.2594015571538,212844,125,0,0,0,0
P2,F2,71,calibration,t1,148,Somalia_61368,SOM,1.0,0.9621505819948277,0.9621505880176116,0.3291800618171692,0.06927424669265747,5.007912932342151e-06,262144,212969,125,3394.9243126682354,270.32717437433365,212844,125,0,0,0,0
P2,F2,71,calibration,calibrated,149,Somalia_626316,SOM,1.6327150318668142,0.16307004086104848,0.163070119671481,0.9878636002540588,0.44396740198135376,2.6067140424856916e-05,262144,169085,135133,164683.6989523466,55148.79758927315,71215,76143,1274,20453,0,0
P2,F2,71,calibration,t1,149,Somalia_626316,SOM,1.0,0.09832580655420287,0.09832574965298113,0.9684423208236694,0.40976816415786743,8.076180529315025e-05,262144,169085,135133,233458.89253066585,63059.72691444094,71215,76143,1274,20453,0,0
P2,F2,71,calibration,calibrated,150,Somalia_649376,SOM,1.6327150318668142,0.2582154434476891,0.25821540259990783,0.9892699718475342,0.44732388854026794,3.720051245181821e-05,262144,213929,79848,138408.4947821383,46328.44416338503,145000,63742,3167,2020,0,0
P2,F2,71,calibration,t1,150,Somalia_649376,SOM,1.0,0.16591212310686743,0.16591210234352805,0.9720219969749451,0.415041446685791,0.00013521579967346042,262144,213929,79848,184434.03212778404,52456.21396402333,145000,63742,3167,2020,0,0
P2,F2,71,calibration,calibrated,151,Somalia_685158,SOM,1.6327150318668142,0.36410886045125146,0.36410887174833817,0.9758724570274353,0.42053377628326416,2.2029547835700214e-05,262144,184172,38923,58507.513992144835,18322.969064989993,145521,13397,12483,12771,0,0
P2,F2,71,calibration,t1,151,Somalia_685158,SOM,1.0,0.22902657108553215,0.22902656480625194,0.9386759996414185,0.37364742159843445,7.014314905973151e-05,262144,184172,38923,69714.36016534475,19970.597995244607,145521,13397,12483,12771,0,0
P2,F2,71,calibration,calibrated,152,Somalia_699062,SOM,1.6327150318668142,0.5535489069524047,0.5535489023588194,0.9456529021263123,0.38085639476776123,1.011322638078127e-05,262144,203209,15507,31086.300891180836,8153.109374943398,189965,9954,1818,1472,0,0
P2,F2,71,calibration,t1,152,Somalia_699062,SOM,1.0,0.3585577959383961,0.3585577869246088,0.869348406791687,0.31627243757247925,2.040204890363384e-05,262144,203209,15507,25883.34363508068,8018.418887161444,189965,9954,1818,1472,0,0
P2,F2,71,calibration,calibrated,153,Somalia_7931,SOM,1.6327150318668142,0.9999999999920737,1.0,0.4080846309661865,0.08220843225717545,4.4609892029257026e-06,262144,201972,0,10088.744099911033,531.582604730983,201972,0,0,0,0,0
P2,F2,71,calibration,t1,153,Somalia_7931,SOM,1.0,0.9999999999533725,1.0,0.13721562922000885,0.019501857459545135,3.1031534035719233e-06,262144,201972,0,1680.8772819233664,19.02682527869485,201972,0,0,0,0,0
P2,F2,71,calibration,calibrated,154,Somalia_886726,SOM,1.6327150318668142,0.23036579968188786,0.23036578744150016,0.9878377318382263,0.44372326135635376,2.7640418920782395e-05,262144,262036,87042,118340.79362682984,37852.16791525937,149804,29237,25190,57805,0,0
P2,F2,71,calibration,t1,154,Somalia_886726,SOM,1.0,0.14545831346398863,0.14545830614688438,0.9683713912963867,0.4093691110610962,9.85208316706121e-05,262144,262036,87042,143330.34869307384,41087.12741230983,149804,29237,25190,57805,0,0
P2,F2,71,calibration,calibrated,155,Somalia_93023,SOM,1.6327150318668142,0.3745643513990614,0.3745643324354555,0.9815014004707336,0.4307937026023865,2.0298350136727095e-05,262144,187825,40276,59253.01429481724,18488.345222358315,161556,26269,0,0,0,0
P2,F2,71,calibration,t1,155,Somalia_93023,SOM,1.0,0.24215514345381361,0.24215516532778203,0.9525124430656433,0.38933369517326355,5.785022585769184e-05,262144,187825,40276,64259.11191648118,19433.785890095754,161556,26269,0,0,0,0
P2,F2,71,calibration,calibrated,156,Somalia_94102,SOM,1.6327150318668142,0.4249128301998021,0.42491285135142187,0.9602830410003662,0.3990539610385895,1.028398492053384e-05,262144,241360,25202,43211.328784080775,11856.575324200801,214277,14389,1881,10813,0,0
P2,F2,71,calibration,t1,156,Somalia_94102,SOM,1.0,0.2641122277643747,0.26411225783965997,0.9022234082221985,0.34222087264060974,2.190984014305286e-05,262144,241360,25202,37269.02081820032,11425.03487778226,214277,14389,1881,10813,0,0
P2,F2,71,calibration,calibrated,157,Somalia_970508,SOM,1.6327150318668142,0.1793749633565873,0.17937495654642266,0.9880845546722412,0.4443870186805725,2.4398850655416027e-05,262144,217119,121338,245668.12136833492,74976.8601933021,95606,83401,14740,23372,0,0
P2,F2,71,calibration,t1,157,Somalia_970508,SOM,1.0,0.10990188276350898,0.1099019321169431,0.9689986705780029,0.4104166328907013,7.551320595666766e-05,262144,217119,121338,357184.494907325,83125.23499546161,95606,83401,14740,23372,0,0
P2,F2,71,calibration,calibrated,158,Somalia_989553,SOM,1.6327150318668142,0.20040394905107073,0.2004039629080837,0.9866950511932373,0.44098326563835144,1.1683974662446417e-05,262144,110303,97965,57725.800736090925,19252.89333787651,79125,28871,2307,0,0,0
P2,F2,71,calibration,t1,158,Somalia_989553,SOM,1.0,0.1237045952554422,0.12370449320556332,0.9654703140258789,0.40506643056869507,2.8603990358533338e-05,262144,110303,97965,70958.53253615319,21754.139482800456,79125,28871,2307,0,0,0
P2,F2,71,calibration,calibrated,159,Somalia_992457,SOM,1.6327150318668142,0.7050519557328045,0.7050519512906773,0.9411936402320862,0.37495413422584534,1.091086960514076e-05,262144,181140,8763,35520.03653190595,9493.50101141461,167437,5851,5766,2086,0,0
P2,F2,71,calibration,t1,159,Somalia_992457,SOM,1.0,0.5205848228920147,0.5205848250469343,0.8591637015342712,0.30773377418518066,2.3644037355552427e-05,262144,181140,8763,33049.47251415091,8991.3592876556,167437,5851,5766,2086,0,0
P2,F2,71,calibration,calibrated,160,Sri-Lanka_101973,LKA,1.6327150318668142,0.8081524714907204,0.8081524604808809,0.7592682838439941,0.2421758770942688,6.379561909852782e-06,262144,262143,3480,27571.634301737555,5292.80136736234,256151,3034,2512,446,0,0
P2,F2,71,calibration,t1,160,Sri-Lanka_101973,LKA,1.0,0.5692427426610296,0.5692427416723234,0.5428105592727661,0.15265102684497833,9.454824976273812e-06,262144,262143,3480,19833.298448779296,4394.0470977173945,256151,3034,2512,446,0,0
P2,F2,71,calibration,calibrated,161,Sri-Lanka_1038087,LKA,1.6327150318668142,0.7898302633421066,0.7898302548730821,0.8159902095794678,0.276684045791626,7.0837277235114016e-06,262144,262143,3734,48055.90293956935,13221.653130611652,242984,1047,15425,2687,0,0
P2,F2,71,calibration,t1,161,Sri-Lanka_1038087,LKA,1.0,0.5661701065748241,0.566170166305034,0.6287755966186523,0.18859727680683136,1.1408615137042943e-05,262144,262143,3734,52305.261061144745,14012.851975475529,242984,1047,15425,2687,0,0
P2,F2,71,calibration,calibrated,162,Sri-Lanka_1049830,LKA,1.6327150318668142,0.735132425261978,0.7351324389183577,0.7362407445907593,0.2350335419178009,7.6805908975075e-06,262144,190233,4666,16397.023164074628,3051.239507076709,185041,2615,1288,1289,0,0
P2,F2,71,calibration,t1,162,Sri-Lanka_1049830,LKA,1.0,0.45815377160360693,0.4581537991254392,0.5217124223709106,0.14997634291648865,1.3774448234471492e-05,262144,190233,4666,9615.971655725689,2652.854646258298,185041,2615,1288,1289,0,0
P2,F2,71,calibration,calibrated,163,Sri-Lanka_117737,LKA,1.6327150318668142,0.8096637409467551,0.8096637410074545,0.8355949521064758,0.2885943055152893,6.827350716775982e-06,262144,262144,3709,34996.41447425575,8010.085821931409,252578,2835,5857,874,0,0
P2,F2,71,calibration,t1,163,Sri-Lanka_117737,LKA,1.0,0.604669535722868,0.6046695329143748,0.6610599160194397,0.2010597437620163,9.933249202731531e-06,262144,262144,3709,30398.83278632629,7351.9431992165655,252578,2835,5857,874,0,0
P2,F2,71,calibration,calibrated,164,Sri-Lanka_120804,LKA,1.6327150318668142,0.9225016841098209,0.922501686556943,0.6603875160217285,0.1853606104850769,6.256975211726967e-06,262144,262144,1077,32338.192600699113,6843.555835525374,254578,608,6489,469,0,0
P2,F2,71,calibration,t1,164,Sri-Lanka_120804,LKA,1.0,0.7495097907883785,0.7495097817844509,0.4009157419204712,0.09539707750082016,8.022812835406512e-06,262144,262144,1077,30231.053334455886,6510.308891863774,254578,608,6489,469,0,0
P2,F2,71,calibration,calibrated,165,Sri-Lanka_132922,LKA,1.6327150318668142,0.9999999999940928,1.0,0.6867119073867798,0.19060933589935303,5.538208370126085e-06,262144,262144,0,56420.19630659108,15400.595623779911,244301,0,17843,0,0,0
P2,F2,71,calibration,t1,165,Sri-Lanka_132922,LKA,1.0,0.9999999999789394,1.0,0.4214361608028412,0.09321621805429459,5.034181867813459e-06,262144,262144,0,67741.43182421607,16535.948049139675,244301,0,17843,0,0,0
P2,F2,71,calibration,calibrated,166,Sri-Lanka_135713,LKA,1.6327150318668142,0.9999999999924489,1.0,0.46079903841018677,0.09843219816684723,4.669503596232971e-06,262144,134330,0,7383.127542928702,450.9393325737995,134330,0,0,0,0,0
P2,F2,71,calibration,t1,166,Sri-Lanka_135713,LKA,1.0,0.9999999999588026,1.0,0.1763424128293991,0.027045277878642082,3.39010307470744e-06,262144,134330,0,1365.186515135517,23.13864442404088,134330,0,0,0,0,0
P2,F2,71,calibration,calibrated,167,Sri-Lanka_14484,LKA,1.6327150318668142,0.8978425655467781,0.8978425682657023,0.664628267288208,0.18911466002464294,6.236945864657173e-06,262144,232015,1385,108715.40325003752,32784.50116804884,192057,1092,38722,144,0,0
P2,F2,71,calibration,t1,167,Sri-Lanka_14484,LKA,1.0,0.690586301972236,0.6905862876681593,0.40972214937210083,0.10010575503110886,6.733871032338357e-06,262144,232015,1385,157565.6028074621,36779.19178112228,192057,1092,38722,144,0,0
P2,F2,71,calibration,calibrated,168,Sri-Lanka_152185,LKA,1.6327150318668142,0.8414475459514088,0.8414475412168787,0.5680181384086609,0.15002840757369995,6.259512701944914e-06,262144,262144,1732,16090.950782947177,1683.8956905226628,259820,126,592,1606,0,0
P2,F2,71,calibration,t1,168,Sri-Lanka_152185,LKA,1.0,0.5414835598426433,0.5414835556723074,0.30895861983299255,0.07203494757413864,8.985387466964312e-06,262144,262144,1732,5419.012985697482,828.0657128227331,259820,126,592,1606,0,0
P2,F2,71,calibration,calibrated,169,Sri-Lanka_163406,LKA,1.6327150318668142,0.8416532377256568,0.8416532405767935,0.5935781002044678,0.15998628735542297,5.904282716073794e-06,262144,262144,1992,20633.60498435389,3262.0219683209725,256999,75,3153,1917,0,0
P2,F2,71,calibration,t1,169,Sri-Lanka_163406,LKA,1.0,0.5498727920123327,0.5498727940069137,0.33356571197509766,0.07898180931806564,7.354881290666526e-06,262144,262144,1992,12234.121202084742,2714.579431136658,256999,75,3153,1917,0,0
P2,F2,71,calibration,calibrated,170,Sri-Lanka_178753,LKA,1.6327150318668142,0.9999999999922634,1.0,0.4280082881450653,0.08794461935758591,4.5692972889810335e-06,262144,253873,0,14716.45490311689,1278.461696505653,253228,0,645,0,0,0
P2,F2,71,calibration,t1,170,Sri-Lanka_178753,LKA,1.0,0.9999999999559168,1.0,0.1504441797733307,0.021847350522875786,3.1988984119379893e-06,262144,253873,0,5231.572557282678,658.3303555368602,253228,0,645,0,0,0
P2,F2,71,calibration,calibrated,171,Sri-Lanka_233609,LKA,1.6327150318668142,0.7089087406105419,0.7089087370522911,0.873755931854248,0.3164811134338379,8.666246685606893e-06,262144,257120,6554,33348.06648800757,7791.526398807683,245962,4281,4604,2273,0,0
P2,F2,71,calibration,t1,171,Sri-Lanka_233609,LKA,1.0,0.48333969658031317,0.48333967662010147,0.7273547649383545,0.2335808277130127,1.5765754142194055e-05,262144,257120,6554,26723.69652684822,7070.888450551856,245962,4281,4604,2273,0,0
P2,F2,71,calibration,calibrated,172,Sri-Lanka_236030,LKA,1.6327150318668142,0.8789157628915909,0.8789157610463182,0.46074584126472473,0.1120152398943901,5.34806576979463e-06,262144,206088,1422,12636.52475577809,1441.4288735012726,203870,505,796,917,0,0
P2,F2,71,calibration,t1,172,Sri-Lanka_236030,LKA,1.0,0.585906365789968,0.5859063440101075,0.21189749240875244,0.049063246697187424,5.894852165511111e-06,262144,206088,1422,4860.653792468749,1003.2156743788189,203870,505,796,917,0,0
P2,F2,71,calibration,calibrated,173,Sri-Lanka_236628,LKA,1.6327150318668142,0.8242343876969426,0.8242343915439773,0.6273136734962463,0.18355202674865723,5.741172117268434e-06,262144,262142,2574,21650.158347643403,3643.0052768191213,257185,1876,2383,698,0,0
P2,F2,71,calibration,t1,173,Sri-Lanka_236628,LKA,1.0,0.551226899429291,0.5512268997380539,0.39011427760124207,0.10583163797855377,6.884302820253652e-06,262144,262142,2574,13857.772261598615,3116.155441214268,257185,1876,2383,698,0,0
P2,F2,71,calibration,calibrated,174,Sri-Lanka_249079,LKA,1.6327150318668142,0.9999999999924751,1.0,0.44789090752601624,0.09410952776670456,4.7404964789166115e-06,262144,164775,0,8370.262878148547,480.2936274586856,164764,0,11,0,0,0
P2,F2,71,calibration,t1,174,Sri-Lanka_249079,LKA,1.0,0.9999999999586859,1.0,0.16537287831306458,0.024756282567977905,3.263419557697489e-06,262144,164775,0,1509.87851325592,30.943224196242866,164764,0,11,0,0,0
P2,F2,71,calibration,calibrated,175,Sri-Lanka_31559,LKA,1.6327150318668142,0.999999999992633,1.0,0.46087440848350525,0.0980735644698143,4.692679340223549e-06,262144,218795,0,13218.349731602542,1122.6999773136777,218331,0,464,0,0,0
P2,F2,71,calibration,t1,175,Sri-Lanka_31559,LKA,1.0,0.9999999999606888,1.0,0.17492130398750305,0.026545466855168343,3.23427207149507e-06,262144,218795,0,4580.901938786431,487.3639467663967,218331,0,464,0,0,0
P2,F2,71,calibration,calibrated,176,Sri-Lanka_321316,LKA,1.6327150318668142,0.37891262568420603,0.37891263528046637,0.9883216023445129,0.4448300004005432,1.8988252122653648e-05,262144,262133,47452,179231.44033962442,58948.32727961671,148679,16549,66002,30903,0,0
P2,F2,71,calibration,t1,176,Sri-Lanka_321316,LKA,1.0,0.25610448554780507,0.25610448479318915,0.9695945978164673,0.4111000597476959,5.5998109019128606e-05,262144,262133,47452,244344.73420235055,66146.94360568067,148679,16549,66002,30903,0,0
P2,F2,71,calibration,calibrated,177,Sri-Lanka_377277,LKA,1.6327150318668142,0.7686894445759616,0.7686894302397308,0.7518788576126099,0.23744459450244904,8.509426152158994e-06,262144,259388,3709,25040.486898611558,4922.786200401662,250608,177,5071,3532,0,0
P2,F2,71,calibration,t1,177,Sri-Lanka_377277,LKA,1.0,0.5003284370876963,0.5003284155529435,0.5325820446014404,0.14746136963367462,1.529589280835353e-05,262144,259388,3709,16817.161728992807,4315.242024729608,250608,177,5071,3532,0,0
P2,F2,71,calibration,calibrated,178,Sri-Lanka_400518,LKA,1.6327150318668142,0.9187705058300721,0.9187705024217799,0.5054948925971985,0.12520605325698853,5.546827651414787e-06,262144,262144,914,16464.464206788158,1988.204547281572,259590,174,1640,740,0,0
P2,F2,71,calibration,t1,178,Sri-Lanka_400518,LKA,1.0,0.6917869483646746,0.6917869616459486,0.24548178911209106,0.054368749260902405,5.846496151207248e-06,262144,262144,914,6990.65986480691,1451.0569080798077,259590,174,1640,740,0,0
P2,F2,71,calibration,calibrated,179,Sri-Lanka_450918,LKA,1.6327150318668142,0.9590331699984117,0.9590331707299404,0.8817604780197144,0.3148587942123413,3.998441025032662e-05,123231,99126,688,22206.40745400449,5154.90075995191,94849,0,4277,0,0,0
P2,F2,71,calibration,t1,179,Sri-Lanka_450918,LKA,1.0,0.9057769010431717,0.9057769071355299,0.7344242334365845,0.2269282341003418,9.860446152742952e-05,123231,99126,688,17403.302985113245,4213.61595886829,94849,0,4277,0,0,0
P2,F2,71,calibration,calibrated,180,Sri-Lanka_49764,LKA,1.6327150318668142,0.9999999999921864,1.0,0.42432716488838196,0.08680125325918198,4.474437901080819e-06,262144,243327,0,19752.28346746887,2903.3736697700638,240841,0,2486,0,0,0
P2,F2,71,calibration,t1,180,Sri-Lanka_49764,LKA,1.0,0.9999999999550462,1.0,0.14765998721122742,0.021316848695278168,3.2131454190675868e-06,262144,243327,0,14414.163779927972,2468.247363891269,240841,0,2486,0,0,0
P2,F2,71,calibration,calibrated,181,Sri-Lanka_52223,LKA,1.6327150318668142,0.9999999999930412,1.0,0.5711897015571594,0.13802632689476013,4.681656719185412e-06,262144,262144,0,14966.331012566909,1102.0377419981537,262144,0,0,0,0,0
P2,F2,71,calibration,t1,181,Sri-Lanka_52223,LKA,1.0,0.9999999999679188,1.0,0.27948707342147827,0.05060489475727081,3.3684093523334013e-06,262144,262144,0,3173.5092862390457,107.02997640326241,262144,0,0,0,0,0
P2,F2,71,calibration,calibrated,182,Sri-Lanka_523539,LKA,1.6327150318668142,0.5804364521090506,0.5804364478002932,0.8390988707542419,0.2958212196826935,9.547509762342088e-06,262144,218481,10168,70260.17813490827,19872.353134551704,190503,3309,20702,3967,0,0
P2,F2,71,calibration,t1,182,Sri-Lanka_523539,LKA,1.0,0.3324214677177022,0.33242148223370394,0.672548234462738,0.21239487826824188,2.116424911946524e-05,262144,218481,10168,93190.38823803475,21438.36443689087,190503,3309,20702,3967,0,0
P2,F2,71,calibration,calibrated,183,Sri-Lanka_534068,LKA,1.6327150318668142,0.4069680181049915,0.4069680251029867,0.9933072924613953,0.4583168923854828,3.397326872800477e-05,262144,262144,52019,500667.0817435348,153958.50774270901,4876,0,205249,52019,0,0
P2,F2,71,calibration,t1,183,Sri-Lanka_534068,LKA,1.0,0.2897776867672913,0.28977771032392574,0.9824036359786987,0.432462215423584,0.00010403013584436849,262144,262144,52019,759297.3752581545,173961.20715813478,4876,0,205249,52019,0,0
P2,F2,71,calibration,calibrated,184,Sri-Lanka_551926,LKA,1.6327150318668142,0.6263631058550685,0.6263631176925172,0.9451454877853394,0.38129380345344543,9.100441275222693e-06,262144,262144,12374,45930.363669962004,11595.561063785914,239739,2805,10031,9569,0,0
P2,F2,71,calibration,t1,184,Sri-Lanka_551926,LKA,1.0,0.4363498836912215,0.4363498429252267,0.8684399127960205,0.31720396876335144,1.931279075506609e-05,262144,262144,12374,41440.90398030808,10474.78270979253,239739,2805,10031,9569,0,0
P2,F2,71,calibration,calibrated,185,Sri-Lanka_55568,LKA,1.6327150318668142,0.529192754379692,0.5291927312467963,0.8690609931945801,0.3265896439552307,6.963290616113227e-06,262144,212858,13600,20611.166584988907,4253.053092198544,196618,972,2640,12628,0,0
P2,F2,71,calibration,t1,185,Sri-Lanka_55568,LKA,1.0,0.3084060767801706,0.3084060207956041,0.739054799079895,0.2539094090461731,1.1201619599887636e-05,262144,212858,13600,11996.106831449306,3294.7042764443554,196618,972,2640,12628,0,0
P2,F2,71,calibration,calibrated,186,Sri-Lanka_579082,LKA,1.6327150318668142,0.6915875258816881,0.6915874880801239,0.7749730348587036,0.25265681743621826,8.431788955931552e-06,262144,208263,5553,38372.96906870394,9412.372933556824,192907,890,10126,4340,0,0
P2,F2,71,calibration,t1,186,Sri-Lanka_579082,LKA,1.0,0.4158840758788438,0.41588407259251337,0.5686351656913757,0.16424255073070526,1.4523936442856211e-05,262144,208263,5553,43663.08031907001,9590.065544502266,192907,890,10126,4340,0,0
P2,F2,71,calibration,calibrated,187,Sri-Lanka_612594,LKA,1.6327150318668142,0.23140982568989488,0.23140981675806693,0.8946743011474609,0.3337801694869995,1.4675169040856417e-05,262144,262144,47629,30738.81103855512,6445.7850970677455,213303,5716,1212,41913,0,0
P2,F2,71,calibration,t1,187,Sri-Lanka_612594,LKA,1.0,0.10738322351842344,0.10738322201305917,0.766280472278595,0.25501006841659546,4.497950430959463e-05,262144,262144,47629,19021.74191736402,5131.953782261017,213303,5716,1212,41913,0,0
P2,F2,71,calibration,calibrated,188,Sri-Lanka_63307,LKA,1.6327150318668142,0.9737018147033403,0.9737018143887011,0.7255114912986755,0.2206614762544632,6.1955247474543285e-06,262144,262144,428,36767.37709707221,8074.376631345374,254711,428,7005,0,0,0
P2,F2,71,calibration,t1,188,Sri-Lanka_63307,LKA,1.0,0.9183051639873856,0.9183051649185643,0.49134570360183716,0.1294001191854477,6.931625648576301e-06,262144,262144,428,35612.5674115884,7473.178499442611,254711,428,7005,0,0,0
P2,F2,71,calibration,calibrated,189,Sri-Lanka_649970,LKA,1.6327150318668142,0.9587841084961243,0.9587841109533514,0.6247818470001221,0.16920484602451324,5.375641649152385e-06,262144,260855,519,53888.03568531851,14553.249129385582,243495,17,16841,502,0,0
P2,F2,71,calibration,t1,189,Sri-Lanka_649970,LKA,1.0,0.8452716631685987,0.8452716512513656,0.35884594917297363,0.08223521709442139,5.108178356749704e-06,262144,260855,519,66126.9501990712,15694.188665438953,243495,17,16841,502,0,0
P2,F2,71,calibration,calibrated,190,Sri-Lanka_653336,LKA,1.6327150318668142,0.5715843938392187,0.5715843616308618,0.9223710298538208,0.3568897545337677,9.518664228380658e-06,262144,262141,13110,36664.72668130144,8998.827732272872,241441,2718,7590,10392,0,0
P2,F2,71,calibration,t1,190,Sri-Lanka_653336,LKA,1.0,0.364583840545165,0.3645838225136593,0.8199521899223328,0.28383660316467285,2.0036020941915922e-05,262144,262141,13110,28749.191268914343,8101.2014360419,241441,2718,7590,10392,0,0
P2,F2,71,calibration,calibrated,191,Sri-Lanka_713926,LKA,1.6327150318668142,0.1609373441568973,0.1609373266779408,0.9368467330932617,0.3703247606754303,1.3554843462770805e-05,262144,262104,86192,39803.263456639004,8867.68958509981,174402,7196,1533,78973,0,0
P2,F2,71,calibration,t1,191,Sri-Lanka_713926,LKA,1.0,0.07918770354470939,0.07918772113964467,0.8499575257301331,0.30142900347709656,3.566438681446016e-05,262144,262104,86192,26307.88122987548,6896.707250241649,174402,7196,1533,78973,0,0
P2,F2,71,calibration,calibrated,192,Sri-Lanka_748447,LKA,1.6327150318668142,0.9999999999921615,1.0,0.4549065828323364,0.0991077870130539,4.902874934487045e-06,262144,249187,0,14655.230881854313,1553.965900628236,247968,0,1219,0,0,0
P2,F2,71,calibration,t1,192,Sri-Lanka_748447,LKA,1.0,0.9999999999568829,1.0,0.18081358075141907,0.029843628406524658,3.892663698934484e-06,262144,249187,0,5708.214729397172,1090.9047036570482,247968,0,1219,0,0,0
P2,F2,71,calibration,calibrated,193,Sri-Lanka_845821,LKA,1.6327150318668142,0.3309644934898922,0.3309645401688889,0.9964935183525085,0.4698544144630432,4.294922109693289e-05,262144,240758,82665,361791.4268281461,115296.8871615985,6176,36,160039,74507,0,0
P2,F2,71,calibration,t1,193,Sri-Lanka_845821,LKA,1.0,0.23810699027866267,0.23810696170080714,0.990720272064209,0.4509792923927307,0.0001413121644873172,262144,240758,82665,529966.7600136483,130160.09312539725,6176,36,160039,74507,0,0
P2,F2,71,calibration,calibrated,194,Sri-Lanka_847275,LKA,1.6327150318668142,0.3061100568400471,0.3061099985292982,0.9328229427337646,0.3667166829109192,1.2536507711047307e-05,262144,231361,37413,62793.21962974746,16990.03804109586,178630,2267,17597,32867,0,0
P2,F2,71,calibration,t1,194,Sri-Lanka_847275,LKA,1.0,0.16136930627325352,0.16136926323922873,0.8416088223457336,0.2967502772808075,3.154082878609188e-05,262144,231361,37413,73756.68632356095,17040.495069638342,178630,2267,17597,32867,0,0
P2,F2,71,calibration,calibrated,195,Sri-Lanka_849649,LKA,1.6327150318668142,0.904220783438302,0.9042207899851328,0.47484591603279114,0.11391209810972214,5.376480658014771e-06,262144,218207,1022,13053.831301862041,1382.028525143949,216140,175,1054,838,0,0
P2,F2,71,calibration,t1,195,Sri-Lanka_849649,LKA,1.0,0.6405396625725055,0.6405396843360807,0.2174309939146042,0.04696663096547127,5.962161594652571e-06,262144,218207,1022,4749.904375144142,919.8044706324596,216140,175,1054,838,0,0
P2,F2,71,calibration,calibrated,196,Sri-Lanka_85652,LKA,1.6327150318668142,0.9999999999922157,1.0,0.41770246624946594,0.08522291481494904,4.639902272174368e-06,262144,197368,0,15484.744364182752,2260.024606086078,195427,0,1941,0,0,0
P2,F2,71,calibration,t1,196,Sri-Lanka_85652,LKA,1.0,0.999999999955252,1.0,0.14455737173557281,0.02096319943666458,3.2332959563063923e-06,262144,197368,0,10709.216759159423,1918.0626022633892,195427,0,1941,0,0,0
P2,F2,71,calibration,calibrated,197,Sri-Lanka_883641,LKA,1.6327150318668142,0.5304538268911492,0.5304538200600436,0.8512319922447205,0.29589346051216125,7.462100711563835e-06,262144,262144,12086,24667.291893422956,4599.2233106077165,247307,1337,2751,10749,0,0
P2,F2,71,calibration,t1,197,Sri-Lanka_883641,LKA,1.0,0.28561051100504675,0.2856105842630845,0.6838905215263367,0.20700488984584808,1.2034911378577817e-05,262144,262144,12086,13504.5610161989,3345.623362388629,247307,1337,2751,10749,0,0
P2,F2,71,calibration,calibrated,198,Sri-Lanka_916628,LKA,1.6327150318668142,0.23490111000488623,0.23490109606026266,0.9762212634086609,0.42169126868247986,1.8151382391806692e-05,262144,259961,66428,69903.57153180338,20720.477905904598,172537,5900,22228,59296,0,0
P2,F2,71,calibration,t1,198,Sri-Lanka_916628,LKA,1.0,0.13680131134666107,0.1368012883590205,0.939604640007019,0.37550607323646545,5.125482130097225e-05,262144,259961,66428,73913.80619262854,21319.03003722166,172537,5900,22228,59296,0,0
P2,F2,71,calibration,calibrated,199,Sri-Lanka_922192,LKA,1.6327150318668142,0.9263262764064917,0.9263262692014473,0.5906644463539124,0.1643485724925995,5.470186351885786e-06,262144,239783,1016,15245.972715133352,1822.5292140653733,237952,801,836,194,0,0
P2,F2,71,calibration,t1,199,Sri-Lanka_922192,LKA,1.0,0.7573515229576026,0.757351513794147,0.3425919711589813,0.08753371238708496,5.407659045886248e-06,262144,239783,1016,5484.610870382422,1119.8022674340036,237952,801,836,194,0,0
P2,F2,71,calibration,calibrated,200,Sri-Lanka_92824,LKA,1.6327150318668142,0.7926413702920665,0.792641363707532,0.8421556949615479,0.2889389395713806,8.066040209087078e-06,262144,246506,3611,115218.68780326647,37797.96668223718,190995,121,51900,3490,0,0
P2,F2,71,calibration,t1,200,Sri-Lanka_92824,LKA,1.0,0.5777395676949111,0.5777395614854752,0.6665694117546082,0.19862787425518036,1.2502296158345416e-05,262144,246506,3611,162411.68512369995,44041.23108950716,190995,121,51900,3490,0,0
P2,F2,71,calibration,calibrated,201,Sri-Lanka_956740,LKA,1.6327150318668142,0.4599306463128454,0.4599306070453436,0.7587528824806213,0.24489657580852509,8.911220902518835e-06,262144,202069,12925,14213.079960371153,2119.1059514646463,192369,1782,420,7498,0,0
P2,F2,71,calibration,t1,201,Sri-Lanka_956740,LKA,1.0,0.20958718850342517,0.20958723776778043,0.548775315284729,0.15762999653816223,1.9674847862916067e-05,262144,202069,12925,6393.374645101912,1595.7778677544304,192369,1782,420,7498,0,0
P2,F2,71,test,calibrated,0,Ghana_103272,GHA,1.6327150318668142,0.7245205263913017,0.7245205377339102,0.5118838548660278,0.12893472611904144,7.590964287373936e-06,262144,259269,3424,16112.264655290275,1888.207238944483,255840,1871,5,1553,0,0
P2,F2,71,test,t1,0,Ghana_103272,GHA,1.0,0.3533535151490257,0.35335350227820905,0.2541047930717468,0.05822101607918739,1.4900128917361144e-05,262144,259269,3424,6070.268724067897,1344.1663388065895,255840,1871,5,1553,0,0
P2,F2,71,test,calibrated,1,Ghana_1033830,GHA,1.6327150318668142,0.20662069425929086,0.2066207233659635,0.9909560084342957,0.4515831768512726,1.588365739735309e-05,262144,233229,100621,59521.191767047756,18100.443664159142,130910,5508,19841,76970,0,0
P2,F2,71,test,t1,1,Ghana_1033830,GHA,1.0,0.13280754750610635,0.13280748204249793,0.9763364791870117,0.42176109552383423,4.65453922515735e-05,262144,233229,100621,55307.29688758937,17734.424159574464,130910,5508,19841,76970,0,0
P2,F2,71,test,calibrated,2,Ghana_1078550,GHA,1.6327150318668142,0.9999999999920148,1.0,0.38783499598503113,0.07639008015394211,4.509845439315541e-06,262144,262144,0,17204.569210072455,1937.6564686303573,260737,0,1407,0,0,0
P2,F2,71,test,t1,2,Ghana_1078550,GHA,1.0,0.9999999999523285,1.0,0.12382341176271439,0.017120234668254852,3.098481556662591e-06,262144,262144,0,9189.814461457167,1406.6402138787053,260737,0,1407,0,0,0
P2,F2,71,test,calibrated,3,Ghana_1089161,GHA,1.6327150318668142,0.7339567060688408,0.7339567233736677,0.4711214601993561,0.11206480115652084,7.589064352941932e-06,262144,236164,2944,14930.898183037592,1656.1696682000115,232547,710,673,2234,0,0
P2,F2,71,test,t1,3,Ghana_1089161,GHA,1.0,0.35089995409264585,0.3508999397214435,0.2124251276254654,0.0453677736222744,1.5049913599796128e-05,262144,236164,2944,5929.634056101068,1109.3235813848905,232547,710,673,2234,0,0
P2,F2,71,test,calibrated,4,Ghana_11745,GHA,1.6327150318668142,0.9999999999920083,1.0,0.3924591839313507,0.07767637073993683,4.517066372500267e-06,262144,262144,0,12856.840154537227,660.8413861530876,262144,0,0,0,0,0
P2,F2,71,test,t1,4,Ghana_11745,GHA,1.0,0.9999999999522473,1.0,0.12671013176441193,0.017616761848330498,3.1101799322641455e-06,262144,262144,0,2105.408947485418,22.345485238351984,262144,0,0,0,0,0
P2,F2,71,test,calibrated,5,Ghana_124834,GHA,1.6327150318668142,0.9999999999920159,1.0,0.3879351019859314,0.07644109427928925,4.481421001401031e-06,262144,262144,0,12869.660910752275,662.4974141508819,262144,0,0,0,0,0
P2,F2,71,test,t1,5,Ghana_124834,GHA,1.0,0.9999999999523463,1.0,0.12397916615009308,0.017162129282951355,3.066928456973983e-06,262144,262144,0,2109.7712732468694,22.36426894868871,262144,0,0,0,0,0
P2,F2,71,test,calibrated,6,Ghana_128663,GHA,1.6327150318668142,0.8605527728653015,0.8605527764324485,0.5300400853157043,0.1340809464454651,8.826817065710202e-06,261406,168848,1561,11368.939044813393,1526.6730936044557,167287,1561,0,0,0,0
P2,F2,71,test,t1,6,Ghana_128663,GHA,1.0,0.5585274787605615,0.5585274405737619,0.2707088589668274,0.05955127999186516,1.2319831512286328e-05,261406,168848,1561,4979.511087228,1172.9548943575257,167287,1561,0,0,0,0
P2,F2,71,test,calibrated,7,Ghana_132163,GHA,1.6327150318668142,0.8925192610752674,0.8925192516519348,0.47394275665283203,0.1114155724644661,5.988761131447973e-06,262144,55761,1072,2983.7291106495068,197.6009508220765,55744,17,0,0,0,0
P2,F2,71,test,t1,7,Ghana_132163,GHA,1.0,0.6049034544781806,0.6049034255992138,0.2114078402519226,0.043155085295438766,7.91149795986712e-06,262144,55761,1072,596.2033862903496,36.623978213688055,55744,17,0,0,0,0
P2,F2,71,test,calibrated,8,Ghana_134751,GHA,1.6327150318668142,0.9215692759470281,0.9215692693773408,0.9289204478263855,0.3668598532676697,8.337775943800807e-05,37663,37663,440,6277.0337027526175,1121.5051025240589,37223,440,0,0,0,0
P2,F2,71,test,t1,8,Ghana_134751,GHA,1.0,0.838058553544403,0.8380585447386754,0.8345629572868347,0.29852157831192017,0.00020932445477228612,37663,37663,440,2945.177800960379,519.3353133034855,37223,440,0,0,0,0
P2,F2,71,test,calibrated,9,Ghana_135389,GHA,1.6327150318668142,0.8343197066308968,0.8343197026720329,0.9810854196548462,0.43180912733078003,0.00011710577382473275,24624,24624,833,5912.000972545371,1362.4538518718928,23540,832,251,1,0,0
P2,F2,71,test,t1,9,Ghana_135389,GHA,1.0,0.7223291578017474,0.7223291653497302,0.9517213106155396,0.391187459230423,0.00029753989656455815,24624,24624,833,3847.4191060398316,901.3572841657135,23540,832,251,1,0,0
P2,F2,71,test,calibrated,10,Ghana_141271,GHA,1.6327150318668142,0.9999999999919287,1.0,0.3872951865196228,0.07632789015769958,4.4438106669986155e-06,262144,262144,0,17573.705494205955,2105.112403064184,260508,0,1636,0,0,0
P2,F2,71,test,t1,10,Ghana_141271,GHA,1.0,0.9999999999512811,1.0,0.12384232878684998,0.017165521159768105,3.112124431936536e-06,262144,262144,0,9980.042518043123,1624.4684550169688,260508,0,1636,0,0,0
P2,F2,71,test,calibrated,11,Ghana_141910,GHA,1.6327150318668142,0.11649689377230776,0.11649686866992581,0.97837233543396,0.42521291971206665,1.5689758583903313e-05,262144,262144,173429,253945.4015110318,82111.89580894138,86174,105320,2541,68109,0,0
P2,F2,71,test,t1,11,Ghana_141910,GHA,1.0,0.06421986347539044,0.06421981915778652,0.944820761680603,0.3808177411556244,4.231349521433003e-05,262144,262144,173429,365366.7379793158,92440.9875638677,86174,105320,2541,68109,0,0
P2,F2,71,test,calibrated,12,Ghana_142312,GHA,1.6327150318668142,0.9999999999920088,1.0,0.40436115860939026,0.08169087022542953,4.545879164652433e-06,262144,262144,0,12866.967518601046,675.3219782487677,262144,0,0,0,0,0
P2,F2,71,test,t1,12,Ghana_142312,GHA,1.0,0.9999999999528891,1.0,0.1367320418357849,0.01986687257885933,3.1827069051360013e-06,262144,262144,0,2137.42556674542,28.60991893234884,262144,0,0,0,0,0
P2,F2,71,test,calibrated,13,Ghana_144050,GHA,1.6327150318668142,0.9999999999920867,1.0,0.4054040312767029,0.0815143808722496,4.5121332732378505e-06,262144,23551,0,1145.9716244226433,60.72494546738337,23551,0,0,0,0,0
P2,F2,71,test,t1,13,Ghana_144050,GHA,1.0,0.9999999999536023,1.0,0.13572293519973755,0.019299132749438286,3.082328021264402e-06,262144,23551,0,191.4107818385782,2.325908056974548,23551,0,0,0,0,0
P2,F2,71,test,calibrated,14,Ghana_146222,GHA,1.6327150318668142,0.999999999991969,1.0,0.37758031487464905,0.07342348247766495,4.5935453272250015e-06,262144,181656,0,8735.919093483379,437.7542578911382,181656,0,0,0,0,0
P2,F2,71,test,t1,14,Ghana_146222,GHA,1.0,0.9999999999514999,1.0,0.11696626245975494,0.015883248299360275,2.9590462418127572e-06,262144,181656,0,1405.5183092181387,13.847063347647623,181656,0,0,0,0,0
P2,F2,71,test,calibrated,15,Ghana_147015,GHA,1.6327150318668142,0.9999999999923245,1.0,0.4608185291290283,0.1013413593173027,4.958302724844543e-06,262144,262144,0,21203.92892406797,3516.2966678485795,258614,0,3530,0,0,0
P2,F2,71,test,t1,15,Ghana_147015,GHA,1.0,0.9999999999588065,1.0,0.186702698469162,0.03129120543599129,3.7737841012130957e-06,262144,262144,0,15105.586795218032,3270.7478942768357,258614,0,3530,0,0,0
P2,F2,71,test,calibrated,16,Ghana_154838,GHA,1.6327150318668142,0.9999999999920604,1.0,0.3932568430900574,0.07775076478719711,4.522075869317632e-06,262144,42107,0,2178.3388050031112,114.23321206694317,42107,0,0,0,0,0
P2,F2,71,test,t1,16,Ghana_154838,GHA,1.0,0.9999999999528896,1.0,0.12661325931549072,0.017527397722005844,3.0098674415057758e-06,262144,42107,0,362.46937543234526,3.76681173295935,42107,0,0,0,0,0
P2,F2,71,test,calibrated,17,Ghana_156478,GHA,1.6327150318668142,0.9999999999919139,1.0,0.37487685680389404,0.07277990132570267,4.550546236714581e-06,262144,262144,0,12697.204194594033,635.7499824312869,262144,0,0,0,0,0
P2,F2,71,test,t1,17,Ghana_156478,GHA,1.0,0.9999999999507992,1.0,0.1157158613204956,0.015719885006546974,3.0346784569701413e-06,262144,262144,0,2042.593057594147,20.032093600220673,262144,0,0,0,0,0
P2,F2,71,test,calibrated,18,Ghana_161233,GHA,1.6327150318668142,0.9696838896502431,0.9696838895652471,0.6315677165985107,0.17422573268413544,3.7220412195893005e-05,162668,1892,371,287.0300131476706,40.439298201231956,1892,0,0,0,0,0
P2,F2,71,test,t1,18,Ghana_161233,GHA,1.0,0.8946487758467693,0.8946487672159832,0.36653581261634827,0.08846096694469452,9.21441605896689e-05,162668,1892,371,102.99115382390382,6.6946519811710035,1892,0,0,0,0,0
P2,F2,71,test,calibrated,19,Ghana_167233,GHA,1.6327150318668142,0.999999999991981,1.0,0.37833037972450256,0.07366356998682022,4.542184797173832e-06,262144,262144,0,12808.828094687564,651.2531917126811,262144,0,0,0,0,0
P2,F2,71,test,t1,19,Ghana_167233,GHA,1.0,0.9999999999517324,1.0,0.11755973100662231,0.01600438915193081,2.983034619319369e-06,262144,262144,0,2082.376023765039,20.995296015213512,262144,0,0,0,0,0
P2,F2,71,test,calibrated,20,Ghana_168875,GHA,1.6327150318668142,0.9999999999919346,1.0,0.37986981868743896,0.07407845556735992,4.603401066560764e-06,262144,41796,0,2263.1666939868,126.30019847017815,41796,0,0,0,0,0
P2,F2,71,test,t1,20,Ghana_168875,GHA,1.0,0.9999999999510784,1.0,0.11846937984228134,0.016148217022418976,2.9884504328947514e-06,262144,41796,0,393.365410138891,4.632416288533824,41796,0,0,0,0,0
P2,F2,71,test,calibrated,21,Ghana_187318,GHA,1.6327150318668142,0.9999999999919923,1.0,0.3844042122364044,0.0756191611289978,4.5083161239745095e-06,262144,262144,0,12830.821450365867,658.6548257603739,262144,0,0,0,0,0
P2,F2,71,test,t1,21,Ghana_187318,GHA,1.0,0.9999999999521033,1.0,0.1223805770277977,0.01700066775083542,3.0848918868287e-06,262144,262144,0,2099.4494251559972,22.91860964695824,262144,0,0,0,0,0
P2,F2,71,test,calibrated,22,Ghana_194723,GHA,1.6327150318668142,0.9999999999920187,1.0,0.39129918813705444,0.077249675989151,4.579603682941524e-06,262144,47408,0,2003.0878600581814,92.9730630512016,47408,0,0,0,0,0
P2,F2,71,test,t1,22,Ghana_194723,GHA,1.0,0.9999999999524184,1.0,0.1255662590265274,0.017368247732520103,3.046384790650336e-06,262144,47408,0,304.21782642829555,3.050356990438898,47408,0,0,0,0,0
P2,F2,71,test,calibrated,23,Ghana_247288,GHA,1.6327150318668142,0.25640741412916623,0.256407381546618,0.96168053150177,0.40042245388031006,1.559431075293105e-05,261625,40174,50646,20001.6780235877,6766.688525423382,7286,6238,4292,22358,0,0
P2,F2,71,test,t1,23,Ghana_247288,GHA,1.0,0.14312108399696055,0.143120975517818,0.9052748680114746,0.34405794739723206,4.2181232856819406e-05,261625,40174,50646,21892.33731499099,7257.752832991661,7286,6238,4292,22358,0,0
P2,F2,71,test,calibrated,24,Ghana_24858,GHA,1.6327150318668142,0.9999999999919205,1.0,0.38058483600616455,0.0744125247001648,4.545168849290349e-06,262144,262144,0,14336.841979733432,1088.238078121462,261660,0,484,0,0,0
P2,F2,71,test,t1,24,Ghana_24858,GHA,1.0,0.9999999999510127,1.0,0.11945823580026627,0.01638658344745636,3.0542287277057767e-06,262144,262144,0,4708.748555193986,499.3117016347435,261660,0,484,0,0,0
P2,F2,71,test,calibrated,25,Ghana_264787,GHA,1.6327150318668142,0.9999999999919671,1.0,0.3820003271102905,0.0746912807226181,4.576617357088253e-06,262144,181975,0,9008.731035955596,460.5767396741171,181975,0,0,0,0,0
P2,F2,71,test,t1,25,Ghana_264787,GHA,1.0,0.9999999999515243,1.0,0.1198783665895462,0.016403300687670708,3.051655767194461e-06,262144,181975,0,1471.0181131039985,14.811925575602338,181975,0,0,0,0,0
P2,F2,71,test,calibrated,26,Ghana_308249,GHA,1.6327150318668142,0.5681757673408873,0.5681757612800998,0.6365379095077515,0.18775078654289246,8.229698323702905e-06,262144,262144,8053,24451.71478695126,4640.988934242704,251329,2785,2762,5268,0,0
P2,F2,71,test,t1,26,Ghana_308249,GHA,1.0,0.25828855667418904,0.25828852545939096,0.4022867977619171,0.10910679399967194,1.5619085388607346e-05,262144,262144,8053,17535.147000676883,4320.474200952661,251329,2785,2762,5268,0,0
P2,F2,71,test,calibrated,27,Ghana_313799,GHA,1.6327150318668142,0.9683214506650989,0.9683214508598021,0.5435692667961121,0.14396581053733826,5.2557766139216255e-06,262144,244464,435,43751.64406606079,11546.941478399389,229497,34,14532,401,0,0
P2,F2,71,test,t1,27,Ghana_313799,GHA,1.0,0.8792280919676547,0.8792280981818025,0.28946709632873535,0.07156845182180405,4.916496891382849e-06,262144,244464,435,52027.54640102489,12615.416347178665,229497,34,14532,401,0,0
P2,F2,71,test,calibrated,28,Ghana_319168,GHA,1.6327150318668142,0.22836296950154722,0.22836302171582457,0.9526277780532837,0.3897716999053955,1.2721054190478753e-05,262144,171624,56668,32364.00702127246,8916.494263914961,127596,4507,7622,31899,0,0
P2,F2,71,test,t1,28,Ghana_319168,GHA,1.0,0.12058879852829685,0.12058880407211181,0.8850460052490234,0.3290531039237976,3.3160376915475354e-05,262144,171624,56668,31377.832071487464,9170.305686451034,127596,4507,7622,31899,0,0
P2,F2,71,test,calibrated,29,Ghana_359826,GHA,1.6327150318668142,0.746937819895269,0.7469378026440829,0.5764161348342896,0.15841557085514069,7.299805929505965e-06,262144,262144,3629,20937.00701284901,3416.690527430284,256661,1987,1854,1642,0,0
P2,F2,71,test,t1,29,Ghana_359826,GHA,1.0,0.40721132946358995,0.40721132722328746,0.32892972230911255,0.08297175168991089,1.2877756489615422e-05,262144,262144,3629,13148.358752475326,2966.660241277924,256661,1987,1854,1642,0,0
P2,F2,71,test,calibrated,30,Ghana_362274,GHA,1.6327150318668142,0.34519870019059296,0.34519866192513593,0.7127032279968262,0.22323191165924072,1.4006273886479903e-05,262144,259407,19695,30090.53428460274,6103.749343611581,237504,3539,3300,15064,0,0
P2,F2,71,test,t1,30,Ghana_362274,GHA,1.0,0.1385933543569854,0.13859338487157513,0.48897185921669006,0.1394733041524887,3.656520493677817e-05,262144,259407,19695,24579.410074109957,5644.654953049702,237504,3539,3300,15064,0,0
P2,F2,71,test,calibrated,31,Ghana_406026,GHA,1.6327150318668142,0.6049353573327705,0.6049353041395878,0.6002463102340698,0.1593303382396698,9.902594683808275e-06,262144,262144,5923,18985.342315978392,2416.8253720818675,256061,1778,160,4145,0,0
P2,F2,71,test,t1,31,Ghana_406026,GHA,1.0,0.2701615188190024,0.27016156236480526,0.3306102454662323,0.07549295574426651,2.492382554919459e-05,262144,262144,5923,8192.961703455005,1557.3946405720749,256061,1778,160,4145,0,0
P2,F2,71,test,calibrated,32,Ghana_45911,GHA,1.6327150318668142,0.9999999999919676,1.0,0.37952563166618347,0.07404502481222153,4.535208972811233e-06,262144,29269,0,1428.5947991805142,71.74395071207564,29269,0,0,0,0,0
P2,F2,71,test,t1,32,Ghana_45911,GHA,1.0,0.9999999999515448,1.0,0.11850294470787048,0.016189638525247574,3.0050041459617205e-06,262144,29269,0,230.3836138038507,2.2229139844195274,29269,0,0,0,0,0
P2,F2,71,test,calibrated,33,Ghana_495107,GHA,1.6327150318668142,0.9999999999920005,1.0,0.4073803126811981,0.08221306651830673,4.492188963922672e-06,262144,262144,0,23957.088887587808,4126.54160112376,258185,0,3959,0,0,0
P2,F2,71,test,t1,33,Ghana_495107,GHA,1.0,0.9999999999526106,1.0,0.1375732123851776,0.01967885158956051,3.184508841513889e-06,262144,262144,0,20257.590247824948,3868.5871725458537,258185,0,3959,0,0,0
P2,F2,71,test,calibrated,34,Ghana_49890,GHA,1.6327150318668142,0.999999999992015,1.0,0.38622772693634033,0.07585006207227707,4.530562364379875e-06,262144,262144,0,12866.937662955235,660.3163889006406,262144,0,0,0,0,0
P2,F2,71,test,t1,34,Ghana_49890,GHA,1.0,0.9999999999522451,1.0,0.12244667112827301,0.01683792471885681,3.0037376745895017e-06,262144,262144,0,2105.0384246027425,21.821347308700812,262144,0,0,0,0,0
P2,F2,71,test,calibrated,35,Ghana_53713,GHA,1.6327150318668142,0.9999999999919879,1.0,0.3925724923610687,0.07761324197053909,4.479062681639334e-06,262144,262144,0,12823.295614707822,657.7682602423274,262144,0,0,0,0,0
P2,F2,71,test,t1,35,Ghana_53713,GHA,1.0,0.9999999999520488,1.0,0.12640157341957092,0.017514528706669807,3.003350457220222e-06,262144,262144,0,2096.5784832334384,22.038989426892538,262144,0,0,0,0,0
P2,F2,71,test,calibrated,36,Ghana_597288,GHA,1.6327150318668142,0.5450379980950202,0.5450379810122772,0.8404905796051025,0.2992932200431824,1.1817077393061481e-05,262144,262144,11631,26749.808160869317,5816.938420112396,249344,7110,1169,4521,0,0
P2,F2,71,test,t1,36,Ghana_597288,GHA,1.0,0.3022216606334892,0.3022217252868973,0.6803848743438721,0.21798282861709595,2.8862008548458107e-05,262144,262144,11631,18618.280119081253,5458.143000405191,249344,7110,1169,4521,0,0
P2,F2,71,test,calibrated,37,Ghana_61925,GHA,1.6327150318668142,0.9326751215377418,0.9326751250810162,0.4254158139228821,0.09190350025892258,5.3119315452931914e-06,262144,262144,643,13544.596101894023,870.545439525334,261387,106,114,537,0,0
P2,F2,71,test,t1,37,Ghana_61925,GHA,1.0,0.7000129209447863,0.7000129077565949,0.161926731467247,0.029000457376241684,6.242742074391572e-06,262144,262144,643,2711.5058083668805,190.4666841955757,261387,106,114,537,0,0
P2,F2,71,test,calibrated,38,Ghana_7496,GHA,1.6327150318668142,0.999999999991954,1.0,0.3775288164615631,0.07346538454294205,4.527042619884014e-06,262144,262144,0,12763.622903243288,644.8056743789292,262144,0,0,0,0,0
P2,F2,71,test,t1,38,Ghana_7496,GHA,1.0,0.999999999951352,1.0,0.11716341972351074,0.01594097912311554,2.9915474897279637e-06,262144,262144,0,2065.9261319408324,20.50630760581509,262144,0,0,0,0,0
P2,F2,71,test,calibrated,39,Ghana_8090,GHA,1.6327150318668142,0.9999999999920688,1.0,0.3900161385536194,0.07683344930410385,4.580443146551261e-06,262144,194666,0,9678.52359669203,508.2289063596536,194662,0,4,0,0,0
P2,F2,71,test,t1,39,Ghana_8090,GHA,1.0,0.999999999952913,1.0,0.12452825903892517,0.017161879688501358,2.9896273190388456e-06,262144,194666,0,1623.2355674898051,21.027130568294197,194662,0,4,0,0,0
P2,F2,71,test,calibrated,40,Ghana_83200,GHA,1.6327150318668142,0.9999999999924467,1.0,0.47292524576187134,0.10823255777359009,4.717556294053793e-06,262144,98215,0,6580.542806460662,750.2825657443004,97682,0,533,0,0,0
P2,F2,71,test,t1,40,Ghana_83200,GHA,1.0,0.9999999999618403,1.0,0.2044794112443924,0.03819289058446884,3.966679742006818e-06,262144,98215,0,2943.306807577158,518.464275808927,97682,0,533,0,0,0
P2,F2,71,test,calibrated,41,Ghana_866994,GHA,1.6327150318668142,0.07883849720354075,0.07883847384606879,0.9156087636947632,0.34960609674453735,9.894120921671856e-06,262144,117511,199940,101676.37645173563,33993.5203700547,850,10690,32829,73142,0,0
P2,F2,71,test,t1,41,Ghana_866994,GHA,1.0,0.034234552479324054,0.034234582377149825,0.8057936429977417,0.27389127016067505,1.957510357897263e-05,262144,117511,199940,147158.37402805453,39021.79557311242,850,10690,32829,73142,0,0
P2,F2,71,test,calibrated,42,Ghana_868803,GHA,1.6327150318668142,0.12647108736542467,0.1264711260930993,0.9603890776634216,0.39748615026474,1.2409100236254744e-05,262144,262144,138174,55239.461882713294,14743.887436199802,111944,6149,12026,132025,0,0
P2,F2,71,test,t1,42,Ghana_868803,GHA,1.0,0.064956917703336,0.0649568904023462,0.9019532203674316,0.33945542573928833,3.0619121389463544e-05,262144,262144,138174,46873.51824395293,13708.343816826799,111944,6149,12026,132025,0,0
P2,F2,71,test,calibrated,43,Ghana_887131,GHA,1.6327150318668142,0.6193352418483635,0.6193352404029284,0.884773313999176,0.32950201630592346,9.725802556204144e-06,262144,262144,9469,31696.679314380788,7478.311373863121,247476,4593,5199,4876,0,0
P2,F2,71,test,t1,43,Ghana_887131,GHA,1.0,0.3904835417270628,0.39048351933994985,0.7521430253982544,0.25190678238868713,1.9795856132986955e-05,262144,262144,9469,25075.385443120933,7105.415904959651,247476,4593,5199,4876,0,0
P2,F2,71,test,calibrated,44,Ghana_895194,GHA,1.6327150318668142,0.510099438705131,0.5100993976722912,0.5793150663375854,0.16111509501934052,8.987744877231307e-06,262144,252706,8973,16895.980859344345,2202.1932655503742,242818,1191,915,7782,0,0
P2,F2,71,test,t1,44,Ghana_895194,GHA,1.0,0.2010045256087336,0.20100455014524954,0.33524662256240845,0.0863153487443924,2.1074356482131407e-05,262144,252706,8973,6890.054968456787,1541.9347284524683,242818,1191,915,7782,0,0
P2,F2,71,test,calibrated,45,Ghana_953791,GHA,1.6327150318668142,0.9177656421850288,0.9177656427776795,0.49584513902664185,0.12079603224992752,6.056957772671012e-06,262144,262144,995,20126.117709493017,2838.6460858058344,258984,388,2165,607,0,0
P2,F2,71,test,t1,45,Ghana_953791,GHA,1.0,0.6914934744167656,0.6914934960851631,0.23237155377864838,0.0510212667286396,8.142978003888857e-06,262144,262144,995,12354.69573299315,2260.3589160836627,258984,388,2165,607,0,0
P2,F2,71,test,calibrated,46,Ghana_97059,GHA,1.6327150318668142,0.9903758976670498,0.9903758975040857,0.3905271887779236,0.07956337928771973,4.826090844289865e-06,262144,27394,108,1365.7637259828139,133.51445763270883,27286,108,0,0,0,0
P2,F2,71,test,t1,46,Ghana_97059,GHA,1.0,0.9437328989604044,0.943732901232154,0.13211645185947418,0.02125025913119316,3.7101840462128166e-06,262144,27394,108,390.7620259941634,69.9866540178378,27286,108,0,0,0,0
P2,F2,71,test,calibrated,47,Ghana_97516,GHA,1.6327150318668142,0.7864126887137417,0.7864126725637339,0.6250810623168945,0.17069481313228607,7.240718787215883e-06,262144,187555,2813,12798.139608400423,1605.2286548089473,185539,1245,141,630,0,0
P2,F2,71,test,t1,47,Ghana_97516,GHA,1.0,0.4688356973520835,0.4688356599222586,0.3620688021183014,0.08466330170631409,1.2801210687030107e-05,262144,187555,2813,5014.200490361788,1048.316655504741,185539,1245,141,630,0,0
P2,F2,71,test,calibrated,48,Pakistan_1027214,PAK,1.6327150318668142,0.17360333184223076,0.17360329180525325,0.984943151473999,0.4377796947956085,1.5154097127378918e-05,262144,158958,107043,53288.02688569762,16529.08554908094,116052,19036,4206,19664,0,0
P2,F2,71,test,t1,48,Pakistan_1027214,PAK,1.0,0.10447004266092075,0.10447001943584788,0.9610878229141235,0.400139719247818,3.7725287256762385e-05,262144,158958,107043,57002.51053476715,17136.440750742608,116052,19036,4206,19664,0,0
P2,F2,71,test,calibrated,49,Pakistan_1036366,PAK,1.6327150318668142,0.26254236829555067,0.26254231620684065,0.964057445526123,0.4031420648097992,2.3162678189692087e-05,262144,110380,54055,32259.37252587818,9645.348019397261,78494,9213,4917,17756,0,0
P2,F2,71,test,t1,49,Pakistan_1036366,PAK,1.0,0.1486230056126533,0.1486230304859142,0.9106647968292236,0.3478882312774658,7.623808778589591e-05,262144,110380,54055,35235.57657184371,10238.473467771055,78494,9213,4917,17756,0,0
P2,F2,71,test,calibrated,50,Pakistan_132143,PAK,1.6327150318668142,0.9436482281444996,0.9436482258811872,0.6527284979820251,0.18580932915210724,6.581212346645771e-06,262144,262144,788,16983.00134662327,1861.3676162489187,261356,788,0,0,0,0
P2,F2,71,test,t1,50,Pakistan_132143,PAK,1.0,0.8126541180410327,0.8126541092246851,0.399992972612381,0.09938331693410873,8.286943739221897e-06,262144,262144,788,5255.552435621368,784.0207801147222,261356,788,0,0,0,0
P2,F2,71,test,calibrated,51,Pakistan_167553,PAK,1.6327150318668142,0.3300963913712238,0.3300964123331137,0.9543881416320801,0.3898705840110779,1.6363386748707853e-05,262144,247105,39450,91611.16316981499,28756.853369210992,208186,37461,1366,92,0,0
P2,F2,71,test,t1,51,Pakistan_167553,PAK,1.0,0.18816759399596028,0.18816760242172714,0.8883247375488281,0.3285386562347412,4.226126475259662e-05,262144,247105,39450,112582.88998855752,31579.003701494297,208186,37461,1366,92,0,0
P2,F2,71,test,calibrated,52,Pakistan_210595,PAK,1.6327150318668142,0.9239192978424704,0.9239193022005786,0.7112612724304199,0.21426697075366974,5.8789041759155225e-06,262144,262144,1140,18492.704696289904,2316.9896118664956,261004,1140,0,0,0,0
P2,F2,71,test,t1,52,Pakistan_210595,PAK,1.0,0.774810545348372,0.7748105371240175,0.47438985109329224,0.12422090768814087,6.526931429107208e-06,262144,262144,1140,6476.098595388141,1111.1463313646927,261004,1140,0,0,0,0
P2,F2,71,test,calibrated,53,Pakistan_211386,PAK,1.6327150318668142,0.6875077524075607,0.6875077520662429,0.9105544686317444,0.3474281132221222,1.4880251001159195e-05,262144,255405,8389,41987.88798229504,10203.385088932842,242299,6247,5509,1350,0,0
P2,F2,71,test,t1,53,Pakistan_211386,PAK,1.0,0.47657708641099517,0.4765770907056853,0.7975534200668335,0.2722872495651245,3.643672971520573e-05,262144,255405,8389,37784.47783928306,9409.994884052132,242299,6247,5509,1350,0,0
P2,F2,71,test,calibrated,54,Pakistan_246510,PAK,1.6327150318668142,0.26542638823946163,0.26542648393908574,0.9934625625610352,0.45890435576438904,2.62501671386417e-05,262144,258817,85031,181755.48514426063,54117.04694714579,174031,74045,1132,9609,0,0
P2,F2,71,test,t1,54,Pakistan_246510,PAK,1.0,0.17853938012971848,0.1785393719782028,0.9828089475631714,0.43340611457824707,8.200740558095276e-05,262144,258817,85031,241425.8840542077,58602.637450959344,174031,74045,1132,9609,0,0
P2,F2,71,test,calibrated,55,Pakistan_246718,PAK,1.6327150318668142,0.4965311729836137,0.4965311358037018,0.8958740234375,0.33579474687576294,1.0973062671837397e-05,262144,235278,15028,28686.178684821352,6809.542117976153,216560,5592,3693,9433,0,0
P2,F2,71,test,t1,55,Pakistan_246718,PAK,1.0,0.2848852999857474,0.28488529071946256,0.7698812484741211,0.2581150531768799,2.5053999706869945e-05,262144,235278,15028,21049.1518101609,6333.60881081348,216560,5592,3693,9433,0,0
P2,F2,71,test,calibrated,56,Pakistan_336228,PAK,1.6327150318668142,0.5449335951799482,0.5449336188930444,0.9032427072525024,0.3428806960582733,1.0285139978805091e-05,262144,132471,12667,27585.96527886687,8250.440564057837,120923,11548,0,0,0,0
P2,F2,71,test,t1,56,Pakistan_336228,PAK,1.0,0.32997632477134964,0.3299763744855082,0.7843939065933228,0.2674185037612915,2.187719837820623e-05,262144,132471,12667,28686.153806577226,8804.433923447912,120923,11548,0,0,0,0
P2,F2,71,test,calibrated,57,Pakistan_35915,PAK,1.6327150318668142,0.23981977705039526,0.23981974449222943,0.9915000796318054,0.45307207107543945,2.2326163161778823e-05,262144,129233,82588,40924.66016474885,12657.865283905838,63261,13671,4308,47993,0,0
P2,F2,71,test,t1,57,Pakistan_35915,PAK,1.0,0.1593810035732921,0.15938104152502475,0.9777346849441528,0.42412036657333374,6.893120735185221e-05,262144,129233,82588,47447.93452434383,13538.775455157924,63261,13671,4308,47993,0,0
P2,F2,71,test,calibrated,58,Pakistan_366265,PAK,1.6327150318668142,0.40532515680911574,0.405325153724579,0.928930401802063,0.36382755637168884,1.2893672646896448e-05,262144,127291,24740,14178.021492158063,3196.5427372380595,123352,3937,2,0,0,0
P2,F2,71,test,t1,58,Pakistan_366265,PAK,1.0,0.2299361255265303,0.22993613590756778,0.8340780138969421,0.2933257818222046,3.302653567516245e-05,262144,127291,24740,10238.90086326396,2967.387881357473,123352,3937,2,0,0,0
P2,F2,71,test,calibrated,59,Pakistan_401863,PAK,1.6327150318668142,0.34826482018150173,0.34826487145153906,0.9907979369163513,0.4512677490711212,1.9579554646043107e-05,262144,258845,52110,90134.87197870328,30236.250304815207,207023,48498,335,2989,0,0
P2,F2,71,test,t1,59,Pakistan_401863,PAK,1.0,0.23733876957656008,0.2373388573562103,0.975936233997345,0.42127135396003723,5.91218049521558e-05,262144,258845,52110,101329.0798550739,33453.3611218443,207023,48498,335,2989,0,0
P2,F2,71,test,calibrated,60,Pakistan_43105,PAK,1.6327150318668142,0.3310885391540275,0.33108849782073846,0.9516711235046387,0.38691338896751404,2.0537725504254922e-05,261411,260942,37010,81656.95019431402,25810.54357436771,223661,37010,271,0,0,0
P2,F2,71,test,t1,60,Pakistan_43105,PAK,1.0,0.18669928406756908,0.18669926231170764,0.8822819590568542,0.32444074749946594,5.765379319200292e-05,261411,260942,37010,97739.60258307558,28854.900404168264,223661,37010,271,0,0,0
P2,F2,71,test,calibrated,61,Pakistan_474121,PAK,1.6327150318668142,0.28951109448445456,0.28951105725784987,0.9844967126846313,0.43690764904022217,2.2853713744552806e-05,262144,180789,55854,59369.48980614951,18603.766321182084,145532,26364,566,8327,0,0
P2,F2,71,test,t1,61,Pakistan_474121,PAK,1.0,0.18320609761156348,0.18320608647114967,0.9599748849868774,0.3987943232059479,8.064817666308954e-05,262144,180789,55854,68667.77938351253,20012.692456476354,145532,26364,566,8327,0,0
P2,F2,71,test,calibrated,62,Pakistan_528249,PAK,1.6327150318668142,0.6308615763015197,0.6308615997387126,0.9177391529083252,0.35311999917030334,5.969269750494277e-06,262144,76982,9350,4337.6053860769225,435.5014473965085,76933,49,0,0,0,0
P2,F2,71,test,t1,62,Pakistan_528249,PAK,1.0,0.41924368188311745,0.4192437150751671,0.8114137053489685,0.2792360186576843,7.496614671254065e-06,262144,76982,9350,1205.5465822660367,134.20610135287387,76933,49,0,0,0,0
P2,F2,71,test,calibrated,63,Pakistan_548910,PAK,1.6327150318668142,0.9999999999925491,1.0,0.48540404438972473,0.10720009356737137,4.776168680109549e-06,262144,235696,0,21808.821871085507,3713.5654885418576,232257,0,3439,0,0,0
P2,F2,71,test,t1,63,Pakistan_548910,PAK,1.0,0.9999999999609179,1.0,0.19906571507453918,0.03224621340632439,3.4011336538242176e-06,262144,235696,0,17136.310472960635,3339.920350700553,232257,0,3439,0,0,0
P2,F2,71,test,calibrated,64,Pakistan_65724,PAK,1.6327150318668142,0.5675906844146317,0.5675907111673743,0.9258894920349121,0.3608767092227936,1.1960909432673361e-05,262144,262143,13226,37570.34032852939,9737.137224492832,248917,13226,0,0,0,0
P2,F2,71,test,t1,64,Pakistan_65724,PAK,1.0,0.3620284400808267,0.3620284831248558,0.8276568651199341,0.2893924117088318,2.779675014608074e-05,262144,262143,13226,30618.82933804901,9444.711332888175,248917,13226,0,0,0,0
P2,F2,71,test,calibrated,65,Pakistan_664885,PAK,1.6327150318668142,0.30077452985619724,0.3007745883002465,0.9655114412307739,0.40599894523620605,1.5760993846924976e-05,262144,73010,41505,22528.63044546576,6079.984188724843,63533,7094,103,2280,0,0
P2,F2,71,test,t1,65,Pakistan_664885,PAK,1.0,0.17800492399104006,0.17800499381475843,0.9142696857452393,0.35229021310806274,4.6045679482631385e-05,262144,73010,41505,25562.141754350057,5985.4360396930715,63533,7094,103,2280,0,0
P2,F2,71,test,calibrated,66,Pakistan_667363,PAK,1.6327150318668142,0.4235494949936446,0.42354946872593435,0.8956467509269714,0.3371758759021759,8.719443030713592e-06,262144,162484,20133,43157.212360216436,13694.304177934213,142160,19105,1104,115,0,0
P2,F2,71,test,t1,66,Pakistan_667363,PAK,1.0,0.2291495498702808,0.22914958890457449,0.770474910736084,0.2606572210788727,1.7386824765708297e-05,262144,162484,20133,49772.65172422915,15441.05085068788,142160,19105,1104,115,0,0
P2,F2,71,test,calibrated,67,Pakistan_694942,PAK,1.6327150318668142,0.19027072912495369,0.19027078629455518,0.9802065491676331,0.4279070794582367,1.7159616618300788e-05,262144,191444,93020,105019.6126157302,34428.48717958387,127160,45803,891,17590,0,0
P2,F2,71,test,t1,67,Pakistan_694942,PAK,1.0,0.11216432076429561,0.11216430634878183,0.9492533802986145,0.38482901453971863,4.660723061533645e-05,262144,191444,93020,137724.384054199,38404.105979149135,127160,45803,891,17590,0,0
P2,F2,71,test,calibrated,68,Pakistan_70625,PAK,1.6327150318668142,0.24711373322620456,0.2471136850682446,0.9813310503959656,0.43085312843322754,2.0803507140954025e-05,262144,262144,68176,152564.49147147438,48668.61948302514,191960,65517,2008,2659,0,0
P2,F2,71,test,t1,68,Pakistan_70625,PAK,1.0,0.14927219007974935,0.14927221050902229,0.9521211981773376,0.3894795775413513,6.613529694732279e-05,262144,262144,68176,205494.74745831068,54270.45970182294,191960,65517,2008,2659,0,0
P2,F2,71,test,calibrated,69,Pakistan_712873,PAK,1.6327150318668142,0.8563233449442693,0.8563233467298929,0.6403816938400269,0.18677127361297607,6.2696067288925406e-06,262144,119557,2159,9683.529476111618,1708.1361387777806,117181,1060,985,331,0,0
P2,F2,71,test,t1,69,Pakistan_712873,PAK,1.0,0.6146142982751516,0.6146142622735848,0.3977322578430176,0.106270432472229,8.103931577352341e-06,262144,119557,2159,6349.743403396062,1494.9842994962287,117181,1060,985,331,0,0
P2,F2,71,test,calibrated,70,Pakistan_740461,PAK,1.6327150318668142,0.2409504069316747,0.24095040794572586,0.9884127974510193,0.44514167308807373,4.94079795316793e-05,262144,211456,82966,150056.5263593878,49587.20833872046,141599,69857,0,0,0,0
P2,F2,71,test,t1,70,Pakistan_740461,PAK,1.0,0.15218788161162222,0.15218787730945038,0.9698349833488464,0.41160058975219727,0.00017880556697491556,262144,211456,82966,204054.2136943536,55855.35699007573,141599,69857,0,0,0,0
P2,F2,71,test,calibrated,71,Pakistan_760290,PAK,1.6327150318668142,0.40734499005993097,0.40734499171416383,0.9800353050231934,0.4281262755393982,2.67575651378138e-05,262144,233498,34830,69268.19101847138,21610.327938141905,202617,30881,0,0,0,0
P2,F2,71,test,t1,71,Pakistan_760290,PAK,1.0,0.26807500448972166,0.26807499401845203,0.9488918781280518,0.38525086641311646,8.177475683623925e-05,262144,233498,34830,75923.58319346164,22907.994139584076,202617,30881,0,0,0,0
P2,F2,71,test,calibrated,72,Pakistan_849790,PAK,1.6327150318668142,0.24853300298478576,0.2485330416083038,0.9847498536109924,0.4372176229953766,2.2639489543507807e-05,262144,257239,71551,288655.8545835421,88902.56984732165,79485,5846,106871,65037,0,0
P2,F2,71,test,t1,72,Pakistan_849790,PAK,1.0,0.15385715359410324,0.15385714800423977,0.9605965614318848,0.39924973249435425,6.957819277886301e-05,262144,257239,71551,425624.09927962243,98132.35078090789,79485,5846,106871,65037,0,0
P2,F2,71,test,calibrated,73,Pakistan_909806,PAK,1.6327150318668142,0.9822094024135555,0.9822094024990528,0.48564988374710083,0.11326459795236588,5.300158591126092e-06,262144,116287,221,8689.154223236681,1308.1554252272076,114859,14,1313,101,0,0
P2,F2,71,test,t1,73,Pakistan_909806,PAK,1.0,0.9144744027385833,0.9144744006573995,0.2142840027809143,0.042120762169361115,5.395812422648305e-06,262144,116287,221,5583.126551065202,1149.554791675186,114859,14,1313,101,0,0
P2,F2,71,test,calibrated,74,Pakistan_94095,PAK,1.6327150318668142,0.14869614154769462,0.14869611886736023,0.9933996796607971,0.45856040716171265,1.7446185665903613e-05,262144,180570,160709,102588.41396477212,34162.90085746985,79903,47101,4020,49546,0,0
P2,F2,71,test,t1,74,Pakistan_94095,PAK,1.0,0.09609548119543798,0.09609549853583743,0.9826430082321167,0.43284890055656433,5.100780981592834e-05,262144,180570,160709,128016.06959006762,37898.5026793439,79903,47101,4020,49546,0,0
P2,F2,71,test,calibrated,75,Pakistan_9684,PAK,1.6327150318668142,0.9999999999929324,1.0,0.5419445037841797,0.13231757283210754,5.137380412634229e-06,262144,113550,0,8211.22310799532,1211.2217239224365,112354,0,1196,0,0,0
P2,F2,71,test,t1,75,Pakistan_9684,PAK,1.0,0.9999999999678474,1.0,0.2646304965019226,0.052383191883563995,4.594764959620079e-06,262144,113550,0,4370.405501412191,1018.2075949184218,112354,0,1196,0,0,0
P2,F2,71,test,calibrated,76,USA_1010394,USA,1.6327150318668142,0.8991501171887171,0.899150122478058,0.6308706998825073,0.1795126050710678,6.575543920916971e-06,262144,262131,1380,20176.00903812384,3007.665562664816,259356,1294,1395,86,0,0
P2,F2,71,test,t1,76,USA_1010394,USA,1.0,0.695276093247902,0.6952761102619895,0.3811734914779663,0.09755808860063553,8.980748134490568e-06,262144,262131,1380,10453.924590747567,2241.7498018756805,259356,1294,1395,86,0,0
P2,F2,71,test,calibrated,77,USA_1039203,USA,1.6327150318668142,0.7637029284600193,0.763702943685791,0.7494555115699768,0.24034589529037476,6.928923085069982e-06,262144,262112,4154,22997.984266088177,4199.70314789195,256867,3634,1091,520,0,0
P2,F2,71,test,t1,77,USA_1039203,USA,1.0,0.5004354553497242,0.5004354559695513,0.5354951024055481,0.15367066860198975,1.1499450010887813e-05,262144,262112,4154,13247.653976539877,3495.30883584021,256867,3634,1091,520,0,0
P2,F2,71,test,calibrated,78,USA_1049586,USA,1.6327150318668142,0.8742831038023302,0.8742831089299459,0.5272876620292664,0.12896844744682312,5.75287640458555e-06,262144,262061,1336,16798.195720434374,1942.1688733238434,259635,304,1090,1032,0,0
P2,F2,71,test,t1,78,USA_1049586,USA,1.0,0.5781325341459689,0.5781325440071312,0.254779577255249,0.05252109467983246,6.981033038755413e-06,262144,262061,1336,7001.008152771941,1268.4932075859815,259635,304,1090,1032,0,0
P2,F2,71,test,calibrated,79,USA_1068362,USA,1.6327150318668142,0.29346817379257073,0.2934682201759111,0.9554176330566406,0.392001748085022,2.4395705622737296e-05,262144,262124,43722,65676.18573682333,18346.55372789885,212771,18171,5631,25551,0,0
P2,F2,71,test,t1,79,USA_1068362,USA,1.0,0.16574838452517915,0.16574840624450216,0.8909423351287842,0.33185023069381714,8.311496640089899e-05,262144,262124,43722,69832.04547849743,18455.278491967216,212771,18171,5631,25551,0,0
P2,F2,71,test,calibrated,80,USA_1082482,USA,1.6327150318668142,0.9523781403665508,0.9523781408042005,0.5325658917427063,0.1305827647447586,5.433297701529227e-06,262144,262130,565,18563.502071810733,2414.94106121995,259763,161,1802,404,0,0
P2,F2,71,test,t1,80,USA_1082482,USA,1.0,0.8018183309030004,0.8018183244713162,0.25783637166023254,0.05334583297371864,6.416590622393414e-06,262144,262130,565,9552.77896915728,1749.0585501334824,259763,161,1802,404,0,0
P2,F2,71,test,calibrated,81,USA_11422,USA,1.6327150318668142,0.191175402578454,0.19117540249754306,0.9418687224388123,0.3762705326080322,2.086154927383177e-05,262144,262142,72248,98199.7672809182,29404.508891604142,188996,37126,898,35122,0,0
P2,F2,71,test,t1,81,USA_11422,USA,1.0,0.09614049705632266,0.09614052743912294,0.8608773946762085,0.30976882576942444,7.270666537806392e-05,262144,262142,72248,122066.82438903101,31732.65704006669,188996,37126,898,35122,0,0
P2,F2,71,test,calibrated,82,USA_114964,USA,1.6327150318668142,0.9246661066563717,0.9246661023709404,0.5967820286750793,0.15750986337661743,5.28974396729609e-06,262144,262125,886,17209.917408770867,2001.3003121087538,260885,886,354,0,0,0
P2,F2,71,test,t1,82,USA_114964,USA,1.0,0.732767943230886,0.7327679188586234,0.32831236720085144,0.07355792075395584,6.4594946707075e-06,262144,262125,886,6469.322311450174,1141.9149539621558,260885,886,354,0,0,0
P2,F2,71,test,calibrated,83,USA_115033,USA,1.6327150318668142,0.9254886653429586,0.9254886691887325,0.5351849794387817,0.13046787679195404,5.741433142247843e-06,262144,262109,759,18109.438629659628,2311.964876573194,259637,113,1713,646,0,0
P2,F2,71,test,t1,83,USA_115033,USA,1.0,0.7084925460590202,0.708492539035505,0.2588793933391571,0.05201007425785065,7.324822490772931e-06,262144,262109,759,9090.109517167071,1657.909664823771,259637,113,1713,646,0,0
P2,F2,71,test,calibrated,84,USA_170264,USA,1.6327150318668142,0.22783398356159268,0.22783396203615391,0.9517607092857361,0.38777804374694824,2.4421497073490173e-05,262144,261982,59858,63907.75515041968,18387.562019877536,197940,20507,4190,39345,0,0
P2,F2,71,test,t1,84,USA_170264,USA,1.0,0.1210800170366928,0.12108003714844129,0.8827583193778992,0.32591572403907776,8.156916737789288e-05,262144,261982,59858,65950.95921615014,19008.601545410766,197940,20507,4190,39345,0,0
P2,F2,71,test,calibrated,85,USA_179917,USA,1.6327150318668142,0.949889508288442,0.949889507108308,0.5561987161636353,0.14465902745723724,5.918021088291425e-06,262144,262094,630,15523.70694135029,1464.594603644835,261211,372,253,258,0,0
P2,F2,71,test,t1,85,USA_179917,USA,1.0,0.8084200325590949,0.8084200120443521,0.29344022274017334,0.06785184144973755,7.4443551056901924e-06,262144,262094,630,4340.8180507810885,595.842891644397,261211,372,253,258,0,0
P2,F2,71,test,calibrated,86,USA_181263,USA,1.6327150318668142,0.516017351063174,0.5160173056982236,0.974437952041626,0.41842466592788696,3.6294921301305294e-05,207502,207499,19393,48432.31359750671,13949.485829271558,187248,19186,858,207,0,0
P2,F2,71,test,t1,86,USA_181263,USA,1.0,0.34153258625765404,0.3415325668212844,0.9352480173110962,0.37051865458488464,9.197746112477034e-05,207502,207499,19393,44021.371643282124,14124.394391681099,187248,19186,858,207,0,0
P2,F2,71,test,calibrated,87,USA_181503,USA,1.6327150318668142,0.7052571891014574,0.7052571836864742,0.8340466022491455,0.2859034240245819,9.129701538768131e-06,262144,262115,6239,28608.501248220193,6020.434494654817,255028,5893,848,346,0,0
P2,F2,71,test,t1,87,USA_181503,USA,1.0,0.4557499255012585,0.45574991810726706,0.6556166410446167,0.19691264629364014,1.7478128938819282e-05,262144,262115,6239,18966.024348934858,5192.07949228435,255028,5893,848,346,0,0
P2,F2,71,test,calibrated,88,USA_19225,USA,1.6327150318668142,0.8375566011035082,0.8375565977805173,0.7520050406455994,0.23836059868335724,8.388263267988805e-06,262144,262122,2695,21515.00628259973,3443.1299287461734,258643,2088,784,607,0,0
P2,F2,71,test,t1,88,USA_19225,USA,1.0,0.6131805848124163,0.6131805972687232,0.5335875749588013,0.14905107021331787,1.489081569161499e-05,262144,262122,2695,10546.12091093547,2366.2308767316654,258643,2088,784,607,0,0
P2,F2,71,test,calibrated,89,USA_198411,USA,1.6327150318668142,0.4747142257140663,0.47471424448438837,0.9838244318962097,0.436139851808548,4.3490741518326104e-05,87651,84222,11449,21215.247686341332,5350.160370980733,72183,3302,1965,6772,0,0
P2,F2,71,test,t1,89,USA_198411,USA,1.0,0.31842717217295646,0.31842718881423204,0.9583492875099182,0.3976875841617584,0.00011119523696834221,87651,84222,11449,16625.53792866896,4337.3202291870475,72183,3302,1965,6772,0,0
P2,F2,71,test,calibrated,90,USA_211406,USA,1.6327150318668142,0.8785081153402473,0.8785081086137545,0.7235908508300781,0.2305322140455246,6.404736723197857e-06,262144,262101,1991,19671.21348369732,2866.304902679276,259493,1478,617,513,0,0
P2,F2,71,test,t1,90,USA_211406,USA,1.0,0.6947449108264587,0.6947448951516124,0.5055100321769714,0.14757248759269714,9.29762791201938e-06,262144,262101,1991,8646.545618067248,1783.8277061073795,259493,1478,617,513,0,0
P2,F2,71,test,calibrated,91,USA_217598,USA,1.6327150318668142,0.269693518348197,0.2696934916567423,0.9476236701011658,0.38235387206077576,3.480774466879666e-05,257309,257297,46159,66954.31112612139,18693.44923331228,200113,11933,11025,34226,0,0
P2,F2,71,test,t1,91,USA_217598,USA,1.0,0.14664217872049323,0.14664215960215288,0.8733851313591003,0.3180948495864868,0.00010340283188270405,257309,257297,46159,72674.60451569693,18825.626150322394,200113,11933,11025,34226,0,0
P2,F2,71,test,calibrated,92,USA_224165,USA,1.6327150318668142,0.9999999999922032,1.0,0.45283228158950806,0.09687897562980652,4.347497906564968e-06,262144,262126,0,13549.357739237248,875.2925382904319,261965,0,161,0,0,0
P2,F2,71,test,t1,92,USA_224165,USA,1.0,0.9999999999565355,1.0,0.17379404604434967,0.027168717235326767,3.3422088563384023e-06,262144,262126,0,2856.98328538813,189.6558766920343,261965,0,161,0,0,0
P2,F2,71,test,calibrated,93,USA_225017,USA,1.6327150318668142,0.38224603005823543,0.382246011882756,0.9101192951202393,0.34803491830825806,1.8536660718382336e-05,262144,262138,24245,38831.352328285866,9760.60780031791,235033,10325,2860,13920,0,0
P2,F2,71,test,t1,93,USA_225017,USA,1.0,0.20621249871598157,0.2062124778170782,0.7971944212913513,0.27353253960609436,6.026599294273183e-05,262144,262138,24245,32513.01300880046,9434.930992441456,235033,10325,2860,13920,0,0
P2,F2,71,test,calibrated,94,USA_231124,USA,1.6327150318668142,0.8979271716195039,0.8979271702929995,0.828868567943573,0.28547927737236023,3.869585270876996e-05,133432,129409,1336,21388.443572028817,4474.6695136715525,125140,430,3563,276,0,0
P2,F2,71,test,t1,94,USA_231124,USA,1.0,0.7555384918650245,0.7555385100879524,0.6501807570457458,0.19853666424751282,9.608578693587333e-05,133432,129409,1336,18106.23713539762,3811.0694775637567,125140,430,3563,276,0,0
P2,F2,71,test,calibrated,95,USA_232060,USA,1.6327150318668142,0.9035852736436307,0.9035852697354153,0.6516396999359131,0.1864883452653885,6.26423025096301e-06,262144,262127,1410,20013.53186550093,2900.884442567947,259348,1066,1369,344,0,0
P2,F2,71,test,t1,95,USA_232060,USA,1.0,0.7104806294708886,0.7104806429486779,0.3996666669845581,0.10110174864530563,8.078298378677573e-06,262144,262127,1410,10029.229351228345,2022.0081991123602,259348,1066,1369,344,0,0
P2,F2,71,test,calibrated,96,USA_251323,USA,1.6327150318668142,0.9184091684059266,0.9184091726342059,0.6366690397262573,0.1795514076948166,7.549965175712714e-06,261626,261038,1149,17931.188024576262,2197.4182095577107,259531,812,592,103,0,0
P2,F2,71,test,t1,96,USA_251323,USA,1.0,0.742578821671325,0.7425788429314271,0.3831208050251007,0.09522874653339386,1.1918150448764209e-05,261626,261038,1149,6929.889028897262,1223.991942535989,259531,812,592,103,0,0
P2,F2,71,test,calibrated,97,USA_260929,USA,1.6327150318668142,0.9235520345937361,0.923552035723151,0.7226876616477966,0.2165471613407135,7.616801667609252e-06,262144,262134,1146,25523.55242908949,5042.914390697287,256269,845,4719,301,0,0
P2,F2,71,test,t1,97,USA_260929,USA,1.0,0.7749225942867757,0.774922585699235,0.4822823405265808,0.12334112823009491,1.0432565431983676e-05,262144,262134,1146,17686.52875689372,4548.701973308467,256269,845,4719,301,0,0
P2,F2,71,test,calibrated,98,USA_275372,USA,1.6327150318668142,0.9312798652425672,0.9312798651345763,0.6414938569068909,0.17883352935314178,6.230509370652726e-06,262144,262138,920,22870.92826581759,3548.3033881235524,258922,494,2296,426,0,0
P2,F2,71,test,t1,98,USA_275372,USA,1.0,0.7712578767777545,0.7712578919179094,0.38230031728744507,0.09198039770126343,7.741505214653444e-06,262144,262138,920,14837.954697207797,2650.5130272176875,258922,494,2296,426,0,0
P2,F2,71,test,calibrated,99,USA_308150,USA,1.6327150318668142,0.7723874576584188,0.7723874456444457,0.8438547253608704,0.2951759397983551,9.352116649097297e-06,262144,262027,4552,26326.779833811717,5058.159208306923,255980,3140,1495,1412,0,0
P2,F2,71,test,t1,99,USA_308150,USA,1.0,0.5524732680785309,0.5524732872664748,0.6759907603263855,0.20910249650478363,1.8913338863058016e-05,262144,262027,4552,15915.88565297855,3842.5870976831543,255980,3140,1495,1412,0,0
P2,F2,71,test,calibrated,100,USA_347609,USA,1.6327150318668142,0.7188116000868157,0.7188115888350075,0.9591346383094788,0.3963375389575958,4.1227023757528514e-05,209488,204416,7906,31433.692921393103,7166.578827857862,196338,6436,1127,515,0,0
P2,F2,71,test,t1,100,USA_347609,USA,1.0,0.5421654174951356,0.5421654538751385,0.8992907404899597,0.3379613757133484,0.00010526377445785329,209488,204416,7906,21332.759409354636,5702.00008645384,196338,6436,1127,515,0,0
P2,F2,71,test,calibrated,101,USA_348639,USA,1.6327150318668142,0.31305355298512827,0.3130535161029162,0.9439072608947754,0.3783741295337677,2.526624666643329e-05,262144,262118,37734,59226.315818807605,16332.221127489625,218983,15981,5401,21753,0,0
P2,F2,71,test,t1,101,USA_348639,USA,1.0,0.17364491646374258,0.17364490662950938,0.8652042746543884,0.312612920999527,9.261276136385277e-05,262144,262118,37734,60353.700590113156,16417.35728815265,218983,15981,5401,21753,0,0
P2,F2,71,test,calibrated,102,USA_350244,USA,1.6327150318668142,0.9507386205782669,0.950738620291172,0.6328202486038208,0.17401637136936188,5.598264579020906e-06,262144,262120,652,19004.798038922516,2567.355801274128,260214,621,1254,31,0,0
P2,F2,71,test,t1,102,USA_350244,USA,1.0,0.8250767951533511,0.825076783301776,0.37027207016944885,0.08723405748605728,5.761143256677315e-06,262144,262120,652,8842.953066778797,1691.6164089355284,260214,621,1254,31,0,0
P2,F2,71,test,calibrated,103,USA_354981,USA,1.6327150318668142,0.8992443388110367,0.8992443403661299,0.8192506432533264,0.27776411175727844,8.097043973975815e-06,262144,262011,1797,24309.14962255356,4234.266073244127,258843,1444,1371,353,0,0
P2,F2,71,test,t1,103,USA_354981,USA,1.0,0.7592988143272974,0.7592988220271973,0.6340739130973816,0.1891150325536728,1.327425070485333e-05,262144,262011,1797,12978.143078374313,2820.804978444052,258843,1444,1371,353,0,0
P2,F2,71,test,calibrated,104,USA_366607,USA,1.6327150318668142,0.2374722356355481,0.23747231795140045,0.9487383961677551,0.38353413343429565,1.9004221030627377e-05,262144,262139,55954,45719.268727227565,11185.862167308567,203308,9506,2877,46448,0,0
P2,F2,71,test,t1,104,USA_366607,USA,1.0,0.12885745845461816,0.12885745234409662,0.8757356405258179,0.3196963369846344,6.19199126958847e-05,262144,262139,55954,34970.69914529855,9593.86733100656,203308,9506,2877,46448,0,0
P2,F2,71,test,calibrated,105,USA_375183,USA,1.6327150318668142,0.7213973597668644,0.7213973548000934,0.7770593166351318,0.2539985179901123,1.1172727681696415e-05,262144,262065,5065,31284.73068730411,6268.157686888649,253184,2363,3816,2702,0,0
P2,F2,71,test,t1,105,USA_375183,USA,1.0,0.45589602239538474,0.4558960442157032,0.5716262459754944,0.16571876406669617,2.5994382667704485e-05,262144,262065,5065,25754.203404332322,5400.913671086196,253184,2363,3816,2702,0,0
P2,F2,71,test,calibrated,106,USA_387945,USA,1.6327150318668142,0.5065041831778766,0.506504153087429,0.9354729652404785,0.3710874915122986,1.55317502503749e-05,262144,262139,16823,40441.1944339226,10400.981740910183,240216,8470,5100,8353,0,0
P2,F2,71,test,t1,106,USA_387945,USA,1.0,0.31167048423864807,0.3116705325986623,0.8480129837989807,0.3033340871334076,4.0010119846556336e-05,262144,262139,16823,34577.62278378044,9955.596000309622,240216,8470,5100,8353,0,0
P2,F2,71,test,calibrated,107,USA_430764,USA,1.6327150318668142,0.4127999678046702,0.41279994798700204,0.9715662598609924,0.4145749509334564,2.2799835278419778e-05,262144,262137,29936,55349.89676850089,15921.98674880235,228391,18307,3810,11629,0,0
P2,F2,71,test,t1,107,USA_430764,USA,1.0,0.2614529540020798,0.26145297281727664,0.928471565246582,0.3648938238620758,7.182769331848249e-05,262144,262137,29936,52425.4847929168,15929.685417676332,228391,18307,3810,11629,0,0
P2,F2,71,test,calibrated,108,USA_438959,USA,1.6327150318668142,0.5232502991593535,0.5232503090465344,0.9343553185462952,0.37135881185531616,3.119940447504632e-05,253924,253900,15264,37069.482571798384,9093.4127229731,237516,10081,1120,5183,0,0
P2,F2,71,test,t1,108,USA_438959,USA,1.0,0.326687727669411,0.3266877677182274,0.8462896943092346,0.30427223443984985,8.419812365900725e-05,253924,253900,15264,28519.744050875834,8276.613643272052,237516,10081,1120,5183,0,0
P2,F2,71,test,calibrated,109,USA_486103,USA,1.6327150318668142,0.6629987334535518,0.6629987584268329,0.8712261319160461,0.3161998689174652,1.0877497516048606e-05,262144,262060,8077,45848.20749048372,11184.484454834681,247885,6933,6100,1142,0,0
P2,F2,71,test,t1,109,USA_486103,USA,1.0,0.4298304454984051,0.4298304403836879,0.724601686000824,0.23426085710525513,2.362244231335353e-05,262144,262060,8077,46315.177257322335,10751.262633285565,247885,6933,6100,1142,0,0
P2,F2,71,test,calibrated,110,USA_504150,USA,1.6327150318668142,0.815343115505615,0.815343106897416,0.6562864780426025,0.19089500606060028,9.635060450818855e-06,262144,262126,2675,20353.84050378983,3084.6457834717444,257647,1217,1804,1458,0,0
P2,F2,71,test,t1,110,USA_504150,USA,1.0,0.5389872927472594,0.5389873235657938,0.40977367758750916,0.106803759932518,1.936985609063413e-05,262144,262126,2675,10425.610518818408,2306.259758545454,257647,1217,1804,1458,0,0
P2,F2,71,test,calibrated,111,USA_519181,USA,1.6327150318668142,0.8192585141914723,0.8192585201837917,0.6774980425834656,0.20200848579406738,8.341379725607112e-06,262144,262127,2854,21537.17026564988,3568.6354808178316,257627,2348,1646,506,0,0
P2,F2,71,test,t1,111,USA_519181,USA,1.0,0.5551778123322566,0.555177815968102,0.4378749132156372,0.11729028075933456,1.469217113481136e-05,262144,262127,2854,11891.029766628117,2888.7695894271383,257627,2348,1646,506,0,0
P2,F2,71,test,calibrated,112,USA_527077,USA,1.6327150318668142,0.5841974262113034,0.584197407859135,0.8638806343078613,0.31188449263572693,8.845562661008444e-06,262144,262127,10754,33867.988442939,8242.904892709186,250346,10135,1027,619,0,0
P2,F2,71,test,t1,112,USA_527077,USA,1.0,0.34495634583429424,0.34495626704829196,0.7130405902862549,0.2298971563577652,1.723360583127942e-05,262144,262127,10754,27239.077516633097,8100.922424616527,250346,10135,1027,619,0,0
P2,F2,71,test,calibrated,113,USA_58086,USA,1.6327150318668142,0.3129832316972152,0.31298321160248344,0.9444531798362732,0.3800620436668396,1.964761941053439e-05,262144,262112,35964,59714.43196146297,16835.42788987089,224764,21454,1384,14510,0,0
P2,F2,71,test,t1,113,USA_58086,USA,1.0,0.17234790419454504,0.172347979923815,0.866965115070343,0.31537264585494995,6.281473179114982e-05,262144,262112,35964,62762.95949261439,17434.19005040687,224764,21454,1384,14510,0,0
P2,F2,71,test,calibrated,114,USA_595451,USA,1.6327150318668142,0.2175346557564397,0.21753467854897446,0.9599477052688599,0.3971925675868988,1.7971138731809333e-05,262144,262136,64969,132594.07235844742,38867.84881540897,193972,47633,3195,17336,0,0
P2,F2,71,test,t1,114,USA_595451,USA,1.0,0.11823711737189524,0.1182371842371851,0.901060938835144,0.339124858379364,5.3687534091295674e-05,262144,262136,64969,177750.78212123504,42279.75002904075,193972,47633,3195,17336,0,0
P2,F2,71,test,calibrated,115,USA_604222,USA,1.6327150318668142,0.49744079365358174,0.49744079696669063,0.9354581236839294,0.36975982785224915,1.71230985870352e-05,262144,262123,17236,50290.99350495296,13498.910270881832,241573,13909,3314,3327,0,0
P2,F2,71,test,t1,115,USA_604222,USA,1.0,0.3054734427830361,0.3054734588293593,0.8474181890487671,0.30101659893989563,5.041843542130664e-05,262144,262123,17236,49929.23534636352,13409.838626140838,241573,13909,3314,3327,0,0
P2,F2,71,test,calibrated,116,USA_605492,USA,1.6327150318668142,0.33872781398317664,0.33872782569596493,0.9445583820343018,0.3788226544857025,2.1161657059565187e-05,262144,262125,32810,86234.84687656767,25517.324548500037,227145,31949,2170,861,0,0
P2,F2,71,test,t1,116,USA_605492,USA,1.0,0.19037979096200996,0.19037979913133984,0.8665693998336792,0.3131456673145294,6.822581053711474e-05,262144,262125,32810,106911.91339773234,27606.073267490836,227145,31949,2170,861,0,0
P2,F2,71,test,calibrated,117,USA_638521,USA,1.6327150318668142,0.6199032928858129,0.6199033106435253,0.8702579140663147,0.3158388137817383,1.0421573279018048e-05,262144,262141,9557,42032.441189140474,10603.976886464707,247810,9167,4774,390,0,0
P2,F2,71,test,t1,117,USA_638521,USA,1.0,0.38399910261199344,0.3839990844818175,0.7229659557342529,0.23405422270298004,2.0965000658179633e-05,262144,262141,9557,40427.89863000305,10565.71498216415,247810,9167,4774,390,0,0
P2,F2,71,test,calibrated,118,USA_646878,USA,1.6327150318668142,0.6872053555825474,0.6872053545059698,0.809171736240387,0.27382948994636536,2.7841972041642293e-05,254040,252297,6433,26510.52034947431,5146.720202727824,245483,4390,1238,1186,0,0
P2,F2,71,test,t1,118,USA_646878,USA,1.0,0.4261377461933966,0.4261376899183743,0.6214019656181335,0.18664291501045227,6.629928975598887e-05,254040,252297,6433,16858.24030278769,4254.99131465649,245483,4390,1238,1186,0,0
P2,F2,71,test,calibrated,119,USA_652955,USA,1.6327150318668142,0.4226052505855763,0.42260524346035255,0.917031466960907,0.35330846905708313,1.3350201697903685e-05,262144,262141,21015,41741.51534084392,11085.643589339998,239751,13863,1376,7151,0,0
P2,F2,71,test,t1,119,USA_652955,USA,1.0,0.2345462251753978,0.2345461914474647,0.8103009462356567,0.27985137701034546,3.5216682590544224e-05,262144,262141,21015,38772.125858760744,11257.00975325584,239751,13863,1376,7151,0,0
P2,F2,71,test,calibrated,120,USA_655230,USA,1.6327150318668142,0.9751275110288626,0.9751275107019114,0.623198926448822,0.16986696422100067,5.454198799270671e-06,262144,262129,332,18014.92713385745,2203.4990886215533,260778,206,1019,126,0,0
P2,F2,71,test,t1,120,USA_655230,USA,1.0,0.9050878142071206,0.9050878145574411,0.3600710928440094,0.08404261618852615,5.6903295444499236e-06,262144,262129,332,7463.047561258945,1261.6564889305334,260778,206,1019,126,0,0
P2,F2,71,test,calibrated,121,USA_66026,USA,1.6327150318668142,0.9896843895496527,0.9896843891364073,0.6331573128700256,0.17654523253440857,5.085111752123339e-06,262144,262141,153,17708.88805655556,2197.8028302370935,261001,153,987,0,0,0
P2,F2,71,test,t1,121,USA_66026,USA,1.0,0.9621902597662936,0.962190263652477,0.3777257800102234,0.09139394015073776,4.7657217692176346e-06,262144,262141,153,6969.175106899495,1262.129794816357,261001,153,987,0,0,0
P2,F2,71,test,calibrated,122,USA_664261,USA,1.6327150318668142,0.47743143313370495,0.47743143729077187,0.9555730819702148,0.392955482006073,1.87005425686948e-05,262095,262087,19987,45139.833915140516,12442.783573545808,241148,16124,952,3863,0,0
P2,F2,71,test,t1,122,USA_664261,USA,1.0,0.30164155929214165,0.3016415750850713,0.8914811611175537,0.33343568444252014,5.5593682191101834e-05,262095,262087,19987,40477.915714015515,12375.384284742819,241148,16124,952,3863,0,0
P2,F2,71,test,calibrated,123,USA_66511,USA,1.6327150318668142,0.9909827248164792,0.9909827245513152,0.569934606552124,0.14275166392326355,5.3905359891359694e-06,262144,262136,120,21002.50029129727,3274.2943235072844,259291,118,2725,2,0,0
P2,F2,71,test,t1,123,USA_66511,USA,1.0,0.9600099541685013,0.9600099568276077,0.28987616300582886,0.05927380919456482,4.980444373359205e-06,262144,262136,120,12874.739490935091,2675.4969842384703,259291,118,2725,2,0,0
P2,F2,71,test,calibrated,124,USA_670826,USA,1.6327150318668142,0.9831927811937964,0.9831927800184425,0.5857439637184143,0.15223534405231476,5.297226834954927e-06,262144,262132,226,24097.70494274641,3921.8728715071115,258896,226,3010,0,0,0
P2,F2,71,test,t1,124,USA_670826,USA,1.0,0.9305922516623981,0.9305922444744499,0.3149777948856354,0.06892317533493042,5.380617494665785e-06,262144,262132,226,18028.86081053436,3196.3979363725393,258896,226,3010,0,0,0
P2,F2,71,test,calibrated,125,USA_67102,USA,1.6327150318668142,0.434930983490343,0.4349309874732419,0.9003280997276306,0.33990490436553955,1.5209857338049915e-05,262144,262091,18514,33308.499035664136,7941.493586120812,242847,9753,730,8761,0,0
P2,F2,71,test,t1,125,USA_67102,USA,1.0,0.24021337978708568,0.24021341264873652,0.7786954045295715,0.2634347975254059,4.397997327032499e-05,262144,262091,18514,25214.964416485298,7452.613659965531,242847,9753,730,8761,0,0
P2,F2,71,test,calibrated,126,USA_693819,USA,1.6327150318668142,0.9672754673636292,0.9672754687923184,0.6113591194152832,0.16042517125606537,5.698347194993403e-06,262144,262104,394,20074.75866579477,2915.96947236626,259512,138,2198,256,0,0
P2,F2,71,test,t1,126,USA_693819,USA,1.0,0.8691024944770271,0.86910249858973,0.33643749356269836,0.07271181046962738,6.209107596077956e-06,262144,262104,394,10761.869044291881,2152.3233081978406,259512,138,2198,256,0,0
P2,F2,71,test,calibrated,127,USA_741073,USA,1.6327150318668142,0.7929480134044449,0.7929479830156924,0.8140689134597778,0.2791479527950287,9.583053724782076e-06,262144,262115,4049,26959.409055241926,5386.584337829847,255513,3227,2553,822,0,0
P2,F2,71,test,t1,127,USA_741073,USA,1.0,0.5725414588027158,0.5725414652418501,0.6323384046554565,0.1939653903245926,1.7776845197658986e-05,262144,262115,4049,17839.34493778792,4510.925849572437,255513,3227,2553,822,0,0
P2,F2,71,test,calibrated,128,USA_741178,USA,1.6327150318668142,0.8451850200632491,0.8451850262935026,0.6415743231773376,0.17818456888198853,7.104624273779336e-06,262144,262117,2041,20646.81835546437,3112.371810636858,258989,1682,1087,359,0,0
P2,F2,71,test,t1,128,USA_741178,USA,1.0,0.570996581087042,0.5709965889252631,0.3810611963272095,0.09085292369127274,1.0347094757889863e-05,262144,262117,2041,11055.576970810058,2344.3679614739885,258989,1682,1087,359,0,0
P2,F2,71,test,calibrated,129,USA_758178,USA,1.6327150318668142,0.8488298595105082,0.848829869257678,0.7341251373291016,0.22887830436229706,7.149621524149552e-06,262144,262133,2451,22463.296403188317,3645.736418081762,258573,1943,1109,508,0,0
P2,F2,71,test,t1,129,USA_758178,USA,1.0,0.6279546203884017,0.62795457589136,0.5087136030197144,0.14013786613941193,1.1436774002504535e-05,262144,262133,2451,12270.556369550652,2582.3564518782496,258573,1943,1109,508,0,0
P2,F2,71,test,calibrated,130,USA_761032,USA,1.6327150318668142,0.5924642664333561,0.5924642639924378,0.8884305357933044,0.3325665593147278,1.2073129255441017e-05,262144,262125,10455,41216.23491890538,9991.29359255687,245057,4951,6613,5504,0,0
P2,F2,71,test,t1,130,USA_761032,USA,1.0,0.3692249310415652,0.36922495704736824,0.7582976818084717,0.25568974018096924,3.107580414507538e-05,262144,262125,10455,39091.66308645991,9403.630163125652,245057,4951,6613,5504,0,0
P2,F2,71,test,calibrated,131,USA_770353,USA,1.6327150318668142,0.23919721263535176,0.2391971728514274,0.988317608833313,0.44492900371551514,2.3482691176468506e-05,262144,262141,83515,116631.72429297797,37779.64496293432,176004,51710,2623,31804,0,0
P2,F2,71,test,t1,131,USA_770353,USA,1.0,0.1510587072715005,0.15105874141991182,0.9695926904678345,0.4112676680088043,7.594945054734126e-05,262144,262141,83515,139448.00454698643,41157.40206321592,176004,51710,2623,31804,0,0
P2,F2,71,test,calibrated,132,USA_778194,USA,1.6327150318668142,0.6306963961638012,0.6306963931696421,0.902147650718689,0.33920449018478394,1.1833382814074866e-05,262144,262070,9469,31516.96534213616,7091.720710364154,251481,6751,1120,2718,0,0
P2,F2,71,test,t1,132,USA_778194,USA,1.0,0.4121332334078911,0.41213320318224156,0.7798068523406982,0.26129600405693054,2.8865173590020277e-05,262144,262070,9469,21822.000437628743,6018.66831739591,251481,6751,1120,2718,0,0
P2,F2,71,test,calibrated,133,USA_788696,USA,1.6327150318668142,0.12973459155856548,0.12973454920866434,0.9413192868232727,0.3762027323246002,1.1998779882560484e-05,262144,262126,111793,46766.88397569976,11290.042862472601,144283,6395,6058,105390,0,0
P2,F2,71,test,t1,133,USA_788696,USA,1.0,0.06299709887840366,0.06299709463193659,0.8599762320518494,0.30988559126853943,3.0248767870943993e-05,262144,262126,111793,36919.841587932504,9854.076751685086,144283,6395,6058,105390,0,0
P2,F2,71,test,calibrated,134,USA_806273,USA,1.6327150318668142,0.6614037514424345,0.6614037656207147,0.8539204001426697,0.3045754134654999,9.28507506614551e-06,262144,262131,7793,37956.12525169217,8974.863717842647,249771,6573,4567,1220,0,0
P2,F2,71,test,t1,134,USA_806273,USA,1.0,0.4196473826077677,0.41964733623537753,0.6958895325660706,0.22136710584163666,1.826814877858851e-05,262144,262131,7793,35146.203434180534,8577.568276333404,249771,6573,4567,1220,0,0
P2,F2,71,test,calibrated,135,USA_826217,USA,1.6327150318668142,0.6846899791240997,0.6846899926783191,0.7191049456596375,0.21877920627593994,8.124839951051399e-06,262144,262126,4892,21265.27718581722,3193.9115958740076,256323,1305,911,3587,0,0
P2,F2,71,test,t1,135,USA_826217,USA,1.0,0.390728873408839,0.39072887853331084,0.48480281233787537,0.1288401484489441,1.501641690992983e-05,262144,262126,4892,10326.846805633028,2056.9779491700683,256323,1305,911,3587,0,0
P2,F2,71,test,calibrated,136,USA_831672,USA,1.6327150318668142,0.41315118074014245,0.4131511509042206,0.9815449118614197,0.4304291009902954,2.3512560801464133e-05,262144,262116,33059,68818.16442351903,20455.197180785297,220822,20337,8235,12722,0,0
P2,F2,71,test,t1,136,USA_831672,USA,1.0,0.2746561263796212,0.27465612224365077,0.9525736570358276,0.3887055516242981,7.290814392035827e-05,262144,262116,33059,71670.63562490759,20906.40187816463,220822,20337,8235,12722,0,0
P2,F2,71,test,calibrated,137,USA_84195,USA,1.6327150318668142,0.6407328608119334,0.640732848136451,0.8251155614852905,0.2850787043571472,1.2004911695839837e-05,262144,262137,7725,27855.866159021592,5722.983384567107,253079,5247,1333,2478,0,0
P2,F2,71,test,t1,137,USA_84195,USA,1.0,0.38605669761024053,0.386056633930168,0.6479305624961853,0.19955088198184967,2.870646130759269e-05,262144,262137,7725,18715.56133240054,4930.807213054455,253079,5247,1333,2478,0,0
P2,F2,71,test,calibrated,138,USA_86502,USA,1.6327150318668142,0.3114982394411677,0.31149822842273234,0.9770445227622986,0.4228246212005615,2.450089050398674e-05,262144,262132,47544,139474.28461512577,43455.33955207339,176743,19027,37845,28517,0,0
P2,F2,71,test,t1,138,USA_86502,USA,1.0,0.18996976015927713,0.18996975914600933,0.941580593585968,0.3771781027317047,8.025999704841524e-05,262144,262132,47544,185469.6879515597,47480.07719261049,176743,19027,37845,28517,0,0
P2,F2,71,test,calibrated,139,USA_905409,USA,1.6327150318668142,0.22631317449169586,0.226313189157342,0.892509937286377,0.33003389835357666,1.5183345567493234e-05,262144,262099,46552,33080.11041438697,6823.877047773061,213345,4287,2202,42265,0,0
P2,F2,71,test,t1,139,USA_905409,USA,1.0,0.10671035874092771,0.10671044856449086,0.761411190032959,0.24935872852802277,4.585083661368117e-05,262144,262099,46552,21113.004930710526,5264.668159456323,213345,4287,2202,42265,0,0
P2,F2,71,test,calibrated,140,USA_908474,USA,1.6327150318668142,0.6699939432379733,0.6699939555633005,0.9292460680007935,0.36476150155067444,7.195189937192481e-06,262144,262071,9414,34976.71714952142,8304.373411267448,250995,9230,1662,184,0,0
P2,F2,71,test,t1,140,USA_908474,USA,1.0,0.46894057631165986,0.4689406015684172,0.835023045539856,0.29482361674308777,1.1126370736747049e-05,262144,262071,9414,26446.95752483765,7427.945915591648,250995,9230,1662,184,0,0
P2,F2,71,test,calibrated,141,USA_933610,USA,1.6327150318668142,0.6901457194450458,0.6901457325280635,0.7848756909370422,0.25871405005455017,1.0772680980153382e-05,262144,262027,5777,23050.302618686474,4091.5085550928693,255148,3056,1102,2721,0,0
P2,F2,71,test,t1,141,USA_933610,USA,1.0,0.4211101887533305,0.42111019280202266,0.5839470028877258,0.1706113964319229,2.476144982210826e-05,262144,262027,5777,12628.160788185385,3135.4830192350196,255148,3056,1102,2721,0,0
P2,F2,71,test,calibrated,142,USA_955053,USA,1.6327150318668142,0.2138673718172801,0.21386734597764367,0.9789901971817017,0.4259132742881775,2.424721787974704e-05,262144,262140,78887,137463.79662029454,41532.832079325846,177442,48860,5811,30027,0,0
P2,F2,71,test,t1,142,USA_955053,USA,1.0,0.12607495888948617,0.1260749368000068,0.9462978839874268,0.3818213641643524,8.224618068197742e-05,262144,262140,78887,179652.48338272184,44843.50554816852,177442,48860,5811,30027,0,0
P2,F2,71,test,calibrated,143,USA_986268,USA,1.6327150318668142,0.7790533707897981,0.7790533869568924,0.6597017049789429,0.19852489233016968,7.43403234082507e-06,262144,262123,3345,28389.16589913472,5943.14015225107,252381,650,6397,2695,0,0
P2,F2,71,test,t1,143,USA_986268,USA,1.0,0.49256525997540934,0.492565242409831,0.4273228943347931,0.11850044876337051,1.2786516890628263e-05,262144,262123,3345,24146.00565334465,5756.783875839369,252381,650,6397,2695,0,0
P2,F2,71,test,calibrated,144,USA_994009,USA,1.6327150318668142,0.9767889897062019,0.9767889876185717,0.5979025363922119,0.15919019281864166,5.500807219505077e-06,262144,262018,308,19144.184177461877,2683.3995712988008,259855,266,1855,42,0,0
P2,F2,71,test,t1,144,USA_994009,USA,1.0,0.9084198363985796,0.9084198391963014,0.3315972685813904,0.07604068517684937,5.750963737227721e-06,262144,262018,308,9737.349614397546,1945.9486227093485,259855,266,1855,42,0,0
