block,partition,seed,event_id,score,coverage,realized_tile_count_coverage,valid_pixel_coverage,reference_foreground_coverage,predicted_foreground_coverage
P1,F1,13,BOL,georisk_v2,0.1,0.13333333333333333,0.15106495673115392,0.018132290036977125,0.02555459821808989
P1,F1,13,BOL,georisk_v2,0.15000000000000002,0.2,0.2028608209644835,0.018134502911035823,0.02793110957516309
P1,F1,13,BOL,georisk_v2,0.20000000000000004,0.26666666666666666,0.29538732361952874,0.021566670576077505,0.030537224121116865
P1,F1,13,BOL,georisk_v2,0.25000000000000006,0.26666666666666666,0.29538732361952874,0.021566670576077505,0.030537224121116865
P1,F1,13,BOL,georisk_v2,0.30000000000000004,0.3333333333333333,0.3629990999966719,0.021577734946370997,0.030537224121116865
P1,F1,13,BOL,georisk_v2,0.3500000000000001,0.4,0.40919313391638823,0.05478854881932105,0.07410738801518695
P1,F1,13,BOL,georisk_v2,0.40000000000000013,0.4666666666666667,0.47965645506320914,0.08240521707188078,0.09684283780073284
P1,F1,13,BOL,georisk_v2,0.45000000000000007,0.4666666666666667,0.47965645506320914,0.08240521707188078,0.09684283780073284
P1,F1,13,BOL,georisk_v2,0.5000000000000001,0.5333333333333333,0.5724693867868749,0.10628212816523973,0.12140091083821733
P1,F1,13,BOL,georisk_v2,0.5500000000000002,0.6,0.6449203628054329,0.14987353424754538,0.16954420216442428
P1,F1,13,BOL,georisk_v2,0.6000000000000002,0.6666666666666666,0.7008636066553511,0.1710618033595854,0.1866034823939328
P1,F1,13,BOL,georisk_v2,0.6500000000000001,0.6666666666666666,0.7008636066553511,0.1710618033595854,0.1866034823939328
P1,F1,13,BOL,georisk_v2,0.7000000000000002,0.7333333333333333,0.7847972372517821,0.5164184190785149,0.549764715907477
P1,F1,13,BOL,georisk_v2,0.7500000000000002,0.8,0.8516584207667802,0.7015872945623046,0.7217801111563479
P1,F1,13,BOL,georisk_v2,0.8000000000000002,0.8666666666666667,0.9137972422085274,0.7621005485714791,0.8074410369542782
P1,F1,13,BOL,georisk_v2,0.8500000000000002,0.8666666666666667,0.9137972422085274,0.7621005485714791,0.8074410369542782
P1,F1,13,BOL,georisk_v2,0.9000000000000002,0.9333333333333333,0.9688160530570019,0.9217483475362966,0.9335618319020612
P1,F1,13,BOL,georisk_v2,0.9500000000000003,1.0,1.0,1.0,1.0
P1,F1,13,BOL,georisk_v2,1.0000000000000004,1.0666666666666667,1.0,1.0,1.0
P1,F1,13,BOL,soft_dice_risk_binary,0.1,0.13333333333333333,0.1301276645161473,0.3785674295918796,0.4067313974076143
P1,F1,13,BOL,soft_dice_risk_binary,0.15000000000000002,0.2,0.19698884803114536,0.5637363050756692,0.5787467926564852
P1,F1,13,BOL,soft_dice_risk_binary,0.20000000000000004,0.26666666666666666,0.2281727949741435,0.6419879575393725,0.645184960754424
P1,F1,13,BOL,soft_dice_risk_binary,0.25000000000000006,0.26666666666666666,0.2281727949741435,0.6419879575393725,0.645184960754424
P1,F1,13,BOL,soft_dice_risk_binary,0.30000000000000004,0.3333333333333333,0.28319160582261793,0.8016357565041901,0.771305755702207
P1,F1,13,BOL,soft_dice_risk_binary,0.3500000000000001,0.4,0.35365492696943884,0.8292524247567499,0.7940412054877529
P1,F1,13,BOL,soft_dice_risk_binary,0.40000000000000013,0.4666666666666667,0.4261059029879969,0.8728438308390555,0.8421844968139599
P1,F1,13,BOL,soft_dice_risk_binary,0.45000000000000007,0.4666666666666667,0.4261059029879969,0.8728438308390555,0.8421844968139599
P1,F1,13,BOL,soft_dice_risk_binary,0.5000000000000001,0.5333333333333333,0.49089587506735866,0.8900599910157313,0.8638808146415823
P1,F1,13,BOL,soft_dice_risk_binary,0.5500000000000002,0.6,0.5530346965091059,0.9505732450249059,0.9495417404395126
P1,F1,13,BOL,soft_dice_risk_binary,0.6000000000000002,0.6666666666666666,0.6458476282327716,0.9744501561182648,0.974099813476997
P1,F1,13,BOL,soft_dice_risk_binary,0.6500000000000001,0.6666666666666666,0.6458476282327716,0.9744501561182648,0.974099813476997
P1,F1,13,BOL,soft_dice_risk_binary,0.7000000000000002,0.7333333333333333,0.7017908720826899,0.9956384252303049,0.9911590937065056
P1,F1,13,BOL,soft_dice_risk_binary,0.7500000000000002,0.8,0.7535867363160195,0.9956406381043635,0.9935356050635787
P1,F1,13,BOL,soft_dice_risk_binary,0.8000000000000002,0.8666666666666667,0.8398617209678116,0.9965567679646649,0.9973938854540462
P1,F1,13,BOL,soft_dice_risk_binary,0.8500000000000002,0.8666666666666667,0.8398617209678116,0.9965567679646649,0.9973938854540462
P1,F1,13,BOL,soft_dice_risk_binary,0.9000000000000002,0.9333333333333333,0.9323882236228568,0.9999889356297065,1.0
P1,F1,13,BOL,soft_dice_risk_binary,0.9500000000000003,1.0,1.0,1.0,1.0
P1,F1,13,BOL,soft_dice_risk_binary,1.0000000000000004,1.0666666666666667,1.0,1.0,1.0
P1,F1,13,BOL,predicted_foreground_fraction,0.1,0.13333333333333333,0.16013827903218839,0.003443232035335173,0.002606114545953776
P1,F1,13,BOL,predicted_foreground_fraction,0.15000000000000002,0.2,0.2464132636839806,0.004359361895636434,0.00646439493642122
P1,F1,13,BOL,predicted_foreground_fraction,0.20000000000000004,0.26666666666666666,0.29820912791731014,0.004361574769695132,0.008840906293494419
P1,F1,13,BOL,predicted_foreground_fraction,0.25000000000000006,0.26666666666666666,0.29820912791731014,0.004361574769695132,0.008840906293494419
P1,F1,13,BOL,predicted_foreground_fraction,0.30000000000000004,0.3333333333333333,0.39102205964097586,0.028238485863054077,0.03339897933097891
P1,F1,13,BOL,predicted_foreground_fraction,0.3500000000000001,0.4,0.4469653034908941,0.0494267549750941,0.05045825956048742
P1,F1,13,BOL,predicted_foreground_fraction,0.40000000000000013,0.4666666666666667,0.517428624637715,0.07704342322765384,0.07319370934603331
P1,F1,13,BOL,predicted_foreground_fraction,0.45000000000000007,0.4666666666666667,0.517428624637715,0.07704342322765384,0.07319370934603331
P1,F1,13,BOL,predicted_foreground_fraction,0.5000000000000001,0.5333333333333333,0.5822185967170768,0.0942595834043297,0.09489002717365576
P1,F1,13,BOL,predicted_foreground_fraction,0.5500000000000002,0.6,0.6546695727356349,0.13785098948663535,0.1430333184998627
P1,F1,13,BOL,predicted_foreground_fraction,0.6000000000000002,0.6666666666666666,0.7008636066553511,0.1710618033595854,0.1866034823939328
P1,F1,13,BOL,predicted_foreground_fraction,0.6500000000000001,0.6666666666666666,0.7008636066553511,0.1710618033595854,0.1866034823939328
P1,F1,13,BOL,predicted_foreground_fraction,0.7000000000000002,0.7333333333333333,0.7630024280970984,0.23157505736875997,0.27226440819186304
P1,F1,13,BOL,predicted_foreground_fraction,0.7500000000000002,0.8,0.7941863750400965,0.3098267098324633,0.3387025762898018
P1,F1,13,BOL,predicted_foreground_fraction,0.8000000000000002,0.8666666666666667,0.849205185888571,0.4694745087972808,0.4648233712375849
P1,F1,13,BOL,predicted_foreground_fraction,0.8500000000000002,0.8666666666666667,0.849205185888571,0.4694745087972808,0.4648233712375849
P1,F1,13,BOL,predicted_foreground_fraction,0.9000000000000002,0.9333333333333333,0.916066369403569,0.6546433842810704,0.6368387664864558
P1,F1,13,BOL,predicted_foreground_fraction,0.9500000000000003,1.0,1.0,1.0,1.0
P1,F1,13,BOL,predicted_foreground_fraction,1.0000000000000004,1.0666666666666667,1.0,1.0,1.0
P1,F1,13,BOL,predicted_foreground_scarcity,0.1,0.13333333333333333,0.15079481411142906,0.5305254912027192,0.5351766287624151
P1,F1,13,BOL,predicted_foreground_scarcity,0.15000000000000002,0.2,0.20581362495990346,0.6901732901675367,0.6612974237101982
P1,F1,13,BOL,predicted_foreground_scarcity,0.20000000000000004,0.26666666666666666,0.2369975719029016,0.7684249426312401,0.727735591808137
P1,F1,13,BOL,predicted_foreground_scarcity,0.25000000000000006,0.26666666666666666,0.2369975719029016,0.7684249426312401,0.727735591808137
P1,F1,13,BOL,predicted_foreground_scarcity,0.30000000000000004,0.3333333333333333,0.29913639334464887,0.8289381966404146,0.8133965176060672
P1,F1,13,BOL,predicted_foreground_scarcity,0.3500000000000001,0.4,0.3453304272643652,0.8621490105133647,0.8569666815001373
P1,F1,13,BOL,predicted_foreground_scarcity,0.40000000000000013,0.4666666666666667,0.41778140328292324,0.9057404165956703,0.9051099728263442
P1,F1,13,BOL,predicted_foreground_scarcity,0.45000000000000007,0.4666666666666667,0.41778140328292324,0.9057404165956703,0.9051099728263442
P1,F1,13,BOL,predicted_foreground_scarcity,0.5000000000000001,0.5333333333333333,0.48257137536228495,0.9229565767723461,0.9268062906539667
P1,F1,13,BOL,predicted_foreground_scarcity,0.5500000000000002,0.6,0.5530346965091059,0.9505732450249059,0.9495417404395126
P1,F1,13,BOL,predicted_foreground_scarcity,0.6000000000000002,0.6666666666666666,0.6089779403590242,0.9717615141369459,0.9666010206690211
P1,F1,13,BOL,predicted_foreground_scarcity,0.6500000000000001,0.6666666666666666,0.6089779403590242,0.9717615141369459,0.9666010206690211
P1,F1,13,BOL,predicted_foreground_scarcity,0.7000000000000002,0.7333333333333333,0.7017908720826899,0.9956384252303049,0.9911590937065056
P1,F1,13,BOL,predicted_foreground_scarcity,0.7500000000000002,0.8,0.7535867363160195,0.9956406381043635,0.9935356050635787
P1,F1,13,BOL,predicted_foreground_scarcity,0.8000000000000002,0.8666666666666667,0.8398617209678116,0.9965567679646649,0.9973938854540462
P1,F1,13,BOL,predicted_foreground_scarcity,0.8500000000000002,0.8666666666666667,0.8398617209678116,0.9965567679646649,0.9973938854540462
P1,F1,13,BOL,predicted_foreground_scarcity,0.9000000000000002,0.9333333333333333,0.9323882236228568,0.9999889356297065,1.0
P1,F1,13,BOL,predicted_foreground_scarcity,0.9500000000000003,1.0,1.0,1.0,1.0
P1,F1,13,BOL,predicted_foreground_scarcity,1.0000000000000004,1.0666666666666667,1.0,1.0,1.0
P1,F1,13,ESP,georisk_v2,0.1,0.1,0.0961410501977147,0.274491883915396,0.2572252032207319
P1,F1,13,ESP,georisk_v2,0.15000000000000002,0.16666666666666666,0.16394506484508792,0.28487555336940484,0.26849848104869867
P1,F1,13,ESP,georisk_v2,0.20000000000000004,0.23333333333333334,0.22005830377124053,0.39544023610427936,0.37080318635065795
P1,F1,13,ESP,georisk_v2,0.25000000000000006,0.26666666666666666,0.2539705339241352,0.39804131824889327,0.37821574032871663
P1,F1,13,ESP,georisk_v2,0.30000000000000004,0.3333333333333333,0.32175319709278266,0.39843384161337925,0.38136735163476404
P1,F1,13,ESP,georisk_v2,0.3500000000000001,0.36666666666666664,0.35565274576134326,0.39867584849975407,0.38325921376251354
P1,F1,13,ESP,georisk_v2,0.40000000000000013,0.43333333333333335,0.42349493426462015,0.416141662567634,0.4064969750798871
P1,F1,13,ESP,georisk_v2,0.45000000000000007,0.4666666666666667,0.45740224710726285,0.5077343826856862,0.487819290905363
P1,F1,13,ESP,georisk_v2,0.5000000000000001,0.5333333333333333,0.5252346009900357,0.5629473684210526,0.5482935188725111
P1,F1,13,ESP,georisk_v2,0.5500000000000002,0.5666666666666667,0.5591534306909002,0.5674549926217413,0.5581333507626989
P1,F1,13,ESP,georisk_v2,0.6000000000000002,0.6333333333333333,0.6269922547187415,0.5743944909001476,0.583560228456006
P1,F1,13,ESP,georisk_v2,0.6500000000000001,0.6666666666666666,0.6608937444308226,0.57649680275455,0.5930472947625055
P1,F1,13,ESP,georisk_v2,0.7000000000000002,0.7333333333333333,0.7287235102555681,0.6439773733398918,0.6535295808267428
P1,F1,13,ESP,georisk_v2,0.7500000000000002,0.7666666666666667,0.7626328935446327,0.7128755533694048,0.7137772867312687
P1,F1,13,ESP,georisk_v2,0.8000000000000002,0.8333333333333334,0.8304462252009045,0.7180954254795868,0.73799813589354
P1,F1,13,ESP,georisk_v2,0.8500000000000002,0.8666666666666667,0.8643635020669526,0.7210919822921791,0.7473750748731521
P1,F1,13,ESP,georisk_v2,0.9000000000000002,0.9333333333333333,0.9321860213292215,0.8939813084112149,0.8978582473280693
P1,F1,13,ESP,georisk_v2,0.9500000000000003,0.9666666666666667,0.9661054980445928,0.9905194294146581,0.9810455649576637
P1,F1,13,ESP,georisk_v2,1.0000000000000004,1.0333333333333334,1.0,1.0,1.0
P1,F1,13,ESP,soft_dice_risk_binary,0.1,0.1,0.08443215807030252,0.35642793900639447,0.32881423310642327
P1,F1,13,ESP,soft_dice_risk_binary,0.15000000000000002,0.16666666666666666,0.15225040703682624,0.5985430398425972,0.5330261109206018
P1,F1,13,ESP,soft_dice_risk_binary,0.20000000000000004,0.23333333333333334,0.22007926704126218,0.7639793408755534,0.676461134454722
P1,F1,13,ESP,soft_dice_risk_binary,0.25000000000000006,0.26666666666666666,0.2539936970434801,0.8154854894244958,0.7284671977251097
P1,F1,13,ESP,soft_dice_risk_binary,0.30000000000000004,0.3333333333333333,0.3218265685378585,0.8778937530742744,0.7907356953108142
P1,F1,13,ESP,soft_dice_risk_binary,0.3500000000000001,0.36666666666666664,0.35573815167624634,0.9002606984751599,0.8183293057770289
P1,F1,13,ESP,soft_dice_risk_binary,0.40000000000000013,0.43333333333333335,0.4235620943704303,0.9355258239055583,0.8472363860688036
P1,F1,13,ESP,soft_dice_risk_binary,0.45000000000000007,0.4666666666666667,0.4574703130333826,0.9435750122970978,0.8573689954865703
P1,F1,13,ESP,soft_dice_risk_binary,0.5000000000000001,0.5333333333333333,0.525284938718668,0.9564830300049189,0.8929240058770388
P1,F1,13,ESP,soft_dice_risk_binary,0.5500000000000002,0.5666666666666667,0.5592050624485462,0.9640226266601082,0.9049753377461861
P1,F1,13,ESP,soft_dice_risk_binary,0.6000000000000002,0.6333333333333333,0.6270459569228094,0.9784564682734874,0.9260015990846002
P1,F1,13,ESP,soft_dice_risk_binary,0.6500000000000001,0.6666666666666666,0.6609506817074247,0.9812867683226758,0.9394245981471748
P1,F1,13,ESP,soft_dice_risk_binary,0.7000000000000002,0.7333333333333333,0.7287700953000608,0.9870959173635022,0.9573798291504348
P1,F1,13,ESP,soft_dice_risk_binary,0.7500000000000002,0.7666666666666667,0.7626823254529554,0.9896969995081161,0.9647923831284935
P1,F1,13,ESP,soft_dice_risk_binary,0.8000000000000002,0.8333333333333334,0.8305096326225749,0.9955986227250369,0.984416535573365
P1,F1,13,ESP,soft_dice_risk_binary,0.8500000000000002,0.8666666666666667,0.864426909488623,0.9985951795376291,0.9937934745529771
P1,F1,13,ESP,soft_dice_risk_binary,0.9000000000000002,0.9333333333333333,0.9321988322164569,0.9988568617806197,0.9974008160166319
P1,F1,13,ESP,soft_dice_risk_binary,0.9500000000000003,0.9666666666666667,0.966109121325831,0.9992297097884899,0.998836947986774
P1,F1,13,ESP,soft_dice_risk_binary,1.0000000000000004,1.0333333333333334,1.0,1.0,1.0
P1,F1,13,ESP,predicted_foreground_fraction,0.1,0.1,0.10167354184281636,0.001162813575996065,0.004314663319273446
P1,F1,13,ESP,predicted_foreground_fraction,0.15000000000000002,0.16666666666666666,0.1694853206642717,0.004005902606984752,0.013619079425081632
P1,F1,13,ESP,predicted_foreground_fraction,0.20000000000000004,0.23333333333333334,0.2373219448427897,0.011224790949335957,0.030913546467016866
P1,F1,13,ESP,predicted_foreground_fraction,0.25000000000000006,0.26666666666666666,0.2712392217088378,0.014221347761928184,0.040290485446628985
P1,F1,13,ESP,predicted_foreground_fraction,0.30000000000000004,0.3333333333333333,0.3390595411217834,0.020831283817019184,0.05961738364331639
P1,F1,13,ESP,predicted_foreground_fraction,0.3500000000000001,0.36666666666666664,0.37297267709498766,0.030444663059517953,0.06972760945805716
P1,F1,13,ESP,predicted_foreground_fraction,0.40000000000000013,0.43333333333333335,0.4407895026295964,0.040883423512051154,0.0906580689755204
P1,F1,13,ESP,predicted_foreground_fraction,0.45000000000000007,0.4666666666666667,0.4747115674029951,0.05080964092474176,0.10184449842374667
P1,F1,13,ESP,predicted_foreground_fraction,0.5000000000000001,0.5333333333333333,0.5425364159174886,0.061179537629119526,0.12731882935546862
P1,F1,13,ESP,predicted_foreground_fraction,0.5500000000000002,0.5666666666666667,0.5764565396473668,0.06460698475159862,0.14391940470360082
P1,F1,13,ESP,predicted_foreground_fraction,0.6000000000000002,0.6333333333333333,0.6442618483237537,0.09973930152484013,0.18167069422297114
P1,F1,13,ESP,predicted_foreground_fraction,0.6500000000000001,0.6666666666666666,0.6781757607143661,0.12031874077717658,0.20225376022147232
P1,F1,13,ESP,predicted_foreground_fraction,0.7000000000000002,0.7333333333333333,0.7460063029565198,0.1845145105755042,0.27153280227489035
P1,F1,13,ESP,predicted_foreground_fraction,0.7500000000000002,0.7666666666666667,0.7799207329587378,0.23602065912444664,0.323538865545278
P1,F1,13,ESP,predicted_foreground_fraction,0.8000000000000002,0.8333333333333334,0.8477512752008916,0.36039252336448596,0.438574468904251
P1,F1,13,ESP,predicted_foreground_fraction,0.8500000000000002,0.8666666666666667,0.8816585880435343,0.4519852434825381,0.519896784729727
P1,F1,13,ESP,predicted_foreground_fraction,0.9000000000000002,0.9333333333333333,0.9494890008827865,0.6990457452041319,0.7259736643480238
P1,F1,13,ESP,predicted_foreground_fraction,0.9500000000000003,0.9666666666666667,0.9716940211459869,0.8015612395474668,0.8181457602322164
P1,F1,13,ESP,predicted_foreground_fraction,1.0000000000000004,1.0333333333333334,1.0,1.0,1.0
P1,F1,13,ESP,predicted_foreground_scarcity,0.1,0.1,0.08442193524109443,0.4514766355140187,0.3969158976406787
P1,F1,13,ESP,predicted_foreground_scarcity,0.15000000000000002,0.16666666666666666,0.15224872479910848,0.639607476635514,0.561425531095749
P1,F1,13,ESP,predicted_foreground_scarcity,0.20000000000000004,0.23333333333333334,0.22007926704126218,0.7639793408755534,0.676461134454722
P1,F1,13,ESP,predicted_foreground_scarcity,0.25000000000000006,0.26666666666666666,0.2539936970434801,0.8154854894244958,0.7284671977251097
P1,F1,13,ESP,predicted_foreground_scarcity,0.30000000000000004,0.3333333333333333,0.32182423928563386,0.8796812592228234,0.7977462397785277
P1,F1,13,ESP,predicted_foreground_scarcity,0.3500000000000001,0.36666666666666664,0.35573815167624634,0.9002606984751599,0.8183293057770289
P1,F1,13,ESP,predicted_foreground_scarcity,0.40000000000000013,0.43333333333333335,0.42354346035263324,0.9353930152484013,0.8560805952963992
P1,F1,13,ESP,predicted_foreground_scarcity,0.45000000000000007,0.4666666666666667,0.4574635840825114,0.9388204623708805,0.8726811706445313
P1,F1,13,ESP,predicted_foreground_scarcity,0.5000000000000001,0.5333333333333333,0.525288432597005,0.9491903590752583,0.8981555015762533
P1,F1,13,ESP,predicted_foreground_scarcity,0.5500000000000002,0.5666666666666667,0.5592104973704036,0.9591165764879488,0.9093419310244796
P1,F1,13,ESP,predicted_foreground_scarcity,0.6000000000000002,0.6333333333333333,0.6270273229050123,0.969555336940482,0.9302723905419429
P1,F1,13,ESP,predicted_foreground_scarcity,0.6500000000000001,0.6666666666666666,0.6609404588782166,0.9791687161829808,0.9403826163566836
P1,F1,13,ESP,predicted_foreground_scarcity,0.7000000000000002,0.7333333333333333,0.7287607782911623,0.9857786522380718,0.9597095145533711
P1,F1,13,ESP,predicted_foreground_scarcity,0.7500000000000002,0.7666666666666667,0.7626780551572103,0.9887752090506641,0.9690864535329832
P1,F1,13,ESP,predicted_foreground_scarcity,0.8000000000000002,0.8333333333333334,0.8305146793357283,0.9959940973930153,0.9863809205749183
P1,F1,13,ESP,predicted_foreground_scarcity,0.8500000000000002,0.8666666666666667,0.864426909488623,0.9985951795376291,0.9937934745529771
P1,F1,13,ESP,predicted_foreground_scarcity,0.9000000000000002,0.9333333333333333,0.9321988322164569,0.9988568617806197,0.9974008160166319
P1,F1,13,ESP,predicted_foreground_scarcity,0.9500000000000003,0.9666666666666667,0.966109121325831,0.9992297097884899,0.998836947986774
P1,F1,13,ESP,predicted_foreground_scarcity,1.0000000000000004,1.0333333333333334,1.0,1.0,1.0
P1,F1,13,KHM,georisk_v2,0.1,0.1,0.11023559871639514,0.05284762251399188,0.0576874683161131
P1,F1,13,KHM,georisk_v2,0.15000000000000002,0.16666666666666666,0.17182142296126746,0.10640690355282727,0.11635721310658308
P1,F1,13,KHM,georisk_v2,0.20000000000000004,0.23333333333333334,0.22996344980027827,0.11556311143618969,0.1259374479533273
P1,F1,13,KHM,georisk_v2,0.25000000000000006,0.26666666666666666,0.2660042468919707,0.11702363938913651,0.127223038759803
P1,F1,13,KHM,georisk_v2,0.30000000000000004,0.3333333333333333,0.32853888963691036,0.13471044684480613,0.14686735255823452
P1,F1,13,KHM,georisk_v2,0.3500000000000001,0.36666666666666664,0.36526566918001885,0.13488254727238264,0.14704180388752935
P1,F1,13,KHM,georisk_v2,0.40000000000000013,0.43333333333333335,0.42715388110946545,0.18701851126153102,0.2001035766777416
P1,F1,13,KHM,georisk_v2,0.45000000000000007,0.4666666666666667,0.450159749338001,0.19139951370000802,0.2070968259583578
P1,F1,13,KHM,georisk_v2,0.5000000000000001,0.5333333333333333,0.5235256496566582,0.20995263749719464,0.22760427873796923
P1,F1,13,KHM,georisk_v2,0.5500000000000002,0.5666666666666667,0.5557620562362551,0.21001717515753585,0.2284315549023255
P1,F1,13,KHM,georisk_v2,0.6000000000000002,0.6333333333333333,0.6194735705309456,0.32304703807024254,0.34096785840630506
P1,F1,13,KHM,georisk_v2,0.6500000000000001,0.6666666666666666,0.6514133398411203,0.3678414071303068,0.38392361098447686
P1,F1,13,KHM,georisk_v2,0.7000000000000002,0.7333333333333333,0.7169930377900453,0.48292600960739007,0.5042749693342524
P1,F1,13,KHM,georisk_v2,0.7500000000000002,0.7666666666666667,0.7454832592792064,0.48483539408090814,0.5059732864563768
P1,F1,13,KHM,georisk_v2,0.8000000000000002,0.8333333333333334,0.8188537879807908,0.6734208332218944,0.669563045008443
P1,F1,13,KHM,georisk_v2,0.8500000000000002,0.8666666666666667,0.8556192776356537,0.7855087951458377,0.7727148395473261
P1,F1,13,KHM,georisk_v2,0.9000000000000002,0.9333333333333333,0.9291492751671828,0.9113589770722694,0.8917246854101551
P1,F1,13,KHM,georisk_v2,0.9500000000000003,0.9666666666666667,0.9632396997441767,0.9956689997127783,0.9684328192185796
P1,F1,13,KHM,georisk_v2,1.0000000000000004,1.0333333333333334,1.0,1.0,1.0
P1,F1,13,KHM,soft_dice_risk_binary,0.1,0.1,0.09377005632601769,0.17728727863873214,0.18241044325225905
P1,F1,13,KHM,soft_dice_risk_binary,0.15000000000000002,0.16666666666666666,0.1561626217404964,0.34210192764107294,0.3469204781546818
P1,F1,13,KHM,soft_dice_risk_binary,0.20000000000000004,0.23333333333333334,0.22486788070553387,0.4989842586250804,0.49302802527173684
P1,F1,13,KHM,soft_dice_risk_binary,0.25000000000000006,0.26666666666666666,0.261472498990171,0.6179358879393648,0.6046562093124186
P1,F1,13,KHM,soft_dice_risk_binary,0.30000000000000004,0.3333333333333333,0.3305734145684664,0.7581122676208163,0.7394888515267226
P1,F1,13,KHM,soft_dice_risk_binary,0.3500000000000001,0.36666666666666664,0.3673401665095822,0.7735495596903588,0.7571066122524401
P1,F1,13,KHM,soft_dice_risk_binary,0.40000000000000013,0.43333333333333335,0.4381965015035232,0.9274933921575695,0.885776320572249
P1,F1,13,KHM,soft_dice_risk_binary,0.45000000000000007,0.4666666666666667,0.4612023697320587,0.9318743945960466,0.8927695698528652
P1,F1,13,KHM,soft_dice_risk_binary,0.5000000000000001,0.5333333333333333,0.5346771071765181,0.9596598923442055,0.9242522602692265
P1,F1,13,KHM,soft_dice_risk_binary,0.5500000000000002,0.5666666666666667,0.5714392307347067,0.9653624632687685,0.9306948025660757
P1,F1,13,KHM,soft_dice_risk_binary,0.6000000000000002,0.6333333333333333,0.6313399028320094,0.9842731605894672,0.9495379775073276
P1,F1,13,KHM,soft_dice_risk_binary,0.6500000000000001,0.6666666666666666,0.6601614043355325,0.9843516523385308,0.9557458918839407
P1,F1,13,KHM,soft_dice_risk_binary,0.7000000000000002,0.7333333333333333,0.7331755475517256,0.9910100783405797,0.990008254526313
P1,F1,13,KHM,soft_dice_risk_binary,0.7500000000000002,0.7666666666666667,0.7616657690408869,0.9929194628140978,0.9917065716484375
P1,F1,13,KHM,soft_dice_risk_binary,0.8000000000000002,0.8333333333333334,0.8344698117229927,0.9977406004676945,0.996766875886693
P1,F1,13,KHM,soft_dice_risk_binary,0.8500000000000002,0.8666666666666667,0.8710693808626184,0.9994825358765436,0.9985648794827001
P1,F1,13,KHM,soft_dice_risk_binary,0.9000000000000002,0.9333333333333333,0.9330727413491315,0.9998278995724235,0.9997787446555285
P1,F1,13,KHM,soft_dice_risk_binary,0.9500000000000003,0.9666666666666667,0.96979952089224,1.0,0.9999531959848234
P1,F1,13,KHM,soft_dice_risk_binary,1.0000000000000004,1.0333333333333334,1.0,1.0,1.0
P1,F1,13,KHM,predicted_foreground_fraction,0.1,0.1,0.09669421255778465,0.00045292646311527354,0.0006078443529436079
P1,F1,13,KHM,predicted_foreground_fraction,0.15000000000000002,0.16666666666666666,0.1649714162290741,0.001977992076403287,0.0027207113237755886
P1,F1,13,KHM,predicted_foreground_fraction,0.20000000000000004,0.23333333333333334,0.23006120685786097,0.005629311958770319,0.006217032041907221
P1,F1,13,KHM,predicted_foreground_fraction,0.25000000000000006,0.26666666666666666,0.2663150498182308,0.007956737673597584,0.008912213902859178
P1,F1,13,KHM,predicted_foreground_fraction,0.30000000000000004,0.3333333333333333,0.3398404189668327,0.01701991829881053,0.01912946963148828
P1,F1,13,KHM,predicted_foreground_fraction,0.3500000000000001,0.36666666666666664,0.3686619204703559,0.017098410047874154,0.02533738400810135
P1,F1,13,KHM,predicted_foreground_fraction,0.40000000000000013,0.43333333333333335,0.42319338786409944,0.031514727959226156,0.041980162391697336
P1,F1,13,KHM,predicted_foreground_fraction,0.45000000000000007,0.4666666666666667,0.45156846079619406,0.04039010980704984,0.0511738082299694
P1,F1,13,KHM,predicted_foreground_fraction,0.5000000000000001,0.5333333333333333,0.5250436190027378,0.06680171123641367,0.0815648101884439
P1,F1,13,KHM,predicted_foreground_fraction,0.5500000000000002,0.5666666666666667,0.5618099501817693,0.0836128996247513,0.10027425937204816
P1,F1,13,KHM,predicted_foreground_fraction,0.6000000000000002,0.6333333333333333,0.6309044140747723,0.10563070736764256,0.1514389499367234
P1,F1,13,KHM,predicted_foreground_fraction,0.6500000000000001,0.6666666666666666,0.6676694829675508,0.1418014495972501,0.18991063472323022
P1,F1,13,KHM,predicted_foreground_fraction,0.7000000000000002,0.7333333333333333,0.7363751626946726,0.25622962848401615,0.28482796181278636
P1,F1,13,KHM,predicted_foreground_fraction,0.7500000000000002,0.7666666666666667,0.7611942349984292,0.294351617453309,0.3258799458775388
P1,F1,13,KHM,predicted_foreground_fraction,0.8000000000000002,0.8333333333333334,0.8209190285444998,0.4284701783681391,0.4529546706152236
P1,F1,13,KHM,predicted_foreground_fraction,0.8500000000000002,0.8666666666666667,0.8576845181993626,0.5405581402920824,0.5561064651541068
P1,F1,13,KHM,predicted_foreground_fraction,0.9000000000000002,0.9333333333333333,0.9310473329294018,0.7745158803343865,0.7818780931679511
P1,F1,13,KHM,predicted_foreground_fraction,0.9500000000000003,0.9666666666666667,0.9678140848705175,0.8970054525601683,0.8971132255990002
P1,F1,13,KHM,predicted_foreground_fraction,1.0000000000000004,1.0333333333333334,1.0,1.0,1.0
P1,F1,13,KHM,predicted_foreground_scarcity,0.1,0.1,0.10571086351600018,0.34049023039363324,0.3322653508052114
P1,F1,13,KHM,predicted_foreground_scarcity,0.15000000000000002,0.16666666666666666,0.1790809714555002,0.571529821631861,0.5470453293847765
P1,F1,13,KHM,predicted_foreground_scarcity,0.20000000000000004,0.23333333333333334,0.23880576500157086,0.7056483825466909,0.6741200541224612
P1,F1,13,KHM,predicted_foreground_scarcity,0.25000000000000006,0.26666666666666666,0.26362483730532743,0.7437703715159838,0.7151720381872136
P1,F1,13,KHM,predicted_foreground_scarcity,0.30000000000000004,0.3333333333333333,0.33233051703244915,0.8581985504027498,0.8100893652767698
P1,F1,13,KHM,predicted_foreground_scarcity,0.3500000000000001,0.36666666666666664,0.3690955859252278,0.8943692926323574,0.8485610500632766
P1,F1,13,KHM,predicted_foreground_scarcity,0.40000000000000013,0.43333333333333335,0.4381900498182308,0.9163871003752487,0.8997257406279519
P1,F1,13,KHM,predicted_foreground_scarcity,0.45000000000000007,0.4666666666666667,0.47495638099726223,0.9331982887635863,0.9184351898115561
P1,F1,13,KHM,predicted_foreground_scarcity,0.5000000000000001,0.5333333333333333,0.5484315392038059,0.9596098901929502,0.9488261917700306
P1,F1,13,KHM,predicted_foreground_scarcity,0.5500000000000002,0.5666666666666667,0.5768066121359006,0.9684852720407738,0.9580198376083027
P1,F1,13,KHM,predicted_foreground_scarcity,0.6000000000000002,0.6333333333333333,0.631338079529644,0.9829015899521258,0.9746626159918986
P1,F1,13,KHM,predicted_foreground_scarcity,0.6500000000000001,0.6666666666666666,0.6601595810331673,0.9829800817011894,0.9808705303685117
P1,F1,13,KHM,predicted_foreground_scarcity,0.7000000000000002,0.7333333333333333,0.7336849501817693,0.9920432623264024,0.9910877860971409
P1,F1,13,KHM,predicted_foreground_scarcity,0.7500000000000002,0.7666666666666667,0.7699387931421391,0.9943706880412296,0.9937829679580927
P1,F1,13,KHM,predicted_foreground_scarcity,0.8000000000000002,0.8333333333333334,0.8350285837709259,0.9980220079235967,0.9972792886762244
P1,F1,13,KHM,predicted_foreground_scarcity,0.8500000000000002,0.8666666666666667,0.8710693808626184,0.9994825358765436,0.9985648794827001
P1,F1,13,KHM,predicted_foreground_scarcity,0.9000000000000002,0.9333333333333333,0.9330727413491315,0.9998278995724235,0.9997787446555285
P1,F1,13,KHM,predicted_foreground_scarcity,0.9500000000000003,0.9666666666666667,0.96979952089224,1.0,0.9999531959848234
P1,F1,13,KHM,predicted_foreground_scarcity,1.0000000000000004,1.0333333333333334,1.0,1.0,1.0
P1,F1,13,NGA,georisk_v2,0.1,0.1111111111111111,0.10961672102947928,0.010578073061645434,0.016417900766082214
P1,F1,13,NGA,georisk_v2,0.15000000000000002,0.16666666666666666,0.16654620126063358,0.016377487631117543,0.02950486828705055
P1,F1,13,NGA,georisk_v2,0.20000000000000004,0.2222222222222222,0.22064047468510276,0.017238849532953956,0.030816808401606114
P1,F1,13,NGA,georisk_v2,0.25000000000000006,0.2777777777777778,0.2826971549437162,0.02017022453466929,0.03197955384306018
P1,F1,13,NGA,georisk_v2,0.30000000000000004,0.3333333333333333,0.3427031044258476,0.021364097464788137,0.03251308696752097
P1,F1,13,NGA,georisk_v2,0.3500000000000001,0.3888888888888889,0.40770940460905786,0.02532889563059397,0.03302391655477066
P1,F1,13,NGA,georisk_v2,0.40000000000000013,0.4444444444444444,0.47291070454105666,0.02657027013618174,0.033606100116112377
P1,F1,13,NGA,georisk_v2,0.45000000000000007,0.5,0.5299182841613941,0.0281198770870345,0.03384773061928763
P1,F1,13,NGA,georisk_v2,0.5000000000000001,0.5555555555555556,0.5820262463692489,0.028299327483250418,0.034869389793787016
P1,F1,13,NGA,georisk_v2,0.5500000000000002,0.5555555555555556,0.5820262463692489,0.028299327483250418,0.034869389793787016
P1,F1,13,NGA,georisk_v2,0.6000000000000002,0.6111111111111112,0.627217189426835,0.11661108982336803,0.16210163400600672
P1,F1,13,NGA,georisk_v2,0.6500000000000001,0.6666666666666666,0.6899660690488141,0.16526431459976756,0.22710834776629626
P1,F1,13,NGA,georisk_v2,0.7000000000000002,0.7222222222222222,0.7424986034137889,0.2143788324534986,0.24036883517880658
P1,F1,13,NGA,georisk_v2,0.7500000000000002,0.7777777777777778,0.8013427623007782,0.34060951910460585,0.4167380206407587
P1,F1,13,NGA,georisk_v2,0.8000000000000002,0.8333333333333334,0.8625955660439775,0.528451860320034,0.5526073390805716
P1,F1,13,NGA,georisk_v2,0.8500000000000002,0.8888888888888888,0.9223286651123064,0.7624551769855923,0.7860775423096633
P1,F1,13,NGA,georisk_v2,0.9000000000000002,0.9444444444444444,0.9347984513438318,0.763916114328903,0.7909182607793152
P1,F1,13,NGA,georisk_v2,0.9500000000000003,1.0,1.0,1.0,1.0
P1,F1,13,NGA,georisk_v2,1.0000000000000004,1.0555555555555556,1.0,1.0,1.0
P1,F1,13,NGA,soft_dice_risk_binary,0.1,0.1111111111111111,0.1040351019445753,0.21454244899122488,0.3036014296741718
P1,F1,13,NGA,soft_dice_risk_binary,0.15000000000000002,0.16666666666666666,0.16376820101290432,0.44854576565678317,0.5370716329032634
P1,F1,13,NGA,soft_dice_risk_binary,0.20000000000000004,0.2222222222222222,0.22502100475610357,0.6363881068722113,0.6729409513430764
P1,F1,13,NGA,soft_dice_risk_binary,0.25000000000000006,0.2777777777777778,0.29022255341227177,0.8724719925433082,0.8820226905637613
P1,F1,13,NGA,soft_dice_risk_binary,0.30000000000000004,0.3333333333333333,0.3529714330342508,0.9211252173197078,0.9470294043240508
P1,F1,13,NGA,soft_dice_risk_binary,0.3500000000000001,0.3888888888888889,0.4099009132654051,0.9269246318891798,0.9601163718450192
P1,F1,13,NGA,soft_dice_risk_binary,0.40000000000000013,0.4444444444444444,0.4665289398032791,0.9372008060489562,0.9760850669105675
P1,F1,13,NGA,soft_dice_risk_binary,0.45000000000000007,0.5,0.4789987260348045,0.9386617433922669,0.9809257853802194
P1,F1,13,NGA,soft_dice_risk_binary,0.5000000000000001,0.5555555555555556,0.5315312603997794,0.987776261245998,0.9941862727927296
P1,F1,13,NGA,soft_dice_risk_binary,0.5500000000000002,0.5555555555555556,0.5315312603997794,0.987776261245998,0.9941862727927296
P1,F1,13,NGA,soft_dice_risk_binary,0.6000000000000002,0.6111111111111112,0.5845199548913846,0.9880781601478671,0.9946354784932635
P1,F1,13,NGA,soft_dice_risk_binary,0.6500000000000001,0.6666666666666666,0.6386142283158538,0.9889395220497036,0.9959474186078191
P1,F1,13,NGA,soft_dice_risk_binary,0.7000000000000002,0.7222222222222222,0.7006709085744672,0.9918708970514188,0.9971101640492732
P1,F1,13,NGA,soft_dice_risk_binary,0.7500000000000002,0.7777777777777778,0.7527788707823221,0.9920503474476348,0.9981318232237726
P1,F1,13,NGA,soft_dice_risk_binary,0.8000000000000002,0.8333333333333334,0.8179801707143209,0.9932917219532226,0.9987140067851142
P1,F1,13,NGA,soft_dice_risk_binary,0.8500000000000002,0.8888888888888888,0.8779861201964523,0.9944855948833414,0.999247539909575
P1,F1,13,NGA,soft_dice_risk_binary,0.9000000000000002,0.9444444444444444,0.9429924203796625,0.9984503930491473,0.9997583694968247
P1,F1,13,NGA,soft_dice_risk_binary,0.9500000000000003,1.0,1.0,1.0,1.0
P1,F1,13,NGA,soft_dice_risk_binary,1.0000000000000004,1.0555555555555556,1.0,1.0,1.0
P1,F1,13,NGA,predicted_foreground_fraction,0.1,0.1111111111111111,0.1220138798035477,0.005514405116658592,0.0007524600904249454
P1,F1,13,NGA,predicted_foreground_fraction,0.15000000000000002,0.16666666666666666,0.175002574295153,0.005816304018527726,0.0012016657909588028
P1,F1,13,NGA,predicted_foreground_fraction,0.20000000000000004,0.2222222222222222,0.23500852377728443,0.007010176948646574,0.0017351989154195937
P1,F1,13,NGA,predicted_foreground_fraction,0.25000000000000006,0.2777777777777778,0.30020982370928323,0.008251551454234344,0.002317382476761308
P1,F1,13,NGA,predicted_foreground_fraction,0.30000000000000004,0.3333333333333333,0.36226650396789667,0.011182926455949678,0.003480127918215372
P1,F1,13,NGA,predicted_foreground_fraction,0.3500000000000001,0.3888888888888889,0.41437446617575147,0.011362376852165597,0.00450178709271476
P1,F1,13,NGA,predicted_foreground_fraction,0.40000000000000013,0.4444444444444444,0.4684687396002207,0.012223738754002008,0.005813727207270321
P1,F1,13,NGA,predicted_foreground_fraction,0.45000000000000007,0.5,0.5253982198313749,0.01802315332347412,0.01890069472823866
P1,F1,13,NGA,predicted_foreground_fraction,0.5000000000000001,0.5555555555555556,0.5779307541963499,0.06713767117720515,0.03216118214074896
P1,F1,13,NGA,predicted_foreground_fraction,0.5500000000000002,0.5555555555555556,0.5779307541963499,0.06713767117720515,0.03216118214074896
P1,F1,13,NGA,predicted_foreground_fraction,0.6000000000000002,0.6111111111111112,0.6345587807342238,0.07741384533698145,0.048129877206297314
P1,F1,13,NGA,predicted_foreground_fraction,0.6500000000000001,0.6666666666666666,0.6470285669657492,0.07887478268029223,0.05297059567594917
P1,F1,13,NGA,predicted_foreground_fraction,0.7000000000000002,0.7222222222222222,0.7097774465877282,0.12752800745669177,0.11797730943623874
P1,F1,13,NGA,predicted_foreground_fraction,0.7500000000000002,0.7777777777777778,0.7710302503309275,0.3153703486721198,0.25384662787605167
P1,F1,13,NGA,predicted_foreground_fraction,0.8000000000000002,0.8333333333333334,0.8162211933885136,0.40368211101223744,0.38107887208827135
P1,F1,13,NGA,predicted_foreground_fraction,0.8500000000000002,0.8888888888888888,0.8750653522755029,0.5299127976633448,0.5574480575502234
P1,F1,13,NGA,predicted_foreground_fraction,0.9000000000000002,0.9444444444444444,0.940266900931671,0.7659966833344417,0.7665297967709084
P1,F1,13,NGA,predicted_foreground_fraction,0.9500000000000003,1.0,1.0,1.0,1.0
P1,F1,13,NGA,predicted_foreground_fraction,1.0000000000000004,1.0555555555555556,1.0,1.0,1.0
P1,F1,13,NGA,predicted_foreground_scarcity,0.1,0.1111111111111111,0.1249346477244972,0.4700872023366553,0.4425519424497765
P1,F1,13,NGA,predicted_foreground_scarcity,0.15000000000000002,0.16666666666666666,0.18377880661148638,0.5963178889877625,0.6189211279117286
P1,F1,13,NGA,predicted_foreground_scarcity,0.20000000000000004,0.2222222222222222,0.2289697496690725,0.6846296513278801,0.7461533721239484
P1,F1,13,NGA,predicted_foreground_scarcity,0.25000000000000006,0.2777777777777778,0.29022255341227177,0.8724719925433082,0.8820226905637613
P1,F1,13,NGA,predicted_foreground_scarcity,0.30000000000000004,0.3333333333333333,0.3529714330342508,0.9211252173197078,0.9470294043240508
P1,F1,13,NGA,predicted_foreground_scarcity,0.3500000000000001,0.3888888888888889,0.3654412192657762,0.9225861546630185,0.9518701227937026
P1,F1,13,NGA,predicted_foreground_scarcity,0.40000000000000013,0.4444444444444444,0.4220692458036502,0.9328623288227949,0.9678388178592511
P1,F1,13,NGA,predicted_foreground_scarcity,0.45000000000000007,0.5,0.47460178016862503,0.9819768466765258,0.9810993052717614
P1,F1,13,NGA,predicted_foreground_scarcity,0.5000000000000001,0.5555555555555556,0.5315312603997794,0.987776261245998,0.9941862727927296
P1,F1,13,NGA,predicted_foreground_scarcity,0.5500000000000002,0.5555555555555556,0.5315312603997794,0.987776261245998,0.9941862727927296
P1,F1,13,NGA,predicted_foreground_scarcity,0.6000000000000002,0.6111111111111112,0.5856255338242485,0.9886376231478344,0.9954982129072852
P1,F1,13,NGA,predicted_foreground_scarcity,0.6500000000000001,0.6666666666666666,0.6377334960321033,0.9888170735440504,0.9965198720817846
P1,F1,13,NGA,predicted_foreground_scarcity,0.7000000000000002,0.7222222222222222,0.6997901762907167,0.9917484485457656,0.9976826175232387
P1,F1,13,NGA,predicted_foreground_scarcity,0.7500000000000002,0.7777777777777778,0.7649914762227156,0.9929898230513534,0.9982648010845804
P1,F1,13,NGA,predicted_foreground_scarcity,0.8000000000000002,0.8333333333333334,0.824997425704847,0.9941836959814723,0.9987983342090412
P1,F1,13,NGA,predicted_foreground_scarcity,0.8500000000000002,0.8888888888888888,0.8779861201964523,0.9944855948833414,0.999247539909575
P1,F1,13,NGA,predicted_foreground_scarcity,0.9000000000000002,0.9444444444444444,0.9429924203796625,0.9984503930491473,0.9997583694968247
P1,F1,13,NGA,predicted_foreground_scarcity,0.9500000000000003,1.0,1.0,1.0,1.0
P1,F1,13,NGA,predicted_foreground_scarcity,1.0000000000000004,1.0555555555555556,1.0,1.0,1.0
P1,F1,37,BOL,georisk_v2,0.1,0.13333333333333333,0.11098400599907804,0.050426974049625914,0.06451681692710493
P1,F1,37,BOL,georisk_v2,0.15000000000000002,0.2,0.18144732714589898,0.07804364230218566,0.09071307561989836
P1,F1,37,BOL,georisk_v2,0.20000000000000004,0.26666666666666666,0.2739738298009442,0.08147580996722734,0.09902972431849684
P1,F1,37,BOL,georisk_v2,0.25000000000000006,0.26666666666666666,0.2739738298009442,0.08147580996722734,0.09902972431849684
P1,F1,37,BOL,georisk_v2,0.30000000000000004,0.3333333333333333,0.32576969403427375,0.08147802284128604,0.10113850418794204
P1,F1,37,BOL,georisk_v2,0.3500000000000001,0.4,0.412044678686066,0.0823941527015873,0.10613797106943572
P1,F1,37,BOL,georisk_v2,0.40000000000000013,0.4666666666666667,0.47965645506320914,0.08240521707188078,0.10613797106943572
P1,F1,37,BOL,georisk_v2,0.45000000000000007,0.4666666666666667,0.47965645506320914,0.08240521707188078,0.10613797106943572
P1,F1,37,BOL,georisk_v2,0.5000000000000001,0.5333333333333333,0.5521074310817672,0.12599662315418642,0.16977810423059153
P1,F1,37,BOL,georisk_v2,0.5500000000000002,0.6,0.6449203628054329,0.14987353424754538,0.21052020519138953
P1,F1,37,BOL,georisk_v2,0.6000000000000002,0.6666666666666666,0.7008636066553511,0.1710618033595854,0.23870440355886222
P1,F1,37,BOL,georisk_v2,0.6500000000000001,0.6666666666666666,0.7008636066553511,0.1710618033595854,0.23870440355886222
P1,F1,37,BOL,georisk_v2,0.7000000000000002,0.7333333333333333,0.7677247901703492,0.356230678843375,0.394185454157732
P1,F1,37,BOL,georisk_v2,0.7500000000000002,0.8,0.8227436010188236,0.5158784778081925,0.5103744861329953
P1,F1,37,BOL,georisk_v2,0.8000000000000002,0.8666666666666667,0.8539275479618217,0.5941301302718959,0.5708609271523178
P1,F1,37,BOL,georisk_v2,0.8500000000000002,0.8666666666666667,0.8539275479618217,0.5941301302718959,0.5708609271523178
P1,F1,37,BOL,georisk_v2,0.9000000000000002,0.9333333333333333,0.916066369403569,0.6546433842810704,0.6657512824461846
P1,F1,37,BOL,georisk_v2,0.9500000000000003,1.0,1.0,1.0,1.0
P1,F1,37,BOL,georisk_v2,1.0000000000000004,1.0666666666666667,1.0,1.0,1.0
P1,F1,37,BOL,soft_dice_risk_binary,0.1,0.13333333333333333,0.11305521743471435,0.21837968935673965,0.19879633688350767
P1,F1,37,BOL,soft_dice_risk_binary,0.15000000000000002,0.2,0.19698884803114536,0.5637363050756692,0.5330450544373231
P1,F1,37,BOL,soft_dice_risk_binary,0.20000000000000004,0.26666666666666666,0.2520076588796198,0.7233841040404867,0.6492340864125863
P1,F1,37,BOL,soft_dice_risk_binary,0.25000000000000006,0.26666666666666666,0.2520076588796198,0.7233841040404867,0.6492340864125863
P1,F1,37,BOL,soft_dice_risk_binary,0.30000000000000004,0.3333333333333333,0.28319160582261793,0.8016357565041901,0.7097205274319089
P1,F1,37,BOL,soft_dice_risk_binary,0.3500000000000001,0.4,0.355642581841176,0.8452271625864957,0.7733606605930647
P1,F1,37,BOL,soft_dice_risk_binary,0.40000000000000013,0.4666666666666667,0.4261059029879969,0.8728438308390555,0.7995569192858581
P1,F1,37,BOL,soft_dice_risk_binary,0.45000000000000007,0.4666666666666667,0.4261059029879969,0.8728438308390555,0.7995569192858581
P1,F1,37,BOL,soft_dice_risk_binary,0.5000000000000001,0.5333333333333333,0.49089587506735866,0.8900599910157313,0.8207584499283251
P1,F1,37,BOL,soft_dice_risk_binary,0.5500000000000002,0.6,0.5530346965091059,0.9505732450249059,0.9156488052221919
P1,F1,37,BOL,soft_dice_risk_binary,0.6000000000000002,0.6666666666666666,0.6089779403590242,0.9717615141369459,0.9438330035896646
P1,F1,37,BOL,soft_dice_risk_binary,0.6500000000000001,0.6666666666666666,0.6089779403590242,0.9717615141369459,0.9438330035896646
P1,F1,37,BOL,soft_dice_risk_binary,0.7000000000000002,0.7333333333333333,0.7017908720826899,0.9956384252303049,0.9845751045504626
P1,F1,37,BOL,soft_dice_risk_binary,0.7500000000000002,0.8,0.7943173747377351,0.9990705928953465,0.9928917532490611
P1,F1,37,BOL,soft_dice_risk_binary,0.8000000000000002,0.8666666666666667,0.8461132389710646,0.9990728057694053,0.9950005331185063
P1,F1,37,BOL,soft_dice_risk_binary,0.8500000000000002,0.8666666666666667,0.8461132389710646,0.9990728057694053,0.9950005331185063
P1,F1,37,BOL,soft_dice_risk_binary,0.9000000000000002,0.9333333333333333,0.9323882236228568,0.9999889356297065,1.0
P1,F1,37,BOL,soft_dice_risk_binary,0.9500000000000003,1.0,1.0,1.0,1.0
P1,F1,37,BOL,soft_dice_risk_binary,1.0000000000000004,1.0666666666666667,1.0,1.0,1.0
P1,F1,37,BOL,predicted_foreground_fraction,0.1,0.13333333333333333,0.11940764061047275,1.3277244352192184e-05,0.0021087798694452015
P1,F1,37,BOL,predicted_foreground_fraction,0.15000000000000002,0.2,0.20568262526226494,0.0009294071046534528,0.007108246750938881
P1,F1,37,BOL,predicted_foreground_fraction,0.20000000000000004,0.26666666666666666,0.29820912791731014,0.004361574769695132,0.015424895449537372
P1,F1,37,BOL,predicted_foreground_fraction,0.25000000000000006,0.26666666666666666,0.29820912791731014,0.004361574769695132,0.015424895449537372
P1,F1,37,BOL,predicted_foreground_fraction,0.30000000000000004,0.3333333333333333,0.3629990999966719,0.021577734946370997,0.03662642609200441
P1,F1,37,BOL,predicted_foreground_fraction,0.3500000000000001,0.4,0.4334624211434928,0.04919440319893074,0.06282268478479783
P1,F1,37,BOL,predicted_foreground_fraction,0.40000000000000013,0.4666666666666667,0.5262753528671585,0.07307131429228968,0.10356478574559586
P1,F1,37,BOL,predicted_foreground_fraction,0.45000000000000007,0.4666666666666667,0.5262753528671585,0.07307131429228968,0.10356478574559586
P1,F1,37,BOL,predicted_foreground_fraction,0.5000000000000001,0.5333333333333333,0.5822185967170768,0.0942595834043297,0.1317489841130685
P1,F1,37,BOL,predicted_foreground_fraction,0.5500000000000002,0.6,0.6546695727356349,0.13785098948663535,0.1953891172742243
P1,F1,37,BOL,predicted_foreground_fraction,0.6000000000000002,0.6666666666666666,0.7008636066553511,0.1710618033595854,0.23870440355886222
P1,F1,37,BOL,predicted_foreground_fraction,0.6500000000000001,0.6666666666666666,0.7008636066553511,0.1710618033595854,0.23870440355886222
P1,F1,37,BOL,predicted_foreground_fraction,0.7000000000000002,0.7333333333333333,0.7630024280970984,0.23157505736875997,0.333594758852729
P1,F1,37,BOL,predicted_foreground_fraction,0.7500000000000002,0.8,0.7941863750400965,0.3098267098324633,0.39408119987205154
P1,F1,37,BOL,predicted_foreground_fraction,0.8000000000000002,0.8666666666666667,0.849205185888571,0.4694745087972808,0.5102702318473149
P1,F1,37,BOL,predicted_foreground_fraction,0.8500000000000002,0.8666666666666667,0.849205185888571,0.4694745087972808,0.5102702318473149
P1,F1,37,BOL,predicted_foreground_fraction,0.9000000000000002,0.9333333333333333,0.916066369403569,0.6546433842810704,0.6657512824461846
P1,F1,37,BOL,predicted_foreground_fraction,0.9500000000000003,1.0,1.0,1.0,1.0
P1,F1,37,BOL,predicted_foreground_fraction,1.0000000000000004,1.0666666666666667,1.0,1.0,1.0
P1,F1,37,BOL,predicted_foreground_scarcity,0.1,0.13333333333333333,0.15079481411142906,0.5305254912027192,0.48972976815268515
P1,F1,37,BOL,predicted_foreground_scarcity,0.15000000000000002,0.2,0.20581362495990346,0.6901732901675367,0.6059188001279484
P1,F1,37,BOL,predicted_foreground_scarcity,0.20000000000000004,0.26666666666666666,0.2369975719029016,0.7684249426312401,0.6664052411472711
P1,F1,37,BOL,predicted_foreground_scarcity,0.25000000000000006,0.26666666666666666,0.2369975719029016,0.7684249426312401,0.6664052411472711
P1,F1,37,BOL,predicted_foreground_scarcity,0.30000000000000004,0.3333333333333333,0.29913639334464887,0.8289381966404146,0.7612955964411378
P1,F1,37,BOL,predicted_foreground_scarcity,0.3500000000000001,0.4,0.3453304272643652,0.8621490105133647,0.8046108827257756
P1,F1,37,BOL,predicted_foreground_scarcity,0.40000000000000013,0.4666666666666667,0.41778140328292324,0.9057404165956703,0.8682510158869315
P1,F1,37,BOL,predicted_foreground_scarcity,0.45000000000000007,0.4666666666666667,0.41778140328292324,0.9057404165956703,0.8682510158869315
P1,F1,37,BOL,predicted_foreground_scarcity,0.5000000000000001,0.5333333333333333,0.47372464713284146,0.9269286857077104,0.8964352142544042
P1,F1,37,BOL,predicted_foreground_scarcity,0.5500000000000002,0.6,0.5665375788565071,0.9508055968010692,0.9371773152152022
P1,F1,37,BOL,predicted_foreground_scarcity,0.6000000000000002,0.6666666666666666,0.6370009000033281,0.978422265053629,0.9633735739079956
P1,F1,37,BOL,predicted_foreground_scarcity,0.6500000000000001,0.6666666666666666,0.6370009000033281,0.978422265053629,0.9633735739079956
P1,F1,37,BOL,predicted_foreground_scarcity,0.7000000000000002,0.7333333333333333,0.7017908720826899,0.9956384252303049,0.9845751045504626
P1,F1,37,BOL,predicted_foreground_scarcity,0.7500000000000002,0.8,0.7943173747377351,0.9990705928953465,0.9928917532490611
P1,F1,37,BOL,predicted_foreground_scarcity,0.8000000000000002,0.8666666666666667,0.8805923593895273,0.9999867227556478,0.9978912201305548
P1,F1,37,BOL,predicted_foreground_scarcity,0.8500000000000002,0.8666666666666667,0.8805923593895273,0.9999867227556478,0.9978912201305548
P1,F1,37,BOL,predicted_foreground_scarcity,0.9000000000000002,0.9333333333333333,0.9323882236228568,0.9999889356297065,1.0
P1,F1,37,BOL,predicted_foreground_scarcity,0.9500000000000003,1.0,1.0,1.0,1.0
P1,F1,37,BOL,predicted_foreground_scarcity,1.0000000000000004,1.0666666666666667,1.0,1.0,1.0
P1,F1,37,ESP,georisk_v2,0.1,0.1,0.0961410501977147,0.274491883915396,0.2426988828706838
P1,F1,37,ESP,georisk_v2,0.15000000000000002,0.16666666666666666,0.15223694913508395,0.377777668470241,0.32917400135409614
P1,F1,37,ESP,georisk_v2,0.20000000000000004,0.23333333333333334,0.22005946839735283,0.38075159862272506,0.3348603588354773
P1,F1,37,ESP,georisk_v2,0.25000000000000006,0.26666666666666666,0.25395901706591345,0.38099360550909983,0.33537576167907923
P1,F1,37,ESP,georisk_v2,0.30000000000000004,0.3333333333333333,0.32174452709839096,0.39062666010821445,0.3472097156398104
P1,F1,37,ESP,georisk_v2,0.3500000000000001,0.36666666666666664,0.35565274576134326,0.39867584849975407,0.3586831415030467
P1,F1,37,ESP,georisk_v2,0.40000000000000013,0.43333333333333335,0.42348212337738467,0.5001947860304968,0.4441985443466486
P1,F1,37,ESP,georisk_v2,0.45000000000000007,0.4666666666666667,0.45740224710726285,0.5077343826856862,0.45663930264048747
P1,F1,37,ESP,georisk_v2,0.5000000000000001,0.5333333333333333,0.5252346009900357,0.5629473684210526,0.5173586662153012
P1,F1,37,ESP,georisk_v2,0.5500000000000002,0.5666666666666667,0.5591439842791003,0.6318455484505656,0.5756381178063642
P1,F1,37,ESP,georisk_v2,0.6000000000000002,0.6333333333333333,0.6269822906953362,0.7328912936546975,0.6669981381178064
P1,F1,37,ESP,georisk_v2,0.6500000000000001,0.6666666666666666,0.6609009909932992,0.7364033448106246,0.6802953622207176
P1,F1,37,ESP,georisk_v2,0.7000000000000002,0.7333333333333333,0.7287134168292614,0.8890280373831776,0.8061433649289099
P1,F1,37,ESP,georisk_v2,0.7500000000000002,0.7666666666666667,0.7626181416138768,0.891858337432366,0.8225050778605281
P1,F1,37,ESP,georisk_v2,0.8000000000000002,0.8333333333333334,0.8304375552065127,0.9198996556812592,0.860361374407583
P1,F1,37,ESP,georisk_v2,0.8500000000000002,0.8666666666666667,0.8643548320725609,0.9228962124938515,0.870675355450237
P1,F1,37,ESP,georisk_v2,0.9000000000000002,0.9333333333333333,0.9321853743147146,0.9870919822921791,0.9493271834800271
P1,F1,37,ESP,georisk_v2,0.9500000000000003,0.9666666666666667,0.9661054980445928,0.9905194294146581,0.975049085985105
P1,F1,37,ESP,georisk_v2,1.0000000000000004,1.0333333333333334,1.0,1.0,1.0
P1,F1,37,ESP,soft_dice_risk_binary,0.1,0.1,0.08443215807030252,0.35642793900639447,0.30751184834123224
P1,F1,37,ESP,soft_dice_risk_binary,0.15000000000000002,0.16666666666666666,0.15225040703682624,0.5985430398425972,0.4934834123222749
P1,F1,37,ESP,soft_dice_risk_binary,0.20000000000000004,0.23333333333333334,0.22007926704126218,0.7639793408755534,0.6287813134732566
P1,F1,37,ESP,soft_dice_risk_binary,0.25000000000000006,0.26666666666666666,0.2539936970434801,0.8154854894244958,0.6788312457684496
P1,F1,37,ESP,soft_dice_risk_binary,0.30000000000000004,0.3333333333333333,0.3218265685378585,0.8778937530742744,0.7429900135409614
P1,F1,37,ESP,soft_dice_risk_binary,0.3500000000000001,0.36666666666666664,0.35573815167624634,0.9002606984751599,0.7785257278266757
P1,F1,37,ESP,soft_dice_risk_binary,0.40000000000000013,0.43333333333333335,0.4235690821271042,0.9293398917855387,0.8294092755585647
P1,F1,37,ESP,soft_dice_risk_binary,0.45000000000000007,0.4666666666666667,0.4574635840825114,0.9388204623708805,0.8543601895734597
P1,F1,37,ESP,soft_dice_risk_binary,0.5000000000000001,0.5333333333333333,0.525284938718668,0.9564830300049189,0.8774170616113744
P1,F1,37,ESP,soft_dice_risk_binary,0.5500000000000002,0.5666666666666667,0.5592050624485462,0.9640226266601082,0.8898578199052133
P1,F1,37,ESP,soft_dice_risk_binary,0.6000000000000002,0.6333333333333333,0.6270459569228094,0.9784564682734874,0.916666384563304
P1,F1,37,ESP,soft_dice_risk_binary,0.6500000000000001,0.6666666666666666,0.6609506817074247,0.9812867683226758,0.9330280974949221
P1,F1,37,ESP,soft_dice_risk_binary,0.7000000000000002,0.7333333333333333,0.7287708717174689,0.9869011313330054,0.9592501692620176
P1,F1,37,ESP,soft_dice_risk_binary,0.7500000000000002,0.7666666666666667,0.7626887955980238,0.9906079685194294,0.9699196005416385
P1,F1,37,ESP,soft_dice_risk_binary,0.8000000000000002,0.8333333333333334,0.8305146793357283,0.9959940973930153,0.9929282329045362
P1,F1,37,ESP,soft_dice_risk_binary,0.8500000000000002,0.8666666666666667,0.864426909488623,0.9985951795376291,0.998231211916046
P1,F1,37,ESP,soft_dice_risk_binary,0.9000000000000002,0.9333333333333333,0.9322173368313525,0.999607476635514,0.9993661137440758
P1,F1,37,ESP,soft_dice_risk_binary,0.9500000000000003,0.9666666666666667,0.9661276259407268,0.9999803246433842,0.9997494922139472
P1,F1,37,ESP,soft_dice_risk_binary,1.0000000000000004,1.0333333333333334,1.0,1.0,1.0
P1,F1,37,ESP,predicted_foreground_fraction,0.1,0.1,0.10168221183720805,0.0006345302508607969,0.0011492890995260664
P1,F1,37,ESP,predicted_foreground_fraction,0.15000000000000002,0.16666666666666666,0.1694853206642717,0.004005902606984752,0.007071767095463778
P1,F1,37,ESP,predicted_foreground_fraction,0.20000000000000004,0.23333333333333334,0.23732052141087465,0.010709296606000984,0.02805517941773866
P1,F1,37,ESP,predicted_foreground_fraction,0.25000000000000006,0.26666666666666666,0.27122874007382697,0.01875848499754058,0.039528605280974946
P1,F1,37,ESP,predicted_foreground_fraction,0.30000000000000004,0.3333333333333333,0.3390619997769094,0.035911460895228724,0.06355280974949222
P1,F1,37,ESP,predicted_foreground_fraction,0.3500000000000001,0.36666666666666664,0.3729840645503081,0.04583767830791933,0.07601980365605958
P1,F1,37,ESP,predicted_foreground_fraction,0.40000000000000013,0.43333333333333335,0.4407941611340456,0.0503295622233153,0.10163930264048747
P1,F1,37,ESP,predicted_foreground_fraction,0.45000000000000007,0.4666666666666667,0.47471286143200875,0.0538416133792425,0.11493652674339878
P1,F1,37,ESP,predicted_foreground_fraction,0.5000000000000001,0.5333333333333333,0.5425364159174886,0.061179537629119526,0.14563981042654028
P1,F1,37,ESP,predicted_foreground_fraction,0.5500000000000002,0.5666666666666667,0.5764503283081011,0.08175897688145597,0.1666824644549763
P1,F1,37,ESP,predicted_foreground_fraction,0.6000000000000002,0.6333333333333333,0.644255636984488,0.1168912936546975,0.21679502369668247
P1,F1,37,ESP,predicted_foreground_fraction,0.6500000000000001,0.6666666666666666,0.6781757607143661,0.12031874077717658,0.24251692620176032
P1,F1,37,ESP,predicted_foreground_fraction,0.7000000000000002,0.7333333333333333,0.7460063029565198,0.1845145105755042,0.32116875423155045
P1,F1,37,ESP,predicted_foreground_fraction,0.7500000000000002,0.7666666666666667,0.7799207329587378,0.23602065912444664,0.3712186865267434
P1,F1,37,ESP,predicted_foreground_fraction,0.8000000000000002,0.8333333333333334,0.8477512752008916,0.36039252336448596,0.4812846987136087
P1,F1,37,ESP,predicted_foreground_fraction,0.8500000000000002,0.8666666666666667,0.8816585880435343,0.4519852434825381,0.5543331076506431
P1,F1,37,ESP,predicted_foreground_fraction,0.9000000000000002,0.9333333333333333,0.9494890008827865,0.6990457452041319,0.7442747122545701
P1,F1,37,ESP,predicted_foreground_fraction,0.9500000000000003,0.9666666666666667,0.9716940211459869,0.8015612395474668,0.8301303317535546
P1,F1,37,ESP,predicted_foreground_fraction,1.0000000000000004,1.0333333333333334,1.0,1.0,1.0
P1,F1,37,ESP,predicted_foreground_scarcity,0.1,0.1,0.08442193524109443,0.4514766355140187,0.36864844278943804
P1,F1,37,ESP,predicted_foreground_scarcity,0.15000000000000002,0.16666666666666666,0.15224872479910848,0.639607476635514,0.5187153012863913
P1,F1,37,ESP,predicted_foreground_scarcity,0.20000000000000004,0.23333333333333334,0.22007926704126218,0.7639793408755534,0.6287813134732566
P1,F1,37,ESP,predicted_foreground_scarcity,0.25000000000000006,0.26666666666666666,0.2539936970434801,0.8154854894244958,0.6788312457684496
P1,F1,37,ESP,predicted_foreground_scarcity,0.30000000000000004,0.3333333333333333,0.32182423928563386,0.8796812592228234,0.7574830737982396
P1,F1,37,ESP,predicted_foreground_scarcity,0.3500000000000001,0.36666666666666664,0.35574436301551204,0.8831087063453025,0.7832049763033175
P1,F1,37,ESP,predicted_foreground_scarcity,0.40000000000000013,0.43333333333333335,0.42354967169189894,0.918241023118544,0.8333175355450237
P1,F1,37,ESP,predicted_foreground_scarcity,0.45000000000000007,0.4666666666666667,0.4574635840825114,0.9388204623708805,0.8543601895734597
P1,F1,37,ESP,predicted_foreground_scarcity,0.5000000000000001,0.5333333333333333,0.5252871385679913,0.9461583866207575,0.8850634732566012
P1,F1,37,ESP,predicted_foreground_scarcity,0.5500000000000002,0.5666666666666667,0.5592058388659544,0.9496704377766847,0.8983606973595125
P1,F1,37,ESP,predicted_foreground_scarcity,0.6000000000000002,0.6333333333333333,0.6270159354496919,0.9541623216920807,0.9239801963439405
P1,F1,37,ESP,predicted_foreground_scarcity,0.6500000000000001,0.6666666666666666,0.6609380002230906,0.9640885391047713,0.9364471902505078
P1,F1,37,ESP,predicted_foreground_scarcity,0.7000000000000002,0.7333333333333333,0.7287712599261731,0.9812415150024594,0.9604713947190251
P1,F1,37,ESP,predicted_foreground_scarcity,0.7500000000000002,0.7666666666666667,0.7626794785891253,0.989290703393999,0.9719448205822614
P1,F1,37,ESP,predicted_foreground_scarcity,0.8000000000000002,0.8333333333333334,0.8305146793357283,0.9959940973930153,0.9929282329045362
P1,F1,37,ESP,predicted_foreground_scarcity,0.8500000000000002,0.8666666666666667,0.864426909488623,0.9985951795376291,0.998231211916046
P1,F1,37,ESP,predicted_foreground_scarcity,0.9000000000000002,0.9333333333333333,0.9322173368313525,0.999607476635514,0.9993661137440758
P1,F1,37,ESP,predicted_foreground_scarcity,0.9500000000000003,0.9666666666666667,0.9661276259407268,0.9999803246433842,0.9997494922139472
P1,F1,37,ESP,predicted_foreground_scarcity,1.0000000000000004,1.0333333333333334,1.0,1.0,1.0
P1,F1,37,KHM,georisk_v2,0.1,0.1,0.09834626475472376,0.07999530212346345,0.08270295161841382
P1,F1,37,KHM,georisk_v2,0.15000000000000002,0.16666666666666666,0.1563147973609802,0.14749064785345417,0.14982694335922994
P1,F1,37,KHM,georisk_v2,0.20000000000000004,0.23333333333333334,0.2297899555675239,0.17390224928281797,0.17829914288685214
P1,F1,37,KHM,georisk_v2,0.25000000000000006,0.26666666666666666,0.26172972487769847,0.2186966183428822,0.2191916100952183
P1,F1,37,KHM,georisk_v2,0.30000000000000004,0.3333333333333333,0.3131106660383286,0.2319530026291829,0.2354960709457954
P1,F1,37,KHM,georisk_v2,0.3500000000000001,0.36666666666666664,0.3498769972173601,0.2487641910175205,0.25311605935917053
P1,F1,37,KHM,georisk_v2,0.40000000000000013,0.43333333333333335,0.4118298662537588,0.352039564492891,0.3527176577192175
P1,F1,37,KHM,georisk_v2,0.45000000000000007,0.4666666666666667,0.4478706633454513,0.3535000924458378,0.3545679525839659
P1,F1,37,KHM,georisk_v2,0.5000000000000001,0.5333333333333333,0.5211970120281855,0.3554141282822633,0.3585709829320103
P1,F1,37,KHM,georisk_v2,0.5500000000000002,0.5666666666666667,0.5513974911359454,0.3554141282822633,0.35871358754586374
P1,F1,37,KHM,georisk_v2,0.6000000000000002,0.6333333333333333,0.6151594968807504,0.3655139814154795,0.3695705521472393
P1,F1,37,KHM,georisk_v2,0.6500000000000001,0.6666666666666666,0.6519176933261523,0.4805200921434992,0.4807439207356021
P1,F1,37,KHM,georisk_v2,0.7000000000000002,0.7333333333333333,0.7169930377900453,0.48292600960739007,0.49420698465514934
P1,F1,37,KHM,georisk_v2,0.7500000000000002,0.7666666666666667,0.7454832592792064,0.48483539408090814,0.49773526047624
P1,F1,37,KHM,georisk_v2,0.8000000000000002,0.8333333333333334,0.8190159216372694,0.6769587761333918,0.664693771446397
P1,F1,37,KHM,georisk_v2,0.8500000000000002,0.8666666666666667,0.8556205399219066,0.7959104054476762,0.7758023737726347
P1,F1,37,KHM,georisk_v2,0.9000000000000002,0.9333333333333333,0.9291492751671828,0.9113589770722694,0.8841414756606605
P1,F1,37,KHM,georisk_v2,0.9500000000000003,0.9666666666666667,0.9632396997441767,0.9956689997127783,0.9608229474591126
P1,F1,37,KHM,georisk_v2,1.0000000000000004,1.0333333333333334,1.0,1.0,1.0
P1,F1,37,KHM,soft_dice_risk_binary,0.1,0.1,0.08263935640231587,0.1909250746834457,0.18773719158038593
P1,F1,37,KHM,soft_dice_risk_binary,0.15000000000000002,0.16666666666666666,0.15134419460526907,0.2718901859731174,0.26532123174735217
P1,F1,37,KHM,soft_dice_risk_binary,0.20000000000000004,0.23333333333333334,0.22486788070553387,0.4989842586250804,0.4784260015745926
P1,F1,37,KHM,soft_dice_risk_binary,0.25000000000000006,0.26666666666666666,0.2616346326466496,0.6214738308508622,0.5945483444495611
P1,F1,37,KHM,soft_dice_risk_binary,0.30000000000000004,0.3333333333333333,0.3323296755082806,0.8247354828056556,0.7823384185742509
P1,F1,37,KHM,soft_dice_risk_binary,0.3500000000000001,0.36666666666666664,0.36466383914546024,0.8424222902613252,0.8008199765296573
P1,F1,37,KHM,soft_dice_risk_binary,0.40000000000000013,0.43333333333333335,0.4381965015035232,0.9274933921575695,0.8682767123694648
P1,F1,37,KHM,soft_dice_risk_binary,0.45000000000000007,0.4666666666666667,0.4612023697320587,0.9318743945960466,0.875523997682675
P1,F1,37,KHM,soft_dice_risk_binary,0.5000000000000001,0.5333333333333333,0.5346771071765181,0.9596598923442055,0.9049956178790535
P1,F1,37,KHM,soft_dice_risk_binary,0.5500000000000002,0.5666666666666667,0.5630521801086127,0.9685352741920292,0.9140527934164203
P1,F1,37,KHM,soft_dice_risk_binary,0.6000000000000002,0.6333333333333333,0.6313399028320094,0.9842731605894672,0.9301980124481944
P1,F1,37,KHM,soft_dice_risk_binary,0.6500000000000001,0.6666666666666666,0.6681002030878327,0.9886041608766889,0.9693750649890819
P1,F1,37,KHM,soft_dice_risk_binary,0.7000000000000002,0.7333333333333333,0.7331755475517256,0.9910100783405797,0.9828381289086291
P1,F1,37,KHM,soft_dice_risk_binary,0.7500000000000002,0.7666666666666667,0.7616657690408869,0.9929194628140978,0.9863664047297197
P1,F1,37,KHM,soft_dice_risk_binary,0.8000000000000002,0.8333333333333334,0.8350285837709259,0.9980220079235967,0.9965780834534084
P1,F1,37,KHM,soft_dice_risk_binary,0.8500000000000002,0.8666666666666667,0.8710693808626184,0.9994825358765436,0.9984283783181568
P1,F1,37,KHM,soft_dice_risk_binary,0.9000000000000002,0.9333333333333333,0.9330727413491315,0.9998278995724235,0.9996583431126428
P1,F1,37,KHM,soft_dice_risk_binary,0.9500000000000003,0.9666666666666667,0.96979952089224,1.0,0.9998573953861466
P1,F1,37,KHM,soft_dice_risk_binary,1.0000000000000004,1.0333333333333334,1.0,1.0,1.0
P1,F1,37,KHM,predicted_foreground_fraction,0.1,0.1,0.09669421255778465,0.00045292646311527354,0.0006928207489713157
P1,F1,37,KHM,predicted_foreground_fraction,0.15000000000000002,0.16666666666666666,0.1649714162290741,0.001977992076403287,0.003421916546591601
P1,F1,37,KHM,predicted_foreground_fraction,0.20000000000000004,0.23333333333333334,0.23006120685786097,0.005629311958770319,0.010754170442222849
P1,F1,37,KHM,predicted_foreground_fraction,0.25000000000000006,0.26666666666666666,0.2663150498182308,0.007956737673597584,0.015540337794679065
P1,F1,37,KHM,predicted_foreground_fraction,0.30000000000000004,0.3333333333333333,0.3398404189668327,0.01701991829881053,0.02811509380709755
P1,F1,37,KHM,predicted_foreground_fraction,0.3500000000000001,0.36666666666666664,0.3686619204703559,0.017098410047874154,0.036791990374188566
P1,F1,37,KHM,predicted_foreground_fraction,0.40000000000000013,0.43333333333333335,0.42319338786409944,0.031514727959226156,0.054017439355902495
P1,F1,37,KHM,predicted_foreground_fraction,0.45000000000000007,0.4666666666666667,0.45156846079619406,0.04039010980704984,0.06307461489326936
P1,F1,37,KHM,predicted_foreground_fraction,0.5000000000000001,0.5333333333333333,0.5250436190027378,0.06680171123641367,0.09154681442089158
P1,F1,37,KHM,predicted_foreground_fraction,0.5500000000000002,0.5666666666666667,0.5618099501817693,0.0836128996247513,0.1091668028342667
P1,F1,37,KHM,predicted_foreground_fraction,0.6000000000000002,0.6333333333333333,0.6309091827117275,0.13747044931002844,0.16433993374827316
P1,F1,37,KHM,predicted_foreground_fraction,0.6500000000000001,0.6666666666666666,0.6676694829675508,0.1418014495972501,0.20351698628916057
P1,F1,37,KHM,predicted_foreground_fraction,0.7000000000000002,0.7333333333333333,0.7363751626946726,0.25622962848401615,0.2952456215927153
P1,F1,37,KHM,predicted_foreground_fraction,0.7500000000000002,0.7666666666666667,0.7611942349984292,0.294351617453309,0.3350899448892586
P1,F1,37,KHM,predicted_foreground_fraction,0.8000000000000002,0.8333333333333334,0.8209190285444998,0.4284701783681391,0.4604138504731205
P1,F1,37,KHM,predicted_foreground_fraction,0.8500000000000002,0.8666666666666667,0.8576845181993626,0.5405581402920824,0.5623452517119981
P1,F1,37,KHM,predicted_foreground_fraction,0.9000000000000002,0.9333333333333333,0.9310473329294018,0.7745158803343865,0.7846272226265988
P1,F1,37,KHM,predicted_foreground_fraction,0.9500000000000003,0.9666666666666667,0.9632332480588842,0.8775104277742182,0.8838776571250315
P1,F1,37,KHM,predicted_foreground_fraction,1.0000000000000004,1.0333333333333334,1.0,1.0,1.0
P1,F1,37,KHM,predicted_foreground_scarcity,0.1,0.1,0.1055572853552354,0.344435748979898,0.32648137969963903
P1,F1,37,KHM,predicted_foreground_scarcity,0.15000000000000002,0.16666666666666666,0.1790809714555002,0.571529821631861,0.5395861495268794
P1,F1,37,KHM,predicted_foreground_scarcity,0.20000000000000004,0.23333333333333334,0.23880576500157086,0.7056483825466909,0.6649100551107414
P1,F1,37,KHM,predicted_foreground_scarcity,0.25000000000000006,0.26666666666666666,0.26362483730532743,0.7437703715159838,0.7047543784072847
P1,F1,37,KHM,predicted_foreground_scarcity,0.30000000000000004,0.3333333333333333,0.33233051703244915,0.8581985504027498,0.7964830137108394
P1,F1,37,KHM,predicted_foreground_scarcity,0.3500000000000001,0.36666666666666664,0.36909081728827253,0.8625295506899715,0.8356600662517268
P1,F1,37,KHM,predicted_foreground_scarcity,0.40000000000000013,0.43333333333333335,0.4381900498182308,0.9163871003752487,0.8908331971657333
P1,F1,37,KHM,predicted_foreground_scarcity,0.45000000000000007,0.4666666666666667,0.47495638099726223,0.9331982887635863,0.9084531855791084
P1,F1,37,KHM,predicted_foreground_scarcity,0.5000000000000001,0.5333333333333333,0.5484315392038059,0.9596098901929502,0.9369253851067306
P1,F1,37,KHM,predicted_foreground_scarcity,0.5500000000000002,0.5666666666666667,0.5768066121359006,0.9684852720407738,0.9459825606440975
P1,F1,37,KHM,predicted_foreground_scarcity,0.6000000000000002,0.6333333333333333,0.631338079529644,0.9829015899521258,0.9632080096258114
P1,F1,37,KHM,predicted_foreground_scarcity,0.6500000000000001,0.6666666666666666,0.6601595810331673,0.9829800817011894,0.9718849061929025
P1,F1,37,KHM,predicted_foreground_scarcity,0.7000000000000002,0.7333333333333333,0.7336849501817693,0.9920432623264024,0.9844596622053209
P1,F1,37,KHM,predicted_foreground_scarcity,0.7500000000000002,0.7666666666666667,0.7699387931421391,0.9943706880412296,0.9892458295577772
P1,F1,37,KHM,predicted_foreground_scarcity,0.8000000000000002,0.8333333333333334,0.8350285837709259,0.9980220079235967,0.9965780834534084
P1,F1,37,KHM,predicted_foreground_scarcity,0.8500000000000002,0.8666666666666667,0.8710693808626184,0.9994825358765436,0.9984283783181568
P1,F1,37,KHM,predicted_foreground_scarcity,0.9000000000000002,0.9333333333333333,0.9330727413491315,0.9998278995724235,0.9996583431126428
P1,F1,37,KHM,predicted_foreground_scarcity,0.9500000000000003,0.9666666666666667,0.96979952089224,1.0,0.9998573953861466
P1,F1,37,KHM,predicted_foreground_scarcity,1.0000000000000004,1.0333333333333334,1.0,1.0,1.0
P1,F1,37,NGA,georisk_v2,0.1,0.1111111111111111,0.11355750676902827,0.01607558872924841,0.02782784333469379
P1,F1,37,NGA,georisk_v2,0.15000000000000002,0.16666666666666666,0.16654620126063358,0.016377487631117543,0.028118306317793315
P1,F1,37,NGA,georisk_v2,0.20000000000000004,0.2222222222222222,0.22860288151924701,0.01930886263283288,0.028858614536257227
P1,F1,37,NGA,georisk_v2,0.25000000000000006,0.2777777777777778,0.2938041814512458,0.020550237138420645,0.029275689588912954
P1,F1,37,NGA,georisk_v2,0.30000000000000004,0.3333333333333333,0.35381013093337726,0.021744110068539494,0.029628713829910835
P1,F1,37,NGA,georisk_v2,0.3500000000000001,0.3888888888888889,0.4079044043578464,0.022605471970375907,0.030988676412320396
P1,F1,37,NGA,georisk_v2,0.40000000000000013,0.4444444444444444,0.47291070454105666,0.02657027013618174,0.031399793249938183
P1,F1,37,NGA,georisk_v2,0.45000000000000007,0.5,0.5299182841613941,0.0281198770870345,0.031399793249938183
P1,F1,37,NGA,georisk_v2,0.5000000000000001,0.5555555555555556,0.5751092272189803,0.11643163942715211,0.14770712989802515
P1,F1,37,NGA,georisk_v2,0.5500000000000002,0.5555555555555556,0.5751092272189803,0.11643163942715211,0.14770712989802515
P1,F1,37,NGA,georisk_v2,0.6000000000000002,0.6111111111111112,0.627217189426835,0.11661108982336803,0.1484831874067167
P1,F1,37,NGA,georisk_v2,0.6500000000000001,0.6666666666666666,0.6860613483138243,0.2428417764744753,0.3215782715813996
P1,F1,37,NGA,georisk_v2,0.7000000000000002,0.7222222222222222,0.7488102279358033,0.2914950012508748,0.3908574169350346
P1,F1,37,NGA,georisk_v2,0.7500000000000002,0.7777777777777778,0.8013427623007782,0.34060951910460585,0.39446362658674716
P1,F1,37,NGA,georisk_v2,0.8000000000000002,0.8333333333333334,0.8138125485323036,0.3420704564479166,0.3997083453738929
P1,F1,37,NGA,georisk_v2,0.8500000000000002,0.8888888888888888,0.8750653522755029,0.5299127976633448,0.5576263662931858
P1,F1,37,NGA,georisk_v2,0.9000000000000002,0.9444444444444444,0.9347984513438318,0.763916114328903,0.7892683609844163
P1,F1,37,NGA,georisk_v2,0.9500000000000003,1.0,1.0,1.0,1.0
P1,F1,37,NGA,georisk_v2,1.0000000000000004,1.0555555555555556,1.0,1.0,1.0
P1,F1,37,NGA,soft_dice_risk_binary,0.1,0.1111111111111111,0.1040351019445753,0.21454244899122488,0.2894024208227699
P1,F1,37,NGA,soft_dice_risk_binary,0.15000000000000002,0.16666666666666666,0.16376820101290432,0.44854576565678317,0.5210444155140003
P1,F1,37,NGA,soft_dice_risk_binary,0.20000000000000004,0.2222222222222222,0.22502100475610357,0.6363881068722113,0.6789624364332933
P1,F1,37,NGA,soft_dice_risk_binary,0.25000000000000006,0.2777777777777778,0.29022255341227177,0.8724719925433082,0.889694075448877
P1,F1,37,NGA,soft_dice_risk_binary,0.30000000000000004,0.3333333333333333,0.3529714330342508,0.9211252173197078,0.958973220802512
P1,F1,37,NGA,soft_dice_risk_binary,0.3500000000000001,0.3888888888888889,0.3654412192657762,0.9225861546630185,0.9642179395896577
P1,F1,37,NGA,soft_dice_risk_binary,0.40000000000000013,0.4444444444444444,0.4223706994969305,0.9283855692324906,0.976430790863673
P1,F1,37,NGA,soft_dice_risk_binary,0.45000000000000007,0.5,0.4789987260348045,0.9386617433922669,0.9920457829243515
P1,F1,37,NGA,soft_dice_risk_binary,0.5000000000000001,0.5555555555555556,0.5315312603997794,0.987776261245998,0.9956519925760641
P1,F1,37,NGA,soft_dice_risk_binary,0.5500000000000002,0.5555555555555556,0.5315312603997794,0.987776261245998,0.9956519925760641
P1,F1,37,NGA,soft_dice_risk_binary,0.6000000000000002,0.6111111111111112,0.5856255338242485,0.9886376231478344,0.9970119551584736
P1,F1,37,NGA,soft_dice_risk_binary,0.6500000000000001,0.6666666666666666,0.647682214082862,0.9915689981495497,0.9977522633769376
P1,F1,37,NGA,soft_dice_risk_binary,0.7000000000000002,0.7222222222222222,0.7006709085744672,0.9918708970514188,0.9980427263600371
P1,F1,37,NGA,soft_dice_risk_binary,0.7500000000000002,0.7777777777777778,0.7527788707823221,0.9920503474476348,0.9988187838687286
P1,F1,37,NGA,soft_dice_risk_binary,0.8000000000000002,0.8333333333333334,0.8179801707143209,0.9932917219532226,0.9992358589213843
P1,F1,37,NGA,soft_dice_risk_binary,0.8500000000000002,0.8888888888888888,0.8779861201964523,0.9944855948833414,0.9995888831623823
P1,F1,37,NGA,soft_dice_risk_binary,0.9000000000000002,0.9444444444444444,0.9429924203796625,0.9984503930491473,1.0
P1,F1,37,NGA,soft_dice_risk_binary,0.9500000000000003,1.0,1.0,1.0,1.0
P1,F1,37,NGA,soft_dice_risk_binary,1.0000000000000004,1.0555555555555556,1.0,1.0,1.0
P1,F1,37,NGA,predicted_foreground_fraction,0.1,0.1111111111111111,0.1099962741119428,0.0018515058527218931,0.000290462983099523
P1,F1,37,NGA,predicted_foreground_fraction,0.15000000000000002,0.16666666666666666,0.1700022235940742,0.003045378782840742,0.0006434872240974049
P1,F1,37,NGA,predicted_foreground_fraction,0.20000000000000004,0.2222222222222222,0.23500852377728443,0.007010176948646574,0.0010546040617151913
P1,F1,37,NGA,predicted_foreground_fraction,0.25000000000000006,0.2777777777777778,0.30020982370928323,0.008251551454234344,0.0014716791143709169
P1,F1,37,NGA,predicted_foreground_fraction,0.30000000000000004,0.3333333333333333,0.36226650396789667,0.011182926455949678,0.0022119873328348295
P1,F1,37,NGA,predicted_foreground_fraction,0.3500000000000001,0.3888888888888889,0.41437446617575147,0.011362376852165597,0.0029880448415263755
P1,F1,37,NGA,predicted_foreground_fraction,0.40000000000000013,0.4444444444444444,0.4684687396002207,0.012223738754002008,0.004348007423935938
P1,F1,37,NGA,predicted_foreground_fraction,0.45000000000000007,0.5,0.5210012739651956,0.061338256607733045,0.007954217075648477
P1,F1,37,NGA,predicted_foreground_fraction,0.5000000000000001,0.5555555555555556,0.5779307541963499,0.06713767117720515,0.020167068349663808
P1,F1,37,NGA,predicted_foreground_fraction,0.5500000000000002,0.5555555555555556,0.5779307541963499,0.06713767117720515,0.020167068349663808
P1,F1,37,NGA,predicted_foreground_fraction,0.6000000000000002,0.6111111111111112,0.6345587807342238,0.07741384533698145,0.03578206041034227
P1,F1,37,NGA,predicted_foreground_fraction,0.6500000000000001,0.6666666666666666,0.6470285669657492,0.07887478268029223,0.04102677919748802
P1,F1,37,NGA,predicted_foreground_fraction,0.7000000000000002,0.7222222222222222,0.7097774465877282,0.12752800745669177,0.11030592455112298
P1,F1,37,NGA,predicted_foreground_fraction,0.7500000000000002,0.7777777777777778,0.7549683896453143,0.21583976979680938,0.22661326119920994
P1,F1,37,NGA,predicted_foreground_fraction,0.8000000000000002,0.8333333333333334,0.8162211933885136,0.40368211101223744,0.38453128211850296
P1,F1,37,NGA,predicted_foreground_fraction,0.8500000000000002,0.8888888888888888,0.8750653522755029,0.5299127976633448,0.5576263662931858
P1,F1,37,NGA,predicted_foreground_fraction,0.9000000000000002,0.9444444444444444,0.940266900931671,0.7659966833344417,0.7683580053087696
P1,F1,37,NGA,predicted_foreground_fraction,0.9500000000000003,1.0,1.0,1.0,1.0
P1,F1,37,NGA,predicted_foreground_fraction,1.0000000000000004,1.0555555555555556,1.0,1.0,1.0
P1,F1,37,NGA,predicted_foreground_scarcity,0.1,0.1111111111111111,0.1249346477244972,0.4700872023366553,0.4423736337068141
P1,F1,37,NGA,predicted_foreground_scarcity,0.15000000000000002,0.16666666666666666,0.18377880661148638,0.5963178889877625,0.615468717881497
P1,F1,37,NGA,predicted_foreground_scarcity,0.20000000000000004,0.2222222222222222,0.24503161035468565,0.7841602302031906,0.77338673880079
P1,F1,37,NGA,predicted_foreground_scarcity,0.25000000000000006,0.2777777777777778,0.29022255341227177,0.8724719925433082,0.889694075448877
P1,F1,37,NGA,predicted_foreground_scarcity,0.30000000000000004,0.3333333333333333,0.3529714330342508,0.9211252173197078,0.958973220802512
P1,F1,37,NGA,predicted_foreground_scarcity,0.3500000000000001,0.3888888888888889,0.3654412192657762,0.9225861546630185,0.9642179395896577
P1,F1,37,NGA,predicted_foreground_scarcity,0.40000000000000013,0.4444444444444444,0.4220692458036502,0.9328623288227949,0.9798329316503362
P1,F1,37,NGA,predicted_foreground_scarcity,0.45000000000000007,0.5,0.4789987260348045,0.9386617433922669,0.9920457829243515
P1,F1,37,NGA,predicted_foreground_scarcity,0.5000000000000001,0.5555555555555556,0.5315312603997794,0.987776261245998,0.9956519925760641
P1,F1,37,NGA,predicted_foreground_scarcity,0.5500000000000002,0.5555555555555556,0.5315312603997794,0.987776261245998,0.9956519925760641
P1,F1,37,NGA,predicted_foreground_scarcity,0.6000000000000002,0.6111111111111112,0.5856255338242485,0.9886376231478344,0.9970119551584736
P1,F1,37,NGA,predicted_foreground_scarcity,0.6500000000000001,0.6666666666666666,0.6377334960321033,0.9888170735440504,0.9977880126671652
P1,F1,37,NGA,predicted_foreground_scarcity,0.7000000000000002,0.7222222222222222,0.6997901762907167,0.9917484485457656,0.998528320885629
P1,F1,37,NGA,predicted_foreground_scarcity,0.7500000000000002,0.7777777777777778,0.7649914762227156,0.9929898230513534,0.9989453959382848
P1,F1,37,NGA,predicted_foreground_scarcity,0.8000000000000002,0.8333333333333334,0.8299977764059258,0.9969546212171593,0.9993565127759027
P1,F1,37,NGA,predicted_foreground_scarcity,0.8500000000000002,0.8888888888888888,0.8900037258880572,0.9981484941472781,0.9997095370169005
P1,F1,37,NGA,predicted_foreground_scarcity,0.9000000000000002,0.9444444444444444,0.9429924203796625,0.9984503930491473,1.0
P1,F1,37,NGA,predicted_foreground_scarcity,0.9500000000000003,1.0,1.0,1.0,1.0
P1,F1,37,NGA,predicted_foreground_scarcity,1.0000000000000004,1.0555555555555556,1.0,1.0,1.0
P1,F1,71,BOL,georisk_v2,0.1,0.13333333333333333,0.09798989815304589,0.033213026747008746,0.05915057580206533
P1,F1,71,BOL,georisk_v2,0.15000000000000002,0.2,0.16277987023240761,0.050429186923684616,0.08666146307618924
P1,F1,71,BOL,georisk_v2,0.20000000000000004,0.26666666666666666,0.2303916466095508,0.050440251293978104,0.08666146307618924
P1,F1,71,BOL,georisk_v2,0.25000000000000006,0.26666666666666666,0.2303916466095508,0.050440251293978104,0.08666146307618924
P1,F1,71,BOL,georisk_v2,0.30000000000000004,0.3333333333333333,0.316666631261343,0.05135638115427937,0.0915460238993477
P1,F1,71,BOL,georisk_v2,0.3500000000000001,0.4,0.40919313391638823,0.05478854881932105,0.09312258791899744
P1,F1,71,BOL,georisk_v2,0.40000000000000013,0.4666666666666667,0.47965645506320914,0.08240521707188078,0.1154918322213756
P1,F1,71,BOL,georisk_v2,0.45000000000000007,0.4666666666666667,0.47965645506320914,0.08240521707188078,0.1154918322213756
P1,F1,71,BOL,georisk_v2,0.5000000000000001,0.5333333333333333,0.5724693867868749,0.10628212816523973,0.1364300891424607
P1,F1,71,BOL,georisk_v2,0.5500000000000002,0.6,0.6449203628054329,0.14987353424754538,0.19150761644582381
P1,F1,71,BOL,georisk_v2,0.6000000000000002,0.6666666666666666,0.7070591842471802,0.21038678825671994,0.2251884752860426
P1,F1,71,BOL,georisk_v2,0.6500000000000001,0.6666666666666666,0.7070591842471802,0.21038678825671994,0.2251884752860426
P1,F1,71,BOL,georisk_v2,0.7000000000000002,0.7333333333333333,0.7630024280970984,0.23157505736875997,0.24713028179920335
P1,F1,71,BOL,georisk_v2,0.7500000000000002,0.8,0.8298636116120964,0.41674393285254957,0.43397944581761416
P1,F1,71,BOL,georisk_v2,0.8000000000000002,0.8666666666666667,0.9137972422085274,0.7621005485714791,0.8172610529837017
P1,F1,71,BOL,georisk_v2,0.8500000000000002,0.8666666666666667,0.9137972422085274,0.7621005485714791,0.8172610529837017
P1,F1,71,BOL,georisk_v2,0.9000000000000002,0.9333333333333333,0.9688160530570019,0.9217483475362966,0.9460406251742274
P1,F1,71,BOL,georisk_v2,0.9500000000000003,1.0,1.0,1.0,1.0
P1,F1,71,BOL,georisk_v2,1.0000000000000004,1.0666666666666667,1.0,1.0,1.0
P1,F1,71,BOL,soft_dice_risk_binary,0.1,0.13333333333333333,0.11305521743471435,0.21837968935673965,0.24301387004652258
P1,F1,71,BOL,soft_dice_risk_binary,0.15000000000000002,0.2,0.19698884803114536,0.5637363050756692,0.62629547721261
P1,F1,71,BOL,soft_dice_risk_binary,0.20000000000000004,0.26666666666666666,0.2520076588796198,0.7233841040404867,0.7550750494031357
P1,F1,71,BOL,soft_dice_risk_binary,0.25000000000000006,0.26666666666666666,0.2520076588796198,0.7233841040404867,0.7550750494031357
P1,F1,71,BOL,soft_dice_risk_binary,0.30000000000000004,0.3333333333333333,0.28319160582261793,0.8016357565041901,0.8090344242289085
P1,F1,71,BOL,soft_dice_risk_binary,0.3500000000000001,0.4,0.355642581841176,0.8452271625864957,0.8641119515322716
P1,F1,71,BOL,soft_dice_risk_binary,0.40000000000000013,0.4666666666666667,0.4204325539205377,0.8624433227631716,0.8916228388063955
P1,F1,71,BOL,soft_dice_risk_binary,0.45000000000000007,0.4666666666666667,0.4204325539205377,0.8624433227631716,0.8916228388063955
P1,F1,71,BOL,soft_dice_risk_binary,0.5000000000000001,0.5333333333333333,0.49089587506735866,0.8900599910157313,0.9139920831087737
P1,F1,71,BOL,soft_dice_risk_binary,0.5500000000000002,0.6,0.5468391189172769,0.9112482601277714,0.9359338896219344
P1,F1,71,BOL,soft_dice_risk_binary,0.6000000000000002,0.6666666666666666,0.6396520506409425,0.9351251712211303,0.9568721465430194
P1,F1,71,BOL,soft_dice_risk_binary,0.6500000000000001,0.6666666666666666,0.6396520506409425,0.9351251712211303,0.9568721465430194
P1,F1,71,BOL,soft_dice_risk_binary,0.7000000000000002,0.7333333333333333,0.7017908720826899,0.9956384252303049,0.9905530053832382
P1,F1,71,BOL,soft_dice_risk_binary,0.7500000000000002,0.8,0.7535867363160195,0.9956406381043635,0.9935388751571917
P1,F1,71,BOL,soft_dice_risk_binary,0.8000000000000002,0.8666666666666667,0.8398617209678116,0.9965567679646649,0.9984234359803502
P1,F1,71,BOL,soft_dice_risk_binary,0.8500000000000002,0.8666666666666667,0.8398617209678116,0.9965567679646649,0.9984234359803502
P1,F1,71,BOL,soft_dice_risk_binary,0.9000000000000002,0.9333333333333333,0.9323882236228568,0.9999889356297065,1.0
P1,F1,71,BOL,soft_dice_risk_binary,0.9500000000000003,1.0,1.0,1.0,1.0
P1,F1,71,BOL,soft_dice_risk_binary,1.0000000000000004,1.0666666666666667,1.0,1.0,1.0
P1,F1,71,BOL,predicted_foreground_fraction,0.1,0.13333333333333333,0.16013827903218839,0.003443232035335173,0.0015765640196497488
P1,F1,71,BOL,predicted_foreground_fraction,0.15000000000000002,0.2,0.2464132636839806,0.004359361895636434,0.006461124842808205
P1,F1,71,BOL,predicted_foreground_fraction,0.20000000000000004,0.26666666666666666,0.29820912791731014,0.004361574769695132,0.009446994616761756
P1,F1,71,BOL,predicted_foreground_fraction,0.25000000000000006,0.26666666666666666,0.29820912791731014,0.004361574769695132,0.009446994616761756
P1,F1,71,BOL,predicted_foreground_fraction,0.30000000000000004,0.3333333333333333,0.39102205964097586,0.028238485863054077,0.030385251537846828
P1,F1,71,BOL,predicted_foreground_fraction,0.3500000000000001,0.4,0.4614853807877968,0.05585515411561382,0.05275449584022499
P1,F1,71,BOL,predicted_foreground_fraction,0.40000000000000013,0.4666666666666667,0.517428624637715,0.07704342322765384,0.07469630235338574
P1,F1,71,BOL,predicted_foreground_fraction,0.45000000000000007,0.4666666666666667,0.517428624637715,0.07704342322765384,0.07469630235338574
P1,F1,71,BOL,predicted_foreground_fraction,0.5000000000000001,0.5333333333333333,0.5822185967170768,0.0942595834043297,0.10220718962750965
P1,F1,71,BOL,predicted_foreground_fraction,0.5500000000000002,0.6,0.6443574181588241,0.15477283741350428,0.13588804846772845
P1,F1,71,BOL,predicted_foreground_fraction,0.6000000000000002,0.6666666666666666,0.7168083941773821,0.19836424349580992,0.19096557577109158
P1,F1,71,BOL,predicted_foreground_fraction,0.6500000000000001,0.6666666666666666,0.7168083941773821,0.19836424349580992,0.19096557577109158
P1,F1,71,BOL,predicted_foreground_fraction,0.7000000000000002,0.7333333333333333,0.7630024280970984,0.23157505736875997,0.24713028179920335
P1,F1,71,BOL,predicted_foreground_fraction,0.7500000000000002,0.8,0.7941863750400965,0.3098267098324633,0.301089656624976
P1,F1,71,BOL,predicted_foreground_fraction,0.8000000000000002,0.8666666666666667,0.849205185888571,0.4694745087972808,0.42986922881550177
P1,F1,71,BOL,predicted_foreground_fraction,0.8500000000000002,0.8666666666666667,0.849205185888571,0.4694745087972808,0.42986922881550177
P1,F1,71,BOL,predicted_foreground_fraction,0.9000000000000002,0.9333333333333333,0.916066369403569,0.6546433842810704,0.6167183928339125
P1,F1,71,BOL,predicted_foreground_fraction,0.9500000000000003,1.0,1.0,1.0,1.0
P1,F1,71,BOL,predicted_foreground_fraction,1.0000000000000004,1.0666666666666667,1.0,1.0,1.0
P1,F1,71,BOL,predicted_foreground_scarcity,0.1,0.13333333333333333,0.15079481411142906,0.5305254912027192,0.5701307711844983
P1,F1,71,BOL,predicted_foreground_scarcity,0.15000000000000002,0.2,0.20581362495990346,0.6901732901675367,0.698910343375024
P1,F1,71,BOL,predicted_foreground_scarcity,0.20000000000000004,0.26666666666666666,0.2369975719029016,0.7684249426312401,0.7528697182007966
P1,F1,71,BOL,predicted_foreground_scarcity,0.25000000000000006,0.26666666666666666,0.2369975719029016,0.7684249426312401,0.7528697182007966
P1,F1,71,BOL,predicted_foreground_scarcity,0.30000000000000004,0.3333333333333333,0.28319160582261793,0.8016357565041901,0.8090344242289085
P1,F1,71,BOL,predicted_foreground_scarcity,0.3500000000000001,0.4,0.355642581841176,0.8452271625864957,0.8641119515322716
P1,F1,71,BOL,predicted_foreground_scarcity,0.40000000000000013,0.4666666666666667,0.41778140328292324,0.9057404165956703,0.8977928103724904
P1,F1,71,BOL,predicted_foreground_scarcity,0.45000000000000007,0.4666666666666667,0.41778140328292324,0.9057404165956703,0.8977928103724904
P1,F1,71,BOL,predicted_foreground_scarcity,0.5000000000000001,0.5333333333333333,0.48257137536228495,0.9229565767723461,0.9253036976466142
P1,F1,71,BOL,predicted_foreground_scarcity,0.5500000000000002,0.6,0.5385146192122032,0.9441448458843862,0.947245504159775
P1,F1,71,BOL,predicted_foreground_scarcity,0.6000000000000002,0.6666666666666666,0.6089779403590242,0.9717615141369459,0.9696147484621531
P1,F1,71,BOL,predicted_foreground_scarcity,0.6500000000000001,0.6666666666666666,0.6089779403590242,0.9717615141369459,0.9696147484621531
P1,F1,71,BOL,predicted_foreground_scarcity,0.7000000000000002,0.7333333333333333,0.7017908720826899,0.9956384252303049,0.9905530053832382
P1,F1,71,BOL,predicted_foreground_scarcity,0.7500000000000002,0.8,0.7535867363160195,0.9956406381043635,0.9935388751571917
P1,F1,71,BOL,predicted_foreground_scarcity,0.8000000000000002,0.8666666666666667,0.8398617209678116,0.9965567679646649,0.9984234359803502
P1,F1,71,BOL,predicted_foreground_scarcity,0.8500000000000002,0.8666666666666667,0.8398617209678116,0.9965567679646649,0.9984234359803502
P1,F1,71,BOL,predicted_foreground_scarcity,0.9000000000000002,0.9333333333333333,0.9323882236228568,0.9999889356297065,1.0
P1,F1,71,BOL,predicted_foreground_scarcity,0.9500000000000003,1.0,1.0,1.0,1.0
P1,F1,71,BOL,predicted_foreground_scarcity,1.0000000000000004,1.0666666666666667,1.0,1.0,1.0
P1,F1,71,ESP,georisk_v2,0.1,0.1,0.0961410501977147,0.274491883915396,0.2883752310896151
P1,F1,71,ESP,georisk_v2,0.15000000000000002,0.16666666666666666,0.1522583006138097,0.3796084604033448,0.3924529694823285
P1,F1,71,ESP,georisk_v2,0.20000000000000004,0.23333333333333334,0.22007965524996628,0.3972710280373832,0.4123469271617837
P1,F1,71,ESP,georisk_v2,0.25000000000000006,0.26666666666666666,0.25400172002336496,0.4071972454500738,0.42190016928628044
P1,F1,71,ESP,georisk_v2,0.30000000000000004,0.3333333333333333,0.3218127224274121,0.4155071323167732,0.43260693694368024
P1,F1,71,ESP,georisk_v2,0.3500000000000001,0.36666666666666664,0.35572715242963004,0.4670132808657157,0.4856239957919389
P1,F1,71,ESP,georisk_v2,0.40000000000000013,0.43333333333333335,0.42354475438164696,0.558978848991638,0.5741604128493516
P1,F1,71,ESP,georisk_v2,0.45000000000000007,0.4666666666666667,0.45744430305020756,0.5592208558780127,0.5743183176778557
P1,F1,71,ESP,georisk_v2,0.5000000000000001,0.5333333333333333,0.5252647518660546,0.6031519921298574,0.622697691205829
P1,F1,71,ESP,georisk_v2,0.5500000000000002,0.5666666666666667,0.5591842285814259,0.6996901131333005,0.7089147529250844
P1,F1,71,ESP,georisk_v2,0.6000000000000002,0.6333333333333333,0.6270217585802534,0.7077097884899164,0.7171791225208173
P1,F1,71,ESP,georisk_v2,0.6500000000000001,0.6666666666666666,0.6608941326395268,0.7077294638465322,0.71729806382021
P1,F1,71,ESP,georisk_v2,0.7000000000000002,0.7333333333333333,0.7287214398091463,0.7803344810624693,0.7862327496665029
P1,F1,71,ESP,georisk_v2,0.7500000000000002,0.7666666666666667,0.7626323759330272,0.9308568617806198,0.9223867007221582
P1,F1,71,ESP,georisk_v2,0.8000000000000002,0.8333333333333334,0.830445707589299,0.9360767338908018,0.9324803054740682
P1,F1,71,ESP,georisk_v2,0.8500000000000002,0.8666666666666667,0.8643629844553471,0.939073290703394,0.9355625256979855
P1,F1,71,ESP,georisk_v2,0.9000000000000002,0.9333333333333333,0.9321853743147146,0.9870919822921791,0.9760733170575153
P1,F1,71,ESP,georisk_v2,0.9500000000000003,0.9666666666666667,0.9660798762701218,0.9965725528775209,0.9890389440473468
P1,F1,71,ESP,georisk_v2,1.0000000000000004,1.0333333333333334,1.0,1.0,1.0
P1,F1,71,ESP,soft_dice_risk_binary,0.1,0.1,0.08443215807030252,0.35642793900639447,0.3646750492939911
P1,F1,71,ESP,soft_dice_risk_binary,0.15000000000000002,0.16666666666666666,0.15225040703682624,0.5985430398425972,0.5890260245613783
P1,F1,71,ESP,soft_dice_risk_binary,0.20000000000000004,0.23333333333333334,0.22008431375441556,0.7465873093949827,0.7282601451288924
P1,F1,71,ESP,soft_dice_risk_binary,0.25000000000000006,0.26666666666666666,0.2539936970434801,0.8154854894244958,0.7931928663930333
P1,F1,71,ESP,soft_dice_risk_binary,0.30000000000000004,0.3333333333333333,0.3218265685378585,0.8778937530742744,0.8593529388241832
P1,F1,71,ESP,soft_dice_risk_binary,0.3500000000000001,0.36666666666666664,0.35573815167624634,0.9002606984751599,0.8844792883208872
P1,F1,71,ESP,soft_dice_risk_binary,0.40000000000000013,0.43333333333333335,0.4235595063124029,0.9179232661091983,0.9043732460003425
P1,F1,71,ESP,soft_dice_risk_binary,0.45000000000000007,0.4666666666666667,0.4574796300422811,0.9254628627643876,0.9149262102533552
P1,F1,71,ESP,soft_dice_risk_binary,0.5000000000000001,0.5333333333333333,0.5253125015366594,0.9610408263649779,0.9398638942406777
P1,F1,71,ESP,soft_dice_risk_binary,0.5500000000000002,0.5666666666666667,0.5592070034920666,0.9705213969503197,0.9528295212305092
P1,F1,71,ESP,soft_dice_risk_binary,0.6000000000000002,0.6333333333333333,0.6270393573748396,0.9765499262174127,0.9683103465600843
P1,F1,71,ESP,soft_dice_risk_binary,0.6500000000000001,0.6666666666666666,0.6609408470869207,0.978652238071815,0.9737877984683232
P1,F1,71,ESP,soft_dice_risk_binary,0.7000000000000002,0.7333333333333333,0.7287644015724005,0.9859901623216921,0.9839911163153626
P1,F1,71,ESP,soft_dice_risk_binary,0.7500000000000002,0.7666666666666667,0.7626730084440569,0.9883797343826857,0.988873861726638
P1,F1,71,ESP,soft_dice_risk_binary,0.8000000000000002,0.8333333333333334,0.8305096326225749,0.9955986227250369,0.996147737398118
P1,F1,71,ESP,soft_dice_risk_binary,0.8500000000000002,0.8666666666666667,0.864426909488623,0.9985951795376291,0.9992299576220353
P1,F1,71,ESP,soft_dice_risk_binary,0.9000000000000002,0.9333333333333333,0.9322280772721662,0.9997383177570094,0.9997231538721032
P1,F1,71,ESP,soft_dice_risk_binary,0.9500000000000003,0.9666666666666667,0.9661276259407268,0.9999803246433842,0.9998810587006073
P1,F1,71,ESP,soft_dice_risk_binary,1.0000000000000004,1.0333333333333334,1.0,1.0,1.0
P1,F1,71,ESP,predicted_foreground_fraction,0.1,0.1,0.10166280140200279,0.0010319724545007378,0.0004306495322838473
P1,F1,71,ESP,predicted_foreground_fraction,0.15000000000000002,0.16666666666666666,0.16949036737742504,0.004401377274963108,0.0038522626018819383
P1,F1,71,ESP,predicted_foreground_fraction,0.20000000000000004,0.23333333333333334,0.23732699155594308,0.011620265617314314,0.011126138273361967
P1,F1,71,ESP,predicted_foreground_fraction,0.25000000000000006,0.26666666666666666,0.2712392217088378,0.014221347761928184,0.01564590765028387
P1,F1,71,ESP,predicted_foreground_fraction,0.30000000000000004,0.3333333333333333,0.3390666582813587,0.02111854402361043,0.025521111567964185
P1,F1,71,ESP,predicted_foreground_fraction,0.3500000000000001,0.36666666666666664,0.372971383065974,0.02394884407279882,0.03073197090859874
P1,F1,71,ESP,predicted_foreground_fraction,0.40000000000000013,0.43333333333333335,0.4407810914410074,0.034100344318740775,0.04566730683061426
P1,F1,71,ESP,predicted_foreground_fraction,0.45000000000000007,0.4666666666666667,0.4747031562144061,0.04402656173143138,0.055220548955110936
P1,F1,71,ESP,predicted_foreground_fraction,0.5000000000000001,0.5333333333333333,0.5425364159174886,0.061179537629119526,0.07620958687380226
P1,F1,71,ESP,predicted_foreground_fraction,0.5500000000000002,0.5666666666666667,0.5764565396473668,0.06460698475159862,0.08717064282645541
P1,F1,71,ESP,predicted_foreground_fraction,0.6000000000000002,0.6333333333333333,0.6442618483237537,0.09973930152484013,0.11552071167911278
P1,F1,71,ESP,predicted_foreground_fraction,0.6500000000000001,0.6666666666666666,0.6781757607143661,0.12031874077717658,0.1387788624905283
P1,F1,71,ESP,predicted_foreground_fraction,0.7000000000000002,0.7333333333333333,0.7460063029565198,0.1845145105755042,0.20680713360696668
P1,F1,71,ESP,predicted_foreground_fraction,0.7500000000000002,0.7666666666666667,0.7799207329587378,0.23602065912444664,0.25982419245522526
P1,F1,71,ESP,predicted_foreground_fraction,0.8000000000000002,0.8333333333333334,0.8477512752008916,0.36039252336448596,0.38538519037272717
P1,F1,71,ESP,predicted_foreground_fraction,0.8500000000000002,0.8666666666666667,0.8816707519162629,0.4569306443679292,0.47160225209198264
P1,F1,71,ESP,predicted_foreground_fraction,0.9000000000000002,0.9333333333333333,0.9494890008827865,0.6990457452041319,0.6959532273593698
P1,F1,71,ESP,predicted_foreground_fraction,0.9500000000000003,0.9666666666666667,0.9716940211459869,0.8015612395474668,0.7955111963751613
P1,F1,71,ESP,predicted_foreground_fraction,1.0000000000000004,1.0333333333333334,1.0,1.0,1.0
P1,F1,71,ESP,predicted_foreground_scarcity,0.1,0.1,0.08442193524109443,0.4514766355140187,0.44020072369628543
P1,F1,71,ESP,predicted_foreground_scarcity,0.15000000000000002,0.16666666666666666,0.15224872479910848,0.639607476635514,0.6146148096272729
P1,F1,71,ESP,predicted_foreground_scarcity,0.20000000000000004,0.23333333333333334,0.22007926704126218,0.7639793408755534,0.7401758075447747
P1,F1,71,ESP,predicted_foreground_scarcity,0.25000000000000006,0.26666666666666666,0.2539936970434801,0.8154854894244958,0.7931928663930333
P1,F1,71,ESP,predicted_foreground_scarcity,0.30000000000000004,0.3333333333333333,0.32182423928563386,0.8796812592228234,0.8612211375094717
P1,F1,71,ESP,predicted_foreground_scarcity,0.3500000000000001,0.36666666666666664,0.35573815167624634,0.9002606984751599,0.8844792883208872
P1,F1,71,ESP,predicted_foreground_scarcity,0.40000000000000013,0.43333333333333335,0.42354346035263324,0.9353930152484013,0.9128293571735446
P1,F1,71,ESP,predicted_foreground_scarcity,0.45000000000000007,0.4666666666666667,0.4574635840825114,0.9388204623708805,0.9237904131261977
P1,F1,71,ESP,predicted_foreground_scarcity,0.5000000000000001,0.5333333333333333,0.5252968437855939,0.9559734382685686,0.944779451044889
P1,F1,71,ESP,predicted_foreground_scarcity,0.5500000000000002,0.5666666666666667,0.5592189085589926,0.9658996556812592,0.9543326931693857
P1,F1,71,ESP,predicted_foreground_scarcity,0.6000000000000002,0.6333333333333333,0.627028616934026,0.9760511559272012,0.9692680290914013
P1,F1,71,ESP,predicted_foreground_scarcity,0.6500000000000001,0.6666666666666666,0.6609333417186414,0.9788814559763895,0.9744788884320358
P1,F1,71,ESP,predicted_foreground_scarcity,0.7000000000000002,0.7333333333333333,0.7287607782911623,0.9857786522380718,0.9843540923497162
P1,F1,71,ESP,predicted_foreground_scarcity,0.7500000000000002,0.7666666666666667,0.7626730084440569,0.9883797343826857,0.988873861726638
P1,F1,71,ESP,predicted_foreground_scarcity,0.8000000000000002,0.8333333333333334,0.8305096326225749,0.9955986227250369,0.996147737398118
P1,F1,71,ESP,predicted_foreground_scarcity,0.8500000000000002,0.8666666666666667,0.864426909488623,0.9985951795376291,0.9992299576220353
P1,F1,71,ESP,predicted_foreground_scarcity,0.9000000000000002,0.9333333333333333,0.9322367472665578,0.9992100344318741,0.9997272552962202
P1,F1,71,ESP,predicted_foreground_scarcity,0.9500000000000003,0.9666666666666667,0.9661276259407268,0.9999803246433842,0.9998810587006073
P1,F1,71,ESP,predicted_foreground_scarcity,1.0000000000000004,1.0333333333333334,1.0,1.0,1.0
P1,F1,71,KHM,georisk_v2,0.1,0.1,0.10329414635788339,0.042154139189709325,0.04754493534426504
P1,F1,71,KHM,georisk_v2,0.15000000000000002,0.16666666666666666,0.1648216249270679,0.09125043751882349,0.10452394376491102
P1,F1,71,KHM,georisk_v2,0.20000000000000004,0.23333333333333334,0.22722274583726046,0.1564962678626871,0.17617643680861172
P1,F1,71,KHM,georisk_v2,0.25000000000000006,0.26666666666666666,0.2595569094744401,0.17418307531835672,0.19662573804638925
P1,F1,71,KHM,georisk_v2,0.30000000000000004,0.3333333333333333,0.31093785063507023,0.1874394596046574,0.21338741758155708
P1,F1,71,KHM,georisk_v2,0.3500000000000001,0.36666666666666664,0.3476646301781787,0.18761156003223395,0.21351597208083403
P1,F1,71,KHM,georisk_v2,0.40000000000000013,0.43333333333333335,0.42047175844890267,0.2058832763735184,0.23389675442305785
P1,F1,71,KHM,georisk_v2,0.45000000000000007,0.4666666666666667,0.4524115277590772,0.2506776454335826,0.27891171111911583
P1,F1,71,KHM,georisk_v2,0.5000000000000001,0.5333333333333333,0.5148484134464342,0.2507421830939238,0.2798448732204664
P1,F1,71,KHM,georisk_v2,0.5500000000000002,0.5666666666666667,0.5470343285759167,0.35373673053375554,0.3871108779293459
P1,F1,71,KHM,georisk_v2,0.6000000000000002,0.6333333333333333,0.6148137707014946,0.3660994717214578,0.3995728336282909
P1,F1,71,KHM,georisk_v2,0.6500000000000001,0.6666666666666666,0.6514133398411203,0.3678414071303068,0.4010221714094794
P1,F1,71,KHM,georisk_v2,0.7000000000000002,0.7333333333333333,0.7087250628338045,0.36982928335288845,0.40888487781449523
P1,F1,71,KHM,georisk_v2,0.7500000000000002,0.7666666666666667,0.7454832592792064,0.48483539408090814,0.5253435080630426
P1,F1,71,KHM,georisk_v2,0.8000000000000002,0.8333333333333334,0.8190146593510166,0.6665571658315532,0.6806066728268416
P1,F1,71,KHM,georisk_v2,0.8500000000000002,0.8666666666666667,0.8531050839280104,0.7508671884720621,0.7561543019425433
P1,F1,71,KHM,georisk_v2,0.9000000000000002,0.9333333333333333,0.9266350814595395,0.8767173703984938,0.8624864919891623
P1,F1,71,KHM,georisk_v2,0.9500000000000003,0.9666666666666667,0.9632396997441767,0.9956689997127783,0.9683540586678361
P1,F1,71,KHM,georisk_v2,1.0000000000000004,1.0333333333333334,1.0,1.0,1.0
P1,F1,71,KHM,soft_dice_risk_binary,0.1,0.1,0.08263935640231587,0.1909250746834457,0.20467507687167522
P1,F1,71,KHM,soft_dice_risk_binary,0.15000000000000002,0.16666666666666666,0.1561626217404964,0.34210192764107294,0.3615122185504795
P1,F1,71,KHM,soft_dice_risk_binary,0.20000000000000004,0.23333333333333334,0.22486788070553387,0.4989842586250804,0.5085204878023315
P1,F1,71,KHM,soft_dice_risk_binary,0.25000000000000006,0.26666666666666666,0.25720204434271354,0.51667106608075,0.528969789040109
P1,F1,71,KHM,soft_dice_risk_binary,0.30000000000000004,0.3333333333333333,0.32805837933665455,0.6706148985479607,0.6577872703638158
P1,F1,71,KHM,soft_dice_risk_binary,0.3500000000000001,0.36666666666666664,0.3646629976212917,0.7895665278622452,0.7636548370424896
P1,F1,71,KHM,soft_dice_risk_binary,0.40000000000000013,0.43333333333333335,0.4381965015035232,0.9274933921575695,0.8854886115069981
P1,F1,71,KHM,soft_dice_risk_binary,0.45000000000000007,0.4666666666666667,0.4612023697320587,0.9318743945960466,0.89235485740239
P1,F1,71,KHM,soft_dice_risk_binary,0.5000000000000001,0.5333333333333333,0.5346771071765181,0.9596598923442055,0.9246246469645477
P1,F1,71,KHM,soft_dice_risk_binary,0.5500000000000002,0.5666666666666667,0.5630521801086127,0.9685352741920292,0.9345200806043236
P1,F1,71,KHM,soft_dice_risk_binary,0.6000000000000002,0.6333333333333333,0.6313399028320094,0.9842731605894672,0.9512543525812699
P1,F1,71,KHM,soft_dice_risk_binary,0.6500000000000001,0.6666666666666666,0.6601614043355325,0.9843516523385308,0.9578151999707653
P1,F1,71,KHM,soft_dice_risk_binary,0.7000000000000002,0.7333333333333333,0.7331755475517256,0.9910100783405797,0.9919819840983958
P1,F1,71,KHM,soft_dice_risk_binary,0.7500000000000002,0.7666666666666667,0.7616657690408869,0.9929194628140978,0.9932838431139163
P1,F1,71,KHM,soft_dice_risk_binary,0.8000000000000002,0.8333333333333334,0.8344698117229927,0.9977406004676945,0.9971156807776438
P1,F1,71,KHM,soft_dice_risk_binary,0.8500000000000002,0.8666666666666667,0.8667062183025896,0.9978051381280357,0.9980103417853022
P1,F1,71,KHM,soft_dice_risk_binary,0.9000000000000002,0.9333333333333333,0.9330727413491315,0.9998278995724235,0.999832944407031
P1,F1,71,KHM,soft_dice_risk_binary,0.9500000000000003,0.9666666666666667,0.96979952089224,1.0,0.9999614989063079
P1,F1,71,KHM,soft_dice_risk_binary,1.0000000000000004,1.0333333333333334,1.0,1.0,1.0
P1,F1,71,KHM,predicted_foreground_fraction,0.1,0.1,0.09669421255778465,0.00045292646311527354,0.0005403204335092637
P1,F1,71,KHM,predicted_foreground_fraction,0.15000000000000002,0.16666666666666666,0.1649714162290741,0.001977992076403287,0.0025854463255600276
P1,F1,71,KHM,predicted_foreground_fraction,0.20000000000000004,0.23333333333333334,0.23006120685786097,0.005629311958770319,0.005336643122269033
P1,F1,71,KHM,predicted_foreground_fraction,0.25000000000000006,0.26666666666666666,0.2663150498182308,0.007956737673597584,0.007857485917735562
P1,F1,71,KHM,predicted_foreground_fraction,0.30000000000000004,0.3333333333333333,0.3398404189668327,0.01701991829881053,0.0173320177705387
P1,F1,71,KHM,predicted_foreground_fraction,0.3500000000000001,0.36666666666666664,0.3686619204703559,0.017098410047874154,0.023892865160034037
P1,F1,71,KHM,predicted_foreground_fraction,0.40000000000000013,0.43333333333333335,0.42319338786409944,0.031514727959226156,0.040700223958904325
P1,F1,71,KHM,predicted_foreground_fraction,0.45000000000000007,0.4666666666666667,0.45156846079619406,0.04039010980704984,0.05059565759868026
P1,F1,71,KHM,predicted_foreground_fraction,0.5000000000000001,0.5333333333333333,0.5250436190027378,0.06680171123641367,0.08181808690023126
P1,F1,71,KHM,predicted_foreground_fraction,0.5500000000000002,0.5666666666666667,0.5618099501817693,0.0836128996247513,0.10104840435806278
P1,F1,71,KHM,predicted_foreground_fraction,0.6000000000000002,0.6333333333333333,0.6309044140747723,0.10563070736764256,0.15314364692800425
P1,F1,71,KHM,predicted_foreground_fraction,0.6500000000000001,0.6666666666666666,0.6676694829675508,0.1418014495972501,0.19352215835826117
P1,F1,71,KHM,predicted_foreground_fraction,0.7000000000000002,0.7333333333333333,0.7363751626946726,0.25622962848401615,0.29180696726232425
P1,F1,71,KHM,predicted_foreground_fraction,0.7500000000000002,0.7666666666666667,0.7611942349984292,0.294351617453309,0.33574650357864405
P1,F1,71,KHM,predicted_foreground_fraction,0.8000000000000002,0.8333333333333334,0.8209190285444998,0.4284701783681391,0.4647636685408216
P1,F1,71,KHM,predicted_foreground_fraction,0.8500000000000002,0.8666666666666667,0.8576845181993626,0.5405581402920824,0.5667569810966155
P1,F1,71,KHM,predicted_foreground_fraction,0.9000000000000002,0.9333333333333333,0.9310558884251156,0.7819993418321486,0.7762753650425731
P1,F1,71,KHM,predicted_foreground_fraction,0.9500000000000003,0.9666666666666667,0.9678140848705175,0.8970054525601683,0.8927339952911205
P1,F1,71,KHM,predicted_foreground_fraction,1.0000000000000004,1.0333333333333334,1.0,1.0,1.0
P1,F1,71,KHM,predicted_foreground_scarcity,0.1,0.1,0.10554872985952156,0.33695228748213585,0.3295922016361007
P1,F1,71,KHM,predicted_foreground_scarcity,0.15000000000000002,0.16666666666666666,0.1790809714555002,0.571529821631861,0.5352363314591784
P1,F1,71,KHM,predicted_foreground_scarcity,0.20000000000000004,0.23333333333333334,0.23880576500157086,0.7056483825466909,0.664253496421356
P1,F1,71,KHM,predicted_foreground_scarcity,0.25000000000000006,0.26666666666666666,0.26362483730532743,0.7437703715159838,0.7081930327376758
P1,F1,71,KHM,predicted_foreground_scarcity,0.30000000000000004,0.3333333333333333,0.33233051703244915,0.8581985504027498,0.8064778416417389
P1,F1,71,KHM,predicted_foreground_scarcity,0.3500000000000001,0.36666666666666664,0.3690955859252278,0.8943692926323574,0.8468563530719957
P1,F1,71,KHM,predicted_foreground_scarcity,0.40000000000000013,0.43333333333333335,0.4381900498182308,0.9163871003752487,0.8989515956419373
P1,F1,71,KHM,predicted_foreground_scarcity,0.45000000000000007,0.4666666666666667,0.47495638099726223,0.9331982887635863,0.9181819130997687
P1,F1,71,KHM,predicted_foreground_scarcity,0.5000000000000001,0.5333333333333333,0.5484315392038059,0.9596098901929502,0.9494043424013198
P1,F1,71,KHM,predicted_foreground_scarcity,0.5500000000000002,0.5666666666666667,0.5768066121359006,0.9684852720407738,0.9592997760410957
P1,F1,71,KHM,predicted_foreground_scarcity,0.6000000000000002,0.6333333333333333,0.631338079529644,0.9829015899521258,0.9761071348399659
P1,F1,71,KHM,predicted_foreground_scarcity,0.6500000000000001,0.6666666666666666,0.6601595810331673,0.9829800817011894,0.9826679822294613
P1,F1,71,KHM,predicted_foreground_scarcity,0.7000000000000002,0.7333333333333333,0.7336849501817693,0.9920432623264024,0.9921425140822644
P1,F1,71,KHM,predicted_foreground_scarcity,0.7500000000000002,0.7666666666666667,0.7699387931421391,0.9943706880412296,0.994663356877731
P1,F1,71,KHM,predicted_foreground_scarcity,0.8000000000000002,0.8333333333333334,0.8350285837709259,0.9980220079235967,0.99741455367444
P1,F1,71,KHM,predicted_foreground_scarcity,0.8500000000000002,0.8666666666666667,0.8710693808626184,0.9994825358765436,0.9985650185588323
P1,F1,71,KHM,predicted_foreground_scarcity,0.9000000000000002,0.9333333333333333,0.9330727413491315,0.9998278995724235,0.999832944407031
P1,F1,71,KHM,predicted_foreground_scarcity,0.9500000000000003,0.9666666666666667,0.96979952089224,1.0,0.9999614989063079
P1,F1,71,KHM,predicted_foreground_scarcity,1.0000000000000004,1.0333333333333334,1.0,1.0,1.0
P1,F1,71,NGA,georisk_v2,0.1,0.1111111111111111,0.10961672102947928,0.010578073061645434,0.020111790539830633
P1,F1,71,NGA,georisk_v2,0.15000000000000002,0.16666666666666666,0.16654620126063358,0.016377487631117543,0.0361259955031625
P1,F1,71,NGA,georisk_v2,0.20000000000000004,0.2222222222222222,0.2317475011926324,0.017618862136705313,0.036371850637752424
P1,F1,71,NGA,georisk_v2,0.25000000000000006,0.2777777777777778,0.2858417746171016,0.018480224038541722,0.03727542079051882
P1,F1,71,NGA,georisk_v2,0.30000000000000004,0.3333333333333333,0.347898454875715,0.021411599040257058,0.03731114333144214
P1,F1,71,NGA,georisk_v2,0.3500000000000001,0.3888888888888889,0.4049060344960525,0.022961205991109818,0.03731114333144214
P1,F1,71,NGA,georisk_v2,0.40000000000000013,0.4444444444444444,0.4649119839781839,0.024155078921228666,0.037374183109542124
P1,F1,71,NGA,georisk_v2,0.45000000000000007,0.5,0.5299182841613941,0.0281198770870345,0.037374183109542124
P1,F1,71,NGA,georisk_v2,0.5000000000000001,0.5555555555555556,0.5820262463692489,0.028299327483250418,0.038321881106978505
P1,F1,71,NGA,georisk_v2,0.5500000000000002,0.5555555555555556,0.5820262463692489,0.028299327483250418,0.038321881106978505
P1,F1,71,NGA,georisk_v2,0.6000000000000002,0.6111111111111112,0.627217189426835,0.11661108982336803,0.19261594065855556
P1,F1,71,NGA,georisk_v2,0.6500000000000001,0.6666666666666666,0.6899660690488141,0.16526431459976756,0.2542961608775137
P1,F1,71,NGA,georisk_v2,0.7000000000000002,0.7222222222222222,0.7424986034137889,0.2143788324534986,0.26852423879467946
P1,F1,71,NGA,georisk_v2,0.7500000000000002,0.7777777777777778,0.8013427623007782,0.34060951910460585,0.465506734749627
P1,F1,71,NGA,georisk_v2,0.8000000000000002,0.8333333333333334,0.8625955660439775,0.528451860320034,0.5928807077265754
P1,F1,71,NGA,georisk_v2,0.8500000000000002,0.8888888888888888,0.9223286651123064,0.7624551769855923,0.801975246380466
P1,F1,71,NGA,georisk_v2,0.9000000000000002,0.9444444444444444,0.9347984513438318,0.763916114328903,0.8066591018932947
P1,F1,71,NGA,georisk_v2,0.9500000000000003,1.0,1.0,1.0,1.0
P1,F1,71,NGA,georisk_v2,1.0000000000000004,1.0555555555555556,1.0,1.0,1.0
P1,F1,71,NGA,soft_dice_risk_binary,0.1,0.1111111111111111,0.1040351019445753,0.21454244899122488,0.3512765555065246
P1,F1,71,NGA,soft_dice_risk_binary,0.15000000000000002,0.16666666666666666,0.16528790568777457,0.40238479020665296,0.47865052848347306
P1,F1,71,NGA,soft_dice_risk_binary,0.20000000000000004,0.2222222222222222,0.22502100475610357,0.6363881068722113,0.6877450671373637
P1,F1,71,NGA,soft_dice_risk_binary,0.25000000000000006,0.2777777777777778,0.29022255341227177,0.8724719925433082,0.881085965244069
P1,F1,71,NGA,soft_dice_risk_binary,0.30000000000000004,0.3333333333333333,0.34685057995014573,0.8827481667030845,0.9006619176700498
P1,F1,71,NGA,soft_dice_risk_binary,0.3500000000000001,0.3888888888888889,0.4037800601813,0.8885475812725566,0.9166761226333817
P1,F1,71,NGA,soft_dice_risk_binary,0.40000000000000013,0.4444444444444444,0.4665289398032791,0.9372008060489562,0.9783563428523399
P1,F1,71,NGA,soft_dice_risk_binary,0.45000000000000007,0.5,0.4789987260348045,0.9386617433922669,0.9830401983651684
P1,F1,71,NGA,soft_dice_risk_binary,0.5000000000000001,0.5555555555555556,0.5315312603997794,0.987776261245998,0.9972682762823342
P1,F1,71,NGA,soft_dice_risk_binary,0.5500000000000002,0.5555555555555556,0.5315312603997794,0.987776261245998,0.9972682762823342
P1,F1,71,NGA,soft_dice_risk_binary,0.6000000000000002,0.6111111111111112,0.5845199548913846,0.9880781601478671,0.997804114396184
P1,F1,71,NGA,soft_dice_risk_binary,0.6500000000000001,0.6666666666666666,0.6386142283158538,0.9889395220497036,0.9987076845489504
P1,F1,71,NGA,soft_dice_risk_binary,0.7000000000000002,0.7222222222222222,0.6907221905237086,0.9891189724459195,0.9996553825463868
P1,F1,71,NGA,soft_dice_risk_binary,0.7500000000000002,0.7777777777777778,0.7559234904557075,0.9903603469515072,0.9999012376809767
P1,F1,71,NGA,soft_dice_risk_binary,0.8000000000000002,0.8333333333333334,0.8179801707143209,0.9932917219532226,0.9999369602219
P1,F1,71,NGA,soft_dice_risk_binary,0.8500000000000002,0.8888888888888888,0.8779861201964523,0.9944855948833414,1.0
P1,F1,71,NGA,soft_dice_risk_binary,0.9000000000000002,0.9444444444444444,0.9429924203796625,0.9984503930491473,1.0
P1,F1,71,NGA,soft_dice_risk_binary,0.9500000000000003,1.0,1.0,1.0,1.0
P1,F1,71,NGA,soft_dice_risk_binary,1.0000000000000004,1.0555555555555556,1.0,1.0,1.0
P1,F1,71,NGA,predicted_foreground_fraction,0.1,0.1111111111111111,0.1220138798035477,0.005514405116658592,0.0
P1,F1,71,NGA,predicted_foreground_fraction,0.15000000000000002,0.16666666666666666,0.18407056006216113,0.008445780118373927,3.5722540923322615e-05
P1,F1,71,NGA,predicted_foreground_fraction,0.20000000000000004,0.2222222222222222,0.24407650954429255,0.009639653048492776,9.87623190233037e-05
P1,F1,71,NGA,predicted_foreground_fraction,0.25000000000000006,0.2777777777777778,0.30927780947629135,0.010881027554080543,0.00034461745361322996
P1,F1,71,NGA,predicted_foreground_fraction,0.30000000000000004,0.3333333333333333,0.36226650396789667,0.011182926455949678,0.0008804555674630692
P1,F1,71,NGA,predicted_foreground_fraction,0.3500000000000001,0.3888888888888889,0.4163607773923659,0.01204428835778609,0.0017840257202294649
P1,F1,71,NGA,predicted_foreground_fraction,0.40000000000000013,0.4444444444444444,0.4684687396002207,0.012223738754002008,0.002731723717665847
P1,F1,71,NGA,predicted_foreground_fraction,0.45000000000000007,0.5,0.5210012739651956,0.061338256607733045,0.01695980163483158
P1,F1,71,NGA,predicted_foreground_fraction,0.5000000000000001,0.5555555555555556,0.5779307541963499,0.06713767117720515,0.03297400659816344
P1,F1,71,NGA,predicted_foreground_fraction,0.5500000000000002,0.5555555555555556,0.5779307541963499,0.06713767117720515,0.03297400659816344
P1,F1,71,NGA,predicted_foreground_fraction,0.6000000000000002,0.6111111111111112,0.6345587807342238,0.07741384533698145,0.052549959024144235
P1,F1,71,NGA,predicted_foreground_fraction,0.6500000000000001,0.6666666666666666,0.6470285669657492,0.07887478268029223,0.05723381453697283
P1,F1,71,NGA,predicted_foreground_fraction,0.7000000000000002,0.7222222222222222,0.7097774465877282,0.12752800745669177,0.11891403475593099
P1,F1,71,NGA,predicted_foreground_fraction,0.7500000000000002,0.7777777777777778,0.7710302503309275,0.3153703486721198,0.24628800773287945
P1,F1,71,NGA,predicted_foreground_fraction,0.8000000000000002,0.8333333333333334,0.8362317989870957,0.5514542343432168,0.4396289058395848
P1,F1,71,NGA,predicted_foreground_fraction,0.8500000000000002,0.8888888888888888,0.8950759578740849,0.6776849209943241,0.6366114017945323
P1,F1,71,NGA,predicted_foreground_fraction,0.9000000000000002,0.9444444444444444,0.940266900931671,0.7659966833344417,0.7909054613461094
P1,F1,71,NGA,predicted_foreground_fraction,0.9500000000000003,1.0,1.0,1.0,1.0
P1,F1,71,NGA,predicted_foreground_fraction,1.0000000000000004,1.0555555555555556,1.0,1.0,1.0
P1,F1,71,NGA,predicted_foreground_scarcity,0.1,0.1111111111111111,0.10492404212591512,0.3223150790056759,0.36338859820546765
P1,F1,71,NGA,predicted_foreground_scarcity,0.15000000000000002,0.16666666666666666,0.16376820101290432,0.44854576565678317,0.5603710941604152
P1,F1,71,NGA,predicted_foreground_scarcity,0.20000000000000004,0.2222222222222222,0.2289697496690725,0.6846296513278801,0.7537119922671206
P1,F1,71,NGA,predicted_foreground_scarcity,0.25000000000000006,0.2777777777777778,0.29022255341227177,0.8724719925433082,0.881085965244069
P1,F1,71,NGA,predicted_foreground_scarcity,0.30000000000000004,0.3333333333333333,0.3529714330342508,0.9211252173197078,0.9427661854630272
P1,F1,71,NGA,predicted_foreground_scarcity,0.3500000000000001,0.3888888888888889,0.3654412192657762,0.9225861546630185,0.9474500409758557
P1,F1,71,NGA,predicted_foreground_scarcity,0.40000000000000013,0.4444444444444444,0.4220692458036502,0.9328623288227949,0.9670259934018366
P1,F1,71,NGA,predicted_foreground_scarcity,0.45000000000000007,0.5,0.4789987260348045,0.9386617433922669,0.9830401983651684
P1,F1,71,NGA,predicted_foreground_scarcity,0.5000000000000001,0.5555555555555556,0.5315312603997794,0.987776261245998,0.9972682762823342
P1,F1,71,NGA,predicted_foreground_scarcity,0.5500000000000002,0.5555555555555556,0.5315312603997794,0.987776261245998,0.9972682762823342
P1,F1,71,NGA,predicted_foreground_scarcity,0.6000000000000002,0.6111111111111112,0.5836392226076341,0.987955711642214,0.9982159742797705
P1,F1,71,NGA,predicted_foreground_scarcity,0.6500000000000001,0.6666666666666666,0.6377334960321033,0.9888170735440504,0.9991195444325369
P1,F1,71,NGA,predicted_foreground_scarcity,0.7000000000000002,0.7222222222222222,0.6907221905237086,0.9891189724459195,0.9996553825463868
P1,F1,71,NGA,predicted_foreground_scarcity,0.7500000000000002,0.7777777777777778,0.7559234904557075,0.9903603469515072,0.9999012376809767
P1,F1,71,NGA,predicted_foreground_scarcity,0.8000000000000002,0.8333333333333334,0.8159294399378388,0.9915542198816261,0.9999642774590767
P1,F1,71,NGA,predicted_foreground_scarcity,0.8500000000000002,0.8888888888888888,0.8779861201964523,0.9944855948833414,1.0
P1,F1,71,NGA,predicted_foreground_scarcity,0.9000000000000002,0.9444444444444444,0.9349936998167898,0.9960352018341941,1.0
P1,F1,71,NGA,predicted_foreground_scarcity,0.9500000000000003,1.0,1.0,1.0,1.0
P1,F1,71,NGA,predicted_foreground_scarcity,1.0000000000000004,1.0555555555555556,1.0,1.0,1.0
P1,F2,13,GHA,georisk_v2,0.1,0.10416666666666667,0.12274320218017815,0.21366849688770106,0.2261192148220089
P1,F2,13,GHA,georisk_v2,0.15000000000000002,0.16666666666666666,0.18587270249797566,0.2286951193336426,0.2380327593291248
P1,F2,13,GHA,georisk_v2,0.20000000000000004,0.20833333333333334,0.24263558635821442,0.2703320708731747,0.27272981958088977
P1,F2,13,GHA,georisk_v2,0.25000000000000006,0.2708333333333333,0.3007535719571975,0.31362037569152584,0.2809733480258489
P1,F2,13,GHA,georisk_v2,0.30000000000000004,0.3125,0.33444359311467703,0.319671875757303,0.2848908333644615
P1,F2,13,GHA,georisk_v2,0.3500000000000001,0.3541666666666667,0.37323263214717944,0.3210064600109398,0.28859119943222145
P1,F2,13,GHA,georisk_v2,0.40000000000000013,0.4166666666666667,0.4409826038501389,0.32916282966481336,0.29114993836614245
P1,F2,13,GHA,georisk_v2,0.45000000000000007,0.4583333333333333,0.49804336847970887,0.3300006231521807,0.29149546150685446
P1,F2,13,GHA,georisk_v2,0.5000000000000001,0.5208333333333334,0.5508930981341367,0.33611097647946714,0.2918666654215382
P1,F2,13,GHA,georisk_v2,0.5500000000000002,0.5625,0.5738837905844862,0.33611097647946714,0.2918666654215382
P1,F2,13,GHA,georisk_v2,0.6000000000000002,0.6041666666666666,0.6236006025092945,0.3361179003925859,0.2918666654215382
P1,F2,13,GHA,georisk_v2,0.6500000000000001,0.6666666666666666,0.6852440728583493,0.3361179003925859,0.2918666654215382
P1,F2,13,GHA,georisk_v2,0.7000000000000002,0.7083333333333334,0.7423048374879193,0.3361179003925859,0.2918666654215382
P1,F2,13,GHA,georisk_v2,0.7500000000000002,0.7708333333333334,0.8278959844322743,0.3389497808581498,0.29188300773224757
P1,F2,13,GHA,georisk_v2,0.8000000000000002,0.8125,0.8607986948534213,0.3919332950210141,0.3272827873445146
P1,F2,13,GHA,georisk_v2,0.8500000000000002,0.8541666666666666,0.9080077359755514,0.5826369030721402,0.6527842628217101
P1,F2,13,GHA,georisk_v2,0.9000000000000002,0.9166666666666666,0.9676316683064439,0.8319860552389788,0.8877586754323709
P1,F2,13,GHA,georisk_v2,0.9500000000000003,0.9583333333333334,0.9932210085935935,0.9995637934735195,0.996498076276568
P1,F2,13,GHA,georisk_v2,1.0000000000000004,1.0208333333333333,1.0,1.0,1.0
P1,F2,13,GHA,soft_dice_risk_binary,0.1,0.10416666666666667,0.09960580045797672,0.7687845762911367,0.8478460834485078
P1,F2,13,GHA,soft_dice_risk_binary,0.15000000000000002,0.16666666666666666,0.17402016055305478,0.8840365721090931,0.932604310634642
P1,F2,13,GHA,soft_dice_risk_binary,0.20000000000000004,0.20833333333333334,0.23108092518262474,0.9053881891890021,0.9536462029808375
P1,F2,13,GHA,soft_dice_risk_binary,0.25000000000000006,0.2708333333333333,0.3135316447981333,0.9229662736191986,0.9753744723768256
P1,F2,13,GHA,soft_dice_risk_binary,0.30000000000000004,0.3125,0.3447419745239567,0.940842086313501,0.983344850771357
P1,F2,13,GHA,soft_dice_risk_binary,0.3500000000000001,0.3541666666666667,0.36925352406989803,0.9421766705671377,0.9875214784655038
P1,F2,13,GHA,soft_dice_risk_binary,0.40000000000000013,0.4166666666666667,0.4323830243876956,0.9530264424242004,0.9938622950207314
P1,F2,13,GHA,soft_dice_risk_binary,0.45000000000000007,0.4583333333333333,0.4792899401844096,0.9541533092842751,0.9963579993276307
P1,F2,13,GHA,soft_dice_risk_binary,0.5000000000000001,0.5208333333333334,0.5090834588561031,0.9800020079348044,0.9985035112621867
P1,F2,13,GHA,soft_dice_risk_binary,0.5500000000000002,0.5625,0.5249323047721871,0.9809246193578763,0.9989470882671547
P1,F2,13,GHA,soft_dice_risk_binary,0.6000000000000002,0.6041666666666666,0.581993069401757,0.9870349726851627,0.9995634268424788
P1,F2,13,GHA,soft_dice_risk_binary,0.6500000000000001,0.6666666666666666,0.667584216346112,0.9971611956213173,0.9999836576892907
P1,F2,13,GHA,soft_dice_risk_binary,0.7000000000000002,0.7083333333333334,0.7006634567664755,0.9999930760868813,1.0
P1,F2,13,GHA,soft_dice_risk_binary,0.7500000000000002,0.7708333333333334,0.7448058605347705,1.0,1.0
P1,F2,13,GHA,soft_dice_risk_binary,0.8000000000000002,0.8125,0.7931414503756976,1.0,1.0
P1,F2,13,GHA,soft_dice_risk_binary,0.8500000000000002,0.8541666666666666,0.8502022150052676,1.0,1.0
P1,F2,13,GHA,soft_dice_risk_binary,0.9000000000000002,0.9166666666666666,0.9118456853543225,1.0,1.0
P1,F2,13,GHA,soft_dice_risk_binary,0.9500000000000003,0.9583333333333334,0.9689064499838924,1.0,1.0
P1,F2,13,GHA,soft_dice_risk_binary,1.0000000000000004,1.0208333333333333,1.0,1.0,1.0
P1,F2,13,GHA,predicted_foreground_fraction,0.1,0.10416666666666667,0.08397712728444186,0.0,0.0
P1,F2,13,GHA,predicted_foreground_fraction,0.15000000000000002,0.16666666666666666,0.14558675001959026,0.0,0.0
P1,F2,13,GHA,predicted_foreground_fraction,0.20000000000000004,0.20833333333333334,0.19392233986051735,0.0,0.0
P1,F2,13,GHA,predicted_foreground_fraction,0.25000000000000006,0.2708333333333333,0.2541685894142948,0.0,0.0
P1,F2,13,GHA,predicted_foreground_fraction,0.30000000000000004,0.3125,0.303885401339103,6.923913118738186e-06,0.0
P1,F2,13,GHA,predicted_foreground_fraction,0.3500000000000001,0.3541666666666667,0.360946165968673,0.0036765978660499767,0.00011673079078106907
P1,F2,13,GHA,predicted_foreground_fraction,0.40000000000000013,0.4166666666666667,0.44653731291302795,0.012965027314837254,0.0006817078181614434
P1,F2,13,GHA,predicted_foreground_fraction,0.45000000000000007,0.4583333333333333,0.4857569023012024,0.019997992065195567,0.001192988681782526
P1,F2,13,GHA,predicted_foreground_fraction,0.5000000000000001,0.5208333333333334,0.5410993835598548,0.04697355757579954,0.0039828545814500765
P1,F2,13,GHA,predicted_foreground_fraction,0.5500000000000002,0.5625,0.5646355558844784,0.04697355757579954,0.005444324082029061
P1,F2,13,GHA,predicted_foreground_fraction,0.6000000000000002,0.6041666666666666,0.599234673887491,0.051771829367085104,0.008171155354674834
P1,F2,13,GHA,predicted_foreground_fraction,0.6500000000000001,0.6666666666666666,0.6738804167065727,0.06418986754554204,0.019641122856822683
P1,F2,13,GHA,predicted_foreground_fraction,0.7000000000000002,0.7083333333333334,0.7053922187491838,0.08162947371336385,0.02643718949609652
P1,F2,13,GHA,predicted_foreground_fraction,0.7500000000000002,0.7708333333333334,0.7906704657257538,0.10807535987038434,0.0529350790033992
P1,F2,13,GHA,predicted_foreground_fraction,0.8000000000000002,0.8125,0.8232998920359068,0.11552722136442632,0.06552799671286093
P1,F2,13,GHA,predicted_foreground_fraction,0.8500000000000002,0.8541666666666666,0.8534830391892245,0.13101774598932334,0.08194968435994172
P1,F2,13,GHA,predicted_foreground_fraction,0.9000000000000002,0.9166666666666666,0.9257776244416777,0.3987931619434039,0.2608886481640581
P1,F2,13,GHA,predicted_foreground_fraction,0.9500000000000003,0.9583333333333334,0.9586803348628247,0.6942728852638357,0.5311274326696799
P1,F2,13,GHA,predicted_foreground_fraction,1.0000000000000004,1.0208333333333333,1.0,1.0,1.0
P1,F2,13,GHA,predicted_foreground_scarcity,0.1,0.10416666666666667,0.09960580045797672,0.7687845762911367,0.8478460834485078
P1,F2,13,GHA,predicted_foreground_scarcity,0.15000000000000002,0.16666666666666666,0.14919690822181397,0.8694184605371572,0.9199180082925553
P1,F2,13,GHA,predicted_foreground_scarcity,0.20000000000000004,0.20833333333333334,0.18079915195946122,0.8844727786355737,0.936106234358074
P1,F2,13,GHA,predicted_foreground_scarcity,0.25000000000000006,0.2708333333333333,0.26639029890381616,0.9156736621268876,0.966734059243211
P1,F2,13,GHA,predicted_foreground_scarcity,0.30000000000000004,0.3125,0.2975892009786423,0.9183705262866362,0.9742561914011431
P1,F2,13,GHA,predicted_foreground_scarcity,0.3500000000000001,0.3541666666666667,0.3518224382471507,0.940842086313501,0.9856724627395316
P1,F2,13,GHA,predicted_foreground_scarcity,0.40000000000000013,0.4166666666666667,0.4068340618007366,0.9482281706329149,0.9923214485824213
P1,F2,13,GHA,predicted_foreground_scarcity,0.45000000000000007,0.4583333333333333,0.45374097759745063,0.9530264424242004,0.9957136453625192
P1,F2,13,GHA,predicted_foreground_scarcity,0.5000000000000001,0.5208333333333334,0.5140371823113022,0.9800020079348044,0.9988023420865862
P1,F2,13,GHA,predicted_foreground_scarcity,0.5500000000000002,0.5625,0.5249323047721871,0.9809246193578763,0.9989470882671547
P1,F2,13,GHA,predicted_foreground_scarcity,0.6000000000000002,0.6041666666666666,0.581993069401757,0.9870349726851627,0.9995634268424788
P1,F2,13,GHA,predicted_foreground_scarcity,0.6500000000000001,0.6666666666666666,0.667584216346112,0.9971611956213173,0.9999836576892907
P1,F2,13,GHA,predicted_foreground_scarcity,0.7000000000000002,0.7083333333333334,0.724644980975682,0.9999930760868813,1.0
P1,F2,13,GHA,predicted_foreground_scarcity,0.7500000000000002,0.7708333333333334,0.7755090202258539,0.9999930760868813,1.0
P1,F2,13,GHA,predicted_foreground_scarcity,0.8000000000000002,0.8125,0.8086221082601238,0.9999930760868813,1.0
P1,F2,13,GHA,predicted_foreground_scarcity,0.8500000000000002,0.8541666666666666,0.8417013486804872,0.9999930760868813,1.0
P1,F2,13,GHA,predicted_foreground_scarcity,0.9000000000000002,0.9166666666666666,0.8932224234456217,0.9999930760868813,1.0
P1,F2,13,GHA,predicted_foreground_scarcity,0.9500000000000003,0.9583333333333334,0.9502831880751917,0.9999930760868813,1.0
P1,F2,13,GHA,predicted_foreground_scarcity,1.0000000000000004,1.0208333333333333,1.0,1.0,1.0
P1,F2,13,PAK,georisk_v2,0.1,0.10714285714285714,0.09003876959639216,0.03606982761400819,0.03650049733373857
P1,F2,13,PAK,georisk_v2,0.15000000000000002,0.17857142857142858,0.1372088792457842,0.17486424200026296,0.18633092034371287
P1,F2,13,PAK,georisk_v2,0.20000000000000004,0.21428571428571427,0.16677771862447363,0.23407928912174683,0.24557062139087668
P1,F2,13,PAK,georisk_v2,0.25000000000000006,0.2857142857142857,0.23778047129930047,0.2373439310158345,0.2502573011355787
P1,F2,13,PAK,georisk_v2,0.30000000000000004,0.32142857142857145,0.25831299240940336,0.2935895432230152,0.2790094078965546
P1,F2,13,PAK,georisk_v2,0.3500000000000001,0.35714285714285715,0.2794351863942936,0.29655649740639584,0.2794963805155693
P1,F2,13,PAK,georisk_v2,0.40000000000000013,0.42857142857142855,0.3543813066630059,0.3424028855862091,0.509646202304313
P1,F2,13,PAK,georisk_v2,0.45000000000000007,0.4642857142857143,0.38460604085447136,0.34542689658080855,0.5328982814356368
P1,F2,13,PAK,georisk_v2,0.5000000000000001,0.5357142857142857,0.4808787874391121,0.37401980119422384,0.5983667421877159
P1,F2,13,PAK,georisk_v2,0.5500000000000002,0.5714285714285714,0.5145085569532849,0.39608094128854127,0.6343370955709667
P1,F2,13,PAK,georisk_v2,0.6000000000000002,0.6071428571428571,0.5632715274313217,0.39608094128854127,0.6509217942696102
P1,F2,13,PAK,georisk_v2,0.6500000000000001,0.6785714285714286,0.6351617656852054,0.9522831407045772,0.7985193960158041
P1,F2,13,PAK,georisk_v2,0.7000000000000002,0.7142857142857143,0.683306044686415,0.9789286715437837,0.8604098168154063
P1,F2,13,PAK,georisk_v2,0.7500000000000002,0.7857142857142857,0.7756889964809365,0.9881321832664777,0.8810094493410328
P1,F2,13,PAK,georisk_v2,0.8000000000000002,0.8214285714285714,0.8216546481289885,0.9917490889515687,0.9026417401154919
P1,F2,13,PAK,georisk_v2,0.8500000000000002,0.8571428571428571,0.870417804623705,0.9917490889515687,0.9027798883762054
P1,F2,13,PAK,georisk_v2,0.9000000000000002,0.9285714285714286,0.9328872281319721,0.9999950385381549,0.9612442323101152
P1,F2,13,PAK,georisk_v2,0.9500000000000003,0.9642857142857143,0.9565654773132197,1.0,0.9623407841295278
P1,F2,13,PAK,georisk_v2,1.0000000000000004,1.0357142857142858,1.0,1.0,1.0
P1,F2,13,PAK,soft_dice_risk_binary,0.1,0.10714285714285714,0.09876964847683962,0.2379442678990938,0.3135533804879397
P1,F2,13,PAK,soft_dice_risk_binary,0.15000000000000002,0.17857142857142858,0.16214348508202034,0.3676889758798532,0.5328844666095653
P1,F2,13,PAK,soft_dice_risk_binary,0.20000000000000004,0.21428571428571427,0.18267600619212324,0.42393458808703394,0.5616365733705413
P1,F2,13,PAK,soft_dice_risk_binary,0.25000000000000006,0.2857142857142857,0.2450202404749229,0.4414237410910751,0.6359482496615367
P1,F2,13,PAK,soft_dice_risk_binary,0.30000000000000004,0.32142857142857145,0.2786500099890957,0.46348488118539244,0.6719186030447877
P1,F2,13,PAK,soft_dice_risk_binary,0.3500000000000001,0.35714285714285715,0.32679428899030516,0.49013041202459895,0.7338090238443898
P1,F2,13,PAK,soft_dice_risk_binary,0.40000000000000013,0.42857142857142855,0.4227945211391215,0.9248338530464616,0.8345087447849031
P1,F2,13,PAK,soft_dice_risk_binary,0.45000000000000007,0.4642857142857143,0.46656015351584545,0.9573959271359713,0.8562791838200757
P1,F2,13,PAK,soft_dice_risk_binary,0.5000000000000001,0.5357142857142857,0.5346364917849453,0.9573959271359713,0.9078844666095653
P1,F2,13,PAK,soft_dice_risk_binary,0.5500000000000002,0.5714285714285714,0.5648612259764109,0.9604199381305708,0.9311365457408891
P1,F2,13,PAK,soft_dice_risk_binary,0.6000000000000002,0.6071428571428571,0.6134007904220755,0.9610922162105843,0.9517016412013373
P1,F2,13,PAK,soft_dice_risk_binary,0.6500000000000001,0.6785714285714286,0.7081294125481644,0.9647091218956754,0.9899186306744399
P1,F2,13,PAK,soft_dice_risk_binary,0.7000000000000002,0.7142857142857143,0.7318076617294119,0.9647140833575205,0.9910151824938525
P1,F2,13,PAK,soft_dice_risk_binary,0.7500000000000002,0.7857142857142857,0.7683671939495471,0.9679787252516081,0.9938558561047717
P1,F2,13,PAK,soft_dice_risk_binary,0.8000000000000002,0.8214285714285714,0.7899985155868956,0.9714864787761066,0.9946398474843202
P1,F2,13,PAK,soft_dice_risk_binary,0.8500000000000002,0.8571428571428571,0.8375081056768199,0.988501812173939,0.997342372834526
P1,F2,13,PAK,soft_dice_risk_binary,0.9000000000000002,0.9285714285714286,0.9073934561564266,0.9914687663573195,0.9998273146741082
P1,F2,13,PAK,soft_dice_risk_binary,0.9500000000000003,0.9642857142857143,0.9561566126511432,0.9914687663573195,0.9999654629348217
P1,F2,13,PAK,soft_dice_risk_binary,1.0000000000000004,1.0357142857142858,1.0,1.0,1.0
P1,F2,13,PAK,predicted_foreground_fraction,0.1,0.10714285714285714,0.1069264798835982,0.00853123364268048,0.00032464841267648443
P1,F2,13,PAK,predicted_foreground_fraction,0.15000000000000002,0.17857142857142858,0.14967999550583702,0.01500594135055953,0.0015956124112397425
P1,F2,13,PAK,predicted_foreground_fraction,0.20000000000000004,0.21428571428571427,0.1984431520005536,0.01500594135055953,0.0035935816318072556
P1,F2,13,PAK,predicted_foreground_fraction,0.25000000000000006,0.2857142857142857,0.26963099127172535,0.03202623621023699,0.0073926588014256904
P1,F2,13,PAK,predicted_foreground_fraction,0.30000000000000004,0.32142857142857145,0.29187058745183564,0.03529087810432466,0.010081369325560191
P1,F2,13,PAK,predicted_foreground_fraction,0.3500000000000001,0.35714285714285715,0.34063355792987243,0.03529087810432466,0.026666068024203574
P1,F2,13,PAK,predicted_foreground_fraction,0.40000000000000013,0.42857142857142855,0.43513877402358914,0.03958006186942921,0.06886345425911088
P1,F2,13,PAK,predicted_foreground_fraction,0.45000000000000007,0.4642857142857143,0.4789044064003131,0.07214213595893894,0.09063389329428342
P1,F2,13,PAK,predicted_foreground_fraction,0.5000000000000001,0.5357142857142857,0.5337709561740982,0.07516614695353839,0.12783203934462464
P1,F2,13,PAK,predicted_foreground_fraction,0.5500000000000002,0.5714285714285714,0.5473520339621814,0.08107772874199654,0.13937778023374686
P1,F2,13,PAK,predicted_foreground_fraction,0.6000000000000002,0.6071428571428571,0.5907865566489616,0.08107772874199654,0.17703699610421905
P1,F2,13,PAK,predicted_foreground_fraction,0.6500000000000001,0.6785714285714286,0.6722670708437084,0.5295963602715904,0.2553946895808582
P1,F2,13,PAK,predicted_foreground_fraction,0.7000000000000002,0.7142857142857143,0.7204165583119507,0.5378423098581766,0.3137070704279833
P1,F2,13,PAK,predicted_foreground_fraction,0.7500000000000002,0.7857142857142857,0.8173239938078768,0.576065411912966,0.4383634266294587
P1,F2,13,PAK,predicted_foreground_fraction,0.8000000000000002,0.8214285714285714,0.8378565149179796,0.6323110241201467,0.4671155333904346
P1,F2,13,PAK,predicted_foreground_fraction,0.8500000000000002,0.8571428571428571,0.8674253542966691,0.6915260712416307,0.5263552344375985
P1,F2,13,PAK,predicted_foreground_fraction,0.9000000000000002,0.9285714285714286,0.9423714745653813,0.7373724594214439,0.7565050562263421
P1,F2,13,PAK,predicted_foreground_fraction,0.9500000000000003,0.9642857142857143,0.9759605064266903,0.8702552920192406,0.8947897383471942
P1,F2,13,PAK,predicted_foreground_fraction,1.0000000000000004,1.0357142857142858,1.0,1.0,1.0
P1,F2,13,PAK,predicted_foreground_scarcity,0.1,0.10714285714285714,0.09324030267145994,0.3084739287583694,0.35952394109358166
P1,F2,13,PAK,predicted_foreground_scarcity,0.15000000000000002,0.17857142857142858,0.16214348508202034,0.3676889758798532,0.5328844666095653
P1,F2,13,PAK,predicted_foreground_scarcity,0.20000000000000004,0.21428571428571427,0.18267600619212324,0.42393458808703394,0.5616365733705413
P1,F2,13,PAK,predicted_foreground_scarcity,0.25000000000000006,0.2857142857142857,0.2795834416880493,0.4621576901418234,0.6862929295720167
P1,F2,13,PAK,predicted_foreground_scarcity,0.30000000000000004,0.32142857142857145,0.3277329291562916,0.4704036397284096,0.7446053104191418
P1,F2,13,PAK,predicted_foreground_scarcity,0.3500000000000001,0.35714285714285715,0.3613626986704644,0.49246477982272696,0.7805756638023927
P1,F2,13,PAK,predicted_foreground_scarcity,0.40000000000000013,0.42857142857142855,0.4526479660378187,0.9189222712580034,0.8606222197662532
P1,F2,13,PAK,predicted_foreground_scarcity,0.45000000000000007,0.4642857142857143,0.4662290438259018,0.9248338530464616,0.8721679606553754
P1,F2,13,PAK,predicted_foreground_scarcity,0.5000000000000001,0.5357142857142857,0.5210955935996869,0.9278578640410611,0.9093661067057166
P1,F2,13,PAK,predicted_foreground_scarcity,0.5500000000000002,0.5714285714285714,0.5648612259764109,0.9604199381305708,0.9311365457408891
P1,F2,13,PAK,predicted_foreground_scarcity,0.6000000000000002,0.6071428571428571,0.6108268776244629,0.9640368438156618,0.9527688365153483
P1,F2,13,PAK,predicted_foreground_scarcity,0.6500000000000001,0.6785714285714286,0.7081294125481644,0.9647091218956754,0.9899186306744399
P1,F2,13,PAK,predicted_foreground_scarcity,0.7000000000000002,0.7142857142857143,0.7303690087282746,0.967973763789763,0.9926073411985743
P1,F2,13,PAK,predicted_foreground_scarcity,0.7500000000000002,0.7857142857142857,0.8015568479994464,0.9849940586494405,0.9964064183681928
P1,F2,13,PAK,predicted_foreground_scarcity,0.8000000000000002,0.8214285714285714,0.850320004494163,0.9849940586494405,0.9984043875887603
P1,F2,13,PAK,predicted_foreground_scarcity,0.8500000000000002,0.8571428571428571,0.8719513261315116,0.988501812173939,0.9991883789683088
P1,F2,13,PAK,predicted_foreground_scarcity,0.9000000000000002,0.9285714285714286,0.9073934561564266,0.9914687663573195,0.9998273146741082
P1,F2,13,PAK,predicted_foreground_scarcity,0.9500000000000003,0.9642857142857143,0.9561566126511432,0.9914687663573195,0.9999654629348217
P1,F2,13,PAK,predicted_foreground_scarcity,1.0000000000000004,1.0357142857142858,1.0,1.0,1.0
P1,F2,13,USA,georisk_v2,0.1,0.10144927536231885,0.10402634415094425,0.35751499469313386,0.26233448821297456
P1,F2,13,USA,georisk_v2,0.15000000000000002,0.15942028985507245,0.16345993470088435,0.43778165539423675,0.3248650300051358
P1,F2,13,USA,georisk_v2,0.20000000000000004,0.2028985507246377,0.20803947880896861,0.4643308998804402,0.3417918681722839
P1,F2,13,USA,georisk_v2,0.25000000000000006,0.2608695652173913,0.26748219694843706,0.4754790472000378,0.35052929337923544
P1,F2,13,USA,georisk_v2,0.30000000000000004,0.30434782608695654,0.31200170306080394,0.49433395723187895,0.3670260738072858
P1,F2,13,USA,georisk_v2,0.3500000000000001,0.36231884057971014,0.3714436274968351,0.5330256096681903,0.3992598904122034
P1,F2,13,USA,georisk_v2,0.40000000000000013,0.4057971014492754,0.416026403111771,0.5411275909810618,0.4122107092436039
P1,F2,13,USA,georisk_v2,0.45000000000000007,0.463768115942029,0.4751955770309028,0.66249947179904,0.51572201712465
P1,F2,13,USA,georisk_v2,0.5000000000000001,0.5072463768115942,0.5197792597354813,0.7156128746809045,0.5646467628814015
P1,F2,13,USA,georisk_v2,0.5500000000000002,0.5507246376811594,0.5643607314090561,0.7214864693556445,0.5779001606672269
P1,F2,13,USA,georisk_v2,0.6000000000000002,0.6086956521739131,0.6238008416658021,0.7417880286048784,0.6080342405085085
P1,F2,13,USA,georisk_v2,0.6500000000000001,0.6521739130434783,0.6683765306429055,0.8050466183953131,0.6848695137417001
P1,F2,13,USA,georisk_v2,0.7000000000000002,0.7101449275362319,0.7278075133101232,0.8146549045634077,0.713657007340287
P1,F2,13,USA,georisk_v2,0.7500000000000002,0.7536231884057971,0.762303622179022,0.8535690228157958,0.7451471977012791
P1,F2,13,USA,georisk_v2,0.8000000000000002,0.8115942028985508,0.8211865526228214,0.8667243337832363,0.7820640280511937
P1,F2,13,USA,georisk_v2,0.8500000000000002,0.855072463768116,0.8624938842315505,0.8756639796773127,0.8323661307917678
P1,F2,13,USA,georisk_v2,0.9000000000000002,0.9130434782608695,0.921465936232732,0.9049461980716315,0.908780137926184
P1,F2,13,USA,georisk_v2,0.9500000000000003,0.9565217391304348,0.9660385637822917,0.9114287773825592,0.9531273696218057
P1,F2,13,USA,georisk_v2,1.0000000000000004,1.0144927536231885,1.0,1.0,1.0
P1,F2,13,USA,soft_dice_risk_binary,0.1,0.10144927536231885,0.1037528566237103,0.42614010623674836,0.3336991632556323
P1,F2,13,USA,soft_dice_risk_binary,0.15000000000000002,0.15942028985507245,0.1631875810357036,0.5815405571339443,0.45497544568121656
P1,F2,13,USA,soft_dice_risk_binary,0.20000000000000004,0.2028985507246377,0.2077655377369134,0.6242527509948821,0.54168373099632
P1,F2,13,USA,soft_dice_risk_binary,0.25000000000000006,0.2608695652173913,0.26720536452814614,0.6526525630796228,0.619255304106502
P1,F2,13,USA,soft_dice_risk_binary,0.30000000000000004,0.30434782608695654,0.3117881968361847,0.7675928204439871,0.6868571570912272
P1,F2,13,USA,soft_dice_risk_binary,0.3500000000000001,0.36231884057971014,0.3606712576741201,0.8028319028408512,0.7383402701817599
P1,F2,13,USA,soft_dice_risk_binary,0.40000000000000013,0.4057971014492754,0.40524779704776337,0.8270943478768807,0.7730884959188473
P1,F2,13,USA,soft_dice_risk_binary,0.45000000000000007,0.463768115942029,0.4646859230459163,0.8598689067358672,0.8154795876427634
P1,F2,13,USA,soft_dice_risk_binary,0.5000000000000001,0.5072463768115942,0.5059968263201131,0.8893512200820762,0.8479734902738816
P1,F2,13,USA,soft_dice_risk_binary,0.5500000000000002,0.5507246376811594,0.550579601935049,0.9128095568331804,0.8695511061715118
P1,F2,13,USA,soft_dice_risk_binary,0.6000000000000002,0.6086956521739131,0.6100116050781146,0.9267180202282326,0.9013446081236222
P1,F2,13,USA,soft_dice_risk_binary,0.6500000000000001,0.6521739130434783,0.6514975199602241,0.9318919039842509,0.9257663196655074
P1,F2,13,USA,soft_dice_risk_binary,0.7000000000000002,0.7101449275362319,0.7109411451893352,0.9405556425533608,0.9477271045538499
P1,F2,13,USA,soft_dice_risk_binary,0.7500000000000002,0.7536231884057971,0.7555160404630012,0.9519871541526538,0.9622831303807586
P1,F2,13,USA,soft_dice_risk_binary,0.8000000000000002,0.8115942028985508,0.814897756824007,0.95611457859506,0.9770684714927399
P1,F2,13,USA,soft_dice_risk_binary,0.8500000000000002,0.855072463768116,0.8594791718044791,0.9740870823173232,0.984400699521515
P1,F2,13,USA,soft_dice_risk_binary,0.9000000000000002,0.9130434782608695,0.9189187151301985,0.9861946911453634,0.9932560792361237
P1,F2,13,USA,soft_dice_risk_binary,0.9500000000000003,0.9565217391304348,0.9554190385643492,0.995775635146119,0.9981889220936119
P1,F2,13,USA,soft_dice_risk_binary,1.0000000000000004,1.0144927536231885,1.0,1.0,1.0
P1,F2,13,USA,predicted_foreground_fraction,0.1,0.10144927536231885,0.10346270132429418,0.014413050665036078,0.009717693102884903
P1,F2,13,USA,predicted_foreground_fraction,0.15000000000000002,0.15942028985507245,0.15538190458210663,0.02965382330497205,0.01800161619654591
P1,F2,13,USA,predicted_foreground_fraction,0.20000000000000004,0.2028985507246377,0.19990129730826817,0.044749185327695874,0.026033512267635114
P1,F2,13,USA,predicted_foreground_fraction,0.25000000000000006,0.2608695652173913,0.2593451493097898,0.05425183130379882,0.041772746354582974
P1,F2,13,USA,predicted_foreground_fraction,0.30000000000000004,0.30434782608695654,0.3039269611419805,0.06210773311061895,0.05707532897219131
P1,F2,13,USA,predicted_foreground_fraction,0.3500000000000001,0.36231884057971014,0.36336349973325893,0.06994872100798143,0.08069919915483031
P1,F2,13,USA,predicted_foreground_fraction,0.40000000000000013,0.4057971014492754,0.40794338399995916,0.096778844122304,0.1013544254553154
P1,F2,13,USA,predicted_foreground_fraction,0.45000000000000007,0.463768115942029,0.46737861864987645,0.10727947920628174,0.13161598408126993
P1,F2,13,USA,predicted_foreground_fraction,0.5000000000000001,0.5072463768115942,0.5119625848199683,0.14425727488075085,0.15803779379647206
P1,F2,13,USA,predicted_foreground_fraction,0.5500000000000002,0.5507246376811594,0.5565428092452844,0.1731579457581113,0.18963787966149254
P1,F2,13,USA,predicted_foreground_fraction,0.6000000000000002,0.6086956521739131,0.6159777604296883,0.19659888294818162,0.23707683820377998
P1,F2,13,USA,predicted_foreground_fraction,0.6500000000000001,0.6521739130434783,0.6574636186186952,0.22254411410134994,0.2745277607032726
P1,F2,13,USA,predicted_foreground_fraction,0.7000000000000002,0.7101449275362319,0.7136263006106414,0.24475465376116368,0.3294711168973129
P1,F2,13,USA,predicted_foreground_fraction,0.7500000000000002,0.7536231884057971,0.75774096127691,0.28011801873684156,0.38685708382755785
P1,F2,13,USA,predicted_foreground_fraction,0.8000000000000002,0.8115942028985508,0.8070892457152771,0.4175844935112066,0.4740840759216753
P1,F2,13,USA,predicted_foreground_fraction,0.8500000000000002,0.855072463768116,0.8516685630509506,0.46686005035930095,0.5645178188233415
P1,F2,13,USA,predicted_foreground_fraction,0.9000000000000002,0.9130434782608695,0.9111084465352861,0.5993763500195124,0.7011347809745972
P1,F2,13,USA,predicted_foreground_fraction,0.9500000000000003,0.9565217391304348,0.9554185283264253,0.7616844266471792,0.8212256572300618
P1,F2,13,USA,predicted_foreground_fraction,1.0000000000000004,1.0144927536231885,1.0,1.0,1.0
P1,F2,13,USA,predicted_foreground_scarcity,0.1,0.10144927536231885,0.10375262985129965,0.4831000549328998,0.33393946809110775
P1,F2,13,USA,predicted_foreground_scarcity,0.15000000000000002,0.15942028985507245,0.16319154955288984,0.5373344866756647,0.4669320765195068
P1,F2,13,USA,predicted_foreground_scarcity,0.20000000000000004,0.2028985507246377,0.20776332670590963,0.6365219271753801,0.5550418958293191
P1,F2,13,USA,predicted_foreground_scarcity,0.25000000000000006,0.2608695652173913,0.2571191513269304,0.7213659152541951,0.6347622923616031
P1,F2,13,USA,predicted_foreground_scarcity,0.30000000000000004,0.30434782608695654,0.3012352860138683,0.7616632986087808,0.6861171940307693
P1,F2,13,USA,predicted_foreground_scarcity,0.3500000000000001,0.36231884057971014,0.3573970609161719,0.7812228908624962,0.739265590325679
P1,F2,13,USA,predicted_foreground_scarcity,0.40000000000000013,0.4057971014492754,0.39888280571897344,0.8116547231108426,0.7751684514917582
P1,F2,13,USA,predicted_foreground_scarcity,0.45000000000000007,0.463768115942029,0.4583178702895827,0.8419013743167565,0.8213025840828817
P1,F2,13,USA,predicted_foreground_scarcity,0.5000000000000001,0.5072463768115942,0.5028987750321308,0.8749307124623114,0.8512703553947336
P1,F2,13,USA,predicted_foreground_scarcity,0.5500000000000002,0.5507246376811594,0.547475994723006,0.895078161313816,0.876423970993448
P1,F2,13,USA,predicted_foreground_scarcity,0.6000000000000002,0.6086956521739131,0.6069177490797292,0.9052308051771151,0.905957288746041
P1,F2,13,USA,predicted_foreground_scarcity,0.6500000000000001,0.6521739130434783,0.6514975199602241,0.9318919039842509,0.9257663196655074
P1,F2,13,USA,predicted_foreground_scarcity,0.7000000000000002,0.7101449275362319,0.7109339451652973,0.9393153024167991,0.9483249360957644
P1,F2,13,USA,predicted_foreground_scarcity,0.7500000000000002,0.7536231884057971,0.7555164373147198,0.9469748377490934,0.9629080694803335
P1,F2,13,USA,predicted_foreground_scarcity,0.8000000000000002,0.8115942028985508,0.814897756824007,0.95611457859506,0.9770684714927399
P1,F2,13,USA,predicted_foreground_scarcity,0.8500000000000002,0.855072463768116,0.8594788316458631,0.974400274415934,0.9844058279783696
P1,F2,13,USA,predicted_foreground_scarcity,0.9000000000000002,0.9130434782608695,0.9113982616760862,0.9883286230235963,0.9925849840248568
P1,F2,13,USA,predicted_foreground_scarcity,0.9500000000000003,0.9565217391304348,0.9554190385643492,0.995775635146119,0.9981889220936119
P1,F2,13,USA,predicted_foreground_scarcity,1.0000000000000004,1.0144927536231885,1.0,1.0,1.0
P1,F2,37,GHA,georisk_v2,0.1,0.10416666666666667,0.13848430167257278,0.040084264022655046,0.04094358403527737
P1,F2,37,GHA,georisk_v2,0.15000000000000002,0.16666666666666666,0.21595757185271608,0.056445470722233375,0.05227172993974163
P1,F2,37,GHA,georisk_v2,0.20000000000000004,0.20833333333333334,0.24746937389532708,0.06124374251351894,0.054069848337275635
P1,F2,37,GHA,georisk_v2,0.25000000000000006,0.2708333333333333,0.3004450253802687,0.07868334868134075,0.06069505838533249
P1,F2,37,GHA,georisk_v2,0.30000000000000004,0.3125,0.33221084777933535,0.10453204733187008,0.06168188288683627
P1,F2,37,GHA,georisk_v2,0.3500000000000001,0.3541666666666667,0.37323263214717944,0.31975323173644815,0.2590895955303914
P1,F2,37,GHA,georisk_v2,0.40000000000000013,0.4166666666666667,0.4500638860108138,0.3205910252238155,0.2591473921931693
P1,F2,37,GHA,georisk_v2,0.45000000000000007,0.4583333333333333,0.5071246506403838,0.32302651166333163,0.2592694073701448
P1,F2,37,GHA,georisk_v2,0.5000000000000001,0.5208333333333334,0.5853718448799771,0.32303343557645037,0.2592694073701448
P1,F2,37,GHA,georisk_v2,0.5500000000000002,0.5625,0.6184849329142469,0.32303343557645037,0.2592694073701448
P1,F2,37,GHA,georisk_v2,0.6000000000000002,0.6041666666666666,0.6755456975438169,0.32303343557645037,0.2592694073701448
P1,F2,37,GHA,georisk_v2,0.6500000000000001,0.6666666666666666,0.7351696298747095,0.3319168161077915,0.2623625991373313
P1,F2,37,GHA,georisk_v2,0.7000000000000002,0.7083333333333334,0.7682488702950728,0.3319168161077915,0.2623647397544712
P1,F2,37,GHA,georisk_v2,0.7500000000000002,0.7708333333333334,0.8197699450602074,0.3319168161077915,0.2623647397544712
P1,F2,37,GHA,georisk_v2,0.8000000000000002,0.8125,0.8768307096897774,0.3448801124443491,0.26257452023418354
P1,F2,37,GHA,georisk_v2,0.8500000000000002,0.8541666666666666,0.8918922448695289,0.3919332950210141,0.30487311491903113
P1,F2,37,GHA,georisk_v2,0.9000000000000002,0.9166666666666666,0.8988771516634306,0.39236950154749456,0.3074632616583361
P1,F2,37,GHA,georisk_v2,0.9500000000000003,0.9583333333333334,0.9559379162930006,0.7640122691740464,0.8343932955871177
P1,F2,37,GHA,georisk_v2,1.0000000000000004,1.0208333333333333,1.0,1.0,1.0
P1,F2,37,GHA,soft_dice_risk_binary,0.1,0.10416666666666667,0.09960580045797672,0.7687845762911367,0.8665860367543963
P1,F2,37,GHA,soft_dice_risk_binary,0.15000000000000002,0.16666666666666666,0.17402016055305478,0.8840365721090931,0.9452901071378879
P1,F2,37,GHA,soft_dice_risk_binary,0.20000000000000004,0.20833333333333334,0.23108092518262474,0.9053881891890021,0.9633890250559236
P1,F2,37,GHA,soft_dice_risk_binary,0.25000000000000006,0.2708333333333333,0.2905087372554483,0.9183705262866362,0.9787222656291809
P1,F2,37,GHA,soft_dice_risk_binary,0.30000000000000004,0.3125,0.3203106362045397,0.9234024801456792,0.9845169162269483
P1,F2,37,GHA,soft_dice_risk_binary,0.3500000000000001,0.3541666666666667,0.3773714008341097,0.9468935863792781,0.9922445441020646
P1,F2,37,GHA,soft_dice_risk_binary,0.40000000000000013,0.4166666666666667,0.4222291755548397,0.9482281706329149,0.9956759533773587
P1,F2,37,GHA,soft_dice_risk_binary,0.45000000000000007,0.4583333333333333,0.45096547325712,0.9493550374929896,0.9967912149072577
P1,F2,37,GHA,soft_dice_risk_binary,0.5000000000000001,0.5208333333333334,0.5090834588561031,0.9800020079348044,0.9993471117723239
P1,F2,37,GHA,soft_dice_risk_binary,0.5500000000000002,0.5625,0.5249323047721871,0.9809246193578763,0.9996082670633943
P1,F2,37,GHA,soft_dice_risk_binary,0.6000000000000002,0.6041666666666666,0.581993069401757,0.9894704591246789,0.9998501568002055
P1,F2,37,GHA,soft_dice_risk_binary,0.6500000000000001,0.6666666666666666,0.667584216346112,0.9971611956213173,1.0
P1,F2,37,GHA,soft_dice_risk_binary,0.7000000000000002,0.7083333333333334,0.6753185593758979,0.9971611956213173,1.0
P1,F2,37,GHA,soft_dice_risk_binary,0.7500000000000002,0.7708333333333334,0.7360806857461276,0.9971681195344361,1.0
P1,F2,37,GHA,soft_dice_risk_binary,0.8000000000000002,0.8125,0.7931414503756976,0.9971681195344361,1.0
P1,F2,37,GHA,soft_dice_risk_binary,0.8500000000000002,0.8541666666666666,0.8502022150052676,0.9971681195344361,1.0
P1,F2,37,GHA,soft_dice_risk_binary,0.9000000000000002,0.9166666666666666,0.9118456853543225,0.9971681195344361,1.0
P1,F2,37,GHA,soft_dice_risk_binary,0.9500000000000003,0.9583333333333334,0.9689064499838924,1.0,1.0
P1,F2,37,GHA,soft_dice_risk_binary,1.0000000000000004,1.0208333333333333,1.0,1.0,1.0
P1,F2,37,GHA,predicted_foreground_fraction,0.1,0.10416666666666667,0.10792480387974193,0.0028318804655639183,0.0
P1,F2,37,GHA,predicted_foreground_fraction,0.15000000000000002,0.16666666666666666,0.1695682742287968,0.0028318804655639183,0.0
P1,F2,37,GHA,predicted_foreground_fraction,0.20000000000000004,0.20833333333333334,0.20264751464916023,0.0028318804655639183,0.0
P1,F2,37,GHA,predicted_foreground_fraction,0.25000000000000006,0.2708333333333333,0.2541685894142948,0.0028318804655639183,0.0
P1,F2,37,GHA,predicted_foreground_fraction,0.30000000000000004,0.3125,0.31122935404386476,0.0028318804655639183,0.0
P1,F2,37,GHA,predicted_foreground_fraction,0.3500000000000001,0.3541666666666667,0.360946165968673,0.0028388043786826563,2.140617139921439e-06
P1,F2,37,GHA,predicted_foreground_fraction,0.40000000000000013,0.4166666666666667,0.42869613767163245,0.01145215229839296,0.00018195245689332234
P1,F2,37,GHA,predicted_foreground_fraction,0.45000000000000007,0.4583333333333333,0.4857569023012024,0.019997992065195567,0.00042384219370444497
P1,F2,37,GHA,predicted_foreground_fraction,0.5000000000000001,0.5208333333333334,0.5694238504871444,0.051771829367085104,0.0035320182808703748
P1,F2,37,GHA,predicted_foreground_fraction,0.5500000000000002,0.5625,0.5949959948804123,0.05310641362072189,0.0052016996500090975
P1,F2,37,GHA,predicted_foreground_fraction,0.6000000000000002,0.6041666666666666,0.619441264050569,0.05310641362072189,0.007192473590136036
P1,F2,37,GHA,predicted_foreground_fraction,0.6500000000000001,0.6666666666666666,0.6767079440676342,0.07659751985432087,0.014943648253791568
P1,F2,37,GHA,predicted_foreground_fraction,0.7000000000000002,0.7083333333333334,0.7053922187491838,0.08162947371336385,0.019995504704006167
P1,F2,37,GHA,predicted_foreground_fraction,0.7500000000000002,0.7708333333333334,0.7906704657257538,0.10807535987038434,0.04284017082124777
P1,F2,37,GHA,predicted_foreground_fraction,0.8000000000000002,0.8125,0.8232998920359068,0.11552722136442632,0.05342552257815928
P1,F2,37,GHA,predicted_foreground_fraction,0.8500000000000002,0.8541666666666666,0.8534830391892245,0.13101774598932334,0.06778906358703214
P1,F2,37,GHA,predicted_foreground_fraction,0.9000000000000002,0.9166666666666666,0.9257776244416777,0.3987931619434039,0.25427962881698796
P1,F2,37,GHA,predicted_foreground_fraction,0.9500000000000003,0.9583333333333334,0.9586803348628247,0.6942728852638357,0.5459751046226627
P1,F2,37,GHA,predicted_foreground_fraction,1.0000000000000004,1.0208333333333333,1.0,1.0,1.0
P1,F2,37,GHA,predicted_foreground_scarcity,0.1,0.10416666666666667,0.09960580045797672,0.7687845762911367,0.8665860367543963
P1,F2,37,GHA,predicted_foreground_scarcity,0.15000000000000002,0.16666666666666666,0.14919690822181397,0.8694184605371572,0.9334953066969207
P1,F2,37,GHA,predicted_foreground_scarcity,0.20000000000000004,0.20833333333333334,0.2052304902788782,0.8919246401296157,0.9558775995119393
P1,F2,37,GHA,predicted_foreground_scarcity,0.25000000000000006,0.2708333333333333,0.26639029890381616,0.9156736621268876,0.974578030846293
P1,F2,37,GHA,predicted_foreground_scarcity,0.30000000000000004,0.3125,0.2975892009786423,0.9183705262866362,0.980543930815254
P1,F2,37,GHA,predicted_foreground_scarcity,0.3500000000000001,0.3541666666666667,0.3518224382471507,0.940842086313501,0.9896907878541383
P1,F2,37,GHA,predicted_foreground_scarcity,0.40000000000000013,0.4166666666666667,0.3989352694313601,0.9468935863792781,0.9943402082820477
P1,F2,37,GHA,predicted_foreground_scarcity,0.45000000000000007,0.4583333333333333,0.425416510670161,0.9482281706329149,0.996238935685158
P1,F2,37,GHA,predicted_foreground_scarcity,0.5000000000000001,0.5208333333333334,0.48763691414242555,0.9541533092842751,0.9988183793387634
P1,F2,37,GHA,predicted_foreground_scarcity,0.5500000000000002,0.5625,0.5427734800135826,0.9824374943743206,0.9996981729832711
P1,F2,37,GHA,predicted_foreground_scarcity,0.6000000000000002,0.6041666666666666,0.5998342446431526,0.9954007907108782,0.9999079534629833
P1,F2,37,GHA,predicted_foreground_scarcity,0.6500000000000001,0.6666666666666666,0.667584216346112,0.9971611956213173,1.0
P1,F2,37,GHA,predicted_foreground_scarcity,0.7000000000000002,0.7083333333333334,0.724644980975682,0.9971611956213173,1.0
P1,F2,37,GHA,predicted_foreground_scarcity,0.7500000000000002,0.7708333333333334,0.7755090202258539,0.9999930760868813,1.0
P1,F2,37,GHA,predicted_foreground_scarcity,0.8000000000000002,0.8125,0.8086221082601238,0.9999930760868813,1.0
P1,F2,37,GHA,predicted_foreground_scarcity,0.8500000000000002,0.8541666666666666,0.8417013486804872,0.9999930760868813,1.0
P1,F2,37,GHA,predicted_foreground_scarcity,0.9000000000000002,0.9166666666666666,0.8932224234456217,0.9999930760868813,1.0
P1,F2,37,GHA,predicted_foreground_scarcity,0.9500000000000003,0.9583333333333334,0.9502831880751917,0.9999930760868813,1.0
P1,F2,37,GHA,predicted_foreground_scarcity,1.0000000000000004,1.0208333333333333,1.0,1.0,1.0
P1,F2,37,PAK,georisk_v2,0.1,0.10714285714285714,0.0685127333997785,0.006772395418586132,0.020301378272117393
P1,F2,37,PAK,georisk_v2,0.15000000000000002,0.17857142857142858,0.12263428637119034,0.19590084022356347,0.22819475793065
P1,F2,37,PAK,georisk_v2,0.20000000000000004,0.21428571428571427,0.1663999187479143,0.2284629143130732,0.2514255647449643
P1,F2,37,PAK,georisk_v2,0.25000000000000006,0.2857142857142857,0.2095498359146868,0.2935895432230152,0.3358507348627052
P1,F2,37,PAK,georisk_v2,0.30000000000000004,0.32142857142857145,0.2431796054288596,0.3156506833173326,0.37023759064420286
P1,F2,37,PAK,georisk_v2,0.3500000000000001,0.35714285714285715,0.27879138266570086,0.36149707149714594,0.5062712320930067
P1,F2,37,PAK,georisk_v2,0.40000000000000013,0.42857142857142855,0.34867673314530767,0.3644640256805265,0.506830809319884
P1,F2,37,PAK,georisk_v2,0.45000000000000007,0.4642857142857143,0.38801107617717867,0.3644640256805265,0.6481407629042059
P1,F2,37,PAK,georisk_v2,0.5000000000000001,0.5357142857142857,0.46019484875169786,0.5208542645004924,0.8330747724629541
P1,F2,37,PAK,georisk_v2,0.5500000000000002,0.5714285714285714,0.5077044388416221,0.5378695978983248,0.8358246351786158
P1,F2,37,PAK,georisk_v2,0.6000000000000002,0.6071428571428571,0.5515478261904788,0.5464008315410053,0.8359165060666106
P1,F2,37,PAK,georisk_v2,0.6500000000000001,0.6785714285714286,0.6305357168766609,0.5610024137511876,0.9095614626680558
P1,F2,37,PAK,georisk_v2,0.7000000000000002,0.7142857142857143,0.6786852043449032,0.5692483633377738,0.9198510021234703
P1,F2,37,PAK,georisk_v2,0.7500000000000002,0.7857142857142857,0.7762113313176566,0.5692483633377738,0.9271129782245116
P1,F2,37,PAK,georisk_v2,0.8000000000000002,0.8214285714285714,0.8240620759982306,0.9957058547730503,0.9607794827251411
P1,F2,37,PAK,georisk_v2,0.8500000000000002,0.8571428571428571,0.8700277276462826,0.9993227604581414,0.9877978756945126
P1,F2,37,PAK,georisk_v2,0.9000000000000002,0.9285714285714286,0.9620018147787276,0.9999950385381549,0.9996596601194739
P1,F2,37,PAK,georisk_v2,0.9500000000000003,0.9642857142857143,0.9856800639599752,1.0,0.9996700999931096
P1,F2,37,PAK,georisk_v2,1.0000000000000004,1.0357142857142858,1.0,1.0,1.0
P1,F2,37,PAK,soft_dice_risk_binary,0.1,0.10714285714285714,0.09876964847683962,0.2379442678990938,0.3856364042569629
P1,F2,37,PAK,soft_dice_risk_binary,0.15000000000000002,0.17857142857142858,0.16214348508202034,0.3676889758798532,0.6500366439564615
P1,F2,37,PAK,soft_dice_risk_binary,0.20000000000000004,0.21428571428571427,0.18267600619212324,0.42393458808703394,0.6797735800205874
P1,F2,37,PAK,soft_dice_risk_binary,0.25000000000000006,0.2857142857142857,0.24440136298141582,0.4564917007146986,0.7545961543681475
P1,F2,37,PAK,soft_dice_risk_binary,0.30000000000000004,0.32142857142857145,0.27803113249558864,0.47855284080901594,0.7889830101496451
P1,F2,37,PAK,soft_dice_risk_binary,0.3500000000000001,0.35714285714285715,0.32679428899030516,0.49013041202459895,0.8410863314910436
P1,F2,37,PAK,soft_dice_risk_binary,0.40000000000000013,0.42857142857142855,0.3952017369493488,0.5226924861141087,0.8812610532162118
P1,F2,37,PAK,soft_dice_risk_binary,0.45000000000000007,0.4642857142857143,0.4430524816299228,0.9491499775493851,0.9149275577168414
P1,F2,37,PAK,soft_dice_risk_binary,0.5000000000000001,0.5357142857142857,0.5192428674694403,0.9557908942290757,0.9634875859462597
P1,F2,37,PAK,soft_dice_risk_binary,0.5500000000000002,0.5714285714285714,0.5673923549376826,0.9640368438156618,0.9737771254016742
P1,F2,37,PAK,soft_dice_risk_binary,0.6000000000000002,0.6071428571428571,0.5817122909777074,0.9640368438156618,0.9741070254085644
P1,F2,37,PAK,soft_dice_risk_binary,0.6500000000000001,0.6785714285714286,0.6739097841425244,0.9640368438156618,0.9864323402229539
P1,F2,37,PAK,soft_dice_risk_binary,0.7000000000000002,0.7142857142857143,0.7224493485881892,0.9647091218956754,0.9925020827547903
P1,F2,37,PAK,soft_dice_risk_binary,0.7500000000000002,0.7857142857142857,0.7663202664056481,0.9714815173142615,0.9958595461160538
P1,F2,37,PAK,soft_dice_risk_binary,0.8000000000000002,0.8214285714285714,0.8138298564955723,0.9884968507120938,0.9986094088317155
P1,F2,37,PAK,soft_dice_risk_binary,0.8500000000000002,0.8571428571428571,0.8375081056768199,0.988501812173939,0.9986198487053513
P1,F2,37,PAK,soft_dice_risk_binary,0.9000000000000002,0.9285714285714286,0.9073934561564266,0.9914687663573195,0.9998768094910979
P1,F2,37,PAK,soft_dice_risk_binary,0.9500000000000003,0.9642857142857143,0.9512368435052835,1.0,0.9999686803790927
P1,F2,37,PAK,soft_dice_risk_binary,1.0000000000000004,1.0357142857142858,1.0,1.0,1.0
P1,F2,37,PAK,predicted_foreground_fraction,0.1,0.10714285714285714,0.11628479302482095,0.008536195104525598,0.00013363038253784976
P1,F2,37,PAK,predicted_foreground_fraction,0.15000000000000002,0.17857142857142858,0.17936788555956235,0.008536195104525598,0.0011922335692048783
P1,F2,37,PAK,predicted_foreground_fraction,0.20000000000000004,0.21428571428571427,0.20049007954445258,0.01150314928790619,0.0017204911751748156
P1,F2,37,PAK,predicted_foreground_fraction,0.25000000000000006,0.2857142857142857,0.26963099127172535,0.03202623621023699,0.0053911507455113765
P1,F2,37,PAK,predicted_foreground_fraction,0.30000000000000004,0.32142857142857145,0.29187058745183564,0.03529087810432466,0.00782781725209998
P1,F2,37,PAK,predicted_foreground_fraction,0.3500000000000001,0.35714285714285715,0.34041015189750035,0.03596315618433815,0.013897559783936374
P1,F2,37,PAK,predicted_foreground_fraction,0.40000000000000013,0.42857142857142855,0.43260764506231747,0.03596315618433815,0.02622287459832586
P1,F2,37,PAK,predicted_foreground_fraction,0.45000000000000007,0.4642857142857143,0.48075713253055974,0.044209105770924344,0.0365124140537403
P1,F2,37,PAK,predicted_foreground_fraction,0.5000000000000001,0.5357142857142857,0.5704884165553357,0.08038808554552514,0.08676161383742612
P1,F2,37,PAK,predicted_foreground_fraction,0.5500000000000002,0.5714285714285714,0.5951302321376554,0.08038808554552514,0.10370552874828003
P1,F2,37,PAK,predicted_foreground_fraction,0.6000000000000002,0.6071428571428571,0.6429809768182293,0.5068455769808016,0.13737203324890956
P1,F2,37,PAK,predicted_foreground_fraction,0.6500000000000001,0.6785714285714286,0.6867867887977779,0.5157811697638592,0.17189251941294503
P1,F2,37,PAK,predicted_foreground_fraction,0.7000000000000002,0.7142857142857143,0.7204165583119507,0.5378423098581766,0.20627937519444264
P1,F2,37,PAK,predicted_foreground_fraction,0.7500000000000002,0.7857142857142857,0.8173239938078768,0.576065411912966,0.3202264199794126
P1,F2,37,PAK,predicted_foreground_fraction,0.8000000000000002,0.8214285714285714,0.8378565149179796,0.6323110241201467,0.34996335604353845
P1,F2,37,PAK,predicted_foreground_fraction,0.8500000000000002,0.8571428571428571,0.8674253542966691,0.6915260712416307,0.4214096752572907
P1,F2,37,PAK,predicted_foreground_fraction,0.9000000000000002,0.9285714285714286,0.9423714745653813,0.7373724594214439,0.6987532702904165
P1,F2,37,PAK,predicted_foreground_fraction,0.9500000000000003,0.9642857142857143,0.9664109681386911,0.8671171674022033,0.8218435564055933
P1,F2,37,PAK,predicted_foreground_fraction,1.0000000000000004,1.0357142857142858,1.0,1.0,1.0
P1,F2,37,PAK,predicted_foreground_scarcity,0.1,0.10714285714285714,0.09324030267145994,0.3084739287583694,0.4372803711583875
P1,F2,37,PAK,predicted_foreground_scarcity,0.15000000000000002,0.17857142857142858,0.16214348508202034,0.3676889758798532,0.6500366439564615
P1,F2,37,PAK,predicted_foreground_scarcity,0.20000000000000004,0.21428571428571427,0.18267600619212324,0.42393458808703394,0.6797735800205874
P1,F2,37,PAK,predicted_foreground_scarcity,0.25000000000000006,0.2857142857142857,0.2795834416880493,0.4621576901418234,0.7937206248055574
P1,F2,37,PAK,predicted_foreground_scarcity,0.30000000000000004,0.32142857142857145,0.31321321120222206,0.48421883023614076,0.828107480587055
P1,F2,37,PAK,predicted_foreground_scarcity,0.3500000000000001,0.35714285714285715,0.32679428899030516,0.49013041202459895,0.8410863314910436
P1,F2,37,PAK,predicted_foreground_scarcity,0.40000000000000013,0.42857142857142855,0.4048697678623447,0.9196119144544749,0.89629447125172
P1,F2,37,PAK,predicted_foreground_scarcity,0.45000000000000007,0.4642857142857143,0.42951158344466434,0.9196119144544749,0.9132383861625739
P1,F2,37,PAK,predicted_foreground_scarcity,0.5000000000000001,0.5357142857142857,0.5192428674694403,0.9557908942290757,0.9634875859462597
P1,F2,37,PAK,predicted_foreground_scarcity,0.5500000000000002,0.5714285714285714,0.5673923549376826,0.9640368438156618,0.9737771254016742
P1,F2,37,PAK,predicted_foreground_scarcity,0.6000000000000002,0.6071428571428571,0.6161553254157194,0.9640368438156618,0.9803103983229386
P1,F2,37,PAK,predicted_foreground_scarcity,0.6500000000000001,0.6785714285714286,0.7081294125481644,0.9647091218956754,0.9921721827479
P1,F2,37,PAK,predicted_foreground_scarcity,0.7000000000000002,0.7142857142857143,0.7303690087282746,0.967973763789763,0.9946088492544887
P1,F2,37,PAK,predicted_foreground_scarcity,0.7500000000000002,0.7857142857142857,0.7995099204555474,0.9884968507120938,0.9982795088248252
P1,F2,37,PAK,predicted_foreground_scarcity,0.8000000000000002,0.8214285714285714,0.8206321144404376,0.9914638048954744,0.9988077664307952
P1,F2,37,PAK,predicted_foreground_scarcity,0.8500000000000002,0.8571428571428571,0.8349520504804625,0.9914638048954744,0.9991376664376854
P1,F2,37,PAK,predicted_foreground_scarcity,0.9000000000000002,0.9285714285714286,0.9275585943240359,0.9999950385381549,0.9999582405054569
P1,F2,37,PAK,predicted_foreground_scarcity,0.9500000000000003,0.9642857142857143,0.9763217508187524,0.9999950385381549,0.9999895601263642
P1,F2,37,PAK,predicted_foreground_scarcity,1.0000000000000004,1.0357142857142858,1.0,1.0,1.0
P1,F2,37,USA,georisk_v2,0.1,0.10144927536231885,0.10401999452344628,0.051557384995115696,0.03385189519083416
P1,F2,37,USA,georisk_v2,0.15000000000000002,0.15942028985507245,0.16340301482581326,0.07724410838435133,0.052730668999814816
P1,F2,37,USA,georisk_v2,0.20000000000000004,0.2028985507246377,0.20798136837874168,0.08528643405939215,0.06129948658216162
P1,F2,37,USA,georisk_v2,0.25000000000000006,0.2608695652173913,0.26742635424231653,0.12128861149017298,0.08188585108467235
P1,F2,37,USA,georisk_v2,0.30000000000000004,0.30434782608695654,0.31200981017448437,0.13208876758909197,0.08923419421848036
P1,F2,37,USA,georisk_v2,0.3500000000000001,0.36231884057971014,0.37144396765545107,0.19157662393831607,0.12408380546482699
P1,F2,37,USA,georisk_v2,0.40000000000000013,0.4057971014492754,0.4160267999634896,0.20795706782597456,0.13642676750733357
P1,F2,37,USA,georisk_v2,0.45000000000000007,0.463768115942029,0.47491335876585916,0.40930603093641954,0.2720597904997571
P1,F2,37,USA,georisk_v2,0.5000000000000001,0.5072463768115942,0.5194912587739663,0.4443276188203595,0.3189323163383888
P1,F2,37,USA,georisk_v2,0.5500000000000002,0.5507246376811594,0.5640730139130543,0.4909137006629233,0.3555237371880376
P1,F2,37,USA,georisk_v2,0.6000000000000002,0.6086956521739131,0.6235089855733061,0.5325943491197065,0.396431437382079
P1,F2,37,USA,georisk_v2,0.6500000000000001,0.6521739130434783,0.6680901737813676,0.6062305342410933,0.46646815225938737
P1,F2,37,USA,georisk_v2,0.7000000000000002,0.7101449275362319,0.7275289234036498,0.6858173692360847,0.5420684592902327
P1,F2,37,USA,georisk_v2,0.7500000000000002,0.7536231884057971,0.7721099415324032,0.7449684197967235,0.6062731984079485
P1,F2,37,USA,georisk_v2,0.8000000000000002,0.8115942028985508,0.81393675204081,0.7650847980035247,0.6286490106038363
P1,F2,37,USA,georisk_v2,0.8500000000000002,0.855072463768116,0.858509492976575,0.8175904590749896,0.7000343531015751
P1,F2,37,USA,georisk_v2,0.9000000000000002,0.9130434782608695,0.9176717503371822,0.8823777245848341,0.835519765110668
P1,F2,37,USA,georisk_v2,0.9500000000000003,0.9565217391304348,0.9589807827389912,0.9083664546405872,0.9494633669796914
P1,F2,37,USA,georisk_v2,1.0000000000000004,1.0144927536231885,1.0,1.0,1.0
P1,F2,37,USA,soft_dice_risk_binary,0.1,0.10144927536231885,0.1037528566237103,0.42614010623674836,0.359959447237125
P1,F2,37,USA,soft_dice_risk_binary,0.15000000000000002,0.15942028985507245,0.1631877511150116,0.565981621092245,0.5055105863913408
P1,F2,37,USA,soft_dice_risk_binary,0.20000000000000004,0.2028985507246377,0.2077655377369134,0.6242527509948821,0.603736302371706
P1,F2,37,USA,soft_dice_risk_binary,0.25000000000000006,0.2608695652173913,0.2566550048954494,0.6704746848815214,0.6871667011092294
P1,F2,37,USA,soft_dice_risk_binary,0.30000000000000004,0.30434782608695654,0.30123471908284166,0.6973905629752255,0.7334575054817352
P1,F2,37,USA,soft_dice_risk_binary,0.3500000000000001,0.36231884057971014,0.35739655067824794,0.7187733806601393,0.802568296918151
P1,F2,37,USA,soft_dice_risk_binary,0.40000000000000013,0.4057971014492754,0.40197756880700136,0.7520463126601692,0.8374346821398762
P1,F2,37,USA,soft_dice_risk_binary,0.45000000000000007,0.463768115942029,0.46140991210868293,0.775806656077791,0.8746715655620892
P1,F2,37,USA,soft_dice_risk_binary,0.5000000000000001,0.5072463768115942,0.5028965073080244,0.8130379882130402,0.8941790279682555
P1,F2,37,USA,soft_dice_risk_binary,0.5500000000000002,0.5507246376811594,0.5474755411781848,0.8292779927866392,0.9115474730341572
P1,F2,37,USA,soft_dice_risk_binary,0.6000000000000002,0.6086956521739131,0.6069129868591058,0.8465694279770027,0.9320164197090185
P1,F2,37,USA,soft_dice_risk_binary,0.6500000000000001,0.6521739130434783,0.6514893561534411,0.8525623339274041,0.9455919334623364
P1,F2,37,USA,soft_dice_risk_binary,0.7000000000000002,0.7101449275362319,0.7109340585515026,0.8651397309033604,0.9591473184452001
P1,F2,37,USA,soft_dice_risk_binary,0.7500000000000002,0.7536231884057971,0.7555164373147198,0.9506362025209478,0.9708911140871871
P1,F2,37,USA,soft_dice_risk_binary,0.8000000000000002,0.8115942028985508,0.814958701909367,0.966302021580427,0.9809286609536743
P1,F2,37,USA,soft_dice_risk_binary,0.8500000000000002,0.855072463768116,0.8594792851906844,0.9738944443201618,0.9873591321547714
P1,F2,37,USA,soft_dice_risk_binary,0.9000000000000002,0.9130434782608695,0.9108402314665995,0.9883509938877828,0.9937781970526113
P1,F2,37,USA,soft_dice_risk_binary,0.9500000000000003,0.9565217391304348,0.9554190385643492,0.995775635146119,0.9987969704858548
P1,F2,37,USA,soft_dice_risk_binary,1.0000000000000004,1.0144927536231885,1.0,1.0,1.0
P1,F2,37,USA,predicted_foreground_fraction,0.1,0.10144927536231885,0.10401931420621435,0.023834912964910058,0.00745301274016978
P1,F2,37,USA,predicted_foreground_fraction,0.15000000000000002,0.15942028985507245,0.15538122426487472,0.03941373421921956,0.014098861785126718
P1,F2,37,USA,predicted_foreground_fraction,0.20000000000000004,0.2028985507246377,0.1999018642392948,0.04499775048532347,0.020687008354781655
P1,F2,37,USA,predicted_foreground_fraction,0.25000000000000006,0.2608695652173913,0.2593444689925579,0.050786833006470154,0.03211880805472878
P1,F2,37,USA,predicted_foreground_fraction,0.30000000000000004,0.30434782608695654,0.3039267910626725,0.05749560661083893,0.04179537897107093
P1,F2,37,USA,predicted_foreground_fraction,0.3500000000000001,0.36231884057971014,0.36336491706082547,0.06911354207835271,0.05742671114677631
P1,F2,37,USA,predicted_foreground_fraction,0.40000000000000013,0.4057971014492754,0.4079450280999363,0.09867042497185,0.07161145568584089
P1,F2,37,USA,predicted_foreground_fraction,0.45000000000000007,0.463768115942029,0.4673840044946292,0.11154734296274754,0.09264199505637398
P1,F2,37,USA,predicted_foreground_fraction,0.5000000000000001,0.5072463768115942,0.5119657596337172,0.21461612839881783,0.10959578745091934
P1,F2,37,USA,predicted_foreground_fraction,0.5500000000000002,0.5507246376811594,0.5565489321003717,0.24065954278924906,0.13157774670492028
P1,F2,37,USA,predicted_foreground_fraction,0.6000000000000002,0.6086956521739131,0.6128872493243599,0.27245102644981845,0.17002369827241473
P1,F2,37,USA,predicted_foreground_fraction,0.6500000000000001,0.6521739130434783,0.6574639587773112,0.29943028865871757,0.20541544440299409
P1,F2,37,USA,predicted_foreground_fraction,0.7000000000000002,0.7101449275362319,0.7169015745375402,0.3422356944537656,0.27058837737955616
P1,F2,37,USA,predicted_foreground_fraction,0.7500000000000002,0.7536231884057971,0.7513936581961502,0.3958424991735208,0.3176286429719727
P1,F2,37,USA,predicted_foreground_fraction,0.8000000000000002,0.8115942028985508,0.8075529386019368,0.45576783020016953,0.4078390825574811
P1,F2,37,USA,predicted_foreground_fraction,0.8500000000000002,0.855072463768116,0.8521364512272073,0.5628248435903745,0.5074409354778973
P1,F2,37,USA,predicted_foreground_fraction,0.9000000000000002,0.9130434782608695,0.911109977249058,0.6399483978732765,0.6608000246912917
P1,F2,37,USA,predicted_foreground_fraction,0.9500000000000003,0.9565217391304348,0.9554199456539918,0.8020302802075022,0.8035324650229065
P1,F2,37,USA,predicted_foreground_fraction,1.0000000000000004,1.0144927536231885,1.0,1.0,1.0
P1,F2,37,USA,predicted_foreground_scarcity,0.1,0.10144927536231885,0.10375166606855443,0.4048181870154533,0.37974334475752886
P1,F2,37,USA,predicted_foreground_scarcity,0.15000000000000002,0.15942028985507245,0.16272485193178912,0.46269161266588615,0.5288787469706201
P1,F2,37,USA,predicted_foreground_scarcity,0.20000000000000004,0.2028985507246377,0.20729963381924993,0.5983385904864171,0.6183263061559148
P1,F2,37,USA,predicted_foreground_scarcity,0.25000000000000006,0.2608695652173913,0.2634666244869983,0.6379051922775777,0.7036635704144648
P1,F2,37,USA,predicted_foreground_scarcity,0.30000000000000004,0.30434782608695654,0.29795859475940295,0.6838102055882419,0.7469578718253574
P1,F2,37,USA,predicted_foreground_scarcity,0.3500000000000001,0.36231884057971014,0.35739065459557123,0.7029273518613802,0.80650682633702
P1,F2,37,USA,predicted_foreground_scarcity,0.40000000000000013,0.4057971014492754,0.39887651278457814,0.7288725830145485,0.8389939908910604
P1,F2,37,USA,predicted_foreground_scarcity,0.45000000000000007,0.463768115942029,0.4583120875931113,0.7665326900467054,0.876704571377962
P1,F2,37,USA,predicted_foreground_scarcity,0.5000000000000001,0.5072463768115942,0.5028935592666861,0.7867882647417781,0.896095286915494
P1,F2,37,USA,predicted_foreground_scarcity,0.5500000000000002,0.5507246376811594,0.5474759380299034,0.8904548493819427,0.9128571850317095
P1,F2,37,USA,predicted_foreground_scarcity,0.6000000000000002,0.6086956521739131,0.6069164451383681,0.9180493103559701,0.9332523262149055
P1,F2,37,USA,predicted_foreground_scarcity,0.6500000000000001,0.6521739130434783,0.6514892994603384,0.9330290895803972,0.9469298257385246
P1,F2,37,USA,predicted_foreground_scarcity,0.7000000000000002,0.7101449275362319,0.7109337183928865,0.944233164060461,0.9616110799487924
P1,F2,37,USA,predicted_foreground_scarcity,0.7500000000000002,0.7536231884057971,0.7555163239285145,0.9513421275686103,0.9709716291690038
P1,F2,37,USA,predicted_foreground_scarcity,0.8000000000000002,0.8115942028985508,0.8149589286817777,0.9576768106107495,0.9816754383375246
P1,F2,37,USA,predicted_foreground_scarcity,0.8500000000000002,0.855072463768116,0.8519553734573098,0.9653574739814421,0.9868867770081132
P1,F2,37,USA,predicted_foreground_scarcity,0.9000000000000002,0.9130434782608695,0.9108404582390102,0.9790969130693075,0.994272022887754
P1,F2,37,USA,predicted_foreground_scarcity,0.9500000000000003,0.9565217391304348,0.9554190385643492,0.995775635146119,0.9987969704858548
P1,F2,37,USA,predicted_foreground_scarcity,1.0000000000000004,1.0144927536231885,1.0,1.0,1.0
P1,F2,71,GHA,georisk_v2,0.1,0.10416666666666667,0.11602265504601535,0.030234997611249974,0.035432567943026856
P1,F2,71,GHA,georisk_v2,0.15000000000000002,0.16666666666666666,0.19145995315751438,0.05398401960852195,0.056003668033815256
P1,F2,71,GHA,georisk_v2,0.20000000000000004,0.20833333333333334,0.2404028410228727,0.056445470722233375,0.05873416335524725
P1,F2,71,GHA,georisk_v2,0.25000000000000006,0.2708333333333333,0.2847039258878741,0.2573185761665063,0.24857088110369496
P1,F2,71,GHA,georisk_v2,0.30000000000000004,0.3125,0.3183939470453536,0.2633700762322834,0.2517302261497963
P1,F2,71,GHA,georisk_v2,0.3500000000000001,0.3541666666666667,0.3735305129165107,0.29401704667409834,0.25346843620404125
P1,F2,71,GHA,georisk_v2,0.40000000000000013,0.4166666666666667,0.4343924407721174,0.32664252528959264,0.27509113056649226
P1,F2,71,GHA,georisk_v2,0.45000000000000007,0.4583333333333333,0.4672951511932644,0.375208582882702,0.3209164609860806
P1,F2,71,GHA,georisk_v2,0.5000000000000001,0.5208333333333334,0.5289386215423193,0.3820615258919731,0.32098945668389667
P1,F2,71,GHA,georisk_v2,0.5500000000000002,0.5625,0.5859993861718893,0.3820615258919731,0.32098945668389667
P1,F2,71,GHA,georisk_v2,0.6000000000000002,0.6041666666666666,0.6430601508014593,0.3820615258919731,0.32098945668389667
P1,F2,71,GHA,georisk_v2,0.6500000000000001,0.6666666666666666,0.6866970170565854,0.3825046563315724,0.3230561473783139
P1,F2,71,GHA,georisk_v2,0.7000000000000002,0.7083333333333334,0.711051082688306,0.3825046563315724,0.3230561473783139
P1,F2,71,GHA,georisk_v2,0.7500000000000002,0.7708333333333334,0.7534561570006878,0.3834272677546442,0.3230675529560976
P1,F2,71,GHA,georisk_v2,0.8000000000000002,0.8125,0.8105169216302578,0.3895376210819307,0.32316792204059475
P1,F2,71,GHA,georisk_v2,0.8500000000000002,0.8541666666666666,0.8416104716463654,0.39236950154749456,0.32316792204059475
P1,F2,71,GHA,georisk_v2,0.9000000000000002,0.9166666666666666,0.9272016185907204,0.5146631170072078,0.6095003900707602
P1,F2,71,GHA,georisk_v2,0.9500000000000003,0.9583333333333334,0.9744106597128503,0.8324222617654594,0.8947059870158902
P1,F2,71,GHA,georisk_v2,1.0000000000000004,1.0208333333333333,1.0,1.0,1.0
P1,F2,71,GHA,soft_dice_risk_binary,0.1,0.10416666666666667,0.09960580045797672,0.7687845762911367,0.868498250384368
P1,F2,71,GHA,soft_dice_risk_binary,0.15000000000000002,0.16666666666666666,0.17402016055305478,0.8840365721090931,0.9413319889958985
P1,F2,71,GHA,soft_dice_risk_binary,0.20000000000000004,0.20833333333333334,0.23108092518262474,0.9013377000145402,0.9606918167260518
P1,F2,71,GHA,soft_dice_risk_binary,0.25000000000000006,0.2708333333333333,0.2905087372554483,0.9183705262866362,0.9769972307257141
P1,F2,71,GHA,soft_dice_risk_binary,0.30000000000000004,0.3125,0.3203106362045397,0.9234024801456792,0.9836193091869648
P1,F2,71,GHA,soft_dice_risk_binary,0.3500000000000001,0.3541666666666667,0.3672175520012538,0.940842086313501,0.9906998918751226
P1,F2,71,GHA,soft_dice_risk_binary,0.40000000000000013,0.4166666666666667,0.4222291755548397,0.9482281706329149,0.9956567559799444
P1,F2,71,GHA,soft_dice_risk_binary,0.45000000000000007,0.4583333333333333,0.45096547325712,0.9493550374929896,0.9970003330428713
P1,F2,71,GHA,soft_dice_risk_binary,0.5000000000000001,0.5208333333333334,0.5090834588561031,0.9800020079348044,0.9994388455730391
P1,F2,71,GHA,soft_dice_risk_binary,0.5500000000000002,0.5625,0.5249323047721871,0.9809246193578763,0.999705736093179
P1,F2,71,GHA,soft_dice_risk_binary,0.6000000000000002,0.6041666666666666,0.581993069401757,0.9878727661725301,0.9998882253377191
P1,F2,71,GHA,soft_dice_risk_binary,0.6500000000000001,0.6666666666666666,0.6436026921369055,0.9971611956213173,1.0
P1,F2,71,GHA,soft_dice_risk_binary,0.7000000000000002,0.7083333333333334,0.6665586662951773,0.9971611956213173,1.0
P1,F2,71,GHA,soft_dice_risk_binary,0.7500000000000002,0.7708333333333334,0.7360806857461276,0.9971681195344361,1.0
P1,F2,71,GHA,soft_dice_risk_binary,0.8000000000000002,0.8125,0.7931414503756976,0.9971681195344361,1.0
P1,F2,71,GHA,soft_dice_risk_binary,0.8500000000000002,0.8541666666666666,0.8262545384099675,0.9971681195344361,1.0
P1,F2,71,GHA,soft_dice_risk_binary,0.9000000000000002,0.9166666666666666,0.9118456853543225,0.9971681195344361,1.0
P1,F2,71,GHA,soft_dice_risk_binary,0.9500000000000003,0.9583333333333334,0.94293923537043,1.0,1.0
P1,F2,71,GHA,soft_dice_risk_binary,1.0000000000000004,1.0208333333333333,1.0,1.0,1.0
P1,F2,71,GHA,predicted_foreground_fraction,0.1,0.10416666666666667,0.1166846969604625,0.0028318804655639183,0.0
P1,F2,71,GHA,predicted_foreground_fraction,0.15000000000000002,0.16666666666666666,0.1695682742287968,0.0028318804655639183,0.0
P1,F2,71,GHA,predicted_foreground_fraction,0.20000000000000004,0.20833333333333334,0.20264751464916023,0.0028318804655639183,0.0
P1,F2,71,GHA,predicted_foreground_fraction,0.25000000000000006,0.2708333333333333,0.2541685894142948,0.0028318804655639183,0.0
P1,F2,71,GHA,predicted_foreground_fraction,0.30000000000000004,0.3125,0.31122935404386476,0.0028318804655639183,0.0
P1,F2,71,GHA,predicted_foreground_fraction,0.3500000000000001,0.3541666666666667,0.360946165968673,0.0028388043786826563,0.0
P1,F2,71,GHA,predicted_foreground_fraction,0.40000000000000013,0.4166666666666667,0.42869613767163245,0.013049845250541797,0.0001231802400646012
P1,F2,71,GHA,predicted_foreground_fraction,0.45000000000000007,0.4583333333333333,0.4857569023012024,0.019997992065195567,0.00030566948460475113
P1,F2,71,GHA,predicted_foreground_fraction,0.5000000000000001,0.5208333333333334,0.5694238504871444,0.051771829367085104,0.0031935617794526237
P1,F2,71,GHA,predicted_foreground_fraction,0.5500000000000002,0.5625,0.5949959948804123,0.05310641362072189,0.005029859802637882
P1,F2,71,GHA,predicted_foreground_fraction,0.6000000000000002,0.6041666666666666,0.6295951128834248,0.05915791368649906,0.008405910826630655
P1,F2,71,GHA,predicted_foreground_fraction,0.6500000000000001,0.6666666666666666,0.7022048836338625,0.08162947371336385,0.020208402717264852
P1,F2,71,GHA,predicted_foreground_fraction,0.7000000000000002,0.7083333333333334,0.7334037857086885,0.08432633787311236,0.026529373925024295
P1,F2,71,GHA,predicted_foreground_fraction,0.7500000000000002,0.7708333333333334,0.8189949326530435,0.11552722136442632,0.05450725622858603
P1,F2,71,GHA,predicted_foreground_fraction,0.8000000000000002,0.8125,0.8505971763906907,0.13058153946284282,0.07097006720166431
P1,F2,71,GHA,predicted_foreground_fraction,0.8500000000000002,0.8541666666666666,0.8815096253471829,0.16280543111745033,0.09267716283971514
P1,F2,71,GHA,predicted_foreground_fraction,0.9000000000000002,0.9166666666666666,0.9257776244416777,0.3987931619434039,0.23660186777741787
P1,F2,71,GHA,predicted_foreground_fraction,0.9500000000000003,0.9583333333333334,0.9828383890712475,0.7704359295699558,0.7695092407991204
P1,F2,71,GHA,predicted_foreground_fraction,1.0000000000000004,1.0208333333333333,1.0,1.0,1.0
P1,F2,71,GHA,predicted_foreground_scarcity,0.1,0.10416666666666667,0.09960580045797672,0.7687845762911367,0.868498250384368
P1,F2,71,GHA,predicted_foreground_scarcity,0.15000000000000002,0.16666666666666666,0.12117032206385554,0.8376307754090302,0.9093895278547021
P1,F2,71,GHA,predicted_foreground_scarcity,0.20000000000000004,0.20833333333333334,0.17690602335158856,0.8844727786355737,0.9435925745126397
P1,F2,71,GHA,predicted_foreground_scarcity,0.25000000000000006,0.2708333333333333,0.2380658319765265,0.9017739065410207,0.9648525715015671
P1,F2,71,GHA,predicted_foreground_scarcity,0.30000000000000004,0.3125,0.2695776340191375,0.9156736621268876,0.9741709285508985
P1,F2,71,GHA,predicted_foreground_scarcity,0.3500000000000001,0.3541666666666667,0.323497971319861,0.9234024801456792,0.9845135064852115
P1,F2,71,GHA,predicted_foreground_scarcity,0.40000000000000013,0.4166666666666667,0.3989352694313601,0.9468935863792781,0.9944979492771144
P1,F2,71,GHA,predicted_foreground_scarcity,0.45000000000000007,0.4583333333333333,0.425416510670161,0.9482281706329149,0.9965509532781912
P1,F2,71,GHA,predicted_foreground_scarcity,0.5000000000000001,0.5208333333333334,0.48763691414242555,0.9541533092842751,0.9989187512260996
P1,F2,71,GHA,predicted_foreground_scarcity,0.5500000000000002,0.5625,0.5427734800135826,0.9861123612620909,0.9997946995998923
P1,F2,71,GHA,predicted_foreground_scarcity,0.6000000000000002,0.6041666666666666,0.5998342446431526,0.9938030977587293,0.9999498154577514
P1,F2,71,GHA,predicted_foreground_scarcity,0.6500000000000001,0.6666666666666666,0.667584216346112,0.9971611956213173,1.0
P1,F2,71,GHA,predicted_foreground_scarcity,0.7000000000000002,0.7083333333333334,0.724644980975682,0.9999930760868813,1.0
P1,F2,71,GHA,predicted_foreground_scarcity,0.7500000000000002,0.7708333333333334,0.7755090202258539,0.9999930760868813,1.0
P1,F2,71,GHA,predicted_foreground_scarcity,0.8000000000000002,0.8125,0.8086221082601238,0.9999930760868813,1.0
P1,F2,71,GHA,predicted_foreground_scarcity,0.8500000000000002,0.8541666666666666,0.8417013486804872,0.9999930760868813,1.0
P1,F2,71,GHA,predicted_foreground_scarcity,0.9000000000000002,0.9166666666666666,0.8932224234456217,0.9999930760868813,1.0
P1,F2,71,GHA,predicted_foreground_scarcity,0.9500000000000003,0.9583333333333334,0.9502831880751917,0.9999930760868813,1.0
P1,F2,71,GHA,predicted_foreground_scarcity,1.0000000000000004,1.0208333333333333,1.0,1.0,1.0
P1,F2,71,PAK,georisk_v2,0.1,0.10714285714285714,0.07745994967876779,0.13965522801638275,0.20752617953079466
P1,F2,71,PAK,georisk_v2,0.15000000000000002,0.17857142857142858,0.15079442143418115,0.23143234922737635,0.3037651547025071
P1,F2,71,PAK,georisk_v2,0.20000000000000004,0.21428571428571427,0.1754362370165008,0.23143234922737635,0.32277806314061447
P1,F2,71,PAK,georisk_v2,0.25000000000000006,0.2857142857142857,0.23530310115847466,0.2876779614345571,0.5090663644975363
P1,F2,71,PAK,georisk_v2,0.30000000000000004,0.32142857142857145,0.2689328706726475,0.30973910152887446,0.5426757971302536
P1,F2,71,PAK,georisk_v2,0.3500000000000001,0.35714285714285715,0.2929723642459572,0.4394838095096339,0.6828024293985097
P1,F2,71,PAK,georisk_v2,0.40000000000000013,0.42857142857142855,0.3760937315727227,0.5023455310872795,0.824413235214405
P1,F2,71,PAK,georisk_v2,0.45000000000000007,0.4642857142857143,0.3896748093608058,0.5082571128757377,0.8384470640466056
P1,F2,71,PAK,georisk_v2,0.5000000000000001,0.5357142857142857,0.48628871053609635,0.9347146043110142,0.8583091778711015
P1,F2,71,PAK,georisk_v2,0.5500000000000002,0.5714285714285714,0.5074109045209866,0.9376815584943948,0.8592435619132675
P1,F2,71,PAK,georisk_v2,0.6000000000000002,0.6071428571428571,0.5555603919892289,0.945927508080981,0.8660217179760519
P1,F2,71,PAK,georisk_v2,0.6500000000000001,0.6785714285714286,0.652467827485155,0.9841506101357704,0.9615353839879615
P1,F2,71,PAK,georisk_v2,0.7000000000000002,0.7142857142857143,0.698433479133207,0.9877675158208614,0.9879123743937474
P1,F2,71,PAK,georisk_v2,0.7500000000000002,0.7857142857142857,0.7910400229767803,0.9962987494635419,0.987945929621781
P1,F2,71,PAK,georisk_v2,0.8000000000000002,0.8214285714285714,0.8344745456635606,0.9962987494635419,0.9907645687766022
P1,F2,71,PAK,georisk_v2,0.8500000000000002,0.8571428571428571,0.864699279855026,0.9993227604581414,0.9963760353723727
P1,F2,71,PAK,georisk_v2,0.9000000000000002,0.9285714285714286,0.9369170934819383,1.0,0.9993598694959747
P1,F2,71,PAK,georisk_v2,0.9500000000000003,0.9642857142857143,0.9856800639599752,1.0,0.9999561200864177
P1,F2,71,PAK,georisk_v2,1.0000000000000004,1.0357142857142858,1.0,1.0,1.0
P1,F2,71,PAK,soft_dice_risk_binary,0.1,0.10714285714285714,0.10249221427186933,0.1920978797192805,0.43325219851272906
P1,F2,71,PAK,soft_dice_risk_binary,0.15000000000000002,0.17857142857142858,0.16214348508202034,0.3676889758798532,0.7140552525547144
P1,F2,71,PAK,soft_dice_risk_binary,0.20000000000000004,0.21428571428571427,0.18267600619212324,0.42393458808703394,0.7450783514574584
P1,F2,71,PAK,soft_dice_risk_binary,0.25000000000000006,0.2857142857142857,0.22988685349437912,0.4519073099698095,0.7927216129223764
P1,F2,71,PAK,soft_dice_risk_binary,0.30000000000000004,0.32142857142857145,0.27803113249558864,0.47855284080901594,0.8488801587936637
P1,F2,71,PAK,soft_dice_risk_binary,0.3500000000000001,0.35714285714285715,0.32179676487231257,0.5111149148985257,0.8720074544229662
P1,F2,71,PAK,soft_dice_risk_binary,0.40000000000000013,0.42857142857142855,0.3952017369493488,0.5226924861141087,0.9303754830016958
P1,F2,71,PAK,soft_dice_risk_binary,0.45000000000000007,0.4642857142857143,0.44116738859740073,0.5263093917991997,0.9567524734074818
P1,F2,71,PAK,soft_dice_risk_binary,0.5000000000000001,0.5357142857142857,0.537167620746217,0.9610128328210624,0.9832223859832069
P1,F2,71,PAK,soft_dice_risk_binary,0.5500000000000002,0.5714285714285714,0.5673923549376826,0.9640368438156618,0.9888338525789774
P1,F2,71,PAK,soft_dice_risk_binary,0.6000000000000002,0.6071428571428571,0.5890236765750312,0.9675445973401603,0.9899695679893449
P1,F2,71,PAK,soft_dice_risk_binary,0.6500000000000001,0.6785714285714286,0.6598028372008061,0.9714815173142615,0.9944685497172326
P1,F2,71,PAK,soft_dice_risk_binary,0.7000000000000002,0.7142857142857143,0.7032373598875864,0.9714815173142615,0.9972871888720539
P1,F2,71,PAK,soft_dice_risk_binary,0.7500000000000002,0.7857142857142857,0.7386794899125014,0.974448471497642,0.9982654528278023
P1,F2,71,PAK,soft_dice_risk_binary,0.8000000000000002,0.8214285714285714,0.7861890800024257,0.9914638048954744,0.9991998368699684
P1,F2,71,PAK,soft_dice_risk_binary,0.8500000000000002,0.8571428571428571,0.8098673291836732,0.9914687663573195,0.9991998368699684
P1,F2,71,PAK,soft_dice_risk_binary,0.9000000000000002,0.9285714285714286,0.9073934561564266,0.9914687663573195,0.9999664447719664
P1,F2,71,PAK,soft_dice_risk_binary,0.9500000000000003,0.9642857142857143,0.9512368435052835,1.0,1.0
P1,F2,71,PAK,soft_dice_risk_binary,1.0000000000000004,1.0357142857142858,1.0,1.0,1.0
P1,F2,71,PAK,predicted_foreground_fraction,0.1,0.10714285714285714,0.11628479302482095,0.008536195104525598,3.35552280335862e-05
P1,F2,71,PAK,predicted_foreground_fraction,0.15000000000000002,0.17857142857142858,0.17936788555956235,0.008536195104525598,0.00024779245317109813
P1,F2,71,PAK,predicted_foreground_fraction,0.20000000000000004,0.21428571428571427,0.22813085603759917,0.008536195104525598,0.000844043043614053
P1,F2,71,PAK,predicted_foreground_fraction,0.25000000000000006,0.2857142857142857,0.2967626401124136,0.028518482685738526,0.0027128111279460846
P1,F2,71,PAK,predicted_foreground_fraction,0.30000000000000004,0.32142857142857145,0.3183939617497622,0.03202623621023699,0.0038485265383136173
P1,F2,71,PAK,predicted_foreground_fraction,0.3500000000000001,0.35714285714285715,0.3669335261954269,0.03269851429025048,0.006832360661915591
P1,F2,71,PAK,predicted_foreground_fraction,0.40000000000000013,0.42857142857142855,0.43260764506231747,0.03596315618433815,0.011166147421022609
P1,F2,71,PAK,predicted_foreground_fraction,0.45000000000000007,0.4642857142857143,0.48075713253055974,0.044209105770924344,0.01794430348380702
P1,F2,71,PAK,predicted_foreground_fraction,0.5000000000000001,0.5357142857142857,0.5588326114025992,0.4736906082008003,0.043247526592518216
P1,F2,71,PAK,predicted_foreground_fraction,0.5500000000000002,0.5714285714285714,0.6025982437793233,0.5062526822903101,0.0663748222218207
P1,F2,71,PAK,predicted_foreground_fraction,0.6000000000000002,0.6071428571428571,0.6485638954273751,0.509869587975401,0.09275181262760666
P1,F2,71,PAK,predicted_foreground_fraction,0.6500000000000001,0.6785714285714286,0.7219688675044114,0.521447159190984,0.15111984120633626
P1,F2,71,PAK,predicted_foreground_fraction,0.7000000000000002,0.7142857142857143,0.7555986370185842,0.5435082992853014,0.18472927383905363
P1,F2,71,PAK,predicted_foreground_fraction,0.7500000000000002,0.7857142857142857,0.8173239938078768,0.576065411912966,0.25492164854254157
P1,F2,71,PAK,predicted_foreground_fraction,0.8000000000000002,0.8214285714285714,0.8378565149179796,0.6323110241201467,0.28594474744528564
P1,F2,71,PAK,predicted_foreground_fraction,0.8500000000000002,0.8571428571428571,0.8674253542966691,0.6915260712416307,0.3590564269876956
P1,F2,71,PAK,predicted_foreground_fraction,0.9000000000000002,0.9285714285714286,0.9423714745653813,0.7373724594214439,0.6549980512156026
P1,F2,71,PAK,predicted_foreground_fraction,0.9500000000000003,0.9642857142857143,0.9664109681386911,0.8671171674022033,0.7951246834838587
P1,F2,71,PAK,predicted_foreground_fraction,1.0000000000000004,1.0357142857142858,1.0,1.0,1.0
P1,F2,71,PAK,predicted_foreground_scarcity,0.1,0.10714285714285714,0.09324030267145994,0.3084739287583694,0.4856783705581267
P1,F2,71,PAK,predicted_foreground_scarcity,0.15000000000000002,0.17857142857142858,0.16214348508202034,0.3676889758798532,0.7140552525547144
P1,F2,71,PAK,predicted_foreground_scarcity,0.20000000000000004,0.21428571428571427,0.18267600619212324,0.42393458808703394,0.7450783514574584
P1,F2,71,PAK,predicted_foreground_scarcity,0.25000000000000006,0.2857142857142857,0.24440136298141582,0.4564917007146986,0.8152707261609463
P1,F2,71,PAK,predicted_foreground_scarcity,0.30000000000000004,0.32142857142857145,0.27803113249558864,0.47855284080901594,0.8488801587936637
P1,F2,71,PAK,predicted_foreground_scarcity,0.3500000000000001,0.35714285714285715,0.32679428899030516,0.49013041202459895,0.888235278934286
P1,F2,71,PAK,predicted_foreground_scarcity,0.40000000000000013,0.42857142857142855,0.3974017562206768,0.49374731770969,0.9336251777781793
P1,F2,71,PAK,predicted_foreground_scarcity,0.45000000000000007,0.4642857142857143,0.44116738859740073,0.5263093917991997,0.9567524734074818
P1,F2,71,PAK,predicted_foreground_scarcity,0.5000000000000001,0.5357142857142857,0.5192428674694403,0.9557908942290757,0.982055696516193
P1,F2,71,PAK,predicted_foreground_scarcity,0.5500000000000002,0.5714285714285714,0.5673923549376826,0.9640368438156618,0.9888338525789774
P1,F2,71,PAK,predicted_foreground_scarcity,0.6000000000000002,0.6071428571428571,0.5896319511177929,0.9673014857097495,0.9903490001832632
P1,F2,71,PAK,predicted_foreground_scarcity,0.6500000000000001,0.6785714285714286,0.6816060382502378,0.967973763789763,0.9961514734616864
P1,F2,71,PAK,predicted_foreground_scarcity,0.7000000000000002,0.7142857142857143,0.7032373598875864,0.9714815173142615,0.9972871888720539
P1,F2,71,PAK,predicted_foreground_scarcity,0.7500000000000002,0.7857142857142857,0.7718691439624008,0.9914638048954744,0.9991559569563859
P1,F2,71,PAK,predicted_foreground_scarcity,0.8000000000000002,0.8214285714285714,0.8206321144404376,0.9914638048954744,0.9997522075468289
P1,F2,71,PAK,predicted_foreground_scarcity,0.8500000000000002,0.8571428571428571,0.8693952709351542,0.9914638048954744,0.999922564858384
P1,F2,71,PAK,predicted_foreground_scarcity,0.9000000000000002,0.9285714285714286,0.9275585943240359,0.9999950385381549,1.0
P1,F2,71,PAK,predicted_foreground_scarcity,0.9500000000000003,0.9642857142857143,0.9763217508187524,0.9999950385381549,1.0
P1,F2,71,PAK,predicted_foreground_scarcity,1.0000000000000004,1.0357142857142858,1.0,1.0,1.0
P1,F2,71,USA,georisk_v2,0.1,0.10144927536231885,0.10402163862342344,0.029458699656234388,0.01161082188657188
P1,F2,71,USA,georisk_v2,0.15000000000000002,0.15942028985507245,0.16346583078356103,0.1898528245701687,0.12156637301722394
P1,F2,71,USA,georisk_v2,0.20000000000000004,0.2028985507246377,0.20804571505026126,0.22504716523865984,0.14155471482389062
P1,F2,71,USA,georisk_v2,0.25000000000000006,0.2608695652173913,0.26742488022164734,0.24191355400948028,0.1680473971397281
P1,F2,71,USA,georisk_v2,0.30000000000000004,0.30434782608695654,0.3119967140677698,0.30605827858685736,0.20456435932928455
P1,F2,71,USA,georisk_v2,0.3500000000000001,0.36231884057971014,0.3714398857520595,0.35754730816362545,0.2583004409559076
P1,F2,71,USA,georisk_v2,0.40000000000000013,0.4057971014492754,0.41602351176353536,0.3882935753363708,0.30587903741220224
P1,F2,71,USA,georisk_v2,0.45000000000000007,0.463768115942029,0.4754661732099011,0.39935721050237505,0.3183850993515732
P1,F2,71,USA,georisk_v2,0.5000000000000001,0.5072463768115942,0.5200484952800157,0.4673522093714036,0.3580968240255131
P1,F2,71,USA,georisk_v2,0.5500000000000002,0.5507246376811594,0.5646245811088377,0.5323942541678163,0.4119083788045695
P1,F2,71,USA,georisk_v2,0.6000000000000002,0.6086956521739131,0.6235093824250247,0.5508514599474533,0.42546865616037566
P1,F2,71,USA,georisk_v2,0.6500000000000001,0.6521739130434783,0.6680884729882878,0.6157741934682048,0.5003701396092739
P1,F2,71,USA,georisk_v2,0.7000000000000002,0.7101449275362319,0.7275274493829806,0.7069143369897268,0.5893248846224255
P1,F2,71,USA,georisk_v2,0.7500000000000002,0.7536231884057971,0.7721064265600383,0.752567056665399,0.6578962581374511
P1,F2,71,USA,georisk_v2,0.8000000000000002,0.8115942028985508,0.8315368422962294,0.7850197236452577,0.7212993265225505
P1,F2,71,USA,georisk_v2,0.8500000000000002,0.855072463768116,0.8758455634529048,0.8737226857962412,0.8178294884847239
P1,F2,71,USA,georisk_v2,0.9000000000000002,0.9130434782608695,0.921929572426289,0.8923004456773276,0.9100841766521395
P1,F2,71,USA,georisk_v2,0.9500000000000003,0.9565217391304348,0.9660385637822917,0.9114287773825592,0.9699408097787513
P1,F2,71,USA,georisk_v2,1.0000000000000004,1.0144927536231885,1.0,1.0,1.0
P1,F2,71,USA,soft_dice_risk_binary,0.1,0.10144927536231885,0.1037528566237103,0.42614010623674836,0.42780832388580753
P1,F2,71,USA,soft_dice_risk_binary,0.15000000000000002,0.15942028985507245,0.16318792119431957,0.5955347755083779,0.5525558099875068
P1,F2,71,USA,soft_dice_risk_binary,0.20000000000000004,0.2028985507246377,0.19768278281495996,0.63034135453097,0.6345284854947024
P1,F2,71,USA,soft_dice_risk_binary,0.25000000000000006,0.2608695652173913,0.2538514175826855,0.6617736615387675,0.719416512241103
P1,F2,71,USA,soft_dice_risk_binary,0.30000000000000004,0.30434782608695654,0.2979647176144903,0.7074487520786261,0.778661331089479
P1,F2,71,USA,soft_dice_risk_binary,0.3500000000000001,0.36231884057971014,0.3543075135935887,0.7317161684178082,0.8398531966894585
P1,F2,71,USA,soft_dice_risk_binary,0.40000000000000013,0.4057971014492754,0.39888433643274523,0.7443693777668409,0.8754941885672627
P1,F2,71,USA,soft_dice_risk_binary,0.45000000000000007,0.463768115942029,0.4508005349561167,0.7759309386566048,0.9094458664799643
P1,F2,71,USA,soft_dice_risk_binary,0.5000000000000001,0.5072463768115942,0.4953818932434861,0.8178228674973714,0.9256300402416425
P1,F2,71,USA,soft_dice_risk_binary,0.5500000000000002,0.5507246376811594,0.5399521963758367,0.8320470086426105,0.9417644338389499
P1,F2,71,USA,soft_dice_risk_binary,0.6000000000000002,0.6086956521739131,0.599390095601579,0.8482907416935739,0.9566005286332294
P1,F2,71,USA,soft_dice_risk_binary,0.6500000000000001,0.6521739130434783,0.6434152945518495,0.8592711075317728,0.9639848539835372
P1,F2,71,USA,soft_dice_risk_binary,0.7000000000000002,0.7101449275362319,0.7028520599155386,0.8668610446199314,0.973164476874705
P1,F2,71,USA,soft_dice_risk_binary,0.7500000000000002,0.7536231884057971,0.7473720195727268,0.8741576748220895,0.978784015107477
P1,F2,71,USA,soft_dice_risk_binary,0.8000000000000002,0.8115942028985508,0.8068155881087351,0.891178173990639,0.9855284244738558
P1,F2,71,USA,soft_dice_risk_binary,0.8500000000000002,0.855072463768116,0.8513970597823098,0.8982075966483474,0.9900672513962533
P1,F2,71,USA,soft_dice_risk_binary,0.9000000000000002,0.9130434782608695,0.9108360928701054,0.9075126333241365,0.9954025609485851
P1,F2,71,USA,soft_dice_risk_binary,0.9500000000000003,0.9565217391304348,0.9554190385643492,0.995775635146119,0.9991015483236931
P1,F2,71,USA,soft_dice_risk_binary,1.0000000000000004,1.0144927536231885,1.0,1.0,1.0
P1,F2,71,USA,predicted_foreground_fraction,0.1,0.10144927536231885,0.10402084491998619,0.015389911734512526,0.00527589451743751
P1,F2,71,USA,predicted_foreground_fraction,0.15000000000000002,0.15942028985507245,0.16346305282153067,0.11422687536197301,0.010850470021100367
P1,F2,71,USA,predicted_foreground_fraction,0.20000000000000004,0.2028985507246377,0.2080449780399267,0.12012159807511141,0.015687977929723255
P1,F2,71,USA,predicted_foreground_fraction,0.25000000000000006,0.2608695652173913,0.26742771487678035,0.1260349631750719,0.02290690466937942
P1,F2,71,USA,predicted_foreground_fraction,0.30000000000000004,0.30434782608695654,0.3120021566056252,0.13528158703881843,0.02895278592281184
P1,F2,71,USA,predicted_foreground_fraction,0.3500000000000001,0.36231884057971014,0.3714452149037096,0.14245766313952707,0.03814043787274905
P1,F2,71,USA,predicted_foreground_fraction,0.40000000000000013,0.4057971014492754,0.41547126425052,0.15644566738501997,0.04646737472259602
P1,F2,71,USA,predicted_foreground_fraction,0.45000000000000007,0.463768115942029,0.4749063288211293,0.17393719752727382,0.06309073799896586
P1,F2,71,USA,predicted_foreground_fraction,0.5000000000000001,0.5072463768115942,0.5194834918189019,0.20252343348023535,0.07901236153888153
P1,F2,71,USA,predicted_foreground_fraction,0.5500000000000002,0.5507246376811594,0.5640610516683929,0.23466663683884775,0.09799947971699173
P1,F2,71,USA,predicted_foreground_fraction,0.6000000000000002,0.6086956521739131,0.623498497349314,0.2777143936625827,0.13678063647954677
P1,F2,71,USA,predicted_foreground_fraction,0.6500000000000001,0.6521739130434783,0.6680759438125998,0.2944738994156233,0.17145252096387245
P1,F2,71,USA,predicted_foreground_fraction,0.7000000000000002,0.7101449275362319,0.7199947502186936,0.3253506632961231,0.21871075797526407
P1,F2,71,USA,predicted_foreground_fraction,0.7500000000000002,0.7536231884057971,0.7645728203061087,0.38743851119413186,0.2786316235720319
P1,F2,71,USA,predicted_foreground_fraction,0.8000000000000002,0.8115942028985508,0.8204410950159393,0.4554720376625927,0.3881792985171934
P1,F2,71,USA,predicted_foreground_fraction,0.8500000000000002,0.855072463768116,0.865022736768822,0.5222068111824493,0.4889809197447402
P1,F2,71,USA,predicted_foreground_fraction,0.9000000000000002,0.9130434782608695,0.9111084465352861,0.5993763500195124,0.6170323635300881
P1,F2,71,USA,predicted_foreground_fraction,0.9500000000000003,0.9565217391304348,0.9556930930226097,0.7499857075034364,0.764811204712094
P1,F2,71,USA,predicted_foreground_fraction,1.0000000000000004,1.0144927536231885,1.0,1.0,1.0
P1,F2,71,USA,predicted_foreground_scarcity,0.1,0.10144927536231885,0.1037528566237103,0.42614010623674836,0.42780832388580753
P1,F2,71,USA,predicted_foreground_scarcity,0.15000000000000002,0.15942028985507245,0.14983737583501855,0.48198772585251637,0.5457897221624504
P1,F2,71,USA,predicted_foreground_scarcity,0.20000000000000004,0.2028985507246377,0.19395328374954574,0.5523614932800409,0.6429405303675061
P1,F2,71,USA,predicted_foreground_scarcity,0.25000000000000006,0.2608695652173913,0.25028746237703975,0.6463091802569667,0.7450508881744811
P1,F2,71,USA,predicted_foreground_scarcity,0.30000000000000004,0.30434782608695654,0.2873418475034909,0.6794205449045385,0.7892275724301392
P1,F2,71,USA,predicted_foreground_scarcity,0.3500000000000001,0.36231884057971014,0.34678479241536997,0.7111163309794213,0.8408247128005678
P1,F2,71,USA,predicted_foreground_scarcity,0.40000000000000013,0.4057971014492754,0.3913584971338802,0.7312861506951125,0.8738016629786524
P1,F2,71,USA,predicted_foreground_scarcity,0.45000000000000007,0.463768115942029,0.4508005349561167,0.7759309386566048,0.9094458664799643
P1,F2,71,USA,predicted_foreground_scarcity,0.5000000000000001,0.5072463768115942,0.49537798141940254,0.8141963018475848,0.9264594420125317
P1,F2,71,USA,predicted_foreground_scarcity,0.5500000000000002,0.5507246376811594,0.5399521963758367,0.8320470086426105,0.9417644338389499
P1,F2,71,USA,predicted_foreground_scarcity,0.6000000000000002,0.6086956521739131,0.599390095601579,0.8482907416935739,0.9566005286332294
P1,F2,71,USA,predicted_foreground_scarcity,0.6500000000000001,0.6521739130434783,0.6434151811656442,0.8591393679982302,0.9642706884757314
P1,F2,71,USA,predicted_foreground_scarcity,0.7000000000000002,0.7101449275362319,0.7028520599155386,0.8668610446199314,0.973164476874705
P1,F2,71,USA,predicted_foreground_scarcity,0.7500000000000002,0.7536231884057971,0.7473713392554948,0.874828800747684,0.9789662747415446
P1,F2,71,USA,predicted_foreground_scarcity,0.8000000000000002,0.8115942028985508,0.806815928267351,0.8813014374523066,0.9859812633884555
P1,F2,71,USA,predicted_foreground_scarcity,0.8500000000000002,0.855072463768116,0.8513977400995417,0.8879020852131073,0.9906862918273817
P1,F2,71,USA,predicted_foreground_scarcity,0.9000000000000002,0.9130434782608695,0.9108362062563107,0.9872473645879163,0.995901165498171
P1,F2,71,USA,predicted_foreground_scarcity,0.9500000000000003,0.9565217391304348,0.9554190385643492,0.995775635146119,0.9991015483236931
P1,F2,71,USA,predicted_foreground_scarcity,1.0000000000000004,1.0144927536231885,1.0,1.0,1.0
P1,F3,13,IND,georisk_v2,0.1,0.10294117647058823,0.09740607119318184,0.4397711520037716,0.707333790827247
P1,F3,13,IND,georisk_v2,0.15000000000000002,0.16176470588235295,0.15589214183795727,0.4952817131376743,0.7607698969004787
P1,F3,13,IND,georisk_v2,0.20000000000000004,0.20588235294117646,0.20359005551945958,0.556281533640569,0.8029769782527
P1,F3,13,IND,georisk_v2,0.25000000000000006,0.2647058823529412,0.26114116014035194,0.5896252835729872,0.828673431040962
P1,F3,13,IND,georisk_v2,0.30000000000000004,0.3088235294117647,0.30259787465770577,0.6981139828245059,0.8966366027809094
P1,F3,13,IND,georisk_v2,0.3500000000000001,0.35294117647058826,0.3384190446827486,0.7217216367540868,0.9168333251637991
P1,F3,13,IND,georisk_v2,0.40000000000000013,0.4117647058823529,0.40640993444871615,0.7836616544442835,0.9369279283695243
P1,F3,13,IND,georisk_v2,0.45000000000000007,0.45588235294117646,0.45654484576571747,0.8166128896222559,0.954912340898322
P1,F3,13,IND,georisk_v2,0.5000000000000001,0.5147058823529411,0.5140940109005803,0.8478999919983218,0.9633776122085519
P1,F3,13,IND,georisk_v2,0.5500000000000002,0.5588235294117647,0.5609214297489736,0.8870087348049213,0.9722023430224008
P1,F3,13,IND,georisk_v2,0.6000000000000002,0.6029411764705882,0.6093686538261545,0.9039003855943841,0.9784177246213421
P1,F3,13,IND,georisk_v2,0.6500000000000001,0.6617647058823529,0.6659329613309957,0.920688771482884,0.9861591752038299
P1,F3,13,IND,georisk_v2,0.7000000000000002,0.7058823529411765,0.707135135026683,0.9348960755012402,0.9890855023446563
P1,F3,13,IND,georisk_v2,0.7500000000000002,0.7647058823529411,0.7632425932533307,0.9486519334865907,0.9900519582373413
P1,F3,13,IND,georisk_v2,0.8000000000000002,0.8088235294117647,0.8058457446506133,0.9551013942383592,0.9920232668333252
P1,F3,13,IND,georisk_v2,0.8500000000000002,0.8529411764705882,0.8538589251301546,0.9706668209332552,0.9927601588157443
P1,F3,13,IND,georisk_v2,0.9000000000000002,0.9117647058823529,0.9123122251489141,0.9816821041385977,0.9979036975311668
P1,F3,13,IND,georisk_v2,0.9500000000000003,0.9558823529411765,0.9600454508519193,0.9893999390142365,0.9981561361371175
P1,F3,13,IND,georisk_v2,1.0000000000000004,1.0147058823529411,1.0,1.0,1.0
P1,F3,13,IND,soft_dice_risk_binary,0.1,0.10294117647058823,0.09740607119318184,0.4397711520037716,0.707333790827247
P1,F3,13,IND,soft_dice_risk_binary,0.15000000000000002,0.16176470588235295,0.15643359283433478,0.5131562727750468,0.7806929398885676
P1,F3,13,IND,soft_dice_risk_binary,0.20000000000000004,0.20588235294117646,0.20767809079670407,0.6042667326985335,0.8267813669264579
P1,F3,13,IND,soft_dice_risk_binary,0.25000000000000006,0.2647058823529412,0.2542010103384637,0.6547870580424435,0.8583239383690342
P1,F3,13,IND,soft_dice_risk_binary,0.30000000000000004,0.3088235294117647,0.2957252724727076,0.724128628058209,0.9174002908354165
P1,F3,13,IND,soft_dice_risk_binary,0.3500000000000001,0.35294117647058826,0.343767812758006,0.7422237744997329,0.9338169697563845
P1,F3,13,IND,soft_dice_risk_binary,0.40000000000000013,0.4117647058823529,0.40509335782881895,0.7946299007575642,0.9502793980687221
P1,F3,13,IND,soft_dice_risk_binary,0.45000000000000007,0.45588235294117646,0.45224507211711285,0.8339705841008817,0.965272127183308
P1,F3,13,IND,soft_dice_risk_binary,0.5000000000000001,0.5147058823529411,0.5154168741303662,0.8778397847764828,0.9746907831315459
P1,F3,13,IND,soft_dice_risk_binary,0.5500000000000002,0.5588235294117647,0.5617025744670677,0.8943308110025238,0.9806831364475598
P1,F3,13,IND,soft_dice_risk_binary,0.6000000000000002,0.6029411764705882,0.604703119863915,0.899193452464625,0.9843643285459863
P1,F3,13,IND,soft_dice_risk_binary,0.6500000000000001,0.6617647058823529,0.6572437964034572,0.9083829473424697,0.9920690162246949
P1,F3,13,IND,soft_dice_risk_binary,0.7000000000000002,0.7058823529411765,0.701629937371321,0.9273063756074247,0.9944112216721402
P1,F3,13,IND,soft_dice_risk_binary,0.7500000000000002,0.7647058823529411,0.7568267734676973,0.9442850716798983,0.9959903926278124
P1,F3,13,IND,soft_dice_risk_binary,0.8000000000000002,0.8088235294117647,0.7948616327195306,0.9564184272160864,0.9981765599725504
P1,F3,13,IND,soft_dice_risk_binary,0.8500000000000002,0.8529411764705882,0.8411181070081322,0.9760074004710177,0.9988783229580249
P1,F3,13,IND,soft_dice_risk_binary,0.9000000000000002,0.9117647058823529,0.9009052383845686,0.9916268925590881,0.9996160318938614
P1,F3,13,IND,soft_dice_risk_binary,0.9500000000000003,0.9558823529411765,0.9475360334768664,0.9974670363297816,0.999909318170678
P1,F3,13,IND,soft_dice_risk_binary,1.0000000000000004,1.0147058823529411,1.0,1.0,1.0
P1,F3,13,IND,predicted_foreground_fraction,0.1,0.10294117647058823,0.11537273410348763,0.01768533076126236,0.0004958907243108998
P1,F3,13,IND,predicted_foreground_fraction,0.15000000000000002,0.16176470588235295,0.1708487893092855,0.027372767910242797,0.0012229792657222685
P1,F3,13,IND,predicted_foreground_fraction,0.20000000000000004,0.20588235294117646,0.22267011716836377,0.04532464105985472,0.0021600248353838866
P1,F3,13,IND,predicted_foreground_fraction,0.25000000000000006,0.2647058823529412,0.27794326200817726,0.05358637379082748,0.0035472117379867
P1,F3,13,IND,predicted_foreground_fraction,0.30000000000000004,0.3088235294117647,0.32230806862971634,0.07678961857946423,0.005031616097250135
P1,F3,13,IND,predicted_foreground_fraction,0.3500000000000001,0.35294117647058826,0.3637624423880691,0.08790167883858885,0.00724474290475957
P1,F3,13,IND,predicted_foreground_fraction,0.40000000000000013,0.4117647058823529,0.42338511872496853,0.10149101541296228,0.012761629331895495
P1,F3,13,IND,predicted_foreground_fraction,0.45000000000000007,0.45588235294117646,0.4715648274877336,0.11151095472996499,0.01902847899612764
P1,F3,13,IND,predicted_foreground_fraction,0.5000000000000001,0.5147058823529411,0.5284195897452016,0.15930854687361456,0.027397349803114226
P1,F3,13,IND,predicted_foreground_fraction,0.5500000000000002,0.5588235294117647,0.5753774891882014,0.18215441941336885,0.03744587683610281
P1,F3,13,IND,predicted_foreground_fraction,0.6000000000000002,0.6029411764705882,0.6254418433410255,0.225983611698021,0.05087005538944169
P1,F3,13,IND,predicted_foreground_fraction,0.6500000000000001,0.6617647058823529,0.6812758340375117,0.26984037733319205,0.06944512523895888
P1,F3,13,IND,predicted_foreground_fraction,0.7000000000000002,0.7058823529411765,0.7301756271478553,0.30200604234834116,0.09201182948548274
P1,F3,13,IND,predicted_foreground_fraction,0.7500000000000002,0.7647058823529411,0.7857086631156238,0.3485768907208647,0.12797003414865285
P1,F3,13,IND,predicted_foreground_fraction,0.8000000000000002,0.8088235294117647,0.8262517459554193,0.39747795753920284,0.15755845301700896
P1,F3,13,IND,predicted_foreground_fraction,0.8500000000000002,0.8529411764705882,0.866057021558056,0.458832987675253,0.21258680130058985
P1,F3,13,IND,predicted_foreground_fraction,0.9000000000000002,0.9117647058823529,0.9190493977059893,0.621884481718328,0.38514696991977515
P1,F3,13,IND,predicted_foreground_fraction,0.9500000000000003,0.9558823529411765,0.9651065730853511,0.8035485280156054,0.6634674770844566
P1,F3,13,IND,predicted_foreground_fraction,1.0000000000000004,1.0147058823529411,1.0,1.0,1.0
P1,F3,13,IND,predicted_foreground_scarcity,0.1,0.10294117647058823,0.09740607119318184,0.4397711520037716,0.707333790827247
P1,F3,13,IND,predicted_foreground_scarcity,0.15000000000000002,0.16176470588235295,0.15066910596047528,0.5669070053611244,0.8130475630279561
P1,F3,13,IND,predicted_foreground_scarcity,0.20000000000000004,0.20588235294117646,0.19013637596334773,0.6219888279271545,0.8550553077463523
P1,F3,13,IND,predicted_foreground_scarcity,0.25000000000000006,0.2647058823529412,0.23965794154322229,0.6768127585677428,0.8894229041060079
P1,F3,13,IND,predicted_foreground_scarcity,0.30000000000000004,0.3088235294117647,0.2866290829942855,0.7192027300860937,0.9166225511821315
P1,F3,13,IND,predicted_foreground_scarcity,0.3500000000000001,0.35294117647058826,0.3349088424846421,0.7380250560658127,0.9362661961014983
P1,F3,13,IND,predicted_foreground_scarcity,0.40000000000000013,0.4117647058823529,0.3895627562504117,0.7789060624606674,0.9533397055699884
P1,F3,13,IND,predicted_foreground_scarcity,0.45000000000000007,0.45588235294117646,0.44180241118240765,0.8209100070717534,0.9666478767380684
P1,F3,13,IND,predicted_foreground_scarcity,0.5000000000000001,0.5147058823529411,0.49399698978392453,0.8511082324292879,0.9760044442265902
P1,F3,13,IND,predicted_foreground_scarcity,0.5500000000000002,0.5588235294117647,0.5425963631961793,0.888489045270035,0.9829052497426597
P1,F3,13,IND,predicted_foreground_scarcity,0.6000000000000002,0.6029411764705882,0.5936043776206051,0.9030472336900929,0.9891704655000572
P1,F3,13,IND,predicted_foreground_scarcity,0.6500000000000001,0.6617647058823529,0.6488586626307523,0.9152600653542473,0.9935820139535644
P1,F3,13,IND,predicted_foreground_scarcity,0.7000000000000002,0.7058823529411765,0.6921178953366396,0.9311682666418687,0.9954953188569188
P1,F3,13,IND,predicted_foreground_scarcity,0.7500000000000002,0.7647058823529411,0.7567423723859992,0.9500592556709191,0.9973514370210611
P1,F3,13,IND,predicted_foreground_scarcity,0.8000000000000002,0.8088235294117647,0.7948616327195306,0.9564184272160864,0.9981765599725504
P1,F3,13,IND,predicted_foreground_scarcity,0.8500000000000002,0.8529411764705882,0.8431524940954355,0.9727975380782564,0.9990090355047955
P1,F3,13,IND,predicted_foreground_scarcity,0.9000000000000002,0.9117647058823529,0.89659416221393,0.9856948376199981,0.9996054114994363
P1,F3,13,IND,predicted_foreground_scarcity,0.9500000000000003,0.9558823529411765,0.9475360334768664,0.9974670363297816,0.999909318170678
P1,F3,13,IND,predicted_foreground_scarcity,1.0000000000000004,1.0147058823529411,1.0,1.0,1.0
P1,F3,13,LKA,georisk_v2,0.1,0.11904761904761904,0.12221289796583669,0.2242083832804015,0.5138243533445149
P1,F3,13,LKA,georisk_v2,0.15000000000000002,0.16666666666666666,0.1676174096011336,0.23788615216294556,0.5613715299160037
P1,F3,13,LKA,georisk_v2,0.20000000000000004,0.21428571428571427,0.21558052127712002,0.2661928465872788,0.5930129185542147
P1,F3,13,LKA,georisk_v2,0.25000000000000006,0.2619047619047619,0.2627943802736875,0.29379850962769616,0.6621985054874184
P1,F3,13,LKA,georisk_v2,0.30000000000000004,0.30952380952380953,0.31046973475852935,0.30865799282123446,0.6851536275631652
P1,F3,13,LKA,georisk_v2,0.3500000000000001,0.35714285714285715,0.3586819616589388,0.31229246620969175,0.6911818383355689
P1,F3,13,LKA,georisk_v2,0.40000000000000013,0.40476190476190477,0.40828008018659756,0.34967173184528644,0.7099337837323403
P1,F3,13,LKA,georisk_v2,0.45000000000000007,0.4523809523809524,0.4539754604441257,0.3521661784686378,0.7155118940718862
P1,F3,13,LKA,georisk_v2,0.5000000000000001,0.5238095238095238,0.5313387855642846,0.4173204096269305,0.7472697266031749
P1,F3,13,LKA,georisk_v2,0.5500000000000002,0.5714285714285714,0.581212315927486,0.4240474183072985,0.7761567693089727
P1,F3,13,LKA,georisk_v2,0.6000000000000002,0.6190476190476191,0.6337050690531946,0.4554772756082766,0.8432418875555068
P1,F3,13,LKA,georisk_v2,0.6500000000000001,0.6666666666666666,0.6863270971221169,0.4639534596834639,0.936925478147736
P1,F3,13,LKA,georisk_v2,0.7000000000000002,0.7142857142857143,0.738949225559784,0.47559959877864,0.9530171284488106
P1,F3,13,LKA,georisk_v2,0.7500000000000002,0.7619047619047619,0.7915702499412592,0.5732233235863881,0.9979017706189665
P1,F3,13,LKA,georisk_v2,0.8000000000000002,0.8095238095238095,0.8215910433341052,0.5732326820150568,0.9983585889687325
P1,F3,13,LKA,georisk_v2,0.8500000000000002,0.8571428571428571,0.8679736483868083,0.5757424424307753,0.9985892374492518
P1,F3,13,LKA,georisk_v2,0.9000000000000002,0.9047619047619048,0.9132641411280905,0.5779425239341813,0.9987459888437793
P1,F3,13,LKA,georisk_v2,0.9500000000000003,0.9523809523809523,0.9658862695657576,0.7968174536396205,0.999422259145884
P1,F3,13,LKA,georisk_v2,1.0000000000000004,1.0238095238095237,1.0,1.0,1.0
P1,F3,13,LKA,soft_dice_risk_binary,0.1,0.11904761904761904,0.12221289796583669,0.2242083832804015,0.5138243533445149
P1,F3,13,LKA,soft_dice_risk_binary,0.15000000000000002,0.16666666666666666,0.17483472529726965,0.25099220613045137,0.6034570400410241
P1,F3,13,LKA,soft_dice_risk_binary,0.20000000000000004,0.21428571428571427,0.21766648489886997,0.2842869430352447,0.6364756016454418
P1,F3,13,LKA,soft_dice_risk_binary,0.25000000000000006,0.2619047619047619,0.2702886133365371,0.30692157892005434,0.7786580737045057
P1,F3,13,LKA,soft_dice_risk_binary,0.30000000000000004,0.30952380952380953,0.3154165087113546,0.31643314551250584,0.8043809775464824
P1,F3,13,LKA,soft_dice_risk_binary,0.3500000000000001,0.35714285714285715,0.3625876106226666,0.3352733639552463,0.8463410865558808
P1,F3,13,LKA,soft_dice_risk_binary,0.40000000000000013,0.40476190476190477,0.4136400722614815,0.39780638432003784,0.8740256221350884
P1,F3,13,LKA,soft_dice_risk_binary,0.45000000000000007,0.4523809523809524,0.46323819078914025,0.4351856499556325,0.8927775675318598
P1,F3,13,LKA,soft_dice_risk_binary,0.5000000000000001,0.5238095238095238,0.5421701790207042,0.5220157034433062,0.9503971408545638
P1,F3,13,LKA,soft_dice_risk_binary,0.5500000000000002,0.5714285714285714,0.5946629321464127,0.5424970499680537,0.9658147601591699
P1,F3,13,LKA,soft_dice_risk_binary,0.6000000000000002,0.6190476190476191,0.6428751590468221,0.5500263312152089,0.9760349510823684
P1,F3,13,LKA,soft_dice_risk_binary,0.6500000000000001,0.6666666666666666,0.6954970867469998,0.5546723656661372,0.9833888307913482
P1,F3,13,LKA,soft_dice_risk_binary,0.7000000000000002,0.7142857142857143,0.7468187373591839,0.5708896717828913,0.9924848902852204
P1,F3,13,LKA,soft_dice_risk_binary,0.7500000000000002,0.7619047619047619,0.7915702499412592,0.5732233235863881,0.9979017706189665
P1,F3,13,LKA,soft_dice_risk_binary,0.8000000000000002,0.8095238095238095,0.8344195740731875,0.5732326820150568,0.9989564835735735
P1,F3,13,LKA,soft_dice_risk_binary,0.8500000000000002,0.8571428571428571,0.8641783046735401,0.5785227465116457,0.999688736516581
P1,F3,13,LKA,soft_dice_risk_binary,0.9000000000000002,0.9047619047619048,0.9020832637025167,0.5806377513907901,0.9999104277745556
P1,F3,13,LKA,soft_dice_risk_binary,0.9500000000000003,0.9523809523809523,0.9482080214500052,0.7805763260680733,1.0
P1,F3,13,LKA,soft_dice_risk_binary,1.0000000000000004,1.0238095238095237,1.0,1.0,1.0
P1,F3,13,LKA,predicted_foreground_fraction,0.1,0.11904761904761904,0.11139926977723458,0.4193622486092099,0.00016794792270812667
P1,F3,13,LKA,predicted_foreground_fraction,0.15000000000000002,0.16666666666666666,0.1556312737365808,0.42312859076527276,0.0004680148779466463
P1,F3,13,LKA,predicted_foreground_fraction,0.20000000000000004,0.21428571428571427,0.1984805978685091,0.42313794919394154,0.0015227278325536818
P1,F3,13,LKA,predicted_foreground_fraction,0.25000000000000006,0.2619047619047619,0.2324964687766385,0.4276529656435068,0.004960061983980008
P1,F3,13,LKA,predicted_foreground_fraction,0.30000000000000004,0.30952380952380953,0.2781918490341666,0.43014741226685815,0.010538172323525921
P1,F3,13,LKA,predicted_foreground_fraction,0.3500000000000001,0.35714285714285715,0.32640407593457604,0.43378188565531545,0.016566383095929615
P1,F3,13,LKA,predicted_foreground_fraction,0.40000000000000013,0.40476190476190477,0.3790260036347537,0.4515833185158213,0.026712676933136573
P1,F3,13,LKA,predicted_foreground_fraction,0.45000000000000007,0.4523809523809524,0.43151875676046225,0.46820814166278857,0.040531432013561235
P1,F3,13,LKA,predicted_foreground_fraction,0.5000000000000001,0.5238095238095238,0.5074279395069546,0.5129201615434942,0.06448752370864842
P1,F3,13,LKA,predicted_foreground_fraction,0.5500000000000002,0.5714285714285714,0.560049967575877,0.5197501129392187,0.08716273257988164
P1,F3,13,LKA,predicted_foreground_fraction,0.6000000000000002,0.6190476190476191,0.6108259133229572,0.5741931971029708,0.1136873078395851
P1,F3,13,LKA,predicted_foreground_fraction,0.6500000000000001,0.6666666666666666,0.6562303245895094,0.5917946998964617,0.14057017200106592
P1,F3,13,LKA,predicted_foreground_fraction,0.7000000000000002,0.7142857142857143,0.6984977107394857,0.6170913833544182,0.17239070509016563
P1,F3,13,LKA,predicted_foreground_fraction,0.7500000000000002,0.7619047619047619,0.7407077863362206,0.6448153029025592,0.2079419213690219
P1,F3,13,LKA,predicted_foreground_fraction,0.8000000000000002,0.8095238095238095,0.7928256622003579,0.6621513666283538,0.27029986541773127
P1,F3,13,LKA,predicted_foreground_fraction,0.8500000000000002,0.8571428571428571,0.8454463854755988,0.7598933479438256,0.36241146345341235
P1,F3,13,LKA,predicted_foreground_fraction,0.9000000000000002,0.9047619047619048,0.8949788628442034,0.8195014339665019,0.49423266833420293
P1,F3,13,LKA,predicted_foreground_fraction,0.9500000000000003,0.9523809523809523,0.9473818863121221,0.8948189186590904,0.673679425483746
P1,F3,13,LKA,predicted_foreground_fraction,1.0000000000000004,1.0238095238095237,1.0,1.0,1.0
P1,F3,13,LKA,predicted_foreground_scarcity,0.1,0.11904761904761904,0.12824255030556764,0.2234316337008927,0.5773019502112785
P1,F3,13,LKA,predicted_foreground_scarcity,0.15000000000000002,0.16666666666666666,0.18086437763700058,0.2554051306309027,0.6908884892972387
P1,F3,13,LKA,predicted_foreground_scarcity,0.20000000000000004,0.21428571428571427,0.23348540201847567,0.3493339776469677,0.7660328685281268
P1,F3,13,LKA,predicted_foreground_scarcity,0.25000000000000006,0.2619047619047619,0.279573625542882,0.36192106420647757,0.8104763674879694
P1,F3,13,LKA,predicted_foreground_scarcity,0.30000000000000004,0.30952380952380953,0.3224053851444823,0.39521580111127086,0.843494929092387
P1,F3,13,LKA,predicted_foreground_scarcity,0.3500000000000001,0.35714285714285715,0.37008063926057944,0.4236143782898067,0.8750982495347842
P1,F3,13,LKA,predicted_foreground_scarcity,0.40000000000000013,0.40476190476190477,0.415208534635397,0.4331259448822582,0.9008211533767609
P1,F3,13,LKA,predicted_foreground_scarcity,0.45000000000000007,0.4523809523809524,0.4662609962742118,0.48276645360644066,0.9246249722885928
P1,F3,13,LKA,predicted_foreground_scarcity,0.5000000000000001,0.5238095238095238,0.5421701790207042,0.5258722268210864,0.9519960050787452
P1,F3,13,LKA,predicted_foreground_scarcity,0.5500000000000002,0.5714285714285714,0.5947923074583713,0.5336618425384823,0.9664887911556385
P1,F3,13,LKA,predicted_foreground_scarcity,0.6000000000000002,0.6190476190476191,0.6472850605840799,0.5635969035511834,0.9793603199519892
P1,F3,13,LKA,predicted_foreground_scarcity,0.6500000000000001,0.6666666666666666,0.6954970867469998,0.5678277640757148,0.9861812449195754
P1,F3,13,LKA,predicted_foreground_scarcity,0.7000000000000002,0.7142857142857143,0.7424929448300109,0.5713099503067438,0.9920168754072737
P1,F3,13,LKA,predicted_foreground_scarcity,0.7500000000000002,0.7619047619047619,0.7915702499412592,0.5732233235863881,0.9979017706189665
P1,F3,13,LKA,predicted_foreground_scarcity,0.8000000000000002,0.8095238095238095,0.8278304663503244,0.5768620508060585,0.999153542469551
P1,F3,13,LKA,predicted_foreground_scarcity,0.8500000000000002,0.8571428571428571,0.8641783046735401,0.5785227465116457,0.999688736516581
P1,F3,13,LKA,predicted_foreground_scarcity,0.9000000000000002,0.9047619047619048,0.9020832637025167,0.5806377513907901,0.9999104277745556
P1,F3,13,LKA,predicted_foreground_scarcity,0.9500000000000003,0.9523809523809523,0.9482080214500052,0.7805763260680733,1.0
P1,F3,13,LKA,predicted_foreground_scarcity,1.0000000000000004,1.0238095238095237,1.0,1.0,1.0
P1,F3,13,PRY,georisk_v2,0.1,0.10606060606060606,0.10601830302606735,0.24641163578992945,0.3328865295549874
P1,F3,13,PRY,georisk_v2,0.15000000000000002,0.15151515151515152,0.15331841211141464,0.34236330853111346,0.461984281167516
P1,F3,13,PRY,georisk_v2,0.20000000000000004,0.21212121212121213,0.2109874933471892,0.4739146681059665,0.7149057283393662
P1,F3,13,PRY,georisk_v2,0.25000000000000006,0.25757575757575757,0.25252972210331853,0.49316579725445653,0.7345975715132083
P1,F3,13,PRY,georisk_v2,0.30000000000000004,0.30303030303030304,0.29581934932397697,0.5063107760653142,0.8500993006635135
P1,F3,13,PRY,georisk_v2,0.3500000000000001,0.36363636363636365,0.35668725296487264,0.5191866275604164,0.8718332536172407
P1,F3,13,PRY,georisk_v2,0.40000000000000013,0.4090909090909091,0.40324709494178274,0.5348664446428095,0.8851222215005128
P1,F3,13,PRY,georisk_v2,0.45000000000000007,0.45454545454545453,0.4505469033011354,0.5463521757052915,0.9120997218794102
P1,F3,13,PRY,georisk_v2,0.5000000000000001,0.5151515151515151,0.5135111077055563,0.6171378495318816,0.9344881341119923
P1,F3,13,PRY,georisk_v2,0.5500000000000002,0.5606060606060606,0.5594839325409043,0.7394721545902889,0.9452911408849077
P1,F3,13,PRY,georisk_v2,0.6000000000000002,0.6060606060606061,0.6067587204975018,0.8527206325010899,0.9566127943344493
P1,F3,13,PRY,georisk_v2,0.6500000000000001,0.6515151515151515,0.6540588295828491,0.8573528844813627,0.966137391177692
P1,F3,13,PRY,georisk_v2,0.7000000000000002,0.7121212121212122,0.7164894859275571,0.8578681557883874,0.9787974876636887
P1,F3,13,PRY,georisk_v2,0.7500000000000002,0.7575757575757576,0.7637895950129044,0.8830163611614438,0.9885376132017722
P1,F3,13,PRY,georisk_v2,0.8000000000000002,0.803030303030303,0.8046658961264748,0.8830474998591344,0.9988278781938105
P1,F3,13,PRY,georisk_v2,0.8500000000000002,0.8636363636363636,0.8677081088539086,0.91544138362579,0.9994203360673001
P1,F3,13,PRY,georisk_v2,0.9000000000000002,0.9090909090909091,0.915008157794057,0.9192907197784111,0.9996299598663919
P1,F3,13,PRY,georisk_v2,0.9500000000000003,0.9545454545454546,0.9623082668794043,0.9781999460262574,0.9996752307338014
P1,F3,13,PRY,georisk_v2,1.0000000000000004,1.0151515151515151,1.0,1.0,1.0
P1,F3,13,PRY,soft_dice_risk_binary,0.1,0.10606060606060606,0.10607514023905672,0.2734029555072494,0.3676053482609098
P1,F3,13,PRY,soft_dice_risk_binary,0.15000000000000002,0.15151515151515152,0.14792068123339278,0.36724980056405526,0.4922134108055656
P1,F3,13,PRY,soft_dice_risk_binary,0.20000000000000004,0.21212121212121213,0.2109874933471892,0.4739146681059665,0.7149057283393662
P1,F3,13,PRY,soft_dice_risk_binary,0.25000000000000006,0.25757575757575757,0.2530728933948603,0.49876409026070506,0.8268182650235311
P1,F3,13,PRY,soft_dice_risk_binary,0.30000000000000004,0.30303030303030304,0.29616638712180626,0.5123509420197448,0.8549422993270387
P1,F3,13,PRY,soft_dice_risk_binary,0.3500000000000001,0.36363636363636365,0.3588426764589466,0.5203913986020208,0.8886356344712067
P1,F3,13,PRY,soft_dice_risk_binary,0.40000000000000013,0.4090909090909091,0.40614266525389603,0.5812045337943837,0.9156603740160968
P1,F3,13,PRY,soft_dice_risk_binary,0.45000000000000007,0.45454545454545453,0.4512870501191747,0.6907853179557594,0.9313841272465668
P1,F3,13,PRY,soft_dice_risk_binary,0.5000000000000001,0.5151515151515151,0.5115382850354354,0.7097628714031097,0.9559425886669304
P1,F3,13,PRY,soft_dice_risk_binary,0.5500000000000002,0.5606060606060606,0.5588145164768074,0.8220134281926803,0.9713523982734085
P1,F3,13,PRY,soft_dice_risk_binary,0.6000000000000002,0.6060606060606061,0.6058613541294581,0.8222744001352309,0.9800591670554056
P1,F3,13,PRY,soft_dice_risk_binary,0.6500000000000001,0.6515151515151515,0.653160019730031,0.8395756536902322,0.9862376563075113
P1,F3,13,PRY,soft_dice_risk_binary,0.7000000000000002,0.7121212121212122,0.714159280485391,0.8562318913644977,0.992528338578849
P1,F3,13,PRY,soft_dice_risk_binary,0.7500000000000002,0.7575757575757576,0.7609740178153688,0.8633174278842589,0.9971056169336664
P1,F3,13,PRY,soft_dice_risk_binary,0.8000000000000002,0.803030303030303,0.8046658961264748,0.8830474998591344,0.9988278781938105
P1,F3,13,PRY,soft_dice_risk_binary,0.8500000000000002,0.8636363636363636,0.8676860355659011,0.9145205678512223,0.9996781831816759
P1,F3,13,PRY,soft_dice_risk_binary,0.9000000000000002,0.9090909090909091,0.9054696705504627,0.914563568909938,0.9997952969473657
P1,F3,13,PRY,soft_dice_risk_binary,0.9500000000000003,0.9545454545454546,0.9526998909146527,0.9410907737521538,0.9999547291325905
P1,F3,13,PRY,soft_dice_risk_binary,1.0000000000000004,1.0151515151515151,1.0,1.0,1.0
P1,F3,13,PRY,predicted_foreground_fraction,0.1,0.10606060606060606,0.10082590785719436,0.06366306742862565,0.00019387741042765225
P1,F3,13,PRY,predicted_foreground_fraction,0.15000000000000002,0.15151515151515152,0.14808066746254803,0.08547943214877773,0.0004182634488921431
P1,F3,13,PRY,predicted_foreground_fraction,0.20000000000000004,0.21212121212121213,0.20749468120969558,0.11695250014086554,0.001246917152344342
P1,F3,13,PRY,predicted_foreground_fraction,0.25000000000000006,0.25757575757575757,0.2546901977941027,0.13809641727041141,0.0037653551893207992
P1,F3,13,PRY,predicted_foreground_fraction,0.30000000000000004,0.30303030303030304,0.30086715543462095,0.152847263205032,0.00793716403603561
P1,F3,13,PRY,predicted_foreground_fraction,0.3500000000000001,0.36363636363636365,0.36260523981364373,0.16453168881468322,0.015435397488057348
P1,F3,13,PRY,predicted_foreground_fraction,0.40000000000000013,0.4090909090909091,0.4096520774662945,0.17789019012399132,0.022295902199180005
P1,F3,13,PRY,predicted_foreground_fraction,0.45000000000000007,0.45454545454545453,0.45695176553524924,0.18254320123605802,0.030739903120343744
P1,F3,13,PRY,predicted_foreground_fraction,0.5000000000000001,0.5151515151515151,0.5196283555983843,0.20354254584061138,0.04699903356539574
P1,F3,13,PRY,predicted_foreground_fraction,0.5500000000000002,0.5606060606060606,0.5669284646837316,0.20962793704645005,0.06352978921490475
P1,F3,13,PRY,predicted_foreground_fraction,0.6000000000000002,0.6060606060606061,0.6120493929214273,0.31979145969318,0.08150527602435179
P1,F3,13,PRY,predicted_foreground_fraction,0.6500000000000001,0.6515151515151515,0.659195049135921,0.33016657720469395,0.10238301909446455
P1,F3,13,PRY,predicted_foreground_fraction,0.7000000000000002,0.7121212121212122,0.7194030997993496,0.501235909739295,0.14147146065469549
P1,F3,13,PRY,predicted_foreground_fraction,0.7500000000000002,0.7575757575757576,0.7574804839354881,0.5129403530831759,0.18236876861272347
P1,F3,13,PRY,predicted_foreground_fraction,0.8000000000000002,0.803030303030303,0.8047792096812599,0.5617354337620588,0.2478520941712774
P1,F3,13,PRY,predicted_foreground_fraction,0.8500000000000002,0.8636363636363636,0.86509684489714,0.6774535069587575,0.4006855583964665
P1,F3,13,PRY,predicted_foreground_fraction,0.9000000000000002,0.9090909090909091,0.9106122654946212,0.8019994009507683,0.5682281179325779
P1,F3,13,PRY,predicted_foreground_fraction,0.9500000000000003,0.9545454545454546,0.9526998909146527,0.9385752118172841,0.7587013559608938
P1,F3,13,PRY,predicted_foreground_fraction,1.0000000000000004,1.0151515151515151,1.0,1.0,1.0
P1,F3,13,PRY,predicted_foreground_scarcity,0.1,0.10606060606060606,0.10515443753382792,0.24867734674570954,0.4988564185232643
P1,F3,13,PRY,predicted_foreground_scarcity,0.15000000000000002,0.15151515151515152,0.1505168487452298,0.35772729025121514,0.644535117399169
P1,F3,13,PRY,predicted_foreground_scarcity,0.20000000000000004,0.21212121212121213,0.21098611000761378,0.4513746993632878,0.774253867214641
P1,F3,13,PRY,predicted_foreground_scarcity,0.25000000000000006,0.25757575757575757,0.2582859183669664,0.4870596469168241,0.8365652796066552
P1,F3,13,PRY,predicted_foreground_scarcity,0.30000000000000004,0.30303030303030304,0.2963636032290995,0.5546951224937056,0.871132539321685
P1,F3,13,PRY,predicted_foreground_scarcity,0.3500000000000001,0.36363636363636365,0.3565716538925281,0.6698334227953061,0.9049577504709154
P1,F3,13,PRY,predicted_foreground_scarcity,0.40000000000000013,0.4090909090909091,0.4036934926082453,0.79037206295355,0.9249950300460779
P1,F3,13,PRY,predicted_foreground_scarcity,0.45000000000000007,0.45454545454545453,0.44883823834471753,0.7904706688295705,0.9422894855457994
P1,F3,13,PRY,predicted_foreground_scarcity,0.5000000000000001,0.5151515151515151,0.5119050504585139,0.8153364017307184,0.9619203114635678
P1,F3,13,PRY,predicted_foreground_scarcity,0.5500000000000002,0.5606060606060606,0.5588149374931999,0.8174864546665046,0.9723198170269637
P1,F3,13,PRY,predicted_foreground_scarcity,0.6000000000000002,0.6060606060606061,0.6058613541294581,0.8222744001352309,0.9800591670554056
P1,F3,13,PRY,predicted_foreground_scarcity,0.6500000000000001,0.6515151515151515,0.653160019730031,0.8364662323065472,0.9866844600858572
P1,F3,13,PRY,predicted_foreground_scarcity,0.7000000000000002,0.7121212121212122,0.7145166632574363,0.8473751560641872,0.9934888682873637
P1,F3,13,PRY,predicted_foreground_scarcity,0.7500000000000002,0.7575757575757576,0.7610765052343464,0.8816025160067734,0.9974864827094811
P1,F3,13,PRY,predicted_foreground_scarcity,0.8000000000000002,0.803030303030303,0.8082720218187536,0.9135500784398622,0.9990778521138542
P1,F3,13,PRY,predicted_foreground_scarcity,0.8500000000000002,0.8636363636363636,0.8676860355659011,0.9145205678512223,0.9996781831816759
P1,F3,13,PRY,predicted_foreground_scarcity,0.9000000000000002,0.9090909090909091,0.9149407951712547,0.9363636228836807,0.99986320324848
P1,F3,13,PRY,predicted_foreground_scarcity,0.9500000000000003,0.9545454545454546,0.9622163048702395,0.9735573144800875,0.9999891743577933
P1,F3,13,PRY,predicted_foreground_scarcity,1.0000000000000004,1.0151515151515151,1.0,1.0,1.0
P1,F3,13,SOM,georisk_v2,0.1,0.11538461538461539,0.08758504461498698,0.1749969274214063,0.19523401789674102
P1,F3,13,SOM,georisk_v2,0.15000000000000002,0.15384615384615385,0.12798610965091584,0.28392912775924706,0.2652047389951116
P1,F3,13,SOM,georisk_v2,0.20000000000000004,0.23076923076923078,0.21228445889732794,0.2847380019378682,0.4625580294733667
P1,F3,13,SOM,georisk_v2,0.25000000000000006,0.2692307692307692,0.2610435885808409,0.5219553604349056,0.5093368046012821
P1,F3,13,SOM,georisk_v2,0.30000000000000004,0.3076923076923077,0.3085016610250924,0.6498232195478879,0.5296048290840397
P1,F3,13,SOM,georisk_v2,0.3500000000000001,0.38461538461538464,0.38016438500948346,0.6832128596703337,0.6253362212060208
P1,F3,13,SOM,georisk_v2,0.40000000000000013,0.4230769230769231,0.4144347388237378,0.7553941618148508,0.6387612573953783
P1,F3,13,SOM,georisk_v2,0.45000000000000007,0.46153846153846156,0.45741168134294713,0.8545112599287161,0.6838583063876821
P1,F3,13,SOM,georisk_v2,0.5000000000000001,0.5384615384615384,0.5434539534220764,0.8567120836656006,0.7131659809126564
P1,F3,13,SOM,georisk_v2,0.5500000000000002,0.5769230769230769,0.5830779568116728,0.8853542325841958,0.7768235318630053
P1,F3,13,SOM,georisk_v2,0.6000000000000002,0.6153846153846154,0.6180280534884877,0.8853542325841958,0.8297507771162217
P1,F3,13,SOM,georisk_v2,0.6500000000000001,0.6538461538461539,0.6629398348483493,0.9216363839036896,0.8501815172840768
P1,F3,13,SOM,georisk_v2,0.7000000000000002,0.7307692307692307,0.7312710186708785,0.921639242116335,0.8973105280024765
P1,F3,13,SOM,georisk_v2,0.7500000000000002,0.7692307692307693,0.7690537804439858,0.9680537572634329,0.9528055061400367
P1,F3,13,SOM,georisk_v2,0.8000000000000002,0.8076923076923077,0.8068665007719446,0.9774572768664843,0.9595502697210915
P1,F3,13,SOM,georisk_v2,0.8500000000000002,0.8846153846153846,0.8876667700639977,0.9775230157573264,0.9768288895745878
P1,F3,13,SOM,georisk_v2,0.9000000000000002,0.9230769230769231,0.9252493119301478,0.9775230157573264,0.9770392293626406
P1,F3,13,SOM,georisk_v2,0.9500000000000003,0.9615384615384616,0.9662938346224506,0.97755731430907,0.9872168970317285
P1,F3,13,SOM,georisk_v2,1.0000000000000004,1.0384615384615385,1.0,1.0,1.0
P1,F3,13,SOM,soft_dice_risk_binary,0.1,0.11538461538461539,0.09715317436939568,0.1135396391220714,0.2341141371157454
P1,F3,13,SOM,soft_dice_risk_binary,0.15000000000000002,0.15384615384615385,0.1286161696926978,0.17564002526659978,0.3025321140240085
P1,F3,13,SOM,soft_dice_risk_binary,0.20000000000000004,0.23076923076923078,0.21228445889732794,0.2847380019378682,0.4625580294733667
P1,F3,13,SOM,soft_dice_risk_binary,0.25000000000000006,0.2692307692307692,0.24413970660340512,0.30330209306912015,0.5075102218191812
P1,F3,13,SOM,soft_dice_risk_binary,0.30000000000000004,0.3076923076923077,0.2928988362869181,0.5405194515661577,0.5542889969470965
P1,F3,13,SOM,soft_dice_risk_binary,0.3500000000000001,0.38461538461538464,0.3676564092420467,0.5553450005573515,0.6579954419764796
P1,F3,13,SOM,soft_dice_risk_binary,0.40000000000000013,0.4230769230769231,0.3925104729339343,0.5553478587699968,0.7038395940838958
P1,F3,13,SOM,soft_dice_risk_binary,0.45000000000000007,0.46153846153846156,0.4321344763235308,0.583990007688592,0.7674971450342447
P1,F3,13,SOM,soft_dice_risk_binary,0.5000000000000001,0.5384615384615384,0.5128941806158474,0.7295216209495554,0.8680891721641086
P1,F3,13,SOM,soft_dice_risk_binary,0.5500000000000002,0.5769230769230769,0.560352253060099,0.8573894800625377,0.8883571966468663
P1,F3,13,SOM,soft_dice_risk_binary,0.6000000000000002,0.6153846153846154,0.5946226068743533,0.9295707822070547,0.9017822328362237
P1,F3,13,SOM,soft_dice_risk_binary,0.6500000000000001,0.6538461538461539,0.6359907191746474,0.9315057921679257,0.9254901065886955
P1,F3,13,SOM,soft_dice_risk_binary,0.7000000000000002,0.7307692307692307,0.7220739284094743,0.9678536823782615,0.960666459634108
P1,F3,13,SOM,soft_dice_risk_binary,0.7500000000000002,0.7692307692307693,0.7667480881883094,0.9681194961542748,0.9662662604066107
P1,F3,13,SOM,soft_dice_risk_binary,0.8000000000000002,0.8076923076923077,0.8045608085162681,0.9775230157573264,0.9730110239876654
P1,F3,13,SOM,soft_dice_risk_binary,0.8500000000000002,0.8846153846153846,0.8793114965861203,1.0,0.9959717946250247
P1,F3,13,SOM,soft_dice_risk_binary,0.9000000000000002,0.9230769230769231,0.9189403380032084,1.0,0.9985048016009636
P1,F3,13,SOM,soft_dice_risk_binary,0.9500000000000003,0.9615384615384616,0.9624174581338499,1.0,0.9997896602119472
P1,F3,13,SOM,soft_dice_risk_binary,1.0000000000000004,1.0384615384615385,1.0,1.0,1.0
P1,F3,13,SOM,predicted_foreground_fraction,0.1,0.11538461538461539,0.12068850341387967,0.0,0.00402820537497532
P1,F3,13,SOM,predicted_foreground_fraction,0.15000000000000002,0.15384615384615385,0.16536266319271484,0.00026581377601330786,0.009628006147477957
P1,F3,13,SOM,predicted_foreground_fraction,0.20000000000000004,0.23076923076923078,0.2442199062129763,0.009703631930808388,0.026550437397620582
P1,F3,13,SOM,predicted_foreground_fraction,0.25000000000000006,0.2692307692307692,0.2853913340879416,0.00976937082165039,0.04129605027517802
P1,F3,13,SOM,predicted_foreground_fraction,0.30000000000000004,0.3076923076923077,0.319097499465491,0.032212056512580425,0.05407915324344945
P1,F3,13,SOM,predicted_foreground_fraction,0.3500000000000001,0.38461538461538464,0.40082592572399683,0.23226121777007966,0.08777221391556445
P1,F3,13,SOM,predicted_foreground_fraction,0.40000000000000013,0.4230769230769231,0.44573770708385846,0.26854336908957355,0.10820295408341957
P1,F3,13,SOM,predicted_foreground_fraction,0.45000000000000007,0.46153846153846156,0.4871058193841526,0.2704783790504446,0.1319108278358913
P1,F3,13,SOM,predicted_foreground_fraction,0.5000000000000001,0.5384615384615384,0.5563899085445334,0.5142896341201992,0.19623213972118073
P1,F3,13,SOM,predicted_foreground_fraction,0.5500000000000002,0.5769230769230769,0.5993668510637427,0.6134067322340647,0.24132918871348447
P1,F3,13,SOM,predicted_foreground_fraction,0.6000000000000002,0.6153846153846154,0.6391743273420566,0.6282322812252586,0.2921083884896512
P1,F3,13,SOM,predicted_foreground_fraction,0.6500000000000001,0.6538461538461539,0.6710295750481338,0.6467963723565106,0.3370605808354657
P1,F3,13,SOM,predicted_foreground_fraction,0.7000000000000002,0.7307692307692307,0.7437624334980558,0.6932108875036085,0.44548280422624226
P1,F3,13,SOM,predicted_foreground_fraction,0.7500000000000002,0.7692307692307693,0.7833864368876523,0.7218530364222038,0.5091403551765912
P1,F3,13,SOM,predicted_foreground_fraction,0.8000000000000002,0.8076923076923077,0.8237875019235811,0.8307852367600445,0.5791110762749617
P1,F3,13,SOM,predicted_foreground_fraction,0.8500000000000002,0.8846153846153846,0.89190878978417,0.8309538713061174,0.7150104227333656
P1,F3,13,SOM,predicted_foreground_fraction,0.9000000000000002,0.9230769230769231,0.9233717851074721,0.8930542574506458,0.7834283996416286
P1,F3,13,SOM,predicted_foreground_fraction,0.9500000000000003,0.9615384615384616,0.964402910185183,0.8936973552958393,0.8907264957688961
P1,F3,13,SOM,predicted_foreground_fraction,1.0000000000000004,1.0384615384615385,1.0,1.0,1.0
P1,F3,13,SOM,predicted_foreground_scarcity,0.1,0.11538461538461539,0.10809121021582999,0.16904612869388258,0.28498957726663443
P1,F3,13,SOM,predicted_foreground_scarcity,0.15000000000000002,0.15384615384615385,0.15135843438453125,0.16921190502731023,0.3750447716176221
P1,F3,13,SOM,predicted_foreground_scarcity,0.20000000000000004,0.23076923076923078,0.21661356311234775,0.2781469635777963,0.4908596448234088
P1,F3,13,SOM,predicted_foreground_scarcity,0.25000000000000006,0.2692307692307692,0.25623756650194424,0.3067891124963915,0.5545171957737577
P1,F3,13,SOM,predicted_foreground_scarcity,0.30000000000000004,0.3076923076923077,0.291187663178759,0.3067891124963915,0.6074444410269741
P1,F3,13,SOM,predicted_foreground_scarcity,0.3500000000000001,0.38461538461538464,0.36082567265794346,0.3717677187747414,0.7078916115103489
P1,F3,13,SOM,predicted_foreground_scarcity,0.40000000000000013,0.4230769230769231,0.4006331489362573,0.3865932677659352,0.7586708112865155
P1,F3,13,SOM,predicted_foreground_scarcity,0.45000000000000007,0.46153846153846156,0.4436100914554666,0.4857103658798007,0.8037678602788193
P1,F3,13,SOM,predicted_foreground_scarcity,0.5000000000000001,0.5384615384615384,0.5128941806158474,0.7295216209495554,0.8680891721641086
P1,F3,13,SOM,predicted_foreground_scarcity,0.5500000000000002,0.5769230769230769,0.5542622929161415,0.7314566309104265,0.8917970459165804
P1,F3,13,SOM,predicted_foreground_scarcity,0.6000000000000002,0.6153846153846154,0.5991740742760031,0.7677387822299203,0.9122277860844356
P1,F3,13,SOM,predicted_foreground_scarcity,0.6500000000000001,0.6538461538461539,0.6466321467202546,0.8956066413429026,0.9324958105671931
P1,F3,13,SOM,predicted_foreground_scarcity,0.7000000000000002,0.7307692307692307,0.7146086659120584,0.9902306291783496,0.958703949724822
P1,F3,13,SOM,predicted_foreground_scarcity,0.7500000000000002,0.7692307692307693,0.7557800937870237,0.9902963680691916,0.9734495626023795
P1,F3,13,SOM,predicted_foreground_scarcity,0.8000000000000002,0.8076923076923077,0.7968246164793265,0.9903306666209353,0.9836272302714673
P1,F3,13,SOM,predicted_foreground_scarcity,0.8500000000000002,0.8846153846153846,0.8793114965861203,1.0,0.9959717946250247
P1,F3,13,SOM,predicted_foreground_scarcity,0.9000000000000002,0.9230769230769231,0.9189403380032084,1.0,0.9985048016009636
P1,F3,13,SOM,predicted_foreground_scarcity,0.9500000000000003,0.9615384615384616,0.9624174581338499,1.0,0.9997896602119472
P1,F3,13,SOM,predicted_foreground_scarcity,1.0000000000000004,1.0384615384615385,1.0,1.0,1.0
P1,F3,37,IND,georisk_v2,0.1,0.10294117647058823,0.09588370841767033,0.37988561925420034,0.6222973911365022
P1,F3,37,IND,georisk_v2,0.15000000000000002,0.16176470588235295,0.15770917273229776,0.47241637705637723,0.7521936690198147
P1,F3,37,IND,georisk_v2,0.20000000000000004,0.20588235294117646,0.20480276931853483,0.5289758068178624,0.8024893621862699
P1,F3,37,IND,georisk_v2,0.25000000000000006,0.2647058823529412,0.26137597170758037,0.6074300988531649,0.8734368906747391
P1,F3,37,IND,georisk_v2,0.30000000000000004,0.3088235294117647,0.3071760648697886,0.6404132326131102,0.8894883570570506
P1,F3,37,IND,georisk_v2,0.3500000000000001,0.35294117647058826,0.35564141310952113,0.6832589753959208,0.9065998777524338
P1,F3,37,IND,georisk_v2,0.40000000000000013,0.4117647058823529,0.40727233694356396,0.7179197583060664,0.9254901868473231
P1,F3,37,IND,georisk_v2,0.45000000000000007,0.45588235294117646,0.45432848138578286,0.7496031600141002,0.9328909509338443
P1,F3,37,IND,georisk_v2,0.5000000000000001,0.5147058823529411,0.5083304603303213,0.7757794607733947,0.9462895352787801
P1,F3,37,IND,georisk_v2,0.5500000000000002,0.5588235294117647,0.5609220985372597,0.8625830714766124,0.9654348537383981
P1,F3,37,IND,georisk_v2,0.6000000000000002,0.6029411764705882,0.6122222396850274,0.8933473615006823,0.9755136084766682
P1,F3,37,IND,georisk_v2,0.6500000000000001,0.6617647058823529,0.6720115111839793,0.9120529062311447,0.9827699980305431
P1,F3,37,IND,georisk_v2,0.7000000000000002,0.7058823529411765,0.7075624238626336,0.9207406742603313,0.985795586062522
P1,F3,37,IND,georisk_v2,0.7500000000000002,0.7647058823529411,0.76465487347696,0.9401409592930842,0.9869968763314432
P1,F3,37,IND,georisk_v2,0.8000000000000002,0.8088235294117647,0.8086638847303261,0.948773580621233,0.9875170954354893
P1,F3,37,IND,georisk_v2,0.8500000000000002,0.8529411764705882,0.8598296663114287,0.9549316289037917,0.9885551797109842
P1,F3,37,IND,georisk_v2,0.9000000000000002,0.9117647058823529,0.9243433251417915,0.968616120570152,0.9890706909498354
P1,F3,37,IND,georisk_v2,0.9500000000000003,0.9558823529411765,0.9569198019182854,0.9840723351708358,0.9969155636530836
P1,F3,37,IND,georisk_v2,1.0000000000000004,1.0147058823529411,1.0,1.0,1.0
P1,F3,37,IND,soft_dice_risk_binary,0.1,0.10294117647058823,0.09588370841767033,0.37988561925420034,0.6222973911365022
P1,F3,37,IND,soft_dice_risk_binary,0.15000000000000002,0.16176470588235295,0.15643359283433478,0.5131562727750468,0.7865657928084221
P1,F3,37,IND,soft_dice_risk_binary,0.20000000000000004,0.20588235294117646,0.2066028798692385,0.5452949050936088,0.8072497985426018
P1,F3,37,IND,soft_dice_risk_binary,0.25000000000000006,0.2647058823529412,0.27037277924669695,0.6105448061539394,0.8429809260841625
P1,F3,37,IND,soft_dice_risk_binary,0.30000000000000004,0.3088235294117647,0.31015946253498183,0.6657439506231577,0.8969620930540941
P1,F3,37,IND,soft_dice_risk_binary,0.3500000000000001,0.35294117647058826,0.3552812037386603,0.691699123924369,0.912399967672659
P1,F3,37,IND,soft_dice_risk_binary,0.40000000000000013,0.4117647058823529,0.3987677575829724,0.721687575556387,0.9304766007330146
P1,F3,37,IND,soft_dice_risk_binary,0.45000000000000007,0.45588235294117646,0.4495035751749801,0.7913573225087207,0.9505729079620201
P1,F3,37,IND,soft_dice_risk_binary,0.5000000000000001,0.5147058823529411,0.5183353993318136,0.8182164691838072,0.9651547357592962
P1,F3,37,IND,soft_dice_risk_binary,0.5500000000000002,0.5588235294117647,0.5653942189271767,0.8652722841331046,0.9712631908497932
P1,F3,37,IND,soft_dice_risk_binary,0.6000000000000002,0.6029411764705882,0.6047033205004008,0.8812810470520304,0.9784756403285149
P1,F3,37,IND,soft_dice_risk_binary,0.6500000000000001,0.6617647058823529,0.6648681835007924,0.9110370174933986,0.9837829736916647
P1,F3,37,IND,soft_dice_risk_binary,0.7000000000000002,0.7058823529411765,0.7102902106449025,0.9136359409432897,0.9858489418680653
P1,F3,37,IND,soft_dice_risk_binary,0.7500000000000002,0.7647058823529411,0.7604974848544532,0.9345770896815115,0.9950371254402834
P1,F3,37,IND,soft_dice_risk_binary,0.8000000000000002,0.8088235294117647,0.7998743346810532,0.9477533666520329,0.9983875561707166
P1,F3,37,IND,soft_dice_risk_binary,0.8500000000000002,0.8529411764705882,0.8436899323620967,0.9604425144300535,0.9989831011178826
P1,F3,37,IND,soft_dice_risk_binary,0.9000000000000002,0.9117647058823529,0.907151854733834,0.9768989388044628,0.9995896310838369
P1,F3,37,IND,soft_dice_risk_binary,0.9500000000000003,0.9558823529411765,0.9500400436986266,0.9894156179782571,0.9998085468154039
P1,F3,37,IND,soft_dice_risk_binary,1.0000000000000004,1.0147058823529411,1.0,1.0,1.0
P1,F3,37,IND,predicted_foreground_fraction,0.1,0.10294117647058823,0.11378369313585798,0.021056308025683226,0.0005563127372077495
P1,F3,37,IND,predicted_foreground_fraction,0.15000000000000002,0.16176470588235295,0.16827709771297814,0.032847429623077705,0.0011149794070129929
P1,F3,37,IND,predicted_foreground_fraction,0.20000000000000004,0.20588235294117646,0.21899940578160784,0.05503262305824141,0.0018031123696804067
P1,F3,37,IND,predicted_foreground_fraction,0.25000000000000006,0.2647058823529412,0.27507496280701144,0.07143281942374942,0.003450865187926209
P1,F3,37,IND,predicted_foreground_fraction,0.30000000000000004,0.3088235294117647,0.32418656116754385,0.0830363341068289,0.00548152437536437
P1,F3,37,IND,predicted_foreground_fraction,0.3500000000000001,0.35294117647058826,0.36225706683502296,0.0917943871471422,0.008528297800720773
P1,F3,37,IND,predicted_foreground_fraction,0.40000000000000013,0.4117647058823529,0.43044538290302936,0.13360639961245926,0.015651297840737627
P1,F3,37,IND,predicted_foreground_fraction,0.45000000000000007,0.45588235294117646,0.46958775555654386,0.14351172029593234,0.021922174280461653
P1,F3,37,IND,predicted_foreground_fraction,0.5000000000000001,0.5147058823529411,0.5352980772671171,0.1893748526718036,0.03414457697084968
P1,F3,37,IND,predicted_foreground_fraction,0.5500000000000002,0.5588235294117647,0.5837418236452105,0.21984016107161936,0.044783567667323415
P1,F3,37,IND,predicted_foreground_fraction,0.6000000000000002,0.6029411764705882,0.623820700535666,0.23246280841603537,0.056295867357467416
P1,F3,37,IND,predicted_foreground_fraction,0.6500000000000001,0.6617647058823529,0.6816539000556098,0.24897816406900475,0.0772756839547323
P1,F3,37,IND,predicted_foreground_fraction,0.7000000000000002,0.7058823529411765,0.7212057717766662,0.2863724932580455,0.0952040192614458
P1,F3,37,IND,predicted_foreground_fraction,0.7500000000000002,0.7647058823529411,0.7856321537357008,0.36759385211601137,0.13234907564990117
P1,F3,37,IND,predicted_foreground_fraction,0.8000000000000002,0.8088235294117647,0.8268795375195245,0.40422369664556673,0.16088580052932097
P1,F3,37,IND,predicted_foreground_fraction,0.8500000000000002,0.8529411764705882,0.8668589655918458,0.49652359521888917,0.20319224645988154
P1,F3,37,IND,predicted_foreground_fraction,0.9000000000000002,0.9117647058823529,0.9135991744477397,0.6011904118269129,0.34660009745280956
P1,F3,37,IND,predicted_foreground_fraction,0.9500000000000003,0.9558823529411765,0.9651065730853511,0.8035485280156054,0.6651311179689015
P1,F3,37,IND,predicted_foreground_fraction,1.0000000000000004,1.0147058823529411,1.0,1.0,1.0
P1,F3,37,IND,predicted_foreground_scarcity,0.1,0.10294117647058823,0.09740607119318184,0.4397711520037716,0.7154275957795558
P1,F3,37,IND,predicted_foreground_scarcity,0.15000000000000002,0.16176470588235295,0.1485039038844227,0.5294061673475302,0.8159201169433714
P1,F3,37,IND,predicted_foreground_scarcity,0.20000000000000004,0.20588235294117646,0.19065221236836993,0.6155907292989016,0.8515390403644515
P1,F3,37,IND,predicted_foreground_scarcity,0.25000000000000006,0.2647058823529412,0.2453396324272701,0.667665975350506,0.8860257222061371
P1,F3,37,IND,predicted_foreground_scarcity,0.30000000000000004,0.3088235294117647,0.2866290829942855,0.7192027300860937,0.9088910388139946
P1,F3,37,IND,predicted_foreground_scarcity,0.3500000000000001,0.35294117647058826,0.32875298070579234,0.7539662372432705,0.9268334977162931
P1,F3,37,IND,predicted_foreground_scarcity,0.40000000000000013,0.4117647058823529,0.39335919983494305,0.7706016180690869,0.9489416326719567
P1,F3,37,IND,predicted_foreground_scarcity,0.45000000000000007,0.45588235294117646,0.4337867160589109,0.7919433913707308,0.9597705072646283
P1,F3,37,IND,predicted_foreground_scarcity,0.5000000000000001,0.5147058823529411,0.49639432827406144,0.83778111301181,0.9718610897295566
P1,F3,37,IND,predicted_foreground_scarcity,0.5500000000000002,0.5588235294117647,0.5474017407890297,0.8610265288071228,0.980949623488481
P1,F3,37,IND,predicted_foreground_scarcity,0.6000000000000002,0.6029411764705882,0.5864611168162467,0.8831317054603884,0.9861486759521462
P1,F3,37,IND,predicted_foreground_scarcity,0.6500000000000001,0.6617647058823529,0.6524558073060439,0.9137992184306762,0.9927216404085485
P1,F3,37,IND,predicted_foreground_scarcity,0.7000000000000002,0.7058823529411765,0.6902394027988121,0.924921551114504,0.9951909157033197
P1,F3,37,IND,predicted_foreground_scarcity,0.7500000000000002,0.7647058823529411,0.7564580704856039,0.9304805548406909,0.9976036966157511
P1,F3,37,IND,predicted_foreground_scarcity,0.8000000000000002,0.8088235294117647,0.7977584223016817,0.9489865982703399,0.9984597434370398
P1,F3,37,IND,predicted_foreground_scarcity,0.8500000000000002,0.8529411764705882,0.8436897986044395,0.9705327387581828,0.9990254719046375
P1,F3,37,IND,predicted_foreground_scarcity,0.9000000000000002,0.9117647058823529,0.902696454051068,0.9821492291356241,0.9995888464396377
P1,F3,37,IND,predicted_foreground_scarcity,0.9500000000000003,0.9558823529411765,0.9478871473270372,0.9947875554440607,0.9998438558043662
P1,F3,37,IND,predicted_foreground_scarcity,1.0000000000000004,1.0147058823529411,1.0,1.0,1.0
P1,F3,37,LKA,georisk_v2,0.1,0.11904761904761904,0.12011368566978221,0.13570997719095704,0.5332953136004687
P1,F3,37,LKA,georisk_v2,0.15000000000000002,0.16666666666666666,0.17245919784696997,0.1448991033774569,0.5654874316735539
P1,F3,37,LKA,georisk_v2,0.20000000000000004,0.21428571428571427,0.21348130898106554,0.1680790804237837,0.6006899646603466
P1,F3,37,LKA,georisk_v2,0.25000000000000006,0.2619047619047619,0.2658840313427501,0.2527354261615724,0.7265539786715531
P1,F3,37,LKA,georisk_v2,0.30000000000000004,0.30952380952380953,0.31409625824315957,0.25636989955002976,0.738907275481012
P1,F3,37,LKA,georisk_v2,0.3500000000000001,0.35714285714285715,0.3580681064161623,0.29089314290916113,0.7547914212524074
P1,F3,37,LKA,georisk_v2,0.40000000000000013,0.40476190476190477,0.4076005837847669,0.338139595426621,0.8142673722131848
P1,F3,37,LKA,georisk_v2,0.45000000000000007,0.4523809523809524,0.45892213402820625,0.35458575766263883,0.8343960160306152
P1,F3,37,LKA,georisk_v2,0.5000000000000001,0.5238095238095238,0.5327789766824336,0.38495130639410385,0.8590402822186072
P1,F3,37,LKA,georisk_v2,0.5500000000000002,0.5714285714285714,0.5833272861164632,0.4379259680231,0.8852022213496382
P1,F3,37,LKA,georisk_v2,0.6000000000000002,0.6190476190476191,0.6359493141853857,0.44616904214781045,0.8964679044894448
P1,F3,37,LKA,georisk_v2,0.6500000000000001,0.6666666666666666,0.6885714426230528,0.4688036780326201,0.9359647974670132
P1,F3,37,LKA,georisk_v2,0.7000000000000002,0.7142857142857143,0.738949225559784,0.47559959877864,0.9432041285690245
P1,F3,37,LKA,georisk_v2,0.7500000000000002,0.7619047619047619,0.7817985496917124,0.4907891792743134,0.9469188434521918
P1,F3,37,LKA,georisk_v2,0.8000000000000002,0.8095238095238095,0.819703508720689,0.4929041841534578,0.9478755695169001
P1,F3,37,LKA,georisk_v2,0.8500000000000002,0.8571428571428571,0.8658241513496434,0.4945555214303763,0.9486515460319241
P1,F3,37,LKA,georisk_v2,0.9000000000000002,0.9047619047619048,0.9132652451842825,0.49549902119343786,0.948972532301191
P1,F3,37,LKA,georisk_v2,0.9500000000000003,0.9523809523809523,0.9495243575371558,0.5815812511538517,1.0
P1,F3,37,LKA,georisk_v2,1.0000000000000004,1.0238095238095237,1.0,1.0,1.0
P1,F3,37,LKA,soft_dice_risk_binary,0.1,0.11904761904761904,0.11989458070003385,0.19358250007869587,0.5817829384890584
P1,F3,37,LKA,soft_dice_risk_binary,0.15000000000000002,0.16666666666666666,0.1725164080314668,0.22036632292874578,0.6591593276116752
P1,F3,37,LKA,soft_dice_risk_binary,0.20000000000000004,0.21428571428571427,0.21353851916556235,0.24354629997507254,0.6943618605984679
P1,F3,37,LKA,soft_dice_risk_binary,0.25000000000000006,0.2619047619047619,0.2627943802736875,0.29379850962769616,0.765137774786061
P1,F3,37,LKA,soft_dice_risk_binary,0.30000000000000004,0.30952380952380953,0.3154165087113546,0.2976933174863941,0.78473975181217
P1,F3,37,LKA,soft_dice_risk_binary,0.3500000000000001,0.35714285714285715,0.3650145268702687,0.3461682764581921,0.8103313949502315
P1,F3,37,LKA,soft_dice_risk_binary,0.40000000000000013,0.40476190476190477,0.4132267537706781,0.35209131103928754,0.8239748695798508
P1,F3,37,LKA,soft_dice_risk_binary,0.45000000000000007,0.4523809523809524,0.45892213402820625,0.35458575766263883,0.8343960160306152
P1,F3,37,LKA,soft_dice_risk_binary,0.5000000000000001,0.5238095238095238,0.5373510741111771,0.38307111299792157,0.8899640370723559
P1,F3,37,LKA,soft_dice_risk_binary,0.5500000000000002,0.5714285714285714,0.5884034353812472,0.4328162659699458,0.9063935478643506
P1,F3,37,LKA,soft_dice_risk_binary,0.6000000000000002,0.6190476190476191,0.6359494145541305,0.46056060390790965,0.9246991143272065
P1,F3,37,LKA,soft_dice_risk_binary,0.6500000000000001,0.6666666666666666,0.6885714426230528,0.4688036780326201,0.9359647974670132
P1,F3,37,LKA,soft_dice_risk_binary,0.7000000000000002,0.7142857142857143,0.7411924670045279,0.5571668122894885,0.9838166825601615
P1,F3,37,LKA,soft_dice_risk_binary,0.7500000000000002,0.7619047619047619,0.7817974456355203,0.5580524599480522,0.9873475315220982
P1,F3,37,LKA,soft_dice_risk_binary,0.8000000000000002,0.8095238095238095,0.8180576620445856,0.5768714092347272,0.9979463111510006
P1,F3,37,LKA,soft_dice_risk_binary,0.8500000000000002,0.8571428571428571,0.8559626210735621,0.5789864141138716,0.998903037215709
P1,F3,37,LKA,soft_dice_risk_binary,0.9000000000000002,0.9047619047619048,0.9020832637025167,0.5806377513907901,0.999679013730733
P1,F3,37,LKA,soft_dice_risk_binary,0.9500000000000003,0.9523809523809523,0.9495243575371558,0.5815812511538517,1.0
P1,F3,37,LKA,soft_dice_risk_binary,1.0000000000000004,1.0238095238095237,1.0,1.0,1.0
P1,F3,37,LKA,predicted_foreground_fraction,0.1,0.11904761904761904,0.12422780051631689,0.4193622486092099,0.0005765287360620283
P1,F3,37,LKA,predicted_foreground_fraction,0.15000000000000002,0.16666666666666666,0.16845980447566314,0.42312859076527276,0.0016641424057141788
P1,F3,37,LKA,predicted_foreground_fraction,0.20000000000000004,0.21428571428571427,0.20825340217424798,0.4383088128322774,0.004316174591599509
P1,F3,37,LKA,predicted_foreground_fraction,0.25000000000000006,0.2619047619047619,0.24885838080524036,0.4391944604908411,0.007847023553536147
P1,F3,37,LKA,predicted_foreground_fraction,0.30000000000000004,0.30952380952380953,0.30148050924290754,0.45084059958601713,0.017797597900812128
P1,F3,37,LKA,predicted_foreground_fraction,0.3500000000000001,0.35714285714285715,0.34406646578866096,0.4539076118906493,0.027417836864182296
P1,F3,37,LKA,predicted_foreground_fraction,0.40000000000000013,0.40476190476190477,0.3953879156633556,0.4575659067338999,0.03967452615570639
P1,F3,37,LKA,predicted_foreground_fraction,0.45000000000000007,0.4523809523809524,0.44800994373227804,0.4621072969369863,0.05338656095934382
P1,F3,37,LKA,predicted_foreground_fraction,0.5000000000000001,0.5238095238095238,0.5252441946467126,0.5282994629112711,0.0795111036318194
P1,F3,37,LKA,predicted_foreground_fraction,0.5500000000000002,0.5714285714285714,0.5748423131743713,0.5632353278980714,0.10325785481448241
P1,F3,37,LKA,predicted_foreground_fraction,0.6000000000000002,0.6190476190476191,0.6225175672904685,0.5916339050766073,0.1282667364733893
P1,F3,37,LKA,predicted_foreground_fraction,0.6500000000000001,0.6666666666666666,0.6746354431546057,0.6034442420566083,0.16246268145073328
P1,F3,37,LKA,predicted_foreground_fraction,0.7000000000000002,0.7142857142857143,0.7269809553317935,0.627438402397119,0.2036611132925712
P1,F3,37,LKA,predicted_foreground_fraction,0.7500000000000002,0.7619047619047619,0.7588587712396574,0.6520646820558936,0.23058656345244105
P1,F3,37,LKA,predicted_foreground_fraction,0.8000000000000002,0.8095238095238095,0.7988553145400888,0.6665642911288051,0.27055402853349786
P1,F3,37,LKA,predicted_foreground_fraction,0.8500000000000002,0.8571428571428571,0.845447790638025,0.6847860025131635,0.33308402360963085
P1,F3,37,LKA,predicted_foreground_fraction,0.9000000000000002,0.9047619047619048,0.8980685139132659,0.7825279838286353,0.41780570046683246
P1,F3,37,LKA,predicted_foreground_fraction,0.9500000000000003,0.9523809523809523,0.9473818863121221,0.8948189186590904,0.5525887698434958
P1,F3,37,LKA,predicted_foreground_fraction,1.0000000000000004,1.0238095238095237,1.0,1.0,1.0
P1,F3,37,LKA,predicted_foreground_scarcity,0.1,0.11904761904761904,0.12824144624937558,0.2999155189121082,0.6248854733456741
P1,F3,37,LKA,predicted_foreground_scarcity,0.15000000000000002,0.16666666666666666,0.18086327358080853,0.3266993417621581,0.7022618624682909
P1,F3,37,LKA,predicted_foreground_scarcity,0.20000000000000004,0.21428571428571427,0.22204778134387929,0.34574289333688385,0.7528000598343337
P1,F3,37,LKA,predicted_foreground_scarcity,0.25000000000000006,0.2619047619047619,0.26306989247797485,0.36892287038321064,0.7880025928211265
P1,F3,37,LKA,predicted_foreground_scarcity,0.30000000000000004,0.30952380952380953,0.2993301088870401,0.3892366159581627,0.8177109627718255
P1,F3,37,LKA,predicted_foreground_scarcity,0.3500000000000001,0.35714285714285715,0.35167562106422784,0.4025153754729197,0.8556621354624384
P1,F3,37,LKA,predicted_foreground_scarcity,0.40000000000000013,0.40476190476190477,0.4037933965596204,0.42377517310966123,0.8859439177776531
P1,F3,37,LKA,predicted_foreground_scarcity,0.45000000000000007,0.4523809523809524,0.4484447411344539,0.46983055288745806,0.9081231340725366
P1,F3,37,LKA,predicted_foreground_scarcity,0.5000000000000001,0.5238095238095238,0.525808367360847,0.5231378641173172,0.9391060999856647
P1,F3,37,LKA,predicted_foreground_scarcity,0.5500000000000002,0.5714285714285714,0.5783011204865556,0.5399175267204408,0.9538496537711212
P1,F3,37,LKA,predicted_foreground_scarcity,0.6000000000000002,0.6190476190476191,0.6309229478179885,0.5450553040596012,0.9666641735694297
P1,F3,37,LKA,predicted_foreground_scarcity,0.6500000000000001,0.6666666666666666,0.6778346968929149,0.547702037840381,0.9776992452148114
P1,F3,37,LKA,predicted_foreground_scarcity,0.7000000000000002,0.7142857142857143,0.7248305549759261,0.5550790319301079,0.9873631133798296
P1,F3,37,LKA,predicted_foreground_scarcity,0.7500000000000002,0.7619047619047619,0.7676798791078544,0.5608148979378277,0.9936052055870309
P1,F3,37,LKA,predicted_foreground_scarcity,0.8000000000000002,0.8095238095238095,0.8180576620445856,0.5768714092347272,0.9979463111510006
P1,F3,37,LKA,predicted_foreground_scarcity,0.8500000000000002,0.8571428571428571,0.8513497739344578,0.5785227465116457,0.9988562916425148
P1,F3,37,LKA,predicted_foreground_scarcity,0.9000000000000002,0.9047619047619048,0.897732378987161,0.5810325069273641,0.999657199129909
P1,F3,37,LKA,predicted_foreground_scarcity,0.9500000000000003,0.9523809523809523,0.9495243575371558,0.5815812511538517,1.0
P1,F3,37,LKA,predicted_foreground_scarcity,1.0000000000000004,1.0238095238095237,1.0,1.0,1.0
P1,F3,37,PRY,georisk_v2,0.1,0.10606060606060606,0.103631982113299,0.21532928431410345,0.33332813351354423
P1,F3,37,PRY,georisk_v2,0.15000000000000002,0.15151515151515152,0.1480736906194721,0.35721053614906245,0.5555123475292127
P1,F3,37,PRY,georisk_v2,0.20000000000000004,0.21212121212121213,0.21059594810215132,0.44434328486570324,0.6896465273932078
P1,F3,37,PRY,georisk_v2,0.25000000000000006,0.25757575757575757,0.25252972210331853,0.49347421864110724,0.755700209589879
P1,F3,37,PRY,georisk_v2,0.30000000000000004,0.30303030303030304,0.2998280869778968,0.5128617649413851,0.7864879711454572
P1,F3,37,PRY,georisk_v2,0.3500000000000001,0.36363636363636365,0.36211132744002605,0.5308191553405832,0.8123017336570593
P1,F3,37,PRY,georisk_v2,0.40000000000000013,0.4090909090909091,0.40941137638017444,0.5348434613183235,0.8771230585637132
P1,F3,37,PRY,georisk_v2,0.45000000000000007,0.45454545454545453,0.45512948629805156,0.5376585478690751,0.8823466489575661
P1,F3,37,PRY,georisk_v2,0.5000000000000001,0.5151515151515151,0.5160409350629729,0.5378216553331693,0.9548863635097447
P1,F3,37,PRY,georisk_v2,0.5500000000000002,0.5606060606060606,0.5632382560033479,0.5397107363264048,0.9625278701055303
P1,F3,37,PRY,georisk_v2,0.6000000000000002,0.6060606060606061,0.60614638222719,0.5484918490751807,0.9667597805824615
P1,F3,37,PRY,georisk_v2,0.6500000000000001,0.6515151515151515,0.6534464913125373,0.5769177730789647,0.9703543417195284
P1,F3,37,PRY,georisk_v2,0.7000000000000002,0.7121212121212122,0.7100916005365192,0.6338192947233252,0.9802822833597225
P1,F3,37,PRY,georisk_v2,0.7500000000000002,0.7575757575757576,0.757367110235504,0.749502522234513,0.9880608423485209
P1,F3,37,PRY,georisk_v2,0.8000000000000002,0.803030303030303,0.8046434018220747,0.859759460974315,0.9931206384190171
P1,F3,37,PRY,georisk_v2,0.8500000000000002,0.8636363636363636,0.8677080487087097,0.8908551576062942,0.9938928116576988
P1,F3,37,PRY,georisk_v2,0.9000000000000002,0.9090909090909091,0.915008157794057,0.9001374551083775,0.9949246044701365
P1,F3,37,PRY,georisk_v2,0.9500000000000003,0.9545454545454546,0.9623082668794043,0.9781999460262574,0.9950850560522002
P1,F3,37,PRY,georisk_v2,1.0000000000000004,1.0151515151515151,1.0,1.0,1.0
P1,F3,37,PRY,soft_dice_risk_binary,0.1,0.10606060606060606,0.10617131241214665,0.2363723713749366,0.37359925211734807
P1,F3,37,PRY,soft_dice_risk_binary,0.15000000000000002,0.15151515151515152,0.1480736906194721,0.35721053614906245,0.5555123475292127
P1,F3,37,PRY,soft_dice_risk_binary,0.20000000000000004,0.21212121212121213,0.2108331607667334,0.47747041082321817,0.7359902926792852
P1,F3,37,PRY,soft_dice_risk_binary,0.25000000000000006,0.25757575757575757,0.2525283387637431,0.5043386585449035,0.7714991191876693
P1,F3,37,PRY,soft_dice_risk_binary,0.30000000000000004,0.30303030303030304,0.2997852635962583,0.5184192810816101,0.7946063754990434
P1,F3,37,PRY,soft_dice_risk_binary,0.3500000000000001,0.36363636363636365,0.3628515945484632,0.5318652673034777,0.8677321840245936
P1,F3,37,PRY,soft_dice_risk_binary,0.40000000000000013,0.4090909090909091,0.4101516434886116,0.5339871471318294,0.9431956829610448
P1,F3,37,PRY,soft_dice_risk_binary,0.45000000000000007,0.45454545454545453,0.4564567705480509,0.5360408183842871,0.9481005986849655
P1,F3,37,PRY,soft_dice_risk_binary,0.5000000000000001,0.5151515151515151,0.5141868991607399,0.5377919994306066,0.960062041278398
P1,F3,37,PRY,soft_dice_risk_binary,0.5500000000000002,0.5606060606060606,0.5593316448972122,0.5382968911717344,0.9640098187454246
P1,F3,37,PRY,soft_dice_risk_binary,0.6000000000000002,0.6060606060606061,0.6065292665635819,0.6042004620389619,0.9750631499542601
P1,F3,37,PRY,soft_dice_risk_binary,0.6500000000000001,0.6515151515151515,0.6534464913125373,0.7262560016132811,0.9841854909428425
P1,F3,37,PRY,soft_dice_risk_binary,0.7000000000000002,0.7121212121212122,0.7136739087300215,0.8500567910534074,0.9919696211671293
P1,F3,37,PRY,soft_dice_risk_binary,0.7500000000000002,0.7575757575757576,0.7609273451409987,0.8587719194189816,0.9936889044388262
P1,F3,37,PRY,soft_dice_risk_binary,0.8000000000000002,0.803030303030303,0.7987110402707592,0.8642879172956189,0.9983108013999401
P1,F3,37,PRY,soft_dice_risk_binary,0.8500000000000002,0.8636363636363636,0.8581018379711196,0.9066810300088078,0.9997281237081698
P1,F3,37,PRY,soft_dice_risk_binary,0.9000000000000002,0.9090909090909091,0.9053998419745043,0.9372414375995326,0.9999298024328471
P1,F3,37,PRY,soft_dice_risk_binary,0.9500000000000003,0.9545454545454546,0.9526998909146527,0.98107360298457,1.0
P1,F3,37,PRY,soft_dice_risk_binary,1.0000000000000004,1.0151515151515151,1.0,1.0,1.0
P1,F3,37,PRY,predicted_foreground_fraction,0.1,0.10606060606060606,0.10676073536166601,0.030318711984839902,7.131181425055183e-05
P1,F3,37,PRY,predicted_foreground_fraction,0.15000000000000002,0.15151515151515152,0.15403413997868814,0.06371051687272576,0.00023622038470495294
P1,F3,37,PRY,predicted_foreground_fraction,0.20000000000000004,0.21212121212121213,0.21710095209248456,0.10299494959979359,0.0013850091423974363
P1,F3,37,PRY,predicted_foreground_fraction,0.25000000000000006,0.25757575757575757,0.26397288750664527,0.14471635611994033,0.0033371700575062927
P1,F3,37,PRY,predicted_foreground_fraction,0.30000000000000004,0.30303030303030304,0.3083549319754793,0.14613020127461068,0.005727230081997444
P1,F3,37,PRY,predicted_foreground_fraction,0.3500000000000001,0.36363636363636365,0.37137507141490556,0.15208436511161,0.009925713145998683
P1,F3,37,PRY,predicted_foreground_fraction,0.40000000000000013,0.4090909090909091,0.4186751805002529,0.18906898259495078,0.013967087369229175
P1,F3,37,PRY,predicted_foreground_fraction,0.45000000000000007,0.45454545454545453,0.46498030755969216,0.1911226538474085,0.018872003093149944
P1,F3,37,PRY,predicted_foreground_fraction,0.5000000000000001,0.5151515151515151,0.5205553735495008,0.19287383489372809,0.026842212582746775
P1,F3,37,PRY,predicted_foreground_fraction,0.5500000000000002,0.5606060606060606,0.5678550616184556,0.1974971901032322,0.037850973907675715
P1,F3,37,PRY,predicted_foreground_fraction,0.6000000000000002,0.6060606060606061,0.614741131154365,0.3119600772239703,0.05287993876097951
P1,F3,37,PRY,predicted_foreground_fraction,0.6500000000000001,0.6515151515151515,0.6620409395137177,0.31979145969318,0.07094188421412709
P1,F3,37,PRY,predicted_foreground_fraction,0.7000000000000002,0.7121212121212122,0.7154368848010737,0.437211040299406,0.0961116119032789
P1,F3,37,PRY,predicted_foreground_fraction,0.7500000000000002,0.7575757575757576,0.7574804839354881,0.5129403530831759,0.12578624060828977
P1,F3,37,PRY,predicted_foreground_fraction,0.8000000000000002,0.803030303030303,0.8047792096812599,0.5617354337620588,0.19648521895512594
P1,F3,37,PRY,predicted_foreground_fraction,0.8500000000000002,0.8636363636363636,0.86509684489714,0.6774535069587575,0.3694843375856717
P1,F3,37,PRY,predicted_foreground_fraction,0.9000000000000002,0.9090909090909091,0.9106122654946212,0.7532599250891902,0.5407686299329112
P1,F3,37,PRY,predicted_foreground_fraction,0.9500000000000003,0.9545454545454546,0.9579123745799685,0.8521430837986839,0.7651211688006355
P1,F3,37,PRY,predicted_foreground_fraction,1.0000000000000004,1.0151515151515151,1.0,1.0,1.0
P1,F3,37,PRY,predicted_foreground_scarcity,0.1,0.10606060606060606,0.10466082588620493,0.2840590626955436,0.5181438426148259
P1,F3,37,PRY,predicted_foreground_scarcity,0.15000000000000002,0.15151515151515152,0.1505168487452298,0.35772729025121514,0.6817052883281502
P1,F3,37,PRY,predicted_foreground_scarcity,0.20000000000000004,0.21212121212121213,0.2109874933471892,0.45839795848766757,0.8287435638302021
P1,F3,37,PRY,predicted_foreground_scarcity,0.25000000000000006,0.25757575757575757,0.2530728933948603,0.49876409026070506,0.8837093731580102
P1,F3,37,PRY,predicted_foreground_scarcity,0.30000000000000004,0.30303030303030304,0.2908134042717887,0.5627889597005941,0.9072712422852317
P1,F3,37,PRY,predicted_foreground_scarcity,0.3500000000000001,0.36363636363636365,0.35372576351473145,0.6839496324150878,0.9355430338942825
P1,F3,37,PRY,predicted_foreground_scarcity,0.40000000000000013,0.4090909090909091,0.4010255718740841,0.6902856159975801,0.9524885037555698
P1,F3,37,PRY,predicted_foreground_scarcity,0.45000000000000007,0.45454545454545453,0.4479115812647946,0.8045898440396084,0.9664533626306037
P1,F3,37,PRY,predicted_foreground_scarcity,0.5000000000000001,0.5151515151515151,0.506968933982284,0.8072247709822925,0.9776103188195221
P1,F3,37,PRY,predicted_foreground_scarcity,0.5500000000000002,0.5606060606060606,0.5507849519839826,0.8098752672738219,0.9829341914521648
P1,F3,37,PRY,predicted_foreground_scarcity,0.6000000000000002,0.6060606060606061,0.5970915225281962,0.8245682841984454,0.9874312927383403
P1,F3,37,PRY,predicted_foreground_scarcity,0.6500000000000001,0.6515151515151515,0.6443916316135435,0.8483908707269552,0.9912241898587915
P1,F3,37,PRY,predicted_foreground_scarcity,0.7000000000000002,0.7121212121212122,0.7045961938554341,0.8538697987253893,0.9949814310721175
P1,F3,37,PRY,predicted_foreground_scarcity,0.7500000000000002,0.7575757575757576,0.7517938155218038,0.8749825771572445,0.9973614628727295
P1,F3,37,PRY,predicted_foreground_scarcity,0.8000000000000002,0.803030303030303,0.7986657509359646,0.9047496893544207,0.9991409154877003
P1,F3,37,PRY,predicted_foreground_scarcity,0.8500000000000002,0.8636363636363636,0.8617079636633983,0.9371836085895356,0.9998495766418153
P1,F3,37,PRY,predicted_foreground_scarcity,0.9000000000000002,0.9090909090909091,0.9090059676667831,0.9697079783274664,0.99996657258707
P1,F3,37,PRY,predicted_foreground_scarcity,0.9500000000000003,0.9545454545454546,0.9526998909146527,0.98107360298457,1.0
P1,F3,37,PRY,predicted_foreground_scarcity,1.0000000000000004,1.0151515151515151,1.0,1.0,1.0
P1,F3,37,SOM,georisk_v2,0.1,0.11538461538461539,0.10358012173593636,0.24076440038986022,0.201443057461263
P1,F3,37,SOM,georisk_v2,0.15000000000000002,0.15384615384615385,0.14849190309579796,0.27704655170935405,0.21916000133864327
P1,F3,37,SOM,georisk_v2,0.20000000000000004,0.23076923076923078,0.22871402810261307,0.5763642963509199,0.35570830962819183
P1,F3,37,SOM,georisk_v2,0.25000000000000006,0.2692307692307692,0.2691150931385419,0.6852964966887607,0.4445554030989592
P1,F3,37,SOM,georisk_v2,0.30000000000000004,0.3076923076923077,0.3123823173072432,0.6854622730221883,0.543562799103109
P1,F3,37,SOM,georisk_v2,0.3500000000000001,0.38461538461538464,0.3913268309003327,0.7579093889427185,0.5607362538067668
P1,F3,37,SOM,georisk_v2,0.40000000000000013,0.4230769230769231,0.4231820786064099,0.7764734800739705,0.6046102874736454
P1,F3,37,SOM,georisk_v2,0.45000000000000007,0.46153846153846156,0.4642132036841207,0.777116577919164,0.722753589237308
P1,F3,37,SOM,georisk_v2,0.5000000000000001,0.5384615384615384,0.5418334002903933,0.8013456465134093,0.7747545262876075
P1,F3,37,SOM,georisk_v2,0.5500000000000002,0.5769230769230769,0.576783496967208,0.8013456465134093,0.797947859844048
P1,F3,37,SOM,georisk_v2,0.6000000000000002,0.6153846153846154,0.6197604394864173,0.9004627446272748,0.8387202570195107
P1,F3,37,SOM,georisk_v2,0.6500000000000001,0.6538461538461539,0.6446145031783049,0.90046560283992,0.8707794250527091
P1,F3,37,SOM,georisk_v2,0.7000000000000002,0.7307692307692307,0.7277156266985431,0.9291077517585153,0.9279220909608112
P1,F3,37,SOM,georisk_v2,0.7500000000000002,0.7692307692307693,0.7654983884716504,0.9755222669056133,0.9749446136340818
P1,F3,37,SOM,georisk_v2,0.8000000000000002,0.8076923076923077,0.8068665007719446,0.9774572768664843,0.9843726782905525
P1,F3,37,SOM,georisk_v2,0.8500000000000002,0.8846153846153846,0.8890824513392125,0.97755731430907,0.9935370302198722
P1,F3,37,SOM,georisk_v2,0.9000000000000002,0.9230769230769231,0.9287112927563006,0.97755731430907,0.9941956427161073
P1,F3,37,SOM,georisk_v2,0.9500000000000003,0.9615384615384616,0.9662938346224506,0.97755731430907,0.9944459690104079
P1,F3,37,SOM,georisk_v2,1.0000000000000004,1.0384615384615385,1.0,1.0,1.0
P1,F3,37,SOM,soft_dice_risk_binary,0.1,0.11538461538461539,0.10488117897519786,0.3501138997739154,0.22718918376225694
P1,F3,37,SOM,soft_dice_risk_binary,0.15000000000000002,0.15384615384615385,0.13634417429849996,0.4122142859184438,0.31227870553194337
P1,F3,37,SOM,soft_dice_risk_binary,0.20000000000000004,0.23076923076923078,0.22420331177868033,0.6490143453692668,0.4268384592215789
P1,F3,37,SOM,soft_dice_risk_binary,0.25000000000000006,0.2692307692307692,0.2674705359473816,0.6491801217026945,0.5258458552257287
P1,F3,37,SOM,soft_dice_risk_binary,0.30000000000000004,0.3076923076923077,0.3123823173072432,0.6854622730221883,0.543562799103109
P1,F3,37,SOM,soft_dice_risk_binary,0.3500000000000001,0.38461538461538464,0.37850791882757473,0.7762076662979572,0.6002864696629966
P1,F3,37,SOM,soft_dice_risk_binary,0.40000000000000013,0.4230769230769231,0.41953904390528557,0.7768507641431507,0.7184297714266591
P1,F3,37,SOM,soft_dice_risk_binary,0.45000000000000007,0.46153846153846156,0.45934652018359945,0.7916763131343446,0.7660506676483384
P1,F3,37,SOM,soft_dice_risk_binary,0.5000000000000001,0.5384615384615384,0.5191506805523017,0.7916791713469898,0.8213031692379773
P1,F3,37,SOM,soft_dice_risk_binary,0.5500000000000002,0.5769230769230769,0.5587746839418982,0.8203213202655851,0.8774137411733208
P1,F3,37,SOM,soft_dice_risk_binary,0.6000000000000002,0.6153846153846154,0.6017516264611076,0.9194384183794506,0.9181861383487835
P1,F3,37,SOM,soft_dice_risk_binary,0.6500000000000001,0.6538461538461539,0.6464257862399427,0.9197042321554639,0.9225099561594324
P1,F3,37,SOM,soft_dice_risk_binary,0.7000000000000002,0.7307692307692307,0.7220212683410088,0.9755222669056133,0.9739125196613232
P1,F3,37,SOM,soft_dice_risk_binary,0.7500000000000002,0.7692307692307693,0.7633893806413029,0.9774572768664843,0.9833405843177939
P1,F3,37,SOM,soft_dice_risk_binary,0.8000000000000002,0.8076923076923077,0.8045608085162681,0.9775230157573264,0.9895733074528965
P1,F3,37,SOM,soft_dice_risk_binary,0.8500000000000002,0.8846153846153846,0.8890824513392125,0.97755731430907,0.9935370302198722
P1,F3,37,SOM,soft_dice_risk_binary,0.9000000000000002,0.9230769230769231,0.9227886167167619,1.0,0.9990910612094642
P1,F3,37,SOM,soft_dice_risk_binary,0.9500000000000003,0.9615384615384616,0.9624174581338499,1.0,0.9997496737056992
P1,F3,37,SOM,soft_dice_risk_binary,1.0000000000000004,1.0384615384615385,1.0,1.0,1.0
P1,F3,37,SOM,predicted_foreground_fraction,0.1,0.11538461538461539,0.12068850341387967,0.0,0.001941032763294401
P1,F3,37,SOM,predicted_foreground_fraction,0.15000000000000002,0.15384615384615385,0.16173302610618243,3.429855174365263e-05,0.004872661557511462
P1,F3,37,SOM,predicted_foreground_fraction,0.20000000000000004,0.23076923076923078,0.2442199062129763,0.009703631930808388,0.013576520196780562
P1,F3,37,SOM,predicted_foreground_fraction,0.25000000000000006,0.2692307692307692,0.2853913340879416,0.00976937082165039,0.019809243331883136
P1,F3,37,SOM,predicted_foreground_fraction,0.30000000000000004,0.3076923076923077,0.319097499465491,0.032212056512580425,0.025363274321475185
P1,F3,37,SOM,predicted_foreground_fraction,0.3500000000000001,0.38461538461538464,0.3947359655800395,0.10632836861796843,0.04764097587095479
P1,F3,37,SOM,predicted_foreground_fraction,0.40000000000000013,0.4230769230769231,0.4396477469399011,0.14261051993746232,0.06535791974833506
P1,F3,37,SOM,predicted_foreground_fraction,0.45000000000000007,0.46153846153846156,0.4871058193841526,0.2704783790504446,0.09107057996720323
P1,F3,37,SOM,predicted_foreground_fraction,0.5000000000000001,0.5384615384615384,0.5650328585801766,0.36959547716431007,0.15503631069910645
P1,F3,37,SOM,predicted_foreground_fraction,0.5500000000000002,0.5769230769230769,0.6137919882636896,0.6068128356613476,0.20649509721896858
P1,F3,37,SOM,predicted_foreground_fraction,0.6000000000000002,0.6153846153846154,0.6535994645420035,0.6216383846525414,0.2541159934406479
P1,F3,37,SOM,predicted_foreground_fraction,0.6500000000000001,0.6538461538461539,0.6913822263151108,0.6680528997996393,0.30113851611391856
P1,F3,37,SOM,predicted_foreground_fraction,0.7000000000000002,0.7307692307692307,0.7367612494838662,0.6746496545850018,0.3603279676048325
P1,F3,37,SOM,predicted_foreground_fraction,0.7500000000000002,0.7692307692307693,0.7686164971899434,0.6932137457162538,0.40420200127171113
P1,F3,37,SOM,predicted_foreground_fraction,0.8000000000000002,0.8076923076923077,0.8082405005795399,0.721855894634849,0.46031257320705465
P1,F3,37,SOM,predicted_foreground_fraction,0.8500000000000002,0.8846153846153846,0.89190878978417,0.8309538713061174,0.6481670626819718
P1,F3,37,SOM,predicted_foreground_fraction,0.9000000000000002,0.9230769230769231,0.9233717851074721,0.8930542574506458,0.7332565844516582
P1,F3,37,SOM,predicted_foreground_fraction,0.9500000000000003,0.9615384615384616,0.964402910185183,0.8936973552958393,0.8513998862153208
P1,F3,37,SOM,predicted_foreground_fraction,1.0000000000000004,1.0384615384615385,1.0,1.0,1.0
P1,F3,37,SOM,predicted_foreground_scarcity,0.1,0.11538461538461539,0.10809121021582999,0.16904612869388258,0.35183293731802817
P1,F3,37,SOM,predicted_foreground_scarcity,0.15000000000000002,0.15384615384615385,0.15135843438453125,0.16921190502731023,0.450840333322178
P1,F3,37,SOM,predicted_foreground_scarcity,0.20000000000000004,0.23076923076923078,0.23138350281005662,0.30678625428374623,0.5957979987282889
P1,F3,37,SOM,predicted_foreground_scarcity,0.25000000000000006,0.2692307692307692,0.2632387505161338,0.3253503454149982,0.6396720323951675
P1,F3,37,SOM,predicted_foreground_scarcity,0.30000000000000004,0.3076923076923077,0.2837637099930016,0.3319442419877154,0.6668023158528831
P1,F3,37,SOM,predicted_foreground_scarcity,0.3500000000000001,0.38461538461538464,0.34640053545799654,0.3783616153474586,0.745884006559352
P1,F3,37,SOM,predicted_foreground_scarcity,0.40000000000000013,0.4230769230769231,0.38620801173631036,0.3931871643386525,0.7935049027810315
P1,F3,37,SOM,predicted_foreground_scarcity,0.45000000000000007,0.46153846153846156,0.43496714141982334,0.6304045228356899,0.8449636893008935
P1,F3,37,SOM,predicted_foreground_scarcity,0.5000000000000001,0.5384615384615384,0.5128941806158474,0.7295216209495554,0.9089294200327968
P1,F3,37,SOM,predicted_foreground_scarcity,0.5500000000000002,0.5769230769230769,0.560352253060099,0.8573894800625377,0.934642080251665
P1,F3,37,SOM,predicted_foreground_scarcity,0.6000000000000002,0.6153846153846154,0.6052640344199605,0.8936716313820315,0.9523590241290452
P1,F3,37,SOM,predicted_foreground_scarcity,0.6500000000000001,0.6538461538461539,0.6395343882342148,0.9658529335265486,0.9652086610220542
P1,F3,37,SOM,predicted_foreground_scarcity,0.7000000000000002,0.7307692307692307,0.7146086659120584,0.9902306291783496,0.9801907566681168
P1,F3,37,SOM,predicted_foreground_scarcity,0.7500000000000002,0.7692307692307693,0.7557800937870237,0.9902963680691916,0.9864234798032194
P1,F3,37,SOM,predicted_foreground_scarcity,0.8000000000000002,0.8076923076923077,0.7935928141149824,0.999699887672243,0.9908035206318396
P1,F3,37,SOM,predicted_foreground_scarcity,0.8500000000000002,0.8846153846153846,0.8793114965861203,1.0,0.9980589672367056
P1,F3,37,SOM,predicted_foreground_scarcity,0.9000000000000002,0.9230769230769231,0.9227886167167619,1.0,0.9990910612094642
P1,F3,37,SOM,predicted_foreground_scarcity,0.9500000000000003,0.9615384615384616,0.9624174581338499,1.0,0.9997496737056992
P1,F3,37,SOM,predicted_foreground_scarcity,1.0000000000000004,1.0384615384615385,1.0,1.0,1.0
P1,F3,71,IND,georisk_v2,0.1,0.10294117647058823,0.09588370841767033,0.37988561925420034,0.5775131370339348
P1,F3,71,IND,georisk_v2,0.15000000000000002,0.16176470588235295,0.15573350525650873,0.4281649340510334,0.6381374976166754
P1,F3,71,IND,georisk_v2,0.20000000000000004,0.20588235294117646,0.20542280293852197,0.5423191458532924,0.7615532822368308
P1,F3,71,IND,georisk_v2,0.25000000000000006,0.2647058823529412,0.26114116014035194,0.5896252835729872,0.7991523154045495
P1,F3,71,IND,georisk_v2,0.30000000000000004,0.3088235294117647,0.2979444457634436,0.6194937100321581,0.8401692401627116
P1,F3,71,IND,georisk_v2,0.3500000000000001,0.35294117647058826,0.34264184079963,0.6344973972919726,0.8522086464422248
P1,F3,71,IND,georisk_v2,0.40000000000000013,0.4117647058823529,0.40999243266054347,0.701735282859324,0.8821951366080895
P1,F3,71,IND,georisk_v2,0.45000000000000007,0.45588235294117646,0.4551470113690665,0.744053347404753,0.8979358368196025
P1,F3,71,IND,georisk_v2,0.5000000000000001,0.5147058823529411,0.5173720098057738,0.7701134075687225,0.9137344045249413
P1,F3,71,IND,georisk_v2,0.5500000000000002,0.5588235294117647,0.5549518923866145,0.7943730901399861,0.9266269853929091
P1,F3,71,IND,georisk_v2,0.6000000000000002,0.6029411764705882,0.6041729045107429,0.8595467589959408,0.9453886655384979
P1,F3,71,IND,georisk_v2,0.6500000000000001,0.6617647058823529,0.6647959543659001,0.8815692155976497,0.9476595937256799
P1,F3,71,IND,georisk_v2,0.7000000000000002,0.7058823529411765,0.7093014071639933,0.8851180680056141,0.9702857838114944
P1,F3,71,IND,georisk_v2,0.7500000000000002,0.7647058823529411,0.766470299279414,0.8918210954513703,0.9793895276157777
P1,F3,71,IND,georisk_v2,0.8000000000000002,0.8088235294117647,0.8085653722157926,0.92918406671237,0.9841443066917821
P1,F3,71,IND,georisk_v2,0.8500000000000002,0.8529411764705882,0.8604476935665576,0.9310541886622707,0.9856570223316594
P1,F3,71,IND,georisk_v2,0.9000000000000002,0.9117647058823529,0.9201549716216411,0.9442439819810857,0.9869597828336821
P1,F3,71,IND,georisk_v2,0.9500000000000003,0.9558823529411765,0.9678334235640196,0.983325692091098,0.9923652002697515
P1,F3,71,IND,georisk_v2,1.0000000000000004,1.0147058823529411,1.0,1.0,1.0
P1,F3,71,IND,soft_dice_risk_binary,0.1,0.10294117647058823,0.09588370841767033,0.37988561925420034,0.5775131370339348
P1,F3,71,IND,soft_dice_risk_binary,0.15000000000000002,0.16176470588235295,0.15643359283433478,0.5131562727750468,0.7376020749205991
P1,F3,71,IND,soft_dice_risk_binary,0.20000000000000004,0.20588235294117646,0.2079499532349791,0.5572438976390724,0.7696087341337348
P1,F3,71,IND,soft_dice_risk_binary,0.25000000000000006,0.2647058823529412,0.26114116014035194,0.5896252835729872,0.7991523154045495
P1,F3,71,IND,soft_dice_risk_binary,0.30000000000000004,0.3088235294117647,0.30155563499274196,0.6258534222312572,0.844987079969167
P1,F3,71,IND,soft_dice_risk_binary,0.3500000000000001,0.35294117647058826,0.3472570818827594,0.6755962872213199,0.8731974832091531
P1,F3,71,IND,soft_dice_risk_binary,0.40000000000000013,0.4117647058823529,0.39822871422442463,0.714442272217092,0.8982051432331756
P1,F3,71,IND,soft_dice_risk_binary,0.45000000000000007,0.45588235294117646,0.4448451972474012,0.7169590162693581,0.9285321613434755
P1,F3,71,IND,soft_dice_risk_binary,0.5000000000000001,0.5147058823529411,0.5001427528596551,0.74791307582347,0.9445251044767925
P1,F3,71,IND,soft_dice_risk_binary,0.5500000000000002,0.5588235294117647,0.5449657463359597,0.8288089610145263,0.9592664775833941
P1,F3,71,IND,soft_dice_risk_binary,0.6000000000000002,0.6029411764705882,0.590765170709882,0.8521246618209657,0.9680341447889209
P1,F3,71,IND,soft_dice_risk_binary,0.6500000000000001,0.6617647058823529,0.6565873807007095,0.8862004571769647,0.9767417188277826
P1,F3,71,IND,soft_dice_risk_binary,0.7000000000000002,0.7058823529411765,0.6987393006414014,0.9115257686476947,0.9861355419921404
P1,F3,71,IND,soft_dice_risk_binary,0.7500000000000002,0.7647058823529411,0.7617776125127613,0.9310514853926121,0.9899852141134367
P1,F3,71,IND,soft_dice_risk_binary,0.8000000000000002,0.8088235294117647,0.803891411521149,0.9434735501283512,0.9928014321462831
P1,F3,71,IND,soft_dice_risk_binary,0.8500000000000002,0.8529411764705882,0.8499974084453916,0.9627797613769807,0.9961228779136839
P1,F3,71,IND,soft_dice_risk_binary,0.9000000000000002,0.9117647058823529,0.9001540553816891,0.9753137414765908,0.9984138371564211
P1,F3,71,IND,soft_dice_risk_binary,0.9500000000000003,0.9558823529411765,0.9524145096293809,0.9767643159754587,0.9991178916646326
P1,F3,71,IND,soft_dice_risk_binary,1.0000000000000004,1.0147058823529411,1.0,1.0,1.0
P1,F3,71,IND,predicted_foreground_fraction,0.1,0.10294117647058823,0.11435584151456471,0.025131757363165898,0.0018435990020082987
P1,F3,71,IND,predicted_foreground_fraction,0.15000000000000002,0.16176470588235295,0.17331507987171302,0.04021221748128797,0.00359075218097391
P1,F3,71,IND,predicted_foreground_fraction,0.20000000000000004,0.20588235294117646,0.21645366317079884,0.05667134512535602,0.005658402248819837
P1,F3,71,IND,predicted_foreground_fraction,0.25000000000000006,0.2647058823529412,0.28032541900422103,0.07250926140185077,0.010258126117009556
P1,F3,71,IND,predicted_foreground_fraction,0.30000000000000004,0.3088235294117647,0.3280101575564884,0.08014437622593279,0.014712439359688762
P1,F3,71,IND,predicted_foreground_fraction,0.3500000000000001,0.35294117647058826,0.36930649664285,0.09558004597721036,0.019910127330743144
P1,F3,71,IND,predicted_foreground_fraction,0.40000000000000013,0.4117647058823529,0.4303610487001598,0.12605076091634354,0.0289545198593078
P1,F3,71,IND,predicted_foreground_fraction,0.45000000000000007,0.45588235294117646,0.48191017972682004,0.1719138932922148,0.0386102305277738
P1,F3,71,IND,predicted_foreground_fraction,0.5000000000000001,0.5147058823529411,0.5457243528888143,0.21351829464774233,0.052764026004761454
P1,F3,71,IND,predicted_foreground_fraction,0.5500000000000002,0.5588235294117647,0.585887630860968,0.22036675800113753,0.06487836326986951
P1,F3,71,IND,predicted_foreground_fraction,0.6000000000000002,0.6029411764705882,0.6346049785268801,0.29655246613884423,0.08509785912529573
P1,F3,71,IND,predicted_foreground_fraction,0.6500000000000001,0.6617647058823529,0.6819511764487542,0.3284748368847088,0.11145205121718338
P1,F3,71,IND,predicted_foreground_fraction,0.7000000000000002,0.7058823529411765,0.7290437029737337,0.3906986978890708,0.14025670910530177
P1,F3,71,IND,predicted_foreground_fraction,0.7500000000000002,0.7647058823529411,0.7793431362091007,0.424921551114504,0.17558184652205233
P1,F3,71,IND,predicted_foreground_fraction,0.8000000000000002,0.8088235294117647,0.827424198699675,0.46420276252532966,0.2148352965004262
P1,F3,71,IND,predicted_foreground_fraction,0.8500000000000002,0.8529411764705882,0.8668589655918458,0.49652359521888917,0.2605654544415898
P1,F3,71,IND,predicted_foreground_fraction,0.9000000000000002,0.9117647058823529,0.9201156468704219,0.6272445247976333,0.43403142798427485
P1,F3,71,IND,predicted_foreground_fraction,0.9500000000000003,0.9558823529411765,0.9651065730853511,0.8035485280156054,0.6890134111626396
P1,F3,71,IND,predicted_foreground_fraction,1.0000000000000004,1.0147058823529411,1.0,1.0,1.0
P1,F3,71,IND,predicted_foreground_scarcity,0.1,0.10294117647058823,0.09740607119318184,0.4397711520037716,0.6569310790729628
P1,F3,71,IND,predicted_foreground_scarcity,0.15000000000000002,0.16176470588235295,0.1485039038844227,0.5294061673475302,0.7599307667368743
P1,F3,71,IND,predicted_foreground_scarcity,0.20000000000000004,0.20588235294117646,0.18896392321909203,0.5552640229410276,0.7992020220979638
P1,F3,71,IND,predicted_foreground_scarcity,0.25000000000000006,0.2647058823529412,0.2534609292211325,0.6034173653717645,0.8479197748806112
P1,F3,71,IND,predicted_foreground_scarcity,0.30000000000000004,0.3088235294117647,0.2851233730470964,0.6233523571430116,0.8686192741784114
P1,F3,71,IND,predicted_foreground_scarcity,0.3500000000000001,0.35294117647058826,0.32576510215908266,0.6812104376485447,0.8930497430460707
P1,F3,71,IND,predicted_foreground_scarcity,0.40000000000000013,0.4117647058823529,0.3803996210645571,0.7083372080198441,0.9217156673271969
P1,F3,71,IND,predicted_foreground_scarcity,0.45000000000000007,0.45588235294117646,0.4263592202329858,0.7834145755974766,0.9391167194769372
P1,F3,71,IND,predicted_foreground_scarcity,0.5000000000000001,0.5147058823529411,0.48356864091854057,0.8029051498368306,0.9545844038201449
P1,F3,71,IND,predicted_foreground_scarcity,0.5500000000000002,0.5588235294117647,0.5345765884641377,0.830793160944025,0.9645383546490968
P1,F3,71,IND,predicted_foreground_scarcity,0.6000000000000002,0.6029411764705882,0.5836402347045611,0.8741195450721557,0.9733527609842518
P1,F3,71,IND,predicted_foreground_scarcity,0.6500000000000001,0.6617647058823529,0.6413456287830427,0.9101968412834692,0.9814638547021419
P1,F3,71,IND,predicted_foreground_scarcity,0.7000000000000002,0.7058823529411765,0.6895217260890633,0.922585926129372,0.9870836786217446
P1,F3,71,IND,predicted_foreground_scarcity,0.7500000000000002,0.7647058823529411,0.7511452832201353,0.9371035655045491,0.9922694963376554
P1,F3,71,IND,predicted_foreground_scarcity,0.8000000000000002,0.8088235294117647,0.8000264840161272,0.9465341920359513,0.995225931759387
P1,F3,71,IND,predicted_foreground_scarcity,0.8500000000000002,0.8529411764705882,0.8442168037738386,0.9625802600761674,0.9970027605762118
P1,F3,71,IND,predicted_foreground_scarcity,0.9000000000000002,0.9117647058823529,0.8954951424234814,0.9794816426364016,0.9984056763560097
P1,F3,71,IND,predicted_foreground_scarcity,0.9500000000000003,0.9558823529411765,0.9475361672345236,0.9873768120016523,0.9993597481131858
P1,F3,71,IND,predicted_foreground_scarcity,1.0000000000000004,1.0147058823529411,1.0,1.0,1.0
P1,F3,71,LKA,georisk_v2,0.1,0.11904761904761904,0.12057488005182239,0.1363922917175354,0.3358917700772653
P1,F3,71,LKA,georisk_v2,0.15000000000000002,0.16666666666666666,0.1634066396534227,0.1696870286223287,0.37245009950831187
P1,F3,71,LKA,georisk_v2,0.20000000000000004,0.21428571428571427,0.21575215183061047,0.17887615480882857,0.399161861976118
P1,F3,71,LKA,georisk_v2,0.25000000000000006,0.2619047619047619,0.26528462919921497,0.22612260732628842,0.4684317197377663
P1,F3,71,LKA,georisk_v2,0.30000000000000004,0.30952380952380953,0.3179065568993927,0.23076864177721665,0.48454877370639193
P1,F3,71,LKA,georisk_v2,0.3500000000000001,0.35714285714285715,0.3576847981800336,0.23441842895804105,0.502807817255912
P1,F3,71,LKA,georisk_v2,0.40000000000000013,0.40476190476190477,0.4036526795795072,0.2369043679189662,0.5174944392413955
P1,F3,71,LKA,georisk_v2,0.45000000000000007,0.4523809523809524,0.4549740290854571,0.25323993054344396,0.5545283598688832
P1,F3,71,LKA,georisk_v2,0.5000000000000001,0.5238095238095238,0.5306640064934564,0.3710727566783023,0.637069041208148
P1,F3,71,LKA,georisk_v2,0.5500000000000002,0.5714285714285714,0.5831567596191648,0.40250261397928044,0.6687671944509482
P1,F3,71,LKA,georisk_v2,0.6000000000000002,0.6190476190476191,0.6277078358180118,0.45127789343472197,0.6913266799344416
P1,F3,71,LKA,georisk_v2,0.6500000000000001,0.6666666666666666,0.679824607625957,0.5395721156259385,0.7992090552563802
P1,F3,71,LKA,georisk_v2,0.7000000000000002,0.7142857142857143,0.7196182053245418,0.5455317331554664,0.8039283832826036
P1,F3,71,LKA,georisk_v2,0.7500000000000002,0.7619047619047619,0.7703516950926007,0.5476467380346108,0.8077898179583236
P1,F3,71,LKA,georisk_v2,0.8000000000000002,0.8095238095238095,0.8132009188557843,0.550172663008939,0.817316275462421
P1,F3,71,LKA,georisk_v2,0.8500000000000002,0.8571428571428571,0.8614721625780957,0.5562939261245641,0.8274262467806135
P1,F3,71,LKA,georisk_v2,0.9000000000000002,0.9047619047619048,0.9132641411280905,0.5627623018671767,0.8308285530320768
P1,F3,71,LKA,georisk_v2,0.9500000000000003,0.9523809523809523,0.9637397835909347,0.7774863430748904,0.9143789510653243
P1,F3,71,LKA,georisk_v2,1.0000000000000004,1.0238095238095237,1.0,1.0,1.0
P1,F3,71,LKA,soft_dice_risk_binary,0.1,0.11904761904761904,0.12057488005182239,0.1363922917175354,0.3358917700772653
P1,F3,71,LKA,soft_dice_risk_binary,0.15000000000000002,0.16666666666666666,0.16469938908556145,0.19163254385061906,0.4143332211425896
P1,F3,71,LKA,soft_dice_risk_binary,0.20000000000000004,0.21428571428571427,0.21266250076154786,0.21993923827495235,0.44868553910091313
P1,F3,71,LKA,soft_dice_risk_binary,0.25000000000000006,0.2619047619047619,0.2578479074270964,0.29148953004523526,0.5166420334816202
P1,F3,71,LKA,soft_dice_risk_binary,0.30000000000000004,0.30952380952380953,0.31046973475852935,0.30865799282123446,0.558120902598923
P1,F3,71,LKA,soft_dice_risk_binary,0.3500000000000001,0.35714285714285715,0.36309166245870705,0.3155925884648008,0.5786390043315383
P1,F3,71,LKA,soft_dice_risk_binary,0.40000000000000013,0.40476190476190477,0.41268867693017375,0.43110197199107375,0.6802856473893701
P1,F3,71,LKA,soft_dice_risk_binary,0.45000000000000007,0.4523809523809524,0.46306645986690503,0.43400308487839573,0.6947216693982674
P1,F3,71,LKA,soft_dice_risk_binary,0.5000000000000001,0.5238095238095238,0.5403006104125948,0.5112909441888838,0.7461568572933739
P1,F3,71,LKA,soft_dice_risk_binary,0.5500000000000002,0.5714285714285714,0.5880085847394744,0.518751313370387,0.7717601264340904
P1,F3,71,LKA,soft_dice_risk_binary,0.6000000000000002,0.6190476190476191,0.6337039649970024,0.5212457599937383,0.7805292964177007
P1,F3,71,LKA,soft_dice_risk_binary,0.6500000000000001,0.6666666666666666,0.6863260934346697,0.5436472859280711,0.8059496458674783
P1,F3,71,LKA,soft_dice_risk_binary,0.7000000000000002,0.7142857142857143,0.738948121503592,0.5521234700032585,0.8151450187309763
P1,F3,71,LKA,soft_dice_risk_binary,0.7500000000000002,0.7619047619047619,0.7752959598268077,0.5537841657088457,0.8218197582533364
P1,F3,71,LKA,soft_dice_risk_binary,0.8000000000000002,0.8095238095238095,0.825771602289652,0.972202914554994,0.9876638960430812
P1,F3,71,LKA,soft_dice_risk_binary,0.8500000000000002,0.8571428571428571,0.8655651999882368,0.972202914554994,0.9908192607117771
P1,F3,71,LKA,soft_dice_risk_binary,0.9000000000000002,0.9047619047619048,0.9162986897562957,0.989498141501143,0.9955568807070944
P1,F3,71,LKA,soft_dice_risk_binary,0.9500000000000003,0.9523809523809523,0.9645699334786071,0.9958125285538421,0.9991201562865839
P1,F3,71,LKA,soft_dice_risk_binary,1.0000000000000004,1.0238095238095237,1.0,1.0,1.0
P1,F3,71,LKA,predicted_foreground_fraction,0.1,0.11904761904761904,0.09529520505384732,0.006697231861876399,0.004121180636853196
P1,F3,71,LKA,predicted_foreground_fraction,0.15000000000000002,0.16666666666666666,0.14791733349151448,0.012616863378001397,0.00909476703348162
P1,F3,71,LKA,predicted_foreground_fraction,0.20000000000000004,0.21428571428571427,0.194037976120469,0.0294484227219245,0.014750643877312106
P1,F3,71,LKA,predicted_foreground_fraction,0.25000000000000006,0.2619047619047619,0.24103383420348018,0.036865402825054384,0.021535135214235543
P1,F3,71,LKA,predicted_foreground_fraction,0.30000000000000004,0.30952380952380953,0.2936558622724026,0.04140679302814079,0.03178778389136034
P1,F3,71,LKA,predicted_foreground_fraction,0.3500000000000001,0.35714285714285715,0.34056761134732894,0.044053526808920454,0.04293856825099508
P1,F3,71,LKA,predicted_foreground_fraction,0.40000000000000013,0.40476190476190477,0.38341693547925726,0.049789392816640306,0.05635389838445329
P1,F3,71,LKA,predicted_foreground_fraction,0.45000000000000007,0.4523809523809524,0.4337947184159885,0.054979066896600426,0.07519096815734021
P1,F3,71,LKA,predicted_foreground_fraction,0.5000000000000001,0.5238095238095238,0.5125983350230412,0.0742251008370689,0.11211330777335518
P1,F3,71,LKA,predicted_foreground_fraction,0.5500000000000002,0.5714285714285714,0.5621963531819552,0.12270005980886686,0.14210116190587685
P1,F3,71,LKA,predicted_foreground_fraction,0.6000000000000002,0.6190476190476191,0.6145418653591429,0.14669422014937752,0.17471940119409973
P1,F3,71,LKA,predicted_foreground_fraction,0.6500000000000001,0.6666666666666666,0.65944212442091,0.1547373642070731,0.2104893467571997
P1,F3,71,LKA,predicted_foreground_fraction,0.7000000000000002,0.7142857142857143,0.7061122859272682,0.22284885882470046,0.2486335899086865
P1,F3,71,LKA,predicted_foreground_fraction,0.7500000000000002,0.7619047619047619,0.747296793690339,0.24189241039942624,0.28431390482322644
P1,F3,71,LKA,predicted_foreground_fraction,0.8000000000000002,0.8095238095238095,0.7999186210217719,0.26867623324947615,0.35211857586045425
P1,F3,71,LKA,predicted_foreground_fraction,0.8500000000000002,0.8571428571428571,0.8473748705368654,0.35102359940480393,0.4348622980566612
P1,F3,71,LKA,predicted_foreground_fraction,0.9000000000000002,0.9047619047619048,0.8969073479054699,0.43064596128503135,0.578642662725357
P1,F3,71,LKA,predicted_foreground_fraction,0.9500000000000003,0.9523809523809523,0.9473829903683142,0.8490647101311797,0.7444868005151019
P1,F3,71,LKA,predicted_foreground_fraction,1.0000000000000004,1.0238095238095237,1.0,1.0,1.0
P1,F3,71,LKA,predicted_foreground_scarcity,0.1,0.11904761904761904,0.12940371631336367,0.6060433329278014,0.5052552827206743
P1,F3,71,LKA,predicted_foreground_scarcity,0.15000000000000002,0.16666666666666666,0.17871708871221983,0.7183342677582565,0.6176905291500819
P1,F3,71,LKA,predicted_foreground_scarcity,0.20000000000000004,0.21428571428571427,0.22639244319706167,0.7428091110258455,0.6845659681573402
P1,F3,71,LKA,predicted_foreground_scarcity,0.25000000000000006,0.2619047619047619,0.2736063021936292,0.7704147740662628,0.7342451270194333
P1,F3,71,LKA,predicted_foreground_scarcity,0.30000000000000004,0.30952380952380953,0.31581637779036403,0.7981386936144038,0.7693657076797003
P1,F3,71,LKA,predicted_foreground_scarcity,0.3500000000000001,0.35714285714285715,0.35965132299555336,0.8474550604001494,0.8049143204167643
P1,F3,71,LKA,predicted_foreground_scarcity,0.40000000000000013,0.40476190476190477,0.41149258259921123,0.8606249218358515,0.841633619175837
P1,F3,71,LKA,predicted_foreground_scarcity,0.45000000000000007,0.4523809523809524,0.46109070112687,0.9103658209766626,0.8720293842191524
P1,F3,71,LKA,predicted_foreground_scarcity,0.5000000000000001,0.5238095238095238,0.539894217365178,0.9431509489021287,0.9144502897447905
P1,F3,71,LKA,predicted_foreground_scarcity,0.5500000000000002,0.5714285714285714,0.5902720003019092,0.9458972223332944,0.9342586630765629
P1,F3,71,LKA,predicted_foreground_scarcity,0.6000000000000002,0.6190476190476191,0.6428941287395763,0.9559371147624107,0.9528012321470382
P1,F3,71,LKA,predicted_foreground_scarcity,0.6500000000000001,0.6666666666666666,0.6813335513342469,0.9575561229221098,0.9622984225005854
P1,F3,71,LKA,predicted_foreground_scarcity,0.7000000000000002,0.7142857142857143,0.7326551015776862,0.9611097735175186,0.9734784740107703
P1,F3,71,LKA,predicted_foreground_scarcity,0.7500000000000002,0.7619047619047619,0.7852772300153534,0.9690942147044735,0.9823939797471318
P1,F3,71,LKA,predicted_foreground_scarcity,0.8000000000000002,0.8095238095238095,0.8322730880983645,0.9857317993450802,0.988490693046125
P1,F3,71,LKA,predicted_foreground_scarcity,0.8500000000000002,0.8571428571428571,0.8783937307273191,0.9933027681381236,0.9935136677593069
P1,F3,71,LKA,predicted_foreground_scarcity,0.9000000000000002,0.9047619047619048,0.929127220495378,0.995417773017268,0.9973751024350269
P1,F3,71,LKA,predicted_foreground_scarcity,0.9500000000000003,0.9523809523809523,0.9645699334786071,0.9958125285538421,0.9991201562865839
P1,F3,71,LKA,predicted_foreground_scarcity,1.0000000000000004,1.0238095238095237,1.0,1.0,1.0
P1,F3,71,PRY,georisk_v2,0.1,0.10606060606060606,0.10598606519944058,0.2181295429135738,0.30620825229771564
P1,F3,71,PRY,georisk_v2,0.15000000000000002,0.15151515151515152,0.14791935803901632,0.31202680300473606,0.438325526943781
P1,F3,71,PRY,georisk_v2,0.20000000000000004,0.21212121212121213,0.21059594810215132,0.4264555858375272,0.6050975773721585
P1,F3,71,PRY,georisk_v2,0.25000000000000006,0.25757575757575757,0.25789569631630505,0.45286639126218486,0.6383898559888443
P1,F3,71,PRY,georisk_v2,0.30000000000000004,0.30303030303030304,0.2997862860646401,0.5078454690229269,0.7105262895026786
P1,F3,71,PRY,georisk_v2,0.3500000000000001,0.36363636363636365,0.36211132744002605,0.5308191553405832,0.758557311285652
P1,F3,71,PRY,georisk_v2,0.40000000000000013,0.4090909090909091,0.40905423418892484,0.5333955118757062,0.7632771053527959
P1,F3,71,PRY,georisk_v2,0.45000000000000007,0.45454545454545453,0.45502699887907394,0.5372337270648664,0.7712083571820282
P1,F3,71,PRY,georisk_v2,0.5000000000000001,0.5151515151515151,0.5176656373216838,0.5612231280452905,0.8422989442644763
P1,F3,71,PRY,georisk_v2,0.5500000000000002,0.5606060606060606,0.562810383058156,0.5809220613224754,0.8632748078869007
P1,F3,71,PRY,georisk_v2,0.6000000000000002,0.6060606060606061,0.6065043664512245,0.6070600324435574,0.8734515829040568
P1,F3,71,PRY,georisk_v2,0.6500000000000001,0.6515151515151515,0.6538044755365718,0.6170644511730392,0.8768308555663104
P1,F3,71,PRY,georisk_v2,0.7000000000000002,0.7121212121212122,0.7128354846569297,0.6180164056452976,0.8788985748719162
P1,F3,71,PRY,georisk_v2,0.7500000000000002,0.7575757575757576,0.7601117160983015,0.7418335058318333,0.9139409231617526
P1,F3,71,PRY,georisk_v2,0.8000000000000002,0.803030303030303,0.8074118251836488,0.741900231612599,0.9142935342317424
P1,F3,71,PRY,georisk_v2,0.8500000000000002,0.8636363636363636,0.8704783365714506,0.8832802986942506,0.9534703222345753
P1,F3,71,PRY,georisk_v2,0.9000000000000002,0.9090909090909091,0.9149628684592622,0.9469559698814654,0.9717731342329411
P1,F3,71,PRY,georisk_v2,0.9500000000000003,0.9545454545454546,0.9622163048702395,0.9794573562949102,0.9934382376239008
P1,F3,71,PRY,georisk_v2,1.0000000000000004,1.0151515151515151,1.0,1.0,1.0
P1,F3,71,PRY,soft_dice_risk_binary,0.1,0.10606060606060606,0.10617131241214665,0.2363723713749366,0.3374577840641772
P1,F3,71,PRY,soft_dice_risk_binary,0.15000000000000002,0.15151515151515152,0.1480736906194721,0.35721053614906245,0.5027195003910686
P1,F3,71,PRY,soft_dice_risk_binary,0.20000000000000004,0.21212121212121213,0.21059594810215132,0.44434328486570324,0.6234303563169824
P1,F3,71,PRY,soft_dice_risk_binary,0.25000000000000006,0.25757575757575757,0.25248653785048636,0.49932236262644536,0.6955667898308167
P1,F3,71,PRY,soft_dice_risk_binary,0.30000000000000004,0.30303030303030304,0.2997852635962583,0.5184192810816101,0.7406640475555463
P1,F3,71,PRY,soft_dice_risk_binary,0.3500000000000001,0.36363636363636365,0.3628515945484632,0.5318652673034777,0.7948063286195327
P1,F3,71,PRY,soft_dice_risk_binary,0.40000000000000013,0.4090909090909091,0.40936608704537975,0.5566435152920661,0.8322899841474853
P1,F3,71,PRY,soft_dice_risk_binary,0.45000000000000007,0.45454545454545453,0.45508419696325686,0.5594586018428178,0.8373114454756404
P1,F3,71,PRY,soft_dice_risk_binary,0.5000000000000001,0.5151515151515151,0.5180247041592991,0.6908335087974234,0.8864822101222352
P1,F3,71,PRY,soft_dice_risk_binary,0.5500000000000002,0.5606060606060606,0.5653248132446465,0.7463226680822418,0.9171224139773829
P1,F3,71,PRY,soft_dice_risk_binary,0.6000000000000002,0.6060606060606061,0.6126249223299938,0.8681854442899043,0.9427791146365558
P1,F3,71,PRY,soft_dice_risk_binary,0.6500000000000001,0.6515151515151515,0.6598783587409709,0.9326751700024615,0.9730697041163596
P1,F3,71,PRY,soft_dice_risk_binary,0.7000000000000002,0.7121212121212122,0.7185531879932621,0.9653641299996145,0.9866717011136716
P1,F3,71,PRY,soft_dice_risk_binary,0.7500000000000002,0.7575757575757576,0.7636979337297343,0.9696723912443913,0.9888852595587068
P1,F3,71,PRY,soft_dice_risk_binary,0.8000000000000002,0.803030303030303,0.8109959377331191,0.9751876477234647,0.9956867575064704
P1,F3,71,PRY,soft_dice_risk_binary,0.8500000000000002,0.8636363636363636,0.8740624491209208,0.9912515087440429,0.9989491590775375
P1,F3,71,PRY,soft_dice_risk_binary,0.9000000000000002,0.9090909090909091,0.905424441360867,0.9912515087440429,0.9994835696227061
P1,F3,71,PRY,soft_dice_risk_binary,0.9500000000000003,0.9545454545454546,0.9526999510598516,0.9999169634728248,0.9999340727177922
P1,F3,71,PRY,soft_dice_risk_binary,1.0000000000000004,1.0151515151515151,1.0,1.0,1.0
P1,F3,71,PRY,predicted_foreground_fraction,0.1,0.10606060606060606,0.10673613597530342,0.0019743417131028672,0.00036959233964936676
P1,F3,71,PRY,predicted_foreground_fraction,0.15000000000000002,0.15151515151515152,0.15122066786311505,0.00971898066731712,0.0012895775959117094
P1,F3,71,PRY,predicted_foreground_fraction,0.20000000000000004,0.21212121212121213,0.20438607660297028,0.010447774472792192,0.002766948056293908
P1,F3,71,PRY,predicted_foreground_fraction,0.25000000000000006,0.25757575757575757,0.24953052161344788,0.010477430375354759,0.005233227749791979
P1,F3,71,PRY,predicted_foreground_fraction,0.30000000000000004,0.30303030303030304,0.2965759157813243,0.015472967162019093,0.00915590104115161
P1,F3,71,PRY,predicted_foreground_fraction,0.3500000000000001,0.36363636363636365,0.3587999733677059,0.01787657806471511,0.016058287708657352
P1,F3,71,PRY,predicted_foreground_fraction,0.40000000000000013,0.4090909090909091,0.4020909839279398,0.03300479535944437,0.02174801194282706
P1,F3,71,PRY,predicted_foreground_fraction,0.45000000000000007,0.45454545454545453,0.44806344789209424,0.045752385075963596,0.029559395986227192
P1,F3,71,PRY,predicted_foreground_fraction,0.5000000000000001,0.5151515151515151,0.5107399778100303,0.07013101977752143,0.04602223747206831
P1,F3,71,PRY,predicted_foreground_fraction,0.5500000000000002,0.5606060606060606,0.5580400868953777,0.08020809546828153,0.06408131830590859
P1,F3,71,PRY,predicted_foreground_fraction,0.6000000000000002,0.6060606060606061,0.6051857431098713,0.10193252689048965,0.0849982469336322
P1,F3,71,PRY,predicted_foreground_fraction,0.6500000000000001,0.6515151515151515,0.6524391795208485,0.14803633441181965,0.11238703709808082
P1,F3,71,PRY,predicted_foreground_fraction,0.7000000000000002,0.7121212121212122,0.7102494816837119,0.2542682257763174,0.1673124543628378
P1,F3,71,PRY,predicted_foreground_fraction,0.7500000000000002,0.7575757575757576,0.7575495907690593,0.3965631774520242,0.22903137838963622
P1,F3,71,PRY,predicted_foreground_fraction,0.8000000000000002,0.803030303030303,0.8047805930208353,0.5486601463222233,0.3127889937399049
P1,F3,71,PRY,predicted_foreground_fraction,0.8500000000000002,0.8636363636363636,0.8652498542832193,0.6145214575282991,0.451336176197654
P1,F3,71,PRY,predicted_foreground_fraction,0.9000000000000002,0.9090909090909091,0.9111058771422442,0.7159757829899674,0.594368411641959
P1,F3,71,PRY,predicted_foreground_fraction,0.9500000000000003,0.9545454545454546,0.9579123745799685,0.8521430837986839,0.7896669973019759
P1,F3,71,PRY,predicted_foreground_fraction,1.0000000000000004,1.0151515151515151,1.0,1.0,1.0
P1,F3,71,PRY,predicted_foreground_scarcity,0.1,0.10606060606060606,0.10336974904596181,0.3205743755208318,0.4555475310732262
P1,F3,71,PRY,predicted_foreground_scarcity,0.15000000000000002,0.15151515151515152,0.14797751844638216,0.4126070207383727,0.5833325841596719
P1,F3,71,PRY,predicted_foreground_scarcity,0.20000000000000004,0.21212121212121213,0.21094082067281908,0.4731399076515194,0.7191937293165638
P1,F3,71,PRY,predicted_foreground_scarcity,0.25000000000000006,0.25757575757575757,0.25821711225938987,0.6189883778517857,0.7931911102054434
P1,F3,71,PRY,predicted_foreground_scarcity,0.30000000000000004,0.30303030303030304,0.3055172213447372,0.8016628064566831,0.8503800308259989
P1,F3,71,PRY,predicted_foreground_scarcity,0.3500000000000001,0.36363636363636365,0.36328085083323053,0.8519636655881804,0.8974371268490855
P1,F3,71,PRY,predicted_foreground_scarcity,0.40000000000000013,0.4090909090909091,0.41058083962818,0.9029495760688728,0.9226473200060333
P1,F3,71,PRY,predicted_foreground_scarcity,0.45000000000000007,0.45454545454545453,0.4577266161330715,0.9220375977532688,0.9421827724020405
P1,F3,71,PRY,predicted_foreground_scarcity,0.5000000000000001,0.5151515151515151,0.5204032061962065,0.9373719235708079,0.9628100205473363
P1,F3,71,PRY,predicted_foreground_scarcity,0.5500000000000002,0.5606060606060606,0.5677028942651613,0.9567839359906999,0.9732834683344271
P1,F3,71,PRY,predicted_foreground_scarcity,0.6000000000000002,0.6060606060606061,0.6096666205753959,0.9669952046405557,0.979855219692679
P1,F3,71,PRY,predicted_foreground_scarcity,0.6500000000000001,0.6515151515151515,0.6568642422417655,0.9835372670899553,0.9858346244092766
P1,F3,71,PRY,predicted_foreground_scarcity,0.7000000000000002,0.7121212121212122,0.7191893437623504,0.9855249539592112,0.9923424462817513
P1,F3,71,PRY,predicted_foreground_scarcity,0.7500000000000002,0.7575757575757576,0.7662361814150012,0.9895522255272078,0.9957367024172338
P1,F3,71,PRY,predicted_foreground_scarcity,0.8000000000000002,0.803030303030303,0.801864212469892,0.9895522255272078,0.9975167390368423
P1,F3,71,PRY,predicted_foreground_scarcity,0.8500000000000002,0.8636363636363636,0.864546035165334,0.9980256582868972,0.9990710246598002
P1,F3,71,PRY,predicted_foreground_scarcity,0.9000000000000002,0.9090909090909091,0.9090305670531457,0.9989961476982572,0.9998431729802029
P1,F3,71,PRY,predicted_foreground_scarcity,0.9500000000000003,0.9545454545454546,0.9563060767521304,0.9999836892535906,0.9999700330535419
P1,F3,71,PRY,predicted_foreground_scarcity,1.0000000000000004,1.0151515151515151,1.0,1.0,1.0
P1,F3,71,SOM,georisk_v2,0.1,0.11538461538461539,0.1167421616046323,0.37167911418273697,0.17938753466035903
P1,F3,71,SOM,georisk_v2,0.15000000000000002,0.15384615384615385,0.14820515692793443,0.43377950032726537,0.2930560620946112
P1,F3,71,SOM,georisk_v2,0.20000000000000004,0.23076923076923078,0.22046146966994046,0.5612757917963581,0.474078675743071
P1,F3,71,SOM,georisk_v2,0.25000000000000006,0.2692307692307692,0.2547318234841948,0.633457093940875,0.49275557052390584
P1,F3,71,SOM,georisk_v2,0.30000000000000004,0.3076923076923077,0.29964360484405644,0.6697392452603689,0.5252983539274179
P1,F3,71,SOM,georisk_v2,0.3500000000000001,0.38461538461538464,0.38758498879159287,0.6701708353698098,0.6573383985299994
P1,F3,71,SOM,georisk_v2,0.40000000000000013,0.4230769230769231,0.42539770911955155,0.6795743549728612,0.6644144340654834
P1,F3,71,SOM,georisk_v2,0.45000000000000007,0.46153846153846156,0.4502517728114392,0.6795772131855066,0.700152339803267
P1,F3,71,SOM,georisk_v2,0.5000000000000001,0.5384615384615384,0.5310114771037557,0.82510882644647,0.7760761943318425
P1,F3,71,SOM,georisk_v2,0.5500000000000002,0.5769230769230769,0.5708189533820697,0.8399343754376638,0.8174121079605836
P1,F3,71,SOM,georisk_v2,0.6000000000000002,0.6153846153846154,0.6142960735127113,0.8399343754376638,0.8185079773357461
P1,F3,71,SOM,georisk_v2,0.6500000000000001,0.6538461538461539,0.6556641858130055,0.8418693853985348,0.8275262144867649
P1,F3,71,SOM,georisk_v2,0.7000000000000002,0.7307692307692307,0.7342912503714581,0.8419036839502785,0.8334173848857277
P1,F3,71,SOM,georisk_v2,0.7500000000000002,0.7692307692307693,0.769241347048273,0.8419036839502785,0.8446587710557864
P1,F3,71,SOM,georisk_v2,0.8000000000000002,0.8076923076923077,0.808870188465361,0.8419036839502785,0.8457092700428052
P1,F3,71,SOM,georisk_v2,0.8500000000000002,0.8846153846153846,0.8840912816697745,0.9768484775730345,0.9427460601925449
P1,F3,71,SOM,georisk_v2,0.9000000000000002,0.9230769230769231,0.9251224067474852,0.977491575418228,0.9910376033266964
P1,F3,71,SOM,georisk_v2,0.9500000000000003,0.9615384615384616,0.9662938346224506,0.97755731430907,0.9950459026176969
P1,F3,71,SOM,georisk_v2,1.0000000000000004,1.0384615384615385,1.0,1.0,1.0
P1,F3,71,SOM,soft_dice_risk_binary,0.1,0.11538461538461539,0.10074708448368291,0.30591164121428305,0.22524652698403835
P1,F3,71,SOM,soft_dice_risk_binary,0.15000000000000002,0.15384615384615385,0.14820515692793443,0.43377950032726537,0.2930560620946112
P1,F3,71,SOM,soft_dice_risk_binary,0.20000000000000004,0.23076923076923078,0.23187344613256455,0.5428774769985337,0.553434974636208
P1,F3,71,SOM,soft_dice_risk_binary,0.25000000000000006,0.2692307692307692,0.2637286938386417,0.5614415681297857,0.6032254855940292
P1,F3,71,SOM,soft_dice_risk_binary,0.30000000000000004,0.3076923076923077,0.2979990476528961,0.6336228702743026,0.6219023803748641
P1,F3,71,SOM,soft_dice_risk_binary,0.3500000000000001,0.38461538461538464,0.3677648927046453,0.6699078798064418,0.6901830695161597
P1,F3,71,SOM,soft_dice_risk_binary,0.40000000000000013,0.4230769230769231,0.4107418352238546,0.7690249779203073,0.7335379654172941
P1,F3,71,SOM,soft_dice_risk_binary,0.45000000000000007,0.46153846153846156,0.4505493115021685,0.7838505269115011,0.7748738790460352
P1,F3,71,SOM,soft_dice_risk_binary,0.5000000000000001,0.5384615384615384,0.5261447936032345,0.8396685616616505,0.8145188732089603
P1,F3,71,SOM,soft_dice_risk_binary,0.5500000000000002,0.5769230769230769,0.5617418834180515,0.9459712063658112,0.88661590999911
P1,F3,71,SOM,soft_dice_risk_binary,0.6000000000000002,0.6153846153846154,0.6027730084957623,0.9466143042110047,0.9349074531332615
P1,F3,71,SOM,soft_dice_risk_binary,0.6500000000000001,0.6538461538461539,0.6377231051725771,0.9466143042110047,0.9461488393033203
P1,F3,71,SOM,soft_dice_risk_binary,0.7000000000000002,0.7307692307692307,0.7187152208624678,0.977191463090471,0.980106829813929
P1,F3,71,SOM,soft_dice_risk_binary,0.7500000000000002,0.7692307692307693,0.7633893806413029,0.9774572768664843,0.9830000645655523
P1,F3,71,SOM,soft_dice_risk_binary,0.8000000000000002,0.8076923076923077,0.8044339033336056,0.977491575418228,0.9865913052886167
P1,F3,71,SOM,soft_dice_risk_binary,0.8500000000000002,0.8846153846153846,0.8831878730747209,0.97755731430907,0.9928995342555156
P1,F3,71,SOM,soft_dice_risk_binary,0.9000000000000002,0.9230769230769231,0.9266649932053626,0.97755731430907,0.9939954036306781
P1,F3,71,SOM,soft_dice_risk_binary,0.9500000000000003,0.9615384615384616,0.9662938346224506,0.97755731430907,0.9950459026176969
P1,F3,71,SOM,soft_dice_risk_binary,1.0000000000000004,1.0384615384615385,1.0,1.0,1.0
P1,F3,71,SOM,predicted_foreground_fraction,0.1,0.11538461538461539,0.12068850341387967,0.0,0.004446298038079716
P1,F3,71,SOM,predicted_foreground_fraction,0.15000000000000002,0.15384615384615385,0.16536266319271484,0.00026581377601330786,0.007339532789703016
P1,F3,71,SOM,predicted_foreground_fraction,0.20000000000000004,0.23076923076923078,0.24757861375998286,0.00036585121859896135,0.014939072803767836
P1,F3,71,SOM,predicted_foreground_fraction,0.25000000000000006,0.2692307692307692,0.2812847791375323,0.022808536909528995,0.01989317018607094
P1,F3,71,SOM,predicted_foreground_fraction,0.30000000000000004,0.3076923076923077,0.319097499465491,0.032212056512580425,0.026969205721554947
P1,F3,71,SOM,predicted_foreground_fraction,0.3500000000000001,0.38461538461538464,0.3954157084425999,0.03414706647345149,0.04722882904263246
P1,F3,71,SOM,predicted_foreground_fraction,0.40000000000000013,0.4230769230769231,0.42968606225685424,0.10632836861796843,0.06590572382346731
P1,F3,71,SOM,predicted_foreground_fraction,0.45000000000000007,0.46153846153846156,0.4693100656464507,0.1349705175365637,0.0908454771830573
P1,F3,71,SOM,predicted_foreground_fraction,0.5000000000000001,0.5384615384615384,0.5520046087794196,0.21766718400315546,0.15595721921401037
P1,F3,71,SOM,predicted_foreground_fraction,0.5500000000000002,0.5769230769230769,0.594981551298629,0.3167842821170209,0.19931211511514482
P1,F3,71,SOM,predicted_foreground_fraction,0.6000000000000002,0.6153846153846154,0.6347890275769428,0.3316098311082148,0.2406480287438859
P1,F3,71,SOM,predicted_foreground_fraction,0.6500000000000001,0.6538461538461539,0.6758201526546536,0.3322529289534083,0.2889395718780374
P1,F3,71,SOM,predicted_foreground_fraction,0.7000000000000002,0.7307692307692307,0.7481322887907927,0.46012364627903585,0.39248701272639386
P1,F3,71,SOM,predicted_foreground_fraction,0.7500000000000002,0.7692307692307693,0.7968914184743057,0.6973410047760733,0.4677966220001012
P1,F3,71,SOM,predicted_foreground_fraction,0.8000000000000002,0.8076923076923077,0.8287466661803828,0.7159050959073253,0.5175871329579225
P1,F3,71,SOM,predicted_foreground_fraction,0.8500000000000002,0.8846153846153846,0.8848687154720677,0.8288016371842032,0.625952560024151
P1,F3,71,SOM,predicted_foreground_fraction,0.9000000000000002,0.9230769230769231,0.928135939640769,0.8289674135176309,0.7550993698751093
P1,F3,71,SOM,predicted_foreground_fraction,0.9500000000000003,0.9615384615384616,0.9685370046766979,0.9378996138554716,0.8863314725657478
P1,F3,71,SOM,predicted_foreground_fraction,1.0000000000000004,1.0384615384615385,1.0,1.0,1.0
P1,F3,71,SOM,predicted_foreground_scarcity,0.1,0.11538461538461539,0.11513128452793225,0.17119836281579676,0.374047439975849
P1,F3,71,SOM,predicted_foreground_scarcity,0.15000000000000002,0.15384615384615385,0.1507283743427493,0.2775010075199575,0.4461444767659987
P1,F3,71,SOM,predicted_foreground_scarcity,0.20000000000000004,0.23076923076923078,0.2031085815256943,0.3026589952239267,0.5322033779998988
P1,F3,71,SOM,predicted_foreground_scarcity,0.25000000000000006,0.2692307692307692,0.2518677112092073,0.5398763537209641,0.6075129872736061
P1,F3,71,SOM,predicted_foreground_scarcity,0.30000000000000004,0.3076923076923077,0.2767217749010949,0.5398792119336094,0.6432508930113897
P1,F3,71,SOM,predicted_foreground_scarcity,0.3500000000000001,0.38461538461538464,0.3652109724230572,0.6683901688917853,0.7593519712561141
P1,F3,71,SOM,predicted_foreground_scarcity,0.40000000000000013,0.4230769230769231,0.4050184487013711,0.6832157178829791,0.8006878848848552
P1,F3,71,SOM,predicted_foreground_scarcity,0.45000000000000007,0.46153846153846156,0.44799539122058035,0.7823328159968446,0.8440427807859896
P1,F3,71,SOM,predicted_foreground_scarcity,0.5000000000000001,0.5384615384615384,0.5306899343535493,0.8650294824634364,0.9091545228169426
P1,F3,71,SOM,predicted_foreground_scarcity,0.5500000000000002,0.5769230769230769,0.5703139377431458,0.8936716313820315,0.9340942761765327
P1,F3,71,SOM,predicted_foreground_scarcity,0.6000000000000002,0.6153846153846154,0.6045842915574001,0.9658529335265486,0.9527711709573675
P1,F3,71,SOM,predicted_foreground_scarcity,0.6500000000000001,0.6538461538461539,0.6395343882342148,0.9658529335265486,0.9640125571274262
P1,F3,71,SOM,predicted_foreground_scarcity,0.7000000000000002,0.7307692307692307,0.7187152208624678,0.977191463090471,0.980106829813929
P1,F3,71,SOM,predicted_foreground_scarcity,0.7500000000000002,0.7692307692307693,0.7524213862400172,0.999634148781401,0.9850609271962322
P1,F3,71,SOM,predicted_foreground_scarcity,0.8000000000000002,0.8076923076923077,0.7935928141149824,0.999699887672243,0.9890692264872326
P1,F3,71,SOM,predicted_foreground_scarcity,0.8500000000000002,0.8846153846153846,0.8793114965861203,1.0,0.9955537019619203
P1,F3,71,SOM,predicted_foreground_scarcity,0.9000000000000002,0.9230769230769231,0.9168940384522704,1.0,0.9978536316378187
P1,F3,71,SOM,predicted_foreground_scarcity,0.9500000000000003,0.9615384615384616,0.9565228798693584,1.0,0.9989041306248375
P1,F3,71,SOM,predicted_foreground_scarcity,1.0000000000000004,1.0384615384615385,1.0,1.0,1.0
P2,F1,13,BOL,georisk_v2,0.1,0.13333333333333333,0.15388676102893536,0.0009271942305947541,0.004539610385653613
P2,F1,13,BOL,georisk_v2,0.15000000000000002,0.2,0.2186767331082971,0.01814335440727062,0.030260006946517905
P2,F1,13,BOL,georisk_v2,0.20000000000000004,0.26666666666666666,0.2648707670280134,0.051354168280220665,0.09412836433877071
P2,F1,13,BOL,georisk_v2,0.25000000000000006,0.26666666666666666,0.2648707670280134,0.051354168280220665,0.09412836433877071
P2,F1,13,BOL,georisk_v2,0.30000000000000004,0.3333333333333333,0.316666631261343,0.05135638115427937,0.0953897057479389
P2,F1,13,BOL,georisk_v2,0.3500000000000001,0.4,0.40919313391638823,0.05478854881932105,0.10751564489887942
P2,F1,13,BOL,georisk_v2,0.40000000000000013,0.4666666666666667,0.47965645506320914,0.08240521707188078,0.14541986825989728
P2,F1,13,BOL,georisk_v2,0.45000000000000007,0.4666666666666667,0.47965645506320914,0.08240521707188078,0.14541986825989728
P2,F1,13,BOL,georisk_v2,0.5000000000000001,0.5333333333333333,0.5521074310817672,0.12599662315418642,0.17854379048327046
P2,F1,13,BOL,georisk_v2,0.5500000000000002,0.6,0.6080506749316854,0.14718489226622644,0.18911590326059802
P2,F1,13,BOL,georisk_v2,0.6000000000000002,0.6666666666666666,0.7008636066553511,0.1710618033595854,0.2817513755933484
P2,F1,13,BOL,georisk_v2,0.6500000000000001,0.6666666666666666,0.7008636066553511,0.1710618033595854,0.2817513755933484
P2,F1,13,BOL,georisk_v2,0.7000000000000002,0.7333333333333333,0.7677247901703492,0.356230678843375,0.5363656305793031
P2,F1,13,BOL,georisk_v2,0.7500000000000002,0.8,0.8298636116120964,0.41674393285254957,0.5927482009127968
P2,F1,13,BOL,georisk_v2,0.8000000000000002,0.8666666666666667,0.9137972422085274,0.7621005485714791,0.8579254285209401
P2,F1,13,BOL,georisk_v2,0.8500000000000002,0.8666666666666667,0.9137972422085274,0.7621005485714791,0.8579254285209401
P2,F1,13,BOL,georisk_v2,0.9000000000000002,0.9333333333333333,0.9449811891515256,0.8403522010351825,0.943660083723821
P2,F1,13,BOL,georisk_v2,0.9500000000000003,1.0,1.0,1.0,1.0
P2,F1,13,BOL,georisk_v2,1.0000000000000004,1.0666666666666667,1.0,1.0,1.0
P2,F1,13,BOL,soft_dice_risk_binary,0.1,0.13333333333333333,0.11305521743471435,0.21837968935673965,0.3184826123782074
P2,F1,13,BOL,soft_dice_risk_binary,0.15000000000000002,0.2,0.19698884803114536,0.5637363050756692,0.5836598399863507
P2,F1,13,BOL,soft_dice_risk_binary,0.20000000000000004,0.26666666666666666,0.2281727949741435,0.6419879575393725,0.6693944951892317
P2,F1,13,BOL,soft_dice_risk_binary,0.25000000000000006,0.26666666666666666,0.2281727949741435,0.6419879575393725,0.6693944951892317
P2,F1,13,BOL,soft_dice_risk_binary,0.30000000000000004,0.3333333333333333,0.32098572669780917,0.6658648686327315,0.762029967521982
P2,F1,13,BOL,soft_dice_risk_binary,0.3500000000000001,0.4,0.3914490478446301,0.6934815368852912,0.7999341908829999
P2,F1,13,BOL,soft_dice_risk_binary,0.40000000000000013,0.4666666666666667,0.45623901992399185,0.7106976970619671,0.8256545874438642
P2,F1,13,BOL,soft_dice_risk_binary,0.45000000000000007,0.4666666666666667,0.45623901992399185,0.7106976970619671,0.8256545874438642
P2,F1,13,BOL,soft_dice_risk_binary,0.5000000000000001,0.5333333333333333,0.52868999594255,0.7542891031442728,0.8587785096672375
P2,F1,13,BOL,soft_dice_risk_binary,0.5500000000000002,0.6,0.5908288173842972,0.8148023571534473,0.9151610800007313
P2,F1,13,BOL,soft_dice_risk_binary,0.6000000000000002,0.6666666666666666,0.6458476282327716,0.9744501561182648,0.9715009962769101
P2,F1,13,BOL,soft_dice_risk_binary,0.6500000000000001,0.6666666666666666,0.6458476282327716,0.9744501561182648,0.9715009962769101
P2,F1,13,BOL,soft_dice_risk_binary,0.7000000000000002,0.7333333333333333,0.7017908720826899,0.9956384252303049,0.9820731090542377
P2,F1,13,BOL,soft_dice_risk_binary,0.7500000000000002,0.8,0.7943173747377351,0.9990705928953465,0.9941990482051782
P2,F1,13,BOL,soft_dice_risk_binary,0.8000000000000002,0.8666666666666667,0.8805923593895273,0.9999867227556478,0.9987386585908318
P2,F1,13,BOL,soft_dice_risk_binary,0.8500000000000002,0.8666666666666667,0.8805923593895273,0.9999867227556478,0.9987386585908318
P2,F1,13,BOL,soft_dice_risk_binary,0.9000000000000002,0.9333333333333333,0.9323882236228568,0.9999889356297065,1.0
P2,F1,13,BOL,soft_dice_risk_binary,0.9500000000000003,1.0,1.0,1.0,1.0
P2,F1,13,BOL,soft_dice_risk_binary,1.0000000000000004,1.0666666666666667,1.0,1.0,1.0
P2,F1,13,BOL,predicted_foreground_fraction,0.1,0.13333333333333333,0.11940764061047275,1.3277244352192184e-05,0.001261341409168185
P2,F1,13,BOL,predicted_foreground_fraction,0.15000000000000002,0.2,0.20568262526226494,0.0009294071046534528,0.005800951794821797
P2,F1,13,BOL,predicted_foreground_fraction,0.20000000000000004,0.26666666666666666,0.29820912791731014,0.004361574769695132,0.01792689094576232
P2,F1,13,BOL,predicted_foreground_fraction,0.25000000000000006,0.26666666666666666,0.29820912791731014,0.004361574769695132,0.01792689094576232
P2,F1,13,BOL,predicted_foreground_fraction,0.30000000000000004,0.3333333333333333,0.3541523717672284,0.02554984388173516,0.02849900372308986
P2,F1,13,BOL,predicted_foreground_fraction,0.3500000000000001,0.4,0.4189423438465901,0.04276600405841102,0.05421940028395415
P2,F1,13,BOL,predicted_foreground_fraction,0.40000000000000013,0.4666666666666667,0.4913933198651482,0.08635741014071666,0.08734332250732736
P2,F1,13,BOL,predicted_foreground_fraction,0.45000000000000007,0.4666666666666667,0.4913933198651482,0.08635741014071666,0.08734332250732736
P2,F1,13,BOL,predicted_foreground_fraction,0.5000000000000001,0.5333333333333333,0.5618566410119691,0.1139740783932764,0.12524754586834522
P2,F1,13,BOL,predicted_foreground_fraction,0.5500000000000002,0.6,0.6239954624537164,0.17448733240245098,0.181630116201839
P2,F1,13,BOL,predicted_foreground_fraction,0.6000000000000002,0.6666666666666666,0.7168083941773821,0.19836424349580992,0.2742655885345894
P2,F1,13,BOL,predicted_foreground_fraction,0.6500000000000001,0.6666666666666666,0.7168083941773821,0.19836424349580992,0.2742655885345894
P2,F1,13,BOL,predicted_foreground_fraction,0.7000000000000002,0.7333333333333333,0.7718272050258566,0.35801204246062746,0.33060550481076834
P2,F1,13,BOL,predicted_foreground_fraction,0.7500000000000002,0.8,0.8180212389455728,0.3912228563335775,0.3944738622030211
P2,F1,13,BOL,predicted_foreground_fraction,0.8000000000000002,0.8666666666666667,0.849205185888571,0.4694745087972808,0.4802085174059021
P2,F1,13,BOL,predicted_foreground_fraction,0.8500000000000002,0.8666666666666667,0.849205185888571,0.4694745087972808,0.4802085174059021
P2,F1,13,BOL,predicted_foreground_fraction,0.9000000000000002,0.9333333333333333,0.933138816485002,0.8148311245162104,0.7453857450140454
P2,F1,13,BOL,predicted_foreground_fraction,0.9500000000000003,1.0,1.0,1.0,1.0
P2,F1,13,BOL,predicted_foreground_fraction,1.0000000000000004,1.0666666666666667,1.0,1.0,1.0
P2,F1,13,BOL,predicted_foreground_scarcity,0.1,0.13333333333333333,0.15079481411142906,0.5305254912027192,0.5197914825940979
P2,F1,13,BOL,predicted_foreground_scarcity,0.15000000000000002,0.2,0.1819787610544272,0.6087771436664225,0.6055261377969788
P2,F1,13,BOL,predicted_foreground_scarcity,0.20000000000000004,0.26666666666666666,0.2281727949741435,0.6419879575393725,0.6693944951892317
P2,F1,13,BOL,predicted_foreground_scarcity,0.25000000000000006,0.26666666666666666,0.2281727949741435,0.6419879575393725,0.6693944951892317
P2,F1,13,BOL,predicted_foreground_scarcity,0.30000000000000004,0.3333333333333333,0.28319160582261793,0.8016357565041901,0.7257344114654106
P2,F1,13,BOL,predicted_foreground_scarcity,0.3500000000000001,0.4,0.3760045375462836,0.825512667597549,0.818369883798161
P2,F1,13,BOL,predicted_foreground_scarcity,0.40000000000000013,0.4666666666666667,0.43814335898803086,0.8860259216067236,0.8747524541316548
P2,F1,13,BOL,predicted_foreground_scarcity,0.45000000000000007,0.4666666666666667,0.43814335898803086,0.8860259216067236,0.8747524541316548
P2,F1,13,BOL,predicted_foreground_scarcity,0.5000000000000001,0.5333333333333333,0.5086066801348518,0.9136425898592834,0.9126566774926727
P2,F1,13,BOL,predicted_foreground_scarcity,0.5500000000000002,0.6,0.5810576561534099,0.957233995941589,0.9457805997160459
P2,F1,13,BOL,predicted_foreground_scarcity,0.6000000000000002,0.6666666666666666,0.6458476282327716,0.9744501561182648,0.9715009962769101
P2,F1,13,BOL,predicted_foreground_scarcity,0.6500000000000001,0.6666666666666666,0.6458476282327716,0.9744501561182648,0.9715009962769101
P2,F1,13,BOL,predicted_foreground_scarcity,0.7000000000000002,0.7333333333333333,0.7017908720826899,0.9956384252303049,0.9820731090542377
P2,F1,13,BOL,predicted_foreground_scarcity,0.7500000000000002,0.8,0.7943173747377351,0.9990705928953465,0.9941990482051782
P2,F1,13,BOL,predicted_foreground_scarcity,0.8000000000000002,0.8666666666666667,0.8805923593895273,0.9999867227556478,0.9987386585908318
P2,F1,13,BOL,predicted_foreground_scarcity,0.8500000000000002,0.8666666666666667,0.8805923593895273,0.9999867227556478,0.9987386585908318
P2,F1,13,BOL,predicted_foreground_scarcity,0.9000000000000002,0.9333333333333333,0.9323882236228568,0.9999889356297065,1.0
P2,F1,13,BOL,predicted_foreground_scarcity,0.9500000000000003,1.0,1.0,1.0,1.0
P2,F1,13,BOL,predicted_foreground_scarcity,1.0000000000000004,1.0666666666666667,1.0,1.0,1.0
P2,F1,13,ESP,georisk_v2,0.1,0.1,0.0961410501977147,0.274491883915396,0.19272011850210102
P2,F1,13,ESP,georisk_v2,0.15000000000000002,0.16666666666666666,0.1522592064341193,0.3866207575012297,0.27469147700950775
P2,F1,13,ESP,georisk_v2,0.20000000000000004,0.23333333333333334,0.22005830377124053,0.39544023610427936,0.2917807136131706
P2,F1,13,ESP,georisk_v2,0.25000000000000006,0.26666666666666666,0.2539578524398011,0.3956822429906542,0.29592920192075856
P2,F1,13,ESP,georisk_v2,0.30000000000000004,0.3333333333333333,0.32178723005584253,0.49720118052139695,0.3817053560518989
P2,F1,13,ESP,georisk_v2,0.3500000000000001,0.36666666666666664,0.3556994602087372,0.4998022626660108,0.39222653398996493
P2,F1,13,ESP,georisk_v2,0.40000000000000013,0.43333333333333335,0.42352922603348275,0.5967132316773242,0.46255938663270685
P2,F1,13,ESP,georisk_v2,0.45000000000000007,0.4666666666666667,0.4574400327544624,0.6223649778652238,0.504933558192856
P2,F1,13,ESP,georisk_v2,0.5000000000000001,0.5333333333333333,0.5252780803648954,0.6294992621741269,0.5609606929262688
P2,F1,13,ESP,georisk_v2,0.5500000000000002,0.5666666666666667,0.5591828051495108,0.6323295622233153,0.5750102748430677
P2,F1,13,ESP,georisk_v2,0.6000000000000002,0.6333333333333333,0.6270088182901167,0.7062026561731432,0.6692134338100817
P2,F1,13,ESP,georisk_v2,0.6500000000000001,0.6666666666666666,0.6608811923493899,0.706222331529759,0.6803560028932912
P2,F1,13,ESP,georisk_v2,0.7000000000000002,0.7333333333333333,0.7287028057913492,0.7158642400393507,0.7164698710237665
P2,F1,13,ESP,georisk_v2,0.7500000000000002,0.7666666666666667,0.762621764895115,0.757693064436793,0.761598811319904
P2,F1,13,ESP,georisk_v2,0.8000000000000002,0.8333333333333334,0.8304592948939427,0.7657127397934087,0.7991201205930071
P2,F1,13,ESP,georisk_v2,0.8500000000000002,0.8666666666666667,0.8643686781830072,0.8346109198229218,0.8676031747794911
P2,F1,13,ESP,georisk_v2,0.9000000000000002,0.9333333333333333,0.9321882211785447,0.987522872602066,0.9598461093138757
P2,F1,13,ESP,georisk_v2,0.9500000000000003,0.9666666666666667,0.9661054980445928,0.9905194294146581,0.9737173108073054
P2,F1,13,ESP,georisk_v2,1.0000000000000004,1.0333333333333334,1.0,1.0,1.0
P2,F1,13,ESP,soft_dice_risk_binary,0.1,0.1,0.08443215807030252,0.35642793900639447,0.24804875992935352
P2,F1,13,ESP,soft_dice_risk_binary,0.15000000000000002,0.16666666666666666,0.15225894762831657,0.5445587801278898,0.3860060884570877
P2,F1,13,ESP,soft_dice_risk_binary,0.20000000000000004,0.23333333333333334,0.22008276091959914,0.6649631087063453,0.5032222822631706
P2,F1,13,ESP,soft_dice_risk_binary,0.25000000000000006,0.26666666666666666,0.2539936970434801,0.8154854894244958,0.5825068264815866
P2,F1,13,ESP,soft_dice_risk_binary,0.30000000000000004,0.3333333333333333,0.3218160869028477,0.8635041810132809,0.6703510173891509
P2,F1,13,ESP,soft_dice_risk_binary,0.3500000000000001,0.36666666666666664,0.35573504600661354,0.905333005410723,0.7154799576852886
P2,F1,13,ESP,soft_dice_risk_binary,0.40000000000000013,0.43333333333333335,0.4235690821271042,0.9293398917855387,0.7651285221149253
P2,F1,13,ESP,soft_dice_risk_binary,0.45000000000000007,0.4666666666666667,0.4574870060076591,0.9330467289719626,0.7881154206282258
P2,F1,13,ESP,soft_dice_risk_binary,0.5000000000000001,0.5333333333333333,0.5252829976751475,0.9446296114117069,0.8351176820738129
P2,F1,13,ESP,soft_dice_risk_binary,0.5500000000000002,0.5666666666666667,0.5591912163380998,0.9526787998032464,0.8475768685676052
P2,F1,13,ESP,soft_dice_risk_binary,0.6000000000000002,0.6333333333333333,0.6270231820121686,0.9667998032464339,0.8770325077085825
P2,F1,13,ESP,soft_dice_risk_binary,0.6500000000000001,0.6666666666666666,0.6609418823101316,0.970311854402361,0.895132566711338
P2,F1,13,ESP,soft_dice_risk_binary,0.7000000000000002,0.7333333333333333,0.7287840708134086,0.9877776684702411,0.921653096468525
P2,F1,13,ESP,soft_dice_risk_binary,0.7500000000000002,0.7666666666666667,0.7626887955980238,0.9906079685194294,0.935702678385324
P2,F1,13,ESP,soft_dice_risk_binary,0.8000000000000002,0.8333333333333334,0.8305146793357283,0.9959940973930153,0.9625322701947222
P2,F1,13,ESP,soft_dice_risk_binary,0.8500000000000002,0.8666666666666667,0.864426909488623,0.9985951795376291,0.9730534481327883
P2,F1,13,ESP,soft_dice_risk_binary,0.9000000000000002,0.9333333333333333,0.9322095726572704,0.9989877029021151,0.9912214615825414
P2,F1,13,ESP,soft_dice_risk_binary,0.9500000000000003,0.9666666666666667,0.9661004513314394,0.9997579931136252,0.995851511692412
P2,F1,13,ESP,soft_dice_risk_binary,1.0000000000000004,1.0333333333333334,1.0,1.0,1.0
P2,F1,13,ESP,predicted_foreground_fraction,0.1,0.1,0.10170071645210371,0.0013851451057550418,0.015803982784002215
P2,F1,13,ESP,predicted_foreground_fraction,0.15000000000000002,0.16666666666666666,0.1695260825782027,0.013599606492867683,0.036359549592698034
P2,F1,13,ESP,predicted_foreground_fraction,0.20000000000000004,0.23333333333333334,0.23732052141087465,0.023545499262174127,0.05862835255551192
P2,F1,13,ESP,predicted_foreground_fraction,0.25000000000000006,0.26666666666666666,0.27122874007382697,0.031594687653713725,0.07108753904930422
P2,F1,13,ESP,predicted_foreground_fraction,0.30000000000000004,0.3333333333333333,0.3390546238115314,0.03698081652729956,0.09791713085870245
P2,F1,13,ESP,predicted_foreground_fraction,0.3500000000000001,0.36666666666666664,0.37295934859614677,0.03981111657648795,0.11196671277550138
P2,F1,13,ESP,predicted_foreground_fraction,0.40000000000000013,0.43333333333333335,0.4407933847166374,0.06793015248401377,0.14396933686260852
P2,F1,13,ESP,predicted_foreground_fraction,0.45000000000000007,0.4666666666666667,0.47471208501460055,0.07144220363994097,0.16206939586536395
P2,F1,13,ESP,predicted_foreground_fraction,0.5000000000000001,0.5333333333333333,0.5425324044275461,0.07805213969503197,0.20221021838860403
P2,F1,13,ESP,predicted_foreground_fraction,0.5500000000000002,0.5666666666666667,0.5764503283081011,0.08175897688145597,0.2251971169019045
P2,F1,13,ESP,predicted_foreground_fraction,0.6000000000000002,0.6333333333333333,0.6442649539933865,0.09466699458927694,0.2845200423147114
P2,F1,13,ESP,predicted_foreground_fraction,0.6500000000000001,0.6666666666666666,0.6781757607143661,0.12031874077717658,0.32689421387486056
P2,F1,13,ESP,predicted_foreground_fraction,0.7000000000000002,0.7333333333333333,0.7460158787712211,0.2176212493851451,0.41478741039324063
P2,F1,13,ESP,predicted_foreground_fraction,0.7500000000000002,0.7666666666666667,0.7799274619096089,0.2399881947860305,0.46025742974065575
P2,F1,13,ESP,predicted_foreground_fraction,0.8000000000000002,0.8333333333333334,0.8477613686271983,0.38803246433841615,0.5722979776364528
P2,F1,13,ESP,predicted_foreground_fraction,0.8500000000000002,0.8666666666666667,0.8816707519162629,0.4569306443679292,0.6407810318229369
P2,F1,13,ESP,predicted_foreground_fraction,0.9000000000000002,0.9333333333333333,0.9494890008827865,0.6990457452041319,0.7947154962928888
P2,F1,13,ESP,predicted_foreground_fraction,0.9500000000000003,0.9666666666666667,0.9716940211459869,0.8015612395474668,0.8666524659296658
P2,F1,13,ESP,predicted_foreground_fraction,1.0000000000000004,1.0333333333333334,1.0,1.0,1.0
P2,F1,13,ESP,predicted_foreground_scarcity,0.1,0.1,0.08442193524109443,0.4514766355140187,0.2845690479255272
P2,F1,13,ESP,predicted_foreground_scarcity,0.15000000000000002,0.16666666666666666,0.15223863137280175,0.6119675356615839,0.42770202236354715
P2,F1,13,ESP,predicted_foreground_scarcity,0.20000000000000004,0.23333333333333334,0.22007253809039104,0.7600118052139695,0.5397425702593442
P2,F1,13,ESP,predicted_foreground_scarcity,0.25000000000000006,0.26666666666666666,0.2539841212287789,0.7823787506148548,0.5852125896067594
P2,F1,13,ESP,predicted_foreground_scarcity,0.30000000000000004,0.3333333333333333,0.32182423928563386,0.8796812592228234,0.6731057861251394
P2,F1,13,ESP,predicted_foreground_scarcity,0.3500000000000001,0.36666666666666664,0.35573504600661354,0.905333005410723,0.7154799576852886
P2,F1,13,ESP,predicted_foreground_scarcity,0.40000000000000013,0.43333333333333335,0.42354967169189894,0.918241023118544,0.7748028830980955
P2,F1,13,ESP,predicted_foreground_scarcity,0.45000000000000007,0.4666666666666667,0.45746759557245387,0.921947860304968,0.7977897816113959
P2,F1,13,ESP,predicted_foreground_scarcity,0.5000000000000001,0.5333333333333333,0.5252879149853995,0.928557796360059,0.837930604134636
P2,F1,13,ESP,predicted_foreground_scarcity,0.5500000000000002,0.5666666666666667,0.5592066152833626,0.9320698475159862,0.8560306631373915
P2,F1,13,ESP,predicted_foreground_scarcity,0.6000000000000002,0.6333333333333333,0.6270406514038532,0.960188883423512,0.8880332872244986
P2,F1,13,ESP,predicted_foreground_scarcity,0.6500000000000001,0.6666666666666666,0.6609453761884686,0.9630191834727004,0.9020828691412975
P2,F1,13,ESP,predicted_foreground_scarcity,0.7000000000000002,0.7333333333333333,0.7287712599261731,0.9684053123462862,0.9289124609506958
P2,F1,13,ESP,predicted_foreground_scarcity,0.7500000000000002,0.7666666666666667,0.7626794785891253,0.9764545007378259,0.9413716474444881
P2,F1,13,ESP,predicted_foreground_scarcity,0.8000000000000002,0.8333333333333334,0.8304739174217973,0.9864003935071323,0.963640450407302
P2,F1,13,ESP,predicted_foreground_scarcity,0.8500000000000002,0.8666666666666667,0.864386147574692,0.9890014756517462,0.974161628345368
P2,F1,13,ESP,predicted_foreground_scarcity,0.9000000000000002,0.9333333333333333,0.9322095726572704,0.9989877029021151,0.9912214615825414
P2,F1,13,ESP,predicted_foreground_scarcity,0.9500000000000003,0.9666666666666667,0.9661004513314394,0.9997579931136252,0.995851511692412
P2,F1,13,ESP,predicted_foreground_scarcity,1.0000000000000004,1.0333333333333334,1.0,1.0,1.0
P2,F1,13,KHM,georisk_v2,0.1,0.1,0.11023559871639514,0.05284762251399188,0.057859001957236894
P2,F1,13,KHM,georisk_v2,0.15000000000000002,0.16666666666666666,0.17676930456442708,0.06856574061907314,0.07658629460412589
P2,F1,13,KHM,georisk_v2,0.20000000000000004,0.23333333333333334,0.22996344980027827,0.11556311143618969,0.12511392539996033
P2,F1,13,KHM,georisk_v2,0.25000000000000006,0.26666666666666666,0.26229761343745794,0.1332499188918593,0.14415804761918863
P2,F1,13,KHM,georisk_v2,0.30000000000000004,0.3333333333333333,0.3181324615142947,0.1830584571661804,0.19246597043121394
P2,F1,13,KHM,georisk_v2,0.3500000000000001,0.36666666666666664,0.35489879269332614,0.19986964555451806,0.21344660237296467
P2,F1,13,KHM,georisk_v2,0.40000000000000013,0.43333333333333335,0.41394545801355415,0.20571117594594185,0.22253220853900113
P2,F1,13,KHM,georisk_v2,0.45000000000000007,0.4666666666666667,0.44588522732372876,0.2505055450060061,0.26254393419420174
P2,F1,13,KHM,georisk_v2,0.5000000000000001,0.5333333333333333,0.5188658498272071,0.25300507114840987,0.26556299430595076
P2,F1,13,KHM,georisk_v2,0.5500000000000002,0.5666666666666667,0.551102256406804,0.25306960880875107,0.2656020798232861
P2,F1,13,KHM,georisk_v2,0.6000000000000002,0.6333333333333333,0.6192274247116377,0.26484685969047506,0.28570328762499225
P2,F1,13,KHM,georisk_v2,0.6500000000000001,0.6666666666666666,0.6480489262151609,0.26492535143953866,0.2946680840101741
P2,F1,13,KHM,georisk_v2,0.7000000000000002,0.7333333333333333,0.7087250628338045,0.36982928335288845,0.39697561004497794
P2,F1,13,KHM,georisk_v2,0.7500000000000002,0.7666666666666667,0.745488308424218,0.37318989305353834,0.39956354505642233
P2,F1,13,KHM,georisk_v2,0.8000000000000002,0.8333333333333334,0.819012415286567,0.5578298136082599,0.5806716194728785
P2,F1,13,KHM,georisk_v2,0.8500000000000002,0.8666666666666667,0.8557779049414299,0.6699177755322031,0.687523725205125
P2,F1,13,KHM,georisk_v2,0.9000000000000002,0.9333333333333333,0.9291492751671828,0.9113589770722694,0.9011580565022608
P2,F1,13,KHM,georisk_v2,0.9500000000000003,0.9666666666666667,0.9632396997441767,0.9956689997127783,0.9833572682776611
P2,F1,13,KHM,georisk_v2,1.0000000000000004,1.0333333333333334,1.0,1.0,1.0
P2,F1,13,KHM,soft_dice_risk_binary,0.1,0.1,0.08263935640231587,0.1909250746834457,0.18725160709579802
P2,F1,13,KHM,soft_dice_risk_binary,0.15000000000000002,0.16666666666666666,0.1561626217404964,0.34210192764107294,0.33687215186500097
P2,F1,13,KHM,soft_dice_risk_binary,0.20000000000000004,0.23333333333333334,0.22486788070553387,0.4989842586250804,0.48373598325244804
P2,F1,13,KHM,soft_dice_risk_binary,0.25000000000000006,0.26666666666666666,0.26163379112248103,0.5686180684517822,0.5530701377764486
P2,F1,13,KHM,soft_dice_risk_binary,0.30000000000000004,0.3333333333333333,0.33500516134823394,0.8100592699918485,0.7667044690735844
P2,F1,13,KHM,soft_dice_risk_binary,0.3500000000000001,0.36666666666666664,0.3673393249854136,0.827746077447518,0.7857485912928127
P2,F1,13,KHM,soft_dice_risk_binary,0.40000000000000013,0.43333333333333335,0.4408724081055608,0.8599945579053982,0.8252261482110973
P2,F1,13,KHM,soft_dice_risk_binary,0.45000000000000007,0.4666666666666667,0.47758081437098876,0.8709688672652196,0.8386952543667702
P2,F1,13,KHM,soft_dice_risk_binary,0.5000000000000001,0.5333333333333333,0.5346771071765181,0.9596598923442055,0.9279476254067707
P2,F1,13,KHM,soft_dice_risk_binary,0.5500000000000002,0.5666666666666667,0.5714392307347067,0.9653624632687685,0.9344908963315873
P2,F1,13,KHM,soft_dice_risk_binary,0.6000000000000002,0.6333333333333333,0.6313399028320094,0.9842731605894672,0.9607403744511002
P2,F1,13,KHM,soft_dice_risk_binary,0.6500000000000001,0.6666666666666666,0.6601614043355325,0.9843516523385308,0.969705170836282
P2,F1,13,KHM,soft_dice_risk_binary,0.7000000000000002,0.7333333333333333,0.7331755475517256,0.9910100783405797,0.9893255083338022
P2,F1,13,KHM,soft_dice_risk_binary,0.7500000000000002,0.7666666666666667,0.7616657690408869,0.9929194628140978,0.9924499809013949
P2,F1,13,KHM,soft_dice_risk_binary,0.8000000000000002,0.8333333333333334,0.834306135272205,0.9961219261758936,0.9971011574642975
P2,F1,13,KHM,soft_dice_risk_binary,0.8500000000000002,0.8666666666666667,0.8710693808626184,0.9994825358765436,0.9996890924757418
P2,F1,13,KHM,soft_dice_risk_binary,0.9000000000000002,0.9333333333333333,0.9330727413491315,0.9998278995724235,0.9999585456634322
P2,F1,13,KHM,soft_dice_risk_binary,0.9500000000000003,0.9666666666666667,0.96979952089224,1.0,1.0
P2,F1,13,KHM,soft_dice_risk_binary,1.0000000000000004,1.0333333333333334,1.0,1.0,1.0
P2,F1,13,KHM,predicted_foreground_fraction,0.1,0.1,0.09916366523046542,0.000236638087917736,8.053985390307384e-05
P2,F1,13,KHM,predicted_foreground_fraction,0.15000000000000002,0.16666666666666666,0.1649714162290741,0.001977992076403287,0.002343354425694582
P2,F1,13,KHM,predicted_foreground_fraction,0.20000000000000004,0.23333333333333334,0.23833423095911316,0.007080537185902184,0.0075500190986050614
P2,F1,13,KHM,predicted_foreground_fraction,0.25000000000000006,0.26666666666666666,0.274588073919483,0.00940796290072945,0.01052762487378635
P2,F1,13,KHM,predicted_foreground_fraction,0.30000000000000004,0.3333333333333333,0.3398404189668327,0.01701991829881053,0.020195368366195766
P2,F1,13,KHM,predicted_foreground_fraction,0.3500000000000001,0.36666666666666664,0.36284628719536827,0.021400920737287533,0.027248527630795834
P2,F1,13,KHM,predicted_foreground_fraction,0.40000000000000013,0.43333333333333335,0.42004286163098603,0.03035479433417484,0.04498032399525052
P2,F1,13,KHM,predicted_foreground_fraction,0.45000000000000007,0.4666666666666667,0.45675126789641396,0.04132910369399614,0.058449430150923395
P2,F1,13,KHM,predicted_foreground_fraction,0.5000000000000001,0.5333333333333333,0.5302783200933531,0.061097396050760325,0.09358908684979614
P2,F1,13,KHM,predicted_foreground_fraction,0.5500000000000002,0.5666666666666667,0.5618039192585611,0.07113271152363532,0.11107156499003615
P2,F1,13,KHM,predicted_foreground_fraction,0.6000000000000002,0.6333333333333333,0.6309044140747723,0.10563070736764256,0.15109631915101518
P2,F1,13,KHM,predicted_foreground_fraction,0.6500000000000001,0.6666666666666666,0.6676694829675508,0.1418014495972501,0.18894294402776257
P2,F1,13,KHM,predicted_foreground_fraction,0.7000000000000002,0.7333333333333333,0.724428324581482,0.2247178076266072,0.26871530049952475
P2,F1,13,KHM,predicted_foreground_fraction,0.7500000000000002,0.7666666666666667,0.7500626935505588,0.2745263459009283,0.3170232233115501
P2,F1,13,KHM,predicted_foreground_fraction,0.8000000000000002,0.8333333333333334,0.8209190285444998,0.4284701783681391,0.46855658961095104
P2,F1,13,KHM,predicted_foreground_fraction,0.8500000000000002,0.8666666666666667,0.8576857804856155,0.5509597505939209,0.5738808069382715
P2,F1,13,KHM,predicted_foreground_fraction,0.9000000000000002,0.9333333333333333,0.9310558884251156,0.7819993418321486,0.7890430266403333
P2,F1,13,KHM,predicted_foreground_fraction,0.9500000000000003,0.9666666666666667,0.9678140848705175,0.8970054525601683,0.9008169465327889
P2,F1,13,KHM,predicted_foreground_fraction,1.0000000000000004,1.0333333333333334,1.0,1.0,1.0
P2,F1,13,KHM,predicted_foreground_scarcity,0.1,0.1,0.10554872985952156,0.33695228748213585,0.319267087329482
P2,F1,13,KHM,predicted_foreground_scarcity,0.15000000000000002,0.16666666666666666,0.1790809714555002,0.571529821631861,0.531443410389049
P2,F1,13,KHM,predicted_foreground_scarcity,0.20000000000000004,0.23333333333333334,0.24993730644944123,0.7254736540990717,0.6829767766884499
P2,F1,13,KHM,predicted_foreground_scarcity,0.25000000000000006,0.26666666666666666,0.275571675418518,0.7752821923733928,0.7312846995004753
P2,F1,13,KHM,predicted_foreground_scarcity,0.30000000000000004,0.3333333333333333,0.33233051703244915,0.8581985504027498,0.8110570559722374
P2,F1,13,KHM,predicted_foreground_scarcity,0.3500000000000001,0.36666666666666664,0.3690955859252278,0.8943692926323574,0.8489036808489848
P2,F1,13,KHM,predicted_foreground_scarcity,0.40000000000000013,0.43333333333333335,0.4381960807414389,0.9288672884763647,0.8889284350099639
P2,F1,13,KHM,predicted_foreground_scarcity,0.45000000000000007,0.4666666666666667,0.4697216799066469,0.9389026039492396,0.9064109131502038
P2,F1,13,KHM,predicted_foreground_scarcity,0.5000000000000001,0.5333333333333333,0.543248732103586,0.9586708963060039,0.9415505698490766
P2,F1,13,KHM,predicted_foreground_scarcity,0.5500000000000002,0.5666666666666667,0.579957138369014,0.9696452056658251,0.9550196760047495
P2,F1,13,KHM,predicted_foreground_scarcity,0.6000000000000002,0.6333333333333333,0.6371537128046317,0.9785990792627125,0.9727514723692041
P2,F1,13,KHM,predicted_foreground_scarcity,0.6500000000000001,0.6666666666666666,0.6601595810331673,0.9829800817011894,0.9798046316338043
P2,F1,13,KHM,predicted_foreground_scarcity,0.7000000000000002,0.7333333333333333,0.7254119260805171,0.9905920370992706,0.9894723751262137
P2,F1,13,KHM,predicted_foreground_scarcity,0.7500000000000002,0.7666666666666667,0.7616657690408869,0.9929194628140978,0.9924499809013949
P2,F1,13,KHM,predicted_foreground_scarcity,0.8000000000000002,0.8333333333333334,0.8350285837709259,0.9980220079235967,0.9976566455743054
P2,F1,13,KHM,predicted_foreground_scarcity,0.8500000000000002,0.8666666666666667,0.8710693808626184,0.9994825358765436,0.9996890924757418
P2,F1,13,KHM,predicted_foreground_scarcity,0.9000000000000002,0.9333333333333333,0.9330727413491315,0.9998278995724235,0.9999585456634322
P2,F1,13,KHM,predicted_foreground_scarcity,0.9500000000000003,0.9666666666666667,0.96979952089224,1.0,1.0
P2,F1,13,KHM,predicted_foreground_scarcity,1.0000000000000004,1.0333333333333334,1.0,1.0,1.0
P2,F1,13,NGA,georisk_v2,0.1,0.1111111111111111,0.11355750676902827,0.01607558872924841,0.037891460994656935
P2,F1,13,NGA,georisk_v2,0.15000000000000002,0.16666666666666666,0.16654620126063358,0.016377487631117543,0.03839931982612731
P2,F1,13,NGA,georisk_v2,0.20000000000000004,0.2222222222222222,0.2117371443182197,0.10468924997123516,0.17550011114482414
P2,F1,13,NGA,georisk_v2,0.25000000000000006,0.2777777777777778,0.2769384442502185,0.10593062447682293,0.17576296459753404
P2,F1,13,NGA,georisk_v2,0.30000000000000004,0.3333333333333333,0.33103271767468767,0.10679198637865933,0.17811566525450542
P2,F1,13,NGA,georisk_v2,0.3500000000000001,0.3888888888888889,0.3910386671568191,0.10798585930877819,0.1782422243243287
P2,F1,13,NGA,georisk_v2,0.40000000000000013,0.4444444444444444,0.45309534741543256,0.11091723431049352,0.17938287850491552
P2,F1,13,NGA,georisk_v2,0.45000000000000007,0.5,0.5181016475986427,0.11488203247629936,0.18015034568474136
P2,F1,13,NGA,georisk_v2,0.5000000000000001,0.5555555555555556,0.5751092272189803,0.11643163942715211,0.1802444537110202
P2,F1,13,NGA,georisk_v2,0.5500000000000002,0.5555555555555556,0.5751092272189803,0.11643163942715211,0.1802444537110202
P2,F1,13,NGA,georisk_v2,0.6000000000000002,0.6111111111111112,0.6276417615839551,0.16554615728088315,0.18063062112919898
P2,F1,13,NGA,georisk_v2,0.6500000000000001,0.6666666666666666,0.6797497237918099,0.16572560767709907,0.18069714576846505
P2,F1,13,NGA,georisk_v2,0.7000000000000002,0.7222222222222222,0.7385938826787991,0.29195629432820636,0.379790788122269
P2,F1,13,NGA,georisk_v2,0.7500000000000002,0.7777777777777778,0.8013427623007782,0.34060951910460585,0.4534449216550681
P2,F1,13,NGA,georisk_v2,0.8000000000000002,0.8333333333333334,0.8610758613691072,0.5746128357701642,0.6755447313296977
P2,F1,13,NGA,georisk_v2,0.8500000000000002,0.8888888888888888,0.9223286651123064,0.7624551769855923,0.8173785073493501
P2,F1,13,NGA,georisk_v2,0.9000000000000002,0.9444444444444444,0.9875302137684746,0.9985390626566892,0.9910727179209265
P2,F1,13,NGA,georisk_v2,0.9500000000000003,1.0,1.0,1.0,1.0
P2,F1,13,NGA,georisk_v2,1.0000000000000004,1.0555555555555556,1.0,1.0,1.0
P2,F1,13,NGA,soft_dice_risk_binary,0.1,0.1111111111111111,0.1040351019445753,0.21454244899122488,0.33619443367250085
P2,F1,13,NGA,soft_dice_risk_binary,0.15000000000000002,0.16666666666666666,0.16376820101290432,0.44854576565678317,0.5582942433471304
P2,F1,13,NGA,soft_dice_risk_binary,0.20000000000000004,0.2222222222222222,0.22502100475610357,0.6363881068722113,0.7001280193667828
P2,F1,13,NGA,soft_dice_risk_binary,0.25000000000000006,0.2777777777777778,0.28776988437808265,0.6850413316486108,0.7737821528995819
P2,F1,13,NGA,soft_dice_risk_binary,0.30000000000000004,0.3333333333333333,0.34469936460923695,0.6908407462180829,0.7921721592762119
P2,F1,13,NGA,soft_dice_risk_binary,0.3500000000000001,0.3888888888888889,0.4099009132654051,0.9269246318891798,0.9658663698477884
P2,F1,13,NGA,soft_dice_risk_binary,0.40000000000000013,0.4444444444444444,0.4665289398032791,0.9372008060489562,0.9853678244658153
P2,F1,13,NGA,soft_dice_risk_binary,0.45000000000000007,0.5,0.4789987260348045,0.9386617433922669,0.9942951065448887
P2,F1,13,NGA,soft_dice_risk_binary,0.5000000000000001,0.5555555555555556,0.5330929994592737,0.9395231052941033,0.9966478072018601
P2,F1,13,NGA,soft_dice_risk_binary,0.5500000000000002,0.5555555555555556,0.5330929994592737,0.9395231052941033,0.9966478072018601
P2,F1,13,NGA,soft_dice_risk_binary,0.6000000000000002,0.6111111111111112,0.5951496797178871,0.9424544802958187,0.9977884613824469
P2,F1,13,NGA,soft_dice_risk_binary,0.6500000000000001,0.6666666666666666,0.6481383742094924,0.9427563791976878,0.9982963202139172
P2,F1,13,NGA,soft_dice_risk_binary,0.7000000000000002,0.7222222222222222,0.7131446743927027,0.9467211773634937,0.9990637873937431
P2,F1,13,NGA,soft_dice_risk_binary,0.7500000000000002,0.7777777777777778,0.7656772087576775,0.9958356952172247,0.9994499548119219
P2,F1,13,NGA,soft_dice_risk_binary,0.8000000000000002,0.8333333333333334,0.8308785086896763,0.9970770697228125,0.9997128082646318
P2,F1,13,NGA,soft_dice_risk_binary,0.8500000000000002,0.8888888888888888,0.8908844581718077,0.9982709426529314,0.9998393673344551
P2,F1,13,NGA,soft_dice_risk_binary,0.9000000000000002,0.9444444444444444,0.9478920377921451,0.9998205496037841,0.999933475360734
P2,F1,13,NGA,soft_dice_risk_binary,0.9500000000000003,1.0,1.0,1.0,1.0
P2,F1,13,NGA,soft_dice_risk_binary,1.0000000000000004,1.0555555555555556,1.0,1.0,1.0
P2,F1,13,NGA,predicted_foreground_fraction,0.1,0.1111111111111111,0.10911554182819229,0.0017290573470686778,0.00016063266554494225
P2,F1,13,NGA,predicted_foreground_fraction,0.15000000000000002,0.16666666666666666,0.1691214913103237,0.0029229302771875266,0.00028719173536823013
P2,F1,13,NGA,predicted_foreground_fraction,0.20000000000000004,0.2222222222222222,0.2343227912423225,0.004164304782775296,0.0005500451880781356
P2,F1,13,NGA,predicted_foreground_fraction,0.25000000000000006,0.2777777777777778,0.2868553256072974,0.05327882263650633,0.0009362126062568857
P2,F1,13,NGA,predicted_foreground_fraction,0.30000000000000004,0.3333333333333333,0.3398440200989027,0.05358072153837547,0.0014440714377272586
P2,F1,13,NGA,predicted_foreground_fraction,0.3500000000000001,0.3888888888888889,0.4048503202821129,0.0575455197041813,0.002211538617553094
P2,F1,13,NGA,predicted_foreground_fraction,0.40000000000000013,0.4444444444444444,0.46690700054072637,0.060476894705896636,0.003352192798139906
P2,F1,13,NGA,predicted_foreground_fraction,0.45000000000000007,0.5,0.5210012739651956,0.061338256607733045,0.005704893455111283
P2,F1,13,NGA,predicted_foreground_fraction,0.5000000000000001,0.5555555555555556,0.5779307541963499,0.06713767117720515,0.02409489983174134
P2,F1,13,NGA,predicted_foreground_fraction,0.5500000000000002,0.5555555555555556,0.5779307541963499,0.06713767117720515,0.02409489983174134
P2,F1,13,NGA,predicted_foreground_fraction,0.6000000000000002,0.6111111111111112,0.6345587807342238,0.07741384533698145,0.04359635444976822
P2,F1,13,NGA,predicted_foreground_fraction,0.6500000000000001,0.6666666666666666,0.6470285669657492,0.07887478268029223,0.05252363652884168
P2,F1,13,NGA,predicted_foreground_fraction,0.7000000000000002,0.7222222222222222,0.7097774465877282,0.12752800745669177,0.12617777006164077
P2,F1,13,NGA,predicted_foreground_fraction,0.7500000000000002,0.7777777777777778,0.7710302503309275,0.3153703486721198,0.26801154608129313
P2,F1,13,NGA,predicted_foreground_fraction,0.8000000000000002,0.8333333333333334,0.8362317989870957,0.5514542343432168,0.44170575665286954
P2,F1,13,NGA,predicted_foreground_fraction,0.8500000000000002,0.8888888888888888,0.8814227420446819,0.6397659966833344,0.5788065479715664
P2,F1,13,NGA,predicted_foreground_fraction,0.9000000000000002,0.9444444444444444,0.940266900931671,0.7659966833344417,0.7779001903253704
P2,F1,13,NGA,predicted_foreground_fraction,0.9500000000000003,1.0,1.0,1.0,1.0
P2,F1,13,NGA,predicted_foreground_fraction,1.0000000000000004,1.0555555555555556,1.0,1.0,1.0
P2,F1,13,NGA,predicted_foreground_scarcity,0.1,0.1111111111111111,0.11857725795531819,0.36023400331666555,0.4211934520284336
P2,F1,13,NGA,predicted_foreground_scarcity,0.15000000000000002,0.16666666666666666,0.16376820101290432,0.44854576565678317,0.5582942433471304
P2,F1,13,NGA,predicted_foreground_scarcity,0.20000000000000004,0.2222222222222222,0.2289697496690725,0.6846296513278801,0.7319884539187069
P2,F1,13,NGA,predicted_foreground_scarcity,0.25000000000000006,0.2777777777777778,0.29022255341227177,0.8724719925433082,0.8738222299383592
P2,F1,13,NGA,predicted_foreground_scarcity,0.30000000000000004,0.3333333333333333,0.3529714330342508,0.9211252173197078,0.9474763634711584
P2,F1,13,NGA,predicted_foreground_scarcity,0.3500000000000001,0.3888888888888889,0.3654412192657762,0.9225861546630185,0.9564036455502318
P2,F1,13,NGA,predicted_foreground_scarcity,0.40000000000000013,0.4444444444444444,0.4220692458036502,0.9328623288227949,0.9759051001682587
P2,F1,13,NGA,predicted_foreground_scarcity,0.45000000000000007,0.5,0.4789987260348045,0.9386617433922669,0.9942951065448887
P2,F1,13,NGA,predicted_foreground_scarcity,0.5000000000000001,0.5555555555555556,0.5330929994592737,0.9395231052941033,0.9966478072018601
P2,F1,13,NGA,predicted_foreground_scarcity,0.5500000000000002,0.5555555555555556,0.5330929994592737,0.9395231052941033,0.9966478072018601
P2,F1,13,NGA,predicted_foreground_scarcity,0.6000000000000002,0.6111111111111112,0.5951496797178871,0.9424544802958187,0.9977884613824469
P2,F1,13,NGA,predicted_foreground_scarcity,0.6500000000000001,0.6666666666666666,0.6601559799010973,0.9464192784616245,0.9985559285622727
P2,F1,13,NGA,predicted_foreground_scarcity,0.7000000000000002,0.7222222222222222,0.7131446743927027,0.9467211773634937,0.9990637873937431
P2,F1,13,NGA,predicted_foreground_scarcity,0.7500000000000002,0.7777777777777778,0.7656772087576775,0.9958356952172247,0.9994499548119219
P2,F1,13,NGA,predicted_foreground_scarcity,0.8000000000000002,0.8333333333333334,0.8308785086896763,0.9970770697228125,0.9997128082646318
P2,F1,13,NGA,predicted_foreground_scarcity,0.8500000000000002,0.8888888888888888,0.8908844581718077,0.9982709426529314,0.9998393673344551
P2,F1,13,NGA,predicted_foreground_scarcity,0.9000000000000002,0.9444444444444444,0.9478920377921451,0.9998205496037841,0.999933475360734
P2,F1,13,NGA,predicted_foreground_scarcity,0.9500000000000003,1.0,1.0,1.0,1.0
P2,F1,13,NGA,predicted_foreground_scarcity,1.0000000000000004,1.0555555555555556,1.0,1.0,1.0
P2,F1,37,BOL,georisk_v2,0.1,0.13333333333333333,0.11098400599907804,0.050426974049625914,0.07895486385049895
P2,F1,37,BOL,georisk_v2,0.15000000000000002,0.2,0.19725899065087021,0.051343103909927176,0.08452536088502847
P2,F1,37,BOL,georisk_v2,0.20000000000000004,0.26666666666666666,0.2677223117976911,0.07895977216248691,0.11762822855673714
P2,F1,37,BOL,georisk_v2,0.25000000000000006,0.26666666666666666,0.2677223117976911,0.07895977216248691,0.11762822855673714
P2,F1,37,BOL,georisk_v2,0.30000000000000004,0.3333333333333333,0.3602488144527364,0.0823919398275286,0.13018327187302292
P2,F1,37,BOL,georisk_v2,0.3500000000000001,0.4,0.412044678686066,0.0823941527015873,0.13215689141059606
P2,F1,37,BOL,georisk_v2,0.40000000000000013,0.4666666666666667,0.47965645506320914,0.08240521707188078,0.13215689141059606
P2,F1,37,BOL,georisk_v2,0.45000000000000007,0.4666666666666667,0.47965645506320914,0.08240521707188078,0.13215689141059606
P2,F1,37,BOL,georisk_v2,0.5000000000000001,0.5333333333333333,0.5521074310817672,0.12599662315418642,0.18635455079360677
P2,F1,37,BOL,georisk_v2,0.5500000000000002,0.6,0.6080506749316854,0.14718489226622644,0.20255940393161143
P2,F1,37,BOL,georisk_v2,0.6000000000000002,0.6666666666666666,0.7008636066553511,0.1710618033595854,0.2771334877612903
P2,F1,37,BOL,georisk_v2,0.6500000000000001,0.6666666666666666,0.7008636066553511,0.1710618033595854,0.2771334877612903
P2,F1,37,BOL,georisk_v2,0.7000000000000002,0.7333333333333333,0.7677247901703492,0.356230678843375,0.4817270053159178
P2,F1,37,BOL,georisk_v2,0.7500000000000002,0.8,0.8516584207667802,0.7015872945623046,0.774420075970489
P2,F1,37,BOL,georisk_v2,0.8000000000000002,0.8666666666666667,0.9137972422085274,0.7621005485714791,0.8701519661838062
P2,F1,37,BOL,georisk_v2,0.8500000000000002,0.8666666666666667,0.9137972422085274,0.7621005485714791,0.8701519661838062
P2,F1,37,BOL,georisk_v2,0.9000000000000002,0.9333333333333333,0.9449811891515256,0.8403522010351825,0.9318660156830917
P2,F1,37,BOL,georisk_v2,0.9500000000000003,1.0,1.0,1.0,1.0
P2,F1,37,BOL,georisk_v2,1.0000000000000004,1.0666666666666667,1.0,1.0,1.0
P2,F1,37,BOL,soft_dice_risk_binary,0.1,0.13333333333333333,0.11305521743471435,0.21837968935673965,0.25943140600857506
P2,F1,37,BOL,soft_dice_risk_binary,0.15000000000000002,0.2,0.19698884803114536,0.5637363050756692,0.5521244766631462
P2,F1,37,BOL,soft_dice_risk_binary,0.20000000000000004,0.26666666666666666,0.2694398240497034,0.6073277111579749,0.606322136046157
P2,F1,37,BOL,soft_dice_risk_binary,0.25000000000000006,0.26666666666666666,0.2694398240497034,0.6073277111579749,0.606322136046157
P2,F1,37,BOL,soft_dice_risk_binary,0.30000000000000004,0.3333333333333333,0.30062377099270154,0.6855793636216782,0.6680361855454424
P2,F1,37,BOL,soft_dice_risk_binary,0.3500000000000001,0.4,0.39343670271636727,0.7094562747150371,0.7426102693751213
P2,F1,37,BOL,soft_dice_risk_binary,0.40000000000000013,0.4666666666666667,0.458226674795729,0.726672434891713,0.7667272447716726
P2,F1,37,BOL,soft_dice_risk_binary,0.45000000000000007,0.4666666666666667,0.458226674795729,0.726672434891713,0.7667272447716726
P2,F1,37,BOL,soft_dice_risk_binary,0.5000000000000001,0.5333333333333333,0.5203654962374763,0.7871856889008876,0.8624591349849899
P2,F1,37,BOL,soft_dice_risk_binary,0.5500000000000002,0.6,0.5908288173842972,0.8148023571534473,0.8955620026566986
P2,F1,37,BOL,soft_dice_risk_binary,0.6000000000000002,0.6666666666666666,0.6458476282327716,0.9744501561182648,0.9636959869736069
P2,F1,37,BOL,soft_dice_risk_binary,0.6500000000000001,0.6666666666666666,0.6458476282327716,0.9744501561182648,0.9636959869736069
P2,F1,37,BOL,soft_dice_risk_binary,0.7000000000000002,0.7333333333333333,0.7017908720826899,0.9956384252303049,0.9799008401116116
P2,F1,37,BOL,soft_dice_risk_binary,0.7500000000000002,0.8,0.7943173747377351,0.9990705928953465,0.9924558834278974
P2,F1,37,BOL,soft_dice_risk_binary,0.8000000000000002,0.8666666666666667,0.8805923593895273,0.9999867227556478,0.9980263804624269
P2,F1,37,BOL,soft_dice_risk_binary,0.8500000000000002,0.8666666666666667,0.8805923593895273,0.9999867227556478,0.9980263804624269
P2,F1,37,BOL,soft_dice_risk_binary,0.9000000000000002,0.9333333333333333,0.9323882236228568,0.9999889356297065,1.0
P2,F1,37,BOL,soft_dice_risk_binary,0.9500000000000003,1.0,1.0,1.0,1.0
P2,F1,37,BOL,soft_dice_risk_binary,1.0000000000000004,1.0666666666666667,1.0,1.0,1.0
P2,F1,37,BOL,predicted_foreground_fraction,0.1,0.13333333333333333,0.11940764061047275,1.3277244352192184e-05,0.0019736195375731286
P2,F1,37,BOL,predicted_foreground_fraction,0.15000000000000002,0.2,0.20568262526226494,0.0009294071046534528,0.007544116572102648
P2,F1,37,BOL,predicted_foreground_fraction,0.20000000000000004,0.26666666666666666,0.29820912791731014,0.004361574769695132,0.020099159888388413
P2,F1,37,BOL,predicted_foreground_fraction,0.25000000000000006,0.26666666666666666,0.29820912791731014,0.004361574769695132,0.020099159888388413
P2,F1,37,BOL,predicted_foreground_fraction,0.30000000000000004,0.3333333333333333,0.3541523717672284,0.02554984388173516,0.036304013026393064
P2,F1,37,BOL,predicted_foreground_fraction,0.3500000000000001,0.4,0.4189423438465901,0.04276600405841102,0.0604209884229444
P2,F1,37,BOL,predicted_foreground_fraction,0.40000000000000013,0.4666666666666667,0.4894056649934111,0.07038267231097077,0.09352385609465308
P2,F1,37,BOL,predicted_foreground_fraction,0.45000000000000007,0.4666666666666667,0.4894056649934111,0.07038267231097077,0.09352385609465308
P2,F1,37,BOL,predicted_foreground_fraction,0.5000000000000001,0.5333333333333333,0.5618566410119691,0.1139740783932764,0.14772151547766382
P2,F1,37,BOL,predicted_foreground_fraction,0.5500000000000002,0.6,0.6546695727356349,0.13785098948663535,0.22229559930734272
P2,F1,37,BOL,predicted_foreground_fraction,0.6000000000000002,0.6666666666666666,0.7008636066553511,0.1710618033595854,0.2771334877612903
P2,F1,37,BOL,predicted_foreground_fraction,0.6500000000000001,0.6666666666666666,0.7008636066553511,0.1710618033595854,0.2771334877612903
P2,F1,37,BOL,predicted_foreground_fraction,0.7000000000000002,0.7333333333333333,0.7558824175038256,0.3307096023244029,0.3452674720781987
P2,F1,37,BOL,predicted_foreground_fraction,0.7500000000000002,0.8,0.8180212389455728,0.3912228563335775,0.440999362291516
P2,F1,37,BOL,predicted_foreground_fraction,0.8000000000000002,0.8666666666666667,0.849205185888571,0.4694745087972808,0.5027134117908014
P2,F1,37,BOL,predicted_foreground_fraction,0.8500000000000002,0.8666666666666667,0.849205185888571,0.4694745087972808,0.5027134117908014
P2,F1,37,BOL,predicted_foreground_fraction,0.9000000000000002,0.9333333333333333,0.916066369403569,0.6546433842810704,0.7073069293454288
P2,F1,37,BOL,predicted_foreground_fraction,0.9500000000000003,1.0,1.0,1.0,1.0
P2,F1,37,BOL,predicted_foreground_fraction,1.0000000000000004,1.0666666666666667,1.0,1.0,1.0
P2,F1,37,BOL,predicted_foreground_scarcity,0.1,0.13333333333333333,0.15079481411142906,0.5305254912027192,0.49728658820919863
P2,F1,37,BOL,predicted_foreground_scarcity,0.15000000000000002,0.2,0.1819787610544272,0.6087771436664225,0.5590006377084841
P2,F1,37,BOL,predicted_foreground_scarcity,0.20000000000000004,0.26666666666666666,0.24411758249617446,0.6692903976755971,0.6547325279218014
P2,F1,37,BOL,predicted_foreground_scarcity,0.25000000000000006,0.26666666666666666,0.24411758249617446,0.6692903976755971,0.6547325279218014
P2,F1,37,BOL,predicted_foreground_scarcity,0.30000000000000004,0.3333333333333333,0.29913639334464887,0.8289381966404146,0.7228665122387097
P2,F1,37,BOL,predicted_foreground_scarcity,0.3500000000000001,0.4,0.3453304272643652,0.8621490105133647,0.7777044006926572
P2,F1,37,BOL,predicted_foreground_scarcity,0.40000000000000013,0.4666666666666667,0.43814335898803086,0.8860259216067236,0.8522784845223362
P2,F1,37,BOL,predicted_foreground_scarcity,0.45000000000000007,0.4666666666666667,0.43814335898803086,0.8860259216067236,0.8522784845223362
P2,F1,37,BOL,predicted_foreground_scarcity,0.5000000000000001,0.5333333333333333,0.5105943350065889,0.9296173276890293,0.9064761439053469
P2,F1,37,BOL,predicted_foreground_scarcity,0.5500000000000002,0.6,0.5810576561534099,0.957233995941589,0.9395790115770556
P2,F1,37,BOL,predicted_foreground_scarcity,0.6000000000000002,0.6666666666666666,0.6458476282327716,0.9744501561182648,0.9636959869736069
P2,F1,37,BOL,predicted_foreground_scarcity,0.6500000000000001,0.6666666666666666,0.6458476282327716,0.9744501561182648,0.9636959869736069
P2,F1,37,BOL,predicted_foreground_scarcity,0.7000000000000002,0.7333333333333333,0.7017908720826899,0.9956384252303049,0.9799008401116116
P2,F1,37,BOL,predicted_foreground_scarcity,0.7500000000000002,0.8,0.7943173747377351,0.9990705928953465,0.9924558834278974
P2,F1,37,BOL,predicted_foreground_scarcity,0.8000000000000002,0.8666666666666667,0.8805923593895273,0.9999867227556478,0.9980263804624269
P2,F1,37,BOL,predicted_foreground_scarcity,0.8500000000000002,0.8666666666666667,0.8805923593895273,0.9999867227556478,0.9980263804624269
P2,F1,37,BOL,predicted_foreground_scarcity,0.9000000000000002,0.9333333333333333,0.9323882236228568,0.9999889356297065,1.0
P2,F1,37,BOL,predicted_foreground_scarcity,0.9500000000000003,1.0,1.0,1.0,1.0
P2,F1,37,BOL,predicted_foreground_scarcity,1.0000000000000004,1.0666666666666667,1.0,1.0,1.0
P2,F1,37,ESP,georisk_v2,0.1,0.1,0.0961410501977147,0.274491883915396,0.19596683198548392
P2,F1,37,ESP,georisk_v2,0.15000000000000002,0.16666666666666666,0.1522592064341193,0.3866207575012297,0.28043850153478234
P2,F1,37,ESP,georisk_v2,0.20000000000000004,0.23333333333333334,0.22008185509928954,0.44617609444171175,0.34392200582637616
P2,F1,37,ESP,georisk_v2,0.25000000000000006,0.26666666666666666,0.25398916794193227,0.5377688145597639,0.41861407200602857
P2,F1,37,ESP,georisk_v2,0.30000000000000004,0.3333333333333333,0.32180017034597935,0.5460787014264633,0.4356119380047695
P2,F1,37,ESP,georisk_v2,0.3500000000000001,0.36666666666666664,0.35569971901453995,0.5463207083128382,0.4374857609675937
P2,F1,37,ESP,georisk_v2,0.40000000000000013,0.43333333333333335,0.4235235323058225,0.5712887358583374,0.49043541444515293
P2,F1,37,ESP,georisk_v2,0.45000000000000007,0.4666666666666667,0.4574430090211939,0.6678268568617807,0.5629375342916343
P2,F1,37,ESP,georisk_v2,0.5000000000000001,0.5333333333333333,0.5252553054542547,0.6955809149040826,0.6175810428431422
P2,F1,37,ESP,georisk_v2,0.5500000000000002,0.5666666666666667,0.5591276795135279,0.6956005902606984,0.6226767628427646
P2,F1,37,ESP,georisk_v2,0.6000000000000002,0.6333333333333333,0.6269549866831474,0.7682056074766355,0.7062816207624977
P2,F1,37,ESP,georisk_v2,0.6500000000000001,0.6666666666666666,0.6608739457869133,0.8100344318740778,0.7484985825001113
P2,F1,37,ESP,georisk_v2,0.7000000000000002,0.7333333333333333,0.7286889596809027,0.8132375799311362,0.7687810309800903
P2,F1,37,ESP,georisk_v2,0.7500000000000002,0.7666666666666667,0.7626077893817673,0.8177452041318249,0.7860289647195534
P2,F1,37,ESP,georisk_v2,0.8000000000000002,0.8333333333333334,0.8304224150670527,0.8306532218396459,0.8452694058633133
P2,F1,37,ESP,georisk_v2,0.8500000000000002,0.8666666666666667,0.8643333511909337,0.9811756025577963,0.9363425941528635
P2,F1,37,ESP,georisk_v2,0.9000000000000002,0.9333333333333333,0.9321741162622955,0.9946138711264142,0.9710918995576969
P2,F1,37,ESP,georisk_v2,0.9500000000000003,0.9666666666666667,0.9660913931283436,0.9976104279390064,0.9820369129642935
P2,F1,37,ESP,georisk_v2,1.0000000000000004,1.0333333333333334,1.0,1.0,1.0
P2,F1,37,ESP,soft_dice_risk_binary,0.1,0.1,0.08443215807030252,0.35642793900639447,0.25385178464786284
P2,F1,37,ESP,soft_dice_risk_binary,0.15000000000000002,0.16666666666666666,0.15225894762831657,0.5445587801278898,0.4010459706739966
P2,F1,37,ESP,soft_dice_risk_binary,0.20000000000000004,0.23333333333333334,0.22008431375441556,0.7465873093949827,0.543189597181986
P2,F1,37,ESP,soft_dice_risk_binary,0.25000000000000006,0.26666666666666666,0.2539936970434801,0.8154854894244958,0.608857655510455
P2,F1,37,ESP,soft_dice_risk_binary,0.30000000000000004,0.3333333333333333,0.32182423928563386,0.8796812592228234,0.690264478652573
P2,F1,37,ESP,soft_dice_risk_binary,0.3500000000000001,0.36666666666666664,0.35573815167624634,0.9002606984751599,0.7063409360217525
P2,F1,37,ESP,soft_dice_risk_binary,0.40000000000000013,0.43333333333333335,0.4235690821271042,0.9293398917855387,0.7778360445349751
P2,F1,37,ESP,soft_dice_risk_binary,0.45000000000000007,0.4666666666666667,0.4574635840825114,0.9388204623708805,0.8038329790145309
P2,F1,37,ESP,soft_dice_risk_binary,0.5000000000000001,0.5333333333333333,0.525284938718668,0.9564830300049189,0.8267563046054255
P2,F1,37,ESP,soft_dice_risk_binary,0.5500000000000002,0.5666666666666667,0.5592050624485462,0.9640226266601082,0.8417637392339434
P2,F1,37,ESP,soft_dice_risk_binary,0.6000000000000002,0.6333333333333333,0.6270244760411822,0.9698317757009346,0.8760924455276968
P2,F1,37,ESP,soft_dice_risk_binary,0.6500000000000001,0.6666666666666666,0.6609465408145809,0.9797579931136252,0.8934475511560409
P2,F1,37,ESP,soft_dice_risk_binary,0.7000000000000002,0.7333333333333333,0.7287700953000608,0.9870959173635022,0.9262030550054664
P2,F1,37,ESP,soft_dice_risk_binary,0.7500000000000002,0.7666666666666667,0.7626823254529554,0.9896969995081161,0.9399628470785213
P2,F1,37,ESP,soft_dice_risk_binary,0.8000000000000002,0.8333333333333334,0.8305096326225749,0.9955986227250369,0.975320133890717
P2,F1,37,ESP,soft_dice_risk_binary,0.8500000000000002,0.8666666666666667,0.864426909488623,0.9985951795376291,0.9862651472973137
P2,F1,37,ESP,soft_dice_risk_binary,0.9000000000000002,0.9333333333333333,0.9322095726572704,0.9989877029021151,0.996135745666953
P2,F1,37,ESP,soft_dice_risk_binary,0.9500000000000003,0.9666666666666667,0.9661004513314394,0.9997579931136252,0.9981261770371759
P2,F1,37,ESP,soft_dice_risk_binary,1.0000000000000004,1.0333333333333334,1.0,1.0,1.0
P2,F1,37,ESP,predicted_foreground_fraction,0.1,0.1,0.10170071645210371,0.0013851451057550418,0.008639132703063768
P2,F1,37,ESP,predicted_foreground_fraction,0.15000000000000002,0.16666666666666666,0.16948622648458125,0.011018199704869652,0.024245112220426288
P2,F1,37,ESP,predicted_foreground_fraction,0.20000000000000004,0.23333333333333334,0.2373117220135816,0.022063944909001477,0.047603191700177544
P2,F1,37,ESP,predicted_foreground_fraction,0.25000000000000006,0.26666666666666666,0.2712239521664763,0.024665027053615347,0.06136298377323237
P2,F1,37,ESP,predicted_foreground_fraction,0.30000000000000004,0.3333333333333333,0.3390488006809698,0.035034923757993115,0.09187798851171274
P2,F1,37,ESP,predicted_foreground_fraction,0.3500000000000001,0.36666666666666664,0.3729627130715823,0.055614363010329564,0.10795444588089226
P2,F1,37,ESP,predicted_foreground_fraction,0.40000000000000013,0.43333333333333335,0.44078303248452794,0.06222429906542056,0.14159428632284488
P2,F1,37,ESP,predicted_foreground_fraction,0.45000000000000007,0.4666666666666667,0.47470509725792664,0.07215051647811116,0.15894939195118893
P2,F1,37,ESP,predicted_foreground_fraction,0.5000000000000001,0.5333333333333333,0.5425417214364446,0.07936940482046237,0.1942803913189422
P2,F1,37,ESP,predicted_foreground_fraction,0.5500000000000002,0.5666666666666667,0.5764503283081011,0.08175897688145597,0.21224347835464863
P2,F1,37,ESP,predicted_foreground_fraction,0.6000000000000002,0.6333333333333333,0.6442649539933865,0.09466699458927694,0.2714839194984086
P2,F1,37,ESP,predicted_foreground_fraction,0.6500000000000001,0.6666666666666666,0.6781757607143661,0.12031874077717658,0.309735521347427
P2,F1,37,ESP,predicted_foreground_fraction,0.7000000000000002,0.7333333333333333,0.7460063029565198,0.1845145105755042,0.391142344489545
P2,F1,37,ESP,predicted_foreground_fraction,0.7500000000000002,0.7666666666666667,0.7799274619096089,0.2399881947860305,0.4344654010048544
P2,F1,37,ESP,predicted_foreground_fraction,0.8000000000000002,0.8333333333333334,0.8477512752008916,0.36039252336448596,0.5512038975517627
P2,F1,37,ESP,predicted_foreground_fraction,0.8500000000000002,0.8666666666666667,0.8816707519162629,0.4569306443679292,0.623706017398244
P2,F1,37,ESP,predicted_foreground_fraction,0.9000000000000002,0.9333333333333333,0.9494890008827865,0.6990457452041319,0.7894712718674466
P2,F1,37,ESP,predicted_foreground_fraction,0.9500000000000003,0.9666666666666667,0.9716940211459869,0.8015612395474668,0.863432681899005
P2,F1,37,ESP,predicted_foreground_fraction,1.0000000000000004,1.0333333333333334,1.0,1.0,1.0
P2,F1,37,ESP,predicted_foreground_scarcity,0.1,0.1,0.08442193524109443,0.4514766355140187,0.30160191642210354
P2,F1,37,ESP,predicted_foreground_scarcity,0.15000000000000002,0.16666666666666666,0.15224872479910848,0.639607476635514,0.4487961024482373
P2,F1,37,ESP,predicted_foreground_scarcity,0.20000000000000004,0.23333333333333334,0.22007253809039104,0.7600118052139695,0.5655345989951456
P2,F1,37,ESP,predicted_foreground_scarcity,0.25000000000000006,0.26666666666666666,0.2539936970434801,0.8154854894244958,0.608857655510455
P2,F1,37,ESP,predicted_foreground_scarcity,0.30000000000000004,0.3333333333333333,0.32182423928563386,0.8796812592228234,0.690264478652573
P2,F1,37,ESP,predicted_foreground_scarcity,0.3500000000000001,0.36666666666666664,0.35573504600661354,0.905333005410723,0.7285160805015914
P2,F1,37,ESP,predicted_foreground_scarcity,0.40000000000000013,0.43333333333333335,0.42354967169189894,0.918241023118544,0.7877565216453514
P2,F1,37,ESP,predicted_foreground_scarcity,0.45000000000000007,0.4666666666666667,0.4574582785635553,0.9206305951795376,0.8057196086810579
P2,F1,37,ESP,predicted_foreground_scarcity,0.5000000000000001,0.5333333333333333,0.5252949027420734,0.9278494835218888,0.841050608048811
P2,F1,37,ESP,predicted_foreground_scarcity,0.5500000000000002,0.5666666666666667,0.559216967515472,0.9377757009345794,0.8584057136771551
P2,F1,37,ESP,predicted_foreground_scarcity,0.6000000000000002,0.6333333333333333,0.6270372869284176,0.9443856369896705,0.8920455541191077
P2,F1,37,ESP,predicted_foreground_scarcity,0.6500000000000001,0.6666666666666666,0.6609511993190301,0.9649650762420069,0.9081220114882873
P2,F1,37,ESP,predicted_foreground_scarcity,0.7000000000000002,0.7333333333333333,0.7287760478335237,0.9753349729463846,0.9386370162267677
P2,F1,37,ESP,predicted_foreground_scarcity,0.7500000000000002,0.7666666666666667,0.7626882779864184,0.9779360550909986,0.9523968082998224
P2,F1,37,ESP,predicted_foreground_scarcity,0.8000000000000002,0.8333333333333334,0.8305137735154188,0.9889818002951304,0.9757548877795738
P2,F1,37,ESP,predicted_foreground_scarcity,0.8500000000000002,0.8666666666666667,0.864426909488623,0.9985951795376291,0.9862651472973137
P2,F1,37,ESP,predicted_foreground_scarcity,0.9000000000000002,0.9333333333333333,0.9322095726572704,0.9989877029021151,0.996135745666953
P2,F1,37,ESP,predicted_foreground_scarcity,0.9500000000000003,0.9666666666666667,0.9661004513314394,0.9997579931136252,0.9981261770371759
P2,F1,37,ESP,predicted_foreground_scarcity,1.0000000000000004,1.0333333333333334,1.0,1.0,1.0
P2,F1,37,KHM,georisk_v2,0.1,0.1,0.11023559871639514,0.05284762251399188,0.05958385838975834
P2,F1,37,KHM,georisk_v2,0.15000000000000002,0.16666666666666666,0.17182142296126746,0.10640690355282727,0.1187995339518013
P2,F1,37,KHM,georisk_v2,0.20000000000000004,0.23333333333333334,0.23696282707239352,0.13209347378898859,0.14871379486040526
P2,F1,37,KHM,georisk_v2,0.25000000000000006,0.26666666666666666,0.2692969907095732,0.1497802812446582,0.16825777073611625
P2,F1,37,KHM,georisk_v2,0.30000000000000004,0.3333333333333333,0.3179372279071855,0.2039698219574563,0.22403271838883196
P2,F1,37,KHM,georisk_v2,0.3500000000000001,0.36666666666666664,0.3498769972173601,0.2487641910175205,0.26406309941055117
P2,F1,37,KHM,georisk_v2,0.40000000000000013,0.43333333333333335,0.41765643934293795,0.26112693220522276,0.2844052006418258
P2,F1,37,KHM,georisk_v2,0.45000000000000007,0.4666666666666667,0.4536972364346304,0.2625874601581696,0.2868773701769534
P2,F1,37,KHM,georisk_v2,0.5000000000000001,0.5333333333333333,0.5156501054710291,0.36586283363354005,0.3839119544213413
P2,F1,37,KHM,georisk_v2,0.5500000000000002,0.5666666666666667,0.5444716069745523,0.36594132538260365,0.39253455870912723
P2,F1,37,KHM,georisk_v2,0.6000000000000002,0.6333333333333333,0.6177979556572865,0.3678553612190292,0.3949794114538115
P2,F1,37,KHM,georisk_v2,0.6500000000000001,0.6666666666666666,0.6500343622368835,0.3679198988793704,0.3950233558558291
P2,F1,37,KHM,georisk_v2,0.7000000000000002,0.7333333333333333,0.7087250628338045,0.36982928335288845,0.39739754125132276
P2,F1,37,KHM,georisk_v2,0.7500000000000002,0.7666666666666667,0.7454832592792064,0.48483539408090814,0.5076077261384866
P2,F1,37,KHM,georisk_v2,0.8000000000000002,0.8333333333333334,0.819012415286567,0.5578298136082599,0.5764335673471714
P2,F1,37,KHM,georisk_v2,0.8500000000000002,0.8666666666666667,0.8556170335712041,0.6767814429225444,0.6869733352494676
P2,F1,37,KHM,georisk_v2,0.9000000000000002,0.9333333333333333,0.9291492751671828,0.9113589770722694,0.9034078289921411
P2,F1,37,KHM,georisk_v2,0.9500000000000003,0.9666666666666667,0.9632396997441767,0.9956689997127783,0.9863012234359059
P2,F1,37,KHM,georisk_v2,1.0000000000000004,1.0333333333333334,1.0,1.0,1.0
P2,F1,37,KHM,soft_dice_risk_binary,0.1,0.1,0.08263935640231587,0.1909250746834457,0.18578386717863873
P2,F1,37,KHM,soft_dice_risk_binary,0.15000000000000002,0.16666666666666666,0.1561626217404964,0.34210192764107294,0.3347227286385668
P2,F1,37,KHM,soft_dice_risk_binary,0.20000000000000004,0.23333333333333334,0.22486788070553387,0.4989842586250804,0.48086815135402206
P2,F1,37,KHM,soft_dice_risk_binary,0.25000000000000006,0.26666666666666666,0.261472498990171,0.6179358879393648,0.5914079192563182
P2,F1,37,KHM,soft_dice_risk_binary,0.30000000000000004,0.3333333333333333,0.3305734145684664,0.7581122676208163,0.7212713471809666
P2,F1,37,KHM,soft_dice_risk_binary,0.3500000000000001,0.36666666666666664,0.3673393249854136,0.827746077447518,0.7882515235049105
P2,F1,37,KHM,soft_dice_risk_binary,0.40000000000000013,0.43333333333333335,0.4408724081055608,0.8599945579053982,0.8281203791570514
P2,F1,37,KHM,soft_dice_risk_binary,0.45000000000000007,0.4666666666666667,0.47758081437098876,0.8709688672652196,0.8423441131722751
P2,F1,37,KHM,soft_dice_risk_binary,0.5000000000000001,0.5333333333333333,0.5346771071765181,0.9596598923442055,0.9322038830223772
P2,F1,37,KHM,soft_dice_risk_binary,0.5500000000000002,0.5666666666666667,0.5714392307347067,0.9653624632687685,0.9388353308241476
P2,F1,37,KHM,soft_dice_risk_binary,0.6000000000000002,0.6333333333333333,0.6313399028320094,0.9842731605894672,0.9646027841747895
P2,F1,37,KHM,soft_dice_risk_binary,0.6500000000000001,0.6666666666666666,0.6601614043355325,0.9843516523385308,0.9732253884625754
P2,F1,37,KHM,soft_dice_risk_binary,0.7000000000000002,0.7333333333333333,0.7324560443875948,0.9881396060063049,0.9791905441148351
P2,F1,37,KHM,soft_dice_risk_binary,0.7500000000000002,0.7666666666666667,0.7692163446434181,0.9924706062935266,0.9928893206789291
P2,F1,37,KHM,soft_dice_risk_binary,0.8000000000000002,0.8333333333333334,0.834306135272205,0.9961219261758936,0.99767688512577
P2,F1,37,KHM,soft_dice_risk_binary,0.8500000000000002,0.8666666666666667,0.8710693808626184,0.9994825358765436,0.999522550010511
P2,F1,37,KHM,soft_dice_risk_binary,0.9000000000000002,0.9333333333333333,0.9330727413491315,0.9998278995724235,0.999968526306663
P2,F1,37,KHM,soft_dice_risk_binary,0.9500000000000003,0.9666666666666667,0.96979952089224,1.0,1.0
P2,F1,37,KHM,soft_dice_risk_binary,1.0000000000000004,1.0333333333333334,1.0,1.0,1.0
P2,F1,37,KHM,predicted_foreground_fraction,0.1,0.1,0.09916366523046542,0.000236638087917736,7.541809535460163e-05
P2,F1,37,KHM,predicted_foreground_fraction,0.15000000000000002,0.16666666666666666,0.165693864727795,0.003878073824106386,0.002323114874229934
P2,F1,37,KHM,predicted_foreground_fraction,0.20000000000000004,0.23333333333333334,0.23833423095911316,0.007080537185902184,0.007208663460704797
P2,F1,37,KHM,predicted_foreground_fraction,0.25000000000000006,0.26666666666666666,0.2668244524482743,0.008989921659420232,0.009582848856198476
P2,F1,37,KHM,predicted_foreground_fraction,0.30000000000000004,0.3333333333333333,0.3398404189668327,0.01701991829881053,0.019707282775100865
P2,F1,37,KHM,predicted_foreground_fraction,0.3500000000000001,0.36666666666666664,0.3686619204703559,0.017098410047874154,0.028329887062886815
P2,F1,37,KHM,predicted_foreground_fraction,0.40000000000000013,0.43333333333333335,0.42004286163098603,0.03035479433417484,0.04421460070572334
P2,F1,37,KHM,predicted_foreground_fraction,0.45000000000000007,0.4666666666666667,0.4568031618868094,0.0346857946213965,0.05791337726981744
P2,F1,37,KHM,predicted_foreground_fraction,0.5000000000000001,0.5333333333333333,0.5302783200933531,0.061097396050760325,0.09101004426507739
P2,F1,37,KHM,predicted_foreground_fraction,0.5500000000000002,0.5666666666666667,0.5618039192585611,0.07113271152363532,0.10785915937922
P2,F1,37,KHM,predicted_foreground_fraction,0.6000000000000002,0.6333333333333333,0.6309044140747723,0.10563070736764256,0.14839905792703567
P2,F1,37,KHM,predicted_foreground_fraction,0.6500000000000001,0.6666666666666666,0.6676694829675508,0.1418014495972501,0.18712773449979989
P2,F1,37,KHM,predicted_foreground_fraction,0.7000000000000002,0.7333333333333333,0.724428324581482,0.2247178076266072,0.26750085810352586
P2,F1,37,KHM,predicted_foreground_fraction,0.7500000000000002,0.7666666666666667,0.7611942349984292,0.294351617453309,0.3344810344274698
P2,F1,37,KHM,predicted_foreground_fraction,0.8000000000000002,0.8333333333333334,0.8209190285444998,0.4284701783681391,0.466183001117613
P2,F1,37,KHM,predicted_foreground_fraction,0.8500000000000002,0.8666666666666667,0.8576845181993626,0.5405581402920824,0.5722980428113491
P2,F1,37,KHM,predicted_foreground_fraction,0.9000000000000002,0.9333333333333333,0.9312094665858803,0.7780538232458838,0.7928276797474504
P2,F1,37,KHM,predicted_foreground_fraction,0.9500000000000003,0.9666666666666667,0.9633953817153629,0.8810483706857155,0.8894602320977039
P2,F1,37,KHM,predicted_foreground_fraction,1.0000000000000004,1.0333333333333334,1.0,1.0,1.0
P2,F1,37,KHM,predicted_foreground_scarcity,0.1,0.1,0.1055572853552354,0.344435748979898,0.3174917723014871
P2,F1,37,KHM,predicted_foreground_scarcity,0.15000000000000002,0.16666666666666666,0.1790809714555002,0.571529821631861,0.533816998882387
P2,F1,37,KHM,predicted_foreground_scarcity,0.20000000000000004,0.23333333333333334,0.23880576500157086,0.7056483825466909,0.6655189655725302
P2,F1,37,KHM,predicted_foreground_scarcity,0.25000000000000006,0.26666666666666666,0.275571675418518,0.7752821923733928,0.7324991418964741
P2,F1,37,KHM,predicted_foreground_scarcity,0.30000000000000004,0.3333333333333333,0.33233051703244915,0.8581985504027498,0.8128722655002001
P2,F1,37,KHM,predicted_foreground_scarcity,0.3500000000000001,0.36666666666666664,0.3690955859252278,0.8943692926323574,0.8516009420729643
P2,F1,37,KHM,predicted_foreground_scarcity,0.40000000000000013,0.43333333333333335,0.4381960807414389,0.9288672884763647,0.89214084062078
P2,F1,37,KHM,predicted_foreground_scarcity,0.45000000000000007,0.4666666666666667,0.4697216799066469,0.9389026039492396,0.9089899557349226
P2,F1,37,KHM,predicted_foreground_scarcity,0.5000000000000001,0.5333333333333333,0.5431968381131906,0.9653142053786035,0.9420866227301825
P2,F1,37,KHM,predicted_foreground_scarcity,0.5500000000000002,0.5666666666666667,0.579957138369014,0.9696452056658251,0.9557853992942766
P2,F1,37,KHM,predicted_foreground_scarcity,0.6000000000000002,0.6333333333333333,0.631338079529644,0.9829015899521258,0.9716701129371131
P2,F1,37,KHM,predicted_foreground_scarcity,0.6500000000000001,0.6666666666666666,0.6601595810331673,0.9829800817011894,0.9802927172248992
P2,F1,37,KHM,predicted_foreground_scarcity,0.7000000000000002,0.7333333333333333,0.7331755475517256,0.9910100783405797,0.9904171511438016
P2,F1,37,KHM,predicted_foreground_scarcity,0.7500000000000002,0.7666666666666667,0.7616657690408869,0.9929194628140978,0.9927913365392952
P2,F1,37,KHM,predicted_foreground_scarcity,0.8000000000000002,0.8333333333333334,0.834306135272205,0.9961219261758936,0.99767688512577
P2,F1,37,KHM,predicted_foreground_scarcity,0.8500000000000002,0.8666666666666667,0.8710693808626184,0.9994825358765436,0.999522550010511
P2,F1,37,KHM,predicted_foreground_scarcity,0.9000000000000002,0.9333333333333333,0.9330727413491315,0.9998278995724235,0.999968526306663
P2,F1,37,KHM,predicted_foreground_scarcity,0.9500000000000003,0.9666666666666667,0.96979952089224,1.0,1.0
P2,F1,37,KHM,predicted_foreground_scarcity,1.0000000000000004,1.0333333333333334,1.0,1.0,1.0
P2,F1,37,NGA,georisk_v2,0.1,0.1111111111111111,0.10212042328874041,0.09411117690958973,0.1405333560235078
P2,F1,37,NGA,georisk_v2,0.15000000000000002,0.16666666666666666,0.15874844982661437,0.10438735106936602,0.15944346478964155
P2,F1,37,NGA,georisk_v2,0.20000000000000004,0.2222222222222222,0.22149732944859343,0.15304057584576555,0.23902582865592992
P2,F1,37,NGA,georisk_v2,0.25000000000000006,0.2777777777777778,0.2755916028730626,0.15390193774760197,0.24269928966061563
P2,F1,37,NGA,georisk_v2,0.30000000000000004,0.3333333333333333,0.32858029736466793,0.1542038366494711,0.24313059858049485
P2,F1,37,NGA,georisk_v2,0.3500000000000001,0.3888888888888889,0.39063697762328137,0.15713521165118643,0.2448147572200233
P2,F1,37,NGA,georisk_v2,0.40000000000000013,0.4444444444444444,0.45583827755528017,0.1583765861567742,0.2451536427999284
P2,F1,37,NGA,georisk_v2,0.45000000000000007,0.5,0.5146824364422694,0.28460727280788145,0.42003180536524826
P2,F1,37,NGA,georisk_v2,0.5000000000000001,0.5555555555555556,0.5746883859244007,0.2858011457380003,0.4201344979652195
P2,F1,37,NGA,georisk_v2,0.5500000000000002,0.5555555555555556,0.5746883859244007,0.2858011457380003,0.4201344979652195
P2,F1,37,NGA,georisk_v2,0.6000000000000002,0.6111111111111112,0.639694686107611,0.28976594390380617,0.4215384525105407
P2,F1,37,NGA,georisk_v2,0.6500000000000001,0.6666666666666666,0.6967022657279485,0.2913155508546589,0.42171302993049176
P2,F1,37,NGA,georisk_v2,0.7000000000000002,0.7222222222222222,0.7488102279358033,0.2914950012508748,0.42243627924171784
P2,F1,37,NGA,georisk_v2,0.7500000000000002,0.7777777777777778,0.8013427623007782,0.34060951910460585,0.4231125833643856
P2,F1,37,NGA,georisk_v2,0.8000000000000002,0.8333333333333334,0.8625955660439775,0.528451860320034,0.563726626430728
P2,F1,37,NGA,georisk_v2,0.8500000000000002,0.8888888888888888,0.9223286651123064,0.7624551769855923,0.7734821300205679
P2,F1,37,NGA,georisk_v2,0.9000000000000002,0.9444444444444444,0.9875302137684746,0.9985390626566892,0.9943166981101628
P2,F1,37,NGA,georisk_v2,0.9500000000000003,1.0,1.0,1.0,1.0
P2,F1,37,NGA,georisk_v2,1.0000000000000004,1.0555555555555556,1.0,1.0,1.0
P2,F1,37,NGA,soft_dice_risk_binary,0.1,0.1111111111111111,0.1040351019445753,0.21454244899122488,0.29769997916807256
P2,F1,37,NGA,soft_dice_risk_binary,0.15000000000000002,0.16666666666666666,0.16376820101290432,0.44854576565678317,0.5074554827579124
P2,F1,37,NGA,soft_dice_risk_binary,0.20000000000000004,0.2222222222222222,0.22651708063488338,0.4971989904331827,0.5870378466242008
P2,F1,37,NGA,soft_dice_risk_binary,0.25000000000000006,0.2777777777777778,0.2917186292910516,0.7332828761042797,0.8078724147137957
P2,F1,37,NGA,soft_dice_risk_binary,0.30000000000000004,0.3333333333333333,0.3529714330342508,0.9211252173197078,0.9484864577801381
P2,F1,37,NGA,soft_dice_risk_binary,0.3500000000000001,0.3888888888888889,0.4099009132654051,0.9269246318891798,0.9661979972008932
P2,F1,37,NGA,soft_dice_risk_binary,0.40000000000000013,0.4444444444444444,0.4665289398032791,0.9372008060489562,0.9851081059670269
P2,F1,37,NGA,soft_dice_risk_binary,0.45000000000000007,0.5,0.4789987260348045,0.9386617433922669,0.9907914078568641
P2,F1,37,NGA,soft_dice_risk_binary,0.5000000000000001,0.5555555555555556,0.5330929994592737,0.9395231052941033,0.9944648688615498
P2,F1,37,NGA,soft_dice_risk_binary,0.5500000000000002,0.5555555555555556,0.5330929994592737,0.9395231052941033,0.9944648688615498
P2,F1,37,NGA,soft_dice_risk_binary,0.6000000000000002,0.6111111111111112,0.5951496797178871,0.9424544802958187,0.9961490275010783
P2,F1,37,NGA,soft_dice_risk_binary,0.6500000000000001,0.6666666666666666,0.6601559799010973,0.9464192784616245,0.9975529820463994
P2,F1,37,NGA,soft_dice_risk_binary,0.7000000000000002,0.7222222222222222,0.7131446743927027,0.9467211773634937,0.9979842909662787
P2,F1,37,NGA,soft_dice_risk_binary,0.7500000000000002,0.7777777777777778,0.7652526366005574,0.9469006277597096,0.9987075402775047
P2,F1,37,NGA,soft_dice_risk_binary,0.8000000000000002,0.8333333333333334,0.8304539365325563,0.9481420022652973,0.9990464258574099
P2,F1,37,NGA,soft_dice_risk_binary,0.8500000000000002,0.8888888888888888,0.8829864708975311,0.9972565201190284,0.9997227299800776
P2,F1,37,NGA,soft_dice_risk_binary,0.9000000000000002,0.9444444444444444,0.9399940505178686,0.9988061270698811,0.9998973074000288
P2,F1,37,NGA,soft_dice_risk_binary,0.9500000000000003,1.0,1.0,1.0,1.0
P2,F1,37,NGA,soft_dice_risk_binary,1.0000000000000004,1.0555555555555556,1.0,1.0,1.0
P2,F1,37,NGA,predicted_foreground_fraction,0.1,0.1111111111111111,0.11701352910246889,0.002743479880971608,0.0002772700199223644
P2,F1,37,NGA,predicted_foreground_fraction,0.15000000000000002,0.16666666666666666,0.1822148290344677,0.003984854386559377,0.0006161555998274764
P2,F1,37,NGA,predicted_foreground_fraction,0.20000000000000004,0.2222222222222222,0.23520352352607302,0.004286753288428511,0.0010474645197067099
P2,F1,37,NGA,predicted_foreground_fraction,0.25000000000000006,0.2777777777777778,0.2877360578910479,0.05340127114215955,0.0017237686423744877
P2,F1,37,NGA,predicted_foreground_fraction,0.30000000000000004,0.3333333333333333,0.3398440200989027,0.05358072153837547,0.0024470179536005493
P2,F1,37,NGA,predicted_foreground_fraction,0.3500000000000001,0.3888888888888889,0.4048503202821129,0.0575455197041813,0.0038509724989217275
P2,F1,37,NGA,predicted_foreground_fraction,0.40000000000000013,0.4444444444444444,0.46690700054072637,0.060476894705896636,0.005535131138450163
P2,F1,37,NGA,predicted_foreground_fraction,0.45000000000000007,0.5,0.5210012739651956,0.061338256607733045,0.00920859214313588
P2,F1,37,NGA,predicted_foreground_fraction,0.5000000000000001,0.5555555555555556,0.5779307541963499,0.06713767117720515,0.026920131563890934
P2,F1,37,NGA,predicted_foreground_fraction,0.5500000000000002,0.5555555555555556,0.5779307541963499,0.06713767117720515,0.026920131563890934
P2,F1,37,NGA,predicted_foreground_fraction,0.6000000000000002,0.6111111111111112,0.6345587807342238,0.07741384533698145,0.045830240330024676
P2,F1,37,NGA,predicted_foreground_fraction,0.6500000000000001,0.6666666666666666,0.6470285669657492,0.07887478268029223,0.05151354221986192
P2,F1,37,NGA,predicted_foreground_fraction,0.7000000000000002,0.7222222222222222,0.7097774465877282,0.12752800745669177,0.1310959060861503
P2,F1,37,NGA,predicted_foreground_fraction,0.7500000000000002,0.7777777777777778,0.7710302503309275,0.3153703486721198,0.27170994915249264
P2,F1,37,NGA,predicted_foreground_fraction,0.8000000000000002,0.8333333333333334,0.8162211933885136,0.40368211101223744,0.3945317657552454
P2,F1,37,NGA,predicted_foreground_fraction,0.8500000000000002,0.8888888888888888,0.8750653522755029,0.5299127976633448,0.5694099283205653
P2,F1,37,NGA,predicted_foreground_fraction,0.9000000000000002,0.9444444444444444,0.940266900931671,0.7659966833344417,0.7902444964101601
P2,F1,37,NGA,predicted_foreground_fraction,0.9500000000000003,1.0,1.0,1.0,1.0
P2,F1,37,NGA,predicted_foreground_fraction,1.0000000000000004,1.0555555555555556,1.0,1.0,1.0
P2,F1,37,NGA,predicted_foreground_scarcity,0.1,0.1111111111111111,0.1249346477244972,0.4700872023366553,0.4305900716794348
P2,F1,37,NGA,predicted_foreground_scarcity,0.15000000000000002,0.16666666666666666,0.18377880661148638,0.5963178889877625,0.6054682342447546
P2,F1,37,NGA,predicted_foreground_scarcity,0.20000000000000004,0.2222222222222222,0.2289697496690725,0.6846296513278801,0.7282900508475073
P2,F1,37,NGA,predicted_foreground_scarcity,0.25000000000000006,0.2777777777777778,0.29022255341227177,0.8724719925433082,0.8689040939138497
P2,F1,37,NGA,predicted_foreground_scarcity,0.30000000000000004,0.3333333333333333,0.3529714330342508,0.9211252173197078,0.9484864577801381
P2,F1,37,NGA,predicted_foreground_scarcity,0.3500000000000001,0.3888888888888889,0.3654412192657762,0.9225861546630185,0.9541697596699753
P2,F1,37,NGA,predicted_foreground_scarcity,0.40000000000000013,0.4444444444444444,0.4220692458036502,0.9328623288227949,0.973079868436109
P2,F1,37,NGA,predicted_foreground_scarcity,0.45000000000000007,0.5,0.4789987260348045,0.9386617433922669,0.9907914078568641
P2,F1,37,NGA,predicted_foreground_scarcity,0.5000000000000001,0.5555555555555556,0.5330929994592737,0.9395231052941033,0.9944648688615498
P2,F1,37,NGA,predicted_foreground_scarcity,0.5500000000000002,0.5555555555555556,0.5330929994592737,0.9395231052941033,0.9944648688615498
P2,F1,37,NGA,predicted_foreground_scarcity,0.6000000000000002,0.6111111111111112,0.5951496797178871,0.9424544802958187,0.9961490275010783
P2,F1,37,NGA,predicted_foreground_scarcity,0.6500000000000001,0.6666666666666666,0.6601559799010973,0.9464192784616245,0.9975529820463994
P2,F1,37,NGA,predicted_foreground_scarcity,0.7000000000000002,0.7222222222222222,0.7122639421089522,0.9465987288578405,0.9982762313576256
P2,F1,37,NGA,predicted_foreground_scarcity,0.7500000000000002,0.7777777777777778,0.764796476473927,0.9957132467115715,0.9989525354802933
P2,F1,37,NGA,predicted_foreground_scarcity,0.8000000000000002,0.8333333333333334,0.8177851709655323,0.9960151456134406,0.9993838444001725
P2,F1,37,NGA,predicted_foreground_scarcity,0.8500000000000002,0.8888888888888888,0.8829864708975311,0.9972565201190284,0.9997227299800776
P2,F1,37,NGA,predicted_foreground_scarcity,0.9000000000000002,0.9444444444444444,0.9399940505178686,0.9988061270698811,0.9998973074000288
P2,F1,37,NGA,predicted_foreground_scarcity,0.9500000000000003,1.0,1.0,1.0,1.0
P2,F1,37,NGA,predicted_foreground_scarcity,1.0000000000000004,1.0555555555555556,1.0,1.0,1.0
P2,F1,71,BOL,georisk_v2,0.1,0.13333333333333333,0.15106495673115392,0.018132290036977125,0.044628319306430894
P2,F1,71,BOL,georisk_v2,0.15000000000000002,0.2,0.19725899065087021,0.051343103909927176,0.1276598486898916
P2,F1,71,BOL,georisk_v2,0.20000000000000004,0.26666666666666666,0.24905485488419982,0.05134531678398587,0.12957592785918967
P2,F1,71,BOL,georisk_v2,0.25000000000000006,0.26666666666666666,0.24905485488419982,0.05134531678398587,0.12957592785918967
P2,F1,71,BOL,georisk_v2,0.30000000000000004,0.3333333333333333,0.341581357539245,0.05477748444902755,0.14213354985887175
P2,F1,71,BOL,georisk_v2,0.3500000000000001,0.4,0.40919313391638823,0.05478854881932105,0.14213354985887175
P2,F1,71,BOL,georisk_v2,0.40000000000000013,0.4666666666666667,0.47965645506320914,0.08240521707188078,0.1870282299466849
P2,F1,71,BOL,georisk_v2,0.45000000000000007,0.4666666666666667,0.47965645506320914,0.08240521707188078,0.1870282299466849
P2,F1,71,BOL,georisk_v2,0.5000000000000001,0.5333333333333333,0.5355996989131274,0.10359348618392081,0.1978630991506528
P2,F1,71,BOL,georisk_v2,0.5500000000000002,0.6,0.6284126306367931,0.12747039727727977,0.2738403639691193
P2,F1,71,BOL,georisk_v2,0.6000000000000002,0.6666666666666666,0.7008636066553511,0.1710618033595854,0.3143529795890311
P2,F1,71,BOL,georisk_v2,0.6500000000000001,0.6666666666666666,0.7008636066553511,0.1710618033595854,0.3143529795890311
P2,F1,71,BOL,georisk_v2,0.7000000000000002,0.7333333333333333,0.7677247901703492,0.356230678843375,0.5762973273702887
P2,F1,71,BOL,georisk_v2,0.7500000000000002,0.8,0.7989087371133473,0.4344823313070783,0.6739228498885151
P2,F1,71,BOL,georisk_v2,0.8000000000000002,0.8666666666666667,0.8610475585550946,0.4949955853162529,0.726275631855031
P2,F1,71,BOL,georisk_v2,0.8500000000000002,0.8666666666666667,0.8610475585550946,0.4949955853162529,0.726275631855031
P2,F1,71,BOL,georisk_v2,0.9000000000000002,0.9333333333333333,0.9449811891515256,0.8403522010351825,0.9432178960075955
P2,F1,71,BOL,georisk_v2,0.9500000000000003,1.0,1.0,1.0,1.0
P2,F1,71,BOL,georisk_v2,1.0000000000000004,1.0666666666666667,1.0,1.0,1.0
P2,F1,71,BOL,soft_dice_risk_binary,0.1,0.13333333333333333,0.11305521743471435,0.21837968935673965,0.3449758771647184
P2,F1,71,BOL,soft_dice_risk_binary,0.15000000000000002,0.2,0.1442391643777125,0.296631341820443,0.44260139968294476
P2,F1,71,BOL,soft_dice_risk_binary,0.20000000000000004,0.26666666666666666,0.20902913645707424,0.31384750199711886,0.4787706161096719
P2,F1,71,BOL,soft_dice_risk_binary,0.25000000000000006,0.26666666666666666,0.20902913645707424,0.31384750199711886,0.4787706161096719
P2,F1,71,BOL,soft_dice_risk_binary,0.30000000000000004,0.3333333333333333,0.27949245760389513,0.34146417024967857,0.523665296197485
P2,F1,71,BOL,soft_dice_risk_binary,0.3500000000000001,0.4,0.3634260882003262,0.6868207859686082,0.7406075603500496
P2,F1,71,BOL,soft_dice_risk_binary,0.40000000000000013,0.4666666666666667,0.45623901992399185,0.7106976970619671,0.8165848251685162
P2,F1,71,BOL,soft_dice_risk_binary,0.45000000000000007,0.4666666666666667,0.45623901992399185,0.7106976970619671,0.8165848251685162
P2,F1,71,BOL,soft_dice_risk_binary,0.5000000000000001,0.5333333333333333,0.52868999594255,0.7542891031442728,0.8570974407884279
P2,F1,71,BOL,soft_dice_risk_binary,0.5500000000000002,0.6,0.5837088067910243,0.9139369021090903,0.9138795447808323
P2,F1,71,BOL,soft_dice_risk_binary,0.6000000000000002,0.6666666666666666,0.6699837914428165,0.9148530319693915,0.9223386476605361
P2,F1,71,BOL,soft_dice_risk_binary,0.6500000000000001,0.6666666666666666,0.6699837914428165,0.9148530319693915,0.9223386476605361
P2,F1,71,BOL,soft_dice_risk_binary,0.7000000000000002,0.7333333333333333,0.7321226128845638,0.9753662859785661,0.9746914296270519
P2,F1,71,BOL,soft_dice_risk_binary,0.7500000000000002,0.8,0.788065856734482,0.9965545550906061,0.9855262988310198
P2,F1,71,BOL,soft_dice_risk_binary,0.8000000000000002,0.8666666666666667,0.8805923593895273,0.9999867227556478,0.998083920830702
P2,F1,71,BOL,soft_dice_risk_binary,0.8500000000000002,0.8666666666666667,0.8805923593895273,0.9999867227556478,0.998083920830702
P2,F1,71,BOL,soft_dice_risk_binary,0.9000000000000002,0.9333333333333333,0.9323882236228568,0.9999889356297065,1.0
P2,F1,71,BOL,soft_dice_risk_binary,0.9500000000000003,1.0,1.0,1.0,1.0
P2,F1,71,BOL,soft_dice_risk_binary,1.0000000000000004,1.0666666666666667,1.0,1.0,1.0
P2,F1,71,BOL,predicted_foreground_fraction,0.1,0.13333333333333333,0.11940764061047275,1.3277244352192184e-05,0.0019160791692980534
P2,F1,71,BOL,predicted_foreground_fraction,0.15000000000000002,0.2,0.20568262526226494,0.0009294071046534528,0.01037518204900179
P2,F1,71,BOL,predicted_foreground_fraction,0.20000000000000004,0.26666666666666666,0.29820912791731014,0.004361574769695132,0.022932804048683877
P2,F1,71,BOL,predicted_foreground_fraction,0.25000000000000006,0.26666666666666666,0.29820912791731014,0.004361574769695132,0.022932804048683877
P2,F1,71,BOL,predicted_foreground_fraction,0.30000000000000004,0.3333333333333333,0.3541523717672284,0.02554984388173516,0.03376767325265179
P2,F1,71,BOL,predicted_foreground_fraction,0.3500000000000001,0.4,0.4189423438465901,0.04276600405841102,0.06993688967937894
P2,F1,71,BOL,predicted_foreground_fraction,0.40000000000000013,0.4666666666666667,0.4913933198651482,0.08635741014071666,0.1104495052992907
P2,F1,71,BOL,predicted_foreground_fraction,0.45000000000000007,0.4666666666666667,0.4913933198651482,0.08635741014071666,0.1104495052992907
P2,F1,71,BOL,predicted_foreground_fraction,0.5000000000000001,0.5333333333333333,0.5618566410119691,0.1139740783932764,0.15534418538710384
P2,F1,71,BOL,predicted_foreground_fraction,0.5500000000000002,0.6,0.6546695727356349,0.13785098948663535,0.23132145020557038
P2,F1,71,BOL,predicted_foreground_fraction,0.6000000000000002,0.6666666666666666,0.7168083941773821,0.19836424349580992,0.28367423217208626
P2,F1,71,BOL,predicted_foreground_fraction,0.6500000000000001,0.6666666666666666,0.7168083941773821,0.19836424349580992,0.28367423217208626
P2,F1,71,BOL,predicted_foreground_fraction,0.7000000000000002,0.7333333333333333,0.7718272050258566,0.35801204246062746,0.34045633616449067
P2,F1,71,BOL,predicted_foreground_fraction,0.7500000000000002,0.8,0.8180212389455728,0.3912228563335775,0.42348786554795137
P2,F1,71,BOL,predicted_foreground_fraction,0.8000000000000002,0.8666666666666667,0.9019548695420038,0.7365794720525071,0.6404301297005159
P2,F1,71,BOL,predicted_foreground_fraction,0.8500000000000002,0.8666666666666667,0.9019548695420038,0.7365794720525071,0.6404301297005159
P2,F1,71,BOL,predicted_foreground_fraction,0.9000000000000002,0.9333333333333333,0.933138816485002,0.8148311245162104,0.7380556522187424
P2,F1,71,BOL,predicted_foreground_fraction,0.9500000000000003,1.0,1.0,1.0,1.0
P2,F1,71,BOL,predicted_foreground_fraction,1.0000000000000004,1.0666666666666667,1.0,1.0,1.0
P2,F1,71,BOL,predicted_foreground_scarcity,0.1,0.13333333333333333,0.09804513045799619,0.26342052794749293,0.359569870299484
P2,F1,71,BOL,predicted_foreground_scarcity,0.15000000000000002,0.2,0.1819787610544272,0.6087771436664225,0.5765121344520486
P2,F1,71,BOL,predicted_foreground_scarcity,0.20000000000000004,0.26666666666666666,0.2281727949741435,0.6419879575393725,0.6595436638355093
P2,F1,71,BOL,predicted_foreground_scarcity,0.25000000000000006,0.26666666666666666,0.2281727949741435,0.6419879575393725,0.6595436638355093
P2,F1,71,BOL,predicted_foreground_scarcity,0.30000000000000004,0.3333333333333333,0.28319160582261793,0.8016357565041901,0.7163257678279138
P2,F1,71,BOL,predicted_foreground_scarcity,0.3500000000000001,0.4,0.3453304272643652,0.8621490105133647,0.7686785497944296
P2,F1,71,BOL,predicted_foreground_scarcity,0.40000000000000013,0.4666666666666667,0.43814335898803086,0.8860259216067236,0.8446558146128962
P2,F1,71,BOL,predicted_foreground_scarcity,0.45000000000000007,0.4666666666666667,0.43814335898803086,0.8860259216067236,0.8446558146128962
P2,F1,71,BOL,predicted_foreground_scarcity,0.5000000000000001,0.5333333333333333,0.5086066801348518,0.9136425898592834,0.8895504947007092
P2,F1,71,BOL,predicted_foreground_scarcity,0.5500000000000002,0.6,0.5810576561534099,0.957233995941589,0.9300631103206211
P2,F1,71,BOL,predicted_foreground_scarcity,0.6000000000000002,0.6666666666666666,0.6458476282327716,0.9744501561182648,0.9662323267473482
P2,F1,71,BOL,predicted_foreground_scarcity,0.6500000000000001,0.6666666666666666,0.6458476282327716,0.9744501561182648,0.9662323267473482
P2,F1,71,BOL,predicted_foreground_scarcity,0.7000000000000002,0.7333333333333333,0.7017908720826899,0.9956384252303049,0.9770671959513161
P2,F1,71,BOL,predicted_foreground_scarcity,0.7500000000000002,0.8,0.7943173747377351,0.9990705928953465,0.9896248179509982
P2,F1,71,BOL,predicted_foreground_scarcity,0.8000000000000002,0.8666666666666667,0.8805923593895273,0.9999867227556478,0.998083920830702
P2,F1,71,BOL,predicted_foreground_scarcity,0.8500000000000002,0.8666666666666667,0.8805923593895273,0.9999867227556478,0.998083920830702
P2,F1,71,BOL,predicted_foreground_scarcity,0.9000000000000002,0.9333333333333333,0.9323882236228568,0.9999889356297065,1.0
P2,F1,71,BOL,predicted_foreground_scarcity,0.9500000000000003,1.0,1.0,1.0,1.0
P2,F1,71,BOL,predicted_foreground_scarcity,1.0000000000000004,1.0666666666666667,1.0,1.0,1.0
P2,F1,71,ESP,georisk_v2,0.1,0.1,0.0961410501977147,0.274491883915396,0.22922200565580028
P2,F1,71,ESP,georisk_v2,0.15000000000000002,0.16666666666666666,0.1522592064341193,0.3866207575012297,0.3286259933207843
P2,F1,71,ESP,georisk_v2,0.20000000000000004,0.23333333333333334,0.22007965524996628,0.3972710280373832,0.3505046756893553
P2,F1,71,ESP,georisk_v2,0.25000000000000006,0.26666666666666666,0.25395202930923955,0.397290703393999,0.35252925831783244
P2,F1,71,ESP,georisk_v2,0.30000000000000004,0.3333333333333333,0.3217717017076783,0.40507230693556323,0.3680902576098642
P2,F1,71,ESP,georisk_v2,0.3500000000000001,0.36666666666666664,0.3556625803818473,0.40584259714707327,0.3698764670874218
P2,F1,71,ESP,georisk_v2,0.40000000000000013,0.43333333333333335,0.42349493426462015,0.416141662567634,0.38426625963126854
P2,F1,71,ESP,georisk_v2,0.45000000000000007,0.4666666666666667,0.4574093642668381,0.4676478111165765,0.4401870116826681
P2,F1,71,ESP,georisk_v2,0.5000000000000001,0.5333333333333333,0.5252339539755289,0.5622370880472208,0.5279218390329679
P2,F1,71,ESP,georisk_v2,0.5500000000000002,0.5666666666666667,0.5591425608471853,0.5646266601082145,0.5359518359102795
P2,F1,71,ESP,georisk_v2,0.6000000000000002,0.6333333333333333,0.6269635272746378,0.66326709296606,0.6293647117154841
P2,F1,71,ESP,georisk_v2,0.6500000000000001,0.6666666666666666,0.6608814511551926,0.666973930152484,0.6430624275444944
P2,F1,71,ESP,georisk_v2,0.7000000000000002,0.7333333333333333,0.7287110875770367,0.8210083620265617,0.7554466278542206
P2,F1,71,ESP,georisk_v2,0.7500000000000002,0.7666666666666667,0.7626312113069149,0.8244358091490408,0.7819012801432782
P2,F1,71,ESP,georisk_v2,0.8000000000000002,0.8333333333333334,0.8304690001115453,0.8707722577471717,0.835704484037342
P2,F1,71,ESP,georisk_v2,0.8500000000000002,0.8666666666666667,0.8643783834006099,0.9396704377766847,0.9001319792678925
P2,F1,71,ESP,georisk_v2,0.9000000000000002,0.9333333333333333,0.9321946913236131,0.9648676832267585,0.9474887785839204
P2,F1,71,ESP,georisk_v2,0.9500000000000003,0.9666666666666667,0.9661054980445928,0.9905194294146581,0.9794657422026156
P2,F1,71,ESP,georisk_v2,1.0000000000000004,1.0333333333333334,1.0,1.0,1.0
P2,F1,71,ESP,soft_dice_risk_binary,0.1,0.1,0.08443215807030252,0.35642793900639447,0.2989962106614775
P2,F1,71,ESP,soft_dice_risk_binary,0.15000000000000002,0.16666666666666666,0.15225894762831657,0.5445587801278898,0.4605067336442249
P2,F1,71,ESP,soft_dice_risk_binary,0.20000000000000004,0.23333333333333334,0.22008431375441556,0.7465873093949827,0.6180284792349175
P2,F1,71,ESP,soft_dice_risk_binary,0.25000000000000006,0.26666666666666666,0.2539936970434801,0.8154854894244958,0.682455974465468
P2,F1,71,ESP,soft_dice_risk_binary,0.30000000000000004,0.3333333333333333,0.3218265685378585,0.8778937530742744,0.7430798287845115
P2,F1,71,ESP,soft_dice_risk_binary,0.3500000000000001,0.36666666666666664,0.35573815167624634,0.9002606984751599,0.7797169875036849
P2,F1,71,ESP,soft_dice_risk_binary,0.40000000000000013,0.43333333333333335,0.4235714113793288,0.9133015248401377,0.8182794067051189
P2,F1,71,ESP,soft_dice_risk_binary,0.45000000000000007,0.4666666666666667,0.4574822181003085,0.9389532710280374,0.8502563703238141
P2,F1,71,ESP,soft_dice_risk_binary,0.5000000000000001,0.5333333333333333,0.525310560493139,0.9545420560747664,0.8769335042203966
P2,F1,71,ESP,soft_dice_risk_binary,0.5500000000000002,0.5666666666666667,0.5592050624485462,0.9640226266601082,0.897467762017781
P2,F1,71,ESP,soft_dice_risk_binary,0.6000000000000002,0.6333333333333333,0.627028616934026,0.9760511559272012,0.923289930879732
P2,F1,71,ESP,soft_dice_risk_binary,0.6500000000000001,0.6666666666666666,0.6609465408145809,0.9797579931136252,0.9369876467087421
P2,F1,71,ESP,soft_dice_risk_binary,0.7000000000000002,0.7333333333333333,0.728763495752091,0.9851893753074275,0.95682982779129
P2,F1,71,ESP,soft_dice_risk_binary,0.7500000000000002,0.7666666666666667,0.7626823254529554,0.9896969995081161,0.9675311931132408
P2,F1,71,ESP,soft_dice_risk_binary,0.8000000000000002,0.8333333333333334,0.8305096326225749,0.9955986227250369,0.9863443967609856
P2,F1,71,ESP,soft_dice_risk_binary,0.8500000000000002,0.8666666666666667,0.864426909488623,0.9985951795376291,0.9925397149533861
P2,F1,71,ESP,soft_dice_risk_binary,0.9000000000000002,0.9333333333333333,0.9321901622220652,0.999385145105755,0.9963505070594209
P2,F1,71,ESP,soft_dice_risk_binary,0.9500000000000003,0.9666666666666667,0.9661004513314394,0.9997579931136252,0.9983599927216731
P2,F1,71,ESP,soft_dice_risk_binary,1.0000000000000004,1.0333333333333334,1.0,1.0,1.0
P2,F1,71,ESP,predicted_foreground_fraction,0.1,0.1,0.10170071645210371,0.0013851451057550418,0.0054357024181367
P2,F1,71,ESP,predicted_foreground_fraction,0.15000000000000002,0.16666666666666666,0.16949036737742504,0.004401377274963108,0.013655603239014375
P2,F1,71,ESP,predicted_foreground_fraction,0.20000000000000004,0.23333333333333334,0.23731120440197614,0.009392031480570585,0.03080814060201934
P2,F1,71,ESP,predicted_foreground_fraction,0.25000000000000006,0.26666666666666666,0.27123003410284063,0.013899655681259223,0.04150950592397009
P2,F1,71,ESP,predicted_foreground_fraction,0.30000000000000004,0.3333333333333333,0.33905345918541907,0.020242006886374817,0.06301235329125783
P2,F1,71,ESP,predicted_foreground_fraction,0.3500000000000001,0.36666666666666664,0.37296659515862335,0.029855386128873587,0.07512012020363423
P2,F1,71,ESP,predicted_foreground_fraction,0.40000000000000013,0.43333333333333335,0.44079687859497435,0.047830791933103786,0.10025656896810646
P2,F1,71,ESP,predicted_foreground_fraction,0.45000000000000007,0.4666666666666667,0.4746983683070555,0.04993310378750615,0.11369843094846294
P2,F1,71,ESP,predicted_foreground_fraction,0.5000000000000001,0.5333333333333333,0.5425364159174886,0.061179537629119526,0.14131713879117797
P2,F1,71,ESP,predicted_foreground_fraction,0.5500000000000002,0.5666666666666667,0.5764503283081011,0.08175897688145597,0.15883915453810832
P2,F1,71,ESP,predicted_foreground_fraction,0.6000000000000002,0.6333333333333333,0.6442649539933865,0.09466699458927694,0.20582806462455036
P2,F1,71,ESP,predicted_foreground_fraction,0.6500000000000001,0.6666666666666666,0.6781757607143661,0.12031874077717658,0.2378050282432455
P2,F1,71,ESP,predicted_foreground_fraction,0.7000000000000002,0.7333333333333333,0.7460063029565198,0.1845145105755042,0.3175440255345319
P2,F1,71,ESP,predicted_foreground_fraction,0.7500000000000002,0.7666666666666667,0.7799274619096089,0.2399881947860305,0.36723767630674176
P2,F1,71,ESP,predicted_foreground_fraction,0.8000000000000002,0.8333333333333334,0.8477512752008916,0.36039252336448596,0.4875859235886919
P2,F1,71,ESP,predicted_foreground_fraction,0.8500000000000002,0.8666666666666667,0.8816707519162629,0.4569306443679292,0.5675569374135401
P2,F1,71,ESP,predicted_foreground_fraction,0.9000000000000002,0.9333333333333333,0.9494890008827865,0.6990457452041319,0.7506974401107323
P2,F1,71,ESP,predicted_foreground_fraction,0.9500000000000003,0.9666666666666667,0.9716940211459869,0.8015612395474668,0.8379936608633399
P2,F1,71,ESP,predicted_foreground_fraction,1.0000000000000004,1.0333333333333334,1.0,1.0,1.0
P2,F1,71,ESP,predicted_foreground_scarcity,0.1,0.1,0.08442193524109443,0.4514766355140187,0.3509035534285608
P2,F1,71,ESP,predicted_foreground_scarcity,0.15000000000000002,0.16666666666666666,0.15224872479910848,0.639607476635514,0.5124140764113081
P2,F1,71,ESP,predicted_foreground_scarcity,0.20000000000000004,0.23333333333333334,0.22007253809039104,0.7600118052139695,0.6327623236932582
P2,F1,71,ESP,predicted_foreground_scarcity,0.25000000000000006,0.26666666666666666,0.2539936970434801,0.8154854894244958,0.682455974465468
P2,F1,71,ESP,predicted_foreground_scarcity,0.30000000000000004,0.3333333333333333,0.32182423928563386,0.8796812592228234,0.7621949717567545
P2,F1,71,ESP,predicted_foreground_scarcity,0.3500000000000001,0.36666666666666664,0.35573504600661354,0.905333005410723,0.7941719353754496
P2,F1,71,ESP,predicted_foreground_scarcity,0.40000000000000013,0.43333333333333335,0.42354967169189894,0.918241023118544,0.8411608454618916
P2,F1,71,ESP,predicted_foreground_scarcity,0.45000000000000007,0.4666666666666667,0.4574635840825114,0.9388204623708805,0.858682861208822
P2,F1,71,ESP,predicted_foreground_scarcity,0.5000000000000001,0.5333333333333333,0.5253016316929445,0.9500668962124938,0.8863015690515371
P2,F1,71,ESP,predicted_foreground_scarcity,0.5500000000000002,0.5666666666666667,0.5592031214050256,0.9521692080668962,0.8997434310318936
P2,F1,71,ESP,predicted_foreground_scarcity,0.6000000000000002,0.6333333333333333,0.6270334048413766,0.9701446138711264,0.9248798797963658
P2,F1,71,ESP,predicted_foreground_scarcity,0.6500000000000001,0.6666666666666666,0.6609465408145809,0.9797579931136252,0.9369876467087421
P2,F1,71,ESP,predicted_foreground_scarcity,0.7000000000000002,0.7333333333333333,0.7287699658971594,0.9861003443187408,0.9584904940760299
P2,F1,71,ESP,predicted_foreground_scarcity,0.7500000000000002,0.7666666666666667,0.7626887955980238,0.9906079685194294,0.9691918593979807
P2,F1,71,ESP,predicted_foreground_scarcity,0.8000000000000002,0.8333333333333334,0.8305096326225749,0.9955986227250369,0.9863443967609856
P2,F1,71,ESP,predicted_foreground_scarcity,0.8500000000000002,0.8666666666666667,0.864426909488623,0.9985951795376291,0.9925397149533861
P2,F1,71,ESP,predicted_foreground_scarcity,0.9000000000000002,0.9333333333333333,0.9322095726572704,0.9989877029021151,0.9965737832441156
P2,F1,71,ESP,predicted_foreground_scarcity,0.9500000000000003,0.9666666666666667,0.9661004513314394,0.9997579931136252,0.9983599927216731
P2,F1,71,ESP,predicted_foreground_scarcity,1.0000000000000004,1.0333333333333334,1.0,1.0,1.0
P2,F1,71,KHM,georisk_v2,0.1,0.1,0.1019022653830618,0.05074869500199427,0.057468761881274595
P2,F1,71,KHM,georisk_v2,0.15000000000000002,0.16666666666666666,0.1634297439522463,0.09984499333110843,0.11542176598127768
P2,F1,71,KHM,georisk_v2,0.20000000000000004,0.23333333333333334,0.22139827655850275,0.16734033906109913,0.18914668043610058
P2,F1,71,KHM,georisk_v2,0.25000000000000006,0.26666666666666666,0.25816502849961853,0.18277763113064166,0.2086595867114687
P2,F1,71,KHM,georisk_v2,0.30000000000000004,0.3333333333333333,0.32418582536690455,0.18538588288100766,0.2124866415939661
P2,F1,71,KHM,georisk_v2,0.3500000000000001,0.36666666666666664,0.34719169359544005,0.18976688531948468,0.21879078167226693
P2,F1,71,KHM,georisk_v2,0.40000000000000013,0.43333333333333335,0.4158977940846461,0.2513724427678865,0.28320655692222324
P2,F1,71,KHM,georisk_v2,0.45000000000000007,0.4666666666666667,0.4460982731924061,0.2513724427678865,0.28320655692222324
P2,F1,71,KHM,georisk_v2,0.5000000000000001,0.5333333333333333,0.5188658498272071,0.25300507114840987,0.2848493839719679
P2,F1,71,KHM,georisk_v2,0.5500000000000002,0.5666666666666667,0.551102256406804,0.25306960880875107,0.28487443098328147
P2,F1,71,KHM,georisk_v2,0.6000000000000002,0.6333333333333333,0.6165233270499528,0.2548900359666637,0.2920654921545054
P2,F1,71,KHM,georisk_v2,0.6500000000000001,0.6666666666666666,0.6480489262151609,0.26492535143953866,0.3081353977208504
P2,F1,71,KHM,georisk_v2,0.7000000000000002,0.7333333333333333,0.7133023932947354,0.2701953456137066,0.3102464112128405
P2,F1,71,KHM,georisk_v2,0.7500000000000002,0.7666666666666667,0.745488308424218,0.37318989305353834,0.4139680117553973
P2,F1,71,KHM,georisk_v2,0.8000000000000002,0.8333333333333334,0.818851123154257,0.6071476330958425,0.643060821850242
P2,F1,71,KHM,georisk_v2,0.8500000000000002,0.8666666666666667,0.8556166128091198,0.7192355950197857,0.7462243236022483
P2,F1,71,KHM,georisk_v2,0.9000000000000002,0.9333333333333333,0.9291492751671828,0.9113589770722694,0.922979797979798
P2,F1,71,KHM,georisk_v2,0.9500000000000003,0.9666666666666667,0.9632396997441767,0.9956689997127783,0.9976256717736881
P2,F1,71,KHM,georisk_v2,1.0000000000000004,1.0333333333333334,1.0,1.0,1.0
P2,F1,71,KHM,soft_dice_risk_binary,0.1,0.1,0.08263935640231587,0.1909250746834457,0.19957330168418674
P2,F1,71,KHM,soft_dice_risk_binary,0.15000000000000002,0.16666666666666666,0.1561626217404964,0.34210192764107294,0.3555654459138691
P2,F1,71,KHM,soft_dice_risk_binary,0.20000000000000004,0.23333333333333334,0.22486788070553387,0.4989842586250804,0.5016145688831345
P2,F1,71,KHM,soft_dice_risk_binary,0.25000000000000006,0.26666666666666666,0.2616346326466496,0.6214738308508622,0.6141321660141599
P2,F1,71,KHM,soft_dice_risk_binary,0.30000000000000004,0.3333333333333333,0.3305734145684664,0.7581122676208163,0.7491182167555515
P2,F1,71,KHM,soft_dice_risk_binary,0.3500000000000001,0.36666666666666664,0.3673401665095822,0.7735495596903588,0.7686311230309196
P2,F1,71,KHM,soft_dice_risk_binary,0.40000000000000013,0.43333333333333335,0.4408724081055608,0.8599945579053982,0.8543991543101411
P2,F1,71,KHM,soft_dice_risk_binary,0.45000000000000007,0.4666666666666667,0.47763453166374936,0.8656971288299613,0.861442502337721
P2,F1,71,KHM,soft_dice_risk_binary,0.5000000000000001,0.5333333333333333,0.5427180108612719,0.8855468200376063,0.8858087487283826
P2,F1,71,KHM,soft_dice_risk_binary,0.5500000000000002,0.5666666666666667,0.5657238790898075,0.8899278224760833,0.8921128888066833
P2,F1,71,KHM,soft_dice_risk_binary,0.6000000000000002,0.6333333333333333,0.6313399028320094,0.9842731605894672,0.9828286681669184
P2,F1,71,KHM,soft_dice_risk_binary,0.6500000000000001,0.6666666666666666,0.6601614043355325,0.9843516523385308,0.9892618966881429
P2,F1,71,KHM,soft_dice_risk_binary,0.7000000000000002,0.7333333333333333,0.7324560443875948,0.9881396060063049,0.9942308383941141
P2,F1,71,KHM,soft_dice_risk_binary,0.7500000000000002,0.7666666666666667,0.760946265876756,0.990048990479823,0.995784395326613
P2,F1,71,KHM,soft_dice_risk_binary,0.8000000000000002,0.8333333333333334,0.8273127889232978,0.9920717519242107,0.9970194056536884
P2,F1,71,KHM,soft_dice_risk_binary,0.8500000000000002,0.8666666666666667,0.8640730891791212,0.9964027522114324,0.9993937338800004
P2,F1,71,KHM,soft_dice_risk_binary,0.9000000000000002,0.9333333333333333,0.9330727413491315,0.9998278995724235,0.9999762374508051
P2,F1,71,KHM,soft_dice_risk_binary,0.9500000000000003,0.9666666666666667,0.96979952089224,1.0,1.0
P2,F1,71,KHM,soft_dice_risk_binary,1.0000000000000004,1.0333333333333334,1.0,1.0,1.0
P2,F1,71,KHM,predicted_foreground_fraction,0.1,0.1,0.09916366523046542,0.000236638087917736,4.8809560508441486e-05
P2,F1,71,KHM,predicted_foreground_fraction,0.15000000000000002,0.16666666666666666,0.165693864727795,0.003878073824106386,0.0010834437970755366
P2,F1,71,KHM,predicted_foreground_fraction,0.20000000000000004,0.23333333333333334,0.23833423095911316,0.007080537185902184,0.0034603409476247726
P2,F1,71,KHM,predicted_foreground_fraction,0.25000000000000006,0.26666666666666666,0.2668244524482743,0.008989921659420232,0.005013897880123719
P2,F1,71,KHM,predicted_foreground_fraction,0.30000000000000004,0.3333333333333333,0.3398385956644675,0.015648347661469157,0.010738103311857128
P2,F1,71,KHM,predicted_foreground_fraction,0.3500000000000001,0.36666666666666664,0.3766007192226561,0.021350918586032188,0.017781451339437097
P2,F1,71,KHM,predicted_foreground_fraction,0.40000000000000013,0.43333333333333335,0.4284280889547148,0.025810412773572815,0.030518819938962362
P2,F1,71,KHM,predicted_foreground_fraction,0.45000000000000007,0.4666666666666667,0.4568031618868094,0.0346857946213965,0.040154854753023626
P2,F1,71,KHM,predicted_foreground_fraction,0.5000000000000001,0.5333333333333333,0.5250371673174453,0.055695419454092794,0.07095497189596885
P2,F1,71,KHM,predicted_foreground_fraction,0.5500000000000002,0.5666666666666667,0.5618039192585611,0.07113271152363532,0.09046787817133697
P2,F1,71,KHM,predicted_foreground_fraction,0.6000000000000002,0.6333333333333333,0.6309044140747723,0.10563070736764256,0.1330940380406301
P2,F1,71,KHM,predicted_foreground_fraction,0.6500000000000001,0.6666666666666666,0.6676694829675508,0.1418014495972501,0.17388341708026347
P2,F1,71,KHM,predicted_foreground_fraction,0.7000000000000002,0.7333333333333333,0.724428324581482,0.2247178076266072,0.2599918308209254
P2,F1,71,KHM,predicted_foreground_fraction,0.7500000000000002,0.7666666666666667,0.7611942349984292,0.294351617453309,0.32422970806744966
P2,F1,71,KHM,predicted_foreground_fraction,0.8000000000000002,0.8333333333333334,0.8209190285444998,0.4284701783681391,0.45150449047956676
P2,F1,71,KHM,predicted_foreground_fraction,0.8500000000000002,0.8666666666666667,0.8576845181993626,0.5405581402920824,0.5546679922315731
P2,F1,71,KHM,predicted_foreground_fraction,0.9000000000000002,0.9333333333333333,0.9310558884251156,0.7819993418321486,0.7810756342673942
P2,F1,71,KHM,predicted_foreground_fraction,0.9500000000000003,0.9666666666666667,0.9678140848705175,0.8970054525601683,0.8962783994574433
P2,F1,71,KHM,predicted_foreground_fraction,1.0000000000000004,1.0333333333333334,1.0,1.0,1.0
P2,F1,71,KHM,predicted_foreground_scarcity,0.1,0.1,0.10554872985952156,0.33695228748213585,0.33281441063740147
P2,F1,71,KHM,predicted_foreground_scarcity,0.15000000000000002,0.16666666666666666,0.1790809714555002,0.571529821631861,0.5484955095204332
P2,F1,71,KHM,predicted_foreground_scarcity,0.20000000000000004,0.23333333333333334,0.23880576500157086,0.7056483825466909,0.6757702919325503
P2,F1,71,KHM,predicted_foreground_scarcity,0.25000000000000006,0.26666666666666666,0.275571675418518,0.7752821923733928,0.7400081691790745
P2,F1,71,KHM,predicted_foreground_scarcity,0.30000000000000004,0.3333333333333333,0.33233051703244915,0.8581985504027498,0.8261165829197366
P2,F1,71,KHM,predicted_foreground_scarcity,0.3500000000000001,0.36666666666666664,0.3690955859252278,0.8943692926323574,0.8669059619593699
P2,F1,71,KHM,predicted_foreground_scarcity,0.40000000000000013,0.43333333333333335,0.4381960807414389,0.9288672884763647,0.909532121828663
P2,F1,71,KHM,predicted_foreground_scarcity,0.45000000000000007,0.4666666666666667,0.4749628326825546,0.9443045805459072,0.9290450281040311
P2,F1,71,KHM,predicted_foreground_scarcity,0.5000000000000001,0.5333333333333333,0.5431968381131906,0.9653142053786035,0.9598451452469764
P2,F1,71,KHM,predicted_foreground_scarcity,0.5500000000000002,0.5666666666666667,0.5715719110452853,0.9741895872264272,0.9694811800610377
P2,F1,71,KHM,predicted_foreground_scarcity,0.6000000000000002,0.6333333333333333,0.623399280777344,0.9786490814139678,0.9822185486605629
P2,F1,71,KHM,predicted_foreground_scarcity,0.6500000000000001,0.6666666666666666,0.6601614043355325,0.9843516523385308,0.9892618966881429
P2,F1,71,KHM,predicted_foreground_scarcity,0.7000000000000002,0.7333333333333333,0.7331755475517256,0.9910100783405797,0.9949861021198763
P2,F1,71,KHM,predicted_foreground_scarcity,0.7500000000000002,0.7666666666666667,0.7616657690408869,0.9929194628140978,0.9965396590523752
P2,F1,71,KHM,predicted_foreground_scarcity,0.8000000000000002,0.8333333333333334,0.834306135272205,0.9961219261758936,0.9989165562029244
P2,F1,71,KHM,predicted_foreground_scarcity,0.8500000000000002,0.8666666666666667,0.8640730891791212,0.9964027522114324,0.9993937338800004
P2,F1,71,KHM,predicted_foreground_scarcity,0.9000000000000002,0.9333333333333333,0.9330727413491315,0.9998278995724235,0.9999762374508051
P2,F1,71,KHM,predicted_foreground_scarcity,0.9500000000000003,0.9666666666666667,0.96979952089224,1.0,1.0
P2,F1,71,KHM,predicted_foreground_scarcity,1.0000000000000004,1.0333333333333334,1.0,1.0,1.0
P2,F1,71,NGA,georisk_v2,0.1,0.1111111111111111,0.11355750676902827,0.01607558872924841,0.0391112169186208
P2,F1,71,NGA,georisk_v2,0.15000000000000002,0.16666666666666666,0.15874844982661437,0.10438735106936602,0.17293814228464865
P2,F1,71,NGA,georisk_v2,0.20000000000000004,0.2222222222222222,0.2117371443182197,0.10468924997123516,0.17339681783914612
P2,F1,71,NGA,georisk_v2,0.25000000000000006,0.2777777777777778,0.26583141774268887,0.10555061187307156,0.17578700948299805
P2,F1,71,NGA,georisk_v2,0.30000000000000004,0.3333333333333333,0.3278880980013023,0.1084819868747869,0.17786453993572193
P2,F1,71,NGA,georisk_v2,0.3500000000000001,0.3888888888888889,0.3878940474834337,0.10967585980490575,0.17808514859342142
P2,F1,71,NGA,georisk_v2,0.40000000000000013,0.4444444444444444,0.45309534741543256,0.11091723431049352,0.1787088838630322
P2,F1,71,NGA,georisk_v2,0.45000000000000007,0.5,0.5181016475986427,0.11488203247629936,0.17995318017696307
P2,F1,71,NGA,georisk_v2,0.5000000000000001,0.5555555555555556,0.5702096098064976,0.11506148287251527,0.18018489862317977
P2,F1,71,NGA,georisk_v2,0.5500000000000002,0.5555555555555556,0.5702096098064976,0.11506148287251527,0.18018489862317977
P2,F1,71,NGA,georisk_v2,0.6000000000000002,0.6111111111111112,0.627217189426835,0.11661108982336803,0.18048486291314525
P2,F1,71,NGA,georisk_v2,0.6500000000000001,0.6666666666666666,0.6797497237918099,0.16572560767709907,0.18093401579177082
P2,F1,71,NGA,georisk_v2,0.7000000000000002,0.7222222222222222,0.7424986034137889,0.2143788324534986,0.2635448160933222
P2,F1,71,NGA,georisk_v2,0.7500000000000002,0.7777777777777778,0.8013427623007782,0.34060951910460585,0.4489481410943142
P2,F1,71,NGA,georisk_v2,0.8000000000000002,0.8333333333333334,0.8625955660439775,0.528451860320034,0.5849700432488196
P2,F1,71,NGA,georisk_v2,0.8500000000000002,0.8888888888888888,0.9223286651123064,0.7624551769855923,0.7984731976352022
P2,F1,71,NGA,georisk_v2,0.9000000000000002,0.9444444444444444,0.9875302137684746,0.9985390626566892,0.9949434591120104
P2,F1,71,NGA,georisk_v2,0.9500000000000003,1.0,1.0,1.0,1.0
P2,F1,71,NGA,georisk_v2,1.0000000000000004,1.0555555555555556,1.0,1.0,1.0
P2,F1,71,NGA,soft_dice_risk_binary,0.1,0.1111111111111111,0.1040351019445753,0.21454244899122488,0.3192302503670198
P2,F1,71,NGA,soft_dice_risk_binary,0.15000000000000002,0.16666666666666666,0.16376820101290432,0.44854576565678317,0.5327334047534024
P2,F1,71,NGA,soft_dice_risk_binary,0.20000000000000004,0.2222222222222222,0.22651708063488338,0.4971989904331827,0.6153442050549538
P2,F1,71,NGA,soft_dice_risk_binary,0.25000000000000006,0.2777777777777778,0.28776988437808265,0.6850413316486108,0.7513661072094592
P2,F1,71,NGA,soft_dice_risk_binary,0.30000000000000004,0.3333333333333333,0.3529714330342508,0.9211252173197078,0.9478363686862675
P2,F1,71,NGA,soft_dice_risk_binary,0.3500000000000001,0.3888888888888889,0.4099009132654051,0.9269246318891798,0.9666134983930484
P2,F1,71,NGA,soft_dice_risk_binary,0.40000000000000013,0.4444444444444444,0.4665289398032791,0.9372008060489562,0.9869475856048883
P2,F1,71,NGA,soft_dice_risk_binary,0.45000000000000007,0.5,0.4789987260348045,0.9386617433922669,0.9920041264928778
P2,F1,71,NGA,soft_dice_risk_binary,0.5000000000000001,0.5555555555555556,0.5330929994592737,0.9395231052941033,0.9943943181367297
P2,F1,71,NGA,soft_dice_risk_binary,0.5500000000000002,0.5555555555555556,0.5330929994592737,0.9395231052941033,0.9943943181367297
P2,F1,71,NGA,soft_dice_risk_binary,0.6000000000000002,0.6111111111111112,0.5951496797178871,0.9424544802958187,0.9964718485894536
P2,F1,71,NGA,soft_dice_risk_binary,0.6500000000000001,0.6666666666666666,0.6481383742094924,0.9427563791976878,0.9969305241439511
P2,F1,71,NGA,soft_dice_risk_binary,0.7000000000000002,0.7222222222222222,0.7131446743927027,0.9467211773634937,0.998174820457882
P2,F1,71,NGA,soft_dice_risk_binary,0.7500000000000002,0.7777777777777778,0.7783459743247014,0.9479625518690814,0.9987985557274928
P2,F1,71,NGA,soft_dice_risk_binary,0.8000000000000002,0.8333333333333334,0.8308785086896763,0.9970770697228125,0.9992477086061183
P2,F1,71,NGA,soft_dice_risk_binary,0.8500000000000002,0.8888888888888888,0.8908844581718077,0.9982709426529314,0.9994683172638178
P2,F1,71,NGA,soft_dice_risk_binary,0.9000000000000002,0.9444444444444444,0.9478920377921451,0.9998205496037841,0.9997682815537833
P2,F1,71,NGA,soft_dice_risk_binary,0.9500000000000003,1.0,1.0,1.0,1.0
P2,F1,71,NGA,soft_dice_risk_binary,1.0000000000000004,1.0555555555555556,1.0,1.0,1.0
P2,F1,71,NGA,predicted_foreground_fraction,0.1,0.1111111111111111,0.11211391168998622,0.0013733233263347679,0.00045232710391620044
P2,F1,71,NGA,predicted_foreground_fraction,0.15000000000000002,0.16666666666666666,0.1691214913103237,0.0029229302771875266,0.0007522913938816807
P2,F1,71,NGA,predicted_foreground_fraction,0.20000000000000004,0.2222222222222222,0.22165402567529854,0.05203744813091857,0.0012014442725072412
P2,F1,71,NGA,predicted_foreground_fraction,0.25000000000000006,0.2777777777777778,0.2746427201669039,0.0523393470327877,0.0016601198270047217
P2,F1,71,NGA,predicted_foreground_fraction,0.30000000000000004,0.3333333333333333,0.3398440200989027,0.05358072153837547,0.002283855096615482
P2,F1,71,NGA,predicted_foreground_fraction,0.3500000000000001,0.3888888888888889,0.4048503202821129,0.0575455197041813,0.0035281514105463636
P2,F1,71,NGA,predicted_foreground_fraction,0.40000000000000013,0.4444444444444444,0.46690700054072637,0.060476894705896636,0.005605681863270246
P2,F1,71,NGA,predicted_foreground_fraction,0.45000000000000007,0.5,0.5210012739651956,0.061338256607733045,0.007995873507122168
P2,F1,71,NGA,predicted_foreground_fraction,0.5000000000000001,0.5555555555555556,0.5779307541963499,0.06713767117720515,0.026773003213903107
P2,F1,71,NGA,predicted_foreground_fraction,0.5500000000000002,0.5555555555555556,0.5779307541963499,0.06713767117720515,0.026773003213903107
P2,F1,71,NGA,predicted_foreground_fraction,0.6000000000000002,0.6111111111111112,0.6345587807342238,0.07741384533698145,0.047107090425742966
P2,F1,71,NGA,predicted_foreground_fraction,0.6500000000000001,0.6666666666666666,0.6470285669657492,0.07887478268029223,0.05216363131373249
P2,F1,71,NGA,predicted_foreground_fraction,0.7000000000000002,0.7222222222222222,0.7097774465877282,0.12752800745669177,0.1347744316152839
P2,F1,71,NGA,predicted_foreground_fraction,0.7500000000000002,0.7777777777777778,0.7710302503309275,0.3153703486721198,0.2707963337697893
P2,F1,71,NGA,predicted_foreground_fraction,0.8000000000000002,0.8333333333333334,0.8162211933885136,0.40368211101223744,0.40462325913581715
P2,F1,71,NGA,predicted_foreground_fraction,0.8500000000000002,0.8888888888888888,0.8814227420446819,0.6397659966833344,0.6010935206126254
P2,F1,71,NGA,predicted_foreground_fraction,0.9000000000000002,0.9444444444444444,0.940266900931671,0.7659966833344417,0.7864968456136174
P2,F1,71,NGA,predicted_foreground_fraction,0.9500000000000003,1.0,1.0,1.0,1.0
P2,F1,71,NGA,predicted_foreground_fraction,1.0000000000000004,1.0555555555555556,1.0,1.0,1.0
P2,F1,71,NGA,predicted_foreground_scarcity,0.1,0.1111111111111111,0.11857725795531819,0.36023400331666555,0.3989064793873745
P2,F1,71,NGA,predicted_foreground_scarcity,0.15000000000000002,0.16666666666666666,0.18377880661148638,0.5963178889877625,0.5953767408641828
P2,F1,71,NGA,predicted_foreground_scarcity,0.20000000000000004,0.2222222222222222,0.2289697496690725,0.6846296513278801,0.7292036662302107
P2,F1,71,NGA,predicted_foreground_scarcity,0.25000000000000006,0.2777777777777778,0.29022255341227177,0.8724719925433082,0.8652255683847161
P2,F1,71,NGA,predicted_foreground_scarcity,0.30000000000000004,0.3333333333333333,0.3529714330342508,0.9211252173197078,0.9478363686862675
P2,F1,71,NGA,predicted_foreground_scarcity,0.3500000000000001,0.3888888888888889,0.3654412192657762,0.9225861546630185,0.952892909574257
P2,F1,71,NGA,predicted_foreground_scarcity,0.40000000000000013,0.4444444444444444,0.4220692458036502,0.9328623288227949,0.9732269967860969
P2,F1,71,NGA,predicted_foreground_scarcity,0.45000000000000007,0.5,0.4789987260348045,0.9386617433922669,0.9920041264928778
P2,F1,71,NGA,predicted_foreground_scarcity,0.5000000000000001,0.5555555555555556,0.5330929994592737,0.9395231052941033,0.9943943181367297
P2,F1,71,NGA,predicted_foreground_scarcity,0.5500000000000002,0.5555555555555556,0.5330929994592737,0.9395231052941033,0.9943943181367297
P2,F1,71,NGA,predicted_foreground_scarcity,0.6000000000000002,0.6111111111111112,0.5951496797178871,0.9424544802958187,0.9964718485894536
P2,F1,71,NGA,predicted_foreground_scarcity,0.6500000000000001,0.6666666666666666,0.6601559799010973,0.9464192784616245,0.9977161449033846
P2,F1,71,NGA,predicted_foreground_scarcity,0.7000000000000002,0.7222222222222222,0.7253572798330962,0.9476606529672122,0.9983398801729952
P2,F1,71,NGA,predicted_foreground_scarcity,0.7500000000000002,0.7777777777777778,0.7783459743247014,0.9479625518690814,0.9987985557274928
P2,F1,71,NGA,predicted_foreground_scarcity,0.8000000000000002,0.8333333333333334,0.8308785086896763,0.9970770697228125,0.9992477086061183
P2,F1,71,NGA,predicted_foreground_scarcity,0.8500000000000002,0.8888888888888888,0.8878860883100138,0.9986266766736652,0.9995476728960838
P2,F1,71,NGA,predicted_foreground_scarcity,0.9000000000000002,0.9444444444444444,0.9399940505178686,0.9988061270698811,0.9997793913423005
P2,F1,71,NGA,predicted_foreground_scarcity,0.9500000000000003,1.0,1.0,1.0,1.0
P2,F1,71,NGA,predicted_foreground_scarcity,1.0000000000000004,1.0555555555555556,1.0,1.0,1.0
P2,F2,13,GHA,georisk_v2,0.1,0.10416666666666667,0.12275822137863182,0.24275931785607954,0.1927174151952524
P2,F2,13,GHA,georisk_v2,0.15000000000000002,0.16666666666666666,0.18557482172864445,0.25935593760169495,0.2100813246391677
P2,F2,13,GHA,georisk_v2,0.20000000000000004,0.20833333333333334,0.24263558635821442,0.5135033615598191,0.4358740160044285
P2,F2,13,GHA,georisk_v2,0.25000000000000006,0.2708333333333333,0.30267777071561036,0.5174621088854577,0.4373670028736334
P2,F2,13,GHA,georisk_v2,0.30000000000000004,0.3125,0.35973853534518035,0.5174621088854577,0.4373670028736334
P2,F2,13,GHA,georisk_v2,0.3500000000000001,0.3541666666666667,0.3928177757655438,0.5174621088854577,0.4373670028736334
P2,F2,13,GHA,georisk_v2,0.40000000000000013,0.4166666666666667,0.46233979521649415,0.5183068262859437,0.4373670028736334
P2,F2,13,GHA,georisk_v2,0.45000000000000007,0.4583333333333333,0.5106406667653435,0.5183068262859437,0.4373670028736334
P2,F2,13,GHA,georisk_v2,0.5000000000000001,0.5208333333333334,0.5627072214047522,0.5183068262859437,0.4401380646526811
P2,F2,13,GHA,georisk_v2,0.5500000000000002,0.5625,0.5944230886437446,0.5183068262859437,0.4401380646526811
P2,F2,13,GHA,georisk_v2,0.6000000000000002,0.6041666666666666,0.6495596545149016,0.5465910113759892,0.44378505547821984
P2,F2,13,GHA,georisk_v2,0.6500000000000001,0.6666666666666666,0.7351508014592566,0.6749361269014796,0.725661627632468
P2,F2,13,GHA,georisk_v2,0.7000000000000002,0.7083333333333334,0.7823598425813867,0.7433461194928926,0.7819653047435302
P2,F2,13,GHA,georisk_v2,0.7500000000000002,0.7708333333333334,0.8358854361662299,0.7545299701579344,0.8018251235336736
P2,F2,13,GHA,georisk_v2,0.8000000000000002,0.8125,0.8669789861823374,0.7613829131672056,0.8018251235336736
P2,F2,13,GHA,georisk_v2,0.8500000000000002,0.8541666666666666,0.9061985755705119,0.7623055245902775,0.8018397766218119
P2,F2,13,GHA,georisk_v2,0.9000000000000002,0.9166666666666666,0.9676316683064439,0.8319860552389788,0.8621111843765518
P2,F2,13,GHA,georisk_v2,0.9500000000000003,0.9583333333333334,0.9932210085935935,0.9995637934735195,0.996193453325844
P2,F2,13,GHA,georisk_v2,1.0000000000000004,1.0208333333333333,1.0,1.0,1.0
P2,F2,13,GHA,soft_dice_risk_binary,0.1,0.10416666666666667,0.11391213115895972,0.7910639977289565,0.8276357242288812
P2,F2,13,GHA,soft_dice_risk_binary,0.15000000000000002,0.16666666666666666,0.17402016055305478,0.8840365721090931,0.9131348653951042
P2,F2,13,GHA,soft_dice_risk_binary,0.20000000000000004,0.20833333333333334,0.23108092518262474,0.91132544468832,0.9474442572105405
P2,F2,13,GHA,soft_dice_risk_binary,0.25000000000000006,0.2708333333333333,0.3163591721591948,0.9353739259279774,0.9741470681612816
P2,F2,13,GHA,soft_dice_risk_binary,0.30000000000000004,0.3125,0.3624745326634916,0.9417404640406573,0.9816527055299127
P2,F2,13,GHA,soft_dice_risk_binary,0.3500000000000001,0.3541666666666667,0.39368486238931505,0.9482281706329149,0.9881993796859355
P2,F2,13,GHA,soft_dice_risk_binary,0.40000000000000013,0.4166666666666667,0.4427666234229842,0.9740768692834443,0.9964441839450998
P2,F2,13,GHA,soft_dice_risk_binary,0.45000000000000007,0.4583333333333333,0.4773657414259967,0.9788751410747298,0.998487475679944
P2,F2,13,GHA,soft_dice_risk_binary,0.5000000000000001,0.5208333333333334,0.5090834588561031,0.9800020079348044,0.9999804625491489
P2,F2,13,GHA,soft_dice_risk_binary,0.5500000000000002,0.5625,0.5483030482442774,0.9809246193578763,1.0
P2,F2,13,GHA,soft_dice_risk_binary,0.6000000000000002,0.6041666666666666,0.5813822886646409,0.9809246193578763,1.0
P2,F2,13,GHA,soft_dice_risk_binary,0.6500000000000001,0.6666666666666666,0.6582135425282752,0.9817624128452436,1.0
P2,F2,13,GHA,soft_dice_risk_binary,0.7000000000000002,0.7083333333333334,0.7065491323692024,0.9845942933108075,1.0
P2,F2,13,GHA,soft_dice_risk_binary,0.7500000000000002,0.7708333333333334,0.7614255831367052,0.9846012172239262,1.0
P2,F2,13,GHA,soft_dice_risk_binary,0.8000000000000002,0.8125,0.7931414503756976,0.9846012172239262,1.0
P2,F2,13,GHA,soft_dice_risk_binary,0.8500000000000002,0.8541666666666666,0.8502022150052676,0.9846012172239262,1.0
P2,F2,13,GHA,soft_dice_risk_binary,0.9000000000000002,0.9166666666666666,0.9118456853543225,0.9870367036634424,1.0
P2,F2,13,GHA,soft_dice_risk_binary,0.9500000000000003,0.9583333333333334,0.94293923537043,0.9938896466727135,1.0
P2,F2,13,GHA,soft_dice_risk_binary,1.0000000000000004,1.0208333333333333,1.0,1.0,1.0
P2,F2,13,GHA,predicted_foreground_fraction,0.1,0.10416666666666667,0.1166846969604625,0.005267366905080075,0.0
P2,F2,13,GHA,predicted_foreground_fraction,0.15000000000000002,0.16666666666666666,0.1695682742287968,0.011377720232366524,0.0
P2,F2,13,GHA,predicted_foreground_fraction,0.20000000000000004,0.20833333333333334,0.19830457193107712,0.011377720232366524,0.0
P2,F2,13,GHA,predicted_foreground_fraction,0.25000000000000006,0.2708333333333333,0.2599141946662255,0.011377720232366524,0.0
P2,F2,13,GHA,predicted_foreground_fraction,0.30000000000000004,0.3125,0.2936042158237051,0.012215513719733844,0.0
P2,F2,13,GHA,predicted_foreground_fraction,0.3500000000000001,0.3541666666666667,0.3165949082740547,0.012215513719733844,0.0
P2,F2,13,GHA,predicted_foreground_fraction,0.40000000000000013,0.4166666666666667,0.4021860552184096,0.019068456729004965,0.0
P2,F2,13,GHA,predicted_foreground_fraction,0.45000000000000007,0.4583333333333333,0.45190286714321787,0.019075380642123704,0.0
P2,F2,13,GHA,predicted_foreground_fraction,0.5000000000000001,0.5208333333333334,0.4971911922196199,0.019997992065195567,0.0001465308813832515
P2,F2,13,GHA,predicted_foreground_fraction,0.5500000000000002,0.5625,0.5542519568491898,0.02592313071655577,0.0031699514005910077
P2,F2,13,GHA,predicted_foreground_fraction,0.6000000000000002,0.6041666666666666,0.5838395601333879,0.051771829367085104,0.007202806880438941
P2,F2,13,GHA,predicted_foreground_fraction,0.6500000000000001,0.6666666666666666,0.6511589814806753,0.05915791368649906,0.017661855569394584
P2,F2,13,GHA,predicted_foreground_fraction,0.7000000000000002,0.7083333333333334,0.7050793187813988,0.06688673170529057,0.027643864833402528
P2,F2,13,GHA,predicted_foreground_fraction,0.7500000000000002,0.7708333333333334,0.7662391274063368,0.08823834878519944,0.050580832132594164
P2,F2,13,GHA,predicted_foreground_fraction,0.8000000000000002,0.8125,0.822272709463401,0.11314193329502101,0.08145326071914101
P2,F2,13,GHA,predicted_foreground_fraction,0.8500000000000002,0.8541666666666666,0.8534830391892245,0.13101774598932334,0.1009988521747625
P2,F2,13,GHA,predicted_foreground_fraction,0.9000000000000002,0.9166666666666666,0.9257776244416777,0.3987931619434039,0.32004949487548945
P2,F2,13,GHA,predicted_foreground_fraction,0.9500000000000003,0.9583333333333334,0.9828383890712475,0.7704359295699558,0.8212306965915289
P2,F2,13,GHA,predicted_foreground_fraction,1.0000000000000004,1.0208333333333333,1.0,1.0,1.0
P2,F2,13,GHA,predicted_foreground_scarcity,0.1,0.10416666666666667,0.09960580045797672,0.7687845762911367,0.8140327740738027
P2,F2,13,GHA,predicted_foreground_scarcity,0.15000000000000002,0.16666666666666666,0.14919690822181397,0.8694184605371572,0.9009760584821028
P2,F2,13,GHA,predicted_foreground_scarcity,0.20000000000000004,0.20833333333333334,0.20625767285138394,0.8967073331163841,0.9352854502975391
P2,F2,13,GHA,predicted_foreground_scarcity,0.25000000000000006,0.2708333333333333,0.26639029890381616,0.9256614068006674,0.9628902402292394
P2,F2,13,GHA,predicted_foreground_scarcity,0.30000000000000004,0.3125,0.32313816356560127,0.935810132454458,0.9779536148354376
P2,F2,13,GHA,predicted_foreground_scarcity,0.3500000000000001,0.3541666666666667,0.3773714008341097,0.9468935863792781,0.9869099079297629
P2,F2,13,GHA,predicted_foreground_scarcity,0.40000000000000013,0.4166666666666667,0.4427666234229842,0.9740768692834443,0.9964441839450998
P2,F2,13,GHA,predicted_foreground_scarcity,0.45000000000000007,0.4583333333333333,0.4742784254655952,0.9788751410747298,0.9987463469037211
P2,F2,13,GHA,predicted_foreground_scarcity,0.5000000000000001,0.5208333333333334,0.5195667505419972,0.9809246193578763,0.9999951156372873
P2,F2,13,GHA,predicted_foreground_scarcity,0.5500000000000002,0.5625,0.5766275151715672,0.9833601057973924,1.0
P2,F2,13,GHA,predicted_foreground_scarcity,0.6000000000000002,0.6041666666666666,0.6336882798011371,0.9833601057973924,1.0
P2,F2,13,GHA,predicted_foreground_scarcity,0.6500000000000001,0.6666666666666666,0.6845523190513091,0.9861919862629563,1.0
P2,F2,13,GHA,predicted_foreground_scarcity,0.7000000000000002,0.7083333333333334,0.7176654070855789,0.9923023395902428,1.0
P2,F2,13,GHA,predicted_foreground_scarcity,0.7500000000000002,0.7708333333333334,0.7749320871026443,0.9923023395902428,1.0
P2,F2,13,GHA,predicted_foreground_scarcity,0.8000000000000002,0.8125,0.8080113275230076,0.9923023395902428,1.0
P2,F2,13,GHA,predicted_foreground_scarcity,0.8500000000000002,0.8541666666666666,0.8417013486804872,0.9931401330776102,1.0
P2,F2,13,GHA,predicted_foreground_scarcity,0.9000000000000002,0.9166666666666666,0.8932224234456217,0.9999930760868813,1.0
P2,F2,13,GHA,predicted_foreground_scarcity,0.9500000000000003,0.9583333333333334,0.9502831880751917,0.9999930760868813,1.0
P2,F2,13,GHA,predicted_foreground_scarcity,1.0000000000000004,1.0208333333333333,1.0,1.0,1.0
P2,F2,13,PAK,georisk_v2,0.1,0.10714285714285714,0.08681193825287926,0.10856918882579564,0.11585691404164442
P2,F2,13,PAK,georisk_v2,0.15000000000000002,0.17857142857142858,0.12443250961427209,0.24422547859501323,0.19939569527757714
P2,F2,13,PAK,georisk_v2,0.20000000000000004,0.21428571428571427,0.1481107587955197,0.24423044005685834,0.20391162337866273
P2,F2,13,PAK,georisk_v2,0.25000000000000006,0.2857142857142857,0.19088287608573284,0.30374069415812677,0.23454037247573883
P2,F2,13,PAK,georisk_v2,0.30000000000000004,0.32142857142857145,0.2346485084624568,0.3363027682476365,0.25324660029521684
P2,F2,13,PAK,georisk_v2,0.3500000000000001,0.35714285714285715,0.2648732426539223,0.3393267792422359,0.2771740837285261
P2,F2,13,PAK,georisk_v2,0.40000000000000013,0.42857142857142855,0.3380546226819066,0.33999905732224944,0.3363443882625127
P2,F2,13,PAK,georisk_v2,0.45000000000000007,0.4642857142857143,0.38590536736248066,0.7664565487575259,0.42289422442762475
P2,F2,13,PAK,georisk_v2,0.5000000000000001,0.5357142857142857,0.46829829337137,0.7885176888518433,0.46214262533630646
P2,F2,13,PAK,georisk_v2,0.5500000000000002,0.5714285714285714,0.5170614498660866,0.8000952600674263,0.5394054311527067
P2,F2,13,PAK,georisk_v2,0.6000000000000002,0.6071428571428571,0.5381836438509768,0.8030622142508068,0.5395192780796249
P2,F2,13,PAK,georisk_v2,0.6500000000000001,0.6785714285714286,0.6177383273603377,0.9395619525336946,0.7051011274771521
P2,F2,13,PAK,georisk_v2,0.7000000000000002,0.7142857142857143,0.6665012978383745,0.9395619525336946,0.7226322456371764
P2,F2,13,PAK,georisk_v2,0.7500000000000002,0.7857142857142857,0.7591078416819479,0.9480931861763751,0.7255490824199408
P2,F2,13,PAK,georisk_v2,0.8000000000000002,0.8214285714285714,0.7734277777219728,0.9480931861763751,0.7255804884687458
P2,F2,13,PAK,georisk_v2,0.8500000000000002,0.8571428571428571,0.8127621207538438,0.9480931861763751,0.8181615945897847
P2,F2,13,PAK,georisk_v2,0.9000000000000002,0.9285714285714286,0.9037062335305482,0.9651085195742073,0.8543897804717189
P2,F2,13,PAK,georisk_v2,0.9500000000000003,0.9642857142857143,0.9518505125317577,0.9917540504134138,0.9478293185934278
P2,F2,13,PAK,georisk_v2,1.0000000000000004,1.0357142857142858,1.0,1.0,1.0
P2,F2,13,PAK,soft_dice_risk_binary,0.1,0.10714285714285714,0.09876964847683962,0.2379442678990938,0.2290155250567926
P2,F2,13,PAK,soft_dice_risk_binary,0.15000000000000002,0.17857142857142858,0.16214348508202034,0.3676889758798532,0.3955395559184699
P2,F2,13,PAK,soft_dice_risk_binary,0.20000000000000004,0.21428571428571427,0.20999422976259435,0.7941464673151297,0.482089392083582
P2,F2,13,PAK,soft_dice_risk_binary,0.25000000000000006,0.2857142857142857,0.3069016652585204,0.8323695693699191,0.6527917360216912
P2,F2,13,PAK,soft_dice_risk_binary,0.30000000000000004,0.32142857142857145,0.3274341863686233,0.8886151815770998,0.6818514912638841
P2,F2,13,PAK,soft_dice_risk_binary,0.3500000000000001,0.35714285714285715,0.3410152641567064,0.894526763365558,0.6914473477591784
P2,F2,13,PAK,soft_dice_risk_binary,0.40000000000000013,0.42857142857142855,0.4206106853189312,0.9202048091449665,0.7804691016823173
P2,F2,13,PAK,soft_dice_risk_binary,0.45000000000000007,0.4642857142857143,0.4691502497645959,0.92087708722498,0.822041550202569
P2,F2,13,PAK,soft_dice_risk_binary,0.5000000000000001,0.5357142857142857,0.5409779864140858,0.9291279982734113,0.8787281597102269
P2,F2,13,PAK,soft_dice_risk_binary,0.5500000000000002,0.5714285714285714,0.5712027206055512,0.9321520092680107,0.9026556431435361
P2,F2,13,PAK,soft_dice_risk_binary,0.6000000000000002,0.6071428571428571,0.6146372432923315,0.9321520092680107,0.9292434806277022
P2,F2,13,PAK,soft_dice_risk_binary,0.6500000000000001,0.6785714285714286,0.6830446912513751,0.9647140833575205,0.9655475644609152
P2,F2,13,PAK,soft_dice_risk_binary,0.7000000000000002,0.7142857142857143,0.7318076617294119,0.9647140833575205,0.9830786826209394
P2,F2,13,PAK,soft_dice_risk_binary,0.7500000000000002,0.7857142857142857,0.793637187859361,0.9817294167553527,0.9927504370675125
P2,F2,13,PAK,soft_dice_risk_binary,0.8000000000000002,0.8214285714285714,0.8424003443540775,0.9817294167553527,0.9956672738502769
P2,F2,13,PAK,soft_dice_risk_binary,0.8500000000000002,0.8571428571428571,0.8646399405341878,0.9849940586494405,0.99723626770516
P2,F2,13,PAK,soft_dice_risk_binary,0.9000000000000002,0.9285714285714286,0.9350344186662529,0.988501812173939,0.9998861530730819
P2,F2,13,PAK,soft_dice_risk_binary,0.9500000000000003,0.9642857142857143,0.9561566126511432,0.9914687663573195,1.0
P2,F2,13,PAK,soft_dice_risk_binary,1.0000000000000004,1.0357142857142858,1.0,1.0,1.0
P2,F2,13,PAK,predicted_foreground_fraction,0.1,0.10714285714285714,0.07928551737377187,0.01149818782606107,0.00014525297572312427
P2,F2,13,PAK,predicted_foreground_fraction,0.15000000000000002,0.17857142857142858,0.14967999550583702,0.01500594135055953,0.002795138343644986
P2,F2,13,PAK,predicted_foreground_fraction,0.20000000000000004,0.21428571428571427,0.1984431520005536,0.01500594135055953,0.005711975126409347
P2,F2,13,PAK,predicted_foreground_fraction,0.25000000000000006,0.2857142857142857,0.24436099736191144,0.01827554470649232,0.011796897082378067
P2,F2,13,PAK,predicted_foreground_fraction,0.30000000000000004,0.32142857142857145,0.29187058745183564,0.03529087810432466,0.021437245480146142
P2,F2,13,PAK,predicted_foreground_fraction,0.3500000000000001,0.35714285714285715,0.34063355792987243,0.03529087810432466,0.03896836364017043
P2,F2,13,PAK,predicted_foreground_fraction,0.40000000000000013,0.42857142857142855,0.4278337129933767,0.06785295219383439,0.08426242894381458
P2,F2,13,PAK,predicted_foreground_fraction,0.45000000000000007,0.4642857142857143,0.4414147907814598,0.07376453398229255,0.0938582854391089
P2,F2,13,PAK,predicted_foreground_fraction,0.5000000000000001,0.5357142857142857,0.4962813405552449,0.076788544976892,0.13538362488615308
P2,F2,13,PAK,predicted_foreground_fraction,0.5500000000000002,0.5714285714285714,0.5448209050009096,0.07746082305690549,0.17695607340640473
P2,F2,13,PAK,predicted_foreground_fraction,0.6000000000000002,0.6071428571428571,0.592970392469152,0.08570677264349168,0.22912675481297698
P2,F2,13,PAK,predicted_foreground_fraction,0.6500000000000001,0.6785714285714286,0.6725658136313767,0.11138481842290013,0.3181485087361159
P2,F2,13,PAK,predicted_foreground_fraction,0.7000000000000002,0.7142857142857143,0.7021346530100661,0.170599865544384,0.3594330684756551
P2,F2,13,PAK,predicted_foreground_fraction,0.7500000000000002,0.7857142857142857,0.7714303306148855,0.2384230489671477,0.4657556295342483
P2,F2,13,PAK,predicted_foreground_fraction,0.8000000000000002,0.8214285714285714,0.8192810752954596,0.6648805404024242,0.5523054656993603
P2,F2,13,PAK,predicted_foreground_fraction,0.8500000000000002,0.8571428571428571,0.8674253542966691,0.6915260712416307,0.6457450038210693
P2,F2,13,PAK,predicted_foreground_fraction,0.9000000000000002,0.9285714285714286,0.9423714745653813,0.7373724594214439,0.8124810255121803
P2,F2,13,PAK,predicted_foreground_fraction,0.9500000000000003,0.9642857142857143,0.9664109681386911,0.8671171674022033,0.8864239502528187
P2,F2,13,PAK,predicted_foreground_fraction,1.0000000000000004,1.0357142857142858,1.0,1.0,1.0
P2,F2,13,PAK,predicted_foreground_scarcity,0.1,0.10714285714285714,0.09696286846648966,0.2626275405785561,0.2801000806088586
P2,F2,13,PAK,predicted_foreground_scarcity,0.15000000000000002,0.17857142857142858,0.1807189247045404,0.33511945959757583,0.44769453430063966
P2,F2,13,PAK,predicted_foreground_scarcity,0.20000000000000004,0.21428571428571427,0.22856966938511442,0.7615769510328523,0.5342443704657517
P2,F2,13,PAK,predicted_foreground_scarcity,0.25000000000000006,0.2857142857142857,0.2978653469899339,0.829400134455616,0.640566931524345
P2,F2,13,PAK,predicted_foreground_scarcity,0.30000000000000004,0.32142857142857145,0.3274341863686233,0.8886151815770998,0.6818514912638841
P2,F2,13,PAK,predicted_foreground_scarcity,0.3500000000000001,0.35714285714285715,0.37339983801667526,0.8922320872621909,0.7338572909142301
P2,F2,13,PAK,predicted_foreground_scarcity,0.40000000000000013,0.42857142857142855,0.4551790949990904,0.9225391769430945,0.8230439265935953
P2,F2,13,PAK,predicted_foreground_scarcity,0.45000000000000007,0.4642857142857143,0.5037186594447551,0.923211455023108,0.8646163751138469
P2,F2,13,PAK,predicted_foreground_scarcity,0.5000000000000001,0.5357142857142857,0.5585852092185402,0.9262354660177075,0.9061417145608911
P2,F2,13,PAK,predicted_foreground_scarcity,0.5500000000000002,0.5714285714285714,0.5721662870066233,0.9321470478061656,0.9157375710561855
P2,F2,13,PAK,predicted_foreground_scarcity,0.6000000000000002,0.6071428571428571,0.6156008096934036,0.9321470478061656,0.9423254085403515
P2,F2,13,PAK,predicted_foreground_scarcity,0.6500000000000001,0.6785714285714286,0.7081294125481644,0.9647091218956754,0.9785627545198539
P2,F2,13,PAK,predicted_foreground_scarcity,0.7000000000000002,0.7142857142857143,0.7556390026380886,0.9817244552935077,0.9882031029176219
P2,F2,13,PAK,predicted_foreground_scarcity,0.7500000000000002,0.7857142857142857,0.8015568479994464,0.9849940586494405,0.9942880248735907
P2,F2,13,PAK,predicted_foreground_scarcity,0.8000000000000002,0.8214285714285714,0.850320004494163,0.9849940586494405,0.997204861656355
P2,F2,13,PAK,predicted_foreground_scarcity,0.8500000000000002,0.8571428571428571,0.8990831609888795,0.9849940586494405,0.9994373082922438
P2,F2,13,PAK,predicted_foreground_scarcity,0.9000000000000002,0.9285714285714286,0.9418366766111184,0.9914687663573195,0.999968593951195
P2,F2,13,PAK,predicted_foreground_scarcity,0.9500000000000003,0.9642857142857143,0.9561566126511432,0.9914687663573195,1.0
P2,F2,13,PAK,predicted_foreground_scarcity,1.0000000000000004,1.0357142857142858,1.0,1.0,1.0
P2,F2,13,USA,georisk_v2,0.1,0.10144927536231885,0.10374389911348995,0.43570613632804633,0.39872224887144875
P2,F2,13,USA,georisk_v2,0.15000000000000002,0.15942028985507245,0.16318219519095087,0.47498688818793516,0.4363338725581815
P2,F2,13,USA,georisk_v2,0.20000000000000004,0.2028985507246377,0.20776536765760542,0.5421790215978265,0.5213082816282074
P2,F2,13,USA,georisk_v2,0.25000000000000006,0.2608695652173913,0.2672061582315834,0.5931386073888478,0.5652037008563455
P2,F2,13,USA,georisk_v2,0.30000000000000004,0.30434782608695654,0.3112310170232379,0.6389591085459186,0.6037627275631671
P2,F2,13,USA,georisk_v2,0.3500000000000001,0.36231884057971014,0.3706701068041361,0.6584950871096595,0.6422941331906858
P2,F2,13,USA,georisk_v2,0.40000000000000013,0.4057971014492754,0.41524488869159687,0.6640815890273397,0.6477934900798894
P2,F2,13,USA,georisk_v2,0.45000000000000007,0.463768115942029,0.47468874069311856,0.6782324034510786,0.6584727200410265
P2,F2,13,USA,georisk_v2,0.5000000000000001,0.5072463768115942,0.5192712328425412,0.6836523667131483,0.6613038806695718
P2,F2,13,USA,georisk_v2,0.5500000000000002,0.5507246376811594,0.5638532714471425,0.6976639846486159,0.6820684873868341
P2,F2,13,USA,georisk_v2,0.6000000000000002,0.6086956521739131,0.6232960462797136,0.7857989754144202,0.7412079802822322
P2,F2,13,USA,georisk_v2,0.6500000000000001,0.6521739130434783,0.6678735494361021,0.80505531817583,0.76461316218085
P2,F2,13,USA,georisk_v2,0.7000000000000002,0.7101449275362319,0.7267896453449577,0.8239114710334594,0.7850951131865794
P2,F2,13,USA,georisk_v2,0.7500000000000002,0.7536231884057971,0.7713729878909202,0.8619295118925999,0.8080878203009408
P2,F2,13,USA,georisk_v2,0.8000000000000002,0.8115942028985508,0.8308095831753013,0.9115468458324323,0.8801981720369717
P2,F2,13,USA,georisk_v2,0.8500000000000002,0.855072463768116,0.8753886170454617,0.9396993355853337,0.9156636378618707
P2,F2,13,USA,georisk_v2,0.9000000000000002,0.9130434782608695,0.9348240217746868,0.9765690054162348,0.9615532990156768
P2,F2,13,USA,georisk_v2,0.9500000000000003,0.9565217391304348,0.9687785981269733,0.9848064547400133,0.9765082720528999
P2,F2,13,USA,georisk_v2,1.0000000000000004,1.0144927536231885,1.0,1.0,1.0
P2,F2,13,USA,soft_dice_risk_binary,0.1,0.10144927536231885,0.10402747801299746,0.4126877599059429,0.44541015921710814
P2,F2,13,USA,soft_dice_risk_binary,0.15000000000000002,0.15942028985507245,0.16318871489775683,0.6442634890096915,0.6102094874724595
P2,F2,13,USA,soft_dice_risk_binary,0.20000000000000004,0.2028985507246377,0.20776961964030494,0.7015316585013013,0.6938654503570946
P2,F2,13,USA,soft_dice_risk_binary,0.25000000000000006,0.2608695652173913,0.25712737182681616,0.7784787315222876,0.7678024761376893
P2,F2,13,USA,soft_dice_risk_binary,0.30000000000000004,0.30434782608695654,0.3017062356176685,0.8068561727428419,0.812256761870389
P2,F2,13,USA,soft_dice_risk_binary,0.3500000000000001,0.36231884057971014,0.35758641587905776,0.840986654536687,0.8614333314612379
P2,F2,13,USA,soft_dice_risk_binary,0.40000000000000013,0.4057971014492754,0.4021664135319633,0.8517445545588093,0.8916894617296136
P2,F2,13,USA,soft_dice_risk_binary,0.45000000000000007,0.463768115942029,0.4616070340266333,0.8835024819230989,0.9211105147003987
P2,F2,13,USA,soft_dice_risk_binary,0.5000000000000001,0.5072463768115942,0.5061848773416378,0.8995771906668755,0.9375828056939934
P2,F2,13,USA,soft_dice_risk_binary,0.5500000000000002,0.5507246376811594,0.5469324779478004,0.9093818433094959,0.9501384276424396
P2,F2,13,USA,soft_dice_risk_binary,0.6000000000000002,0.6086956521739131,0.6063653881805086,0.934397440773137,0.965278461910992
P2,F2,13,USA,soft_dice_risk_binary,0.6500000000000001,0.6521739130434783,0.6509455559127221,0.9440504686696047,0.9747699854621052
P2,F2,13,USA,soft_dice_risk_binary,0.7000000000000002,0.7101449275362319,0.7103882173590879,0.9522605758260442,0.9836961975901529
P2,F2,13,USA,soft_dice_risk_binary,0.7500000000000002,0.7536231884057971,0.7474426591786417,0.961798020924215,0.9871387047739353
P2,F2,13,USA,soft_dice_risk_binary,0.8000000000000002,0.8115942028985508,0.8068253393223928,0.9741243670909674,0.991559918867683
P2,F2,13,USA,soft_dice_risk_binary,0.8500000000000002,0.855072463768116,0.8514000078236482,0.9796387851129356,0.9942796744763734
P2,F2,13,USA,soft_dice_risk_binary,0.9000000000000002,0.9130434782608695,0.9108411952493448,0.9860356094444818,0.9975214684838881
P2,F2,13,USA,soft_dice_risk_binary,0.9500000000000003,0.9565217391304348,0.9554233472401514,0.9940530786037598,0.9992615964799697
P2,F2,13,USA,soft_dice_risk_binary,1.0000000000000004,1.0144927536231885,1.0,1.0,1.0
P2,F2,13,USA,predicted_foreground_fraction,0.1,0.10144927536231885,0.10401857719587977,0.016896216589735752,0.0032040451991341714
P2,F2,13,USA,predicted_foreground_fraction,0.15000000000000002,0.15942028985507245,0.16339842268449778,0.022559773706280494,0.006393359155973472
P2,F2,13,USA,predicted_foreground_fraction,0.20000000000000004,0.2028985507246377,0.20798051798220177,0.026437390165270972,0.009220836973945035
P2,F2,13,USA,predicted_foreground_fraction,0.25000000000000006,0.2608695652173913,0.25988979994704864,0.03937147814242287,0.013318884439849115
P2,F2,13,USA,predicted_foreground_fraction,0.30000000000000004,0.30434782608695654,0.30447200863095797,0.04953655026360335,0.01796014646537652
P2,F2,13,USA,predicted_foreground_fraction,0.3500000000000001,0.36231884057971014,0.36391518031524767,0.06000362905130136,0.027879796745684436
P2,F2,13,USA,predicted_foreground_fraction,0.40000000000000013,0.4057971014492754,0.40793856508623305,0.07572040396809418,0.03737408240472799
P2,F2,13,USA,predicted_foreground_fraction,0.45000000000000007,0.463768115942029,0.46737102177411993,0.09363076640095051,0.053163212036898076
P2,F2,13,USA,predicted_foreground_fraction,0.5000000000000001,0.5072463768115942,0.5119469942167366,0.10545625377508333,0.06773333136916769
P2,F2,13,USA,predicted_foreground_fraction,0.5500000000000002,0.5507246376811594,0.5532543258254657,0.1212339271554949,0.08546974709219088
P2,F2,13,USA,predicted_foreground_fraction,0.6000000000000002,0.6086956521739131,0.6122279652335217,0.15608897638382438,0.11774681966289394
P2,F2,13,USA,predicted_foreground_fraction,0.6500000000000001,0.6521739130434783,0.6568079628864273,0.16684687640594667,0.14800294993126956
P2,F2,13,USA,predicted_foreground_fraction,0.7000000000000002,0.7101449275362319,0.7162503408672798,0.21421345284346113,0.2032414257264574
P2,F2,13,USA,predicted_foreground_fraction,0.7500000000000002,0.7536231884057971,0.7577340447183856,0.2423758852026676,0.24922223644196304
P2,F2,13,USA,predicted_foreground_fraction,0.8000000000000002,0.8115942028985508,0.8070906630428435,0.3322160329497973,0.33354110522986724
P2,F2,13,USA,predicted_foreground_fraction,0.8500000000000002,0.855072463768116,0.8516719079440076,0.39449030471602675,0.4223981173472347
P2,F2,13,USA,predicted_foreground_fraction,0.9000000000000002,0.9130434782608695,0.9108406283183181,0.6497729357285071,0.5946109432874793
P2,F2,13,USA,predicted_foreground_fraction,0.9500000000000003,0.9565217391304348,0.9554161472161136,0.7741623975600844,0.7636583935396137
P2,F2,13,USA,predicted_foreground_fraction,1.0000000000000004,1.0144927536231885,1.0,1.0,1.0
P2,F2,13,USA,predicted_foreground_scarcity,0.1,0.10144927536231885,0.10402084491998619,0.41152944627139837,0.4534303999440213
P2,F2,13,USA,predicted_foreground_scarcity,0.15000000000000002,0.15942028985507245,0.16318871489775683,0.6442634890096915,0.6102094874724595
P2,F2,13,USA,predicted_foreground_scarcity,0.20000000000000004,0.2028985507246377,0.20776961964030494,0.7015316585013013,0.6938654503570946
P2,F2,13,USA,predicted_foreground_scarcity,0.25000000000000006,0.2608695652173913,0.25712737182681616,0.7784787315222876,0.7678024761376893
P2,F2,13,USA,predicted_foreground_scarcity,0.30000000000000004,0.30434782608695654,0.2986112457572299,0.7963841226519914,0.8121149736633009
P2,F2,13,USA,predicted_foreground_scarcity,0.3500000000000001,0.36231884057971014,0.35804965522089616,0.835447379998956,0.862657865976999
P2,F2,13,USA,predicted_foreground_scarcity,0.40000000000000013,0.4057971014492754,0.4021664135319633,0.8517445545588093,0.8916894617296136
P2,F2,13,USA,predicted_foreground_scarcity,0.45000000000000007,0.463768115942029,0.4616026686577284,0.8877666172022003,0.9211243252400502
P2,F2,13,USA,predicted_foreground_scarcity,0.5000000000000001,0.5072463768115942,0.502913118387104,0.8960276802159534,0.9376711931477626
P2,F2,13,USA,predicted_foreground_scarcity,0.5500000000000002,0.5507246376811594,0.5474841018366865,0.9099821281651665,0.9510094123431238
P2,F2,13,USA,predicted_foreground_scarcity,0.6000000000000002,0.6086956521739131,0.6063649346356873,0.9272922057423523,0.9659275572746097
P2,F2,13,USA,predicted_foreground_scarcity,0.6500000000000001,0.6521739130434783,0.6509455559127221,0.9440504686696047,0.9747699854621052
P2,F2,13,USA,predicted_foreground_scarcity,0.7000000000000002,0.7101449275362319,0.7103882173590879,0.9522605758260442,0.9836961975901529
P2,F2,13,USA,predicted_foreground_scarcity,0.7500000000000002,0.7536231884057971,0.7549672512292482,0.9632657981800059,0.987944319586936
P2,F2,13,USA,predicted_foreground_scarcity,0.8000000000000002,0.8115942028985508,0.8068805017112813,0.9754032348269613,0.9918766405770227
P2,F2,13,USA,predicted_foreground_scarcity,0.8500000000000002,0.855072463768116,0.8514006314477774,0.9783039902164754,0.9944325111151827
P2,F2,13,USA,predicted_foreground_scarcity,0.9000000000000002,0.9130434782608695,0.9108411952493448,0.9860356094444818,0.9975214684838881
P2,F2,13,USA,predicted_foreground_scarcity,0.9500000000000003,0.9565217391304348,0.9554233472401514,0.9940530786037598,0.9992615964799697
P2,F2,13,USA,predicted_foreground_scarcity,1.0000000000000004,1.0144927536231885,1.0,1.0,1.0
P2,F2,37,GHA,georisk_v2,0.1,0.10416666666666667,0.12347250398335263,0.23040186391741158,0.1889605562965433
P2,F2,37,GHA,georisk_v2,0.15000000000000002,0.16666666666666666,0.18405494414599533,0.25935593760169495,0.21376569967767034
P2,F2,37,GHA,georisk_v2,0.20000000000000004,0.20833333333333334,0.23096185994270937,0.2601937310890623,0.21597650605757474
P2,F2,37,GHA,georisk_v2,0.25000000000000006,0.2708333333333333,0.26763330082801495,0.2601937310890623,0.21597650605757474
P2,F2,37,GHA,georisk_v2,0.30000000000000004,0.3125,0.29200521536224566,0.26020065500218104,0.21597650605757474
P2,F2,37,GHA,georisk_v2,0.3500000000000001,0.3541666666666667,0.3403408052031727,0.26020065500218104,0.21597650605757474
P2,F2,37,GHA,georisk_v2,0.40000000000000013,0.4166666666666667,0.41717205906680715,0.26020065500218104,0.21597650605757474
P2,F2,37,GHA,georisk_v2,0.45000000000000007,0.4583333333333333,0.4517711770698197,0.26303253546774497,0.21597650605757474
P2,F2,37,GHA,georisk_v2,0.5000000000000001,0.5208333333333334,0.5373623240141746,0.5135085544946582,0.44791145659664333
P2,F2,37,GHA,georisk_v2,0.5500000000000002,0.5625,0.5944230886437446,0.5203614975039293,0.44791145659664333
P2,F2,37,GHA,georisk_v2,0.6000000000000002,0.6041666666666666,0.6514838532733146,0.6426551129636425,0.7413026564410359
P2,F2,37,GHA,georisk_v2,0.6500000000000001,0.6666666666666666,0.7272232767102296,0.7135005919945716,0.8040996304323663
P2,F2,37,GHA,georisk_v2,0.7000000000000002,0.7083333333333334,0.7603363647444995,0.7182988637858572,0.8042958764032455
P2,F2,37,GHA,georisk_v2,0.7500000000000002,0.7708333333333334,0.8118424203111804,0.7256849481052712,0.8079655023896855
P2,F2,37,GHA,georisk_v2,0.8000000000000002,0.8125,0.8447451307323274,0.7718155192588644,0.85491518006002
P2,F2,37,GHA,georisk_v2,0.8500000000000002,0.8541666666666666,0.9018058953618974,0.7877751389975559,0.8659431616094254
P2,F2,37,GHA,georisk_v2,0.9000000000000002,0.9166666666666666,0.9412314001375671,0.8061373565884495,0.8785619512059576
P2,F2,37,GHA,georisk_v2,0.9500000000000003,0.9583333333333334,0.9932210085935935,0.9995637934735195,0.9989892464154718
P2,F2,37,GHA,georisk_v2,1.0000000000000004,1.0208333333333333,1.0,1.0,1.0
P2,F2,37,GHA,soft_dice_risk_binary,0.1,0.10416666666666667,0.11391213115895972,0.7910639977289565,0.8502990580193398
P2,F2,37,GHA,soft_dice_risk_binary,0.15000000000000002,0.16666666666666666,0.17402016055305478,0.8840365721090931,0.9404992636434367
P2,F2,37,GHA,soft_dice_risk_binary,0.20000000000000004,0.20833333333333334,0.23108092518262474,0.9053881891890021,0.9609748388351673
P2,F2,37,GHA,soft_dice_risk_binary,0.25000000000000006,0.2708333333333333,0.31384454476591817,0.9377090156272719,0.9883815438479493
P2,F2,37,GHA,soft_dice_risk_binary,0.30000000000000004,0.3125,0.3624745326634916,0.9417404640406573,0.9946006307658108
P2,F2,37,GHA,soft_dice_risk_binary,0.3500000000000001,0.3541666666666667,0.38353101355645913,0.9421766705671377,0.9975269534289207
P2,F2,37,GHA,soft_dice_risk_binary,0.40000000000000013,0.4166666666666667,0.4222291755548397,0.9482281706329149,0.9992931671668334
P2,F2,37,GHA,soft_dice_risk_binary,0.45000000000000007,0.4583333333333333,0.4792899401844096,0.9541533092842751,1.0
P2,F2,37,GHA,soft_dice_risk_binary,0.5000000000000001,0.5208333333333334,0.5125750959922684,0.9549911027716425,1.0
P2,F2,37,GHA,soft_dice_risk_binary,0.5500000000000002,0.5625,0.5462651171497479,0.9549911027716425,1.0
P2,F2,37,GHA,soft_dice_risk_binary,0.6000000000000002,0.6041666666666666,0.5524320218017814,0.9549911027716425,1.0
P2,F2,37,GHA,soft_dice_risk_binary,0.6500000000000001,0.6666666666666666,0.6292979939574935,0.9578229832372064,1.0
P2,F2,37,GHA,soft_dice_risk_binary,0.7000000000000002,0.7083333333333334,0.6702549128015811,0.9578299071503251,1.0
P2,F2,37,GHA,soft_dice_risk_binary,0.7500000000000002,0.7708333333333334,0.7558460597459361,0.9578299071503251,1.0
P2,F2,37,GHA,soft_dice_risk_binary,0.8000000000000002,0.8125,0.8129068243755061,0.9646828501595962,1.0
P2,F2,37,GHA,soft_dice_risk_binary,0.8500000000000002,0.8541666666666666,0.8699675890050761,0.9646828501595962,1.0
P2,F2,37,GHA,soft_dice_risk_binary,0.9000000000000002,0.9166666666666666,0.9056438447406685,0.9671183365991124,1.0
P2,F2,37,GHA,soft_dice_risk_binary,0.9500000000000003,0.9583333333333334,0.9627046093702385,0.9732286899263988,1.0
P2,F2,37,GHA,soft_dice_risk_binary,1.0000000000000004,1.0208333333333333,1.0,1.0,1.0
P2,F2,37,GHA,predicted_foreground_fraction,0.1,0.10416666666666667,0.12019026494736751,0.005267366905080075,0.0
P2,F2,37,GHA,predicted_foreground_fraction,0.15000000000000002,0.16666666666666666,0.17105430419753948,0.005267366905080075,0.0
P2,F2,37,GHA,predicted_foreground_fraction,0.20000000000000004,0.20833333333333334,0.20416739223180935,0.011377720232366524,0.0
P2,F2,37,GHA,predicted_foreground_fraction,0.25000000000000006,0.2708333333333333,0.26143407224887466,0.011377720232366524,0.0
P2,F2,37,GHA,predicted_foreground_fraction,0.30000000000000004,0.3125,0.2945133126692381,0.011377720232366524,0.0
P2,F2,37,GHA,predicted_foreground_fraction,0.3500000000000001,0.3541666666666667,0.3282033338267176,0.012215513719733844,0.0
P2,F2,37,GHA,predicted_foreground_fraction,0.40000000000000013,0.4166666666666667,0.37780020983343926,0.03806421237026318,0.0
P2,F2,37,GHA,predicted_foreground_fraction,0.45000000000000007,0.4583333333333333,0.43486097446300925,0.0449171553795343,0.0
P2,F2,37,GHA,predicted_foreground_fraction,0.5000000000000001,0.5208333333333334,0.5131081687026025,0.04492407929265303,0.0
P2,F2,37,GHA,predicted_foreground_fraction,0.5500000000000002,0.5625,0.5267787955038179,0.0458466907157249,0.0
P2,F2,37,GHA,predicted_foreground_fraction,0.6000000000000002,0.6041666666666666,0.5838395601333879,0.051771829367085104,0.0007068328331666111
P2,F2,37,GHA,predicted_foreground_fraction,0.6500000000000001,0.6666666666666666,0.6368814919941143,0.05915791368649906,0.0046716961209291984
P2,F2,37,GHA,predicted_foreground_fraction,0.7000000000000002,0.7083333333333334,0.6834755078230433,0.061854777846247586,0.01090293986884517
P2,F2,37,GHA,predicted_foreground_fraction,0.7500000000000002,0.7708333333333334,0.7403886925025903,0.07477479972581304,0.023848227186840057
P2,F2,37,GHA,predicted_foreground_fraction,0.8000000000000002,0.8125,0.7974494571321602,0.09852382172308502,0.04688194676003112
P2,F2,37,GHA,predicted_foreground_fraction,0.8500000000000002,0.8541666666666666,0.8534830391892245,0.13101774598932334,0.07230014171390463
P2,F2,37,GHA,predicted_foreground_fraction,0.9000000000000002,0.9166666666666666,0.9257776244416777,0.3987931619434039,0.2859755335111704
P2,F2,37,GHA,predicted_foreground_fraction,0.9500000000000003,0.9583333333333334,0.9828383890712475,0.7704359295699558,0.8107910970323441
P2,F2,37,GHA,predicted_foreground_fraction,1.0000000000000004,1.0208333333333333,1.0,1.0,1.0
P2,F2,37,GHA,predicted_foreground_scarcity,0.1,0.10416666666666667,0.09960580045797672,0.7687845762911367,0.8344517616983439
P2,F2,37,GHA,predicted_foreground_scarcity,0.15000000000000002,0.16666666666666666,0.17402016055305478,0.8840365721090931,0.9404992636434367
P2,F2,37,GHA,predicted_foreground_scarcity,0.20000000000000004,0.20833333333333334,0.23108092518262474,0.9153759338627819,0.9651237912637546
P2,F2,37,GHA,predicted_foreground_scarcity,0.25000000000000006,0.2708333333333333,0.2908216372232332,0.9331132682947094,0.9853371262643104
P2,F2,37,GHA,predicted_foreground_scarcity,0.30000000000000004,0.3125,0.3447419745239567,0.940842086313501,0.9931174974991663
P2,F2,37,GHA,predicted_foreground_scarcity,0.3500000000000001,0.3541666666666667,0.38353101355645913,0.9421766705671377,0.9975269534289207
P2,F2,37,GHA,predicted_foreground_scarcity,0.40000000000000013,0.4166666666666667,0.4446908221813971,0.9493550374929896,0.9998037540291208
P2,F2,37,GHA,predicted_foreground_scarcity,0.45000000000000007,0.4583333333333333,0.5017515868109671,0.9565887957237913,1.0
P2,F2,37,GHA,predicted_foreground_scarcity,0.5000000000000001,0.5208333333333334,0.5648810871287646,0.9565887957237913,1.0
P2,F2,37,GHA,predicted_foreground_scarcity,0.5500000000000002,0.5625,0.6219418517583346,0.9594206761893552,1.0
P2,F2,37,GHA,predicted_foreground_scarcity,0.6000000000000002,0.6041666666666666,0.6442755086937215,0.9594206761893552,1.0
P2,F2,37,GHA,predicted_foreground_scarcity,0.6500000000000001,0.6666666666666666,0.7059189790427765,0.9655310295166416,1.0
P2,F2,37,GHA,predicted_foreground_scarcity,0.7000000000000002,0.7083333333333334,0.7346552767450567,0.9655310295166416,1.0
P2,F2,37,GHA,predicted_foreground_scarcity,0.7500000000000002,0.7708333333333334,0.7728941560081147,0.9655310295166416,1.0
P2,F2,37,GHA,predicted_foreground_scarcity,0.8000000000000002,0.8125,0.8212297458490418,0.966368823004009,1.0
P2,F2,37,GHA,predicted_foreground_scarcity,0.8500000000000002,0.8541666666666666,0.8510214143296213,0.9922175216545382,1.0
P2,F2,37,GHA,predicted_foreground_scarcity,0.9000000000000002,0.9166666666666666,0.9366125612739763,0.9990704646638094,1.0
P2,F2,37,GHA,predicted_foreground_scarcity,0.9500000000000003,0.9583333333333334,0.9863293731987846,0.9990773885769282,1.0
P2,F2,37,GHA,predicted_foreground_scarcity,1.0000000000000004,1.0208333333333333,1.0,1.0,1.0
P2,F2,37,PAK,georisk_v2,0.1,0.10714285714285714,0.08885886579677826,0.10506639676314229,0.12742408141376035
P2,F2,37,PAK,georisk_v2,0.15000000000000002,0.17857142857142858,0.13266467777632684,0.11400198954619989,0.15918671139970936
P2,F2,37,PAK,georisk_v2,0.20000000000000004,0.21428571428571427,0.15319719888642974,0.1702476017533806,0.19450242036702414
P2,F2,37,PAK,georisk_v2,0.25000000000000006,0.2857142857142857,0.219202427443264,0.206074317736978,0.20744264628681314
P2,F2,37,PAK,georisk_v2,0.30000000000000004,0.32142857142857145,0.2438442430255836,0.206074317736978,0.22177948270226444
P2,F2,37,PAK,georisk_v2,0.3500000000000001,0.35714285714285715,0.2774740125397564,0.2281354578312954,0.2627523839306308
P2,F2,37,PAK,georisk_v2,0.40000000000000013,0.42857142857142855,0.34747915776111815,0.36149707149714594,0.3827943812958904
P2,F2,37,PAK,georisk_v2,0.45000000000000007,0.4642857142857143,0.39532990244169214,0.7879545629324224,0.4789128795221809
P2,F2,37,PAK,georisk_v2,0.5000000000000001,0.5357142857142857,0.4926326233820734,0.8002044122280189,0.6050111007186814
P2,F2,37,PAK,georisk_v2,0.5500000000000002,0.5714285714285714,0.5413955938601103,0.8002044122280189,0.6171546785036599
P2,F2,37,PAK,georisk_v2,0.6000000000000002,0.6071428571428571,0.5901587503548268,0.8002044122280189,0.6173711743555711
P2,F2,37,PAK,georisk_v2,0.6500000000000001,0.6785714285714286,0.6261100080322002,0.8037121657525174,0.6173711743555711
P2,F2,37,PAK,georisk_v2,0.7000000000000002,0.7142857142857143,0.6596990398935092,0.9365949983503139,0.7422199456354861
P2,F2,37,PAK,georisk_v2,0.7500000000000002,0.7857142857142857,0.7523055837370826,0.9451262319929944,0.7429033933248528
P2,F2,37,PAK,georisk_v2,0.8000000000000002,0.8214285714285714,0.7998151738270067,0.9621415653908267,0.7493926088599159
P2,F2,37,PAK,georisk_v2,0.8500000000000002,0.8571428571428571,0.8391495168588777,0.9621415653908267,0.8296856848131697
P2,F2,37,PAK,georisk_v2,0.9000000000000002,0.9285714285714286,0.9037062335305482,0.9651085195742073,0.8532992977327366
P2,F2,37,PAK,georisk_v2,0.9500000000000003,0.9642857142857143,0.9518505125317577,0.9917540504134138,0.9511186326518195
P2,F2,37,PAK,georisk_v2,1.0000000000000004,1.0357142857142858,1.0,1.0,1.0
P2,F2,37,PAK,soft_dice_risk_binary,0.1,0.10714285714285714,0.09876964847683962,0.2379442678990938,0.24850044784926228
P2,F2,37,PAK,soft_dice_risk_binary,0.15000000000000002,0.17857142857142858,0.17065988673072338,0.7941464673151297,0.4249035319953984
P2,F2,37,PAK,soft_dice_risk_binary,0.20000000000000004,0.21428571428571427,0.21942304322543993,0.8057240385307127,0.508356315382101
P2,F2,37,PAK,soft_dice_risk_binary,0.25000000000000006,0.2857142857142857,0.2792899073674138,0.8619696507378934,0.6239651003026697
P2,F2,37,PAK,soft_dice_risk_binary,0.30000000000000004,0.32142857142857145,0.3274341863686233,0.8886151815770998,0.7217844352217526
P2,F2,37,PAK,soft_dice_risk_binary,0.3500000000000001,0.35714285714285715,0.3610639558827961,0.9106763216714173,0.7627573364501189
P2,F2,37,PAK,soft_dice_risk_binary,0.40000000000000013,0.42857142857142855,0.4206106853189312,0.9202048091449665,0.8142550490936182
P2,F2,37,PAK,soft_dice_risk_binary,0.45000000000000007,0.4642857142857143,0.4691502497645959,0.92087708722498,0.8569004869034159
P2,F2,37,PAK,soft_dice_risk_binary,0.5000000000000001,0.5357142857142857,0.5409779864140858,0.9291279982734113,0.9095542590960095
P2,F2,37,PAK,soft_dice_risk_binary,0.5500000000000002,0.5714285714285714,0.5712027206055512,0.9321520092680107,0.9295765878838733
P2,F2,37,PAK,soft_dice_risk_binary,0.6000000000000002,0.6071428571428571,0.6146372432923315,0.9321520092680107,0.9531902008034402
P2,F2,37,PAK,soft_dice_risk_binary,0.6500000000000001,0.6785714285714286,0.6830446912513751,0.9647140833575205,0.9798630557611244
P2,F2,37,PAK,soft_dice_risk_binary,0.7000000000000002,0.7142857142857143,0.7318076617294119,0.9647140833575205,0.992006633546103
P2,F2,37,PAK,soft_dice_risk_binary,0.7500000000000002,0.7857142857142857,0.793637187859361,0.9817294167553527,0.9984958490811662
P2,F2,37,PAK,soft_dice_risk_binary,0.8000000000000002,0.8214285714285714,0.8158767840394713,0.9849940586494405,0.9991000564587221
P2,F2,37,PAK,soft_dice_risk_binary,0.8500000000000002,0.8571428571428571,0.8646399405341878,0.9849940586494405,0.9997835041480888
P2,F2,37,PAK,soft_dice_risk_binary,0.9000000000000002,0.9285714285714286,0.9350344186662529,0.988501812173939,1.0
P2,F2,37,PAK,soft_dice_risk_binary,0.9500000000000003,0.9642857142857143,0.9788778060151098,0.9970330458166194,1.0
P2,F2,37,PAK,soft_dice_risk_binary,1.0000000000000004,1.0357142857142858,1.0,1.0,1.0
P2,F2,37,PAK,predicted_foreground_fraction,0.1,0.10714285714285714,0.07979464502623021,0.012038987167178938,0.0
P2,F2,37,PAK,predicted_foreground_fraction,0.15000000000000002,0.17857142857142858,0.14967999550583702,0.01500594135055953,0.00021649585191117727
P2,F2,37,PAK,predicted_foreground_fraction,0.20000000000000004,0.21428571428571427,0.1984431520005536,0.01500594135055953,0.0008999435412778349
P2,F2,37,PAK,predicted_foreground_fraction,0.25000000000000006,0.2857142857142857,0.268192338270588,0.03528591664247954,0.007993366453896996
P2,F2,37,PAK,predicted_foreground_fraction,0.30000000000000004,0.32142857142857145,0.29187058745183564,0.03529087810432466,0.011765771298310058
P2,F2,37,PAK,predicted_foreground_fraction,0.3500000000000001,0.35714285714285715,0.34063355792987243,0.03529087810432466,0.023909349083288643
P2,F2,37,PAK,predicted_foreground_fraction,0.40000000000000013,0.42857142857142855,0.4278337129933767,0.06785295219383439,0.059858980545088446
P2,F2,37,PAK,predicted_foreground_fraction,0.45000000000000007,0.4642857142857143,0.45247552857569634,0.06785295219383439,0.07419581696053974
P2,F2,37,PAK,predicted_foreground_fraction,0.5000000000000001,0.5357142857142857,0.4962813405552449,0.076788544976892,0.10595844694648873
P2,F2,37,PAK,predicted_foreground_fraction,0.5500000000000002,0.5714285714285714,0.5422469922032969,0.08040545066198304,0.14571585839190276
P2,F2,37,PAK,predicted_foreground_fraction,0.6000000000000002,0.6071428571428571,0.5907865566489616,0.08107772874199654,0.18836129620170056
P2,F2,37,PAK,predicted_foreground_fraction,0.6500000000000001,0.6785714285714286,0.6725658136313767,0.11138481842290013,0.2782155647782474
P2,F2,37,PAK,predicted_foreground_fraction,0.7000000000000002,0.7142857142857143,0.7021346530100661,0.170599865544384,0.3242881460738548
P2,F2,37,PAK,predicted_foreground_fraction,0.7500000000000002,0.7857142857142857,0.7714303306148855,0.2384230489671477,0.44305663842787224
P2,F2,37,PAK,predicted_foreground_fraction,0.8000000000000002,0.8214285714285714,0.8192810752954596,0.6648805404024242,0.5391751366541627
P2,F2,37,PAK,predicted_foreground_fraction,0.8500000000000002,0.8571428571428571,0.8674253542966691,0.6915260712416307,0.6369944715732456
P2,F2,37,PAK,predicted_foreground_fraction,0.9000000000000002,0.9285714285714286,0.9423714745653813,0.7373724594214439,0.7948666428002394
P2,F2,37,PAK,predicted_foreground_fraction,0.9500000000000003,0.9642857142857143,0.9664109681386911,0.8671171674022033,0.875151228720085
P2,F2,37,PAK,predicted_foreground_fraction,1.0000000000000004,1.0357142857142858,1.0,1.0,1.0
P2,F2,37,PAK,predicted_foreground_scarcity,0.1,0.10714285714285714,0.09324030267145994,0.3084739287583694,0.28271245247350046
P2,F2,37,PAK,predicted_foreground_scarcity,0.15000000000000002,0.17857142857142858,0.1807189247045404,0.33511945959757583,0.4608248633458373
P2,F2,37,PAK,predicted_foreground_scarcity,0.20000000000000004,0.21428571428571427,0.22856966938511442,0.7615769510328523,0.5569433615721278
P2,F2,37,PAK,predicted_foreground_scarcity,0.25000000000000006,0.2857142857142857,0.2978653469899339,0.829400134455616,0.6757118539261452
P2,F2,37,PAK,predicted_foreground_scarcity,0.30000000000000004,0.32142857142857145,0.3274341863686233,0.8886151815770998,0.7217844352217526
P2,F2,37,PAK,predicted_foreground_scarcity,0.3500000000000001,0.35714285714285715,0.3610639558827961,0.9106763216714173,0.7627573364501189
P2,F2,37,PAK,predicted_foreground_scarcity,0.40000000000000013,0.42857142857142855,0.45775300779670314,0.919594549338017,0.8542841416080972
P2,F2,37,PAK,predicted_foreground_scarcity,0.45000000000000007,0.4642857142857143,0.5037186594447551,0.923211455023108,0.8940415530535113
P2,F2,37,PAK,predicted_foreground_scarcity,0.5000000000000001,0.5357142857142857,0.5475244714243037,0.9321470478061656,0.9258041830394602
P2,F2,37,PAK,predicted_foreground_scarcity,0.5500000000000002,0.5714285714285714,0.5721662870066233,0.9321470478061656,0.9401410194549116
P2,F2,37,PAK,predicted_foreground_scarcity,0.6000000000000002,0.6071428571428571,0.6156008096934036,0.9321470478061656,0.9637546323744784
P2,F2,37,PAK,predicted_foreground_scarcity,0.6500000000000001,0.6785714285714286,0.7081294125481644,0.9647091218956754,0.98823422870169
P2,F2,37,PAK,predicted_foreground_scarcity,0.7000000000000002,0.7142857142857143,0.7318076617294119,0.9647140833575205,0.992006633546103
P2,F2,37,PAK,predicted_foreground_scarcity,0.7500000000000002,0.7857142857142857,0.8015568479994464,0.9849940586494405,0.9991000564587221
P2,F2,37,PAK,predicted_foreground_scarcity,0.8000000000000002,0.8214285714285714,0.850320004494163,0.9849940586494405,0.9997835041480888
P2,F2,37,PAK,predicted_foreground_scarcity,0.8500000000000002,0.8571428571428571,0.8990831609888795,0.9849940586494405,1.0
P2,F2,37,PAK,predicted_foreground_scarcity,0.9000000000000002,0.9285714285714286,0.9572464843777612,0.9935252922921209,1.0
P2,F2,37,PAK,predicted_foreground_scarcity,0.9500000000000003,0.9642857142857143,0.9788778060151098,0.9970330458166194,1.0
P2,F2,37,PAK,predicted_foreground_scarcity,1.0000000000000004,1.0357142857142858,1.0,1.0,1.0
P2,F2,37,USA,georisk_v2,0.1,0.10144927536231885,0.10373964713079042,0.4128269563942144,0.3653026863539256
P2,F2,37,USA,georisk_v2,0.15000000000000002,0.15942028985507245,0.16318242196336152,0.4496071427683696,0.43142391369745403
P2,F2,37,USA,georisk_v2,0.20000000000000004,0.2028985507246377,0.2077634967852176,0.49645173237486606,0.47081434848587583
P2,F2,37,USA,georisk_v2,0.25000000000000006,0.2608695652173913,0.2672070086281233,0.6203540064974932,0.6291811629566033
P2,F2,37,USA,georisk_v2,0.30000000000000004,0.30434782608695654,0.3117816204362761,0.6409550867616682,0.6475861588166253
P2,F2,37,USA,georisk_v2,0.3500000000000001,0.36231884057971014,0.37066806585244033,0.6534243578940565,0.6639034979233259
P2,F2,37,USA,georisk_v2,0.40000000000000013,0.4057971014492754,0.41525169186391614,0.6688751680921878,0.6781608756316212
P2,F2,37,USA,georisk_v2,0.45000000000000007,0.463768115942029,0.47469310606202336,0.6878605748317835,0.6908482132198525
P2,F2,37,USA,georisk_v2,0.5000000000000001,0.5072463768115942,0.5192699855942826,0.7003634022604516,0.7200534424848655
P2,F2,37,USA,georisk_v2,0.5500000000000002,0.5507246376811594,0.5638512871885494,0.7860897966488446,0.7634921741522117
P2,F2,37,USA,georisk_v2,0.6000000000000002,0.6086956521739131,0.6228289518068942,0.8157610195148505,0.7834920404504984
P2,F2,37,USA,georisk_v2,0.6500000000000001,0.6521739130434783,0.6674021462874805,0.837716779888096,0.8075822241662027
P2,F2,37,USA,georisk_v2,0.7000000000000002,0.7101449275362319,0.7268446376545383,0.8551449259151548,0.8233036356360907
P2,F2,37,USA,georisk_v2,0.7500000000000002,0.7536231884057971,0.7713563768118407,0.8643915497789013,0.8313543888064926
P2,F2,37,USA,georisk_v2,0.8000000000000002,0.8115942028985508,0.8307922350858872,0.8761872093341188,0.8340990939798893
P2,F2,37,USA,georisk_v2,0.8500000000000002,0.855072463768116,0.8753759744835684,0.8987308263051536,0.8549336409746091
P2,F2,37,USA,georisk_v2,0.9000000000000002,0.9130434782608695,0.9247310620942546,0.9844062648362328,0.9804661796740926
P2,F2,37,USA,georisk_v2,0.9500000000000003,0.9565217391304348,0.9662135186971018,0.9917650363277978,0.9985359662384073
P2,F2,37,USA,georisk_v2,1.0000000000000004,1.0144927536231885,1.0,1.0,1.0
P2,F2,37,USA,soft_dice_risk_binary,0.1,0.10144927536231885,0.10401846380967446,0.4240074171843036,0.4557222900811474
P2,F2,37,USA,soft_dice_risk_binary,0.15000000000000002,0.15942028985507245,0.16318792119431957,0.5955347755083779,0.6480101842505112
P2,F2,37,USA,soft_dice_risk_binary,0.20000000000000004,0.2028985507246377,0.20776961964030494,0.7015316585013013,0.7470134379772077
P2,F2,37,USA,soft_dice_risk_binary,0.25000000000000006,0.2608695652173913,0.2672141519590585,0.7782177381067786,0.8365487003715952
P2,F2,37,USA,soft_dice_risk_binary,0.30000000000000004,0.30434782608695654,0.3017082765693643,0.8091255726319819,0.8709272309324644
P2,F2,37,USA,soft_dice_risk_binary,0.3500000000000001,0.36231884057971014,0.35758641587905776,0.840986654536687,0.913617233004841
P2,F2,37,USA,soft_dice_risk_binary,0.40000000000000013,0.4057971014492754,0.40216947495950695,0.8645096182287744,0.9341375809731002
P2,F2,37,USA,soft_dice_risk_binary,0.45000000000000007,0.463768115942029,0.4616070340266333,0.8835024819230989,0.9582296747132815
P2,F2,37,USA,soft_dice_risk_binary,0.5000000000000001,0.5072463768115942,0.5061848773416378,0.8995771906668755,0.9699600900385539
P2,F2,37,USA,soft_dice_risk_binary,0.5500000000000002,0.5507246376811594,0.5502040668230262,0.9186408954311238,0.9779449473645004
P2,F2,37,USA,soft_dice_risk_binary,0.6000000000000002,0.6086956521739131,0.609637203828145,0.9350312819250874,0.9862611939372004
P2,F2,37,USA,soft_dice_risk_binary,0.6500000000000001,0.6521739130434783,0.6509465196954674,0.9430636649938231,0.9908538477920594
P2,F2,37,USA,soft_dice_risk_binary,0.7000000000000002,0.7101449275362319,0.7103854960901602,0.9519237700374588,0.9946299661830167
P2,F2,37,USA,soft_dice_risk_binary,0.7500000000000002,0.7536231884057971,0.7549669677637348,0.9571784374697061,0.9966851525202296
P2,F2,37,USA,soft_dice_risk_binary,0.8000000000000002,0.8115942028985508,0.8144031095032948,0.9712335543077585,0.9987985946039899
P2,F2,37,USA,soft_dice_risk_binary,0.8500000000000002,0.855072463768116,0.8589239762501254,0.9770773211635833,0.9995444591622442
P2,F2,37,USA,soft_dice_risk_binary,0.9000000000000002,0.9130434782608695,0.9108335983735882,0.9878911483461718,0.999894948653767
P2,F2,37,USA,soft_dice_risk_binary,0.9500000000000003,0.9565217391304348,0.9554172810781667,0.9946359638983965,1.0
P2,F2,37,USA,soft_dice_risk_binary,1.0000000000000004,1.0144927536231885,1.0,1.0,1.0
P2,F2,37,USA,predicted_foreground_fraction,0.1,0.10144927536231885,0.09650299934859626,0.016880059854489957,0.00010505134623300198
P2,F2,37,USA,predicted_foreground_fraction,0.15000000000000002,0.15942028985507245,0.15587507788214977,0.023786442759172674,0.0006169379060592662
P2,F2,37,USA,predicted_foreground_fraction,0.20000000000000004,0.2028985507246377,0.2004578534970857,0.0315081193808739,0.001591050389310739
P2,F2,37,USA,predicted_foreground_fraction,0.25000000000000006,0.2608695652173913,0.2598940519297482,0.044662187522526216,0.003910775116583119
P2,F2,37,USA,predicted_foreground_fraction,0.30000000000000004,0.30434782608695654,0.3044751834447069,0.048516190291542076,0.0060805629224138505
P2,F2,37,USA,predicted_foreground_fraction,0.3500000000000001,0.36231884057971014,0.3639137062945785,0.058733461095824356,0.010655071544741846
P2,F2,37,USA,predicted_foreground_fraction,0.40000000000000013,0.4057971014492754,0.4052235890929274,0.06764327917098549,0.015451143006397628
P2,F2,37,USA,predicted_foreground_fraction,0.45000000000000007,0.463768115942029,0.4646564993256355,0.09265887663462662,0.024324161714132368
P2,F2,37,USA,predicted_foreground_fraction,0.5000000000000001,0.5072463768115942,0.508675858886332,0.10601303972816914,0.03353525475428967
P2,F2,37,USA,predicted_foreground_fraction,0.5500000000000002,0.5507246376811594,0.5532543258254657,0.1212339271554949,0.04669532340056938
P2,F2,37,USA,predicted_foreground_fraction,0.6000000000000002,0.6086956521739131,0.6126943793891091,0.15030113668846584,0.07146643084231125
P2,F2,37,USA,predicted_foreground_fraction,0.6500000000000001,0.6521739130434783,0.6568079628864273,0.16684687640594667,0.09466558813951201
P2,F2,37,USA,predicted_foreground_fraction,0.7000000000000002,0.7101449275362319,0.7131522895792974,0.1991280334270424,0.1425900122910075
P2,F2,37,USA,predicted_foreground_fraction,0.7500000000000002,0.7536231884057971,0.7577340447183856,0.2423758852026676,0.19605923749912854
P2,F2,37,USA,predicted_foreground_fraction,0.8000000000000002,0.8115942028985508,0.8070908331221516,0.2959429194972024,0.2794232108084465
P2,F2,37,USA,predicted_foreground_fraction,0.8500000000000002,0.855072463768116,0.8516719079440076,0.39449030471602675,0.3817078865865666
P2,F2,37,USA,predicted_foreground_fraction,0.9000000000000002,0.9130434782608695,0.9108406283183181,0.6497729357285071,0.5617429737362084
P2,F2,37,USA,predicted_foreground_fraction,0.9500000000000003,0.9565217391304348,0.9554161472161136,0.7741623975600844,0.747101299103148
P2,F2,37,USA,predicted_foreground_fraction,1.0000000000000004,1.0144927536231885,1.0,1.0,1.0
P2,F2,37,USA,predicted_foreground_scarcity,0.1,0.10144927536231885,0.10402084491998619,0.41152944627139837,0.4886138665867003
P2,F2,37,USA,predicted_foreground_scarcity,0.15000000000000002,0.15942028985507245,0.16318871489775683,0.6442634890096915,0.655670337415374
P2,F2,37,USA,predicted_foreground_scarcity,0.20000000000000004,0.2028985507246377,0.207769109402381,0.7238105535794626,0.7493990585489353
P2,F2,37,USA,predicted_foreground_scarcity,0.25000000000000006,0.2608695652173913,0.25712754190612414,0.7682216902927849,0.8236894605804373
P2,F2,37,USA,predicted_foreground_scarcity,0.30000000000000004,0.30434782608695654,0.2986114725296406,0.8021955760373245,0.8681481453184823
P2,F2,37,USA,predicted_foreground_scarcity,0.3500000000000001,0.36231884057971014,0.35758641587905776,0.840986654536687,0.913617233004841
P2,F2,37,USA,predicted_foreground_scarcity,0.40000000000000013,0.4057971014492754,0.4021664135319633,0.8517445545588093,0.9357467765949421
P2,F2,37,USA,predicted_foreground_scarcity,0.45000000000000007,0.463768115942029,0.4616070340266333,0.8835024819230989,0.9582296747132815
P2,F2,37,USA,predicted_foreground_scarcity,0.5000000000000001,0.5072463768115942,0.5061848773416378,0.8995771906668755,0.9699600900385539
P2,F2,37,USA,predicted_foreground_scarcity,0.5500000000000002,0.5507246376811594,0.5502040668230262,0.9186408954311238,0.9779449473645004
P2,F2,37,USA,predicted_foreground_scarcity,0.6000000000000002,0.6086956521739131,0.6063653881805086,0.934397440773137,0.986012890755195
P2,F2,37,USA,predicted_foreground_scarcity,0.6500000000000001,0.6521739130434783,0.6509465196954674,0.9430636649938231,0.9908538477920594
P2,F2,37,USA,predicted_foreground_scarcity,0.7000000000000002,0.7101449275362319,0.7103859496349815,0.9534934590078771,0.9946691216847944
P2,F2,37,USA,predicted_foreground_scarcity,0.7500000000000002,0.7536231884057971,0.7549671378430429,0.9615767979339264,0.9967329031321537
P2,F2,37,USA,predicted_foreground_scarcity,0.8000000000000002,0.8115942028985508,0.8144031095032948,0.9712335543077585,0.9987985946039899
P2,F2,37,USA,predicted_foreground_scarcity,0.8500000000000002,0.855072463768116,0.8589844110975614,0.9792634517249179,0.9995492342234366
P2,F2,37,USA,predicted_foreground_scarcity,0.9000000000000002,0.9130434782608695,0.9183583038104002,0.9865091260697623,0.9999617995104607
P2,F2,37,USA,predicted_foreground_scarcity,0.9500000000000003,0.9565217391304348,0.962941419583952,0.990064850649625,1.0
P2,F2,37,USA,predicted_foreground_scarcity,1.0000000000000004,1.0144927536231885,1.0,1.0,1.0
P2,F2,71,GHA,georisk_v2,0.1,0.10416666666666667,0.12275822137863182,0.24275931785607954,0.19322123208556838
P2,F2,71,GHA,georisk_v2,0.15000000000000002,0.16666666666666666,0.20803646835520187,0.26048280446176963,0.21269195611697214
P2,F2,71,GHA,georisk_v2,0.20000000000000004,0.20833333333333334,0.21708662377125543,0.26048280446176963,0.21289276803973828
P2,F2,71,GHA,georisk_v2,0.25000000000000006,0.2708333333333333,0.30267777071561036,0.26737209801491413,0.2187227397814845
P2,F2,71,GHA,georisk_v2,0.30000000000000004,0.3125,0.33575701113597384,0.270203978480478,0.2187227397814845
P2,F2,71,GHA,georisk_v2,0.3500000000000001,0.3541666666666667,0.3928177757655438,0.270203978480478,0.2187227397814845
P2,F2,71,GHA,georisk_v2,0.40000000000000013,0.4166666666666667,0.4355789574499578,0.270203978480478,0.2187227397814845
P2,F2,71,GHA,georisk_v2,0.45000000000000007,0.4583333333333333,0.4926397220795277,0.270203978480478,0.2187227397814845
P2,F2,71,GHA,georisk_v2,0.5000000000000001,0.5208333333333334,0.5782308690238827,0.5219886170868328,0.4406986327117803
P2,F2,71,GHA,georisk_v2,0.5500000000000002,0.5625,0.6352916336534526,0.5219886170868328,0.4406986327117803
P2,F2,71,GHA,georisk_v2,0.6000000000000002,0.6041666666666666,0.6450339782156321,0.5219886170868328,0.4406986327117803
P2,F2,71,GHA,georisk_v2,0.6500000000000001,0.6666666666666666,0.7232811724552254,0.5288484840092227,0.4406986327117803
P2,F2,71,GHA,georisk_v2,0.7000000000000002,0.7083333333333334,0.7701880882519394,0.5336467558005082,0.44480483490850203
P2,F2,71,GHA,georisk_v2,0.7500000000000002,0.7708333333333334,0.819960297075392,0.7243503638516344,0.781905399912928
P2,F2,71,GHA,georisk_v2,0.8000000000000002,0.8125,0.8689031849407504,0.7355342145166762,0.8036027265439626
P2,F2,71,GHA,georisk_v2,0.8500000000000002,0.8541666666666666,0.8998816966034845,0.8075134843207987,0.8502408939825502
P2,F2,71,GHA,georisk_v2,0.9000000000000002,0.9166666666666666,0.9676316683064439,0.8319860552389788,0.86545279875593
P2,F2,71,GHA,georisk_v2,0.9500000000000003,0.9583333333333334,0.9932210085935935,0.9995637934735195,0.9979549313785497
P2,F2,71,GHA,georisk_v2,1.0000000000000004,1.0208333333333333,1.0,1.0,1.0
P2,F2,71,GHA,soft_dice_risk_binary,0.1,0.10416666666666667,0.11391213115895972,0.7910639977289565,0.8262543114319818
P2,F2,71,GHA,soft_dice_risk_binary,0.15000000000000002,0.16666666666666666,0.17402016055305478,0.8840365721090931,0.9164943700369333
P2,F2,71,GHA,soft_dice_risk_binary,0.20000000000000004,0.20833333333333334,0.23108092518262474,0.9077855941063652,0.948116625138761
P2,F2,71,GHA,soft_dice_risk_binary,0.25000000000000006,0.2708333333333333,0.3163591721591948,0.9353739259279774,0.9783444422489007
P2,F2,71,GHA,soft_dice_risk_binary,0.30000000000000004,0.3125,0.3705924094277032,0.9464573798527977,0.9889039363956348
P2,F2,71,GHA,soft_dice_risk_binary,0.3500000000000001,0.3541666666666667,0.39368486238931505,0.9482281706329149,0.9932543258904403
P2,F2,71,GHA,soft_dice_risk_binary,0.40000000000000013,0.4166666666666667,0.44666051387425665,0.9530264424242004,0.9973878385086582
P2,F2,71,GHA,soft_dice_risk_binary,0.45000000000000007,0.4583333333333333,0.4792899401844096,0.9541533092842751,0.9991276730075039
P2,F2,71,GHA,soft_dice_risk_binary,0.5000000000000001,0.5208333333333334,0.5090834588561031,0.9800020079348044,1.0
P2,F2,71,GHA,soft_dice_risk_binary,0.5500000000000002,0.5625,0.566144223485673,0.9808398014221718,1.0
P2,F2,71,GHA,soft_dice_risk_binary,0.6000000000000002,0.6041666666666666,0.5992234639060364,0.9836716818877357,1.0
P2,F2,71,GHA,soft_dice_risk_binary,0.6500000000000001,0.6666666666666666,0.650744538671171,0.9836716818877357,1.0
P2,F2,71,GHA,soft_dice_risk_binary,0.7000000000000002,0.7083333333333334,0.6990454102200204,0.9836716818877357,1.0
P2,F2,71,GHA,soft_dice_risk_binary,0.7500000000000002,0.7708333333333334,0.7846365571643753,0.9905246248970068,1.0
P2,F2,71,GHA,soft_dice_risk_binary,0.8000000000000002,0.8125,0.8416973217939453,0.9905246248970068,1.0
P2,F2,71,GHA,soft_dice_risk_binary,0.8500000000000002,0.8541666666666666,0.8987580864235153,0.992960111336523,1.0
P2,F2,71,GHA,soft_dice_risk_binary,0.9000000000000002,0.9166666666666666,0.9370308133004798,0.992960111336523,1.0
P2,F2,71,GHA,soft_dice_risk_binary,0.9500000000000003,0.9583333333333334,0.9607804106118255,0.9929670352496417,1.0
P2,F2,71,GHA,soft_dice_risk_binary,1.0000000000000004,1.0208333333333333,1.0,1.0,1.0
P2,F2,71,GHA,predicted_foreground_fraction,0.1,0.10416666666666667,0.14265191157392493,0.005267366905080075,0.0
P2,F2,71,GHA,predicted_foreground_fraction,0.15000000000000002,0.16666666666666666,0.1935159508240969,0.011377720232366524,0.0
P2,F2,71,GHA,predicted_foreground_fraction,0.20000000000000004,0.20833333333333334,0.22662903885836677,0.011377720232366524,0.0
P2,F2,71,GHA,predicted_foreground_fraction,0.25000000000000006,0.2708333333333333,0.2599141946662255,0.011377720232366524,0.0
P2,F2,71,GHA,predicted_foreground_fraction,0.30000000000000004,0.3125,0.2936042158237051,0.011377720232366524,0.0
P2,F2,71,GHA,predicted_foreground_fraction,0.3500000000000001,0.3541666666666667,0.34193980566463217,0.012215513719733844,0.0
P2,F2,71,GHA,predicted_foreground_fraction,0.40000000000000013,0.4166666666666667,0.4021860552184096,0.019068456729004965,0.0
P2,F2,71,GHA,predicted_foreground_fraction,0.45000000000000007,0.4583333333333333,0.4592468198479796,0.019068456729004965,0.0
P2,F2,71,GHA,predicted_foreground_fraction,0.5000000000000001,0.5208333333333334,0.4971911922196199,0.019997992065195567,2.7310421496193408e-05
P2,F2,71,GHA,predicted_foreground_fraction,0.5500000000000002,0.5625,0.5523277580907769,0.04697355757579954,0.0017591124434312815
P2,F2,71,GHA,predicted_foreground_fraction,0.6000000000000002,0.6041666666666666,0.5838395601333879,0.051771829367085104,0.003531076849919595
P2,F2,71,GHA,predicted_foreground_fraction,0.6500000000000001,0.6666666666666666,0.6267276431612583,0.05310641362072189,0.009757852951051691
P2,F2,71,GHA,predicted_foreground_fraction,0.7000000000000002,0.7083333333333334,0.6806479804619818,0.06083523163951339,0.019988015544449317
P2,F2,71,GHA,predicted_foreground_fraction,0.7500000000000002,0.7708333333333334,0.7662391274063368,0.08823834878519944,0.04827036674683079
P2,F2,71,GHA,predicted_foreground_fraction,0.8000000000000002,0.8125,0.7964222745596545,0.10372887341009646,0.064023660463988
P2,F2,71,GHA,predicted_foreground_fraction,0.8500000000000002,0.8541666666666666,0.8534830391892245,0.13101774598932334,0.09792071302691041
P2,F2,71,GHA,predicted_foreground_fraction,0.9000000000000002,0.9166666666666666,0.9257776244416777,0.3987931619434039,0.3187961566204478
P2,F2,71,GHA,predicted_foreground_fraction,0.9500000000000003,0.9583333333333334,0.9828383890712475,0.7704359295699558,0.8193849371779981
P2,F2,71,GHA,predicted_foreground_fraction,1.0000000000000004,1.0208333333333333,1.0,1.0,1.0
P2,F2,71,GHA,predicted_foreground_scarcity,0.1,0.10416666666666667,0.09960580045797672,0.7687845762911367,0.813705976002172
P2,F2,71,GHA,predicted_foreground_scarcity,0.15000000000000002,0.16666666666666666,0.1750473431255605,0.8788315204220818,0.9207644347626323
P2,F2,71,GHA,predicted_foreground_scarcity,0.20000000000000004,0.20833333333333334,0.23108092518262474,0.91132544468832,0.9503914225998558
P2,F2,71,GHA,predicted_foreground_scarcity,0.25000000000000006,0.2708333333333333,0.2908216372232332,0.9331132682947094,0.9741820127138044
P2,F2,71,GHA,predicted_foreground_scarcity,0.30000000000000004,0.3125,0.34756950188501823,0.9418616325202351,0.9855126246439605
P2,F2,71,GHA,predicted_foreground_scarcity,0.3500000000000001,0.3541666666666667,0.3773714008341097,0.9468935863792781,0.990949005017085
P2,F2,71,GHA,predicted_foreground_scarcity,0.40000000000000013,0.4166666666666667,0.4191418595944381,0.9482281706329149,0.9966424246513503
P2,F2,71,GHA,predicted_foreground_scarcity,0.45000000000000007,0.4583333333333333,0.47620262422400805,0.9541533092842751,0.9992738640872777
P2,F2,71,GHA,predicted_foreground_scarcity,0.5000000000000001,0.5208333333333334,0.5374079257833927,0.9824374943743206,1.0
P2,F2,71,GHA,predicted_foreground_scarcity,0.5500000000000002,0.5625,0.5944686904129627,0.9824374943743206,1.0
P2,F2,71,GHA,predicted_foreground_scarcity,0.6000000000000002,0.6041666666666666,0.6515294550425327,0.9852693748398845,1.0
P2,F2,71,GHA,predicted_foreground_scarcity,0.6500000000000001,0.6666666666666666,0.7023934942927046,0.9913797281671709,1.0
P2,F2,71,GHA,predicted_foreground_scarcity,0.7000000000000002,0.7083333333333334,0.7355065823269745,0.9913797281671709,1.0
P2,F2,71,GHA,predicted_foreground_scarcity,0.7500000000000002,0.7708333333333334,0.7687917381348333,0.9913797281671709,1.0
P2,F2,71,GHA,predicted_foreground_scarcity,0.8000000000000002,0.8125,0.8024817592923128,0.9913797281671709,1.0
P2,F2,71,GHA,predicted_foreground_scarcity,0.8500000000000002,0.8541666666666666,0.8508173491332399,0.9922175216545382,1.0
P2,F2,71,GHA,predicted_foreground_scarcity,0.9000000000000002,0.9166666666666666,0.9110635986870174,0.9990704646638094,1.0
P2,F2,71,GHA,predicted_foreground_scarcity,0.9500000000000003,0.9583333333333334,0.9681243633165872,0.9990704646638094,1.0
P2,F2,71,GHA,predicted_foreground_scarcity,1.0000000000000004,1.0208333333333333,1.0,1.0,1.0
P2,F2,71,PAK,georisk_v2,0.1,0.10714285714285714,0.08746783306565534,0.052378152698911204,0.09675981861627658
P2,F2,71,PAK,georisk_v2,0.15000000000000002,0.17857142857142858,0.13927626862445502,0.11485784171448275,0.14365080943129863
P2,F2,71,PAK,georisk_v2,0.20000000000000004,0.21428571428571427,0.15980878973455792,0.17110345392166348,0.175194126666846
P2,F2,71,PAK,georisk_v2,0.25000000000000006,0.2857142857142857,0.22725267129252946,0.20367048947301833,0.19737351502895378
P2,F2,71,PAK,georisk_v2,0.30000000000000004,0.32142857142857145,0.27321832294058146,0.20728739515810937,0.24129602576893341
P2,F2,71,PAK,georisk_v2,0.3500000000000001,0.35714285714285715,0.32175788738624617,0.2079596732381229,0.2845834361618886
P2,F2,71,PAK,georisk_v2,0.40000000000000013,0.42857142857142855,0.39516285946328233,0.21953724445370584,0.37782973462630254
P2,F2,71,PAK,georisk_v2,0.45000000000000007,0.4642857142857143,0.40874393725136543,0.225448826242164,0.38879369531324015
P2,F2,71,PAK,georisk_v2,0.5000000000000001,0.5357142857142857,0.5062702502407986,0.225448826242164,0.3910487109100415
P2,F2,71,PAK,georisk_v2,0.5500000000000002,0.5714285714285714,0.5541209949213726,0.6519063176774404,0.4739556225094534
P2,F2,71,PAK,georisk_v2,0.6000000000000002,0.6071428571428571,0.5979643822702294,0.6604375513201209,0.4739556225094534
P2,F2,71,PAK,georisk_v2,0.6500000000000001,0.6785714285714286,0.6803163846095752,0.7933203839179176,0.6024657800213572
P2,F2,71,PAK,georisk_v2,0.7000000000000002,0.7142857142857143,0.6946363206496,0.7933203839179176,0.6025230911023962
P2,F2,71,PAK,georisk_v2,0.7500000000000002,0.7857142857142857,0.775775680253697,0.8323968574100673,0.6519848932668837
P2,F2,71,PAK,georisk_v2,0.8000000000000002,0.8214285714285714,0.8151100232855679,0.8323968574100673,0.7336929506200708
P2,F2,71,PAK,georisk_v2,0.8500000000000002,0.8571428571428571,0.8362322172704582,0.8353638115934479,0.7336929506200708
P2,F2,71,PAK,georisk_v2,0.9000000000000002,0.9285714285714286,0.9037062335305482,0.9651085195742073,0.8419348688804339
P2,F2,71,PAK,georisk_v2,0.9500000000000003,0.9642857142857143,0.9518505125317577,0.9917540504134138,0.9397777499669584
P2,F2,71,PAK,georisk_v2,1.0000000000000004,1.0357142857142858,1.0,1.0,1.0
P2,F2,71,PAK,soft_dice_risk_binary,0.1,0.10714285714285714,0.09876964847683962,0.2379442678990938,0.23245023585264268
P2,F2,71,PAK,soft_dice_risk_binary,0.15000000000000002,0.17857142857142858,0.16214348508202034,0.3676889758798532,0.3862813646587125
P2,F2,71,PAK,soft_dice_risk_binary,0.20000000000000004,0.21428571428571427,0.21090664157673691,0.3792665470954362,0.4660209618202935
P2,F2,71,PAK,soft_dice_risk_binary,0.25000000000000006,0.2857142857142857,0.2792899073674138,0.8619696507378934,0.5804711906552528
P2,F2,71,PAK,soft_dice_risk_binary,0.30000000000000004,0.32142857142857145,0.3274341863686233,0.8886151815770998,0.6783140717417773
P2,F2,71,PAK,soft_dice_risk_binary,0.3500000000000001,0.35714285714285715,0.3610639558827961,0.9106763216714173,0.7188891475035176
P2,F2,71,PAK,soft_dice_risk_binary,0.40000000000000013,0.42857142857142855,0.4206106853189312,0.9202048091449665,0.7737756189304349
P2,F2,71,PAK,soft_dice_risk_binary,0.45000000000000007,0.4642857142857143,0.4691502497645959,0.92087708722498,0.81706302932339
P2,F2,71,PAK,soft_dice_risk_binary,0.5000000000000001,0.5357142857142857,0.5409779864140858,0.9291279982734113,0.8818912188897323
P2,F2,71,PAK,soft_dice_risk_binary,0.5500000000000002,0.5714285714285714,0.5844125091008661,0.9291279982734113,0.9180100656972127
P2,F2,71,PAK,soft_dice_risk_binary,0.6000000000000002,0.6071428571428571,0.6146372432923315,0.9321520092680107,0.9404900448313007
P2,F2,71,PAK,soft_dice_risk_binary,0.6500000000000001,0.6785714285714286,0.6830446912513751,0.9647140833575205,0.9715701949629408
P2,F2,71,PAK,soft_dice_risk_binary,0.7000000000000002,0.7142857142857143,0.7318076617294119,0.9647140833575205,0.9870395083878861
P2,F2,71,PAK,soft_dice_risk_binary,0.7500000000000002,0.7857142857142857,0.793637187859361,0.9817294167553527,0.9959835458716723
P2,F2,71,PAK,soft_dice_risk_binary,0.8000000000000002,0.8214285714285714,0.8158767840394713,0.9849940586494405,0.9976104788048418
P2,F2,71,PAK,soft_dice_risk_binary,0.8500000000000002,0.8571428571428571,0.8646399405341878,0.9849940586494405,0.9989438386494235
P2,F2,71,PAK,soft_dice_risk_binary,0.9000000000000002,0.9285714285714286,0.9350344186662529,0.988501812173939,1.0
P2,F2,71,PAK,soft_dice_risk_binary,0.9500000000000003,0.9642857142857143,0.9788778060151098,0.9970330458166194,1.0
P2,F2,71,PAK,soft_dice_risk_binary,1.0000000000000004,1.0357142857142858,1.0,1.0,1.0
P2,F2,71,PAK,predicted_foreground_fraction,0.1,0.10714285714285714,0.07928551737377187,0.01149818782606107,5.7311081039038206e-05
P2,F2,71,PAK,predicted_foreground_fraction,0.15000000000000002,0.17857142857142858,0.14967999550583702,0.01500594135055953,0.0011134724316155993
P2,F2,71,PAK,predicted_foreground_fraction,0.20000000000000004,0.21428571428571427,0.1984431520005536,0.01500594135055953,0.0024468322761973045
P2,F2,71,PAK,predicted_foreground_fraction,0.25000000000000006,0.2857142857142857,0.268192338270588,0.03528591664247954,0.012960491612113925
P2,F2,71,PAK,predicted_foreground_fraction,0.30000000000000004,0.32142857142857145,0.29187058745183564,0.03529087810432466,0.017566431145414587
P2,F2,71,PAK,predicted_foreground_fraction,0.3500000000000001,0.35714285714285715,0.34063355792987243,0.03529087810432466,0.033035744570359876
P2,F2,71,PAK,predicted_foreground_fraction,0.40000000000000013,0.42857142857142855,0.40904100588891606,0.06785295219383439,0.06411589470199992
P2,F2,71,PAK,predicted_foreground_fraction,0.45000000000000007,0.4642857142857143,0.43926574008038155,0.07087696318843384,0.08659587383608797
P2,F2,71,PAK,predicted_foreground_fraction,0.5000000000000001,0.5357142857142857,0.4962813405552449,0.076788544976892,0.13367868133050598
P2,F2,71,PAK,predicted_foreground_fraction,0.5500000000000002,0.5714285714285714,0.5448209050009096,0.07746082305690549,0.17696609172346117
P2,F2,71,PAK,predicted_foreground_fraction,0.6000000000000002,0.6071428571428571,0.5907865566489616,0.08107772874199654,0.2208886024634408
P2,F2,71,PAK,predicted_foreground_fraction,0.6500000000000001,0.6785714285714286,0.6725658136313767,0.11138481842290013,0.3216859282582227
P2,F2,71,PAK,predicted_foreground_fraction,0.7000000000000002,0.7142857142857143,0.7021346530100661,0.170599865544384,0.3669499861400753
P2,F2,71,PAK,predicted_foreground_fraction,0.7500000000000002,0.7857142857142857,0.7714303306148855,0.2384230489671477,0.4782329005372037
P2,F2,71,PAK,predicted_foreground_fraction,0.8000000000000002,0.8214285714285714,0.8192810752954596,0.6648805404024242,0.5611398121366156
P2,F2,71,PAK,predicted_foreground_fraction,0.8500000000000002,0.8571428571428571,0.8674253542966691,0.6915260712416307,0.6589826932231401
P2,F2,71,PAK,predicted_foreground_fraction,0.9000000000000002,0.9285714285714286,0.9423714745653813,0.7373724594214439,0.8148360844601589
P2,F2,71,PAK,predicted_foreground_fraction,0.9500000000000003,0.9642857142857143,0.9664109681386911,0.8671171674022033,0.8869591559130415
P2,F2,71,PAK,predicted_foreground_fraction,1.0000000000000004,1.0357142857142858,1.0,1.0,1.0
P2,F2,71,PAK,predicted_foreground_scarcity,0.1,0.10714285714285714,0.09324030267145994,0.3084739287583694,0.2593092494236727
P2,F2,71,PAK,predicted_foreground_scarcity,0.15000000000000002,0.17857142857142858,0.1807189247045404,0.33511945959757583,0.43886018786338443
P2,F2,71,PAK,predicted_foreground_scarcity,0.20000000000000004,0.21428571428571427,0.22856966938511442,0.7615769510328523,0.5217670994627963
P2,F2,71,PAK,predicted_foreground_scarcity,0.25000000000000006,0.2857142857142857,0.2978653469899339,0.829400134455616,0.6330500138599247
P2,F2,71,PAK,predicted_foreground_scarcity,0.30000000000000004,0.32142857142857145,0.3274341863686233,0.8886151815770998,0.6783140717417773
P2,F2,71,PAK,predicted_foreground_scarcity,0.3500000000000001,0.35714285714285715,0.3755836738368656,0.896861131163686,0.7385363217748189
P2,F2,71,PAK,predicted_foreground_scarcity,0.40000000000000013,0.42857142857142855,0.4551790949990904,0.9225391769430945,0.8230339082765389
P2,F2,71,PAK,predicted_foreground_scarcity,0.45000000000000007,0.4642857142857143,0.5037186594447551,0.923211455023108,0.866321318669494
P2,F2,71,PAK,predicted_foreground_scarcity,0.5000000000000001,0.5357142857142857,0.5607342599196184,0.9291230368115662,0.913404126163912
P2,F2,71,PAK,predicted_foreground_scarcity,0.5500000000000002,0.5714285714285714,0.590958994111084,0.9321470478061656,0.935884105298
P2,F2,71,PAK,predicted_foreground_scarcity,0.6000000000000002,0.6071428571428571,0.6156008096934036,0.9321470478061656,0.949390806600833
P2,F2,71,PAK,predicted_foreground_scarcity,0.6500000000000001,0.6785714285714286,0.7081294125481644,0.9647091218956754,0.9824335688545854
P2,F2,71,PAK,predicted_foreground_scarcity,0.7000000000000002,0.7142857142857143,0.7318076617294119,0.9647140833575205,0.9870395083878861
P2,F2,71,PAK,predicted_foreground_scarcity,0.7500000000000002,0.7857142857142857,0.8015568479994464,0.9849940586494405,0.9975531677238026
P2,F2,71,PAK,predicted_foreground_scarcity,0.8000000000000002,0.8214285714285714,0.850320004494163,0.9849940586494405,0.9988865275683844
P2,F2,71,PAK,predicted_foreground_scarcity,0.8500000000000002,0.8571428571428571,0.8990831609888795,0.9849940586494405,0.9998081833206041
P2,F2,71,PAK,predicted_foreground_scarcity,0.9000000000000002,0.9285714285714286,0.9350344186662529,0.988501812173939,1.0
P2,F2,71,PAK,predicted_foreground_scarcity,0.9500000000000003,0.9642857142857143,0.9788778060151098,0.9970330458166194,1.0
P2,F2,71,PAK,predicted_foreground_scarcity,1.0000000000000004,1.0357142857142858,1.0,1.0,1.0
P2,F2,71,USA,georisk_v2,0.1,0.10144927536231885,0.10401324804422969,0.3263921513065828,0.30226172864271206
P2,F2,71,USA,georisk_v2,0.15000000000000002,0.15942028985507245,0.1631820251116429,0.4581652411454877,0.3910408465183922
P2,F2,71,USA,georisk_v2,0.20000000000000004,0.2028985507246377,0.2077626463886777,0.4655960965327646,0.39427546952182746
P2,F2,71,USA,georisk_v2,0.25000000000000006,0.2608695652173913,0.2671998652971881,0.5111556042743265,0.44942788128014177
P2,F2,71,USA,georisk_v2,0.30000000000000004,0.30434782608695654,0.31178230075350805,0.5523142659000917,0.48980884798943525
P2,F2,71,USA,georisk_v2,0.3500000000000001,0.36231884057971014,0.37122348817920464,0.6108874024692462,0.5736649866686726
P2,F2,71,USA,georisk_v2,0.40000000000000013,0.4057971014492754,0.41580564017001126,0.6622409640351073,0.6312446194094097
P2,F2,71,USA,georisk_v2,0.45000000000000007,0.463768115942029,0.47469163204135423,0.6729068949489074,0.6734702406325485
P2,F2,71,USA,georisk_v2,0.5000000000000001,0.5072463768115942,0.5192087570434093,0.684000357933827,0.6796469496752839
P2,F2,71,USA,georisk_v2,0.5500000000000002,0.5507246376811594,0.5637920428962692,0.7126698632145938,0.7028877577459609
P2,F2,71,USA,georisk_v2,0.6000000000000002,0.6086956521739131,0.6232297720427035,0.7279479206281738,0.7166169353827637
P2,F2,71,USA,georisk_v2,0.6500000000000001,0.6521739130434783,0.6678124909645368,0.7354272462211882,0.7211069598722867
P2,F2,71,USA,georisk_v2,0.7000000000000002,0.7101449275362319,0.7272563429660585,0.7653805905411015,0.750888058641124
P2,F2,71,USA,georisk_v2,0.7500000000000002,0.7536231884057971,0.7713648240841371,0.7786216564879235,0.7642327591250637
P2,F2,71,USA,georisk_v2,0.8000000000000002,0.8115942028985508,0.8308081091546321,0.872954619459172,0.8085905569067977
P2,F2,71,USA,georisk_v2,0.8500000000000002,0.855072463768116,0.8753793193766253,0.8873216855700469,0.8370151199819463
P2,F2,71,USA,georisk_v2,0.9000000000000002,0.9130434782608695,0.9348214705850671,0.95281736177913,0.9398360121361049
P2,F2,71,USA,georisk_v2,0.9500000000000003,0.9565217391304348,0.9687760469373535,0.9610548111029085,0.9581371246123885
P2,F2,71,USA,georisk_v2,1.0000000000000004,1.0144927536231885,1.0,1.0,1.0
P2,F2,71,USA,soft_dice_risk_binary,0.1,0.10144927536231885,0.10401846380967446,0.4240074171843036,0.4097598689434401
P2,F2,71,USA,soft_dice_risk_binary,0.15000000000000002,0.15942028985507245,0.16318871489775683,0.6442634890096915,0.5944259171033826
P2,F2,71,USA,soft_dice_risk_binary,0.20000000000000004,0.2028985507246377,0.20776961964030494,0.7015316585013013,0.683447422749346
P2,F2,71,USA,soft_dice_risk_binary,0.25000000000000006,0.2608695652173913,0.2672141519590585,0.7782177381067786,0.7739291057562916
P2,F2,71,USA,soft_dice_risk_binary,0.30000000000000004,0.30434782608695654,0.3017062356176685,0.8068561727428419,0.8145290572787376
P2,F2,71,USA,soft_dice_risk_binary,0.3500000000000001,0.36231884057971014,0.35758641587905776,0.840986654536687,0.8719632573573046
P2,F2,71,USA,soft_dice_risk_binary,0.40000000000000013,0.4057971014492754,0.40216947495950695,0.8645096182287744,0.8976780923246659
P2,F2,71,USA,soft_dice_risk_binary,0.45000000000000007,0.463768115942029,0.461606410402504,0.8902087698758914,0.9253136414165476
P2,F2,71,USA,soft_dice_risk_binary,0.5000000000000001,0.5072463768115942,0.5056282644597175,0.9011058663862852,0.9419314126192088
P2,F2,71,USA,soft_dice_risk_binary,0.5500000000000002,0.5507246376811594,0.5469324779478004,0.9093818433094959,0.957785244435529
P2,F2,71,USA,soft_dice_risk_binary,0.6000000000000002,0.6086956521739131,0.6063653881805086,0.934397440773137,0.9720911378016265
P2,F2,71,USA,soft_dice_risk_binary,0.6500000000000001,0.6521739130434783,0.6509470299333913,0.9453206366250817,0.9800966207801542
P2,F2,71,USA,soft_dice_risk_binary,0.7000000000000002,0.7101449275362319,0.7103859496349815,0.9534934590078771,0.9872203137667895
P2,F2,71,USA,soft_dice_risk_binary,0.7500000000000002,0.7536231884057971,0.7474428859510523,0.9615096853413669,0.9906279514890132
P2,F2,71,USA,soft_dice_risk_binary,0.8000000000000002,0.8115942028985508,0.8068181392983548,0.9728840269544057,0.9950310507091932
P2,F2,71,USA,soft_dice_risk_binary,0.8500000000000002,0.855072463768116,0.8514000078236482,0.9796387851129356,0.9971749287463537
P2,F2,71,USA,soft_dice_risk_binary,0.9000000000000002,0.9130434782608695,0.9108397779217783,0.9876624684011543,0.9990480011367151
P2,F2,71,USA,soft_dice_risk_binary,0.9500000000000003,0.9565217391304348,0.9554163739885242,0.9951840500709653,0.9997718211679747
P2,F2,71,USA,soft_dice_risk_binary,1.0000000000000004,1.0144927536231885,1.0,1.0,1.0
P2,F2,71,USA,predicted_foreground_fraction,0.1,0.10144927536231885,0.10401971105793298,0.01538742608293625,0.0012813119029111608
P2,F2,71,USA,predicted_foreground_fraction,0.15000000000000002,0.15942028985507245,0.16345976462157638,0.0232930409212819,0.003459458555870381
P2,F2,71,USA,predicted_foreground_fraction,0.20000000000000004,0.2028985507246377,0.2079809148339204,0.027979736968350197,0.005733724497045377
P2,F2,71,USA,predicted_foreground_fraction,0.25000000000000006,0.2608695652173913,0.2674209683975638,0.04082558431454429,0.010140166996815527
P2,F2,71,USA,predicted_foreground_fraction,0.30000000000000004,0.30434782608695654,0.3044711015413154,0.04914381731455175,0.013896341616308518
P2,F2,71,USA,predicted_foreground_fraction,0.3500000000000001,0.36231884057971014,0.3639137062945785,0.058733461095824356,0.022139197445734393
P2,F2,71,USA,predicted_foreground_fraction,0.40000000000000013,0.4057971014492754,0.4084951779681532,0.07690233129261338,0.030704679755606264
P2,F2,71,USA,predicted_foreground_fraction,0.45000000000000007,0.463768115942029,0.4679282582801694,0.09620838708554867,0.0463035865031803
P2,F2,71,USA,predicted_foreground_fraction,0.5000000000000001,0.5072463768115942,0.5119469942167366,0.10545625377508333,0.061007330140501324
P2,F2,71,USA,predicted_foreground_fraction,0.5500000000000002,0.5507246376811594,0.5565263682455129,0.1263854400473268,0.08072850062268583
P2,F2,71,USA,predicted_foreground_fraction,0.6000000000000002,0.6086956521739131,0.6126921116650027,0.1419083341411701,0.1103098384360138
P2,F2,71,USA,predicted_foreground_fraction,0.6500000000000001,0.6521739130434783,0.6568079628864273,0.16684687640594667,0.14079469755857008
P2,F2,71,USA,predicted_foreground_fraction,0.7000000000000002,0.7101449275362319,0.7162472794397361,0.20960008351789297,0.20144178932323664
P2,F2,71,USA,predicted_foreground_fraction,0.7500000000000002,0.7536231884057971,0.7577340447183856,0.2423758852026676,0.25547921733824797
P2,F2,71,USA,predicted_foreground_fraction,0.8000000000000002,0.8115942028985508,0.8070910598945622,0.30223534646254496,0.3439758280885635
P2,F2,71,USA,predicted_foreground_fraction,0.8500000000000002,0.855072463768116,0.8516719079440076,0.39449030471602675,0.4421178004563577
P2,F2,71,USA,predicted_foreground_fraction,0.9000000000000002,0.9130434782608695,0.9108406283183181,0.6497729357285071,0.6061140225504208
P2,F2,71,USA,predicted_foreground_fraction,0.9500000000000003,0.9565217391304348,0.9554161472161136,0.7741623975600844,0.770828213936461
P2,F2,71,USA,predicted_foreground_fraction,1.0000000000000004,1.0144927536231885,1.0,1.0,1.0
P2,F2,71,USA,predicted_foreground_scarcity,0.1,0.10144927536231885,0.10402084491998619,0.41152944627139837,0.4406542798157853
P2,F2,71,USA,predicted_foreground_scarcity,0.15000000000000002,0.15942028985507245,0.16318871489775683,0.6442634890096915,0.5944259171033826
P2,F2,71,USA,predicted_foreground_scarcity,0.20000000000000004,0.2028985507246377,0.207769109402381,0.7238105535794626,0.6836563777237281
P2,F2,71,USA,predicted_foreground_scarcity,0.25000000000000006,0.2608695652173913,0.2540297173905525,0.7589477242616993,0.7607298379345219
P2,F2,71,USA,predicted_foreground_scarcity,0.30000000000000004,0.30434782608695654,0.2986112457572299,0.7963841226519914,0.8152637429686651
P2,F2,71,USA,predicted_foreground_scarcity,0.3500000000000001,0.36231884057971014,0.35758641587905776,0.840986654536687,0.8719632573573046
P2,F2,71,USA,predicted_foreground_scarcity,0.40000000000000013,0.4057971014492754,0.40216947495950695,0.8645096182287744,0.8976780923246659
P2,F2,71,USA,predicted_foreground_scarcity,0.45000000000000007,0.463768115942029,0.4583306262376813,0.8826151043103684,0.9260215808697542
P2,F2,71,USA,predicted_foreground_scarcity,0.5000000000000001,0.5072463768115942,0.502913118387104,0.8960276802159534,0.9442073502001789
P2,F2,71,USA,predicted_foreground_scarcity,0.5500000000000002,0.5507246376811594,0.5469290196685381,0.9118923514015347,0.9579298412778015
P2,F2,71,USA,predicted_foreground_scarcity,0.6000000000000002,0.6086956521739131,0.6063649346356873,0.9272922057423523,0.9726795550094866
P2,F2,71,USA,predicted_foreground_scarcity,0.6500000000000001,0.6521739130434783,0.6509468031609806,0.9429953095754756,0.9801133371781049
P2,F2,71,USA,predicted_foreground_scarcity,0.7000000000000002,0.7101449275362319,0.7103882173590879,0.9522605758260442,0.9877677757996707
P2,F2,71,USA,predicted_foreground_scarcity,0.7500000000000002,0.7536231884057971,0.7474398245235087,0.9613033762605361,0.9910383390586996
P2,F2,71,USA,predicted_foreground_scarcity,0.8000000000000002,0.8115942028985508,0.8068805017112813,0.9754032348269613,0.9950352298086809
P2,F2,71,USA,predicted_foreground_scarcity,0.8500000000000002,0.855072463768116,0.8514000078236482,0.9796387851129356,0.9971749287463537
P2,F2,71,USA,predicted_foreground_scarcity,0.9000000000000002,0.9130434782608695,0.9108397779217783,0.9876624684011543,0.9990480011367151
P2,F2,71,USA,predicted_foreground_scarcity,0.9500000000000003,0.9565217391304348,0.9554163739885242,0.9951840500709653,0.9997718211679747
P2,F2,71,USA,predicted_foreground_scarcity,1.0000000000000004,1.0144927536231885,1.0,1.0,1.0
P2,F3,13,IND,georisk_v2,0.1,0.10294117647058823,0.09733999491052114,0.4133948092897321,0.635580480357038
P2,F3,13,IND,georisk_v2,0.15000000000000002,0.16176470588235295,0.14954467221515721,0.47086145634868287,0.7229527570614833
P2,F3,13,IND,georisk_v2,0.20000000000000004,0.20588235294117646,0.19956267933975883,0.48342895699206107,0.7477406189441541
P2,F3,13,IND,georisk_v2,0.25000000000000006,0.2647058823529412,0.26248435453403346,0.5238850093965653,0.7894709025779553
P2,F3,13,IND,georisk_v2,0.30000000000000004,0.3088235294117647,0.30916945523515765,0.5517173331487901,0.8053834635034354
P2,F3,13,IND,georisk_v2,0.3500000000000001,0.35294117647058826,0.3591273382928443,0.6159253940826509,0.8496711492160433
P2,F3,13,IND,georisk_v2,0.40000000000000013,0.4117647058823529,0.42516864332617843,0.6828172611336865,0.8805368782664866
P2,F3,13,IND,georisk_v2,0.45000000000000007,0.45588235294117646,0.4698327995845487,0.7275017679383567,0.9165453050678255
P2,F3,13,IND,georisk_v2,0.5000000000000001,0.5147058823529411,0.5274294486877203,0.7586358652517393,0.9249867872452875
P2,F3,13,IND,georisk_v2,0.5500000000000002,0.5588235294117647,0.5800242301996033,0.8092270162607077,0.9322692172176875
P2,F3,13,IND,georisk_v2,0.6000000000000002,0.6029411764705882,0.624567737051172,0.8209819140446754,0.9362638733924482
P2,F3,13,IND,georisk_v2,0.6500000000000001,0.6617647058823529,0.6859331419038329,0.8312424443613039,0.9390113923307299
P2,F3,13,IND,georisk_v2,0.7000000000000002,0.7058823529411765,0.7290627634398859,0.9201524427825944,0.9901388807328675
P2,F3,13,IND,georisk_v2,0.7500000000000002,0.7647058823529411,0.7828882491557384,0.9319933045417093,0.9905499442128134
P2,F3,13,IND,georisk_v2,0.8000000000000002,0.8088235294117647,0.8294677481864969,0.956408695445315,0.9908296141875624
P2,F3,13,IND,georisk_v2,0.8500000000000002,0.8529411764705882,0.8677482533757924,0.9822416809579523,0.9928430911973692
P2,F3,13,IND,georisk_v2,0.9000000000000002,0.9117647058823529,0.9172924908785638,0.9892804544953212,0.9929642081155675
P2,F3,13,IND,georisk_v2,0.9500000000000003,0.9558823529411765,0.9649310161602658,0.9902666072668214,0.9931433143461155
P2,F3,13,IND,georisk_v2,1.0000000000000004,1.0147058823529411,1.0,1.0,1.0
P2,F3,13,IND,soft_dice_risk_binary,0.1,0.10294117647058823,0.09740607119318184,0.4397711520037716,0.678019848493746
P2,F3,13,IND,soft_dice_risk_binary,0.15000000000000002,0.16176470588235295,0.14754232008675522,0.4929915030828087,0.7459891949028129
P2,F3,13,IND,soft_dice_risk_binary,0.20000000000000004,0.20588235294117646,0.19798487401533466,0.5464113554626592,0.8007164249221915
P2,F3,13,IND,soft_dice_risk_binary,0.25000000000000006,0.2647058823529412,0.26140292387550773,0.5949112570636437,0.8420598684596864
P2,F3,13,IND,soft_dice_risk_binary,0.30000000000000004,0.3088235294117647,0.30181833503149824,0.6426764099713886,0.8958453226848317
P2,F3,13,IND,soft_dice_risk_binary,0.3500000000000001,0.35294117647058826,0.3525429169803005,0.6906648529529437,0.9200848552469317
P2,F3,13,IND,soft_dice_risk_binary,0.40000000000000013,0.4117647058823529,0.41606844111804014,0.7106609386184778,0.9396463385988608
P2,F3,13,IND,soft_dice_risk_binary,0.45000000000000007,0.45588235294117646,0.46099596620345273,0.734143701489826,0.9532217100240766
P2,F3,13,IND,soft_dice_risk_binary,0.5000000000000001,0.5147058823529411,0.5288197926555677,0.8516094186240141,0.9769319983557461
P2,F3,13,IND,soft_dice_risk_binary,0.5500000000000002,0.5588235294117647,0.5707372354231741,0.8622035324165285,0.9820152387104352
P2,F3,13,IND,soft_dice_risk_binary,0.6000000000000002,0.6029411764705882,0.6030736840838086,0.8954710501445708,0.9899715191731752
P2,F3,13,IND,soft_dice_risk_binary,0.6500000000000001,0.6617647058823529,0.6621513648464145,0.9242679005110261,0.9945423982617887
P2,F3,13,IND,soft_dice_risk_binary,0.7000000000000002,0.7058823529411765,0.7102204560266686,0.9369235277452784,0.996485407246462
P2,F3,13,IND,soft_dice_risk_binary,0.7500000000000002,0.7647058823529411,0.7679031113034249,0.9499230108801198,0.9985436608139057
P2,F3,13,IND,soft_dice_risk_binary,0.8000000000000002,0.8088235294117647,0.8111719076818026,0.9601310977653692,0.9991852134593928
P2,F3,13,IND,soft_dice_risk_binary,0.8500000000000002,0.8529411764705882,0.8617382543221279,0.9683728263008674,0.9995992131070527
P2,F3,13,IND,soft_dice_risk_binary,0.9000000000000002,0.9117647058823529,0.9206004514989719,0.9865415016771085,0.9999324681425803
P2,F3,13,IND,soft_dice_risk_binary,0.9500000000000003,0.9558823529411765,0.9564768634364416,0.9997853603890978,1.0
P2,F3,13,IND,soft_dice_risk_binary,1.0000000000000004,1.0147058823529411,1.0,1.0,1.0
P2,F3,13,IND,predicted_foreground_fraction,0.1,0.10294117647058823,0.090136075008619,0.013461201592550221,6.753185741969582e-05
P2,F3,13,IND,predicted_foreground_fraction,0.15000000000000002,0.16176470588235295,0.15733853026417471,0.03885193218902126,0.000532914440072817
P2,F3,13,IND,predicted_foreground_fraction,0.20000000000000004,0.20588235294117646,0.2050651349631481,0.040684749017631805,0.0009938927711550885
P2,F3,13,IND,predicted_foreground_fraction,0.25000000000000006,0.2647058823529412,0.26194664875205775,0.052520744891361,0.001871072875682659
P2,F3,13,IND,predicted_foreground_fraction,0.30000000000000004,0.3088235294117647,0.3138130529416151,0.058586341351591575,0.003344295026131893
P2,F3,13,IND,predicted_foreground_fraction,0.3500000000000001,0.35294117647058826,0.35631401348879094,0.08778651955112748,0.005648452639614775
P2,F3,13,IND,predicted_foreground_fraction,0.40000000000000013,0.4117647058823529,0.42133775714491606,0.12218724792010432,0.011903957954078337
P2,F3,13,IND,predicted_foreground_fraction,0.45000000000000007,0.45588235294117646,0.4523272661974671,0.14081115390687343,0.015610135650948383
P2,F3,13,IND,predicted_foreground_fraction,0.5000000000000001,0.5147058823529411,0.5147476845713552,0.19104601397482282,0.028045539961242587
P2,F3,13,IND,predicted_foreground_fraction,0.5500000000000002,0.5588235294117647,0.5602175969567458,0.21272083009842063,0.040216689177285804
P2,F3,13,IND,predicted_foreground_fraction,0.6000000000000002,0.6029411764705882,0.6105936733296929,0.2391836774415391,0.05732794057196547
P2,F3,13,IND,predicted_foreground_fraction,0.6500000000000001,0.6617647058823529,0.6758014675221361,0.26195872431623496,0.08463943860473311
P2,F3,13,IND,predicted_foreground_fraction,0.7000000000000002,0.7058823529411765,0.7220329291288398,0.2900132568344064,0.10729857889482647
P2,F3,13,IND,predicted_foreground_fraction,0.7500000000000002,0.7647058823529411,0.7788965862705122,0.39752823835485496,0.141339039285924
P2,F3,13,IND,predicted_foreground_fraction,0.8000000000000002,0.8088235294117647,0.8261294914567312,0.44520418336386225,0.1815586646309237
P2,F3,13,IND,predicted_foreground_fraction,0.8500000000000002,0.8529411764705882,0.8668589655918458,0.49652359521888917,0.23371234364906923
P2,F3,13,IND,predicted_foreground_fraction,0.9000000000000002,0.9117647058823529,0.9190493977059893,0.621884481718328,0.4105268952962593
P2,F3,13,IND,predicted_foreground_fraction,0.9500000000000003,0.9558823529411765,0.9651065730853511,0.8035485280156054,0.6836125139467967
P2,F3,13,IND,predicted_foreground_fraction,1.0000000000000004,1.0147058823529411,1.0,1.0,1.0
P2,F3,13,IND,predicted_foreground_scarcity,0.1,0.10294117647058823,0.09740607119318184,0.4397711520037716,0.678019848493746
P2,F3,13,IND,predicted_foreground_scarcity,0.15000000000000002,0.16176470588235295,0.1485039038844227,0.5294061673475302,0.7906292207410888
P2,F3,13,IND,predicted_foreground_scarcity,0.20000000000000004,0.20588235294117646,0.189869863831361,0.5619259606879713,0.8330414293264431
P2,F3,13,IND,predicted_foreground_scarcity,0.25000000000000006,0.2647058823529412,0.24571997232554071,0.6688418976520482,0.8755174995595748
P2,F3,13,IND,predicted_foreground_scarcity,0.30000000000000004,0.3088235294117647,0.2951469712417693,0.7130511696507159,0.9015936050267191
P2,F3,13,IND,predicted_foreground_scarcity,0.3500000000000001,0.35294117647058826,0.3392031320693012,0.7429309498424534,0.9221922896235834
P2,F3,13,IND,predicted_foreground_scarcity,0.40000000000000013,0.4117647058823529,0.4052643669935592,0.7709573683561741,0.9481524164660285
P2,F3,13,IND,predicted_foreground_scarcity,0.45000000000000007,0.45588235294117646,0.45731355102169113,0.8032792823575972,0.96481516824241
P2,F3,13,IND,predicted_foreground_scarcity,0.5000000000000001,0.5147058823529411,0.5190017799800233,0.8378108489780559,0.9796259322332491
P2,F3,13,IND,predicted_foreground_scarcity,0.5500000000000002,0.5588235294117647,0.5583248592284257,0.8649657333538061,0.9857294908685184
P2,F3,13,IND,predicted_foreground_scarcity,0.6000000000000002,0.6029411764705882,0.5939095457155249,0.8831846895456993,0.9897116683304951
P2,F3,13,IND,predicted_foreground_scarcity,0.6500000000000001,0.6617647058823529,0.6570694432972868,0.9235823513255753,0.9951252275529978
P2,F3,13,IND,predicted_foreground_scarcity,0.7000000000000002,0.7058823529411765,0.7033406978070098,0.9422668105526997,0.9972833108227142
P2,F3,13,IND,predicted_foreground_scarcity,0.7500000000000002,0.7647058823529411,0.7654362188315399,0.9541920143251665,0.9985759586587586
P2,F3,13,IND,predicted_foreground_scarcity,0.8000000000000002,0.8088235294117647,0.8111719076818026,0.9601310977653692,0.9991852134593928
P2,F3,13,IND,predicted_foreground_scarcity,0.8500000000000002,0.8529411764705882,0.8591416169227513,0.9643536049722861,0.999602883316695
P2,F3,13,IND,predicted_foreground_scarcity,0.9000000000000002,0.9117647058823529,0.9224789440367994,0.9927882172044732,0.9999992659580715
P2,F3,13,IND,predicted_foreground_scarcity,0.9500000000000003,0.9558823529411765,0.9564768634364416,0.9997853603890978,1.0
P2,F3,13,IND,predicted_foreground_scarcity,1.0000000000000004,1.0147058823529411,1.0,1.0,1.0
P2,F3,13,LKA,georisk_v2,0.1,0.11904761904761904,0.11680573258092908,0.156307878690943,0.404259543210033
P2,F3,13,LKA,georisk_v2,0.15000000000000002,0.16666666666666666,0.16920875604884786,0.4445406755594426,0.5739421894998289
P2,F3,13,LKA,georisk_v2,0.20000000000000004,0.21428571428571427,0.221830884486515,0.4507240446107787,0.5924815936537706
P2,F3,13,LKA,georisk_v2,0.25000000000000006,0.2619047619047619,0.26695877986133254,0.4602356112032302,0.6191713236940259
P2,F3,13,LKA,georisk_v2,0.30000000000000004,0.30952380952380953,0.315171006761742,0.4638700845916875,0.6323609544688454
P2,F3,13,LKA,georisk_v2,0.3500000000000001,0.35714285714285715,0.36126424872338486,0.6844014561715008,0.6905621802913757
P2,F3,13,LKA,georisk_v2,0.40000000000000013,0.40476190476190477,0.4066952577072908,0.6982672443936632,0.7337658771896477
P2,F3,13,LKA,georisk_v2,0.45000000000000007,0.4523809523809524,0.45390931744134777,0.7259835070456206,0.7618537714529503
P2,F3,13,LKA,georisk_v2,0.5000000000000001,0.5238095238095238,0.5315420322723654,0.7551809537259733,0.804278129078859
P2,F3,13,LKA,georisk_v2,0.5500000000000002,0.5714285714285714,0.5811399500625347,0.790868045305004,0.8189884218485336
P2,F3,13,LKA,georisk_v2,0.6000000000000002,0.6190476190476191,0.6337606733377756,0.8886100266204757,0.9516809651134794
P2,F3,13,LKA,georisk_v2,0.6500000000000001,0.6666666666666666,0.6863827014066981,0.89704622468226,0.9582514921495825
P2,F3,13,LKA,georisk_v2,0.7000000000000002,0.7142857142857143,0.7383712019588767,0.9176517830784295,0.9708286340653631
P2,F3,13,LKA,georisk_v2,0.7500000000000002,0.7619047619047619,0.7894237639664363,0.9799559473239573,0.9900037594143761
P2,F3,13,LKA,georisk_v2,0.8000000000000002,0.8095238095238095,0.8292173616650211,0.9856824549030084,0.9985448109521456
P2,F3,13,LKA,georisk_v2,0.8500000000000002,0.8571428571428571,0.8712365359092771,0.9862405575581648,0.999298805857928
P2,F3,13,LKA,georisk_v2,0.9000000000000002,0.9047619047619048,0.921970025677336,0.9883555624373092,0.9997930210062559
P2,F3,13,LKA,georisk_v2,0.9500000000000003,0.9523809523809523,0.9702412693996474,0.9947099355034111,0.9999176308086121
P2,F3,13,LKA,georisk_v2,1.0000000000000004,1.0238095238095237,1.0,1.0,1.0
P2,F3,13,LKA,soft_dice_risk_binary,0.1,0.11904761904761904,0.12221289796583669,0.2242083832804015,0.5349055288735697
P2,F3,13,LKA,soft_dice_risk_binary,0.15000000000000002,0.16666666666666666,0.1748339223473118,0.5255268157265841,0.6700163471164446
P2,F3,13,LKA,soft_dice_risk_binary,0.20000000000000004,0.21428571428571427,0.22036279085733074,0.7380601338595606,0.7502629478032771
P2,F3,13,LKA,soft_dice_risk_binary,0.25000000000000006,0.2619047619047619,0.2729846181887637,0.7648439567096105,0.8052728954671601
P2,F3,13,LKA,soft_dice_risk_binary,0.30000000000000004,0.30952380952380953,0.31992216203108603,0.7844702831605286,0.837500369605346
P2,F3,13,LKA,soft_dice_risk_binary,0.3500000000000001,0.35714285714285715,0.36532667366638294,0.7909760926178162,0.8586502435171223
P2,F3,13,LKA,soft_dice_risk_binary,0.40000000000000013,0.40476190476190477,0.413566301234104,0.827372723243189,0.880152826530483
P2,F3,13,LKA,soft_dice_risk_binary,0.45000000000000007,0.4523809523809524,0.4639440841708352,0.8301189966743547,0.8997482459586296
P2,F3,13,LKA,soft_dice_risk_binary,0.5000000000000001,0.5238095238095238,0.53725100647268,0.8502762012606654,0.9235381580559181
P2,F3,13,LKA,soft_dice_risk_binary,0.5500000000000002,0.5714285714285714,0.5838936669429818,0.8990097931702188,0.9441029995057848
P2,F3,13,LKA,soft_dice_risk_binary,0.6000000000000002,0.6190476190476191,0.6321913076451575,0.9331127580054976,0.9595123743869831
P2,F3,13,LKA,soft_dice_risk_binary,0.6500000000000001,0.6666666666666666,0.6843089827718053,0.9415846882494718,0.9760031089089672
P2,F3,13,LKA,soft_dice_risk_binary,0.7000000000000002,0.7142857142857143,0.7369311112094725,0.9532308273446479,0.9875580280393176
P2,F3,13,LKA,soft_dice_risk_binary,0.7500000000000002,0.7619047619047619,0.789423864335181,0.9831658883573491,0.9949881515086234
P2,F3,13,LKA,soft_dice_risk_binary,0.8000000000000002,0.8095238095238095,0.8322730880983645,0.9856918133316772,0.9986757568461471
P2,F3,13,LKA,soft_dice_risk_binary,0.8500000000000002,0.8571428571428571,0.8557047737683475,0.9893305405513476,0.9992143246359916
P2,F3,13,LKA,soft_dice_risk_binary,0.9000000000000002,0.9047619047619048,0.9056081136487341,0.9919942896569796,0.9997803488229654
P2,F3,13,LKA,soft_dice_risk_binary,0.9500000000000003,0.9523809523809523,0.9582302420864013,0.9979539071865076,1.0
P2,F3,13,LKA,soft_dice_risk_binary,1.0000000000000004,1.0238095238095237,1.0,1.0,1.0
P2,F3,13,LKA,predicted_foreground_fraction,0.1,0.11904761904761904,0.11987280068242717,0.008554454569508027,0.0003865015903590029
P2,F3,13,LKA,predicted_foreground_fraction,0.15000000000000002,0.16666666666666666,0.15424437842188415,0.014308186668322825,0.0008680445553964492
P2,F3,13,LKA,predicted_foreground_fraction,0.20000000000000004,0.21428571428571427,0.18426517181473015,0.014317545096991605,0.0019113876463109163
P2,F3,13,LKA,predicted_foreground_fraction,0.25000000000000006,0.2619047619047619,0.23675782457169395,0.031588950588347396,0.008224246955507964
P2,F3,13,LKA,predicted_foreground_fraction,0.30000000000000004,0.30952380952380953,0.2893799530093611,0.05268880417147704,0.015912038151719828
P2,F3,13,LKA,predicted_foreground_fraction,0.3500000000000001,0.35714285714285715,0.33759197917228106,0.05691966469600846,0.028645470328082824
P2,F3,13,LKA,predicted_foreground_fraction,0.40000000000000013,0.40476190476190477,0.3845878372552922,0.06040185092703743,0.04223005081545499
P2,F3,13,LKA,predicted_foreground_fraction,0.45000000000000007,0.4523809523809524,0.4359094878674763,0.06716544255583791,0.05813997693662641
P2,F3,13,LKA,predicted_foreground_fraction,0.5000000000000001,0.5238095238095238,0.5113144180404388,0.10795202699311135,0.08345688712041531
P2,F3,13,LKA,predicted_foreground_fraction,0.5500000000000002,0.5714285714285714,0.5639365464781059,0.12894043019845824,0.10383375785147356
P2,F3,13,LKA,predicted_foreground_fraction,0.6000000000000002,0.6190476190476191,0.6121761740458269,0.16533706082383098,0.12533634086483428
P2,F3,13,LKA,predicted_foreground_fraction,0.6500000000000001,0.6666666666666666,0.6553363401801879,0.1684057746609484,0.14754223005081546
P2,F3,13,LKA,predicted_foreground_fraction,0.7000000000000002,0.7142857142857143,0.7061122859272682,0.22284885882470046,0.1782110256442749
P2,F3,13,LKA,predicted_foreground_fraction,0.7500000000000002,0.7619047619047619,0.7533264460300698,0.24664138756571105,0.21912105736697376
P2,F3,13,LKA,predicted_foreground_fraction,0.8000000000000002,0.8095238095238095,0.7999186210217719,0.26867623324947615,0.2739493704036935
P2,F3,13,LKA,predicted_foreground_fraction,0.8500000000000002,0.8571428571428571,0.8475939755066138,0.5005406619471827,0.33895978271429716
P2,F3,13,LKA,predicted_foreground_fraction,0.9000000000000002,0.9047619047619048,0.8949799669003954,0.7430175487552865,0.4736524189085871
P2,F3,13,LKA,predicted_foreground_fraction,0.9500000000000003,0.9523809523809523,0.9476009912818705,0.8621503457088627,0.6836051516649136
P2,F3,13,LKA,predicted_foreground_fraction,1.0000000000000004,1.0238095238095237,1.0,1.0,1.0
P2,F3,13,LKA,predicted_foreground_scarcity,0.1,0.11904761904761904,0.12824144624937558,0.2999155189121082,0.6127697591017957
P2,F3,13,LKA,predicted_foreground_scarcity,0.15000000000000002,0.16666666666666666,0.17377031475939453,0.5124488370450847,0.693016359788628
P2,F3,13,LKA,predicted_foreground_scarcity,0.20000000000000004,0.21428571428571427,0.22036279085733074,0.7380601338595606,0.7502629478032771
P2,F3,13,LKA,predicted_foreground_scarcity,0.25000000000000006,0.2619047619047619,0.2729846181887637,0.7648439567096105,0.8052728954671601
P2,F3,13,LKA,predicted_foreground_scarcity,0.30000000000000004,0.30952380952380953,0.3186292118614578,0.8242750833538226,0.8367463746995637
P2,F3,13,LKA,predicted_foreground_scarcity,0.3500000000000001,0.35714285714285715,0.36375710723627536,0.8337866499462742,0.8634361047398189
P2,F3,13,LKA,predicted_foreground_scarcity,0.40000000000000013,0.40476190476190477,0.4097524896718052,0.8556504916152733,0.8845944267737889
P2,F3,13,LKA,predicted_foreground_scarcity,0.45000000000000007,0.4523809523809524,0.4623745177407277,0.8877345881568235,0.9063715737584428
P2,F3,13,LKA,predicted_foreground_scarcity,0.5000000000000001,0.5238095238095238,0.5377794479136901,0.9309645732428912,0.9334921580305737
P2,F3,13,LKA,predicted_foreground_scarcity,0.5500000000000002,0.5714285714285714,0.5891010985258742,0.9338716414939114,0.9496850962452321
P2,F3,13,LKA,predicted_foreground_scarcity,0.6000000000000002,0.6190476190476191,0.6360969566088854,0.9410555116465644,0.9637723400031258
P2,F3,13,LKA,predicted_foreground_scarcity,0.6500000000000001,0.6666666666666666,0.688718884309063,0.9457015460974927,0.978480520742252
P2,F3,13,LKA,predicted_foreground_scarcity,0.7000000000000002,0.7142857142857143,0.7369311112094725,0.9624914178955276,0.9883056868534547
P2,F3,13,LKA,predicted_foreground_scarcity,0.7500000000000002,0.7619047619047619,0.789423864335181,0.9831658883573491,0.9949881515086234
P2,F3,13,LKA,predicted_foreground_scarcity,0.8000000000000002,0.8095238095238095,0.8322730880983645,0.9856918133316772,0.9986757568461471
P2,F3,13,LKA,predicted_foreground_scarcity,0.8500000000000002,0.8571428571428571,0.8701780471273411,0.9878068182108216,0.999531129218253
P2,F3,13,LKA,predicted_foreground_scarcity,0.9000000000000002,0.9047619047619048,0.9056081136487341,0.9919942896569796,0.9997803488229654
P2,F3,13,LKA,predicted_foreground_scarcity,0.9500000000000003,0.9523809523809523,0.9582302420864013,0.9979539071865076,1.0
P2,F3,13,LKA,predicted_foreground_scarcity,1.0000000000000004,1.0238095238095237,1.0,1.0,1.0
P2,F3,13,PRY,georisk_v2,0.1,0.10606060606060606,0.10871166517937614,0.1663177155465138,0.23537249569668503
P2,F3,13,PRY,georisk_v2,0.15000000000000002,0.15151515151515152,0.15277385748029748,0.2510616813117399,0.37075271287755235
P2,F3,13,PRY,georisk_v2,0.20000000000000004,0.21212121212121213,0.21330097842405266,0.33364892156310333,0.5047195217953016
P2,F3,13,PRY,georisk_v2,0.25000000000000006,0.25757575757575757,0.25659060564471114,0.3505001467967177,0.5580467281623245
P2,F3,13,PRY,georisk_v2,0.30000000000000004,0.30303030303030304,0.2958189884527834,0.4534090942790798,0.7094753910649245
P2,F3,13,PRY,georisk_v2,0.3500000000000001,0.36363636363636365,0.3587831928572043,0.5339463702658058,0.8218154527614664
P2,F3,13,PRY,georisk_v2,0.40000000000000013,0.4090909090909091,0.4047560176925523,0.5396892357970469,0.84952428124282
P2,F3,13,PRY,georisk_v2,0.45000000000000007,0.45454545454545453,0.45177897770122766,0.6521043828458397,0.8833424986722814
P2,F3,13,PRY,georisk_v2,0.5000000000000001,0.5151515151515151,0.514845789815024,0.8002296849653471,0.9202408349749335
P2,F3,13,PRY,georisk_v2,0.5500000000000002,0.5606060606060606,0.561362447539102,0.8651457142772412,0.9612786401148052
P2,F3,13,PRY,georisk_v2,0.6000000000000002,0.6060606060606061,0.6065057497908,0.8671141248098315,0.9678296602923617
P2,F3,13,PRY,georisk_v2,0.6500000000000001,0.6515151515151515,0.6538058588761473,0.8761777100305159,0.977296953215339
P2,F3,13,PRY,georisk_v2,0.7000000000000002,0.7121212121212122,0.7168270809291543,0.9035256419761507,0.9850994188170686
P2,F3,13,PRY,georisk_v2,0.7500000000000002,0.7575757575757576,0.7636976330037396,0.9342506398260978,0.9903264869506917
P2,F3,13,PRY,georisk_v2,0.8000000000000002,0.803030303030303,0.8109956370071244,0.970581344657934,0.9920901869352488
P2,F3,13,PRY,georisk_v2,0.8500000000000002,0.8636363636363636,0.8676161468447438,0.9734127419550951,0.9986873476890162
P2,F3,13,PRY,georisk_v2,0.9000000000000002,0.9090909090909091,0.9149162559300911,0.9885409592498243,0.9998333289389928
P2,F3,13,PRY,georisk_v2,0.9500000000000003,0.9545454545454546,0.9622163048702395,0.98858396030854,0.9998333289389928
P2,F3,13,PRY,georisk_v2,1.0000000000000004,1.0151515151515151,1.0,1.0,1.0
P2,F3,13,PRY,soft_dice_risk_binary,0.1,0.10606060606060606,0.10601830302606735,0.24891681815890226,0.3757123539980338
P2,F3,13,PRY,soft_dice_risk_binary,0.15000000000000002,0.15151515151515152,0.15331841211141464,0.34236330853111346,0.5190711242857627
P2,F3,13,PRY,soft_dice_risk_binary,0.20000000000000004,0.21212121212121213,0.20697839482207578,0.47197739627106683,0.7277367011559627
P2,F3,13,PRY,soft_dice_risk_binary,0.25000000000000006,0.25757575757575757,0.24890946228929106,0.5022849872924458,0.7720693200950685
P2,F3,13,PRY,soft_dice_risk_binary,0.30000000000000004,0.30303030303030304,0.2961857538758619,0.672120634280444,0.8298486212442513
P2,F3,13,PRY,soft_dice_risk_binary,0.3500000000000001,0.36363636363636365,0.3592524456992604,0.7903831839170109,0.8885535588508925
P2,F3,13,PRY,soft_dice_risk_binary,0.40000000000000013,0.4090909090909091,0.40611908833591526,0.8026177265191977,0.918820835200928
P2,F3,13,PRY,soft_dice_risk_binary,0.45000000000000007,0.45454545454545453,0.453418836550069,0.8199427047962491,0.9374917606113908
P2,F3,13,PRY,soft_dice_risk_binary,0.5000000000000001,0.5151515151515151,0.5150558769948884,0.8563453251917995,0.9548349674002704
P2,F3,13,PRY,soft_dice_risk_binary,0.5500000000000002,0.5606060606060606,0.5621027146475392,0.8728132478847928,0.9662062653252628
P2,F3,13,PRY,soft_dice_risk_binary,0.6000000000000002,0.6060606060606061,0.6072460168992371,0.8757484408409227,0.9774278417886724
P2,F3,13,PRY,soft_dice_risk_binary,0.6500000000000001,0.6515151515151515,0.6538058588761473,0.8772134424275135,0.9839440211229674
P2,F3,13,PRY,soft_dice_risk_binary,0.7000000000000002,0.7121212121212122,0.7168273816551489,0.9359358364892156,0.9919235158742415
P2,F3,13,PRY,soft_dice_risk_binary,0.7500000000000002,0.7575757575757576,0.7640805173401315,0.9359654923917782,0.9960498016896867
P2,F3,13,PRY,soft_dice_risk_binary,0.8000000000000002,0.803030303030303,0.8109956370071244,0.9362538960441992,0.9988540187500236
P2,F3,13,PRY,soft_dice_risk_binary,0.8500000000000002,0.8636363636363636,0.8645214357789714,0.973447587640606,0.9996901989882973
P2,F3,13,PRY,soft_dice_risk_binary,0.9000000000000002,0.9090909090909091,0.9053998419745043,0.9735143134213718,0.999937851468777
P2,F3,13,PRY,soft_dice_risk_binary,0.9500000000000003,0.9545454545454546,0.9526998909146527,0.9886239957769994,1.0
P2,F3,13,PRY,soft_dice_risk_binary,1.0000000000000004,1.0151515151515151,1.0,1.0,1.0
P2,F3,13,PRY,predicted_foreground_fraction,0.1,0.10606060606060606,0.09724432140607928,0.011392314969409937,0.0
P2,F3,13,PRY,predicted_foreground_fraction,0.15000000000000002,0.15151515151515152,0.14172885329389093,0.026552412359393953,0.0003098010117027568
P2,F3,13,PRY,predicted_foreground_fraction,0.20000000000000004,0.21212121212121213,0.20438818168493286,0.06396852322502009,0.0017100262530462197
P2,F3,13,PRY,predicted_foreground_fraction,0.25000000000000006,0.25757575757575757,0.2516861856883176,0.06406416351078437,0.004901259166908355
P2,F3,13,PRY,predicted_foreground_fraction,0.30000000000000004,0.30303030303030304,0.2982004376044384,0.08675537735653216,0.009348645727005986
P2,F3,13,PRY,predicted_foreground_fraction,0.3500000000000001,0.36363636363636365,0.36096730561116813,0.09333972912298599,0.01622547487127721
P2,F3,13,PRY,predicted_foreground_fraction,0.40000000000000013,0.4090909090909091,0.40826597121174113,0.09491149195880202,0.02358065937708339
P2,F3,13,PRY,predicted_foreground_fraction,0.45000000000000007,0.45454545454545453,0.45341071694821333,0.1331587094937441,0.03254982240586381
P2,F3,13,PRY,predicted_foreground_fraction,0.5000000000000001,0.5151515151515151,0.5150473965218393,0.1523987176787732,0.04769711442486243
P2,F3,13,PRY,predicted_foreground_fraction,0.5500000000000002,0.5606060606060606,0.5619572835565252,0.1889399794188036,0.06479078544443732
P2,F3,13,PRY,predicted_foreground_fraction,0.6000000000000002,0.6060606060606061,0.6092573926418724,0.20168163795481034,0.08461899183782623
P2,F3,13,PRY,predicted_foreground_fraction,0.6500000000000001,0.6515151515151515,0.6564031090015651,0.20926168664980235,0.11240691844982731
P2,F3,13,PRY,predicted_foreground_fraction,0.7000000000000002,0.7121212121212122,0.7194266165721315,0.23006900928526308,0.16594316987641858
P2,F3,13,PRY,predicted_foreground_fraction,0.7500000000000002,0.7575757575757576,0.7614895824606014,0.4589814383705861,0.2223052961848335
P2,F3,13,PRY,predicted_foreground_fraction,0.8000000000000002,0.803030303030303,0.8047805930208353,0.49466638592412243,0.2882091053248108
P2,F3,13,PRY,predicted_foreground_fraction,0.8500000000000002,0.8636363636363636,0.867789184582067,0.6171163490025238,0.41836978752735476
P2,F3,13,PRY,predicted_foreground_fraction,0.9000000000000002,0.9090909090909091,0.9111058771422442,0.7159757829899674,0.5551182140395415
P2,F3,13,PRY,predicted_foreground_fraction,0.9500000000000003,0.9545454545454546,0.9550539740007943,0.8444992749131823,0.7546168825543423
P2,F3,13,PRY,predicted_foreground_fraction,1.0000000000000004,1.0151515151515151,1.0,1.0,1.0
P2,F3,13,PRY,predicted_foreground_scarcity,0.1,0.10606060606060606,0.10336974904596181,0.3205743755208318,0.4967098944228285
P2,F3,13,PRY,predicted_foreground_scarcity,0.15000000000000002,0.15151515151515152,0.14797751844638216,0.4126070207383727,0.6249411472242206
P2,F3,13,PRY,predicted_foreground_scarcity,0.20000000000000004,0.21212121212121213,0.21098611000761378,0.5254670063256041,0.7359751481206661
P2,F3,13,PRY,predicted_foreground_scarcity,0.25000000000000006,0.25757575757575757,0.2542771205678477,0.6480630247241259,0.8006425781470697
P2,F3,13,PRY,predicted_foreground_scarcity,0.30000000000000004,0.30303030303030304,0.29634008645631765,0.7740212810756789,0.8493048780947143
P2,F3,13,PRY,predicted_foreground_scarcity,0.3500000000000001,0.36363636363636365,0.3593635338816851,0.7928253474930382,0.8981894061237019
P2,F3,13,PRY,predicted_foreground_scarcity,0.40000000000000013,0.4090909090909091,0.40650931038657667,0.80056405526674,0.9225940043616969
P2,F3,13,PRY,predicted_foreground_scarcity,0.45000000000000007,0.45454545454545453,0.45380941947192394,0.8307589538583812,0.9414042931452054
P2,F3,13,PRY,predicted_foreground_scarcity,0.5000000000000001,0.5151515151515151,0.5164856486638654,0.8637748701812865,0.960795576531208
P2,F3,13,PRY,predicted_foreground_scarcity,0.5500000000000002,0.5606060606060606,0.5623559860802357,0.8745859294604702,0.9707120338389336
P2,F3,13,PRY,predicted_foreground_scarcity,0.6000000000000002,0.6060606060606061,0.6075007318167079,0.9051871139172185,0.9793469131012871
P2,F3,13,PRY,predicted_foreground_scarcity,0.6500000000000001,0.6515151515151515,0.654799397417281,0.9121095429728856,0.9856022569333278
P2,F3,13,PRY,predicted_foreground_scarcity,0.7000000000000002,0.7121212121212122,0.7175209760892161,0.9350446766172105,0.9921739932879586
P2,F3,13,PRY,predicted_foreground_scarcity,0.7500000000000002,0.7575757575757576,0.764078412258169,0.9359669751869063,0.9962550801716052
P2,F3,13,PRY,predicted_foreground_scarcity,0.8000000000000002,0.803030303030303,0.8109956370071244,0.9362538960441992,0.9988540187500236
P2,F3,13,PRY,predicted_foreground_scarcity,0.8500000000000002,0.8636363636363636,0.8740378497345582,0.9735143134213718,0.9998568700493045
P2,F3,13,PRY,predicted_foreground_scarcity,0.9000000000000002,0.9090909090909091,0.9185223816223699,0.98860768503059,1.0
P2,F3,13,PRY,predicted_foreground_scarcity,0.9500000000000003,0.9545454545454546,0.9563060767521304,0.9999836892535906,1.0
P2,F3,13,PRY,predicted_foreground_scarcity,1.0000000000000004,1.0151515151515151,1.0,1.0,1.0
P2,F3,13,SOM,georisk_v2,0.1,0.11538461538461539,0.1167421616046323,0.37167911418273697,0.2608480754577095
P2,F3,13,SOM,georisk_v2,0.15000000000000002,0.15384615384615385,0.16021928173527392,0.37167911418273697,0.26780667851986095
P2,F3,13,SOM,georisk_v2,0.20000000000000004,0.23076923076923078,0.23659405841843764,0.4700616516467592,0.4355270895831474
P2,F3,13,SOM,georisk_v2,0.25000000000000006,0.2692307692307692,0.2812682181972728,0.47032746542277254,0.4503229881033287
P2,F3,13,SOM,georisk_v2,0.30000000000000004,0.3076923076923077,0.3222993432749836,0.470970563267966,0.4678968360208964
P2,F3,13,SOM,georisk_v2,0.3500000000000001,0.38461538461538464,0.39640657368846194,0.6023454492967367,0.5755755549606075
P2,F3,13,SOM,georisk_v2,0.40000000000000013,0.4230769230769231,0.4306769275027163,0.6745267514412537,0.5964147519639004
P2,F3,13,SOM,georisk_v2,0.45000000000000007,0.46153846153846156,0.4625321752087935,0.6930908425725057,0.6349856869246453
P2,F3,13,SOM,georisk_v2,0.5000000000000001,0.5384615384615384,0.5433218380559615,0.8016114602894227,0.706894302915474
P2,F3,13,SOM,georisk_v2,0.5500000000000002,0.5769230769230769,0.5811045998290688,0.8480259754365205,0.7735650884527463
P2,F3,13,SOM,georisk_v2,0.6000000000000002,0.6153846153846154,0.6207286032186653,0.8766681243551158,0.8132160828167583
P2,F3,13,SOM,georisk_v2,0.6500000000000001,0.6538461538461539,0.6563256930334823,0.9829707690592765,0.9119019342674016
P2,F3,13,SOM,georisk_v2,0.7000000000000002,0.7307692307692307,0.7337157111779462,0.9977963180504703,0.9493676389489557
P2,F3,13,SOM,georisk_v2,0.7500000000000002,0.7692307692307693,0.7750838234782403,0.9997313280113413,0.953747371359662
P2,F3,13,SOM,georisk_v2,0.8000000000000002,0.8076923076923077,0.8183510476469416,0.9998971043447691,0.9808701342980644
P2,F3,13,SOM,georisk_v2,0.8500000000000002,0.8846153846153846,0.8944725721987216,0.999962843235611,0.991494532199271
P2,F3,13,SOM,georisk_v2,0.9000000000000002,0.9230769230769231,0.9193266358906093,0.9999657014482564,0.999210549800578
P2,F3,13,SOM,georisk_v2,0.9500000000000003,0.9615384615384616,0.960371158582912,1.0,1.0
P2,F3,13,SOM,georisk_v2,1.0000000000000004,1.0384615384615385,1.0,1.0,1.0
P2,F3,13,SOM,soft_dice_risk_binary,0.1,0.11538461538461539,0.1167421616046323,0.37167911418273697,0.2608480754577095
P2,F3,13,SOM,soft_dice_risk_binary,0.15000000000000002,0.15384615384615385,0.14820515692793443,0.43377950032726537,0.38522423818055757
P2,F3,13,SOM,soft_dice_risk_binary,0.20000000000000004,0.23076923076923078,0.22420331177868033,0.6490143453692668,0.5876507106195925
P2,F3,13,SOM,soft_dice_risk_binary,0.25000000000000006,0.2692307692307692,0.2691150931385419,0.6852964966887607,0.6309949589600309
P2,F3,13,SOM,soft_dice_risk_binary,0.30000000000000004,0.3076923076923077,0.3009703408446191,0.7038605878200126,0.6695658939207758
P2,F3,13,SOM,soft_dice_risk_binary,0.3500000000000001,0.38461538461538464,0.3817300451369357,0.849392201080976,0.7925485054220355
P2,F3,13,SOM,soft_dice_risk_binary,0.40000000000000013,0.4230769230769231,0.4213540485265322,0.8780343499995713,0.8321994997860476
P2,F3,13,SOM,soft_dice_risk_binary,0.45000000000000007,0.46153846153846156,0.45562440234078655,0.9502156521440882,0.8530386967893404
P2,F3,13,SOM,soft_dice_risk_binary,0.5000000000000001,0.5384615384615384,0.5401060383979356,0.9653070149112953,0.9029639850530762
P2,F3,13,SOM,soft_dice_risk_binary,0.5500000000000002,0.5769230769230769,0.5811371634756464,0.9659501127564889,0.9205378329706438
P2,F3,13,SOM,soft_dice_risk_binary,0.6000000000000002,0.6153846153846154,0.6189498838036052,0.9753536323595403,0.9361346229974852
P2,F3,13,SOM,soft_dice_risk_binary,0.6500000000000001,0.6538461538461539,0.6622171079723064,0.9755194086929679,0.9632573859358875
P2,F3,13,SOM,soft_dice_risk_binary,0.7000000000000002,0.7307692307692307,0.7305482917948356,0.9755222669056133,0.977932006599346
P2,F3,13,SOM,soft_dice_risk_binary,0.7500000000000002,0.7692307692307693,0.764254457172385,0.9979649525965433,0.9818701045506656
P2,F3,13,SOM,soft_dice_risk_binary,0.8000000000000002,0.8076923076923077,0.8054258850473504,0.9980306914873853,0.9869797923631562
P2,F3,13,SOM,soft_dice_risk_binary,0.8500000000000002,0.8846153846153846,0.8779585235903151,0.9980306914873853,0.9948308173898717
P2,F3,13,SOM,soft_dice_risk_binary,0.9000000000000002,0.9230769230769231,0.9193266358906093,0.9999657014482564,0.999210549800578
P2,F3,13,SOM,soft_dice_risk_binary,0.9500000000000003,0.9615384615384616,0.960371158582912,1.0,1.0
P2,F3,13,SOM,soft_dice_risk_binary,1.0000000000000004,1.0384615384615385,1.0,1.0,1.0
P2,F3,13,SOM,predicted_foreground_fraction,0.1,0.11538461538461539,0.1182559059755408,3.429855174365263e-05,0.003125765137421541
P2,F3,13,SOM,predicted_foreground_fraction,0.15000000000000002,0.15384615384615385,0.15962401827583492,0.0019693085126147214,0.007505497548127859
P2,F3,13,SOM,predicted_foreground_fraction,0.20000000000000004,0.23076923076923078,0.23450161152834964,0.024477733094386757,0.01655328331193809
P2,F3,13,SOM,predicted_foreground_fraction,0.25000000000000006,0.2692307692307692,0.2694517082051644,0.024477733094386757,0.022067993400653987
P2,F3,13,SOM,predicted_foreground_fraction,0.30000000000000004,0.3076923076923077,0.312928828335806,0.024477733094386757,0.029026596462805455
P2,F3,13,SOM,predicted_foreground_fraction,0.3500000000000001,0.38461538461538464,0.3824570518065288,0.02474640508304537,0.05153851258429383
P2,F3,13,SOM,predicted_foreground_fraction,0.40000000000000013,0.4230769230769231,0.42026977213448746,0.034149924686096796,0.06713530261113514
P2,F3,13,SOM,predicted_foreground_fraction,0.45000000000000007,0.46153846153846156,0.4613008972121983,0.03479302253129028,0.0847091505287028
P2,F3,13,SOM,predicted_foreground_fraction,0.5000000000000001,0.5384615384615384,0.5388384751951539,0.10714010100923488,0.1326711104703979
P2,F3,13,SOM,predicted_foreground_fraction,0.5500000000000002,0.5769230769230769,0.5786459514734678,0.12196565000042874,0.16780050021395246
P2,F3,13,SOM,predicted_foreground_fraction,0.6000000000000002,0.6153846153846154,0.6235577328333294,0.1582478013199226,0.21114474855439083
P2,F3,13,SOM,predicted_foreground_fraction,0.6500000000000001,0.6538461538461539,0.6631817362229259,0.18688995023851784,0.2507957429184029
P2,F3,13,SOM,predicted_foreground_fraction,0.7000000000000002,0.7307692307692307,0.7380139264482124,0.3045711394836353,0.3456785038431351
P2,F3,13,SOM,predicted_foreground_fraction,0.7500000000000002,0.7692307692307693,0.7757966882213196,0.3509856546307332,0.41234928938040744
P2,F3,13,SOM,predicted_foreground_fraction,0.8000000000000002,0.8076923076923077,0.7963216476981875,0.3575795512034504,0.4547782331418059
P2,F3,13,SOM,predicted_foreground_fraction,0.8500000000000002,0.8846153846153846,0.892538849825952,0.7226647688134702,0.673197364838117
P2,F3,13,SOM,predicted_foreground_fraction,0.9000000000000002,0.9230769230769231,0.9329399148618809,0.8315969691513109,0.7769379858265086
P2,F3,13,SOM,predicted_foreground_fraction,0.9500000000000003,0.9615384615384616,0.9685370046766979,0.9378996138554716,0.875623837277152
P2,F3,13,SOM,predicted_foreground_fraction,1.0000000000000004,1.0384615384615385,1.0,1.0,1.0
P2,F3,13,SOM,predicted_foreground_scarcity,0.1,0.11538461538461539,0.10746115017404805,0.2773352311865298,0.32680263516188307
P2,F3,13,SOM,predicted_foreground_scarcity,0.15000000000000002,0.15384615384615385,0.15491922261829955,0.4052030902995121,0.43991368677819653
P2,F3,13,SOM,predicted_foreground_scarcity,0.20000000000000004,0.23076923076923078,0.22420331177868033,0.6490143453692668,0.5876507106195925
P2,F3,13,SOM,predicted_foreground_scarcity,0.25000000000000006,0.2692307692307692,0.26198607355178766,0.6954288605163647,0.6543214961568649
P2,F3,13,SOM,predicted_foreground_scarcity,0.30000000000000004,0.3076923076923077,0.30496301607099696,0.7945459586302301,0.7106333221208523
P2,F3,13,SOM,predicted_foreground_scarcity,0.3500000000000001,0.38461538461538464,0.3764422671666706,0.8417521986800774,0.7888552514456092
P2,F3,13,SOM,predicted_foreground_scarcity,0.40000000000000013,0.4230769230769231,0.4213540485265322,0.8780343499995713,0.8321994997860476
P2,F3,13,SOM,predicted_foreground_scarcity,0.45000000000000007,0.46153846153846156,0.46116152480484607,0.8928598989907651,0.8673288895296021
P2,F3,13,SOM,predicted_foreground_scarcity,0.5000000000000001,0.5384615384615384,0.5386991027878016,0.9652069774687098,0.9152908494712972
P2,F3,13,SOM,predicted_foreground_scarcity,0.5500000000000002,0.5769230769230769,0.5797302278655125,0.9658500753139032,0.9328646973888649
P2,F3,13,SOM,predicted_foreground_scarcity,0.6000000000000002,0.6153846153846154,0.6175429481934712,0.9752535949169546,0.9484614874157061
P2,F3,13,SOM,predicted_foreground_scarcity,0.6500000000000001,0.6538461538461539,0.6622171079723064,0.9755194086929679,0.9632573859358875
P2,F3,13,SOM,predicted_foreground_scarcity,0.7000000000000002,0.7307692307692307,0.7305482917948356,0.9755222669056133,0.977932006599346
P2,F3,13,SOM,predicted_foreground_scarcity,0.7500000000000002,0.7692307692307693,0.7654983884716504,0.9755222669056133,0.9834467166880619
P2,F3,13,SOM,predicted_foreground_scarcity,0.8000000000000002,0.8076923076923077,0.8066698163466156,0.9755880057964552,0.9885564045005526
P2,F3,13,SOM,predicted_foreground_scarcity,0.8500000000000002,0.8846153846153846,0.8817440940244592,0.9999657014482564,0.9968742348625784
P2,F3,13,SOM,predicted_foreground_scarcity,0.9000000000000002,0.9230769230769231,0.9193266358906093,0.9999657014482564,0.999210549800578
P2,F3,13,SOM,predicted_foreground_scarcity,0.9500000000000003,0.9615384615384616,0.960371158582912,1.0,1.0
P2,F3,13,SOM,predicted_foreground_scarcity,1.0000000000000004,1.0384615384615385,1.0,1.0,1.0
P2,F3,37,IND,georisk_v2,0.1,0.10294117647058823,0.08112816558395416,0.31922911399796283,0.41837531818560253
P2,F3,37,IND,georisk_v2,0.15000000000000002,0.16176470588235295,0.14954467221515721,0.47086145634868287,0.6362324462811771
P2,F3,37,IND,georisk_v2,0.20000000000000004,0.20588235294117646,0.19956267933975883,0.48342895699206107,0.665754401752021
P2,F3,37,IND,georisk_v2,0.25000000000000006,0.2647058823529412,0.26248435453403346,0.5238850093965653,0.7217066498502882
P2,F3,37,IND,georisk_v2,0.30000000000000004,0.3088235294117647,0.31250510369060785,0.5858298929721477,0.7725696996965612
P2,F3,37,IND,georisk_v2,0.3500000000000001,0.35294117647058826,0.3576433639649515,0.6273245415795313,0.8193727278256151
P2,F3,37,IND,georisk_v2,0.40000000000000013,0.4117647058823529,0.42722382972917755,0.7186063887993807,0.8671718665766801
P2,F3,37,IND,georisk_v2,0.45000000000000007,0.45588235294117646,0.4699444872283173,0.7534174735025508,0.8989098286654302
P2,F3,37,IND,georisk_v2,0.5000000000000001,0.5147058823529411,0.5348522629956431,0.8290538772456061,0.9305202508049483
P2,F3,37,IND,georisk_v2,0.5500000000000002,0.5588235294117647,0.5777573723040726,0.8503145524574883,0.9411397229666973
P2,F3,37,IND,georisk_v2,0.6000000000000002,0.6029411764705882,0.6264607422948065,0.8840362194881953,0.9429365010477762
P2,F3,37,IND,georisk_v2,0.6500000000000001,0.6617647058823529,0.6908208473346947,0.894001552758092,0.9464922675953464
P2,F3,37,IND,georisk_v2,0.7000000000000002,0.7058823529411765,0.7241385421686062,0.9288099341916034,0.9825329315824932
P2,F3,37,IND,georisk_v2,0.7500000000000002,0.7647058823529411,0.7882892495961354,0.9517871856367713,0.9861867149428993
P2,F3,37,IND,georisk_v2,0.8000000000000002,0.8088235294117647,0.8341570910117195,0.9628895141251246,0.9884676724608774
P2,F3,37,IND,georisk_v2,0.8500000000000002,0.8529411764705882,0.8709373034389428,0.9720465697670646,0.9908891601081019
P2,F3,37,IND,georisk_v2,0.9000000000000002,0.9117647058823529,0.9206985627405339,0.9774314829272301,0.9909671011881881
P2,F3,37,IND,georisk_v2,0.9500000000000003,0.9558823529411765,0.9648466150785676,0.9960407912578422,0.9909671011881881
P2,F3,37,IND,georisk_v2,1.0000000000000004,1.0147058823529411,1.0,1.0,1.0
P2,F3,37,IND,soft_dice_risk_binary,0.1,0.10294117647058823,0.09740607119318184,0.4397711520037716,0.5891028922635801
P2,F3,37,IND,soft_dice_risk_binary,0.15000000000000002,0.16176470588235295,0.14826909231719423,0.5116013520673525,0.6866408398269472
P2,F3,37,IND,soft_dice_risk_binary,0.20000000000000004,0.20588235294117646,0.19798487401533466,0.5464113554626592,0.7351922280933899
P2,F3,37,IND,soft_dice_risk_binary,0.25000000000000006,0.2647058823529412,0.2544679906222507,0.6134016215292721,0.8146525687785747
P2,F3,37,IND,soft_dice_risk_binary,0.30000000000000004,0.3088235294117647,0.3034874299569668,0.6844289505042138,0.8542732082851369
P2,F3,37,IND,soft_dice_risk_binary,0.3500000000000001,0.35294117647058826,0.35439679810920177,0.7157468701543891,0.8843667316766131
P2,F3,37,IND,soft_dice_risk_binary,0.40000000000000013,0.4117647058823529,0.4149992492851489,0.7643084063035923,0.916943150839018
P2,F3,37,IND,soft_dice_risk_binary,0.45000000000000007,0.45588235294117646,0.460992889777337,0.7815741896138217,0.9369929032284731
P2,F3,37,IND,soft_dice_risk_binary,0.5000000000000001,0.5147058823529411,0.5271605957967325,0.8402432510169701,0.9667563579550387
P2,F3,37,IND,soft_dice_risk_binary,0.5500000000000002,0.5588235294117647,0.5588718611675773,0.8696061660499608,0.9816064955623773
P2,F3,37,IND,soft_dice_risk_binary,0.6000000000000002,0.6029411764705882,0.5979702944306989,0.8830014078628382,0.9871042940220963
P2,F3,37,IND,soft_dice_risk_binary,0.6500000000000001,0.6617647058823529,0.6564661962632792,0.9023308672305327,0.9946970542404967
P2,F3,37,IND,soft_dice_risk_binary,0.7000000000000002,0.7058823529411765,0.7049132197039742,0.9371349234325902,0.9976133496537232
P2,F3,37,IND,soft_dice_risk_binary,0.7500000000000002,0.7647058823529411,0.7718222775384445,0.9503944611086,0.9993924138529642
P2,F3,37,IND,soft_dice_risk_binary,0.8000000000000002,0.8088235294117647,0.8199953652971778,0.9553430665458486,0.9999220589199138
P2,F3,37,IND,soft_dice_risk_binary,0.8500000000000002,0.8529411764705882,0.8596894882866748,0.9683138950223074,1.0
P2,F3,37,IND,soft_dice_risk_binary,0.9000000000000002,0.9117647058823529,0.9156653958574584,0.9803266847317167,1.0
P2,F3,37,IND,soft_dice_risk_binary,0.9500000000000003,0.9558823529411765,0.9579338187175784,0.9988100206962325,1.0
P2,F3,37,IND,soft_dice_risk_binary,1.0000000000000004,1.0147058823529411,1.0,1.0,1.0
P2,F3,37,IND,predicted_foreground_fraction,0.1,0.10294117647058823,0.09833582066843383,0.030339336033719504,0.0
P2,F3,37,IND,predicted_foreground_fraction,0.15000000000000002,0.16176470588235295,0.15764931618069722,0.040549585534695926,0.0
P2,F3,37,IND,predicted_foreground_fraction,0.20000000000000004,0.20588235294117646,0.19416582538673519,0.04465693345415146,0.00019130992384802198
P2,F3,37,IND,predicted_foreground_fraction,0.25000000000000006,0.2647058823529412,0.2632414897526587,0.05213850256161833,0.0012464668186517728
P2,F3,37,IND,predicted_foreground_fraction,0.30000000000000004,0.3088235294117647,0.30847023708210347,0.0742339474441126,0.003114100427081691
P2,F3,37,IND,predicted_foreground_fraction,0.3500000000000001,0.35294117647058826,0.35795976770307675,0.10562701799080024,0.006212848823237306
P2,F3,37,IND,predicted_foreground_fraction,0.40000000000000013,0.4117647058823529,0.4187115593032965,0.1199770546471368,0.01412563984017355
P2,F3,37,IND,predicted_foreground_fraction,0.45000000000000007,0.45588235294117646,0.45803463855169885,0.14713193902288696,0.021548937255659144
P2,F3,37,IND,predicted_foreground_fraction,0.5000000000000001,0.5147058823529411,0.5170321984776373,0.17724852563672813,0.04246548892970955
P2,F3,37,IND,predicted_foreground_fraction,0.5500000000000002,0.5588235294117647,0.5673392558994651,0.2215599812284955,0.06403095914175061
P2,F3,37,IND,predicted_foreground_fraction,0.6000000000000002,0.6029411764705882,0.6104175813739787,0.2350768701760153,0.08627605195363451
P2,F3,37,IND,predicted_foreground_fraction,0.6500000000000001,0.6617647058823529,0.6719000910555252,0.27300428414175515,0.12117298963678866
P2,F3,37,IND,predicted_foreground_fraction,0.7000000000000002,0.7058823529411765,0.7234164514561695,0.3045903681420752,0.15357876507082305
P2,F3,37,IND,predicted_foreground_fraction,0.7500000000000002,0.7647058823529411,0.7844464589833816,0.35233930143186787,0.20588844860051478
P2,F3,37,IND,predicted_foreground_fraction,0.8000000000000002,0.8088235294117647,0.8268758591839512,0.4478398712811119,0.25495294897752524
P2,F3,37,IND,predicted_foreground_fraction,0.8500000000000002,0.8529411764705882,0.8624352654738382,0.4851790537691148,0.30751121731567377
P2,F3,37,IND,predicted_foreground_fraction,0.9000000000000002,0.9117647058823529,0.9190493977059893,0.621884481718328,0.4825804638320913
P2,F3,37,IND,predicted_foreground_fraction,0.9500000000000003,0.9558823529411765,0.9651065730853511,0.8035485280156054,0.7365626920849062
P2,F3,37,IND,predicted_foreground_fraction,1.0000000000000004,1.0147058823529411,1.0,1.0,1.0
P2,F3,37,IND,predicted_foreground_scarcity,0.1,0.10294117647058823,0.09740607119318184,0.4397711520037716,0.5891028922635801
P2,F3,37,IND,predicted_foreground_scarcity,0.15000000000000002,0.16176470588235295,0.1485039038844227,0.5294061673475302,0.7112141271750433
P2,F3,37,IND,predicted_foreground_scarcity,0.20000000000000004,0.20588235294117646,0.19065221236836993,0.6155907292989016,0.7656825424380325
P2,F3,37,IND,predicted_foreground_scarcity,0.25000000000000006,0.2647058823529412,0.24571997232554071,0.6688418976520482,0.8245634856668125
P2,F3,37,IND,predicted_foreground_scarcity,0.30000000000000004,0.3088235294117647,0.29376344891443956,0.6984740583430471,0.8578425554754494
P2,F3,37,IND,predicted_foreground_scarcity,0.3500000000000001,0.35294117647058826,0.3444880308632418,0.7464625013246021,0.8887745359405805
P2,F3,37,IND,predicted_foreground_scarcity,0.40000000000000013,0.4117647058823529,0.3999892993874234,0.7678675311362599,0.9191107395132343
P2,F3,37,IND,predicted_foreground_scarcity,0.45000000000000007,0.45588235294117646,0.45019195895780045,0.8055959844551182,0.9436769413085953
P2,F3,37,IND,predicted_foreground_scarcity,0.5000000000000001,0.5147058823529411,0.5167171991949127,0.8404524840885548,0.9702046602861264
P2,F3,37,IND,predicted_foreground_scarcity,0.5500000000000002,0.5588235294117647,0.5526174868741939,0.8586449482377926,0.9807591815478036
P2,F3,37,IND,predicted_foreground_scarcity,0.6000000000000002,0.6029411764705882,0.5960013148377703,0.8856165509306817,0.9881718506341864
P2,F3,37,IND,predicted_foreground_scarcity,0.6500000000000001,0.6617647058823529,0.659571915305989,0.9150156897770992,0.9950188564272163
P2,F3,37,IND,predicted_foreground_scarcity,0.7000000000000002,0.7058823529411765,0.7049132197039742,0.9371349234325902,0.9976133496537232
P2,F3,37,IND,predicted_foreground_scarcity,0.7500000000000002,0.7647058823529411,0.7718222775384445,0.9503944611086,0.9993924138529642
P2,F3,37,IND,predicted_foreground_scarcity,0.8000000000000002,0.8088235294117647,0.8199953652971778,0.9553430665458486,0.9999220589199138
P2,F3,37,IND,predicted_foreground_scarcity,0.8500000000000002,0.8529411764705882,0.8652439087598893,0.9692767996747426,1.0
P2,F3,37,IND,predicted_foreground_scarcity,0.9000000000000002,0.9117647058823529,0.9113194089382886,0.9864095821177631,1.0
P2,F3,37,IND,predicted_foreground_scarcity,0.9500000000000003,0.9558823529411765,0.9575990901804157,0.9904731370687474,1.0
P2,F3,37,IND,predicted_foreground_scarcity,1.0000000000000004,1.0147058823529411,1.0,1.0,1.0
P2,F3,37,LKA,georisk_v2,0.1,0.11904761904761904,0.1235148813224907,0.17258899227589328,0.38509854120050263
P2,F3,37,LKA,georisk_v2,0.15000000000000002,0.16666666666666666,0.16572495691922554,0.20031291182403432,0.4227897944510519
P2,F3,37,LKA,georisk_v2,0.20000000000000004,0.21428571428571427,0.21812767928091015,0.28496925756182306,0.5788581584588196
P2,F3,37,LKA,georisk_v2,0.25000000000000006,0.2619047619047619,0.2651224333077293,0.36887012287616844,0.7159792636791851
P2,F3,37,LKA,georisk_v2,0.30000000000000004,0.30952380952380953,0.3177445617453964,0.5920584374316729,0.7682803502193911
P2,F3,37,LKA,georisk_v2,0.3500000000000001,0.35714285714285715,0.3631489730119486,0.6096599402251638,0.7891695392451334
P2,F3,37,LKA,georisk_v2,0.40000000000000013,0.40476190476190477,0.4100865168542709,0.6292862666760818,0.8189788403518321
P2,F3,37,LKA,georisk_v2,0.45000000000000007,0.4523809523809524,0.4627085449231933,0.6338276568791682,0.8306740984135303
P2,F3,37,LKA,georisk_v2,0.5000000000000001,0.5238095238095238,0.541641737579694,0.6582922909518458,0.8743792878693195
P2,F3,37,LKA,georisk_v2,0.5500000000000002,0.5714285714285714,0.5925649242752951,0.7201710720760653,0.8836404136512992
P2,F3,37,LKA,georisk_v2,0.6000000000000002,0.6190476190476191,0.6385328056747686,0.7226570110369904,0.8921640763064352
P2,F3,37,LKA,georisk_v2,0.6500000000000001,0.6666666666666666,0.6876266716288975,0.7615736112729931,0.9087712755592289
P2,F3,37,LKA,georisk_v2,0.7000000000000002,0.7142857142857143,0.738948121503592,0.7652319061162436,0.9143064486866773
P2,F3,37,LKA,georisk_v2,0.7500000000000002,0.7619047619047619,0.7787417192021768,0.7711915236457716,0.9166700264075635
P2,F3,37,LKA,georisk_v2,0.8000000000000002,0.8095238095238095,0.8292173616650211,0.9859155648534853,0.9952190887038792
P2,F3,37,LKA,georisk_v2,0.8500000000000002,0.8571428571428571,0.8818394901026883,0.9916420724325363,0.9987871335362617
P2,F3,37,LKA,georisk_v2,0.9000000000000002,0.9047619047619048,0.9271299828439704,0.9938421539359424,0.9987871335362617
P2,F3,37,LKA,georisk_v2,0.9500000000000003,0.9523809523809523,0.9735125878966736,0.9963519143516608,0.9987871335362617
P2,F3,37,LKA,georisk_v2,1.0000000000000004,1.0238095238095237,1.0,1.0,1.0
P2,F3,37,LKA,soft_dice_risk_binary,0.1,0.11904761904761904,0.12824144624937558,0.2999155189121082,0.5686059091122893
P2,F3,37,LKA,soft_dice_risk_binary,0.15000000000000002,0.16666666666666666,0.17591649962798325,0.3282034964791039,0.6454918996646979
P2,F3,37,LKA,soft_dice_risk_binary,0.20000000000000004,0.21428571428571427,0.22250897572591946,0.3464252078634622,0.6943492517857023
P2,F3,37,LKA,soft_dice_risk_binary,0.25000000000000006,0.2619047619047619,0.2729846181887637,0.7648439567096105,0.8162356119096096
P2,F3,37,LKA,soft_dice_risk_binary,0.30000000000000004,0.30952380952380953,0.3212243461252295,0.8025065275039964,0.8623917323496012
P2,F3,37,LKA,soft_dice_risk_binary,0.3500000000000001,0.35714285714285715,0.3681618899675518,0.8221328539549145,0.8922010334562999
P2,F3,37,LKA,soft_dice_risk_binary,0.40000000000000013,0.40476190476190477,0.413566301234104,0.8397343567484055,0.9130902224820422
P2,F3,37,LKA,soft_dice_risk_binary,0.45000000000000007,0.4523809523809524,0.46056215931711514,0.8455051041720726,0.9265207867169284
P2,F3,37,LKA,soft_dice_risk_binary,0.5000000000000001,0.5238095238095238,0.5374215329699784,0.9003497500023396,0.9545191874802615
P2,F3,37,LKA,soft_dice_risk_binary,0.5500000000000002,0.5714285714285714,0.5900435610389008,0.904891140205426,0.9662144455419598
P2,F3,37,LKA,soft_dice_risk_binary,0.6000000000000002,0.6190476190476191,0.6360114424383744,0.9073770791663511,0.9747381081970958
P2,F3,37,LKA,soft_dice_risk_binary,0.6500000000000001,0.6666666666666666,0.6856095609660331,0.9463625914680056,0.9832332130546092
P2,F3,37,LKA,soft_dice_risk_binary,0.7000000000000002,0.7142857142857143,0.7381023140917417,0.9668439379927531,0.9894957700862109
P2,F3,37,LKA,soft_dice_risk_binary,0.7500000000000002,0.7619047619047619,0.7894237639664363,0.9705022328360038,0.9950309432136594
P2,F3,37,LKA,soft_dice_risk_binary,0.8000000000000002,0.8095238095238095,0.8256839803755015,0.9801005775852021,0.9985838692120064
P2,F3,37,LKA,soft_dice_risk_binary,0.8500000000000002,0.8571428571428571,0.8654775780740864,0.9952807996522067,1.0
P2,F3,37,LKA,soft_dice_risk_binary,0.9000000000000002,0.9047619047619048,0.9115982207030409,0.9969321369291252,1.0
P2,F3,37,LKA,soft_dice_risk_binary,0.9500000000000003,0.9523809523809523,0.95903931453768,0.9978756366921868,1.0
P2,F3,37,LKA,soft_dice_risk_binary,1.0000000000000004,1.0238095238095237,1.0,1.0,1.0
P2,F3,37,LKA,predicted_foreground_fraction,0.1,0.11904761904761904,0.11471284351579267,0.0030678630708747836,0.0
P2,F3,37,LKA,predicted_foreground_fraction,0.15000000000000002,0.16666666666666666,0.14800495540566488,0.00471920034779324,2.351818627747428e-05
P2,F3,37,LKA,predicted_foreground_fraction,0.20000000000000004,0.21428571428571427,0.20062708384333203,0.025859039944325857,0.003756190322602321
P2,F3,37,LKA,predicted_foreground_fraction,0.25000000000000006,0.2619047619047619,0.2518193591435575,0.041650962939771705,0.008849557522123894
P2,F3,37,LKA,predicted_foreground_fraction,0.30000000000000004,0.30952380952380953,0.2880793748151333,0.047910900952943265,0.013198742113008245
P2,F3,37,LKA,predicted_foreground_fraction,0.3500000000000001,0.35714285714285715,0.34070150325280046,0.05955704004811934,0.020764878612561398
P2,F3,37,LKA,predicted_foreground_fraction,0.40000000000000013,0.40476190476190477,0.3889137301532099,0.06319151343657665,0.029051679534474302
P2,F3,37,LKA,predicted_foreground_fraction,0.45000000000000007,0.4523809523809524,0.43626750317993274,0.09713368345200105,0.03864709953568381
P2,F3,37,LKA,predicted_foreground_fraction,0.5000000000000001,0.5238095238095238,0.5080047586829252,0.1482315547497854,0.05790681422648685
P2,F3,37,LKA,predicted_foreground_fraction,0.5500000000000002,0.5714285714285714,0.5606268871205924,0.15441492380112148,0.07479959145550695
P2,F3,37,LKA,predicted_foreground_fraction,0.6000000000000002,0.6190476190476191,0.6127446626159848,0.175674721437863,0.09750472043595998
P2,F3,37,LKA,predicted_foreground_fraction,0.6500000000000001,0.6666666666666666,0.6578725579908024,0.1851862880303145,0.12407859105905752
P2,F3,37,LKA,predicted_foreground_fraction,0.7000000000000002,0.7142857142857143,0.7007043175924027,0.2184810249351078,0.1533788914198937
P2,F3,37,LKA,predicted_foreground_fraction,0.7500000000000002,0.7619047619047619,0.747296793690339,0.23670273631946612,0.20223624354089811
P2,F3,37,LKA,predicted_foreground_fraction,0.8000000000000002,0.8095238095238095,0.7949721481751808,0.2663672536670152,0.2647795002049442
P2,F3,37,LKA,predicted_foreground_fraction,0.8500000000000002,0.8571428571428571,0.8475939755066138,0.5005406619471827,0.3542376411931112
P2,F3,37,LKA,predicted_foreground_fraction,0.9000000000000002,0.9047619047619048,0.8949799669003954,0.7430175487552865,0.5085169431733425
P2,F3,37,LKA,predicted_foreground_fraction,0.9500000000000003,0.9523809523809523,0.9473829903683142,0.8490647101311797,0.7183596401045551
P2,F3,37,LKA,predicted_foreground_fraction,1.0000000000000004,1.0238095238095237,1.0,1.0,1.0
P2,F3,37,LKA,predicted_foreground_scarcity,0.1,0.11904761904761904,0.12824144624937558,0.2999155189121082,0.5686059091122893
P2,F3,37,LKA,predicted_foreground_scarcity,0.15000000000000002,0.16666666666666666,0.17871708871221983,0.7183342677582565,0.6904922692361966
P2,F3,37,LKA,predicted_foreground_scarcity,0.20000000000000004,0.21428571428571427,0.2263921420908275,0.7466222453252522,0.7673782597886051
P2,F3,37,LKA,predicted_foreground_scarcity,0.25000000000000006,0.2619047619047619,0.2729846181887637,0.7700336307895707,0.8196843859401562
P2,F3,37,LKA,predicted_foreground_scarcity,0.30000000000000004,0.30952380952380953,0.3212243461252295,0.8025065275039964,0.8623917323496012
P2,F3,37,LKA,predicted_foreground_scarcity,0.3500000000000001,0.35714285714285715,0.3681618899675518,0.8221328539549145,0.8922010334562999
P2,F3,37,LKA,predicted_foreground_scarcity,0.40000000000000013,0.40476190476190477,0.4130621490293188,0.8301759980126101,0.9146054656264909
P2,F3,37,LKA,predicted_foreground_scarcity,0.45000000000000007,0.4523809523809524,0.4656841770982412,0.8474550604001494,0.9345220096626148
P2,F3,37,LKA,predicted_foreground_scarcity,0.5000000000000001,0.5238095238095238,0.5374215329699784,0.9003497500023396,0.9545191874802615
P2,F3,37,LKA,predicted_foreground_scarcity,0.5500000000000002,0.5714285714285714,0.5877992155379649,0.9037426057778939,0.9664513072751829
P2,F3,37,LKA,predicted_foreground_scarcity,0.6000000000000002,0.6190476190476191,0.6373973340656237,0.9388333102208504,0.9758098655431693
P2,F3,37,LKA,predicted_foreground_scarcity,0.6500000000000001,0.6666666666666666,0.6856095609660331,0.9463625914680056,0.9832332130546092
P2,F3,37,LKA,predicted_foreground_scarcity,0.7000000000000002,0.7142857142857143,0.7218697773750984,0.9557278262667271,0.9880141243507301
P2,F3,37,LKA,predicted_foreground_scarcity,0.7500000000000002,0.7619047619047619,0.7743623297633174,0.9731038760059247,0.9938449546770953
P2,F3,37,LKA,predicted_foreground_scarcity,0.8000000000000002,0.8095238095238095,0.8256839803755015,0.9801005775852021,0.9985838692120064
P2,F3,37,LKA,predicted_foreground_scarcity,0.8500000000000002,0.8571428571428571,0.8654775780740864,0.9952807996522067,1.0
P2,F3,37,LKA,predicted_foreground_scarcity,0.9000000000000002,0.9047619047619048,0.9074967523183424,0.9958389023073632,1.0
P2,F3,37,LKA,predicted_foreground_scarcity,0.9500000000000003,0.9523809523809523,0.9538793573710455,0.9983486627230815,1.0
P2,F3,37,LKA,predicted_foreground_scarcity,1.0000000000000004,1.0238095238095237,1.0,1.0,1.0
P2,F3,37,PRY,georisk_v2,0.1,0.10606060606060606,0.10379389298882002,0.19059922716717922,0.26234128860496203
P2,F3,37,PRY,georisk_v2,0.15000000000000002,0.15151515151515152,0.14915498100584546,0.2699613880148635,0.3680297397769517
P2,F3,37,PRY,georisk_v2,0.20000000000000004,0.21212121212121213,0.2096824628207942,0.34384758645436997,0.45552124076649697
P2,F3,37,PRY,georisk_v2,0.25000000000000006,0.25757575757575757,0.25659234985548013,0.3978139151426004,0.5484804659601029
P2,F3,37,PRY,georisk_v2,0.30000000000000004,0.30303030303030304,0.29581934932397697,0.4656614304228042,0.6453246704428323
P2,F3,37,PRY,georisk_v2,0.3500000000000001,0.36363636363636365,0.35886186277740545,0.6426960477578655,0.7683507732038648
P2,F3,37,PRY,georisk_v2,0.40000000000000013,0.4090909090909091,0.40616191171755384,0.7007141141337067,0.8102407552858734
P2,F3,37,PRY,georisk_v2,0.45000000000000007,0.45454545454545453,0.45346172007690644,0.7125490434488628,0.8418692745027049
P2,F3,37,PRY,georisk_v2,0.5000000000000001,0.5151515151515151,0.5122031300644138,0.7165066236458374,0.8502182539289994
P2,F3,37,PRY,georisk_v2,0.5500000000000002,0.5606060606060606,0.5594600548969288,0.8452821907408341,0.8942759370674243
P2,F3,37,PRY,georisk_v2,0.6000000000000002,0.6060606060606061,0.6067601639822762,0.8704971218946563,0.9125942310266805
P2,F3,37,PRY,georisk_v2,0.6500000000000001,0.6515151515151515,0.6538070016349269,0.8726338296742893,0.9797019559429764
P2,F3,37,PRY,georisk_v2,0.7000000000000002,0.7121212121212122,0.7168285244139286,0.8993360043416241,0.9855587716052925
P2,F3,37,PRY,georisk_v2,0.7500000000000002,0.7575757575757576,0.7637457491628841,0.900063315351971,0.9877020720109367
P2,F3,37,PRY,georisk_v2,0.8000000000000002,0.803030303030303,0.811044414763457,0.940122508533486,0.9954469704613635
P2,F3,37,PRY,georisk_v2,0.8500000000000002,0.8636363636363636,0.8712468117781862,0.9401699579775861,0.9999835130738027
P2,F3,37,PRY,georisk_v2,0.9000000000000002,0.9090909090909091,0.9149407951712547,0.9401966482898924,0.9999835130738027
P2,F3,37,PRY,georisk_v2,0.9500000000000003,0.9545454545454546,0.9622163048702395,0.9849066283907818,0.9999835130738027
P2,F3,37,PRY,georisk_v2,1.0000000000000004,1.0151515151515151,1.0,1.0,1.0
P2,F3,37,PRY,soft_dice_risk_binary,0.1,0.10606060606060606,0.10601830302606735,0.27695499123668077,0.3830816439180059
P2,F3,37,PRY,soft_dice_risk_binary,0.15000000000000002,0.15151515151515152,0.15046001153224045,0.3995739929596887,0.5466431629046798
P2,F3,37,PRY,soft_dice_risk_binary,0.20000000000000004,0.21212121212121213,0.20697839482207578,0.47197739627106683,0.6561137149463219
P2,F3,37,PRY,soft_dice_risk_binary,0.25000000000000006,0.25757575757575757,0.24906379486974686,0.5527230049732949,0.7166266693837121
P2,F3,37,PRY,soft_dice_risk_binary,0.30000000000000004,0.30303030303030304,0.29634008645631765,0.6685648915631923,0.7877769886035771
P2,F3,37,PRY,soft_dice_risk_binary,0.3500000000000001,0.36363636363636365,0.3594067782797162,0.7846165936637198,0.8725619957885796
P2,F3,37,PRY,soft_dice_risk_binary,0.40000000000000013,0.4090909090909091,0.40650931038657667,0.8002904795656003,0.9109659821954387
P2,F3,37,PRY,soft_dice_risk_binary,0.45000000000000007,0.45454545454545453,0.4534188966952679,0.8045898440396084,0.9333064266697794
P2,F3,37,PRY,soft_dice_risk_binary,0.5000000000000001,0.5151515151515151,0.5164857088090643,0.8445267066230527,0.9588182962674259
P2,F3,37,PRY,soft_dice_risk_binary,0.5500000000000002,0.5606060606060606,0.561630093674343,0.8548076666439305,0.9680034925904456
P2,F3,37,PRY,soft_dice_risk_binary,0.6000000000000002,0.6060606060606061,0.607602918509691,0.8786562020871824,0.9774063163392693
P2,F3,37,PRY,soft_dice_risk_binary,0.6500000000000001,0.6515151515151515,0.6548005401760606,0.8802353788986391,0.9843466527912695
P2,F3,37,PRY,soft_dice_risk_binary,0.7000000000000002,0.7121212121212122,0.717035123172255,0.9334291713251147,0.9928855616073566
P2,F3,37,PRY,soft_dice_risk_binary,0.7500000000000002,0.7575757575757576,0.7640819608249059,0.9350394868342621,0.9960958958764878
P2,F3,37,PRY,soft_dice_risk_binary,0.8000000000000002,0.803030303030303,0.801864212469892,0.9360670638580549,0.9980189309481368
P2,F3,37,PRY,soft_dice_risk_binary,0.8500000000000002,0.8636363636363636,0.8617304579677983,0.9401536472311767,1.0
P2,F3,37,PRY,soft_dice_risk_binary,0.9000000000000002,0.9090909090909091,0.905424381215668,0.9401699579775861,1.0
P2,F3,37,PRY,soft_dice_risk_binary,0.9500000000000003,0.9545454545454546,0.9526998909146527,0.9735573144800875,1.0
P2,F3,37,PRY,soft_dice_risk_binary,1.0000000000000004,1.0151515151515151,1.0,1.0,1.0
P2,F3,37,PRY,predicted_foreground_fraction,0.1,0.10606060606060606,0.10673619612050235,0.04473667041319569,0.0
P2,F3,37,PRY,predicted_foreground_fraction,0.15000000000000002,0.15151515151515152,0.14451983110506397,0.059846352768823344,1.6486926197264094e-05
P2,F3,37,PRY,predicted_foreground_fraction,0.20000000000000004,0.21212121212121213,0.20720165380050595,0.06396259204450758,0.0020292108763592647
P2,F3,37,PRY,predicted_foreground_fraction,0.25000000000000006,0.25757575757575757,0.2514329142556211,0.06509767171508982,0.004846496824947753
P2,F3,37,PRY,predicted_foreground_fraction,0.30000000000000004,0.30303030303030304,0.29799131274775686,0.06746198854689044,0.0081768559167951
P2,F3,37,PRY,predicted_foreground_fraction,0.3500000000000001,0.36363636363636365,0.36091034810778094,0.1212770721320518,0.01671576473288212
P2,F3,37,PRY,predicted_foreground_fraction,0.40000000000000013,0.4090909090909091,0.4068831729431289,0.1443115530499613,0.024577390620785528
P2,F3,37,PRY,predicted_foreground_fraction,0.45000000000000007,0.45454545454545453,0.45413624848291256,0.14691459989739059,0.03371840198159663
P2,F3,37,PRY,predicted_foreground_fraction,0.5000000000000001,0.5151515151515151,0.5146574751971725,0.17231562183979288,0.0507170823680238
P2,F3,37,PRY,predicted_foreground_fraction,0.5500000000000002,0.5606060606060606,0.5619575842825199,0.18001058715721482,0.06941061876752973
P2,F3,37,PRY,predicted_foreground_fraction,0.6000000000000002,0.6060606060606061,0.6091030600614167,0.20520253498655106,0.0965632672603279
P2,F3,37,PRY,predicted_foreground_fraction,0.6500000000000001,0.6515151515151515,0.6564029887111672,0.21591276419702196,0.13580610847210378
P2,F3,37,PRY,predicted_foreground_fraction,0.7000000000000002,0.7121212121212122,0.7102041923489172,0.23980133510873336,0.19607109953948718
P2,F3,37,PRY,predicted_foreground_fraction,0.7500000000000002,0.7575757575757576,0.7574804839354881,0.38564980530899967,0.2594923477580748
P2,F3,37,PRY,predicted_foreground_fraction,0.8000000000000002,0.803030303030303,0.8047792096812599,0.5617354337620588,0.33071982579254305
P2,F3,37,PRY,predicted_foreground_fraction,0.8500000000000002,0.8636363636363636,0.8676361751959877,0.6225737764716001,0.46856899415901176
P2,F3,37,PRY,predicted_foreground_fraction,0.9000000000000002,0.9090909090909091,0.9111058771422442,0.7159757829899674,0.5906731480070934
P2,F3,37,PRY,predicted_foreground_fraction,0.9500000000000003,0.9545454545454546,0.9550539740007943,0.8470044572821551,0.7768158205905881
P2,F3,37,PRY,predicted_foreground_fraction,1.0000000000000004,1.0151515151515151,1.0,1.0,1.0
P2,F3,37,PRY,predicted_foreground_scarcity,0.1,0.10606060606060606,0.10336974904596181,0.3205743755208318,0.45442123305061555
P2,F3,37,PRY,predicted_foreground_scarcity,0.15000000000000002,0.15151515151515152,0.14797751844638216,0.4126070207383727,0.5713583842284745
P2,F3,37,PRY,predicted_foreground_scarcity,0.20000000000000004,0.21212121212121213,0.2109874933471892,0.4941955984709417,0.6935845413304158
P2,F3,37,PRY,predicted_foreground_scarcity,0.25000000000000006,0.25757575757575757,0.25826240159418457,0.7245137173377303,0.7631870679188817
P2,F3,37,PRY,predicted_foreground_scarcity,0.30000000000000004,0.30303030303030304,0.30551932642669977,0.7682925020981551,0.8227009146287177
P2,F3,37,PRY,predicted_foreground_scarcity,0.3500000000000001,0.36363636363636365,0.35936359402688406,0.7889693387623405,0.8787729506256129
P2,F3,37,PRY,predicted_foreground_scarcity,0.40000000000000013,0.4090909090909091,0.4066633422410378,0.794797465013449,0.9149610941515597
P2,F3,37,PRY,predicted_foreground_scarcity,0.45000000000000007,0.45454545454545453,0.4538091187459293,0.8254386849386568,0.937918809142726
P2,F3,37,PRY,predicted_foreground_scarcity,0.5000000000000001,0.5151515151515151,0.5164857088090643,0.8445267066230527,0.9588182962674259
P2,F3,37,PRY,predicted_foreground_scarcity,0.5500000000000002,0.5606060606060606,0.561630093674343,0.8556217211692729,0.9695446904513658
P2,F3,37,PRY,predicted_foreground_scarcity,0.6000000000000002,0.6060606060606061,0.6088835300853201,0.8634330859042529,0.9782385763737071
P2,F3,37,PRY,predicted_foreground_scarcity,0.6500000000000001,0.6515151515151515,0.6548563549206682,0.8788215337439688,0.9856933049230621
P2,F3,37,PRY,predicted_foreground_scarcity,0.7000000000000002,0.7121212121212122,0.7177753902806923,0.9330132472916747,0.9929831642104444
P2,F3,37,PRY,predicted_foreground_scarcity,0.7500000000000002,0.7575757575757576,0.7640805173401315,0.9350669185441325,0.9962126233139645
P2,F3,37,PRY,predicted_foreground_scarcity,0.8000000000000002,0.803030303030303,0.8085650492279431,0.9360670638580549,0.9987694158286362
P2,F3,37,PRY,predicted_foreground_scarcity,0.8500000000000002,0.8636363636363636,0.8617304579677983,0.9401536472311767,1.0
P2,F3,37,PRY,predicted_foreground_scarcity,0.9000000000000002,0.9090909090909091,0.9090305670531457,0.9515296514541772,1.0
P2,F3,37,PRY,predicted_foreground_scarcity,0.9500000000000003,0.9545454545454546,0.9527245504462142,0.983996192182111,1.0
P2,F3,37,PRY,predicted_foreground_scarcity,1.0000000000000004,1.0151515151515151,1.0,1.0,1.0
P2,F3,37,SOM,georisk_v2,0.1,0.11538461538461539,0.10074708448368291,0.30591164121428305,0.21556780475982995
P2,F3,37,SOM,georisk_v2,0.15000000000000002,0.15384615384615385,0.13634417429849996,0.4122142859184438,0.33514106494169454
P2,F3,37,SOM,georisk_v2,0.20000000000000004,0.23076923076923078,0.22165702069429044,0.5574286375757783,0.4557494630946887
P2,F3,37,SOM,georisk_v2,0.25000000000000006,0.2692307692307692,0.2691150931385419,0.6852964966887607,0.5095005813788605
P2,F3,37,SOM,georisk_v2,0.30000000000000004,0.3076923076923077,0.3009703408446191,0.7038605878200126,0.5634038120921646
P2,F3,37,SOM,georisk_v2,0.3500000000000001,0.38461538461538464,0.3837547596421423,0.817803234925072,0.6713430496221682
P2,F3,37,SOM,georisk_v2,0.40000000000000013,0.4230769230769231,0.4215375214152496,0.8642177500721698,0.7256201159663909
P2,F3,37,SOM,georisk_v2,0.45000000000000007,0.46153846153846156,0.4650146415458912,0.8642177500721698,0.7280951656607481
P2,F3,37,SOM,georisk_v2,0.5000000000000001,0.5384615384615384,0.5432319623914073,0.8643835264055976,0.8069074511886684
P2,F3,37,SOM,georisk_v2,0.5500000000000002,0.5769230769230769,0.5828559657810037,0.8930256753241927,0.8618973834084013
P2,F3,37,SOM,georisk_v2,0.6000000000000002,0.6153846153846154,0.6171263195952581,0.9652069774687098,0.8861528704131013
P2,F3,37,SOM,georisk_v2,0.6500000000000001,0.6538461538461539,0.6618004793740933,0.9654727912447231,0.8913105130313944
P2,F3,37,SOM,georisk_v2,0.7000000000000002,0.7307692307692307,0.728022655366275,0.9674106594182394,0.9304794635329787
P2,F3,37,SOM,georisk_v2,0.7500000000000002,0.7692307692307693,0.7617288207438244,0.9898533451091694,0.931764684650309
P2,F3,37,SOM,georisk_v2,0.8000000000000002,0.8076923076923077,0.8027599458215352,0.9904964429543629,0.9796324035568527
P2,F3,37,SOM,georisk_v2,0.8500000000000002,0.8846153846153846,0.8817440940244592,0.9999657014482564,0.9977789007169909
P2,F3,37,SOM,georisk_v2,0.9000000000000002,0.9230769230769231,0.9227886167167619,1.0,1.0
P2,F3,37,SOM,georisk_v2,0.9500000000000003,0.9615384615384616,0.9624174581338499,1.0,1.0
P2,F3,37,SOM,georisk_v2,1.0000000000000004,1.0384615384615385,1.0,1.0,1.0
P2,F3,37,SOM,soft_dice_risk_binary,0.1,0.11538461538461539,0.08758504461498698,0.1749969274214063,0.25124074756813475
P2,F3,37,SOM,soft_dice_risk_binary,0.15000000000000002,0.15384615384615385,0.13634417429849996,0.4122142859184438,0.33514106494169454
P2,F3,37,SOM,soft_dice_risk_binary,0.20000000000000004,0.23076923076923078,0.20860048704050602,0.5397105773875365,0.4866321534737065
P2,F3,37,SOM,soft_dice_risk_binary,0.25000000000000006,0.2692307692307692,0.25605855948475753,0.6675784365005187,0.5403832717578783
P2,F3,37,SOM,soft_dice_risk_binary,0.30000000000000004,0.3076923076923077,0.29586603576307136,0.6824039854917127,0.5999262641445223
P2,F3,37,SOM,soft_dice_risk_binary,0.3500000000000001,0.38461538461538464,0.37875726332136916,0.7112119107437355,0.7189349036148617
P2,F3,37,SOM,soft_dice_risk_binary,0.40000000000000013,0.4230769230769231,0.41654002509447646,0.7576264258908334,0.7732119699590844
P2,F3,37,SOM,soft_dice_risk_binary,0.45000000000000007,0.46153846153846156,0.4595169676136857,0.8567435240046989,0.8216082151024439
P2,F3,37,SOM,soft_dice_risk_binary,0.5000000000000001,0.5384615384615384,0.5254021563832841,0.8573894800625377,0.9017559961946111
P2,F3,37,SOM,soft_dice_risk_binary,0.5500000000000002,0.5769230769230769,0.5703139377431458,0.8936716313820315,0.9247765365288975
P2,F3,37,SOM,soft_dice_risk_binary,0.6000000000000002,0.6153846153846154,0.6045842915574001,0.9658529335265486,0.9490320235335975
P2,F3,37,SOM,soft_dice_risk_binary,0.6500000000000001,0.6538461538461539,0.6395343882342148,0.9658529335265486,0.9638256018109114
P2,F3,37,SOM,soft_dice_risk_binary,0.7000000000000002,0.7307692307692307,0.7185185364371388,0.9753221920204419,0.9819720989710496
P2,F3,37,SOM,soft_dice_risk_binary,0.7500000000000002,0.7692307692307693,0.759886648737433,0.977257201981313,0.9888609872870103
P2,F3,37,SOM,soft_dice_risk_binary,0.8000000000000002,0.8076923076923077,0.8045608085162681,0.9775230157573264,0.9940186299053035
P2,F3,37,SOM,soft_dice_risk_binary,0.8500000000000002,0.8846153846153846,0.8890824513392125,0.97755731430907,0.9987147788826698
P2,F3,37,SOM,soft_dice_risk_binary,0.9000000000000002,0.9230769230769231,0.9227886167167619,1.0,1.0
P2,F3,37,SOM,soft_dice_risk_binary,0.9500000000000003,0.9615384615384616,0.960371158582912,1.0,1.0
P2,F3,37,SOM,soft_dice_risk_binary,1.0000000000000004,1.0384615384615385,1.0,1.0,1.0
P2,F3,37,SOM,predicted_foreground_fraction,0.1,0.11538461538461539,0.11091754866078747,0.022442685690930032,0.0012852211173302464
P2,F3,37,SOM,predicted_foreground_fraction,0.15000000000000002,0.15384615384615385,0.15196207135309023,0.022476984242673685,0.003506320400339288
P2,F3,37,SOM,predicted_foreground_fraction,0.20000000000000004,0.23076923076923078,0.240113351262567,0.022742798018686994,0.011139012712989628
P2,F3,37,SOM,predicted_foreground_fraction,0.25000000000000006,0.2692307692307692,0.28148146356286113,0.024677807979558063,0.018027901028950348
P2,F3,37,SOM,predicted_foreground_fraction,0.30000000000000004,0.3076923076923077,0.31929418389081987,0.03408132758260949,0.025605162541154147
P2,F3,37,SOM,predicted_foreground_fraction,0.3500000000000001,0.38461538461538464,0.3954157084425999,0.03414706647345149,0.05096797646640249
P2,F3,37,SOM,predicted_foreground_fraction,0.40000000000000013,0.4230769230769231,0.4403274898024615,0.07042921779294536,0.0739885168006889
P2,F3,37,SOM,predicted_foreground_fraction,0.45000000000000007,0.46153846153846156,0.4745978436167158,0.14261051993746232,0.0982440038053889
P2,F3,37,SOM,predicted_foreground_fraction,0.5000000000000001,0.5384615384615384,0.538099745612793,0.248321514624045,0.16984512892172912
P2,F3,37,SOM,predicted_foreground_fraction,0.5500000000000002,0.5769230769230769,0.5855578180570444,0.37618937373702727,0.22359624720590093
P2,F3,37,SOM,predicted_foreground_fraction,0.6000000000000002,0.6153846153846154,0.6265889431347552,0.3768324715822208,0.2714639661124446
P2,F3,37,SOM,predicted_foreground_fraction,0.6500000000000001,0.6538461538461539,0.6514430068266429,0.37683532979486606,0.3037440282980682
P2,F3,37,SOM,predicted_foreground_fraction,0.7000000000000002,0.7307692307692307,0.7288497719893466,0.4518919938605592,0.41301102686202373
P2,F3,37,SOM,predicted_foreground_fraction,0.7500000000000002,0.7692307692307693,0.772116996158048,0.4520577701939869,0.4770297341126302
P2,F3,37,SOM,predicted_foreground_fraction,0.8000000000000002,0.8076923076923077,0.8119244724363618,0.4668833191851807,0.5365727264992742
P2,F3,37,SOM,predicted_foreground_fraction,0.8500000000000002,0.8846153846153846,0.892538849825952,0.7226647688134702,0.6743762745861381
P2,F3,37,SOM,predicted_foreground_fraction,0.9000000000000002,0.9230769230769231,0.9329399148618809,0.8315969691513109,0.771964132404846
P2,F3,37,SOM,predicted_foreground_fraction,0.9500000000000003,0.9615384615384616,0.9685370046766979,0.9378996138554716,0.8915373925867105
P2,F3,37,SOM,predicted_foreground_fraction,1.0000000000000004,1.0384615384615385,1.0,1.0,1.0
P2,F3,37,SOM,predicted_foreground_scarcity,0.1,0.11538461538461539,0.10746115017404805,0.2773352311865298,0.3256237254138618
P2,F3,37,SOM,predicted_foreground_scarcity,0.15000000000000002,0.15384615384615385,0.15622027985756104,0.5145525896835673,0.4095240427874216
P2,F3,37,SOM,predicted_foreground_scarcity,0.20000000000000004,0.23076923076923078,0.22788300384195206,0.5479422298060131,0.5229702658873697
P2,F3,37,SOM,predicted_foreground_scarcity,0.25000000000000006,0.2692307692307692,0.27115022801065336,0.5481080061394408,0.5869889731379763
P2,F3,37,SOM,predicted_foreground_scarcity,0.30000000000000004,0.3076923076923077,0.30893298978376066,0.5945225212865387,0.641266039482199
P2,F3,37,SOM,predicted_foreground_scarcity,0.3500000000000001,0.38461538461538464,0.37341105686524473,0.6231675284177792,0.7285360338875554
P2,F3,37,SOM,predicted_foreground_scarcity,0.40000000000000013,0.4230769230769231,0.41444218194295557,0.6238106262629727,0.7764037527940991
P2,F3,37,SOM,predicted_foreground_scarcity,0.45000000000000007,0.46153846153846156,0.46190025438720705,0.751678485375955,0.8301548710782709
P2,F3,37,SOM,predicted_foreground_scarcity,0.5000000000000001,0.5384615384615384,0.5254021563832841,0.8573894800625377,0.9017559961946111
P2,F3,37,SOM,predicted_foreground_scarcity,0.5500000000000002,0.5769230769230769,0.5596725101975385,0.9295707822070547,0.9260114831993111
P2,F3,37,SOM,predicted_foreground_scarcity,0.6000000000000002,0.6153846153846154,0.6045842915574001,0.9658529335265486,0.9490320235335975
P2,F3,37,SOM,predicted_foreground_scarcity,0.6500000000000001,0.6538461538461539,0.6395343882342148,0.9658529335265486,0.9638256018109114
P2,F3,37,SOM,predicted_foreground_scarcity,0.7000000000000002,0.7307692307692307,0.7185185364371388,0.9753221920204419,0.9819720989710496
P2,F3,37,SOM,predicted_foreground_scarcity,0.7500000000000002,0.7692307692307693,0.759886648737433,0.977257201981313,0.9888609872870103
P2,F3,37,SOM,predicted_foreground_scarcity,0.8000000000000002,0.8076923076923077,0.8045608085162681,0.9775230157573264,0.9940186299053035
P2,F3,37,SOM,predicted_foreground_scarcity,0.8500000000000002,0.8846153846153846,0.8890824513392125,0.97755731430907,0.9987147788826698
P2,F3,37,SOM,predicted_foreground_scarcity,0.9000000000000002,0.9230769230769231,0.9227886167167619,1.0,1.0
P2,F3,37,SOM,predicted_foreground_scarcity,0.9500000000000003,0.9615384615384616,0.9624174581338499,1.0,1.0
P2,F3,37,SOM,predicted_foreground_scarcity,1.0000000000000004,1.0384615384615385,1.0,1.0,1.0
P2,F3,71,IND,georisk_v2,0.1,0.10294117647058823,0.09733999491052114,0.4133948092897321,0.5389346554290919
P2,F3,71,IND,georisk_v2,0.15000000000000002,0.16176470588235295,0.14954467221515721,0.47086145634868287,0.6206337614114795
P2,F3,71,IND,georisk_v2,0.20000000000000004,0.20588235294117646,0.19929416084291401,0.48242280002508636,0.6470092846961913
P2,F3,71,IND,georisk_v2,0.25000000000000006,0.2647058823529412,0.262466029734996,0.5129621780135509,0.6759687084863786
P2,F3,71,IND,georisk_v2,0.30000000000000004,0.3088235294117647,0.3133717195516577,0.6003978131629769,0.7280325092963597
P2,F3,71,IND,georisk_v2,0.3500000000000001,0.35294117647058826,0.3626658971142789,0.629121134594715,0.7589980447289925
P2,F3,71,IND,georisk_v2,0.40000000000000013,0.4117647058823529,0.42367055756545013,0.6558494430183195,0.7762318237253505
P2,F3,71,IND,georisk_v2,0.45000000000000007,0.45588235294117646,0.47237399443501266,0.6706714705570682,0.7779705734404935
P2,F3,71,IND,georisk_v2,0.5000000000000001,0.5147058823529411,0.5346119004856407,0.7341339697190545,0.8301187098919727
P2,F3,71,IND,georisk_v2,0.5500000000000002,0.5588235294117647,0.5787463764214678,0.7846526731011694,0.8717912830441698
P2,F3,71,IND,georisk_v2,0.6000000000000002,0.6029411764705882,0.628592036804757,0.8193118340495196,0.8968820335775478
P2,F3,71,IND,georisk_v2,0.6500000000000001,0.6617647058823529,0.6870345024532827,0.833689444056375,0.8987822770742829
P2,F3,71,IND,georisk_v2,0.7000000000000002,0.7058823529411765,0.7251532277561852,0.8654615130092149,0.9070519549420387
P2,F3,71,IND,georisk_v2,0.7500000000000002,0.7647058823529411,0.7879487694797128,0.8933960203545392,0.9213908083720769
P2,F3,71,IND,georisk_v2,0.8000000000000002,0.8088235294117647,0.8284901803487932,0.8993843033025305,0.9237731407131207
P2,F3,71,IND,georisk_v2,0.8500000000000002,0.8529411764705882,0.8699495700192912,0.95354809549246,0.9695823471745467
P2,F3,71,IND,georisk_v2,0.9000000000000002,0.9117647058823529,0.9322855873114811,0.9646358263246562,0.980367739284439
P2,F3,71,IND,georisk_v2,0.9500000000000003,0.9558823529411765,0.9675465133893086,0.9856899717346125,0.9885165958785591
P2,F3,71,IND,georisk_v2,1.0000000000000004,1.0147058823529411,1.0,1.0,1.0
P2,F3,71,IND,soft_dice_risk_binary,0.1,0.10294117647058823,0.09733999491052114,0.4133948092897321,0.5389346554290919
P2,F3,71,IND,soft_dice_risk_binary,0.15000000000000002,0.16176470588235295,0.1493593509810957,0.47012616700151166,0.6277550390545795
P2,F3,71,IND,soft_dice_risk_binary,0.20000000000000004,0.20588235294117646,0.20060384894346497,0.5612366269249983,0.6870172756477545
P2,F3,71,IND,soft_dice_risk_binary,0.25000000000000006,0.2647058823529412,0.26439167184698925,0.6342703226406403,0.7768718176005494
P2,F3,71,IND,soft_dice_risk_binary,0.30000000000000004,0.3088235294117647,0.3139176514295517,0.6464285482576886,0.8005785066131703
P2,F3,71,IND,soft_dice_risk_binary,0.3500000000000001,0.35294117647058826,0.3594492260949151,0.6784055250506593,0.8341763906857564
P2,F3,71,IND,soft_dice_risk_binary,0.40000000000000013,0.4117647058823529,0.42498780297363337,0.7434661972348795,0.8775081629125344
P2,F3,71,IND,soft_dice_risk_binary,0.45000000000000007,0.45588235294117646,0.4677638361428572,0.7920909898940967,0.8997542303894214
P2,F3,71,IND,soft_dice_risk_binary,0.5000000000000001,0.5147058823529411,0.5284664049252245,0.8379146545329507,0.9246583658862928
P2,F3,71,IND,soft_dice_risk_binary,0.5500000000000002,0.5588235294117647,0.5693150571329113,0.8873093383909706,0.96480751436547
P2,F3,71,IND,soft_dice_risk_binary,0.6000000000000002,0.6029411764705882,0.6125991687630393,0.8992448145881407,0.9721076314185554
P2,F3,71,IND,soft_dice_risk_binary,0.6500000000000001,0.6617647058823529,0.6724327140465269,0.916540333864616,0.9815107563830417
P2,F3,71,IND,soft_dice_risk_binary,0.7000000000000002,0.7058823529411765,0.7218369072822016,0.9339850736262524,0.9856892584504612
P2,F3,71,IND,soft_dice_risk_binary,0.7500000000000002,0.7647058823529411,0.7787019020004461,0.9463606421238616,0.99599555234163
P2,F3,71,IND,soft_dice_risk_binary,0.8000000000000002,0.8088235294117647,0.8213101361887026,0.9529463476664295,0.996806011875176
P2,F3,71,IND,soft_dice_risk_binary,0.8500000000000002,0.8529411764705882,0.8593449954405359,0.975526218471766,0.9993929030062366
P2,F3,71,IND,soft_dice_risk_binary,0.9000000000000002,0.9117647058823529,0.915538994871397,0.9924984266970587,0.999923439985023
P2,F3,71,IND,soft_dice_risk_binary,0.9500000000000003,0.9558823529411765,0.9564768634364416,0.9997853603890978,1.0
P2,F3,71,IND,soft_dice_risk_binary,1.0000000000000004,1.0147058823529411,1.0,1.0,1.0
P2,F3,71,IND,predicted_foreground_fraction,0.1,0.10294117647058823,0.10089373522604878,0.01347796186443427,0.00015850315600717988
P2,F3,71,IND,predicted_foreground_fraction,0.15000000000000002,0.16176470588235295,0.15262190087688177,0.02785394990949453,0.0007380863943881509
P2,F3,71,IND,predicted_foreground_fraction,0.20000000000000004,0.20588235294117646,0.19648478188974824,0.04786247061545881,0.001404995899852323
P2,F3,71,IND,predicted_foreground_fraction,0.25000000000000006,0.2647058823529412,0.2604011459018493,0.06157832020986023,0.0038914020112555186
P2,F3,71,IND,predicted_foreground_fraction,0.30000000000000004,0.3088235294117647,0.31264568298833334,0.06958324232325483,0.008409041020018649
P2,F3,71,IND,predicted_foreground_fraction,0.3500000000000001,0.35294117647058826,0.35684650272213553,0.08155602364171513,0.014122930262798233
P2,F3,71,IND,predicted_foreground_fraction,0.40000000000000013,0.4117647058823529,0.41938101637762193,0.13589931293698354,0.024929256751785853
P2,F3,71,IND,predicted_foreground_fraction,0.45000000000000007,0.45588235294117646,0.4615174873089063,0.1478639844464677,0.034427483609876484
P2,F3,71,IND,predicted_foreground_fraction,0.5000000000000001,0.5147058823529411,0.5245632227302413,0.1729351885692783,0.05652641230797941
P2,F3,71,IND,predicted_foreground_fraction,0.5500000000000002,0.5588235294117647,0.5689880865398667,0.205742609801407,0.07707739320326505
P2,F3,71,IND,predicted_foreground_fraction,0.6000000000000002,0.6029411764705882,0.6196907991117154,0.22992984474581696,0.1030910507921868
P2,F3,71,IND,predicted_foreground_fraction,0.6500000000000001,0.6617647058823529,0.68488989905644,0.2734822222174164,0.14256013101332562
P2,F3,71,IND,predicted_foreground_fraction,0.7000000000000002,0.7058823529411765,0.7220329291288398,0.2900132568344064,0.16659040571424813
P2,F3,71,IND,predicted_foreground_fraction,0.7500000000000002,0.7647058823529411,0.7773678700062833,0.341227781826675,0.21413238063964696
P2,F3,71,IND,predicted_foreground_fraction,0.8000000000000002,0.8088235294117647,0.8164362746753618,0.38734880612798794,0.25789540107578784
P2,F3,71,IND,predicted_foreground_fraction,0.8500000000000002,0.8529411764705882,0.8624352654738382,0.4851790537691148,0.327853909136421
P2,F3,71,IND,predicted_foreground_fraction,0.9000000000000002,0.9117647058823529,0.9190493977059893,0.621884481718328,0.49683262844288295
P2,F3,71,IND,predicted_foreground_fraction,0.9500000000000003,0.9558823529411765,0.9651065730853511,0.8035485280156054,0.7392300096118706
P2,F3,71,IND,predicted_foreground_fraction,1.0000000000000004,1.0147058823529411,1.0,1.0,1.0
P2,F3,71,IND,predicted_foreground_scarcity,0.1,0.10294117647058823,0.09740607119318184,0.4397711520037716,0.5750189456130812
P2,F3,71,IND,predicted_foreground_scarcity,0.15000000000000002,0.16176470588235295,0.1485039038844227,0.5294061673475302,0.6907800807588533
P2,F3,71,IND,predicted_foreground_scarcity,0.20000000000000004,0.20588235294117646,0.20063019920193495,0.6391459397971034,0.7620748003308828
P2,F3,71,IND,predicted_foreground_scarcity,0.25000000000000006,0.2647058823529412,0.24571997232554071,0.6688418976520482,0.8081202662135271
P2,F3,71,IND,predicted_foreground_scarcity,0.30000000000000004,0.3088235294117647,0.2856833494789972,0.7196720176988471,0.8386174696795425
P2,F3,71,IND,predicted_foreground_scarcity,0.3500000000000001,0.35294117647058826,0.33191481108570087,0.7477265502170185,0.8681319535783134
P2,F3,71,IND,predicted_foreground_scarcity,0.40000000000000013,0.4117647058823529,0.3972986972338582,0.7746084043572382,0.906055478497103
P2,F3,71,IND,predicted_foreground_scarcity,0.45000000000000007,0.45588235294117646,0.44141879422153546,0.7972017915108682,0.928014445917826
P2,F3,71,IND,predicted_foreground_scarcity,0.5000000000000001,0.5147058823529411,0.5091861749423087,0.8447658211560046,0.9569068796949083
P2,F3,71,IND,predicted_foreground_scarcity,0.5500000000000002,0.5588235294117647,0.5547195553360443,0.8529518623365333,0.9694836565302403
P2,F3,71,IND,predicted_foreground_scarcity,0.6000000000000002,0.6029411764705882,0.5940024404084557,0.8754695579397193,0.9775948312419889
P2,F3,71,IND,predicted_foreground_scarcity,0.6500000000000001,0.6617647058823529,0.6603072480264893,0.9192971282625761,0.9882019820670127
P2,F3,71,IND,predicted_foreground_scarcity,0.7000000000000002,0.7058823529411765,0.7048862006572183,0.9332092352342005,0.993306979940678
P2,F3,71,IND,predicted_foreground_scarcity,0.7500000000000002,0.7647058823529411,0.7718222775384445,0.9503944611086,0.9977660026879743
P2,F3,71,IND,predicted_foreground_scarcity,0.8000000000000002,0.8088235294117647,0.8199953652971778,0.9553430665458486,0.9988575810265143
P2,F3,71,IND,predicted_foreground_scarcity,0.8500000000000002,0.8529411764705882,0.8599931181685366,0.9783954688875288,0.9994287905132572
P2,F3,71,IND,predicted_foreground_scarcity,0.9000000000000002,0.9117647058823529,0.915538994871397,0.9924984266970587,0.999923439985023
P2,F3,71,IND,predicted_foreground_scarcity,0.9500000000000003,0.9558823529411765,0.9564768634364416,0.9997853603890978,1.0
P2,F3,71,IND,predicted_foreground_scarcity,1.0000000000000004,1.0147058823529411,1.0,1.0,1.0
P2,F3,71,LKA,georisk_v2,0.1,0.11904761904761904,0.11748924373254901,0.11083357225685314,0.1819935045680491
P2,F3,71,LKA,georisk_v2,0.15000000000000002,0.16666666666666666,0.16010270131435883,0.13327848726955932,0.19820523416942756
P2,F3,71,LKA,georisk_v2,0.20000000000000004,0.21428571428571427,0.21057432902741383,0.4013140935383453,0.5127970749542962
P2,F3,71,LKA,georisk_v2,0.25000000000000006,0.2619047619047619,0.2631962567275915,0.4082486891819117,0.5239994770033224
P2,F3,71,LKA,georisk_v2,0.30000000000000004,0.30952380952380953,0.30860046725665424,0.4257395923638625,0.5685289084078721
P2,F3,71,LKA,georisk_v2,0.3500000000000001,0.35714285714285715,0.3607268744640936,0.502416601512152,0.6666538252303871
P2,F3,71,LKA,georisk_v2,0.40000000000000013,0.40476190476190477,0.40893910136450307,0.5040262512431821,0.670626498653984
P2,F3,71,LKA,georisk_v2,0.45000000000000007,0.4523809523809524,0.46073107991449785,0.5065998191270968,0.6771674593335061
P2,F3,71,LKA,georisk_v2,0.5000000000000001,0.5238095238095238,0.5268355410944268,0.5245254638590247,0.6945559314594175
P2,F3,71,LKA,georisk_v2,0.5500000000000002,0.5714285714285714,0.579456565475902,0.608838950801039,0.8154066882869757
P2,F3,71,LKA,georisk_v2,0.6000000000000002,0.6190476190476191,0.6233328626039205,0.6113665773078523,0.8209343429037056
P2,F3,71,LKA,georisk_v2,0.6500000000000001,0.6666666666666666,0.6705470227067222,0.8425486914789806,0.919979173525161
P2,F3,71,LKA,georisk_v2,0.7000000000000002,0.7142857142857143,0.7218686733189064,0.8602607938840117,0.9494024062516782
P2,F3,71,LKA,georisk_v2,0.7500000000000002,0.7619047619047619,0.7682512783716094,0.86277055429973,0.9499685968512799
P2,F3,71,LKA,georisk_v2,0.8000000000000002,0.8095238095238095,0.8178493968992682,0.9017960526147875,0.9605090812302562
P2,F3,71,LKA,georisk_v2,0.8500000000000002,0.8571428571428571,0.8605693457192379,0.9165602499891528,0.964440895538418
P2,F3,71,LKA,georisk_v2,0.9000000000000002,0.9047619047619048,0.9126872215833751,0.9283306009557508,0.9793031069271377
P2,F3,71,LKA,georisk_v2,0.9500000000000003,0.9523809523809523,0.9653093500210423,0.9492373306018065,0.9893252642417365
P2,F3,71,LKA,georisk_v2,1.0000000000000004,1.0238095238095237,1.0,1.0,1.0
P2,F3,71,LKA,soft_dice_risk_binary,0.1,0.11904761904761904,0.11534275775772611,0.29889204712224066,0.368321577582121
P2,F3,71,LKA,soft_dice_risk_binary,0.15000000000000002,0.16666666666666666,0.16796348103296702,0.39663402843771245,0.5176476356581002
P2,F3,71,LKA,soft_dice_risk_binary,0.20000000000000004,0.21428571428571427,0.21598410399968443,0.48697944803987714,0.6146448408946045
P2,F3,71,LKA,soft_dice_risk_binary,0.25000000000000006,0.2619047619047619,0.2686022176875623,0.5669565794432756,0.7429086086654012
P2,F3,71,LKA,soft_dice_risk_binary,0.30000000000000004,0.30952380952380953,0.3140067293228593,0.7880239337559373,0.8371519095215748
P2,F3,71,LKA,soft_dice_risk_binary,0.3500000000000001,0.35714285714285715,0.366352241500047,0.812018094096448,0.8720876206219458
P2,F3,71,LKA,soft_dice_risk_binary,0.40000000000000013,0.40476190476190477,0.4135664016028487,0.8286386634122022,0.8929012540246228
P2,F3,71,LKA,soft_dice_risk_binary,0.45000000000000007,0.4523809523809524,0.4605622596858599,0.8321208496432312,0.9043593173959436
P2,F3,71,LKA,soft_dice_risk_binary,0.5000000000000001,0.5238095238095238,0.5394952516048711,0.8519164785764298,0.9284626932928011
P2,F3,71,LKA,soft_dice_risk_binary,0.5500000000000002,0.5714285714285714,0.5872032259317507,0.8593768477579332,0.9439424610262409
P2,F3,71,LKA,soft_dice_risk_binary,0.6000000000000002,0.6190476190476191,0.6355008666339264,0.8934798125932121,0.9570780829369999
P2,F3,71,LKA,soft_dice_risk_binary,0.6500000000000001,0.6666666666666666,0.6858784488331682,0.8969773126166082,0.9664044678859026
P2,F3,71,LKA,soft_dice_risk_binary,0.7000000000000002,0.7142857142857143,0.7368016355287691,0.9588560937408277,0.9803024041503522
P2,F3,71,LKA,soft_dice_risk_binary,0.7500000000000002,0.7619047619047619,0.7894237639664363,0.9705022328360038,0.988980880268783
P2,F3,71,LKA,soft_dice_risk_binary,0.8000000000000002,0.8095238095238095,0.8420458924041034,0.9916420724325363,0.9978578149478988
P2,F3,71,LKA,soft_dice_risk_binary,0.8500000000000002,0.8571428571428571,0.8799508514330799,0.9937570773116807,0.9988757906238837
P2,F3,71,LKA,soft_dice_risk_binary,0.9000000000000002,0.9047619047619048,0.9162986897562957,0.995417773017268,0.9994956817752002
P2,F3,71,LKA,soft_dice_risk_binary,0.9500000000000003,0.9523809523809523,0.9517287562776886,0.999605244463426,0.9999813215472296
P2,F3,71,LKA,soft_dice_risk_binary,1.0000000000000004,1.0238095238095237,1.0,1.0,1.0
P2,F3,71,LKA,predicted_foreground_fraction,0.1,0.11904761904761904,0.11009999637668831,0.0026041954686488386,0.0007564773371997731
P2,F3,71,LKA,predicted_foreground_fraction,0.15000000000000002,0.16666666666666666,0.14800495540566488,0.00471920034779324,0.0017744530131846529
P2,F3,71,LKA,predicted_foreground_fraction,0.20000000000000004,0.21428571428571427,0.18426517181473015,0.014277559083588635,0.005478623678207615
P2,F3,71,LKA,predicted_foreground_fraction,0.25000000000000006,0.2619047619047619,0.23675772420294922,0.03165360882278624,0.0131472959437405
P2,F3,71,LKA,predicted_foreground_fraction,0.30000000000000004,0.30952380952380953,0.2893798526406164,0.05279344841931886,0.022024230622856356
P2,F3,71,LKA,predicted_foreground_fraction,0.3500000000000001,0.35714285714285715,0.33759207954102577,0.06012960572940018,0.03132026308600727
P2,F3,71,LKA,predicted_foreground_fraction,0.40000000000000013,0.40476190476190477,0.38234359212310104,0.062463257532897005,0.041603918739391225
P2,F3,71,LKA,predicted_foreground_fraction,0.45000000000000007,0.4523809523809524,0.43496562019202345,0.06700464773598341,0.05490998153167982
P2,F3,71,LKA,predicted_foreground_fraction,0.5000000000000001,0.5238095238095238,0.5125983350230412,0.0742251008370689,0.07599328509622906
P2,F3,71,LKA,predicted_foreground_fraction,0.5500000000000002,0.5714285714285714,0.5621963531819552,0.12270005980886686,0.09239063182201303
P2,F3,71,LKA,predicted_foreground_fraction,0.6000000000000002,0.6190476190476191,0.6127446626159848,0.175674721437863,0.11422340830397314
P2,F3,71,LKA,predicted_foreground_fraction,0.6500000000000001,0.6666666666666666,0.6578725579908024,0.1851862880303145,0.1354152803752501
P2,F3,71,LKA,predicted_foreground_fraction,0.7000000000000002,0.7142857142857143,0.7007043175924027,0.2184810249351078,0.1602809706257982
P2,F3,71,LKA,predicted_foreground_fraction,0.7500000000000002,0.7619047619047619,0.747296793690339,0.23670273631946612,0.19651133198381512
P2,F3,71,LKA,predicted_foreground_fraction,0.8000000000000002,0.8095238095238095,0.7949721481751808,0.2663672536670152,0.24226186723822732
P2,F3,71,LKA,predicted_foreground_fraction,0.8500000000000002,0.8571428571428571,0.8445043244375511,0.32459879990913815,0.33107440795141735
P2,F3,71,LKA,predicted_foreground_fraction,0.9000000000000002,0.9047619047619048,0.8971264528752183,0.5801630238274101,0.48590360517486536
P2,F3,71,LKA,predicted_foreground_fraction,0.9500000000000003,0.9523809523809523,0.9495254615933478,0.7180126781185475,0.6792664504635758
P2,F3,71,LKA,predicted_foreground_fraction,1.0000000000000004,1.0238095238095237,1.0,1.0,1.0
P2,F3,71,LKA,predicted_foreground_scarcity,0.1,0.11904761904761904,0.1291846113436153,0.6387119058780291,0.599452254372509
P2,F3,71,LKA,predicted_foreground_scarcity,0.15000000000000002,0.16666666666666666,0.17871708871221983,0.7183342677582565,0.7220961426660223
P2,F3,71,LKA,predicted_foreground_scarcity,0.20000000000000004,0.21428571428571427,0.2263921420908275,0.7466222453252522,0.7808573876782917
P2,F3,71,LKA,predicted_foreground_scarcity,0.25000000000000006,0.2619047619047619,0.27901427052849465,0.7747826079558554,0.8242100765583082
P2,F3,71,LKA,predicted_foreground_scarcity,0.30000000000000004,0.30952380952380953,0.3201987782915654,0.7938261595305812,0.8534080004482829
P2,F3,71,LKA,predicted_foreground_scarcity,0.3500000000000001,0.35714285714285715,0.3681618899675518,0.8221328539549145,0.8768891503872277
P2,F3,71,LKA,predicted_foreground_scarcity,0.40000000000000013,0.40476190476190477,0.4130621490293188,0.8301759980126101,0.8973023644586401
P2,F3,71,LKA,predicted_foreground_scarcity,0.45000000000000007,0.4523809523809524,0.46411461066813364,0.8927090183774016,0.9176630453816358
P2,F3,71,LKA,predicted_foreground_scarcity,0.5000000000000001,0.5238095238095238,0.538723315589143,0.9286819674139514,0.9379653561397242
P2,F3,71,LKA,predicted_foreground_scarcity,0.5500000000000002,0.5714285714285714,0.5913453436580653,0.9355119188096759,0.9519730283141996
P2,F3,71,LKA,predicted_foreground_scarcity,0.6000000000000002,0.6190476190476191,0.6383412017410766,0.9389941050407049,0.9634310916855202
P2,F3,71,LKA,predicted_foreground_scarcity,0.6500000000000001,0.6666666666666666,0.6887189846778078,0.9455969018496508,0.9740217744063171
P2,F3,71,LKA,predicted_foreground_scarcity,0.7000000000000002,0.7142857142857143,0.7369312115782172,0.9623867736476858,0.9826558891994182
P2,F3,71,LKA,predicted_foreground_scarcity,0.7500000000000002,0.7619047619047619,0.7895531392783949,0.970967601970715,0.9909304437766897
P2,F3,71,LKA,predicted_foreground_scarcity,0.8000000000000002,0.8095238095238095,0.8420458924041034,0.9916420724325363,0.9978578149478988
P2,F3,71,LKA,predicted_foreground_scarcity,0.8500000000000002,0.8571428571428571,0.8654775780740864,0.9952807996522067,0.9986773320631985
P2,F3,71,LKA,predicted_foreground_scarcity,0.9000000000000002,0.9047619047619048,0.9064382635364064,0.9974051629600199,0.9995844044258594
P2,F3,71,LKA,predicted_foreground_scarcity,0.9500000000000003,0.9523809523809523,0.9517287562776886,0.999605244463426,0.9999813215472296
P2,F3,71,LKA,predicted_foreground_scarcity,1.0000000000000004,1.0238095238095237,1.0,1.0,1.0
P2,F3,71,PRY,georisk_v2,0.1,0.10606060606060606,0.10614797607496161,0.11308092206132248,0.13923309571816406
P2,F3,71,PRY,georisk_v2,0.15000000000000002,0.15151515151515152,0.15093966949371154,0.16394524334150848,0.21303073120908547
P2,F3,71,PRY,georisk_v2,0.20000000000000004,0.21212121212121213,0.2134103825409073,0.2610994629316046,0.33290004286598823
P2,F3,71,PRY,georisk_v2,0.25000000000000006,0.25757575757575757,0.25941929449561363,0.30477741762331667,0.3971064134927313
P2,F3,71,PRY,georisk_v2,0.30000000000000004,0.30303030303030304,0.3041737580362256,0.308918123018615,0.41686115124284906
P2,F3,71,PRY,georisk_v2,0.3500000000000001,0.36363636363636365,0.3672399085528337,0.34214830323753487,0.4711765919951736
P2,F3,71,PRY,georisk_v2,0.40000000000000013,0.4090909090909091,0.4093266919400802,0.4061146022698628,0.5668881409391356
P2,F3,71,PRY,georisk_v2,0.45000000000000007,0.45454545454545453,0.4517008490878169,0.4516912761231432,0.6288843994263367
P2,F3,71,PRY,georisk_v2,0.5000000000000001,0.5151515151515151,0.5147662778620379,0.5840181375500073,0.7674182767872736
P2,F3,71,PRY,georisk_v2,0.5500000000000002,0.5606060606060606,0.55843644375633,0.6941816601967372,0.7925815379893205
P2,F3,71,PRY,georisk_v2,0.6000000000000002,0.6060606060606061,0.6031972225428296,0.7364702358533931,0.827051613825075
P2,F3,71,PRY,georisk_v2,0.6500000000000001,0.6515151515151515,0.6502440601954803,0.8761458299352611,0.8578185445673975
P2,F3,71,PRY,georisk_v2,0.7000000000000002,0.7121212121212122,0.7132862729229141,0.8771311472979024,0.8924890585888093
P2,F3,71,PRY,georisk_v2,0.7500000000000002,0.7575757575757576,0.7605410926734667,0.9049550564796665,0.9187114007652373
P2,F3,71,PRY,georisk_v2,0.8000000000000002,0.803030303030303,0.8050256245612784,0.9373949068952939,0.9620636004254847
P2,F3,71,PRY,georisk_v2,0.8500000000000002,0.8636363636363636,0.8680923765298758,0.9511470903111201,0.971249358333201
P2,F3,71,PRY,georisk_v2,0.9000000000000002,0.9090909090909091,0.9153457527956541,0.9852943793167873,0.9766975725149634
P2,F3,71,PRY,georisk_v2,0.9500000000000003,0.9545454545454546,0.9626458618810014,0.9997775807307807,0.995110763596721
P2,F3,71,PRY,georisk_v2,1.0000000000000004,1.0151515151515151,1.0,1.0,1.0
P2,F3,71,PRY,soft_dice_risk_binary,0.1,0.10606060606060606,0.10330028134119704,0.1772414672554352,0.22836392165579142
P2,F3,71,PRY,soft_dice_risk_binary,0.15000000000000002,0.15151515151515152,0.14930919329590336,0.22241482083386466,0.29776580881769255
P2,F3,71,PRY,soft_dice_risk_binary,0.20000000000000004,0.21212121212121213,0.21237594526450085,0.3530735377415844,0.4799780113356724
P2,F3,71,PRY,soft_dice_risk_binary,0.25000000000000006,0.25757575757575757,0.25446272865174735,0.370805543281307,0.5475686781928546
P2,F3,71,PRY,soft_dice_risk_binary,0.30000000000000004,0.30303030303030304,0.3017390202383181,0.5880483747082601,0.6335414450600918
P2,F3,71,PRY,soft_dice_risk_binary,0.3500000000000001,0.36363636363636365,0.35921058464080474,0.671796643544948,0.7469259529744233
P2,F3,71,PRY,soft_dice_risk_binary,0.40000000000000013,0.4090909090909091,0.40612047167549065,0.7480916426700989,0.8362420023179387
P2,F3,71,PRY,soft_dice_risk_binary,0.45000000000000007,0.45454545454545453,0.4534191974212626,0.8171328080284459,0.9041978238895857
P2,F3,71,PRY,soft_dice_risk_binary,0.5000000000000001,0.5151515151515151,0.5164853479378707,0.8296594612708741,0.9284634130852398
P2,F3,71,PRY,soft_dice_risk_binary,0.5500000000000002,0.5606060606060606,0.5636829696042404,0.8562215117986008,0.9503475584909056
P2,F3,71,PRY,soft_dice_risk_binary,0.6000000000000002,0.6060606060606061,0.6075004310907134,0.8579726928449204,0.9622858685125502
P2,F3,71,PRY,soft_dice_risk_binary,0.6500000000000001,0.6515151515151515,0.654755250841266,0.901968707091616,0.9758217304099788
P2,F3,71,PRY,soft_dice_risk_binary,0.7000000000000002,0.7121212121212122,0.7167804082547842,0.9040223783440737,0.9856941379438086
P2,F3,71,PRY,soft_dice_risk_binary,0.7500000000000002,0.7575757575757576,0.7640805173401315,0.9359706821747267,0.9921359433957272
P2,F3,71,PRY,soft_dice_risk_binary,0.8000000000000002,0.803030303030303,0.8085650492279431,0.9360670638580549,0.9968082038092516
P2,F3,71,PRY,soft_dice_risk_binary,0.8500000000000002,0.8636363636363636,0.8712489770053476,0.9725890492614198,0.9991049740422627
P2,F3,71,PRY,soft_dice_risk_binary,0.9000000000000002,0.9090909090909091,0.9185223816223699,0.98860768503059,0.9998683590793868
P2,F3,71,PRY,soft_dice_risk_binary,0.9500000000000003,0.9545454545454546,0.9526999510598516,0.9886343753428963,1.0
P2,F3,71,PRY,soft_dice_risk_binary,1.0000000000000004,1.0151515151515151,1.0,1.0,1.0
P2,F3,71,PRY,predicted_foreground_fraction,0.1,0.10606060606060606,0.09724432140607928,0.026485686578628178,0.0002864347669624949
P2,F3,71,PRY,predicted_foreground_fraction,0.15000000000000002,0.15151515151515152,0.14451772602310142,0.03124397614479198,0.0012456274045967157
P2,F3,71,PRY,predicted_foreground_fraction,0.20000000000000004,0.21212121212121213,0.20720165380050595,0.06396259204450758,0.004313720820698451
P2,F3,71,PRY,predicted_foreground_fraction,0.25000000000000006,0.25757575757575757,0.2509459185798804,0.06532898775507784,0.00898068913691185
P2,F3,71,PRY,predicted_foreground_fraction,0.30000000000000004,0.30303030303030304,0.2979927562325312,0.06653079320642584,0.01487410100496928
P2,F3,71,PRY,predicted_foreground_fraction,0.3500000000000001,0.36363636363636365,0.36091034810778094,0.12124519203679704,0.025699086054794377
P2,F3,71,PRY,predicted_foreground_fraction,0.40000000000000013,0.4090909090909091,0.40688281207193533,0.13317872722797383,0.0367721381660766
P2,F3,71,PRY,predicted_foreground_fraction,0.45000000000000007,0.45454545454545453,0.4519808851340375,0.14681599402137005,0.048756092527029386
P2,F3,71,PRY,predicted_foreground_fraction,0.5000000000000001,0.5151515151515151,0.5146574751971725,0.17231562183979288,0.07085126031297463
P2,F3,71,PRY,predicted_foreground_fraction,0.5500000000000002,0.5606060606060606,0.561803251702064,0.18005432961349463,0.09245095548816952
P2,F3,71,PRY,predicted_foreground_fraction,0.6000000000000002,0.6060606060606061,0.6091030600614167,0.20520253498655106,0.1220688396018226
P2,F3,71,PRY,predicted_foreground_fraction,0.6500000000000001,0.6515151515151515,0.6564029887111672,0.21591276419702196,0.15925309984599997
P2,F3,71,PRY,predicted_foreground_fraction,0.7000000000000002,0.7121212121212122,0.7142132908740306,0.2599347273584598,0.22460851710141247
P2,F3,71,PRY,predicted_foreground_fraction,0.7500000000000002,0.7575757575757576,0.7575029180946891,0.2885964157876163,0.28224210286778756
P2,F3,71,PRY,predicted_foreground_fraction,0.8000000000000002,0.803030303030303,0.8047223724682705,0.5294898295082162,0.36438934489127384
P2,F3,71,PRY,predicted_foreground_fraction,0.8500000000000002,0.8636363636363636,0.8676361751959877,0.6503598743775968,0.5107714025645503
P2,F3,71,PRY,predicted_foreground_fraction,0.9000000000000002,0.9090909090909091,0.9111058771422442,0.7159757829899674,0.6251065034583856
P2,F3,71,PRY,predicted_foreground_fraction,0.9500000000000003,0.9545454545454546,0.9579123745799685,0.8521430837986839,0.8061200459354046
P2,F3,71,PRY,predicted_foreground_fraction,1.0000000000000004,1.0151515151515151,1.0,1.0,1.0
P2,F3,71,PRY,predicted_foreground_scarcity,0.1,0.10606060606060606,0.10336974904596181,0.3205743755208318,0.4179215552415578
P2,F3,71,PRY,predicted_foreground_scarcity,0.15000000000000002,0.15151515151515152,0.14813052783246144,0.3793634953632996,0.5274110795349305
P2,F3,71,PRY,predicted_foreground_scarcity,0.20000000000000004,0.21212121212121213,0.2109874933471892,0.4941955984709417,0.6649705494784638
P2,F3,71,PRY,predicted_foreground_scarcity,0.25000000000000006,0.25757575757575757,0.25826240159418457,0.7245137173377303,0.7399708140833293
P2,F3,71,PRY,predicted_foreground_scarcity,0.30000000000000004,0.30303030303030304,0.30155341215441844,0.7601986648912666,0.7952897687882685
P2,F3,71,PRY,predicted_foreground_scarcity,0.3500000000000001,0.36363636363636365,0.35936359402688406,0.7889693387623405,0.8555283894560253
P2,F3,71,PRY,predicted_foreground_scarcity,0.40000000000000013,0.4090909090909091,0.40666364296703245,0.8002467371093206,0.888388344684882
P2,F3,71,PRY,predicted_foreground_scarcity,0.45000000000000007,0.45454545454545453,0.4539634513263851,0.8199456703865053,0.9155738485719276
P2,F3,71,PRY,predicted_foreground_scarcity,0.5000000000000001,0.5151515151515151,0.5168759308597257,0.8510317288501517,0.9409587163488762
P2,F3,71,PRY,predicted_foreground_scarcity,0.5500000000000002,0.5606060606060606,0.5637858178944116,0.8668212727720261,0.9555424135138997
P2,F3,71,PRY,predicted_foreground_scarcity,0.6000000000000002,0.6060606060606061,0.6088835300853201,0.8693575938386897,0.9672405946200539
P2,F3,71,PRY,predicted_foreground_scarcity,0.6500000000000001,0.6515151515151515,0.6548110655858734,0.9005548619369457,0.977394144823535
P2,F3,71,PRY,predicted_foreground_scarcity,0.7000000000000002,0.7121212121212122,0.7177739467959179,0.93353593257434,0.9872797826006424
P2,F3,71,PRY,predicted_foreground_scarcity,0.7500000000000002,0.7575757575757576,0.7648207844485687,0.9351462480834873,0.992831192679971
P2,F3,71,PRY,predicted_foreground_scarcity,0.8000000000000002,0.803030303030303,0.8085650492279431,0.9360670638580549,0.9968082038092516
P2,F3,71,PRY,predicted_foreground_scarcity,0.8500000000000002,0.8636363636363636,0.8712489770053476,0.9725890492614198,0.9991049740422627
P2,F3,71,PRY,predicted_foreground_scarcity,0.9000000000000002,0.9090909090909091,0.9185223816223699,0.98860768503059,0.9998683590793868
P2,F3,71,PRY,predicted_foreground_scarcity,0.9500000000000003,0.9545454545454546,0.9526999510598516,0.9886343753428963,1.0
P2,F3,71,PRY,predicted_foreground_scarcity,1.0000000000000004,1.0151515151515151,1.0,1.0,1.0
P2,F3,71,SOM,georisk_v2,0.1,0.11538461538461539,0.10358012173593636,0.24076440038986022,0.18001481768826588
P2,F3,71,SOM,georisk_v2,0.15000000000000002,0.15384615384615385,0.1350431170592385,0.3028647865343886,0.2640894722771187
P2,F3,71,SOM,georisk_v2,0.20000000000000004,0.23076923076923078,0.21892130222580897,0.4117969868722293,0.3425760411260744
P2,F3,71,SOM,georisk_v2,0.25000000000000006,0.2692307692307692,0.26218852639451024,0.411962763205657,0.4213046205675804
P2,F3,71,SOM,georisk_v2,0.30000000000000004,0.3076923076923077,0.30516546891371954,0.5110798613195224,0.47211636078974084
P2,F3,71,SOM,georisk_v2,0.3500000000000001,0.38461538461538464,0.3876597921397312,0.5473620126390163,0.5008623265517946
P2,F3,71,SOM,georisk_v2,0.40000000000000013,0.4230769230769231,0.4254425539128385,0.5937765277861142,0.5712865352994728
P2,F3,71,SOM,georisk_v2,0.45000000000000007,0.46153846153846156,0.47420168359635145,0.8309938862831517,0.6428989548986613
P2,F3,71,SOM,georisk_v2,0.5000000000000001,0.5384615384615384,0.539763096679978,0.8720006631053338,0.6919248841057578
P2,F3,71,SOM,georisk_v2,0.5500000000000002,0.5769230769230769,0.5740334504942324,0.9441819652498507,0.7121952370218544
P2,F3,71,SOM,georisk_v2,0.6000000000000002,0.6153846153846154,0.6187076102730675,0.944447779025864,0.7218214922879873
P2,F3,71,SOM,georisk_v2,0.6500000000000001,0.6538461538461539,0.6585150865513815,0.9592733280170578,0.7733566432344497
P2,F3,71,SOM,georisk_v2,0.7000000000000002,0.7307692307692307,0.7359566482964282,0.9686768476201092,0.784001614568863
P2,F3,71,SOM,georisk_v2,0.7500000000000002,0.7692307692307693,0.7755806516860246,0.9973189965387045,0.8419810620158696
P2,F3,71,SOM,georisk_v2,0.8000000000000002,0.8076923076923077,0.8004347153779123,0.9973218547513498,0.8816786623541603
P2,F3,71,SOM,georisk_v2,0.8500000000000002,0.8846153846153846,0.8764159371324378,0.9979649525965433,0.9688452862102889
P2,F3,71,SOM,georisk_v2,0.9000000000000002,0.9230769230769231,0.917784049432732,0.9998999625574143,0.984508701023434
P2,F3,71,SOM,georisk_v2,0.9500000000000003,0.9615384615384616,0.9589554773076973,0.9999657014482564,0.9963873148007388
P2,F3,71,SOM,georisk_v2,1.0000000000000004,1.0384615384615385,1.0,1.0,1.0
P2,F3,71,SOM,soft_dice_risk_binary,0.1,0.11538461538461539,0.11451815758237067,0.2962708899616714,0.24161044507233234
P2,F3,71,SOM,soft_dice_risk_binary,0.15000000000000002,0.15384615384615385,0.15778538175107196,0.296436666295099,0.3203390245138383
P2,F3,71,SOM,soft_dice_risk_binary,0.20000000000000004,0.23076923076923078,0.24116338930621012,0.5044859647468052,0.4462430694981032
P2,F3,71,SOM,soft_dice_risk_binary,0.25000000000000006,0.2692307692307692,0.2789461510793174,0.5509004798939031,0.5166672782457814
P2,F3,71,SOM,soft_dice_risk_binary,0.30000000000000004,0.3076923076923077,0.3108013987853946,0.5694645710251551,0.5638453648418893
P2,F3,71,SOM,soft_dice_risk_binary,0.3500000000000001,0.38461538461538464,0.3844145921607952,0.8066847877348379,0.6751553847793684
P2,F3,71,SOM,soft_dice_risk_binary,0.40000000000000013,0.4230769230769231,0.42422206843910903,0.8215103367260318,0.7266905357258309
P2,F3,71,SOM,soft_dice_risk_binary,0.45000000000000007,0.46153846153846156,0.4638460718287055,0.850152485644627,0.7846699831728375
P2,F3,71,SOM,soft_dice_risk_binary,0.5000000000000001,0.5384615384615384,0.5254021563832841,0.8573894800625377,0.8676429216706943
P2,F3,71,SOM,soft_dice_risk_binary,0.5500000000000002,0.5769230769230769,0.5596725101975385,0.9295707822070547,0.8879132745867909
P2,F3,71,SOM,soft_dice_risk_binary,0.6000000000000002,0.6153846153846154,0.5946226068743533,0.9295707822070547,0.9145859871498491
P2,F3,71,SOM,soft_dice_risk_binary,0.6500000000000001,0.6538461538461539,0.6395343882342148,0.9658529335265486,0.9429746159720002
P2,F3,71,SOM,soft_dice_risk_binary,0.7000000000000002,0.7307692307692307,0.7255766603133441,0.9680537572634329,0.9682642860512782
P2,F3,71,SOM,soft_dice_risk_binary,0.7500000000000002,0.7692307692307693,0.7633893806413029,0.9774572768664843,0.9787152994378714
P2,F3,71,SOM,soft_dice_risk_binary,0.8000000000000002,0.8076923076923077,0.8045608085162681,0.9775230157573264,0.9905939132151762
P2,F3,71,SOM,soft_dice_risk_binary,0.8500000000000002,0.8846153846153846,0.8817440940244592,0.9999657014482564,0.995836019913016
P2,F3,71,SOM,soft_dice_risk_binary,0.9000000000000002,0.9230769230769231,0.9227886167167619,1.0,0.9994487051122772
P2,F3,71,SOM,soft_dice_risk_binary,0.9500000000000003,0.9615384615384616,0.960371158582912,1.0,0.9998060420521799
P2,F3,71,SOM,soft_dice_risk_binary,1.0000000000000004,1.0384615384615385,1.0,1.0,1.0
P2,F3,71,SOM,predicted_foreground_fraction,0.1,0.11538461538461539,0.11091754866078747,0.022442685690930032,0.0023991374987113153
P2,F3,71,SOM,predicted_foreground_fraction,0.15000000000000002,0.15384615384615385,0.1543946687914291,0.022442685690930032,0.0057934015855625395
P2,F3,71,SOM,predicted_foreground_fraction,0.20000000000000004,0.23076923076923078,0.240113351262567,0.022742798018686994,0.01903234205095677
P2,F3,71,SOM,predicted_foreground_fraction,0.25000000000000006,0.2692307692307692,0.27792607159052574,0.032146317621738425,0.02948335543754991
P2,F3,71,SOM,predicted_foreground_fraction,0.30000000000000004,0.3076923076923077,0.319097499465491,0.032212056512580425,0.04136196921485473
P2,F3,71,SOM,predicted_foreground_fraction,0.3500000000000001,0.38461538461538464,0.3947359655800395,0.10632836861796843,0.07729573694409643
P2,F3,71,SOM,predicted_foreground_fraction,0.40000000000000013,0.4230769230769231,0.4396477469399011,0.14261051993746232,0.10568436576624747
P2,F3,71,SOM,predicted_foreground_fraction,0.45000000000000007,0.46153846153846156,0.4745978436167158,0.14261051993746232,0.13235707832930566
P2,F3,71,SOM,predicted_foreground_fraction,0.5000000000000001,0.5384615384615384,0.5425808755378352,0.27707227562316183,0.19886980179594577
P2,F3,71,SOM,predicted_foreground_fraction,0.5500000000000002,0.5769230769230769,0.5855578180570444,0.37618937373702727,0.24968154201810625
P2,F3,71,SOM,predicted_foreground_fraction,0.6000000000000002,0.6153846153846154,0.6253652943353583,0.39101492272822114,0.3012166929645686
P2,F3,71,SOM,predicted_foreground_fraction,0.6500000000000001,0.6538461538461539,0.6649892977249547,0.41965707164681637,0.35919614041157527
P2,F3,71,SOM,predicted_foreground_fraction,0.7000000000000002,0.7307692307692307,0.7547795524861786,0.6575175279890473,0.49130247130383425
P2,F3,71,SOM,predicted_foreground_fraction,0.7500000000000002,0.7692307692307693,0.7866348001922557,0.6760816191202993,0.5384805578999422
P2,F3,71,SOM,predicted_foreground_fraction,0.8000000000000002,0.8076923076923077,0.8114888638841434,0.6760844773329446,0.5781781582382328
P2,F3,71,SOM,predicted_foreground_fraction,0.8500000000000002,0.8846153846153846,0.8951571530887735,0.785182454004213,0.7319990424418432
P2,F3,71,SOM,predicted_foreground_fraction,0.9000000000000002,0.9230769230769231,0.9329399148618809,0.8315969691513109,0.8024232511895214
P2,F3,71,SOM,predicted_foreground_fraction,0.9500000000000003,0.9615384615384616,0.964402910185183,0.8936973552958393,0.8864979057783742
P2,F3,71,SOM,predicted_foreground_fraction,1.0000000000000004,1.0384615384615385,1.0,1.0,1.0
P2,F3,71,SOM,predicted_foreground_scarcity,0.1,0.11538461538461539,0.10484284691122647,0.214817545995787,0.2680009575581568
P2,F3,71,SOM,predicted_foreground_scarcity,0.15000000000000002,0.15384615384615385,0.14524391194715533,0.32374974633362774,0.34309326232026127
P2,F3,71,SOM,predicted_foreground_scarcity,0.20000000000000004,0.23076923076923078,0.21336519980774424,0.3239183808797007,0.46151944210005785
P2,F3,71,SOM,predicted_foreground_scarcity,0.25000000000000006,0.2692307692307692,0.2452204475138214,0.34248247201095267,0.5086975286961658
P2,F3,71,SOM,predicted_foreground_scarcity,0.30000000000000004,0.3076923076923077,0.2862515725915322,0.3431255698561462,0.5691914399892362
P2,F3,71,SOM,predicted_foreground_scarcity,0.3500000000000001,0.38461538461538464,0.3746347056646417,0.6089850772717789,0.6987833070354313
P2,F3,71,SOM,predicted_foreground_scarcity,0.40000000000000013,0.4230769230769231,0.41444218194295557,0.6238106262629727,0.7503184579818938
P2,F3,71,SOM,predicted_foreground_scarcity,0.45000000000000007,0.46153846153846156,0.45741912446216487,0.7229277243768382,0.8011301982040543
P2,F3,71,SOM,predicted_foreground_scarcity,0.5000000000000001,0.5384615384615384,0.5254021563832841,0.8573894800625377,0.8676429216706943
P2,F3,71,SOM,predicted_foreground_scarcity,0.5500000000000002,0.5769230769230769,0.560352253060099,0.8573894800625377,0.8943156342337525
P2,F3,71,SOM,predicted_foreground_scarcity,0.6000000000000002,0.6153846153846154,0.6052640344199605,0.8936716313820315,0.9227042630559036
P2,F3,71,SOM,predicted_foreground_scarcity,0.6500000000000001,0.6538461538461539,0.6395343882342148,0.9658529335265486,0.9429746159720002
P2,F3,71,SOM,predicted_foreground_scarcity,0.7000000000000002,0.7307692307692307,0.7220739284094743,0.9678536823782615,0.9705166445624501
P2,F3,71,SOM,predicted_foreground_scarcity,0.7500000000000002,0.7692307692307693,0.759886648737433,0.977257201981313,0.9809676579490433
P2,F3,71,SOM,predicted_foreground_scarcity,0.8000000000000002,0.8076923076923077,0.8045608085162681,0.9775230157573264,0.9905939132151762
P2,F3,71,SOM,predicted_foreground_scarcity,0.8500000000000002,0.8846153846153846,0.8890824513392125,0.97755731430907,0.9976008625012887
P2,F3,71,SOM,predicted_foreground_scarcity,0.9000000000000002,0.9230769230769231,0.9227886167167619,1.0,0.9994487051122772
P2,F3,71,SOM,predicted_foreground_scarcity,0.9500000000000003,0.9615384615384616,0.960371158582912,1.0,0.9998060420521799
P2,F3,71,SOM,predicted_foreground_scarcity,1.0000000000000004,1.0384615384615385,1.0,1.0,1.0
