sample_id,official_split,byte_offset,byte_length,crs,raster_shape,time_start,centroid,lon,lat
sample_0,test,200,6830811,EPSG:32610,"[512, 512]",2016.0,POINT (-120.049669 46.965088),-120.04966879278373,46.96508756613961
sample_1,test,6831011,6830808,EPSG:32611,"[512, 512]",2016.0,POINT (-115.554347 42.739675),-115.55434743007778,42.73967457991801
sample_10,train,13661819,6830806,EPSG:32615,"[512, 512]",2016.0,POINT (-94.677115 34.381574),-94.67711465042055,34.381573819855134
sample_100,train,20492625,6830811,EPSG:32612,"[512, 512]",2016.0,POINT (-108.465503 37.618056),-108.46550264932276,37.618056308363556
sample_101,train,27323436,6830812,EPSG:32611,"[512, 512]",2016.0,POINT (-118.799739 34.119062),-118.79973947229614,34.11906235421056
sample_102,train,34154248,6830806,EPSG:32615,"[512, 512]",2016.0,POINT (-94.159726 34.976219),-94.15972573064302,34.97621865648419
sample_103,validation,40985054,6830831,EPSG:32614,"[512, 512]",2016.0,POINT (-96.470852 37.850657),-96.47085212762767,37.85065714898464
sample_104,train,47815885,6830811,EPSG:32613,"[512, 512]",2016.0,POINT (-106.534225 32.456831),-106.53422505413236,32.45683054588543
sample_105,train,54646696,6830816,EPSG:32611,"[512, 512]",2016.0,POINT (-115.183526 35.210513),-115.18352583112609,35.2105126506418
sample_106,validation,61477512,6830836,EPSG:32612,"[512, 512]",2016.0,POINT (-112.193579 46.090813),-112.19357871124105,46.09081328285093
sample_107,train,68308348,6830803,EPSG:32612,"[512, 512]",2016.0,POINT (-111.0969 41.960364),-111.09689992607059,41.96036363542621
sample_108,train,75139151,6830817,EPSG:32611,"[512, 512]",2016.0,POINT (-113.450667 42.224551),-113.45066709314312,42.22455124283608
sample_109,train,81969968,6830815,EPSG:32611,"[512, 512]",2016.0,POINT (-118.683991 46.632736),-118.68399125104042,46.63273627660038
sample_11,validation,88800783,6830835,EPSG:32611,"[512, 512]",2016.0,POINT (-118.316489 48.170061),-118.31648853375171,48.17006060999315
sample_110,train,95631618,6830811,EPSG:32614,"[512, 512]",2016.0,POINT (-95.497145 48.231098),-95.49714497984536,48.23109752360252
sample_111,validation,102462429,6830832,EPSG:32615,"[512, 512]",2016.0,POINT (-92.808889 36.658619),-92.8088893465592,36.65861932777904
sample_112,train,109293261,6830812,EPSG:32612,"[512, 512]",2016.0,POINT (-110.132039 34.239298),-110.13203884918535,34.23929764962434
sample_113,train,116124073,6830807,EPSG:32613,"[512, 512]",2016.0,POINT (-105.00756 32.522741),-105.00755998562043,32.5227408985085
sample_114,test,122954880,6830802,EPSG:32610,"[512, 512]",2016.0,POINT (-119.966152 47.79416),-119.96615152991228,47.79415965841669
sample_115,train,129785682,6830811,EPSG:32612,"[512, 512]",2016.0,POINT (-110.405098 32.134328),-110.40509839707266,32.13432762671392
sample_116,train,136616493,6830801,EPSG:32615,"[512, 512]",2016.0,POINT (-91.28686 46.604225),-91.28686002722851,46.604224697041204
sample_117,train,143447294,6830811,EPSG:32611,"[512, 512]",2016.0,POINT (-117.700261 33.719541),-117.70026142550424,33.7195405374939
sample_118,validation,150278105,6830837,EPSG:32614,"[512, 512]",2016.0,POINT (-101.123393 32.199626),-101.12339301996006,32.19962649898293
sample_119,train,157108942,6830812,EPSG:32612,"[512, 512]",2016.0,POINT (-112.227721 43.276571),-112.22772113280956,43.27657094094651
sample_12,train,163939754,6830814,EPSG:32611,"[512, 512]",2016.0,POINT (-114.785548 37.334406),-114.78554846436857,37.334405937950514
sample_120,test,170770568,6830806,EPSG:32610,"[512, 512]",2016.0,POINT (-119.695616 45.891829),-119.69561557753246,45.89182938107057
sample_121,train,177601374,6830807,EPSG:32615,"[512, 512]",2016.0,POINT (-92.182782 35.961979),-92.18278240073832,35.961978927028085
sample_122,train,184432181,6830811,EPSG:32612,"[512, 512]",2016.0,POINT (-112.698061 41.795997),-112.69806107606905,41.79599740909109
sample_123,train,191262992,6830811,EPSG:32613,"[512, 512]",2016.0,POINT (-105.610062 45.395788),-105.61006165918462,45.395788400110604
sample_124,test,198093803,6830800,EPSG:32616,"[512, 512]",2016.0,POINT (-88.097625 36.830847),-88.0976253534379,36.83084694929503
sample_125,validation,204924603,6830841,EPSG:32610,"[512, 512]",2016.0,POINT (-119.662641 41.800842),-119.66264118928763,41.80084170849443
sample_126,train,211755444,6830812,EPSG:32612,"[512, 512]",2016.0,POINT (-113.192078 33.449415),-113.1920780841565,33.449415496888435
sample_127,train,218586256,6830806,EPSG:32615,"[512, 512]",2016.0,POINT (-90.874423 31.385956),-90.874422559462,31.385956418812867
sample_128,test,225417062,6830805,EPSG:32610,"[512, 512]",2016.0,POINT (-119.788168 47.789313),-119.7881675987995,47.789312758044694
sample_129,test,232247867,6830809,EPSG:32610,"[512, 512]",2016.0,POINT (-119.788245 46.838978),-119.78824541716588,46.8389782230522
sample_13,train,239078676,6830807,EPSG:32612,"[512, 512]",2016.0,POINT (-113.49112 38.684578),-113.49112021395769,38.68457777616063
sample_130,train,245909483,6830806,EPSG:32616,"[512, 512]",2016.0,POINT (-85.914127 33.417234),-85.91412698333168,33.41723382333692
sample_131,train,252740289,6830811,EPSG:32610,"[512, 512]",2016.0,POINT (-122.561569 39.621855),-122.56156929760712,39.621854907884796
sample_132,train,259571100,6830790,EPSG:3449,"[512, 512]",2016.0,POINT (-82.180086 33.7654),-82.18008562204855,33.76539975822028
sample_133,train,266401890,6830813,EPSG:32611,"[512, 512]",2016.0,POINT (-117.915759 34.371245),-117.91575903355019,34.37124471417939
sample_134,train,273232703,6830818,EPSG:32613,"[512, 512]",2016.0,POINT (-105.058737 36.354766),-105.05873683915833,36.35476638469895
sample_135,validation,280063521,6830824,EPSG:3449,"[512, 512]",2016.0,POINT (-82.327423 30.396864),-82.3274229557674,30.396864458198113
sample_136,train,286894345,6830817,EPSG:32611,"[512, 512]",2016.0,POINT (-113.523369 42.184639),-113.5233691547166,42.18463856137546
sample_137,train,293725162,6830806,EPSG:32611,"[512, 512]",2016.0,POINT (-118.587328 44.16028),-118.58732778961024,44.16027989880159
sample_138,train,300555968,6830811,EPSG:32613,"[512, 512]",2016.0,POINT (-103.498036 37.331811),-103.49803572310924,37.33181057094498
sample_139,train,307386779,6830811,EPSG:32610,"[512, 512]",2016.0,POINT (-119.769675 46.174234),-119.76967487140854,46.17423400637667
sample_14,test,314217590,6830806,EPSG:32612,"[512, 512]",2016.0,POINT (-109.980351 32.289124),-109.98035143987116,32.289123699297335
sample_140,validation,321048396,6830826,EPSG:32612,"[512, 512]",2016.0,POINT (-113.5439 37.200713),-113.5438999100074,37.200713437235194
sample_141,test,327879222,6830810,EPSG:32610,"[512, 512]",2016.0,POINT (-119.542496 46.793471),-119.54249647699544,46.793470546534415
sample_142,train,334710032,6830807,EPSG:32616,"[512, 512]",2016.0,POINT (-86.765878 31.088829),-86.76587788800926,31.088828604406196
sample_143,train,341540839,6830807,EPSG:32616,"[512, 512]",2016.0,POINT (-89.105249 30.646174),-89.10524865112498,30.646174251046272
sample_144,validation,348371646,6830831,EPSG:32615,"[512, 512]",2016.0,POINT (-92.843219 32.054975),-92.84321866956105,32.05497472491475
sample_145,train,355202477,6830819,EPSG:32612,"[512, 512]",2016.0,POINT (-113.613356 36.901001),-113.61335626419972,36.901001348113596
sample_146,train,362033296,6830812,EPSG:32610,"[512, 512]",2016.0,POINT (-120.271716 37.787009),-120.27171614054211,37.787009043193436
sample_147,train,368864108,6830817,EPSG:32611,"[512, 512]",2016.0,POINT (-115.727283 40.564658),-115.72728298900971,40.56465765911053
sample_148,train,375694925,6830818,EPSG:32612,"[512, 512]",2016.0,POINT (-112.301402 36.366625),-112.30140228579171,36.36662453386735
sample_149,train,382525743,6830817,EPSG:32610,"[512, 512]",2016.0,POINT (-120.144945 45.726002),-120.14494463579308,45.72600196991341
sample_15,train,389356560,6830802,EPSG:32615,"[512, 512]",2016.0,POINT (-93.637144 34.76015),-93.6371438840787,34.76015010531251
sample_150,train,396187362,6830812,EPSG:32611,"[512, 512]",2016.0,POINT (-118.901531 37.835165),-118.9015308442886,37.83516469980623
sample_151,validation,403018174,6830834,EPSG:32615,"[512, 512]",2016.0,POINT (-92.745479 36.750723),-92.7454791313951,36.750722655080686
sample_152,test,409849008,6830801,EPSG:32615,"[512, 512]",2016.0,POINT (-93.119864 31.440876),-93.11986437978982,31.440876390800117
sample_153,validation,416679809,6830830,EPSG:3449,"[512, 512]",2016.0,POINT (-80.689556 28.645225),-80.68955575199938,28.64522477390557
sample_154,test,423510639,6830806,EPSG:32612,"[512, 512]",2016.0,POINT (-112.188918 34.191426),-112.18891774960153,34.191425749089376
sample_155,train,430341445,6830811,EPSG:32614,"[512, 512]",2016.0,POINT (-98.595589 32.571616),-98.5955893235486,32.571615972119076
sample_156,train,437172256,6830807,EPSG:32615,"[512, 512]",2016.0,POINT (-95.050483 37.760751),-95.05048345403586,37.760750786383774
sample_157,train,444003063,6830817,EPSG:32611,"[512, 512]",2016.0,POINT (-115.897747 43.009057),-115.89774728101767,43.00905704686199
sample_158,train,450833880,6830811,EPSG:32611,"[512, 512]",2016.0,POINT (-118.262934 40.376933),-118.26293414598359,40.37693325537102
sample_159,train,457664691,6830812,EPSG:32612,"[512, 512]",2016.0,POINT (-111.357554 31.679436),-111.35755442908079,31.679435782766852
sample_16,train,464495503,6830812,EPSG:32613,"[512, 512]",2016.0,POINT (-103.839187 33.568885),-103.83918655387649,33.56888493568591
sample_160,test,471326315,6830795,EPSG:3449,"[512, 512]",2016.0,POINT (-81.301963 27.669243),-81.30196296593344,27.66924260569731
sample_161,test,478157110,6830796,EPSG:3449,"[512, 512]",2016.0,POINT (-81.177315 27.524562),-81.17731507501688,27.524561965765518
sample_162,validation,484987906,6830836,EPSG:32613,"[512, 512]",2016.0,POINT (-102.712993 43.311076),-102.71299311101924,43.31107565448516
sample_163,train,491818742,6830807,EPSG:32611,"[512, 512]",2016.0,POINT (-119.62518 35.707017),-119.62518006557893,35.707017213761226
sample_164,train,498649549,6830808,EPSG:32611,"[512, 512]",2016.0,POINT (-117.90702 34.195728),-117.90701971395353,34.19572764777333
sample_165,train,505480357,6830801,EPSG:32616,"[512, 512]",2016.0,POINT (-86.52419 31.113608),-86.52419011026913,31.113607890555194
sample_166,validation,512311158,6830835,EPSG:32612,"[512, 512]",2016.0,POINT (-112.215452 39.516582),-112.21545157093804,39.5165820076296
sample_167,validation,519141993,6830831,EPSG:32614,"[512, 512]",2016.0,POINT (-99.710238 32.675531),-99.71023825829177,32.67553060837879
sample_168,train,525972824,6830816,EPSG:32611,"[512, 512]",2016.0,POINT (-117.425831 33.419903),-117.42583094030503,33.41990271252555
sample_169,test,532803640,6830806,EPSG:32613,"[512, 512]",2016.0,POINT (-104.692046 36.242412),-104.6920461226324,36.24241204667428
sample_17,train,539634446,6830815,EPSG:32611,"[512, 512]",2016.0,POINT (-114.059442 43.538962),-114.05944178793216,43.53896231312844
sample_170,train,546465261,6830815,EPSG:32611,"[512, 512]",2016.0,POINT (-118.932873 46.621781),-118.93287334945471,46.621781393117345
sample_171,test,553296076,6830811,EPSG:32611,"[512, 512]",2016.0,POINT (-114.215125 38.356031),-114.21512511335297,38.356030913966165
sample_172,train,560126887,6830812,EPSG:32612,"[512, 512]",2016.0,POINT (-110.119087 33.345802),-110.11908699656847,33.345801556412674
sample_173,train,566957699,6830811,EPSG:32611,"[512, 512]",2016.0,POINT (-114.248909 36.168451),-114.24890907696307,36.16845146230122
sample_174,train,573788510,6830806,EPSG:32616,"[512, 512]",2016.0,POINT (-84.840317 30.295904),-84.84031723035687,30.29590434819605
sample_175,validation,580619316,6830834,EPSG:32610,"[512, 512]",2016.0,POINT (-119.409021 45.077902),-119.40902081537914,45.07790226916678
sample_176,train,587450150,6830803,EPSG:3449,"[512, 512]",2016.0,POINT (-80.478041 36.340659),-80.4780406095192,36.34065877526591
sample_177,validation,594280953,6830830,EPSG:32614,"[512, 512]",2016.0,POINT (-99.100313 31.165066),-99.10031348483962,31.165066382032112
sample_178,train,601111783,6830817,EPSG:32613,"[512, 512]",2016.0,POINT (-103.410899 47.618385),-103.4108986790321,47.61838453947824
sample_179,validation,607942600,6830837,EPSG:32610,"[512, 512]",2016.0,POINT (-122.633368 40.056206),-122.63336753050902,40.05620644836283
sample_18,validation,614773437,6830831,EPSG:3449,"[512, 512]",2016.0,POINT (-79.835076 38.128649),-79.83507567348597,38.128649426420836
sample_180,train,621604268,6830812,EPSG:32613,"[512, 512]",2016.0,POINT (-102.480406 37.052267),-102.48040579388247,37.052267316527946
sample_181,validation,628435080,6830836,EPSG:32610,"[512, 512]",2016.0,POINT (-121.060111 41.725159),-121.06011139286065,41.72515914080622
sample_182,train,635265916,6830811,EPSG:32613,"[512, 512]",2016.0,POINT (-107.076763 45.902394),-107.07676268283802,45.90239426142618
sample_183,train,642096727,6830802,EPSG:32615,"[512, 512]",2016.0,POINT (-90.809799 31.54695),-90.80979937242131,31.54694981280415
sample_184,train,648927529,6830817,EPSG:32610,"[512, 512]",2016.0,POINT (-120.109747 39.707519),-120.10974713375029,39.70751879796816
sample_185,validation,655758346,6830835,EPSG:32612,"[512, 512]",2016.0,POINT (-112.273382 41.939022),-112.27338157759816,41.93902211624807
sample_186,test,662589181,6830805,EPSG:32613,"[512, 512]",2016.0,POINT (-107.035605 46.748783),-107.03560544822479,46.74878312041997
sample_187,validation,669419986,6830829,EPSG:32616,"[512, 512]",2016.0,POINT (-85.577341 34.429162),-85.57734068057745,34.429162442591235
sample_188,train,676250815,6830817,EPSG:32613,"[512, 512]",2016.0,POINT (-104.405142 45.711536),-104.40514182495981,45.71153574219773
sample_189,train,683081632,6830817,EPSG:32610,"[512, 512]",2016.0,POINT (-120.736508 44.410053),-120.73650779354399,44.41005341867986
sample_19,train,689912449,6830812,EPSG:32613,"[512, 512]",2016.0,POINT (-103.100236 36.542488),-103.10023619555136,36.54248813011069
sample_190,test,696743261,6830807,EPSG:32615,"[512, 512]",2016.0,POINT (-91.211272 37.430026),-91.21127201062151,37.43002564215552
sample_191,train,703574068,6830807,EPSG:32611,"[512, 512]",2016.0,POINT (-118.06046 43.776625),-118.06046019241292,43.77662514456107
sample_192,train,710404875,6830802,EPSG:32614,"[512, 512]",2016.0,POINT (-101.27749 30.88979),-101.277490401183,30.88978964980374
sample_193,train,717235677,6830817,EPSG:32610,"[512, 512]",2016.0,POINT (-120.139284 46.689272),-120.13928384747409,46.68927151901907
sample_194,validation,724066494,6830831,EPSG:32614,"[512, 512]",2016.0,POINT (-98.715663 34.765814),-98.71566261839341,34.765813596124595
sample_195,train,730897325,6830806,EPSG:32611,"[512, 512]",2016.0,POINT (-114.907794 37.21172),-114.90779434714561,37.21172006402367
sample_196,validation,737728131,6830830,EPSG:32615,"[512, 512]",2016.0,POINT (-95.568697 28.819339),-95.56869716570708,28.819338855398897
sample_197,train,744558961,6830817,EPSG:32612,"[512, 512]",2016.0,POINT (-107.801745 47.587485),-107.80174474491956,47.587485085034075
sample_198,validation,751389778,6830839,EPSG:32610,"[512, 512]",2016.0,POINT (-121.694913 41.920293),-121.694913033297,41.92029275056908
sample_199,validation,758220617,6830831,EPSG:32615,"[512, 512]",2016.0,POINT (-93.017502 31.046812),-93.01750168301085,31.04681173378765
sample_2,validation,765051448,6830830,EPSG:3449,"[512, 512]",2016.0,POINT (-82.349406 30.519258),-82.34940564601276,30.51925840806889
sample_20,train,771882278,6830812,EPSG:32611,"[512, 512]",2016.0,POINT (-117.111952 41.247513),-117.111951695475,41.247513118100976
sample_200,train,778713090,6830815,EPSG:32613,"[512, 512]",2016.0,POINT (-107.228521 45.954348),-107.22852094190283,45.95434828035793
sample_201,train,785543905,6830806,EPSG:32616,"[512, 512]",2016.0,POINT (-86.777304 31.044726),-86.77730406275293,31.044725888566298
sample_202,validation,792374711,6830835,EPSG:32614,"[512, 512]",2016.0,POINT (-101.060407 34.657561),-101.06040742386371,34.65756082393876
sample_203,validation,799205546,6830835,EPSG:32614,"[512, 512]",2016.0,POINT (-101.096319 34.588789),-101.09631902214166,34.58878863678257
sample_204,train,806036381,6830805,EPSG:32611,"[512, 512]",2016.0,POINT (-118.82642 43.268577),-118.82641996527443,43.26857662739528
sample_205,validation,812867186,6830838,EPSG:32611,"[512, 512]",2016.0,POINT (-116.079447 41.948338),-116.07944700323043,41.94833777157472
sample_206,train,819698024,6830810,EPSG:32612,"[512, 512]",2016.0,POINT (-112.928699 34.779269),-112.92869873321314,34.779269039134874
sample_207,train,826528834,6830806,EPSG:32616,"[512, 512]",2016.0,POINT (-85.583769 32.510439),-85.58376857215032,32.510438697569235
sample_208,train,833359640,6830812,EPSG:32612,"[512, 512]",2016.0,POINT (-111.527346 39.807996),-111.52734558830927,39.80799597674761
sample_209,train,840190452,6830801,EPSG:32611,"[512, 512]",2016.0,POINT (-118.33666 34.45475),-118.33665966345188,34.45475023194799
sample_21,train,847021253,6830813,EPSG:32614,"[512, 512]",2016.0,POINT (-100.282434 30.656899),-100.28243372855783,30.656899397855984
sample_210,train,853852066,6830812,EPSG:32612,"[512, 512]",2016.0,POINT (-110.977674 33.237708),-110.97767390697558,33.23770799361846
sample_211,validation,860682878,6830825,EPSG:32611,"[512, 512]",2016.0,POINT (-119.410958 38.8133),-119.41095809851967,38.81329982246025
sample_212,validation,867513703,6830836,EPSG:32611,"[512, 512]",2016.0,POINT (-119.579971 38.863205),-119.5799710469,38.8632050189155
sample_213,train,874344539,6830807,EPSG:32616,"[512, 512]",2016.0,POINT (-87.252693 34.239404),-87.25269289309135,34.23940392348903
sample_214,train,881175346,6830796,EPSG:3449,"[512, 512]",2016.0,POINT (-80.120155 37.52925),-80.12015516928969,37.52924957834905
sample_215,train,888006142,6830817,EPSG:32612,"[512, 512]",2016.0,POINT (-107.783875 43.790833),-107.7838751751085,43.79083288291634
sample_216,train,894836959,6830807,EPSG:32615,"[512, 512]",2016.0,POINT (-93.570479 34.551358),-93.57047903559679,34.55135805964976
sample_217,train,901667766,6830802,EPSG:32616,"[512, 512]",2016.0,POINT (-86.156889 33.16964),-86.15688897494223,33.16964034993706
sample_218,train,908498568,6830806,EPSG:32612,"[512, 512]",2016.0,POINT (-108.61698 48.007935),-108.61697997932765,48.0079354330896
sample_219,train,915329374,6830811,EPSG:32611,"[512, 512]",2016.0,POINT (-118.609762 46.534989),-118.60976235714382,46.53498927789825
sample_22,validation,922160185,6830826,EPSG:32614,"[512, 512]",2016.0,POINT (-96.63069 38.117827),-96.63069048283538,38.11782678476784
sample_220,train,928991011,6830817,EPSG:32612,"[512, 512]",2016.0,POINT (-108.928725 44.461777),-108.92872468264842,44.46177687647218
sample_221,train,935821828,6830812,EPSG:32611,"[512, 512]",2016.0,POINT (-114.830649 43.476523),-114.83064850219478,43.47652295943804
sample_222,train,942652640,6830808,EPSG:32615,"[512, 512]",2016.0,POINT (-94.206823 47.185997),-94.20682270579746,47.18599685745469
sample_223,train,949483448,6830816,EPSG:32611,"[512, 512]",2016.0,POINT (-116.097462 40.628411),-116.0974620084145,40.62841126561535
sample_224,train,956314264,6830806,EPSG:32616,"[512, 512]",2016.0,POINT (-84.901394 30.151565),-84.90139364238304,30.151565304798815
sample_225,train,963145070,6830806,EPSG:32615,"[512, 512]",2016.0,POINT (-91.056905 37.968311),-91.05690459631438,37.96831079509414
sample_226,train,969975876,6830817,EPSG:32611,"[512, 512]",2016.0,POINT (-116.072099 40.666857),-116.07209922190657,40.66685719440261
sample_227,train,976806693,6830807,EPSG:32616,"[512, 512]",2016.0,POINT (-83.748584 44.423726),-83.74858382407177,44.42372568245211
sample_228,train,983637500,6830801,EPSG:32610,"[512, 512]",2016.0,POINT (-120.849888 38.0058),-120.84988843582148,38.005799638340605
sample_229,validation,990468301,6830836,EPSG:32613,"[512, 512]",2016.0,POINT (-102.613231 43.128321),-102.6132314570755,43.128321089239776
sample_23,train,997299137,6830815,EPSG:32610,"[512, 512]",2016.0,POINT (-119.990942 39.880692),-119.99094211432545,39.8806917837995
sample_230,validation,1004129952,6830835,EPSG:32611,"[512, 512]",2016.0,POINT (-115.451563 35.944494),-115.45156308131571,35.94449410538471
sample_231,test,1010960787,6830806,EPSG:32610,"[512, 512]",2016.0,POINT (-119.957183 47.913244),-119.95718308498763,47.9132444409858
sample_232,train,1017791593,6830815,EPSG:32610,"[512, 512]",2016.0,POINT (-120.788309 36.845082),-120.78830855747047,36.84508178726908
sample_233,validation,1024622408,6830832,EPSG:32614,"[512, 512]",2016.0,POINT (-96.440545 48.924315),-96.44054538285944,48.92431540215316
sample_234,train,1031453240,6830803,EPSG:3449,"[512, 512]",2016.0,POINT (-80.353383 37.335522),-80.3533827542233,37.33552196488561
sample_235,train,1038284043,6830801,EPSG:3449,"[512, 512]",2016.0,POINT (-80.922705 26.23562),-80.92270508220763,26.235620072104037
sample_236,test,1045114844,6830806,EPSG:32611,"[512, 512]",2016.0,POINT (-119.161162 40.474432),-119.16116177380532,40.4744319552499
sample_237,train,1051945650,6830815,EPSG:32611,"[512, 512]",2016.0,POINT (-118.975614 43.832264),-118.97561422269189,43.83226431152033
sample_238,test,1058776465,6830795,EPSG:32615,"[512, 512]",2016.0,POINT (-91.38453 37.477134),-91.38453005172603,37.47713448501081
sample_239,train,1065607260,6830806,EPSG:32616,"[512, 512]",2016.0,POINT (-87.464106 32.90806),-87.46410648158425,32.908059639851345
sample_24,test,1072438066,6830808,EPSG:32610,"[512, 512]",2016.0,POINT (-120.014227 48.565042),-120.01422661751948,48.56504167442085
sample_240,train,1079268874,6830806,EPSG:32616,"[512, 512]",2016.0,POINT (-84.899124 30.258432),-84.89912419416447,30.2584315312849
sample_241,train,1086099680,6830796,EPSG:3449,"[512, 512]",2016.0,POINT (-78.392595 34.60057),-78.39259462960949,34.60056976920058
sample_242,train,1092930476,6830812,EPSG:32611,"[512, 512]",2016.0,POINT (-119.525635 39.818456),-119.52563471582107,39.81845630715371
sample_243,train,1099761288,6830815,EPSG:32612,"[512, 512]",2016.0,POINT (-111.948352 42.927229),-111.94835163933011,42.92722918277506
sample_244,train,1106592103,6830812,EPSG:32611,"[512, 512]",2016.0,POINT (-116.680054 33.873716),-116.68005431825667,33.873715549611504
sample_245,train,1113422915,6830811,EPSG:32613,"[512, 512]",2016.0,POINT (-107.875007 33.503339),-107.87500732040267,33.50333863724606
sample_246,train,1120253726,6830808,EPSG:32615,"[512, 512]",2016.0,POINT (-92.558218 31.102901),-92.55821828531215,31.102901497279955
sample_247,validation,1127084534,6830841,EPSG:32611,"[512, 512]",2016.0,POINT (-118.469174 48.387109),-118.46917418979143,48.38710927526377
sample_248,test,1133915375,6830801,EPSG:32615,"[512, 512]",2016.0,POINT (-91.341354 37.542509),-91.34135413401754,37.54250884516721
sample_249,train,1140746176,6830812,EPSG:32614,"[512, 512]",2016.0,POINT (-100.884213 30.335347),-100.88421317741252,30.33534676480838
sample_25,validation,1147576988,6830835,EPSG:32611,"[512, 512]",2016.0,POINT (-119.012279 45.948102),-119.01227879050593,45.9481015839784
sample_250,train,1154407823,6830806,EPSG:32615,"[512, 512]",2016.0,POINT (-92.221804 33.178451),-92.22180437089214,33.178451396309576
sample_251,validation,1161238629,6830835,EPSG:32611,"[512, 512]",2016.0,POINT (-119.082584 45.964933),-119.08258410351735,45.96493269798737
sample_252,train,1168069464,6830817,EPSG:32610,"[512, 512]",2016.0,POINT (-121.365137 46.593491),-121.36513726188949,46.59349090214571
sample_253,train,1174900281,6830812,EPSG:32613,"[512, 512]",2016.0,POINT (-107.545952 35.330413),-107.54595186566307,35.33041323236695
sample_254,train,1181731093,6830813,EPSG:32611,"[512, 512]",2016.0,POINT (-119.215224 47.928425),-119.2152235659133,47.92842450690281
sample_255,train,1188561906,6830814,EPSG:32610,"[512, 512]",2016.0,POINT (-120.998962 36.674951),-120.99896217577037,36.67495091416351
sample_256,train,1195392720,6830802,EPSG:3449,"[512, 512]",2016.0,POINT (-83.046123 29.359902),-83.04612252340547,29.359901542744357
sample_257,train,1202223522,6830815,EPSG:32610,"[512, 512]",2016.0,POINT (-120.961786 36.390937),-120.96178560485092,36.39093689199083
sample_258,train,1209054337,6830811,EPSG:32613,"[512, 512]",2016.0,POINT (-103.992803 40.676733),-103.99280281757092,40.67673266716061
sample_259,train,1215885148,6830807,EPSG:32610,"[512, 512]",2016.0,POINT (-120.09379 35.119217),-120.09378967029433,35.11921693500056
sample_26,train,1222715955,6830806,EPSG:32616,"[512, 512]",2016.0,POINT (-86.794615 31.035551),-86.79461540732895,31.035550999251857
sample_260,train,1229546761,6830812,EPSG:32610,"[512, 512]",2016.0,POINT (-119.792252 44.740405),-119.79225182786253,44.740404696437515
sample_261,validation,1236377573,6830826,EPSG:3449,"[512, 512]",2016.0,POINT (-82.261437 30.413489),-82.26143748322343,30.41348912144637
sample_262,test,1243208399,6830809,EPSG:32610,"[512, 512]",2016.0,POINT (-122.166133 38.660835),-122.16613325611338,38.66083505187244
sample_263,validation,1250039208,6830830,EPSG:32614,"[512, 512]",2016.0,POINT (-96.844864 37.908925),-96.8448640420034,37.908925197439686
sample_264,train,1256870038,6830817,EPSG:32610,"[512, 512]",2016.0,POINT (-120.547954 44.395896),-120.54795433757849,44.39589605800167
sample_265,train,1263700855,6830812,EPSG:32612,"[512, 512]",2016.0,POINT (-107.934376 47.468813),-107.93437560094338,47.468812796404976
sample_266,train,1270531667,6830797,EPSG:32616,"[512, 512]",2016.0,POINT (-89.0063 30.644221),-89.0063002555509,30.64422145386809
sample_267,train,1277362464,6830811,EPSG:32610,"[512, 512]",2016.0,POINT (-120.878897 44.939966),-120.8788967813003,44.93996592556361
sample_268,train,1284193275,6830802,EPSG:3449,"[512, 512]",2016.0,POINT (-82.015957 36.581692),-82.01595674908285,36.58169187662833
sample_269,train,1291024077,6830812,EPSG:32610,"[512, 512]",2016.0,POINT (-120.533712 40.605598),-120.53371243572032,40.60559751875057
sample_27,train,1297854889,6830806,EPSG:32610,"[512, 512]",2016.0,POINT (-119.45261 47.980821),-119.45260954534169,47.98082132425902
sample_270,train,1304685695,6830817,EPSG:32613,"[512, 512]",2016.0,POINT (-103.440577 46.952537),-103.44057700047117,46.95253743704443
sample_271,train,1311516512,6830817,EPSG:32611,"[512, 512]",2016.0,POINT (-117.355141 46.180195),-117.35514129074352,46.18019498065856
sample_272,test,1318347329,6830795,EPSG:3449,"[512, 512]",2016.0,POINT (-80.578561 27.835217),-80.57856121626905,27.83521700960141
sample_273,train,1325178124,6830812,EPSG:32614,"[512, 512]",2016.0,POINT (-100.868854 29.331104),-100.8688541291732,29.331103865375187
sample_274,test,1332008936,6830810,EPSG:32610,"[512, 512]",2016.0,POINT (-120.000229 47.262945),-120.00022856542576,47.262944709529656
sample_275,train,1338839746,6830812,EPSG:32610,"[512, 512]",2016.0,POINT (-121.75437 42.652602),-121.75437039555715,42.65260152660955
sample_276,validation,1345670558,6830836,EPSG:32612,"[512, 512]",2016.0,POINT (-110.841889 34.587218),-110.84188873954544,34.5872177865058
sample_277,train,1352501394,6830811,EPSG:32614,"[512, 512]",2016.0,POINT (-100.434164 30.965495),-100.43416354474898,30.96549453188142
sample_278,test,1359332205,6830806,EPSG:32612,"[512, 512]",2016.0,POINT (-112.420547 34.239551),-112.4205469916404,34.23955083844591
sample_279,train,1366163011,6830806,EPSG:32615,"[512, 512]",2016.0,POINT (-94.152267 31.187557),-94.15226740414526,31.187557000519845
sample_28,test,1372993817,6830806,EPSG:32612,"[512, 512]",2016.0,POINT (-109.384815 32.097549),-109.38481464556118,32.09754874707417
sample_280,train,1379824623,6830806,EPSG:32616,"[512, 512]",2016.0,POINT (-86.743547 31.088515),-86.74354650335832,31.088515428098436
sample_281,train,1386655429,6830815,EPSG:32610,"[512, 512]",2016.0,POINT (-120.140356 46.512718),-120.14035613699708,46.51271813182928
sample_282,test,1393486244,6830807,EPSG:32613,"[512, 512]",2016.0,POINT (-106.918886 43.022589),-106.91888608567874,43.022589474084256
sample_283,validation,1400317051,6830839,EPSG:32614,"[512, 512]",2016.0,POINT (-101.653053 35.717762),-101.65305306143784,35.71776234688776
sample_284,test,1407147890,6830797,EPSG:3449,"[512, 512]",2016.0,POINT (-81.755684 33.279791),-81.7556838240322,33.27979144910958
sample_285,train,1413978687,6830812,EPSG:32613,"[512, 512]",2016.0,POINT (-103.936498 37.022346),-103.93649838785781,37.02234627331183
sample_286,train,1420809499,6830812,EPSG:32611,"[512, 512]",2016.0,POINT (-117.930348 43.920107),-117.93034837143179,43.920106900759215
sample_287,train,1427640311,6830815,EPSG:32613,"[512, 512]",2016.0,POINT (-103.090885 36.961461),-103.09088532266651,36.961460596234964
sample_288,train,1434471126,6830812,EPSG:32610,"[512, 512]",2016.0,POINT (-119.949309 35.330619),-119.94930876832154,35.330618953108484
sample_289,train,1441301938,6830806,EPSG:32613,"[512, 512]",2016.0,POINT (-104.345578 48.47182),-104.3455783802335,48.471819784505286
sample_29,train,1448132744,6830811,EPSG:32612,"[512, 512]",2016.0,POINT (-108.884779 31.402363),-108.88477907877314,31.402363448614214
sample_290,train,1454963555,6830817,EPSG:32611,"[512, 512]",2016.0,POINT (-115.570592 40.316888),-115.57059231727024,40.31688832534417
sample_291,validation,1461794372,6830834,EPSG:32611,"[512, 512]",2016.0,POINT (-113.377752 41.557439),-113.3777520432748,41.5574393164738
sample_292,train,1468625206,6830812,EPSG:32613,"[512, 512]",2016.0,POINT (-104.723843 32.227173),-104.72384331071275,32.2271730165836
sample_293,validation,1475456018,6830832,EPSG:32616,"[512, 512]",2016.0,POINT (-84.559107 36.647006),-84.55910728756166,36.64700646534931
sample_294,test,1482286850,6830795,EPSG:32614,"[512, 512]",2016.0,POINT (-99.81708 35.678519),-99.81707991527806,35.67851923844791
sample_295,validation,1489117645,6830841,EPSG:32611,"[512, 512]",2016.0,POINT (-113.782093 45.626157),-113.78209280173812,45.626157488078974
sample_296,train,1495948486,6830815,EPSG:32611,"[512, 512]",2016.0,POINT (-114.528125 39.356109),-114.52812498639634,39.35610927176156
sample_297,train,1502779301,6830811,EPSG:32614,"[512, 512]",2016.0,POINT (-97.379707 27.140473),-97.37970725102734,27.140473372115277
sample_298,train,1509610112,6830805,EPSG:32613,"[512, 512]",2016.0,POINT (-106.19452 36.44022),-106.19451963953443,36.44021971417635
sample_299,train,1516440917,6830815,EPSG:32612,"[512, 512]",2016.0,POINT (-107.879258 43.777814),-107.87925795321685,43.777814134620186
sample_3,validation,1523271732,6830834,EPSG:32611,"[512, 512]",2016.0,POINT (-117.35231 40.663562),-117.35231012612681,40.66356194212964
sample_30,train,1530102566,6830806,EPSG:32616,"[512, 512]",2016.0,POINT (-85.915434 33.415892),-85.91543425698741,33.415892390372285
sample_300,validation,1536933372,6830830,EPSG:32614,"[512, 512]",2016.0,POINT (-96.896889 37.915274),-96.8968893097455,37.91527366366252
sample_301,train,1543764202,6830817,EPSG:32611,"[512, 512]",2016.0,POINT (-116.236513 42.732476),-116.23651320203243,42.732476113915546
sample_302,validation,1550595019,6830833,EPSG:32614,"[512, 512]",2016.0,POINT (-101.63012 35.625248),-101.63012000055303,35.62524805474068
sample_303,validation,1557425852,6830830,EPSG:32614,"[512, 512]",2016.0,POINT (-98.365115 36.332269),-98.36511534169897,36.33226892411334
sample_304,train,1564256682,6830807,EPSG:32613,"[512, 512]",2016.0,POINT (-106.3404 43.942233),-106.3404003615587,43.94223250704358
sample_305,validation,1571087489,6830835,EPSG:32616,"[512, 512]",2016.0,POINT (-89.583598 32.628486),-89.58359792101064,32.6284863521549
sample_306,train,1577918324,6830815,EPSG:32611,"[512, 512]",2016.0,POINT (-117.263402 41.245915),-117.2634022147807,41.24591508499265
sample_307,train,1584749139,6830812,EPSG:32614,"[512, 512]",2016.0,POINT (-101.001157 35.824488),-101.00115709409258,35.824487523041164
sample_308,test,1591579951,6830807,EPSG:32614,"[512, 512]",2016.0,POINT (-99.017377 36.806705),-99.01737652819162,36.8067048356185
sample_309,train,1598410758,6830810,EPSG:32611,"[512, 512]",2016.0,POINT (-114.596739 37.192297),-114.59673913469904,37.1922967639855
sample_31,test,1605241568,6830802,EPSG:32615,"[512, 512]",2016.0,POINT (-91.217008 37.431194),-91.21700806002377,37.431193842934526
sample_310,train,1612072370,6830817,EPSG:32611,"[512, 512]",2016.0,POINT (-116.458063 40.117956),-116.45806302742128,40.1179555940009
sample_311,train,1618903187,6830811,EPSG:32611,"[512, 512]",2016.0,POINT (-117.466711 33.701704),-117.46671097110608,33.7017035310687
sample_312,validation,1625733998,6830826,EPSG:32614,"[512, 512]",2016.0,POINT (-101.229403 31.5966),-101.22940274753171,31.596599804133273
sample_313,test,1632564824,6830811,EPSG:32611,"[512, 512]",2016.0,POINT (-117.797716 41.636357),-117.79771605638729,41.63635747394017
sample_314,train,1639395635,6830817,EPSG:32611,"[512, 512]",2016.0,POINT (-114.451924 47.304664),-114.4519238327969,47.30466374224193
sample_315,train,1646226452,6830807,EPSG:32616,"[512, 512]",2016.0,POINT (-86.000542 33.365739),-86.00054166570645,33.365738651489735
sample_316,train,1653057259,6830817,EPSG:32614,"[512, 512]",2016.0,POINT (-102.234522 41.713552),-102.2345217338222,41.713552273100895
sample_317,train,1659888076,6830812,EPSG:32614,"[512, 512]",2016.0,POINT (-100.538426 30.709066),-100.53842604386209,30.70906558778254
sample_318,train,1666718888,6830811,EPSG:32612,"[512, 512]",2016.0,POINT (-107.669367 44.199166),-107.6693674736843,44.1991655899166
sample_319,train,1673549699,6830816,EPSG:32612,"[512, 512]",2016.0,POINT (-113.634434 36.096992),-113.63443437713197,36.09699162823554
sample_32,train,1680380515,6830807,EPSG:32614,"[512, 512]",2016.0,POINT (-96.463841 37.164652),-96.46384093681621,37.16465227832369
sample_320,train,1687211322,6830806,EPSG:32613,"[512, 512]",2016.0,POINT (-104.31628 38.499055),-104.31628035249062,38.49905486385165
sample_321,train,1694042128,6830811,EPSG:32614,"[512, 512]",2016.0,POINT (-100.442108 30.971631),-100.4421079926757,30.971631221716173
sample_322,validation,1700872939,6830841,EPSG:32612,"[512, 512]",2016.0,POINT (-107.665804 46.732063),-107.66580433898801,46.73206288779676
sample_323,train,1707703780,6830812,EPSG:32611,"[512, 512]",2016.0,POINT (-116.354738 44.65591),-116.35473798524225,44.65590999912567
sample_324,train,1714534592,6830811,EPSG:32613,"[512, 512]",2016.0,POINT (-106.422928 44.453332),-106.42292784719884,44.45333165796667
sample_325,train,1721365403,6830817,EPSG:32613,"[512, 512]",2016.0,POINT (-104.578854 40.169272),-104.57885432318588,40.16927160779965
sample_326,train,1728196220,6830810,EPSG:32613,"[512, 512]",2016.0,POINT (-102.569351 43.711394),-102.5693509843438,43.71139430229256
sample_327,test,1735027030,6830805,EPSG:32612,"[512, 512]",2016.0,POINT (-111.998289 34.397382),-111.9982888642173,34.39738237595188
sample_328,train,1741857835,6830811,EPSG:32613,"[512, 512]",2016.0,POINT (-102.988167 36.857016),-102.98816748680345,36.85701579897719
sample_329,validation,1748688646,6830835,EPSG:32612,"[512, 512]",2016.0,POINT (-111.108497 34.587001),-111.10849678227332,34.58700143717622
sample_33,validation,1755519481,6830836,EPSG:32610,"[512, 512]",2016.0,POINT (-122.804149 40.113922),-122.80414868122854,40.11392244796609
sample_330,train,1762350317,6830806,EPSG:32615,"[512, 512]",2016.0,POINT (-94.414148 35.605369),-94.41414819123773,35.605369392
sample_331,validation,1769181123,6830846,EPSG:32614,"[512, 512]",2016.0,POINT (-100.789954 35.497599),-100.78995419317614,35.49759896374299
sample_332,train,1776011969,6830811,EPSG:32612,"[512, 512]",2016.0,POINT (-111.896114 40.243599),-111.89611356868414,40.24359917273361
sample_333,train,1782842780,6830801,EPSG:3449,"[512, 512]",2016.0,POINT (-81.822162 29.45077),-81.82216154908825,29.4507698140618
sample_334,validation,1789673581,6830839,EPSG:32611,"[512, 512]",2016.0,POINT (-119.064278 45.322861),-119.06427765234038,45.322861349495
sample_335,train,1796504420,6830811,EPSG:32613,"[512, 512]",2016.0,POINT (-107.391991 33.619647),-107.39199130351946,33.619647000932986
sample_336,test,1803335231,6830806,EPSG:32610,"[512, 512]",2016.0,POINT (-121.400785 44.547958),-121.40078527485173,44.54795750337004
sample_337,test,1810166037,6830800,EPSG:32612,"[512, 512]",2016.0,POINT (-111.99894 33.955307),-111.9989399867862,33.955307301171416
sample_338,test,1816996837,6830806,EPSG:32612,"[512, 512]",2016.0,POINT (-111.994701 33.953718),-111.99470078315048,33.95371830783365
sample_339,train,1823827643,6830812,EPSG:32611,"[512, 512]",2016.0,POINT (-116.696321 32.555121),-116.69632095619262,32.55512074515385
sample_34,train,1830658455,6830806,EPSG:32616,"[512, 512]",2016.0,POINT (-84.996256 36.403148),-84.99625569173092,36.40314802900252
sample_340,test,1837489261,6830801,EPSG:32610,"[512, 512]",2016.0,POINT (-122.3822 38.715705),-122.38220036771241,38.71570547143769
sample_341,train,1844320062,6830813,EPSG:32612,"[512, 512]",2016.0,POINT (-111.054836 33.044486),-111.05483622777416,33.04448582157739
sample_342,train,1851150875,6830807,EPSG:32614,"[512, 512]",2016.0,POINT (-96.869641 28.195441),-96.86964099878301,28.195440871884223
sample_343,train,1857981682,6830803,EPSG:3449,"[512, 512]",2016.0,POINT (-82.621631 37.599803),-82.62163072795929,37.599802625458146
sample_344,test,1864812485,6830806,EPSG:32612,"[512, 512]",2016.0,POINT (-111.986377 33.851244),-111.98637725553515,33.85124432798014
sample_345,train,1871643291,6830810,EPSG:32615,"[512, 512]",2016.0,POINT (-95.898721 39.033291),-95.8987206560324,39.03329081683614
sample_346,train,1878474101,6830812,EPSG:32612,"[512, 512]",2016.0,POINT (-112.977303 42.696608),-112.97730263987818,42.696607805256285
sample_347,train,1885304913,6830803,EPSG:32614,"[512, 512]",2016.0,POINT (-99.13207 32.692897),-99.13207002556004,32.69289681742887
sample_348,train,1892135716,6830801,EPSG:3449,"[512, 512]",2016.0,POINT (-80.29441 34.533608),-80.29441039076599,34.53360823850031
sample_349,train,1898966517,6830805,EPSG:32615,"[512, 512]",2016.0,POINT (-91.499942 36.927584),-91.49994213940224,36.92758439936126
sample_35,train,1905797322,6830813,EPSG:32613,"[512, 512]",2016.0,POINT (-104.753542 47.362427),-104.75354236268589,47.36242669994312
sample_350,train,1912628135,6830811,EPSG:32611,"[512, 512]",2016.0,POINT (-117.418802 33.367161),-117.4188016661063,33.367161331387855
sample_351,train,1919458946,6830811,EPSG:32610,"[512, 512]",2016.0,POINT (-120.080078 41.095429),-120.08007797106659,41.09542921144833
sample_352,train,1926289757,6830812,EPSG:32613,"[512, 512]",2016.0,POINT (-103.453113 34.171744),-103.45311270736963,34.17174381824789
sample_353,train,1933120569,6830812,EPSG:32611,"[512, 512]",2016.0,POINT (-114.362265 47.455166),-114.36226493245748,47.45516607540802
sample_354,train,1939951381,6830814,EPSG:32613,"[512, 512]",2016.0,POINT (-104.228254 36.177572),-104.22825408733092,36.17757215867405
sample_355,train,1946782195,6830802,EPSG:3449,"[512, 512]",2016.0,POINT (-83.413341 34.502332),-83.41334064916327,34.5023322552758
sample_356,train,1953612997,6830803,EPSG:3449,"[512, 512]",2016.0,POINT (-81.318226 36.768959),-81.3182262460421,36.76895944411329
sample_357,test,1960443800,6830800,EPSG:32613,"[512, 512]",2016.0,POINT (-106.57279 41.826422),-106.57279048867687,41.826422148241356
sample_358,validation,1967274600,6830836,EPSG:32612,"[512, 512]",2016.0,POINT (-112.086294 36.021781),-112.08629410354344,36.021780975345386
sample_359,test,1974105436,6830806,EPSG:32612,"[512, 512]",2016.0,POINT (-111.620272 35.262317),-111.62027209715727,35.26231728616362
sample_36,train,1980936242,6830800,EPSG:3449,"[512, 512]",2016.0,POINT (-82.113498 33.626138),-82.11349848512758,33.62613838223963
sample_360,validation,1987767042,6830841,EPSG:32612,"[512, 512]",2016.0,POINT (-112.202388 39.528071),-112.20238805921151,39.528070679292
sample_361,train,1994597883,6830811,EPSG:32612,"[512, 512]",2016.0,POINT (-108.728627 31.323386),-108.72862736518056,31.32338626397051
sample_362,train,2001428694,6830801,EPSG:32615,"[512, 512]",2016.0,POINT (-91.290616 46.63425),-91.29061588686265,46.63424951569362
sample_363,train,2008259495,6830802,EPSG:32616,"[512, 512]",2016.0,POINT (-84.08053 35.333321),-84.08052959929016,35.3333210654961
sample_364,train,2015090297,6830816,EPSG:32611,"[512, 512]",2016.0,POINT (-119.025421 48.158673),-119.0254209909036,48.15867251933711
sample_365,train,2021921113,6830811,EPSG:32610,"[512, 512]",2016.0,POINT (-120.410538 45.551683),-120.41053768872139,45.551682702691316
sample_366,validation,2028751924,6830826,EPSG:3449,"[512, 512]",2016.0,POINT (-82.261362 34.049482),-82.26136201111053,34.049481533903034
sample_367,test,2035582750,6830796,EPSG:3449,"[512, 512]",2016.0,POINT (-79.617971 33.231656),-79.61797079031827,33.23165575793488
sample_368,test,2042413546,6830811,EPSG:32610,"[512, 512]",2016.0,POINT (-121.998573 38.311844),-121.99857342160118,38.31184373490246
sample_369,train,2049244357,6830811,EPSG:32611,"[512, 512]",2016.0,POINT (-115.950582 41.282779),-115.95058228978779,41.28277897187971
sample_37,train,2056075168,6830811,EPSG:32610,"[512, 512]",2016.0,POINT (-121.409699 36.041848),-121.40969893960687,36.04184812781313
sample_370,train,2062905979,6830812,EPSG:32613,"[512, 512]",2016.0,POINT (-105.720455 33.811148),-105.72045493766211,33.811147516637426
sample_371,train,2069736791,6830812,EPSG:32615,"[512, 512]",2016.0,POINT (-92.326225 36.073222),-92.32622483787368,36.073222482778554
sample_372,train,2076567603,6830802,EPSG:32611,"[512, 512]",2016.0,POINT (-119.93037 35.32143),-119.93036958047041,35.321430353357
sample_373,train,2083398405,6830806,EPSG:32614,"[512, 512]",2016.0,POINT (-97.553794 34.336639),-97.55379425018693,34.33663915812231
sample_374,validation,2090229211,6830840,EPSG:32612,"[512, 512]",2016.0,POINT (-113.710993 37.298923),-113.71099320952926,37.29892312577718
sample_375,train,2097060051,6830812,EPSG:32610,"[512, 512]",2016.0,POINT (-120.805314 40.420833),-120.80531373226506,40.420832654522265
sample_376,validation,2103890863,6830824,EPSG:32616,"[512, 512]",2016.0,POINT (-84.65545 32.414317),-84.65545036467145,32.41431679861484
sample_377,train,2110721687,6830812,EPSG:32612,"[512, 512]",2016.0,POINT (-110.391012 33.556054),-110.39101211540178,33.55605431662506
sample_378,train,2117552499,6830811,EPSG:32613,"[512, 512]",2016.0,POINT (-103.375167 37.045731),-103.37516679691286,37.04573139175715
sample_379,validation,2124383310,6830826,EPSG:32616,"[512, 512]",2016.0,POINT (-89.571511 32.33901),-89.5715107881318,32.339010379989375
sample_38,test,2131214136,6830801,EPSG:32616,"[512, 512]",2016.0,POINT (-89.272557 32.158343),-89.27255725579846,32.158343365635034
sample_380,train,2138044937,6830812,EPSG:32611,"[512, 512]",2016.0,POINT (-113.449641 42.559215),-113.44964090745103,42.55921520384078
sample_381,train,2144875749,6830806,EPSG:32613,"[512, 512]",2016.0,POINT (-105.53109 33.589424),-105.53109013838552,33.589423977471654
sample_382,train,2151706555,6830816,EPSG:32612,"[512, 512]",2016.0,POINT (-113.693047 36.946262),-113.69304733058291,36.946261913393215
sample_383,train,2158537371,6830811,EPSG:32611,"[512, 512]",2016.0,POINT (-115.130797 42.918056),-115.13079669175154,42.91805592224939
sample_384,train,2165368182,6830807,EPSG:32616,"[512, 512]",2016.0,POINT (-88.859959 30.700797),-88.8599587558847,30.700797291247714
sample_385,train,2172198989,6830808,EPSG:32614,"[512, 512]",2016.0,POINT (-97.595195 27.045576),-97.59519504958418,27.045576143478534
sample_386,train,2179029797,6830811,EPSG:32611,"[512, 512]",2016.0,POINT (-117.291105 33.369421),-117.2911053145195,33.36942058456312
sample_387,train,2185860608,6830807,EPSG:32615,"[512, 512]",2016.0,POINT (-94.361149 31.131928),-94.36114880048056,31.131927508655306
sample_388,validation,2192691415,6830836,EPSG:32614,"[512, 512]",2016.0,POINT (-101.601499 35.763775),-101.60149905098324,35.76377514342289
sample_389,validation,2199522251,6830831,EPSG:32610,"[512, 512]",2016.0,POINT (-121.0437 41.766761),-121.04370030344505,41.76676087306742
sample_39,test,2206353082,6830800,EPSG:32610,"[512, 512]",2016.0,POINT (-122.01765 38.474491),-122.0176498961487,38.47449121962676
sample_390,train,2213183882,6830807,EPSG:32616,"[512, 512]",2016.0,POINT (-88.902023 30.593827),-88.90202335130374,30.593826547140015
sample_391,validation,2220014689,6830826,EPSG:32612,"[512, 512]",2016.0,POINT (-111.184966 31.9529),-111.18496636106828,31.952900314451785
sample_392,test,2226845515,6830805,EPSG:32612,"[512, 512]",2016.0,POINT (-108.213305 37.290135),-108.21330523221825,37.29013491069395
sample_393,validation,2233676320,6830830,EPSG:32611,"[512, 512]",2016.0,POINT (-117.508193 40.58001),-117.50819252889876,40.58001025738015
sample_394,validation,2240507150,6830841,EPSG:32610,"[512, 512]",2016.0,POINT (-121.511417 41.923464),-121.51141743642543,41.92346405034729
sample_395,train,2247337991,6830817,EPSG:32612,"[512, 512]",2016.0,POINT (-112.496038 42.528031),-112.49603841175444,42.52803061297869
sample_396,train,2254168808,6830800,EPSG:32616,"[512, 512]",2016.0,POINT (-86.604164 31.09899),-86.60416350199833,31.098990439175818
sample_397,train,2260999608,6830813,EPSG:32612,"[512, 512]",2016.0,POINT (-111.887492 45.146068),-111.88749222330901,45.14606808854075
sample_398,train,2267830421,6830806,EPSG:32615,"[512, 512]",2016.0,POINT (-95.194591 38.164205),-95.19459070018132,38.16420507509769
sample_399,train,2274661227,6830807,EPSG:32616,"[512, 512]",2016.0,POINT (-89.243905 30.929614),-89.24390505726964,30.929613943156546
sample_4,validation,2281492034,6830836,EPSG:32613,"[512, 512]",2016.0,POINT (-102.436327 43.371926),-102.43632745398365,43.371925606979765
sample_40,train,2288322870,6830811,EPSG:32614,"[512, 512]",2016.0,POINT (-100.075495 35.219364),-100.07549494685077,35.21936428495241
sample_400,train,2295153681,6830802,EPSG:32611,"[512, 512]",2016.0,POINT (-113.446203 42.6261),-113.4462034891408,42.62610021699922
sample_401,train,2301984483,6830805,EPSG:32612,"[512, 512]",2016.0,POINT (-112.020978 36.35123),-112.02097785679238,36.35123028204756
sample_402,test,2308815288,6830807,EPSG:32611,"[512, 512]",2016.0,POINT (-113.789027 43.218623),-113.7890266830486,43.21862285608856
sample_403,validation,2315646095,6830825,EPSG:3449,"[512, 512]",2016.0,POINT (-82.487546 33.936304),-82.48754640151016,33.936304085554774
sample_404,train,2322476920,6830811,EPSG:32612,"[512, 512]",2016.0,POINT (-112.071611 46.504309),-112.0716110745958,46.50430931226871
sample_405,validation,2329307731,6830836,EPSG:32611,"[512, 512]",2016.0,POINT (-115.569795 35.990857),-115.56979536535606,35.990856673274386
sample_406,train,2336138567,6830806,EPSG:32616,"[512, 512]",2016.0,POINT (-84.803807 30.058223),-84.80380697957908,30.058222920209573
sample_407,train,2342969373,6830811,EPSG:32610,"[512, 512]",2016.0,POINT (-120.503641 44.028426),-120.50364128109499,44.02842637256895
sample_408,train,2349800184,6830797,EPSG:3449,"[512, 512]",2016.0,POINT (-81.578358 29.05999),-81.57835818122494,29.0599895747505
sample_409,train,2356630981,6830801,EPSG:32615,"[512, 512]",2016.0,POINT (-92.038677 36.91586),-92.03867728500049,36.915859878276116
sample_41,test,2363461782,6830811,EPSG:32611,"[512, 512]",2016.0,POINT (-115.389029 45.540247),-115.38902927777075,45.540247052198445
sample_410,test,2370292593,6830811,EPSG:32610,"[512, 512]",2016.0,POINT (-119.539943 42.690292),-119.53994284186231,42.69029227685691
sample_411,test,2377123404,6830806,EPSG:32610,"[512, 512]",2016.0,POINT (-120.153295 47.712571),-120.1532953855421,47.712570589707944
sample_412,train,2383954210,6830806,EPSG:32616,"[512, 512]",2016.0,POINT (-84.569704 30.242177),-84.56970406073525,30.242177105014857
sample_413,train,2390785016,6830817,EPSG:32610,"[512, 512]",2016.0,POINT (-120.588702 45.276632),-120.58870180570594,45.276632237980024
sample_414,train,2397615833,6830810,EPSG:32613,"[512, 512]",2016.0,POINT (-105.632488 33.661462),-105.63248750620917,33.66146205103626
sample_415,train,2404446643,6830806,EPSG:32616,"[512, 512]",2016.0,POINT (-87.414203 32.869808),-87.41420315145956,32.869807854699275
sample_416,train,2411277449,6830806,EPSG:32613,"[512, 512]",2016.0,POINT (-106.48274 46.352571),-106.4827400986706,46.35257099172554
sample_417,test,2418108255,6830806,EPSG:32610,"[512, 512]",2016.0,POINT (-119.831758 42.467237),-119.83175775476494,42.46723725923845
sample_418,train,2424939061,6830812,EPSG:32614,"[512, 512]",2016.0,POINT (-96.004035 39.204879),-96.00403469695567,39.20487851149253
sample_419,test,2431769873,6830800,EPSG:32612,"[512, 512]",2016.0,POINT (-109.51857 47.580414),-109.51856999263536,47.58041419351712
sample_42,train,2438600673,6830812,EPSG:32611,"[512, 512]",2016.0,POINT (-116.858863 34.024216),-116.85886301359052,34.02421613750845
sample_420,train,2445431485,6830811,EPSG:32610,"[512, 512]",2016.0,POINT (-120.245816 46.731577),-120.24581551405063,46.7315765820411
sample_421,test,2452262296,6830794,EPSG:3449,"[512, 512]",2016.0,POINT (-81.675712 34.423126),-81.67571239803426,34.423126488400065
sample_422,train,2459093090,6830812,EPSG:32610,"[512, 512]",2016.0,POINT (-120.022828 35.296222),-120.02282795328593,35.29622154877383
sample_423,test,2465923902,6830809,EPSG:32610,"[512, 512]",2016.0,POINT (-122.767772 38.677635),-122.76777164896632,38.67763530684601
sample_424,train,2472754711,6830812,EPSG:32610,"[512, 512]",2016.0,POINT (-119.271906 48.681862),-119.27190560749665,48.681862491383406
sample_425,train,2479585523,6830805,EPSG:32616,"[512, 512]",2016.0,POINT (-86.973116 46.045471),-86.97311579889846,46.045470968448825
sample_426,validation,2486416328,6830835,EPSG:32612,"[512, 512]",2016.0,POINT (-112.099645 36.971719),-112.0996451067204,36.97171886115623
sample_427,validation,2493247163,6830835,EPSG:32611,"[512, 512]",2016.0,POINT (-113.608819 41.746583),-113.60881925227497,41.74658309575153
sample_428,validation,2500077998,6830836,EPSG:32611,"[512, 512]",2016.0,POINT (-115.265816 42.254233),-115.26581633773252,42.25423312936416
sample_429,validation,2506908834,6830839,EPSG:32612,"[512, 512]",2016.0,POINT (-113.158589 38.624424),-113.15858852530745,38.62442427965937
sample_43,validation,2513739673,6830831,EPSG:32614,"[512, 512]",2016.0,POINT (-98.688763 36.480409),-98.68876269055717,36.48040902276858
sample_430,train,2520570504,6830806,EPSG:32615,"[512, 512]",2016.0,POINT (-95.318282 34.313493),-95.31828164986092,34.31349340198084
sample_431,train,2527401310,6830817,EPSG:32612,"[512, 512]",2016.0,POINT (-109.816349 47.129277),-109.81634898903978,47.12927713187923
sample_432,train,2534232127,6830806,EPSG:32612,"[512, 512]",2016.0,POINT (-112.81405 38.214498),-112.81404987496087,38.21449837547716
sample_433,test,2541062933,6830809,EPSG:32613,"[512, 512]",2016.0,POINT (-106.835434 47.317219),-106.83543395396231,47.317218983635605
sample_434,test,2547893742,6830796,EPSG:32614,"[512, 512]",2016.0,POINT (-95.96763 35.272948),-95.96763016431206,35.27294795965182
sample_435,train,2554724538,6830811,EPSG:32611,"[512, 512]",2016.0,POINT (-119.611434 37.841291),-119.61143364115404,37.841290862251306
sample_436,validation,2561555349,6830836,EPSG:32611,"[512, 512]",2016.0,POINT (-114.996523 38.824516),-114.99652256876595,38.82451578072076
sample_437,test,2568386185,6830801,EPSG:32614,"[512, 512]",2016.0,POINT (-96.178361 35.300224),-96.17836076518971,35.300223610187786
sample_438,test,2575216986,6830807,EPSG:32612,"[512, 512]",2016.0,POINT (-112.119205 34.188294),-112.11920517451541,34.188293992141624
sample_439,train,2582047793,6830812,EPSG:32612,"[512, 512]",2016.0,POINT (-113.040279 42.483159),-113.04027915026928,42.4831591526329
sample_44,train,2588878605,6830812,EPSG:32610,"[512, 512]",2016.0,POINT (-120.563699 40.08981),-120.56369924708562,40.08980981447348
sample_440,train,2595709417,6830813,EPSG:32611,"[512, 512]",2016.0,POINT (-117.051656 33.646023),-117.05165583181645,33.64602268133779
sample_441,train,2602540230,6830812,EPSG:32616,"[512, 512]",2016.0,POINT (-88.271187 37.555158),-88.27118697611338,37.555157947132734
sample_442,train,2609371042,6830808,EPSG:32615,"[512, 512]",2016.0,POINT (-93.751598 36.638552),-93.75159799161436,36.63855208444276
sample_443,train,2616201850,6830808,EPSG:32616,"[512, 512]",2016.0,POINT (-85.960883 33.365413),-85.96088277830839,33.36541302236556
sample_444,test,2623032658,6830806,EPSG:32610,"[512, 512]",2016.0,POINT (-123.012635 38.616494),-123.01263536375052,38.61649411588304
sample_445,train,2629863464,6830808,EPSG:32613,"[512, 512]",2016.0,POINT (-103.20165 36.951022),-103.2016504534688,36.951022490661956
sample_446,validation,2636694272,6830836,EPSG:32611,"[512, 512]",2016.0,POINT (-115.642507 42.274982),-115.64250740973323,42.274981781158395
sample_447,validation,2643525108,6830836,EPSG:32612,"[512, 512]",2016.0,POINT (-109.077188 32.395757),-109.07718795126002,32.395757427852125
sample_448,validation,2650355944,6830836,EPSG:32612,"[512, 512]",2016.0,POINT (-113.024365 43.740114),-113.02436529505573,43.740114301863045
sample_449,train,2657186780,6830813,EPSG:32610,"[512, 512]",2016.0,POINT (-121.567523 36.481682),-121.56752323079928,36.48168168715984
sample_45,train,2664017593,6830807,EPSG:32615,"[512, 512]",2016.0,POINT (-95.257335 31.285481),-95.25733482617665,31.2854812713756
sample_450,train,2670848400,6830811,EPSG:32613,"[512, 512]",2016.0,POINT (-103.575769 33.193571),-103.57576860813562,33.193570661833405
sample_451,train,2677679211,6830811,EPSG:32611,"[512, 512]",2016.0,POINT (-117.523523 42.596039),-117.52352273757157,42.596038892116766
sample_452,train,2684510022,6830811,EPSG:32612,"[512, 512]",2016.0,POINT (-108.170776 40.206261),-108.17077601007465,40.20626066316731
sample_453,train,2691340833,6830811,EPSG:32610,"[512, 512]",2016.0,POINT (-120.151249 37.553035),-120.15124910824095,37.55303480445018
sample_454,validation,2698171644,6830835,EPSG:32612,"[512, 512]",2016.0,POINT (-112.356963 41.852953),-112.35696321146683,41.852952655506854
sample_455,train,2705002479,6830806,EPSG:32614,"[512, 512]",2016.0,POINT (-96.548621 48.657294),-96.54862102210804,48.65729364953072
sample_456,train,2711833285,6830812,EPSG:32613,"[512, 512]",2016.0,POINT (-103.140522 33.610678),-103.14052207363976,33.61067822687512
sample_457,train,2718664097,6830792,EPSG:32616,"[512, 512]",2016.0,POINT (-83.734152 44.446),-83.73415186318763,44.44599985706661
sample_458,train,2725494889,6830806,EPSG:32612,"[512, 512]",2016.0,POINT (-114.03704 41.616281),-114.03704007487201,41.61628142754543
sample_459,train,2732325695,6830812,EPSG:32614,"[512, 512]",2016.0,POINT (-100.645156 35.743074),-100.64515598690771,35.74307409539465
sample_46,test,2739156507,6830786,EPSG:32615,"[512, 512]",2016.0,POINT (-93.004 31.459609),-93.0039997843785,31.45960916775662
sample_460,validation,2745987293,6830830,EPSG:32616,"[512, 512]",2016.0,POINT (-88.658942 31.410706),-88.65894228552365,31.410706231828282
sample_461,train,2752818123,6830812,EPSG:32613,"[512, 512]",2016.0,POINT (-102.606639 30.222832),-102.60663860492527,30.222832151702832
sample_462,test,2759648935,6830805,EPSG:32613,"[512, 512]",2016.0,POINT (-105.808948 45.981049),-105.80894762858536,45.98104888735085
sample_463,train,2766479740,6830811,EPSG:32611,"[512, 512]",2016.0,POINT (-118.600838 35.981128),-118.60083847796491,35.98112820224761
sample_464,validation,2773310551,6830836,EPSG:32612,"[512, 512]",2016.0,POINT (-111.675949 45.553118),-111.67594860011558,45.55311825606059
sample_465,train,2780141387,6830807,EPSG:32616,"[512, 512]",2016.0,POINT (-84.631468 30.356695),-84.6314681089783,30.356695131087438
sample_466,test,2786972194,6830801,EPSG:32614,"[512, 512]",2016.0,POINT (-97.597483 32.737079),-97.59748295736811,32.737079048711706
sample_467,validation,2793802995,6830837,EPSG:32612,"[512, 512]",2016.0,POINT (-113.861414 36.565457),-113.86141413865565,36.56545709758346
sample_468,train,2800633832,6830812,EPSG:32610,"[512, 512]",2016.0,POINT (-120.752752 37.998035),-120.75275198037653,37.998035293548554
sample_469,train,2807464644,6830812,EPSG:32613,"[512, 512]",2016.0,POINT (-105.908955 48.216112),-105.90895533802292,48.21611194567413
sample_47,test,2814295456,6830800,EPSG:32613,"[512, 512]",2016.0,POINT (-107.191005 32.50988),-107.19100465725315,32.509880318479745
sample_470,train,2821126256,6830812,EPSG:32611,"[512, 512]",2016.0,POINT (-115.586862 36.338582),-115.58686185791943,36.33858164393539
sample_471,train,2827957068,6830811,EPSG:32611,"[512, 512]",2016.0,POINT (-117.086628 33.998563),-117.08662752474612,33.99856275077469
sample_472,train,2834787879,6830815,EPSG:32611,"[512, 512]",2016.0,POINT (-119.591782 40.867392),-119.59178239014568,40.86739150492028
sample_473,train,2841618694,6830806,EPSG:32616,"[512, 512]",2016.0,POINT (-85.578299 33.769346),-85.5782990036232,33.76934595834911
sample_474,train,2848449500,6830811,EPSG:32614,"[512, 512]",2016.0,POINT (-101.377102 31.136125),-101.37710155933414,31.13612478880809
sample_475,train,2855280311,6830806,EPSG:32615,"[512, 512]",2016.0,POINT (-93.954566 34.855462),-93.95456566587399,34.855462117758165
sample_476,train,2862111117,6830811,EPSG:32611,"[512, 512]",2016.0,POINT (-115.456643 40.668107),-115.45664300070011,40.66810733691421
sample_477,train,2868941928,6830806,EPSG:32616,"[512, 512]",2016.0,POINT (-85.565468 33.800581),-85.56546820175667,33.800580620338316
sample_478,train,2875772734,6830815,EPSG:32611,"[512, 512]",2016.0,POINT (-113.397869 44.897422),-113.39786914548547,44.89742206658693
sample_479,train,2882603549,6830815,EPSG:32611,"[512, 512]",2016.0,POINT (-118.651854 41.866652),-118.65185433114696,41.866651893070625
sample_48,validation,2889434364,6830835,EPSG:32610,"[512, 512]",2016.0,POINT (-121.163943 37.048058),-121.163942885791,37.04805764315888
sample_480,train,2896265199,6830802,EPSG:32615,"[512, 512]",2016.0,POINT (-93.848039 31.17747),-93.84803898816388,31.177470447186685
sample_481,train,2903096001,6830811,EPSG:32616,"[512, 512]",2016.0,POINT (-86.720809 31.119598),-86.72080891593409,31.119597648218807
sample_482,train,2909926812,6830812,EPSG:32612,"[512, 512]",2016.0,POINT (-109.865283 31.518186),-109.86528284276672,31.518185602153533
sample_483,train,2916757624,6830806,EPSG:32612,"[512, 512]",2016.0,POINT (-108.97483 41.21111),-108.97483036105231,41.21111008683066
sample_484,train,2923588430,6830807,EPSG:32616,"[512, 512]",2016.0,POINT (-85.529051 33.807727),-85.52905081921634,33.807726867126405
sample_485,train,2930419237,6830812,EPSG:32612,"[512, 512]",2016.0,POINT (-112.438816 33.798366),-112.43881559511864,33.7983663740523
sample_486,test,2937250049,6830804,EPSG:32612,"[512, 512]",2016.0,POINT (-112.444733 34.263345),-112.44473258348572,34.263344894117715
sample_487,train,2944080853,6830807,EPSG:32611,"[512, 512]",2016.0,POINT (-117.464862 42.37826),-117.46486247747231,42.37825971748987
sample_488,train,2950911660,6830807,EPSG:32614,"[512, 512]",2016.0,POINT (-98.351993 33.021437),-98.35199298840091,33.021437330753784
sample_489,validation,2957742467,6830834,EPSG:32614,"[512, 512]",2016.0,POINT (-100.875439 32.072315),-100.87543949502341,32.07231490209181
sample_49,train,2964573301,6830812,EPSG:32616,"[512, 512]",2016.0,POINT (-83.391319 44.417575),-83.39131873065419,44.41757549843288
sample_490,train,2971404113,6830818,EPSG:32612,"[512, 512]",2016.0,POINT (-112.712866 35.667213),-112.71286624793808,35.66721347441926
sample_491,train,2978234931,6830805,EPSG:32616,"[512, 512]",2016.0,POINT (-85.539672 33.792973),-85.53967233080522,33.792973248688945
sample_492,test,2985065736,6830791,EPSG:3449,"[512, 512]",2016.0,POINT (-81.52285 33.186009),-81.52285004012843,33.186009404767226
sample_493,validation,2991896527,6830825,EPSG:32614,"[512, 512]",2016.0,POINT (-96.653876 39.36439),-96.65387619826707,39.36438961571846
sample_494,train,2998727352,6830812,EPSG:32612,"[512, 512]",2016.0,POINT (-112.961782 40.542308),-112.96178224128589,40.54230782115259
sample_495,train,3005558164,6830812,EPSG:32611,"[512, 512]",2016.0,POINT (-116.464983 32.981111),-116.46498304425242,32.98111130281329
sample_496,train,3012388976,6830811,EPSG:32610,"[512, 512]",2016.0,POINT (-121.326754 42.616625),-121.32675432584236,42.61662459592431
sample_497,train,3019219787,6830805,EPSG:32611,"[512, 512]",2016.0,POINT (-114.718909 43.05349),-114.71890922761006,43.05348966340721
sample_498,train,3026050592,6830807,EPSG:32616,"[512, 512]",2016.0,POINT (-84.517888 30.257712),-84.51788824807848,30.257711872208404
sample_499,train,3032881399,6830812,EPSG:32612,"[512, 512]",2016.0,POINT (-111.944005 46.766777),-111.94400467150734,46.766776501683545
sample_5,validation,3039712211,6830825,EPSG:3449,"[512, 512]",2016.0,POINT (-83.303326 34.942058),-83.3033259000645,34.94205841156178
sample_50,test,3046543036,6830805,EPSG:32613,"[512, 512]",2016.0,POINT (-105.359801 43.245045),-105.35980115165482,43.24504456996783
sample_500,validation,3053373841,6830835,EPSG:32613,"[512, 512]",2016.0,POINT (-104.519127 30.106012),-104.51912684998979,30.106012375250234
sample_501,train,3060204676,6830806,EPSG:32616,"[512, 512]",2016.0,POINT (-84.705984 34.871106),-84.70598444884511,34.87110579618102
sample_502,test,3067035482,6830806,EPSG:32612,"[512, 512]",2016.0,POINT (-112.004875 34.456846),-112.00487486048851,34.45684584901477
sample_503,validation,3073866288,6830841,EPSG:32611,"[512, 512]",2016.0,POINT (-115.486321 41.591329),-115.48632050197531,41.59132947144161
sample_504,train,3080697129,6830811,EPSG:32612,"[512, 512]",2016.0,POINT (-110.451065 33.360431),-110.4510651973366,33.36043055444168
sample_505,train,3087527940,6830817,EPSG:32610,"[512, 512]",2016.0,POINT (-119.976409 45.174557),-119.97640889700035,45.17455707766772
sample_506,test,3094358757,6830796,EPSG:3450,"[512, 512]",2016.0,POINT (-76.998374 34.759482),-76.9983740120071,34.759481990476694
sample_507,train,3101189553,6830804,EPSG:3449,"[512, 512]",2016.0,POINT (-81.828255 35.893203),-81.82825507220741,35.893203184187946
sample_508,validation,3108020357,6830835,EPSG:32612,"[512, 512]",2016.0,POINT (-112.24701 41.773949),-112.2470095267669,41.773949408217646
sample_509,train,3114851192,6830803,EPSG:32614,"[512, 512]",2016.0,POINT (-98.878592 31.49501),-98.87859246797471,31.495010289970207
sample_51,validation,3121681995,6830826,EPSG:3450,"[512, 512]",2016.0,POINT (-74.485118 39.750207),-74.48511810185164,39.750207235474456
sample_510,train,3128512821,6830818,EPSG:32610,"[512, 512]",2016.0,POINT (-120.319357 35.812059),-120.31935722083517,35.812058966110975
sample_511,train,3135343639,6830817,EPSG:32611,"[512, 512]",2016.0,POINT (-115.609063 41.017847),-115.60906285148667,41.0178469857841
sample_512,train,3142174456,6830812,EPSG:32611,"[512, 512]",2016.0,POINT (-118.569369 34.096794),-118.56936883178535,34.096793756757265
sample_513,train,3149005268,6830811,EPSG:32613,"[512, 512]",2016.0,POINT (-106.093609 41.046725),-106.09360913448496,41.04672465208195
sample_514,validation,3155836079,6830831,EPSG:32614,"[512, 512]",2016.0,POINT (-96.755095 39.193404),-96.75509548698174,39.19340413847768
sample_515,train,3162666910,6830817,EPSG:32613,"[512, 512]",2016.0,POINT (-105.735479 44.628897),-105.73547923390258,44.62889733358744
sample_516,test,3169497727,6830806,EPSG:32612,"[512, 512]",2016.0,POINT (-111.773937 33.919049),-111.77393746039435,33.91904917488972
sample_517,train,3176328533,6830811,EPSG:32610,"[512, 512]",2016.0,POINT (-120.826555 40.628237),-120.82655533942847,40.628237085134565
sample_518,train,3183159344,6830806,EPSG:32616,"[512, 512]",2016.0,POINT (-84.557131 30.044398),-84.55713058026282,30.04439812703688
sample_519,train,3189990150,6830806,EPSG:32616,"[512, 512]",2016.0,POINT (-85.088267 34.616706),-85.08826683892029,34.61670580969406
sample_52,test,3196820956,6830806,EPSG:32610,"[512, 512]",2016.0,POINT (-120.32542 47.530172),-120.32541984819402,47.530172072328746
sample_520,train,3203651762,6830817,EPSG:32610,"[512, 512]",2016.0,POINT (-120.542233 42.503329),-120.54223291010517,42.50332911612633
sample_521,test,3210482579,6830796,EPSG:3449,"[512, 512]",2016.0,POINT (-79.842612 33.311334),-79.84261174647051,33.31133406659566
sample_522,validation,3217313375,6830834,EPSG:32612,"[512, 512]",2016.0,POINT (-113.309179 34.881366),-113.30917896617073,34.881366256275555
sample_523,train,3224144209,6830810,EPSG:32616,"[512, 512]",2016.0,POINT (-84.356674 30.085168),-84.35667383584577,30.08516766633138
sample_524,validation,3230975019,6830833,EPSG:32614,"[512, 512]",2016.0,POINT (-99.906408 34.108075),-99.90640839521147,34.108074520767445
sample_525,train,3237805852,6830806,EPSG:32613,"[512, 512]",2016.0,POINT (-105.735124 45.31566),-105.7351241801872,45.31565983800782
sample_526,train,3244636658,6830802,EPSG:3449,"[512, 512]",2016.0,POINT (-80.644222 26.347887),-80.64422245994248,26.34788725563189
sample_527,train,3251467460,6830811,EPSG:32613,"[512, 512]",2016.0,POINT (-104.389747 37.025543),-104.38974732026783,37.02554286031901
sample_528,train,3258298271,6830813,EPSG:32611,"[512, 512]",2016.0,POINT (-118.110317 42.775026),-118.1103165247864,42.77502572140145
sample_529,train,3265129084,6830797,EPSG:32614,"[512, 512]",2016.0,POINT (-98.579065 30.6528),-98.5790654066285,30.652799842930648
sample_53,validation,3271959881,6830841,EPSG:32612,"[512, 512]",2016.0,POINT (-112.261509 36.628835),-112.26150927908324,36.62883492734028
sample_530,train,3278790722,6830817,EPSG:32613,"[512, 512]",2016.0,POINT (-106.995674 42.192973),-106.99567403934432,42.19297329711484
sample_531,train,3285621539,6830807,EPSG:32614,"[512, 512]",2016.0,POINT (-96.421058 35.582008),-96.42105761302689,35.58200843278943
sample_532,validation,3292452346,6830825,EPSG:32614,"[512, 512]",2016.0,POINT (-99.477673 32.74564),-99.47767261196493,32.7456395737549
sample_533,train,3299283171,6830812,EPSG:32610,"[512, 512]",2016.0,POINT (-122.622109 40.437267),-122.62210907666294,40.437267263192965
sample_534,train,3306113983,6830815,EPSG:32612,"[512, 512]",2016.0,POINT (-111.305399 47.638703),-111.30539913016922,47.638702922587704
sample_535,train,3312944798,6830807,EPSG:32613,"[512, 512]",2016.0,POINT (-102.31837 37.796731),-102.31836975754716,37.79673119617592
sample_536,train,3319775605,6830802,EPSG:32611,"[512, 512]",2016.0,POINT (-118.65079 35.30674),-118.6507903708573,35.306740141658565
sample_537,train,3326606407,6830811,EPSG:32611,"[512, 512]",2016.0,POINT (-116.697479 33.715473),-116.69747910101067,33.71547306621542
sample_538,train,3333437218,6830812,EPSG:32611,"[512, 512]",2016.0,POINT (-117.382908 33.491749),-117.38290766158703,33.49174874041313
sample_539,train,3340268030,6830812,EPSG:32612,"[512, 512]",2016.0,POINT (-111.454963 31.468275),-111.45496255191154,31.468274700014515
sample_54,train,3347098842,6830812,EPSG:32610,"[512, 512]",2016.0,POINT (-123.285599 42.864072),-123.28559949912345,42.86407238357951
sample_540,validation,3353929654,6830830,EPSG:32611,"[512, 512]",2016.0,POINT (-118.489925 47.97225),-118.48992480953925,47.972249634141534
sample_541,train,3360760484,6830812,EPSG:32611,"[512, 512]",2016.0,POINT (-117.233024 42.456237),-117.2330236121762,42.45623683698434
sample_542,validation,3367591296,6830836,EPSG:32612,"[512, 512]",2016.0,POINT (-110.900767 45.738153),-110.90076706895675,45.738153433106596
sample_543,train,3374422132,6830801,EPSG:32616,"[512, 512]",2016.0,POINT (-85.483428 30.11465),-85.48342765906273,30.114650386022763
sample_544,train,3381252933,6830811,EPSG:32612,"[512, 512]",2016.0,POINT (-114.198649 42.223262),-114.19864922408834,42.22326205886061
sample_545,test,3388083744,6830805,EPSG:32610,"[512, 512]",2016.0,POINT (-120.204338 47.430904),-120.20433781925738,47.43090374178482
sample_546,train,3394914549,6830806,EPSG:32614,"[512, 512]",2016.0,POINT (-97.313269 28.471016),-97.31326937400313,28.471016429735418
sample_547,test,3401745355,6830800,EPSG:32610,"[512, 512]",2016.0,POINT (-121.09149 44.501074),-121.09148996864766,44.50107438905432
sample_548,train,3408576155,6830811,EPSG:32612,"[512, 512]",2016.0,POINT (-108.950757 39.046184),-108.9507571923897,39.046184343991854
sample_549,train,3415406966,6830817,EPSG:32611,"[512, 512]",2016.0,POINT (-114.506313 46.472148),-114.5063125311731,46.4721478339672
sample_55,train,3422237783,6830811,EPSG:32613,"[512, 512]",2016.0,POINT (-102.973394 36.944912),-102.97339369875476,36.94491180913201
sample_550,test,3429068594,6830796,EPSG:3449,"[512, 512]",2016.0,POINT (-83.631514 35.424846),-83.6315135543912,35.42484649168896
sample_551,validation,3435899390,6830836,EPSG:32612,"[512, 512]",2016.0,POINT (-112.753772 43.633841),-112.75377158114237,43.63384135864239
sample_552,validation,3442730226,6830834,EPSG:32614,"[512, 512]",2016.0,POINT (-101.108743 35.077307),-101.10874308338612,35.077307489781894
sample_553,validation,3449561060,6830835,EPSG:32612,"[512, 512]",2016.0,POINT (-112.230657 36.756259),-112.23065743247707,36.75625922173495
sample_554,validation,3456391895,6830836,EPSG:32613,"[512, 512]",2016.0,POINT (-103.453211 41.651415),-103.45321092531076,41.65141487319311
sample_555,train,3463222731,6830811,EPSG:32613,"[512, 512]",2016.0,POINT (-103.379656 38.060257),-103.37965581302419,38.06025663612341
sample_556,test,3470053542,6830785,EPSG:32614,"[512, 512]",2016.0,POINT (-96.6308 36.71632),-96.63079978560566,36.71632029500322
sample_557,test,3476884327,6830811,EPSG:32610,"[512, 512]",2016.0,POINT (-120.185935 47.298437),-120.1859345058215,47.29843672559765
sample_558,train,3483715138,6830806,EPSG:32616,"[512, 512]",2016.0,POINT (-86.160404 33.205923),-86.16040386871641,33.20592335486392
sample_559,train,3490545944,6830807,EPSG:32615,"[512, 512]",2016.0,POINT (-94.099456 47.125797),-94.09945582064583,47.125796915326056
sample_56,train,3497376751,6830812,EPSG:32614,"[512, 512]",2016.0,POINT (-101.465356 30.306466),-101.46535555287433,30.30646640544853
sample_560,test,3504207563,6830811,EPSG:32615,"[512, 512]",2016.0,POINT (-95.871558 35.365565),-95.87155753839312,35.365564943521456
sample_561,validation,3511038374,6830836,EPSG:32611,"[512, 512]",2016.0,POINT (-115.585145 35.293232),-115.58514464365648,35.29323189317088
sample_562,train,3517869210,6830800,EPSG:32616,"[512, 512]",2016.0,POINT (-86.776994 31.04283),-86.77699408780336,31.04283049554039
sample_563,train,3524700010,6830812,EPSG:32613,"[512, 512]",2016.0,POINT (-106.652142 43.954896),-106.65214173893105,43.954896012277224
sample_564,validation,3531530822,6830836,EPSG:32612,"[512, 512]",2016.0,POINT (-109.880999 39.297787),-109.8809991812256,39.297787164901784
sample_565,train,3538361658,6830811,EPSG:32613,"[512, 512]",2016.0,POINT (-106.939065 47.836244),-106.93906522006466,47.83624427478097
sample_566,train,3545192469,6830807,EPSG:32616,"[512, 512]",2016.0,POINT (-85.540642 33.774047),-85.54064152777744,33.774046682851754
sample_567,validation,3552023276,6830831,EPSG:32612,"[512, 512]",2016.0,POINT (-107.68897 46.391446),-107.68897013056386,46.391446182232386
sample_568,train,3558854107,6830816,EPSG:32611,"[512, 512]",2016.0,POINT (-118.556982 34.518958),-118.55698220356558,34.51895836481858
sample_569,validation,3565684923,6830821,EPSG:3449,"[512, 512]",2016.0,POINT (-82.37233 30.415077),-82.37233044657624,30.4150774607728
sample_57,train,3572515744,6830812,EPSG:32612,"[512, 512]",2016.0,POINT (-110.487465 32.868632),-110.48746475193782,32.86863177995289
sample_570,test,3579346556,6830802,EPSG:32616,"[512, 512]",2016.0,POINT (-84.849637 46.347632),-84.849636592982,46.3476316732168
sample_571,test,3586177358,6830800,EPSG:32611,"[512, 512]",2016.0,POINT (-113.64824 48.311734),-113.64823996167706,48.31173404749422
sample_572,validation,3593008158,6830835,EPSG:32612,"[512, 512]",2016.0,POINT (-109.401362 31.544892),-109.40136166739039,31.54489247328302
sample_573,train,3599838993,6830812,EPSG:32610,"[512, 512]",2016.0,POINT (-120.531264 46.809372),-120.53126358308087,46.80937199027902
sample_574,train,3606669805,6830807,EPSG:32614,"[512, 512]",2016.0,POINT (-96.230351 47.722826),-96.23035101892745,47.72282641661017
sample_575,train,3613500612,6830808,EPSG:32616,"[512, 512]",2016.0,POINT (-86.708516 31.126879),-86.70851572576919,31.126879055310912
sample_576,train,3620331420,6830807,EPSG:32615,"[512, 512]",2016.0,POINT (-94.224893 31.057239),-94.22489299554822,31.057238805567838
sample_577,train,3627162227,6830806,EPSG:32612,"[512, 512]",2016.0,POINT (-113.78851 35.770398),-113.78850963754257,35.770397507407225
sample_578,validation,3633993033,6830834,EPSG:32611,"[512, 512]",2016.0,POINT (-116.00693 41.722924),-116.0069298699242,41.72292429701906
sample_579,train,3640823867,6830806,EPSG:32611,"[512, 512]",2016.0,POINT (-116.977452 34.09383),-116.97745163870653,34.09383026269001
sample_58,train,3647654673,6830797,EPSG:3449,"[512, 512]",2016.0,POINT (-81.06453 25.221897),-81.06453038890427,25.221896877915626
sample_580,train,3654485470,6830811,EPSG:32611,"[512, 512]",2016.0,POINT (-118.288336 43.029806),-118.28833605546944,43.02980580272531
sample_581,train,3661316281,6830807,EPSG:32615,"[512, 512]",2016.0,POINT (-91.037598 31.259748),-91.03759849008156,31.259748202776944
sample_582,train,3668147088,6830818,EPSG:32612,"[512, 512]",2016.0,POINT (-113.396927 37.436556),-113.39692730529558,37.43655591934054
sample_583,train,3674977906,6830811,EPSG:32612,"[512, 512]",2016.0,POINT (-112.378788 42.842618),-112.37878826652485,42.84261833298287
sample_584,train,3681808717,6830807,EPSG:32610,"[512, 512]",2016.0,POINT (-120.104964 41.26844),-120.10496444332537,41.26844036318582
sample_585,validation,3688639524,6830836,EPSG:32612,"[512, 512]",2016.0,POINT (-110.783643 44.397441),-110.78364324590972,44.397440649700926
sample_586,train,3695470360,6830801,EPSG:32616,"[512, 512]",2016.0,POINT (-84.10043 35.080438),-84.10042974885968,35.0804384074941
sample_587,train,3702301161,6830816,EPSG:32611,"[512, 512]",2016.0,POINT (-114.462401 45.338435),-114.46240134949625,45.33843521055532
sample_588,train,3709131977,6830812,EPSG:32615,"[512, 512]",2016.0,POINT (-92.216546 35.979244),-92.21654636291383,35.979243828683344
sample_589,train,3715962789,6830812,EPSG:32612,"[512, 512]",2016.0,POINT (-112.550009 34.530679),-112.55000940645039,34.530678937891466
sample_59,train,3722793601,6830812,EPSG:32610,"[512, 512]",2016.0,POINT (-120.19433 44.070131),-120.19433009565381,44.07013132202931
sample_590,train,3729624413,6830812,EPSG:32611,"[512, 512]",2016.0,POINT (-114.842266 40.115606),-114.84226613759294,40.11560593985264
sample_591,train,3736455225,6830812,EPSG:32612,"[512, 512]",2016.0,POINT (-112.348787 34.680227),-112.34878703197886,34.680227015949455
sample_592,validation,3743286037,6830837,EPSG:32614,"[512, 512]",2016.0,POINT (-100.935888 33.610588),-100.93588758764314,33.61058776273679
sample_593,train,3750116874,6830812,EPSG:32612,"[512, 512]",2016.0,POINT (-109.675139 33.198186),-109.67513899220953,33.19818566090159
sample_594,validation,3756947686,6830836,EPSG:32613,"[512, 512]",2016.0,POINT (-107.782441 40.787829),-107.78244066585704,40.7878288333779
sample_595,train,3763778522,6830806,EPSG:32616,"[512, 512]",2016.0,POINT (-89.147544 30.406521),-89.1475442497188,30.40652125377611
sample_596,train,3770609328,6830807,EPSG:32616,"[512, 512]",2016.0,POINT (-88.899164 30.623639),-88.89916388028178,30.62363883462896
sample_597,test,3777440135,6830794,EPSG:3449,"[512, 512]",2016.0,POINT (-80.701321 32.685304),-80.70132131799753,32.68530394307836
sample_598,validation,3784270929,6830841,EPSG:32613,"[512, 512]",2016.0,POINT (-107.588061 39.922207),-107.58806082109102,39.92220723353068
sample_599,test,3791101770,6830795,EPSG:3449,"[512, 512]",2016.0,POINT (-83.414537 33.407412),-83.4145368206781,33.40741150053359
sample_6,train,3797932565,6830812,EPSG:32610,"[512, 512]",2016.0,POINT (-121.154844 38.567343),-121.15484417320195,38.56734333011612
sample_60,train,3804763377,6830817,EPSG:32612,"[512, 512]",2016.0,POINT (-108.141932 47.437193),-108.1419317509874,47.43719294126325
sample_600,train,3811594194,6830812,EPSG:32611,"[512, 512]",2016.0,POINT (-115.942726 43.43252),-115.94272616675165,43.43251957670202
sample_601,train,3818425006,6830806,EPSG:32615,"[512, 512]",2016.0,POINT (-94.250569 31.073232),-94.25056876516688,31.07323224677149
sample_602,test,3825255812,6830805,EPSG:32611,"[512, 512]",2016.0,POINT (-119.258439 43.175499),-119.25843939297096,43.175499063393076
sample_603,train,3832086617,6830811,EPSG:32612,"[512, 512]",2016.0,POINT (-111.297878 33.369405),-111.29787762674323,33.36940451966435
sample_604,train,3838917428,6830801,EPSG:3449,"[512, 512]",2016.0,POINT (-83.409758 34.536751),-83.40975846933564,34.53675121446359
sample_605,test,3845748229,6830795,EPSG:3449,"[512, 512]",2016.0,POINT (-79.468821 33.218275),-79.46882065018826,33.21827484969991
sample_606,train,3852579024,6830807,EPSG:32613,"[512, 512]",2016.0,POINT (-105.267863 48.33923),-105.26786271827247,48.33922987636566
sample_607,test,3859409831,6830806,EPSG:32610,"[512, 512]",2016.0,POINT (-122.256354 38.905025),-122.25635394489757,38.90502503298501
sample_608,train,3866240637,6830808,EPSG:32613,"[512, 512]",2016.0,POINT (-103.806996 39.92307),-103.8069955953,39.92306990414523
sample_609,test,3873071445,6830811,EPSG:32611,"[512, 512]",2016.0,POINT (-113.849881 43.155758),-113.84988078450156,43.15575832632658
sample_61,validation,3879902256,6830830,EPSG:32613,"[512, 512]",2016.0,POINT (-105.159398 34.68975),-105.15939772872677,34.68975038682985
sample_610,validation,3886733086,6830825,EPSG:3449,"[512, 512]",2016.0,POINT (-81.099156 32.155715),-81.09915649818774,32.15571459966989
sample_611,train,3893563911,6830807,EPSG:32611,"[512, 512]",2016.0,POINT (-117.075089 44.59208),-117.0750889543227,44.59207976844967
sample_612,train,3900394718,6830807,EPSG:32616,"[512, 512]",2016.0,POINT (-89.011663 31.600215),-89.01166331970602,31.600215454992885
sample_613,train,3907225525,6830812,EPSG:32612,"[512, 512]",2016.0,POINT (-111.182064 33.505465),-111.1820636635399,33.50546544314023
sample_614,train,3914056337,6830812,EPSG:32611,"[512, 512]",2016.0,POINT (-117.463967 36.012009),-117.46396651244001,36.012009355955925
sample_615,validation,3920887149,6830831,EPSG:32615,"[512, 512]",2016.0,POINT (-92.919107 31.031629),-92.9191068660535,31.031628644598662
sample_616,train,3927717980,6830812,EPSG:32612,"[512, 512]",2016.0,POINT (-112.839329 42.724842),-112.8393288374637,42.724842170083555
sample_617,train,3934548792,6830811,EPSG:32611,"[512, 512]",2016.0,POINT (-118.983339 46.447582),-118.98333851421759,46.447581565793186
sample_618,train,3941379603,6830806,EPSG:32616,"[512, 512]",2016.0,POINT (-89.152043 30.976638),-89.15204270726686,30.97663833381608
sample_619,train,3948210409,6830815,EPSG:32611,"[512, 512]",2016.0,POINT (-114.800143 42.986196),-114.80014328422945,42.98619568454463
sample_62,train,3955041224,6830817,EPSG:32610,"[512, 512]",2016.0,POINT (-120.730451 42.619057),-120.73045108584381,42.61905732536248
sample_620,train,3961872041,6830807,EPSG:32616,"[512, 512]",2016.0,POINT (-87.268276 34.324866),-87.2682756849461,34.324865902494686
sample_621,train,3968702848,6830813,EPSG:32614,"[512, 512]",2016.0,POINT (-100.552821 34.045333),-100.55282064445596,34.04533339277281
sample_622,test,3975533661,6830806,EPSG:32612,"[512, 512]",2016.0,POINT (-111.402172 35.310037),-111.40217200577047,35.310036685850385
sample_623,train,3982364467,6830807,EPSG:32611,"[512, 512]",2016.0,POINT (-118.754225 35.39048),-118.75422465927204,35.39048021112529
sample_624,train,3989195274,6830811,EPSG:32613,"[512, 512]",2016.0,POINT (-103.725819 33.165434),-103.72581912785508,33.16543399594812
sample_625,validation,3996026085,6830830,EPSG:32615,"[512, 512]",2016.0,POINT (-93.417308 35.172566),-93.41730755852336,35.172566301575884
sample_626,train,4002856915,6830811,EPSG:32613,"[512, 512]",2016.0,POINT (-102.92713 37.097961),-102.92712990056266,37.09796084161672
sample_627,train,4009687726,6830811,EPSG:32610,"[512, 512]",2016.0,POINT (-120.104884 34.494293),-120.10488442224566,34.4942932043393
sample_628,train,4016518537,6830811,EPSG:32611,"[512, 512]",2016.0,POINT (-118.030194 47.775659),-118.03019369471652,47.775659128862536
sample_629,test,4023349348,6830805,EPSG:32612,"[512, 512]",2016.0,POINT (-111.993041 44.139173),-111.99304144428332,44.13917253890942
sample_63,validation,4030180153,6830831,EPSG:32614,"[512, 512]",2016.0,POINT (-101.12549 33.299084),-101.12549019944764,33.299083588761285
sample_630,test,4037010984,6830806,EPSG:32612,"[512, 512]",2016.0,POINT (-110.292789 31.346682),-110.29278850370797,31.34668180084967
sample_631,train,4043841790,6830812,EPSG:32614,"[512, 512]",2016.0,POINT (-101.938479 30.836963),-101.93847861772863,30.83696298353052
sample_632,test,4050672602,6830809,EPSG:32610,"[512, 512]",2016.0,POINT (-122.546193 38.538563),-122.54619290692938,38.53856266262938
sample_633,train,4057503411,6830802,EPSG:3449,"[512, 512]",2016.0,POINT (-81.681362 29.397414),-81.6813621756933,29.39741447143485
sample_634,train,4064334213,6830817,EPSG:32611,"[512, 512]",2016.0,POINT (-114.037587 37.968941),-114.03758744914887,37.968940909164765
sample_635,validation,4071165030,6830829,EPSG:32615,"[512, 512]",2016.0,POINT (-92.976665 36.861333),-92.97666523342104,36.861332788803736
sample_636,train,4077995859,6830805,EPSG:32616,"[512, 512]",2016.0,POINT (-84.947519 30.119817),-84.94751852937654,30.119817485438862
sample_637,train,4084826664,6830811,EPSG:32614,"[512, 512]",2016.0,POINT (-98.797408 31.641341),-98.7974083108197,31.64134110152122
sample_638,train,4091657475,6830802,EPSG:32616,"[512, 512]",2016.0,POINT (-84.439352 30.16095),-84.4393521763344,30.160949547536813
sample_639,train,4098488277,6830811,EPSG:32612,"[512, 512]",2016.0,POINT (-113.670161 36.946779),-113.67016101120063,36.94677905764784
sample_64,train,4105319088,6830811,EPSG:32611,"[512, 512]",2016.0,POINT (-115.413291 41.250685),-115.41329132740616,41.250685257943616
sample_640,validation,4112149899,6830834,EPSG:32615,"[512, 512]",2016.0,POINT (-90.171448 45.827113),-90.17144802883153,45.82711271388885
sample_641,train,4118980733,6830803,EPSG:3449,"[512, 512]",2016.0,POINT (-81.163033 25.606252),-81.16303317066003,25.606252128484034
sample_642,train,4125811536,6830807,EPSG:32616,"[512, 512]",2016.0,POINT (-84.973566 30.109667),-84.97356584076398,30.109666819893857
sample_643,test,4132642343,6830806,EPSG:32612,"[512, 512]",2016.0,POINT (-112.34647 38.887464),-112.34647039439811,38.8874640068247
sample_644,train,4139473149,6830806,EPSG:32616,"[512, 512]",2016.0,POINT (-86.564286 31.151917),-86.56428598437869,31.151916630952982
sample_645,train,4146303955,6830806,EPSG:32614,"[512, 512]",2016.0,POINT (-98.412905 26.959817),-98.41290535627873,26.959817283755875
sample_646,validation,4153134761,6830846,EPSG:32614,"[512, 512]",2016.0,POINT (-101.885935 35.435524),-101.88593522175606,35.435523991303704
sample_647,train,4159965607,6830811,EPSG:32613,"[512, 512]",2016.0,POINT (-102.263139 40.389266),-102.26313888889547,40.38926630302523
sample_648,validation,4166796418,6830826,EPSG:3449,"[512, 512]",2016.0,POINT (-78.604047 38.925511),-78.60404706111781,38.925511250985615
sample_649,train,4173627244,6830811,EPSG:32614,"[512, 512]",2016.0,POINT (-100.143903 32.357066),-100.14390293980485,32.357066478168164
sample_65,validation,4180458055,6830835,EPSG:32612,"[512, 512]",2016.0,POINT (-111.795064 45.768373),-111.79506431310517,45.76837289734251
sample_650,train,4187288890,6830807,EPSG:32614,"[512, 512]",2016.0,POINT (-98.331064 37.025227),-98.33106401078099,37.02522656103363
sample_651,test,4194119697,6830800,EPSG:32614,"[512, 512]",2016.0,POINT (-96.802784 36.715295),-96.80278356946923,36.71529459547852
sample_652,validation,4200950497,6830835,EPSG:32614,"[512, 512]",2016.0,POINT (-101.219223 34.904679),-101.21922326690513,34.90467900461782
sample_653,train,4207781332,6830811,EPSG:32611,"[512, 512]",2016.0,POINT (-114.373733 42.889947),-114.37373285393066,42.889947328905144
sample_654,validation,4214612143,6830831,EPSG:32614,"[512, 512]",2016.0,POINT (-98.871979 37.072475),-98.87197885798122,37.072475259824664
sample_655,validation,4221442974,6830835,EPSG:32611,"[512, 512]",2016.0,POINT (-116.145132 37.303644),-116.1451321970779,37.30364412293309
sample_656,train,4228273809,6830811,EPSG:32613,"[512, 512]",2016.0,POINT (-104.407035 35.915152),-104.4070351655511,35.91515172001377
sample_657,train,4235104620,6830806,EPSG:32615,"[512, 512]",2016.0,POINT (-94.267072 35.750356),-94.26707189171047,35.750355811697375
sample_658,train,4241935426,6830811,EPSG:32615,"[512, 512]",2016.0,POINT (-90.775315 31.615352),-90.77531458661933,31.615351994116594
sample_659,train,4248766237,6830807,EPSG:32614,"[512, 512]",2016.0,POINT (-99.776708 31.842942),-99.77670789959957,31.842941742222514
sample_66,validation,4255597044,6830836,EPSG:32611,"[512, 512]",2016.0,POINT (-114.455094 32.845686),-114.45509384774586,32.84568586742484
sample_660,validation,4262427880,6830837,EPSG:32613,"[512, 512]",2016.0,POINT (-106.010321 39.833988),-106.01032106494658,39.83398759436534
sample_661,validation,4269258717,6830836,EPSG:32613,"[512, 512]",2016.0,POINT (-103.088803 31.655338),-103.08880301204,31.655337723350836
sample_662,test,4276089553,6830806,EPSG:32613,"[512, 512]",2016.0,POINT (-105.854676 35.815392),-105.85467649215312,35.81539162591286
sample_663,train,4282920359,6830811,EPSG:32610,"[512, 512]",2016.0,POINT (-121.015959 41.424482),-121.01595868415532,41.42448245574938
sample_664,train,4289751170,6830807,EPSG:32616,"[512, 512]",2016.0,POINT (-89.228794 30.927711),-89.22879351021837,30.927710601029666
sample_665,train,4296581977,6830817,EPSG:32612,"[512, 512]",2016.0,POINT (-114.179208 41.951219),-114.17920769675058,41.951218590134424
sample_666,train,4303412794,6830811,EPSG:32611,"[512, 512]",2016.0,POINT (-117.199982 46.482156),-117.1999818152408,46.48215576872522
sample_667,train,4310243605,6830817,EPSG:32612,"[512, 512]",2016.0,POINT (-108.537834 40.676755),-108.53783421034001,40.67675488453834
sample_668,train,4317074422,6830807,EPSG:32616,"[512, 512]",2016.0,POINT (-87.197387 34.271702),-87.19738663019845,34.27170156240277
sample_669,train,4323905229,6830807,EPSG:32616,"[512, 512]",2016.0,POINT (-89.087572 30.537126),-89.0875722088608,30.53712628713265
sample_67,test,4330736036,6830805,EPSG:32610,"[512, 512]",2016.0,POINT (-119.320892 46.745511),-119.32089237148485,46.7455114263873
sample_670,test,4337566841,6830800,EPSG:32616,"[512, 512]",2016.0,POINT (-84.253598 37.009382),-84.25359819723273,37.00938182119099
sample_671,train,4344397641,6830807,EPSG:32610,"[512, 512]",2016.0,POINT (-120.295264 44.80961),-120.29526405489607,44.809610396337874
sample_672,train,4351228448,6830811,EPSG:32611,"[512, 512]",2016.0,POINT (-118.987349 37.933507),-118.98734904478071,37.93350721851606
sample_673,validation,4358059259,6830837,EPSG:32612,"[512, 512]",2016.0,POINT (-108.478988 47.152728),-108.4789878456453,47.15272838835317
sample_674,train,4364890096,6830812,EPSG:32612,"[512, 512]",2016.0,POINT (-111.543622 42.594594),-111.54362218105052,42.59459443490811
sample_675,train,4371720908,6830806,EPSG:32614,"[512, 512]",2016.0,POINT (-99.979596 34.918293),-99.97959559084947,34.91829295078726
sample_676,validation,4378551714,6830842,EPSG:32611,"[512, 512]",2016.0,POINT (-114.066377 36.616689),-114.06637683371825,36.61668896743904
sample_677,train,4385382556,6830801,EPSG:3449,"[512, 512]",2016.0,POINT (-81.461524 26.149301),-81.46152387845984,26.14930070234126
sample_678,train,4392213357,6830807,EPSG:32614,"[512, 512]",2016.0,POINT (-101.264984 36.69753),-101.26498383565666,36.6975303226931
sample_679,train,4399044164,6830806,EPSG:32614,"[512, 512]",2016.0,POINT (-98.388988 31.540164),-98.3889882391469,31.540164327239236
sample_68,train,4405874970,6830810,EPSG:32612,"[512, 512]",2016.0,POINT (-113.143923 38.05917),-113.14392290209456,38.059169554816116
sample_680,train,4412705780,6830817,EPSG:32612,"[512, 512]",2016.0,POINT (-112.939298 41.785422),-112.93929805838337,41.78542233230829
sample_681,train,4419536597,6830807,EPSG:32614,"[512, 512]",2016.0,POINT (-96.299255 36.468632),-96.29925475927392,36.46863161575171
sample_682,train,4426367404,6830807,EPSG:32610,"[512, 512]",2016.0,POINT (-120.079063 45.76943),-120.07906293607454,45.76943045193085
sample_683,train,4433198211,6830802,EPSG:3449,"[512, 512]",2016.0,POINT (-83.739806 33.176427),-83.73980584791748,33.176427406218615
sample_684,train,4440029013,6830791,EPSG:32613,"[512, 512]",2016.0,POINT (-103.8073 32.1228),-103.80730042661985,32.12279986838251
sample_685,test,4446859804,6830806,EPSG:32612,"[512, 512]",2016.0,POINT (-112.841212 40.069722),-112.84121169651534,40.06972209166112
sample_686,train,4453690610,6830813,EPSG:32610,"[512, 512]",2016.0,POINT (-120.372637 35.675873),-120.37263744782022,35.67587347346221
sample_687,train,4460521423,6830817,EPSG:32611,"[512, 512]",2016.0,POINT (-117.854565 44.419026),-117.85456488509242,44.41902649409838
sample_688,test,4467352240,6830806,EPSG:32612,"[512, 512]",2016.0,POINT (-108.728334 39.708576),-108.72833412109885,39.7085763713578
sample_689,train,4474183046,6830806,EPSG:32616,"[512, 512]",2016.0,POINT (-86.128698 33.189741),-86.12869803900556,33.18974058438594
sample_69,train,4481013852,6830812,EPSG:32611,"[512, 512]",2016.0,POINT (-118.406292 35.420998),-118.40629217919398,35.420998393589514
sample_690,train,4487844664,6830811,EPSG:32614,"[512, 512]",2016.0,POINT (-100.823973 35.74347),-100.8239727390732,35.74347019377064
sample_691,validation,4494675475,6830831,EPSG:32616,"[512, 512]",2016.0,POINT (-89.624012 32.523502),-89.62401191789276,32.52350159411665
sample_692,test,4501506306,6830791,EPSG:3449,"[512, 512]",2016.0,POINT (-83.35821 35.342607),-83.35821047921583,35.34260674970203
sample_693,validation,4508337097,6830836,EPSG:32614,"[512, 512]",2016.0,POINT (-100.928252 30.638637),-100.92825190233862,30.638637030069525
sample_694,train,4515167933,6830810,EPSG:32612,"[512, 512]",2016.0,POINT (-113.083279 42.962714),-113.08327900053901,42.962714463637326
sample_695,train,4521998743,6830810,EPSG:32611,"[512, 512]",2016.0,POINT (-119.805558 37.62949),-119.80555774589747,37.62948975100328
sample_696,validation,4528829553,6830826,EPSG:3449,"[512, 512]",2016.0,POINT (-82.270067 33.362994),-82.27006692184911,33.36299443714769
sample_697,train,4535660379,6830812,EPSG:32611,"[512, 512]",2016.0,POINT (-118.485202 35.453592),-118.48520217324084,35.45359228866125
sample_698,test,4542491191,6830789,EPSG:3449,"[512, 512]",2016.0,POINT (-83.26526 33.755661),-83.26526026622992,33.75566090454375
sample_699,train,4549321980,6830816,EPSG:32614,"[512, 512]",2016.0,POINT (-101.277762 30.954187),-101.27776157474013,30.954187286946272
sample_7,train,4556152796,6830807,EPSG:32616,"[512, 512]",2016.0,POINT (-87.488246 32.980762),-87.48824568289086,32.98076171203238
sample_70,train,4562983603,6830811,EPSG:32612,"[512, 512]",2016.0,POINT (-109.260239 40.999867),-109.26023938760542,40.999867442470574
sample_700,validation,4569814414,6830841,EPSG:32611,"[512, 512]",2016.0,POINT (-115.175857 44.578885),-115.17585688827484,44.578885302166846
sample_701,test,4576645255,6830806,EPSG:32612,"[512, 512]",2016.0,POINT (-109.387878 47.626971),-109.38787751793504,47.62697138025027
sample_702,test,4583476061,6830796,EPSG:3449,"[512, 512]",2016.0,POINT (-83.082809 35.350373),-83.08280948037218,35.35037278055478
sample_703,train,4590306857,6830807,EPSG:32610,"[512, 512]",2016.0,POINT (-120.97154 43.600123),-120.97153973523098,43.600123224699736
sample_704,test,4597137664,6830805,EPSG:32611,"[512, 512]",2016.0,POINT (-115.562345 42.837572),-115.56234541074976,42.83757175230595
sample_705,train,4603968469,6830807,EPSG:32614,"[512, 512]",2016.0,POINT (-96.473481 36.453523),-96.47348080440933,36.45352323870179
sample_706,train,4610799276,6830812,EPSG:32611,"[512, 512]",2016.0,POINT (-113.455762 42.328172),-113.45576181847824,42.32817157047582
sample_707,train,4617630088,6830811,EPSG:32614,"[512, 512]",2016.0,POINT (-96.820223 28.100999),-96.8202225546278,28.100998988415636
sample_708,validation,4624460899,6830841,EPSG:32610,"[512, 512]",2016.0,POINT (-121.826641 39.198586),-121.82664133667276,39.19858599561339
sample_709,train,4631291740,6830815,EPSG:32612,"[512, 512]",2016.0,POINT (-108.388713 39.788183),-108.38871338717829,39.788182565295365
sample_71,train,4638122555,6830812,EPSG:32614,"[512, 512]",2016.0,POINT (-100.738287 34.468093),-100.73828657438541,34.46809261151557
sample_710,validation,4644953367,6830831,EPSG:32611,"[512, 512]",2016.0,POINT (-116.24853 37.254319),-116.24853016372148,37.254319303793544
sample_711,train,4651784198,6830811,EPSG:32612,"[512, 512]",2016.0,POINT (-111.468692 31.561607),-111.46869164851101,31.561606649358556
sample_712,train,4658615009,6830806,EPSG:32612,"[512, 512]",2016.0,POINT (-112.302419 42.98183),-112.30241947639165,42.98183027486803
sample_713,test,4665445815,6830800,EPSG:32612,"[512, 512]",2016.0,POINT (-111.97384 33.974988),-111.97383997631728,33.97498836061096
sample_714,train,4672276615,6830807,EPSG:32611,"[512, 512]",2016.0,POINT (-118.638268 42.42153),-118.6382677803845,42.42153024291255
sample_715,train,4679107422,6830817,EPSG:32612,"[512, 512]",2016.0,POINT (-113.124571 38.075741),-113.12457134572877,38.07574140863073
sample_716,train,4685938239,6830811,EPSG:32610,"[512, 512]",2016.0,POINT (-122.143348 40.228222),-122.1433479050765,40.2282218896411
sample_717,train,4692769050,6830806,EPSG:32611,"[512, 512]",2016.0,POINT (-118.514254 47.60725),-118.51425369915076,47.60724974755127
sample_718,test,4699599856,6830807,EPSG:32612,"[512, 512]",2016.0,POINT (-110.376187 31.564192),-110.37618700099422,31.564191813399518
sample_719,train,4706430663,6830806,EPSG:32611,"[512, 512]",2016.0,POINT (-117.25939 33.548892),-117.25938982643743,33.548892236184635
sample_72,train,4713261469,6830817,EPSG:32612,"[512, 512]",2016.0,POINT (-108.949715 45.701164),-108.94971523071361,45.70116440064134
sample_720,train,4720092286,6830817,EPSG:32613,"[512, 512]",2016.0,POINT (-103.175512 38.074297),-103.1755116489104,38.07429653409431
sample_721,train,4726923103,6830813,EPSG:32610,"[512, 512]",2016.0,POINT (-121.454679 37.01732),-121.45467923293428,37.017319882364035
sample_722,validation,4733753916,6830825,EPSG:32615,"[512, 512]",2016.0,POINT (-89.751937 43.37424),-89.75193747986995,43.374239944137074
sample_723,train,4740584741,6830811,EPSG:32610,"[512, 512]",2016.0,POINT (-120.770973 36.008957),-120.77097261406973,36.00895724012087
sample_724,test,4747415552,6830809,EPSG:32611,"[512, 512]",2016.0,POINT (-119.168076 37.577509),-119.16807647714882,37.57750884253441
sample_725,train,4754246361,6830813,EPSG:32611,"[512, 512]",2016.0,POINT (-115.005093 42.529345),-115.00509342507178,42.52934533147459
sample_726,validation,4761077174,6830836,EPSG:32611,"[512, 512]",2016.0,POINT (-117.205386 40.782291),-117.20538607359008,40.78229060248712
sample_727,train,4767908010,6830811,EPSG:32611,"[512, 512]",2016.0,POINT (-115.204801 42.875747),-115.20480135493834,42.87574696311423
sample_728,train,4774738821,6830812,EPSG:32610,"[512, 512]",2016.0,POINT (-120.988978 45.346766),-120.98897782279289,45.34676553513775
sample_729,validation,4781569633,6830831,EPSG:32615,"[512, 512]",2016.0,POINT (-92.842583 32.055245),-92.84258260821846,32.05524458823944
sample_73,test,4788400464,6830800,EPSG:32615,"[512, 512]",2016.0,POINT (-91.255809 37.395542),-91.25580893636013,37.39554187809839
sample_730,validation,4795231264,6830836,EPSG:32611,"[512, 512]",2016.0,POINT (-119.537645 38.868728),-119.53764462168198,38.86872788670722
sample_731,test,4802062100,6830805,EPSG:32612,"[512, 512]",2016.0,POINT (-109.352845 31.983484),-109.35284455167965,31.98348350887907
sample_732,train,4808892905,6830811,EPSG:32612,"[512, 512]",2016.0,POINT (-110.743658 32.426947),-110.74365838575082,32.42694651369307
sample_733,train,4815723716,6830807,EPSG:32612,"[512, 512]",2016.0,POINT (-109.77585 37.820903),-109.77585009465767,37.820903352944356
sample_734,train,4822554523,6830806,EPSG:32615,"[512, 512]",2016.0,POINT (-93.789499 34.992987),-93.78949874234125,34.99298668589567
sample_735,test,4829385329,6830806,EPSG:32610,"[512, 512]",2016.0,POINT (-119.476103 46.774703),-119.47610328113619,46.77470283853799
sample_736,train,4836216135,6830811,EPSG:32611,"[512, 512]",2016.0,POINT (-118.733503 34.457881),-118.73350292844212,34.45788147978246
sample_737,train,4843046946,6830817,EPSG:32613,"[512, 512]",2016.0,POINT (-103.761306 42.301994),-103.76130568664739,42.30199374930768
sample_738,train,4849877763,6830817,EPSG:32611,"[512, 512]",2016.0,POINT (-116.076664 40.901473),-116.07666376432672,40.90147260983193
sample_739,validation,4856708580,6830842,EPSG:32611,"[512, 512]",2016.0,POINT (-116.412662 37.071901),-116.41266232864494,37.071901463017475
sample_74,train,4863539422,6830811,EPSG:32612,"[512, 512]",2016.0,POINT (-112.854148 34.861031),-112.85414836594359,34.861031246384655
sample_740,train,4870370233,6830806,EPSG:32615,"[512, 512]",2016.0,POINT (-95.295389 36.850254),-95.2953889831222,36.85025387244141
sample_741,test,4877201039,6830805,EPSG:32613,"[512, 512]",2016.0,POINT (-102.681668 38.516486),-102.68166842565698,38.516486067476954
sample_742,train,4884031844,6830802,EPSG:32616,"[512, 512]",2016.0,POINT (-85.125377 29.65043),-85.12537706755093,29.650430017690915
sample_743,test,4890862646,6830800,EPSG:32616,"[512, 512]",2016.0,POINT (-89.315493 34.849062),-89.31549313378437,34.849062297330924
sample_744,train,4897693446,6830811,EPSG:32611,"[512, 512]",2016.0,POINT (-115.009502 37.482766),-115.00950163037231,37.482765576185734
sample_745,test,4904524257,6830800,EPSG:32612,"[512, 512]",2016.0,POINT (-111.58532 33.720139),-111.58531983252782,33.72013875423745
sample_746,train,4911355057,6830802,EPSG:3449,"[512, 512]",2016.0,POINT (-83.046758 29.314418),-83.04675832355932,29.314418389891195
sample_747,train,4918185859,6830811,EPSG:32615,"[512, 512]",2016.0,POINT (-91.199744 37.117557),-91.19974383047395,37.117556511429015
sample_748,test,4925016670,6830805,EPSG:32612,"[512, 512]",2016.0,POINT (-111.841738 33.949178),-111.84173796109908,33.949177645337606
sample_749,train,4931847475,6830810,EPSG:32610,"[512, 512]",2016.0,POINT (-121.546165 36.208012),-121.54616499811085,36.20801195456518
sample_75,train,4938678285,6830812,EPSG:32613,"[512, 512]",2016.0,POINT (-106.499122 44.909318),-106.49912158072033,44.909318308173134
sample_750,test,4945509097,6830805,EPSG:32613,"[512, 512]",2016.0,POINT (-104.151112 30.788222),-104.15111158558952,30.788222112442337
sample_751,train,4952339902,6830812,EPSG:32611,"[512, 512]",2016.0,POINT (-118.823876 34.258288),-118.82387629390075,34.2582884886757
sample_752,train,4959170714,6830810,EPSG:32611,"[512, 512]",2016.0,POINT (-118.763409 36.004811),-118.76340870211183,36.00481054227478
sample_753,validation,4966001524,6830836,EPSG:32612,"[512, 512]",2016.0,POINT (-113.386238 39.31195),-113.38623789914877,39.31195035312176
sample_754,train,4972832360,6830802,EPSG:32616,"[512, 512]",2016.0,POINT (-88.92116 30.596522),-88.92116008365936,30.596522369076602
sample_755,train,4979663162,6830813,EPSG:32611,"[512, 512]",2016.0,POINT (-117.606207 36.067092),-117.60620705326951,36.06709198263317
sample_756,validation,4986493975,6830836,EPSG:32611,"[512, 512]",2016.0,POINT (-119.14772 45.342926),-119.14772001870233,45.342925630600014
sample_757,train,4993324811,6830817,EPSG:32610,"[512, 512]",2016.0,POINT (-120.477997 46.729103),-120.47799693216625,46.72910296271466
sample_758,train,5000155628,6830807,EPSG:32615,"[512, 512]",2016.0,POINT (-92.359457 31.468022),-92.3594570581552,31.468022196154163
sample_759,validation,5006986435,6830820,EPSG:3449,"[512, 512]",2016.0,POINT (-80.75561 28.620447),-80.75561045567059,28.620447121352747
sample_76,test,5013817255,6830811,EPSG:32611,"[512, 512]",2016.0,POINT (-115.591202 42.617211),-115.59120238136744,42.61721059955311
sample_760,train,5020648066,6830812,EPSG:32611,"[512, 512]",2016.0,POINT (-117.183808 46.437905),-117.18380824067309,46.43790477630256
sample_761,train,5027478878,6830797,EPSG:32616,"[512, 512]",2016.0,POINT (-87.35439 32.98852),-87.3543898866082,32.98851978399118
sample_762,test,5034309675,6830807,EPSG:32613,"[512, 512]",2016.0,POINT (-106.129201 45.845215),-106.12920130839377,45.845215138548404
sample_763,train,5041140482,6830805,EPSG:32616,"[512, 512]",2016.0,POINT (-85.054881 30.042691),-85.05488074626177,30.042690969223667
sample_764,train,5047971287,6830813,EPSG:32610,"[512, 512]",2016.0,POINT (-120.054493 36.03513),-120.05449348917236,36.035129772127995
sample_765,train,5054802100,6830811,EPSG:32611,"[512, 512]",2016.0,POINT (-118.291749 34.549645),-118.29174876850733,34.549644756563104
sample_766,train,5061632911,6830801,EPSG:32614,"[512, 512]",2016.0,POINT (-101.37363 30.98385),-101.3736301474232,30.983849569358373
sample_767,train,5068463712,6830806,EPSG:32616,"[512, 512]",2016.0,POINT (-85.559582 33.706903),-85.55958243281833,33.706903294636305
sample_768,train,5075294518,6830815,EPSG:32611,"[512, 512]",2016.0,POINT (-116.149385 43.997709),-116.14938522286548,43.99770851687576
sample_769,validation,5082125333,6830829,EPSG:32614,"[512, 512]",2016.0,POINT (-98.547909 34.748533),-98.54790915513432,34.748533358551825
sample_77,train,5088956162,6830806,EPSG:32614,"[512, 512]",2016.0,POINT (-99.844579 31.495529),-99.84457882502747,31.49552925872395
sample_770,train,5095786968,6830803,EPSG:32610,"[512, 512]",2016.0,POINT (-122.515639 40.4866),-122.51563921515849,40.486600060037816
sample_771,train,5102617771,6830811,EPSG:32611,"[512, 512]",2016.0,POINT (-118.206157 39.745353),-118.20615659933878,39.74535265678929
sample_772,test,5109448582,6830795,EPSG:3449,"[512, 512]",2016.0,POINT (-79.538426 33.213701),-79.53842614008596,33.21370079214159
sample_773,train,5116279377,6830811,EPSG:32610,"[512, 512]",2016.0,POINT (-121.083442 43.844615),-121.08344190407556,43.84461479775588
sample_774,test,5123110188,6830795,EPSG:32614,"[512, 512]",2016.0,POINT (-99.25882 33.790522),-99.25881991713051,33.79052230946178
sample_775,train,5129940983,6830812,EPSG:32611,"[512, 512]",2016.0,POINT (-114.865988 42.94422),-114.86598818710421,42.9442203014074
sample_776,train,5136771795,6830802,EPSG:3450,"[512, 512]",2016.0,POINT (-73.63614 44.867804),-73.63613982393541,44.867804043820755
sample_777,train,5143602597,6830807,EPSG:32611,"[512, 512]",2016.0,POINT (-115.90665 40.626762),-115.90665025072562,40.6267623144565
sample_778,train,5150433404,6830812,EPSG:32612,"[512, 512]",2016.0,POINT (-111.641343 40.343132),-111.64134266224947,40.34313196920871
sample_779,train,5157264216,6830817,EPSG:32611,"[512, 512]",2016.0,POINT (-117.171469 44.463147),-117.17146920333698,44.46314746945733
sample_78,train,5164095033,6830807,EPSG:32615,"[512, 512]",2016.0,POINT (-95.209165 29.183264),-95.20916499365944,29.18326406303228
sample_780,train,5170925840,6830806,EPSG:32616,"[512, 512]",2016.0,POINT (-86.075041 33.242659),-86.07504120772538,33.24265920934569
sample_781,test,5177756646,6830806,EPSG:32613,"[512, 512]",2016.0,POINT (-106.097582 45.631934),-106.09758246891936,45.63193432609175
sample_782,train,5184587452,6830818,EPSG:32610,"[512, 512]",2016.0,POINT (-120.294854 37.412598),-120.29485368365957,37.41259832601651
sample_783,validation,5191418270,6830831,EPSG:32614,"[512, 512]",2016.0,POINT (-95.34187 47.948996),-95.34186964561275,47.948996133535815
sample_784,train,5198249101,6830811,EPSG:32610,"[512, 512]",2016.0,POINT (-120.300773 35.978202),-120.30077260253194,35.97820214938088
sample_785,train,5205079912,6830812,EPSG:32610,"[512, 512]",2016.0,POINT (-122.843898 42.088913),-122.84389782369172,42.08891301705481
sample_786,train,5211910724,6830807,EPSG:32614,"[512, 512]",2016.0,POINT (-99.587165 33.130521),-99.58716506672864,33.13052052340034
sample_787,train,5218741531,6830812,EPSG:32612,"[512, 512]",2016.0,POINT (-108.018865 47.432167),-108.01886547005616,47.43216656967516
sample_788,validation,5225572343,6830835,EPSG:32613,"[512, 512]",2016.0,POINT (-105.073959 34.371943),-105.07395854409206,34.371942921286184
sample_789,train,5232403178,6830807,EPSG:32616,"[512, 512]",2016.0,POINT (-87.317423 34.213009),-87.31742288545529,34.21300949531596
sample_79,validation,5239233985,6830821,EPSG:3450,"[512, 512]",2016.0,POINT (-74.440647 39.79325),-74.44064735450155,39.793249841914566
sample_790,train,5246064806,6830811,EPSG:32614,"[512, 512]",2016.0,POINT (-100.568812 36.743087),-100.56881234852062,36.743086518933445
sample_791,validation,5252895617,6830835,EPSG:32610,"[512, 512]",2016.0,POINT (-121.241556 41.803465),-121.24155604781413,41.80346479519976
sample_792,validation,5259726452,6830829,EPSG:32616,"[512, 512]",2016.0,POINT (-86.539885 38.067281),-86.5398854227383,38.06728143141705
sample_793,train,5266557281,6830815,EPSG:32610,"[512, 512]",2016.0,POINT (-120.814768 41.063889),-120.81476760723079,41.06388850616768
sample_794,validation,5273388096,6830835,EPSG:32612,"[512, 512]",2016.0,POINT (-111.266257 34.511278),-111.2662570399815,34.51127792899231
sample_795,train,5280218931,6830806,EPSG:32616,"[512, 512]",2016.0,POINT (-84.713885 30.139772),-84.71388543912005,30.139771930672822
sample_796,validation,5287049737,6830836,EPSG:32611,"[512, 512]",2016.0,POINT (-118.909236 34.901832),-118.9092359995526,34.90183190031157
sample_797,validation,5293880573,6830835,EPSG:32611,"[512, 512]",2016.0,POINT (-116.162777 37.024159),-116.16277667548148,37.024158550113626
sample_798,validation,5300711408,6830825,EPSG:3449,"[512, 512]",2016.0,POINT (-82.396245 30.229675),-82.39624469811848,30.22967513737043
sample_799,train,5307542233,6830801,EPSG:3449,"[512, 512]",2016.0,POINT (-80.271062 34.661704),-80.2710624211232,34.661703907721204
sample_8,validation,5314373034,6830839,EPSG:32612,"[512, 512]",2016.0,POINT (-108.374676 46.316377),-108.3746761875754,46.31637719115131
sample_80,train,5321203873,6830807,EPSG:32612,"[512, 512]",2016.0,POINT (-110.346174 33.50198),-110.34617410308991,33.50197994081991
sample_800,test,5328034680,6830806,EPSG:32613,"[512, 512]",2016.0,POINT (-105.737969 46.206175),-105.7379693669854,46.20617485260806
sample_801,train,5334865486,6830811,EPSG:32610,"[512, 512]",2016.0,POINT (-120.560458 36.176291),-120.56045796377342,36.176290947158876
sample_802,train,5341696297,6830804,EPSG:3450,"[512, 512]",2016.0,POINT (-75.096289 39.321237),-75.09628898802899,39.321236975053836
sample_803,train,5348527101,6830813,EPSG:32613,"[512, 512]",2016.0,POINT (-103.531535 37.245975),-103.53153506199148,37.24597490453544
sample_81,train,5355357914,6830811,EPSG:32611,"[512, 512]",2016.0,POINT (-118.565547 35.692749),-118.56554709256689,35.69274949236156
sample_82,train,5362188725,6830811,EPSG:32612,"[512, 512]",2016.0,POINT (-107.947086 43.748856),-107.9470859838111,43.74885645642303
sample_83,train,5369019536,6830802,EPSG:32613,"[512, 512]",2016.0,POINT (-105.75918 45.08164),-105.759180492585,45.08164045623567
sample_84,train,5375850338,6830813,EPSG:32611,"[512, 512]",2016.0,POINT (-119.766376 34.489436),-119.76637583098771,34.489435572501534
sample_85,test,5382681151,6830809,EPSG:32611,"[512, 512]",2016.0,POINT (-116.681475 44.133861),-116.68147470552307,44.13386117255386
sample_86,train,5389511960,6830811,EPSG:32611,"[512, 512]",2016.0,POINT (-116.688341 32.736961),-116.68834129356135,32.736961207603144
sample_87,validation,5396342771,6830836,EPSG:32612,"[512, 512]",2016.0,POINT (-108.791462 41.512799),-108.79146238260819,41.5127987632061
sample_88,train,5403173607,6830812,EPSG:32611,"[512, 512]",2016.0,POINT (-116.833955 41.163674),-116.83395546553147,41.16367424037361
sample_89,train,5410004419,6830812,EPSG:32613,"[512, 512]",2016.0,POINT (-101.495283 42.774562),-101.49528264949144,42.77456247118322
sample_9,validation,5416835231,6830835,EPSG:32612,"[512, 512]",2016.0,POINT (-113.251701 34.807528),-113.25170065952557,34.80752833640298
sample_90,train,5423666066,6830817,EPSG:32612,"[512, 512]",2016.0,POINT (-110.580569 40.575772),-110.58056944698413,40.57577212414616
sample_91,validation,5430496883,6830836,EPSG:32611,"[512, 512]",2016.0,POINT (-117.499323 40.769232),-117.49932261696559,40.76923156769017
sample_92,train,5437327719,6830810,EPSG:32615,"[512, 512]",2016.0,POINT (-91.136693 36.962188),-91.136692545336,36.96218849311461
sample_93,test,5444158529,6830801,EPSG:32613,"[512, 512]",2016.0,POINT (-104.202015 30.58444),-104.20201537725828,30.584439738084637
sample_94,train,5450989330,6830813,EPSG:32611,"[512, 512]",2016.0,POINT (-120.251448 42.111826),-120.25144839015114,42.11182552212991
sample_95,train,5457820143,6830807,EPSG:32615,"[512, 512]",2016.0,POINT (-93.354163 29.907425),-93.3541632930293,29.907424530580045
sample_96,train,5464650950,6830806,EPSG:32616,"[512, 512]",2016.0,POINT (-85.591751 32.510528),-85.59175095496202,32.510528317302416
sample_97,train,5471481756,6830808,EPSG:32615,"[512, 512]",2016.0,POINT (-95.941096 38.590874),-95.94109624426238,38.59087426485415
sample_98,validation,5478312564,6830835,EPSG:32613,"[512, 512]",2016.0,POINT (-106.259467 45.332144),-106.25946700232481,45.33214439379776
sample_99,validation,5485143399,6830840,EPSG:32611,"[512, 512]",2016.0,POINT (-116.633459 40.561628),-116.6334593099151,40.561627919909775
