block,partition,seed,mask_basis,arm,endpoint,aurc,risk_080,partial_aurc_070_090,mean_risk_070_090
P1,F1,13,stored_logits,cal_v2,mean_tile_miou,0.25235854597804036,0.29953678374560966,0.059698165129473645,0.29849082564736823
P1,F1,13,stored_logits,cal_v2,mean_tile_dice,0.3863236658056587,0.43947260275434097,0.08776066174904551,0.43880330874522755
P1,F1,13,stored_logits,cal_v2,mean_tile_iou,0.4674809161921479,0.535363792892962,0.10681213281633879,0.534060664081694
P1,F1,13,stored_logits,cal_v2,pooled_miou,0.13608544088691973,0.1631867422827943,0.03118389701721734,0.1559194850860867
P1,F1,13,stored_logits,cal_v2,pooled_dice,0.14986499317847518,0.16394336072364074,0.03110897362687043,0.15554486813435214
P1,F1,13,stored_logits,cal_v2,pooled_iou,0.24576883684434753,0.2772717226299106,0.05298411771055155,0.26492058855275774
P1,F1,13,stored_logits,cal_uncertainty,mean_tile_miou,0.29139223912088685,0.3011176523751052,0.060562628878766095,0.30281314439383045
P1,F1,13,stored_logits,cal_uncertainty,mean_tile_dice,0.471932810201093,0.4542343081446841,0.09101733403029022,0.4550866701514511
P1,F1,13,stored_logits,cal_uncertainty,mean_tile_iou,0.5523451670340682,0.5503540552829675,0.11010140131918195,0.5505070065959097
P1,F1,13,stored_logits,cal_uncertainty,pooled_miou,0.17416510237729158,0.1501709943136769,0.030810642288816983,0.1540532114440849
P1,F1,13,stored_logits,cal_uncertainty,pooled_dice,0.22887266503867298,0.15139077663085984,0.031232999406522813,0.15616499703261405
P1,F1,13,stored_logits,cal_uncertainty,pooled_iou,0.3252278383985904,0.2605308719268498,0.05325685005966554,0.2662842502983277
P1,F1,13,stored_logits,cal_top_tail_msp,mean_tile_miou,0.2920025705481146,0.3011176523751052,0.0605626288787661,0.3028131443938305
P1,F1,13,stored_logits,cal_top_tail_msp,mean_tile_dice,0.4729078571104008,0.4542343081446841,0.09101733403029022,0.4550866701514511
P1,F1,13,stored_logits,cal_top_tail_msp,mean_tile_iou,0.5533800621454233,0.5503540552829675,0.11010140131918195,0.5505070065959097
P1,F1,13,stored_logits,cal_top_tail_msp,pooled_miou,0.17585482897609508,0.1501709943136769,0.030810642288816983,0.1540532114440849
P1,F1,13,stored_logits,cal_top_tail_msp,pooled_dice,0.23273833962551008,0.15139077663085984,0.031232999406522813,0.15616499703261405
P1,F1,13,stored_logits,cal_top_tail_msp,pooled_iou,0.32857398768756885,0.2605308719268498,0.05325685005966554,0.2662842502983277
P1,F1,13,stored_logits,cal_spatial_inconsistency,mean_tile_miou,0.31007063844692195,0.3118835564381804,0.06257475373609218,0.3128737686804609
P1,F1,13,stored_logits,cal_spatial_inconsistency,mean_tile_dice,0.5005567187557445,0.461364103327189,0.09350175543100155,0.4675087771550077
P1,F1,13,stored_logits,cal_spatial_inconsistency,mean_tile_iou,0.5821811865947693,0.5582908414892379,0.11296760691616281,0.564838034580814
P1,F1,13,stored_logits,cal_spatial_inconsistency,pooled_miou,0.2111671565155831,0.17907200896764097,0.035687471358099104,0.17843735679049552
P1,F1,13,stored_logits,cal_spatial_inconsistency,pooled_dice,0.28632948965342553,0.18598868016764306,0.03731220503413013,0.18656102517065065
P1,F1,13,stored_logits,cal_spatial_inconsistency,pooled_iou,0.3925031535345116,0.3083596093646548,0.06198324848169631,0.30991624240848153
P1,F1,13,stored_logits,cal_soft_dice_risk_binary,mean_tile_miou,0.2171970652807599,0.284726682944779,0.05635773048411021,0.28178865242055107
P1,F1,13,stored_logits,cal_soft_dice_risk_binary,mean_tile_dice,0.20827068862086115,0.34775920530784,0.06805296259033007,0.34026481295165034
P1,F1,13,stored_logits,cal_soft_dice_risk_binary,mean_tile_iou,0.29626594018931296,0.4549667400719124,0.08953598495066727,0.4476799247533363
P1,F1,13,stored_logits,cal_soft_dice_risk_binary,pooled_miou,0.16783814401340788,0.18726363385935205,0.03748822428034269,0.18744112140171343
P1,F1,13,stored_logits,cal_soft_dice_risk_binary,pooled_dice,0.12888123741090413,0.16993886523777219,0.033823022745089415,0.16911511372544707
P1,F1,13,stored_logits,cal_soft_dice_risk_binary,pooled_iou,0.2209351543347033,0.28708684717572586,0.057166527257127765,0.2858326362856388
P1,F1,13,stored_logits,cal_sdc_exact,mean_tile_miou,0.2171970652807599,0.284726682944779,0.05635773048411021,0.28178865242055107
P1,F1,13,stored_logits,cal_sdc_exact,mean_tile_dice,0.20827068862086115,0.34775920530784,0.06805296259033007,0.34026481295165034
P1,F1,13,stored_logits,cal_sdc_exact,mean_tile_iou,0.29626594018931296,0.4549667400719124,0.08953598495066727,0.4476799247533363
P1,F1,13,stored_logits,cal_sdc_exact,pooled_miou,0.16783814401340788,0.18726363385935205,0.03748822428034269,0.18744112140171343
P1,F1,13,stored_logits,cal_sdc_exact,pooled_dice,0.12888123741090413,0.16993886523777219,0.033823022745089415,0.16911511372544707
P1,F1,13,stored_logits,cal_sdc_exact,pooled_iou,0.2209351543347033,0.28708684717572586,0.057166527257127765,0.2858326362856388
P1,F1,13,stored_logits,t1_uncertainty,mean_tile_miou,0.2918745553546176,0.3011176523751052,0.0605626288787661,0.3028131443938305
P1,F1,13,stored_logits,t1_uncertainty,mean_tile_dice,0.4728409788965877,0.4542343081446841,0.09101733403029022,0.4550866701514511
P1,F1,13,stored_logits,t1_uncertainty,mean_tile_iou,0.5533166585871504,0.5503540552829675,0.11010140131918195,0.5505070065959097
P1,F1,13,stored_logits,t1_uncertainty,pooled_miou,0.1748560774594127,0.1501709943136769,0.030810642288816983,0.1540532114440849
P1,F1,13,stored_logits,t1_uncertainty,pooled_dice,0.23136297306436757,0.15139077663085984,0.031232999406522813,0.15616499703261405
P1,F1,13,stored_logits,t1_uncertainty,pooled_iou,0.3267194168409752,0.2605308719268498,0.05325685005966554,0.2662842502983277
P1,F1,13,stored_logits,t1_top_tail_msp,mean_tile_miou,0.2919134032550595,0.3011176523751052,0.0605626288787661,0.3028131443938305
P1,F1,13,stored_logits,t1_top_tail_msp,mean_tile_dice,0.47274684388565946,0.4542343081446841,0.09101733403029022,0.4550866701514511
P1,F1,13,stored_logits,t1_top_tail_msp,mean_tile_iou,0.5532413668822921,0.5503540552829675,0.11010140131918195,0.5505070065959097
P1,F1,13,stored_logits,t1_top_tail_msp,pooled_miou,0.1755042316031432,0.1501709943136769,0.030810642288816983,0.1540532114440849
P1,F1,13,stored_logits,t1_top_tail_msp,pooled_dice,0.23181605051029977,0.15139077663085984,0.031232999406522813,0.15616499703261405
P1,F1,13,stored_logits,t1_top_tail_msp,pooled_iou,0.32791626065959933,0.2605308719268498,0.05325685005966554,0.2662842502983277
P1,F1,13,stored_logits,t1_spatial_inconsistency,mean_tile_miou,0.3102016334973747,0.3118835564381804,0.06258320610538341,0.312916030526917
P1,F1,13,stored_logits,t1_spatial_inconsistency,mean_tile_dice,0.5008843073550889,0.461364103327189,0.09346510469491451,0.4673255234745725
P1,F1,13,stored_logits,t1_spatial_inconsistency,mean_tile_iou,0.5822804048935271,0.5582908414892379,0.11290748723728257,0.5645374361864128
P1,F1,13,stored_logits,t1_spatial_inconsistency,pooled_miou,0.2109100349334635,0.17907200896764097,0.03544677356978779,0.17723386784893894
P1,F1,13,stored_logits,t1_spatial_inconsistency,pooled_dice,0.2863608906048582,0.18598868016764306,0.036928034491313474,0.18464017245656736
P1,F1,13,stored_logits,t1_spatial_inconsistency,pooled_iou,0.3918914360239421,0.3083596093646548,0.06145853861845131,0.30729269309225654
P1,F1,13,stored_logits,t1_soft_dice_risk_binary,mean_tile_miou,0.2114395729603821,0.2854325486548167,0.05636627960125274,0.28183139800626367
P1,F1,13,stored_logits,t1_soft_dice_risk_binary,mean_tile_dice,0.20627849952342356,0.3504029288610259,0.06818783206947615,0.34093916034738075
P1,F1,13,stored_logits,t1_soft_dice_risk_binary,mean_tile_iou,0.2933682775312856,0.4566875972911322,0.08958592158917354,0.44792960794586767
P1,F1,13,stored_logits,t1_soft_dice_risk_binary,pooled_miou,0.15992107957941243,0.1865960547827698,0.03741804411168333,0.18709022055841662
P1,F1,13,stored_logits,t1_soft_dice_risk_binary,pooled_dice,0.12592647037632232,0.16928873722460505,0.03376435004929389,0.16882175024646942
P1,F1,13,stored_logits,t1_soft_dice_risk_binary,pooled_iou,0.21645526795729145,0.2860668994290136,0.05707210138849716,0.28536050694248577
P1,F1,13,stored_logits,t1_sdc_exact,mean_tile_miou,0.2114395729603821,0.2854325486548167,0.05636627960125274,0.28183139800626367
P1,F1,13,stored_logits,t1_sdc_exact,mean_tile_dice,0.20627849952342356,0.3504029288610259,0.06818783206947615,0.34093916034738075
P1,F1,13,stored_logits,t1_sdc_exact,mean_tile_iou,0.2933682775312856,0.4566875972911322,0.08958592158917354,0.44792960794586767
P1,F1,13,stored_logits,t1_sdc_exact,pooled_miou,0.15992107957941243,0.1865960547827698,0.03741804411168333,0.18709022055841662
P1,F1,13,stored_logits,t1_sdc_exact,pooled_dice,0.12592647037632232,0.16928873722460505,0.03376435004929389,0.16882175024646942
P1,F1,13,stored_logits,t1_sdc_exact,pooled_iou,0.21645526795729145,0.2860668994290136,0.05707210138849716,0.28536050694248577
P1,F1,13,stored_logits,t1_v2_frozen_mapping,mean_tile_miou,0.2574987254818071,0.29321149047362766,0.05880725210629169,0.2940362605314584
P1,F1,13,stored_logits,t1_v2_frozen_mapping,mean_tile_dice,0.3972751236723614,0.43220424103536204,0.0864207496510804,0.432103748255402
P1,F1,13,stored_logits,t1_v2_frozen_mapping,mean_tile_iou,0.4799725383109194,0.5288943968275428,0.10571141050399922,0.5285570525199961
P1,F1,13,stored_logits,t1_v2_frozen_mapping,pooled_miou,0.13787086652349534,0.14998427970215175,0.03048081587855577,0.15240407939277884
P1,F1,13,stored_logits,t1_v2_frozen_mapping,pooled_dice,0.15439434650517825,0.14847480409618768,0.030333444741063583,0.1516672237053179
P1,F1,13,stored_logits,t1_v2_frozen_mapping,pooled_iou,0.25025451598341625,0.25600967291397553,0.05191849489184212,0.2595924744592106
P1,F1,13,stored_logits,t1_v2_new_ecdf_fixed_weights,mean_tile_miou,0.25104434559995575,0.2970695670458721,0.059067285746821754,0.29533642873410876
P1,F1,13,stored_logits,t1_v2_new_ecdf_fixed_weights,mean_tile_dice,0.3823736165241369,0.4326928818431054,0.0861804960310196,0.43090248015509797
P1,F1,13,stored_logits,t1_v2_new_ecdf_fixed_weights,mean_tile_iou,0.4644278623534906,0.5284607065531473,0.10517571152684672,0.5258785576342336
P1,F1,13,stored_logits,t1_v2_new_ecdf_fixed_weights,pooled_miou,0.13343455221741313,0.16137667833489805,0.03032661016562195,0.15163305082810974
P1,F1,13,stored_logits,t1_v2_new_ecdf_fixed_weights,pooled_dice,0.14559956114209036,0.16100460328423116,0.029800195149002624,0.14900097574501311
P1,F1,13,stored_logits,t1_v2_new_ecdf_fixed_weights,pooled_iou,0.2402580974632931,0.27292355797389917,0.05110042398565236,0.2555021199282618
P1,F1,13,stored_logits,t1_v2_refit,mean_tile_miou,0.25273783423627577,0.29887010330510033,0.05969223235876098,0.2984611617938049
P1,F1,13,stored_logits,t1_v2_refit,mean_tile_dice,0.38634137410332053,0.4370936056256878,0.08764490950182885,0.43822454750914425
P1,F1,13,stored_logits,t1_v2_refit,mean_tile_iou,0.46836596965367183,0.5334901413828657,0.10676869885684746,0.5338434942842373
P1,F1,13,stored_logits,t1_v2_refit,pooled_miou,0.1349491909750502,0.16426574069904154,0.03135572947993846,0.1567786473996923
P1,F1,13,stored_logits,t1_v2_refit,pooled_dice,0.14790796921814642,0.16502296282288026,0.0312901892462397,0.15645094623119848
P1,F1,13,stored_logits,t1_v2_refit,pooled_iou,0.24355397824760472,0.2788499153255021,0.05326657222411056,0.26633286112055277
P1,F1,37,stored_logits,cal_v2,mean_tile_miou,0.23871839721399818,0.29865706969995653,0.0597730099370696,0.298865049685348
P1,F1,37,stored_logits,cal_v2,mean_tile_dice,0.352685982555324,0.4393283869586643,0.08759914217576899,0.4379957108788449
P1,F1,37,stored_logits,cal_v2,mean_tile_iou,0.4356586128382511,0.5359743953080174,0.10688764937511464,0.5344382468755732
P1,F1,37,stored_logits,cal_v2,pooled_miou,0.13176824115088195,0.16371899202780163,0.032775503775542475,0.16387751887771237
P1,F1,37,stored_logits,cal_v2,pooled_dice,0.14040502474797362,0.1666430276267507,0.033321924817676526,0.16660962408838262
P1,F1,37,stored_logits,cal_v2,pooled_iou,0.2335940736103317,0.2810606153749048,0.05602899993604906,0.2801449996802453
P1,F1,37,stored_logits,cal_uncertainty,mean_tile_miou,0.2891803269528986,0.3052439522239056,0.06150053902577733,0.3075026951288866
P1,F1,37,stored_logits,cal_uncertainty,mean_tile_dice,0.46567916452481867,0.4571939231057426,0.09185597516555374,0.4592798758277687
P1,F1,37,stored_logits,cal_uncertainty,mean_tile_iou,0.5440146799591834,0.5547043122129887,0.11130319246696457,0.5565159623348228
P1,F1,37,stored_logits,cal_uncertainty,pooled_miou,0.17370767594550562,0.16940620769138678,0.03479207172510656,0.17396035862553277
P1,F1,37,stored_logits,cal_uncertainty,pooled_dice,0.22563747053891542,0.17588587151524934,0.03635605231199248,0.18178026155996238
P1,F1,37,stored_logits,cal_uncertainty,pooled_iou,0.321791181474159,0.2950631817332846,0.060509494441397374,0.30254747220698686
P1,F1,37,stored_logits,cal_top_tail_msp,mean_tile_miou,0.28918954553821236,0.3052439522239056,0.06150053902577733,0.3075026951288866
P1,F1,37,stored_logits,cal_top_tail_msp,mean_tile_dice,0.4656920036001577,0.4571939231057426,0.09185597516555374,0.4592798758277687
P1,F1,37,stored_logits,cal_top_tail_msp,mean_tile_iou,0.5440240387525982,0.5547043122129887,0.11130319246696455,0.5565159623348227
P1,F1,37,stored_logits,cal_top_tail_msp,pooled_miou,0.17355859952239472,0.16940620769138678,0.03479207172510656,0.17396035862553277
P1,F1,37,stored_logits,cal_top_tail_msp,pooled_dice,0.22513283332448644,0.17588587151524934,0.03635605231199248,0.18178026155996238
P1,F1,37,stored_logits,cal_top_tail_msp,pooled_iou,0.32148544659719,0.2950631817332846,0.060509494441397374,0.30254747220698686
P1,F1,37,stored_logits,cal_spatial_inconsistency,mean_tile_miou,0.3247619131031973,0.3285547312653101,0.06562053567593179,0.32810267837965895
P1,F1,37,stored_logits,cal_spatial_inconsistency,mean_tile_dice,0.5165773014930701,0.47086161551601097,0.0942688060947536,0.471344030473768
P1,F1,37,stored_logits,cal_spatial_inconsistency,mean_tile_iou,0.5999232444113078,0.5685212032417852,0.11361568312053602,0.56807841560268
P1,F1,37,stored_logits,cal_spatial_inconsistency,pooled_miou,0.22430613491946574,0.18621989546396084,0.03704384674661339,0.18521923373306692
P1,F1,37,stored_logits,cal_spatial_inconsistency,pooled_dice,0.30050053291685763,0.1860766453272757,0.037005235533338676,0.18502617766669338
P1,F1,37,stored_logits,cal_spatial_inconsistency,pooled_iou,0.4114192956289038,0.3098501805912593,0.0616520273072176,0.30826013653608797
P1,F1,37,stored_logits,cal_soft_dice_risk_binary,mean_tile_miou,0.22350370926105,0.29220971208963853,0.05773826100966842,0.28869130504834206
P1,F1,37,stored_logits,cal_soft_dice_risk_binary,mean_tile_dice,0.21569965803259558,0.35887325386082913,0.06999502732875586,0.34997513664377927
P1,F1,37,stored_logits,cal_soft_dice_risk_binary,mean_tile_iou,0.3043366627470395,0.46467874640982604,0.09125749372772757,0.45628746863863784
P1,F1,37,stored_logits,cal_soft_dice_risk_binary,pooled_miou,0.1741525129097332,0.19514406822718305,0.038982403748943135,0.19491201874471567
P1,F1,37,stored_logits,cal_soft_dice_risk_binary,pooled_dice,0.133696648023301,0.1775161971790428,0.03527050424013847,0.17635252120069236
P1,F1,37,stored_logits,cal_soft_dice_risk_binary,pooled_iou,0.22902336607605775,0.2986787765710073,0.059391811765683505,0.2969590588284175
P1,F1,37,stored_logits,cal_sdc_exact,mean_tile_miou,0.22350370926105,0.29220971208963853,0.05773826100966842,0.28869130504834206
P1,F1,37,stored_logits,cal_sdc_exact,mean_tile_dice,0.21569965803259558,0.35887325386082913,0.06999502732875586,0.34997513664377927
P1,F1,37,stored_logits,cal_sdc_exact,mean_tile_iou,0.3043366627470395,0.46467874640982604,0.09125749372772757,0.45628746863863784
P1,F1,37,stored_logits,cal_sdc_exact,pooled_miou,0.1741525129097332,0.19514406822718305,0.038982403748943135,0.19491201874471567
P1,F1,37,stored_logits,cal_sdc_exact,pooled_dice,0.133696648023301,0.1775161971790428,0.03527050424013847,0.17635252120069236
P1,F1,37,stored_logits,cal_sdc_exact,pooled_iou,0.22902336607605775,0.2986787765710073,0.059391811765683505,0.2969590588284175
P1,F1,37,stored_logits,t1_uncertainty,mean_tile_miou,0.28918954553821236,0.3052439522239056,0.06150053902577733,0.3075026951288866
P1,F1,37,stored_logits,t1_uncertainty,mean_tile_dice,0.4656920036001577,0.4571939231057426,0.09185597516555374,0.4592798758277687
P1,F1,37,stored_logits,t1_uncertainty,mean_tile_iou,0.5440240387525982,0.5547043122129887,0.11130319246696457,0.5565159623348228
P1,F1,37,stored_logits,t1_uncertainty,pooled_miou,0.17355859952239472,0.16940620769138678,0.03479207172510656,0.17396035862553277
P1,F1,37,stored_logits,t1_uncertainty,pooled_dice,0.22513283332448644,0.17588587151524934,0.03635605231199248,0.18178026155996238
P1,F1,37,stored_logits,t1_uncertainty,pooled_iou,0.32148544659719,0.2950631817332846,0.060509494441397374,0.30254747220698686
P1,F1,37,stored_logits,t1_top_tail_msp,mean_tile_miou,0.2894969075585113,0.3052439522239056,0.06150053902577733,0.3075026951288866
P1,F1,37,stored_logits,t1_top_tail_msp,mean_tile_dice,0.4663145531067362,0.4571939231057426,0.09185597516555374,0.4592798758277687
P1,F1,37,stored_logits,t1_top_tail_msp,mean_tile_iou,0.5446057472078372,0.5547043122129887,0.11130319246696457,0.5565159623348228
P1,F1,37,stored_logits,t1_top_tail_msp,pooled_miou,0.1737995776652042,0.16940620769138678,0.03479207172510656,0.17396035862553277
P1,F1,37,stored_logits,t1_top_tail_msp,pooled_dice,0.22552945833071186,0.17588587151524934,0.03635605231199248,0.18178026155996238
P1,F1,37,stored_logits,t1_top_tail_msp,pooled_iou,0.3219632865532697,0.2950631817332846,0.060509494441397374,0.30254747220698686
P1,F1,37,stored_logits,t1_spatial_inconsistency,mean_tile_miou,0.3260069360446078,0.3285547312653101,0.06562053567593179,0.32810267837965895
P1,F1,37,stored_logits,t1_spatial_inconsistency,mean_tile_dice,0.5214083978378595,0.47086161551601097,0.0942688060947536,0.471344030473768
P1,F1,37,stored_logits,t1_spatial_inconsistency,mean_tile_iou,0.6032524798088754,0.5685212032417853,0.11361568312053602,0.56807841560268
P1,F1,37,stored_logits,t1_spatial_inconsistency,pooled_miou,0.227600828579385,0.18621989546396084,0.03704384674661339,0.18521923373306692
P1,F1,37,stored_logits,t1_spatial_inconsistency,pooled_dice,0.3122790264694869,0.1860766453272757,0.037005235533338676,0.18502617766669338
P1,F1,37,stored_logits,t1_spatial_inconsistency,pooled_iou,0.4187619099639236,0.3098501805912593,0.0616520273072176,0.30826013653608797
P1,F1,37,stored_logits,t1_soft_dice_risk_binary,mean_tile_miou,0.2185012510892484,0.29230902876805986,0.057723324131022845,0.28861662065511423
P1,F1,37,stored_logits,t1_soft_dice_risk_binary,mean_tile_dice,0.2113211279055525,0.3594262024735603,0.07002582889344874,0.3501291444672437
P1,F1,37,stored_logits,t1_soft_dice_risk_binary,mean_tile_iou,0.29939091566631726,0.46503694501698445,0.09125407557620428,0.45627037788102137
P1,F1,37,stored_logits,t1_soft_dice_risk_binary,pooled_miou,0.16830849704596518,0.19481908796550323,0.03895038478360023,0.19475192391800114
P1,F1,37,stored_logits,t1_soft_dice_risk_binary,pooled_dice,0.13090960934317747,0.17718659499791647,0.035207679826689514,0.17603839913344757
P1,F1,37,stored_logits,t1_soft_dice_risk_binary,pooled_iou,0.22485323439656843,0.298218446115152,0.05930405237095825,0.29652026185479124
P1,F1,37,stored_logits,t1_sdc_exact,mean_tile_miou,0.2185012510892484,0.29230902876805986,0.057723324131022845,0.28861662065511423
P1,F1,37,stored_logits,t1_sdc_exact,mean_tile_dice,0.2113211279055525,0.3594262024735603,0.07002582889344874,0.3501291444672437
P1,F1,37,stored_logits,t1_sdc_exact,mean_tile_iou,0.29939091566631726,0.46503694501698445,0.09125407557620428,0.45627037788102137
P1,F1,37,stored_logits,t1_sdc_exact,pooled_miou,0.16830849704596518,0.19481908796550323,0.03895038478360023,0.19475192391800114
P1,F1,37,stored_logits,t1_sdc_exact,pooled_dice,0.13090960934317747,0.17718659499791647,0.035207679826689514,0.17603839913344757
P1,F1,37,stored_logits,t1_sdc_exact,pooled_iou,0.22485323439656843,0.298218446115152,0.05930405237095825,0.29652026185479124
P1,F1,37,stored_logits,t1_v2_frozen_mapping,mean_tile_miou,0.24586725067499854,0.2998244641330242,0.060328281065472014,0.30164140532736006
P1,F1,37,stored_logits,t1_v2_frozen_mapping,mean_tile_dice,0.3684310762904146,0.4424455306864845,0.08888548862229731,0.4444274431114865
P1,F1,37,stored_logits,t1_v2_frozen_mapping,mean_tile_iou,0.45127456768771124,0.5397796445745365,0.10838895172905505,0.5419447586452752
P1,F1,37,stored_logits,t1_v2_frozen_mapping,pooled_miou,0.1377870507855805,0.167533975660127,0.03429350015084154,0.1714675007542077
P1,F1,37,stored_logits,t1_v2_frozen_mapping,pooled_dice,0.14920903164415347,0.1717536432431663,0.03543920532733491,0.17719602663667455
P1,F1,37,stored_logits,t1_v2_frozen_mapping,pooled_iou,0.24609171545948288,0.2887277840550948,0.05912172577668504,0.2956086288834252
P1,F1,37,stored_logits,t1_v2_new_ecdf_fixed_weights,mean_tile_miou,0.24007009813427949,0.2981354224270504,0.05962354486424441,0.298117724321222
P1,F1,37,stored_logits,t1_v2_new_ecdf_fixed_weights,mean_tile_dice,0.3562956845995235,0.43789075210985945,0.08720021512212756,0.4360010756106378
P1,F1,37,stored_logits,t1_v2_new_ecdf_fixed_weights,mean_tile_iou,0.4385388133379033,0.5350870777879451,0.10645164638581948,0.5322582319290974
P1,F1,37,stored_logits,t1_v2_new_ecdf_fixed_weights,pooled_miou,0.12991969545431897,0.16327062847128138,0.0326021556786563,0.16301077839328149
P1,F1,37,stored_logits,t1_v2_new_ecdf_fixed_weights,pooled_dice,0.13772482835944538,0.16616157453407368,0.032954953839284776,0.16477476919642386
P1,F1,37,stored_logits,t1_v2_new_ecdf_fixed_weights,pooled_iou,0.2301217398148802,0.2803451216042135,0.055591772581840296,0.27795886290920147
P1,F1,37,stored_logits,t1_v2_refit,mean_tile_miou,0.24163319431350788,0.2981354224270504,0.05983182023603642,0.2991591011801821
P1,F1,37,stored_logits,t1_v2_refit,mean_tile_dice,0.3600568465135014,0.43789075210985945,0.08778359337434762,0.43891796687173806
P1,F1,37,stored_logits,t1_v2_refit,mean_tile_iou,0.4425253911500209,0.5350870777879451,0.10707836208407326,0.5353918104203662
P1,F1,37,stored_logits,t1_v2_refit,pooled_miou,0.1304748820071619,0.16327062847128138,0.03278461042611831,0.16392305213059155
P1,F1,37,stored_logits,t1_v2_refit,pooled_dice,0.13887986475394923,0.16616157453407368,0.03336576196580497,0.16682880982902484
P1,F1,37,stored_logits,t1_v2_refit,pooled_iou,0.23170588417840118,0.2803451216042135,0.05609606041514152,0.28048030207570757
P1,F1,71,stored_logits,cal_v2,mean_tile_miou,0.2522445221465578,0.31242599546267164,0.062671824660556,0.31335912330278
P1,F1,71,stored_logits,cal_v2,mean_tile_dice,0.3887238840037964,0.4634299281568448,0.09359617533353176,0.4679808766676588
P1,F1,71,stored_logits,cal_v2,mean_tile_iou,0.4631895768071542,0.5534710894461172,0.11161161244464538,0.5580580622232268
P1,F1,71,stored_logits,cal_v2,pooled_miou,0.14441020008252942,0.18344473378251547,0.03702307716749717,0.18511538583748585
P1,F1,71,stored_logits,cal_v2,pooled_dice,0.16041277321462927,0.1912136836486376,0.03926419996176738,0.19632099980883688
P1,F1,71,stored_logits,cal_v2,pooled_iou,0.25868784256549426,0.31184094343557966,0.06352219028620212,0.3176109514310106
P1,F1,71,stored_logits,cal_uncertainty,mean_tile_miou,0.3174279153763609,0.3256685699625574,0.0647886812171529,0.32394340608576444
P1,F1,71,stored_logits,cal_uncertainty,mean_tile_dice,0.5365869745824744,0.4980990941390149,0.09993474889897297,0.49967374449486485
P1,F1,71,stored_logits,cal_uncertainty,mean_tile_iou,0.6058053702771209,0.592067442533361,0.1185113472504828,0.592556736252414
P1,F1,71,stored_logits,cal_uncertainty,pooled_miou,0.21704014965957155,0.20403866594195744,0.03918199452328739,0.19590997261643694
P1,F1,71,stored_logits,cal_uncertainty,pooled_dice,0.31042828617582213,0.2313348737258223,0.043972565008904785,0.21986282504452392
P1,F1,71,stored_logits,cal_uncertainty,pooled_iou,0.4102971578523928,0.3607985575083773,0.06957025082484494,0.3478512541242247
P1,F1,71,stored_logits,cal_top_tail_msp,mean_tile_miou,0.3154679577213872,0.3256685699625574,0.06474207177254682,0.3237103588627341
P1,F1,71,stored_logits,cal_top_tail_msp,mean_tile_dice,0.533176936329687,0.49809909413901476,0.09977985378203215,0.49889926891016073
P1,F1,71,stored_logits,cal_top_tail_msp,mean_tile_iou,0.6016297634108,0.592067442533361,0.11835890677041758,0.5917945338520878
P1,F1,71,stored_logits,cal_top_tail_msp,pooled_miou,0.2124024635227889,0.20403866594195744,0.039119267891809695,0.19559633945904847
P1,F1,71,stored_logits,cal_top_tail_msp,pooled_dice,0.304082696990002,0.2313348737258223,0.043890690854880884,0.2194534542744044
P1,F1,71,stored_logits,cal_top_tail_msp,pooled_iou,0.4009754555832251,0.3607985575083773,0.06943684005069835,0.3471842002534917
P1,F1,71,stored_logits,cal_spatial_inconsistency,mean_tile_miou,0.3268055665334148,0.33247810309793246,0.06685934296615326,0.3342967148307663
P1,F1,71,stored_logits,cal_spatial_inconsistency,mean_tile_dice,0.5425149968001063,0.5009594536535709,0.10067049050660239,0.5033524525330119
P1,F1,71,stored_logits,cal_spatial_inconsistency,mean_tile_iou,0.6129334443625283,0.5942836811571944,0.11918925503053254,0.5959462751526626
P1,F1,71,stored_logits,cal_spatial_inconsistency,pooled_miou,0.2244306324097601,0.2038438495503705,0.040932095753270614,0.20466047876635307
P1,F1,71,stored_logits,cal_spatial_inconsistency,pooled_dice,0.31629726938300534,0.22317216576355925,0.044762558115741716,0.22381279057870856
P1,F1,71,stored_logits,cal_spatial_inconsistency,pooled_iou,0.4171149443490898,0.35435846507639723,0.07076358211893033,0.3538179105946516
P1,F1,71,stored_logits,cal_soft_dice_risk_binary,mean_tile_miou,0.2464162061539294,0.30963524057086533,0.06147273695297181,0.30736368476485904
P1,F1,71,stored_logits,cal_soft_dice_risk_binary,mean_tile_dice,0.24136904075752064,0.38317257317755204,0.07535086736353946,0.3767543368176973
P1,F1,71,stored_logits,cal_soft_dice_risk_binary,mean_tile_iou,0.33709481384397344,0.4924364264694675,0.09722826957068918,0.48614134785344587
P1,F1,71,stored_logits,cal_soft_dice_risk_binary,pooled_miou,0.2101815401444074,0.22519425585045405,0.045150330244931224,0.2257516512246561
P1,F1,71,stored_logits,cal_soft_dice_risk_binary,pooled_dice,0.17471735022829984,0.2177232000029887,0.04341675665142132,0.2170837832571066
P1,F1,71,stored_logits,cal_soft_dice_risk_binary,pooled_iou,0.28284346026592333,0.3486402218010134,0.06953994793616194,0.3476997396808097
P1,F1,71,stored_logits,cal_sdc_exact,mean_tile_miou,0.24641327742195276,0.30963524057086533,0.0614712725869835,0.30735636293491747
P1,F1,71,stored_logits,cal_sdc_exact,mean_tile_dice,0.24136904075752064,0.38317257317755204,0.07535086736353946,0.3767543368176973
P1,F1,71,stored_logits,cal_sdc_exact,mean_tile_iou,0.33709481384397344,0.4924364264694675,0.09722826957068918,0.48614134785344587
P1,F1,71,stored_logits,cal_sdc_exact,pooled_miou,0.21017925121942618,0.22519425585045405,0.0451491857824406,0.225745928912203
P1,F1,71,stored_logits,cal_sdc_exact,pooled_dice,0.17470431155364033,0.2177232000029887,0.043410237314091556,0.21705118657045777
P1,F1,71,stored_logits,cal_sdc_exact,pooled_iou,0.2828292012814771,0.3486402218010134,0.06953281844393883,0.34766409221969413
P1,F1,71,stored_logits,t1_uncertainty,mean_tile_miou,0.3162472515453722,0.3256685699625574,0.0647886812171529,0.32394340608576444
P1,F1,71,stored_logits,t1_uncertainty,mean_tile_dice,0.5346099302238233,0.49809909413901476,0.09993474889897296,0.49967374449486474
P1,F1,71,stored_logits,t1_uncertainty,mean_tile_iou,0.6034056541335474,0.592067442533361,0.11851134725048282,0.592556736252414
P1,F1,71,stored_logits,t1_uncertainty,pooled_miou,0.21419393948050183,0.20403866594195744,0.03918199452328739,0.19590997261643694
P1,F1,71,stored_logits,t1_uncertainty,pooled_dice,0.3063409358993845,0.2313348737258223,0.043972565008904785,0.21986282504452392
P1,F1,71,stored_logits,t1_uncertainty,pooled_iou,0.4046219420940263,0.3607985575083773,0.06957025082484494,0.3478512541242247
P1,F1,71,stored_logits,t1_top_tail_msp,mean_tile_miou,0.31477792324266013,0.3256685699625574,0.06474207177254682,0.3237103588627341
P1,F1,71,stored_logits,t1_top_tail_msp,mean_tile_dice,0.5318766788536143,0.4980990941390149,0.09977985378203216,0.4988992689101608
P1,F1,71,stored_logits,t1_top_tail_msp,mean_tile_iou,0.6002492437548744,0.592067442533361,0.11835890677041758,0.5917945338520878
P1,F1,71,stored_logits,t1_top_tail_msp,pooled_miou,0.21192484987750831,0.20403866594195744,0.039119267891809695,0.19559633945904847
P1,F1,71,stored_logits,t1_top_tail_msp,pooled_dice,0.30346110293602324,0.2313348737258223,0.043890690854880884,0.2194534542744044
P1,F1,71,stored_logits,t1_top_tail_msp,pooled_iou,0.40002825243822726,0.3607985575083773,0.06943684005069835,0.3471842002534917
P1,F1,71,stored_logits,t1_spatial_inconsistency,mean_tile_miou,0.3282539848006929,0.33247810309793246,0.06704983605480029,0.3352491802740014
P1,F1,71,stored_logits,t1_spatial_inconsistency,mean_tile_dice,0.5449551477591046,0.5009594536535709,0.10106922542736488,0.5053461271368244
P1,F1,71,stored_logits,t1_spatial_inconsistency,mean_tile_iou,0.615435385756298,0.5942836811571944,0.11959247429205645,0.5979623714602822
P1,F1,71,stored_logits,t1_spatial_inconsistency,pooled_miou,0.2258437083263219,0.2038438495503705,0.04108442269280297,0.20542211346401484
P1,F1,71,stored_logits,t1_spatial_inconsistency,pooled_dice,0.3184092668296555,0.22317216576355925,0.044966512918013166,0.22483256459006581
P1,F1,71,stored_logits,t1_spatial_inconsistency,pooled_iou,0.4196005046638965,0.35435846507639723,0.071087201509213,0.35543600754606497
P1,F1,71,stored_logits,t1_soft_dice_risk_binary,mean_tile_miou,0.22892987462603404,0.3108673623655889,0.06153909363342848,0.3076954681671424
P1,F1,71,stored_logits,t1_soft_dice_risk_binary,mean_tile_dice,0.23397778086318652,0.38726384049579665,0.0758178535441371,0.37908926772068546
P1,F1,71,stored_logits,t1_soft_dice_risk_binary,mean_tile_iou,0.32734236100212927,0.4950557956145054,0.09745908266933104,0.48729541334665516
P1,F1,71,stored_logits,t1_soft_dice_risk_binary,pooled_miou,0.18948565353640365,0.22494666577550565,0.045006797619660144,0.22503398809830072
P1,F1,71,stored_logits,t1_soft_dice_risk_binary,pooled_dice,0.16519327958581542,0.21747291575113115,0.04327166849801511,0.21635834249007552
P1,F1,71,stored_logits,t1_soft_dice_risk_binary,pooled_iou,0.26929147203214876,0.3482388419922102,0.06934164263561432,0.3467082131780716
P1,F1,71,stored_logits,t1_sdc_exact,mean_tile_miou,0.22892987462603404,0.3108673623655889,0.06153909363342848,0.3076954681671424
P1,F1,71,stored_logits,t1_sdc_exact,mean_tile_dice,0.23397778086318652,0.38726384049579665,0.0758178535441371,0.37908926772068546
P1,F1,71,stored_logits,t1_sdc_exact,mean_tile_iou,0.32734236100212927,0.4950557956145054,0.09745908266933104,0.48729541334665516
P1,F1,71,stored_logits,t1_sdc_exact,pooled_miou,0.18948565353640365,0.22494666577550565,0.045006797619660144,0.22503398809830072
P1,F1,71,stored_logits,t1_sdc_exact,pooled_dice,0.16519327958581542,0.21747291575113115,0.04327166849801511,0.21635834249007552
P1,F1,71,stored_logits,t1_sdc_exact,pooled_iou,0.26929147203214876,0.3482388419922102,0.06934164263561432,0.3467082131780716
P1,F1,71,stored_logits,t1_v2_frozen_mapping,mean_tile_miou,0.28271777490431654,0.3150398174504312,0.06319695799351689,0.31598478996758445
P1,F1,71,stored_logits,t1_v2_frozen_mapping,mean_tile_dice,0.45640132366899,0.46987012460851324,0.09509172144160215,0.4754586072080107
P1,F1,71,stored_logits,t1_v2_frozen_mapping,mean_tile_iou,0.530898805831875,0.5616142999896669,0.11347538553600636,0.5673769276800318
P1,F1,71,stored_logits,t1_v2_frozen_mapping,pooled_miou,0.1661567348378357,0.19548673992440685,0.039038988507738945,0.1951949425386947
P1,F1,71,stored_logits,t1_v2_frozen_mapping,pooled_dice,0.20603260021614203,0.2114562650325785,0.04265121451753884,0.2132560725876942
P1,F1,71,stored_logits,t1_v2_frozen_mapping,pooled_iou,0.3056517844025977,0.3376081649547435,0.06790823769800472,0.33954118849002357
P1,F1,71,stored_logits,t1_v2_new_ecdf_fixed_weights,mean_tile_miou,0.2565966176822567,0.31242599546267164,0.06278327389474068,0.3139163694737034
P1,F1,71,stored_logits,t1_v2_new_ecdf_fixed_weights,mean_tile_dice,0.3985607872541513,0.46342992815684486,0.09321515152158089,0.46607575760790443
P1,F1,71,stored_logits,t1_v2_new_ecdf_fixed_weights,mean_tile_iou,0.47253072892726067,0.5534710894461172,0.11140980883336907,0.5570490441668453
P1,F1,71,stored_logits,t1_v2_new_ecdf_fixed_weights,pooled_miou,0.14687815040267901,0.18344473378251547,0.03762610702852712,0.18813053514263559
P1,F1,71,stored_logits,t1_v2_new_ecdf_fixed_weights,pooled_dice,0.16435101464352325,0.1912136836486376,0.039948309444570514,0.19974154722285256
P1,F1,71,stored_logits,t1_v2_new_ecdf_fixed_weights,pooled_iou,0.2639409223023401,0.31184094343557966,0.06435954112394598,0.3217977056197299
P1,F1,71,stored_logits,t1_v2_refit,mean_tile_miou,0.2562744211968538,0.31242599546267164,0.06281364520774424,0.3140682260387212
P1,F1,71,stored_logits,t1_v2_refit,mean_tile_dice,0.3970164286515582,0.46342992815684486,0.09287286405830258,0.4643643202915129
P1,F1,71,stored_logits,t1_v2_refit,mean_tile_iou,0.4710934766554287,0.5534710894461172,0.11105827796536064,0.5552913898268032
P1,F1,71,stored_logits,t1_v2_refit,pooled_miou,0.14688068947671978,0.18344473378251547,0.03783389632538126,0.1891694816269063
P1,F1,71,stored_logits,t1_v2_refit,pooled_dice,0.1639950410687467,0.1912136836486376,0.04005350913214214,0.20026754566071067
P1,F1,71,stored_logits,t1_v2_refit,pooled_iou,0.26339210585679723,0.31184094343557966,0.06447337816636528,0.3223668908318264
P1,F2,13,stored_logits,cal_v2,mean_tile_miou,0.3125123945674646,0.3573137442683385,0.071369707601498,0.35684853800748995
P1,F2,13,stored_logits,cal_v2,mean_tile_dice,0.5110934227360134,0.65517755979186,0.13071642530200586,0.6535821265100292
P1,F2,13,stored_logits,cal_v2,mean_tile_iou,0.6034860412160111,0.7461235754459935,0.14897913331150117,0.7448956665575058
P1,F2,13,stored_logits,cal_v2,pooled_miou,0.26202962267646557,0.3204920710473427,0.06445339799927832,0.3222669899963916
P1,F2,13,stored_logits,cal_v2,pooled_dice,0.3261231227873493,0.4151979892485686,0.08333135577848236,0.41665677889241176
P1,F2,13,stored_logits,cal_v2,pooled_iou,0.4711297007894296,0.5801668000313288,0.11634214158079528,0.5817107079039764
P1,F2,13,stored_logits,cal_uncertainty,mean_tile_miou,0.31020360095693955,0.35625504902371036,0.07150830688153124,0.3575415344076562
P1,F2,13,stored_logits,cal_uncertainty,mean_tile_dice,0.6619236131991338,0.705393491366797,0.14140007413035607,0.7070003706517803
P1,F2,13,stored_logits,cal_uncertainty,mean_tile_iou,0.7303692021539127,0.7852160900696812,0.1572804342907187,0.7864021714535935
P1,F2,13,stored_logits,cal_uncertainty,pooled_miou,0.32464991683711847,0.34735694085027435,0.06880800920479276,0.34404004602396376
P1,F2,13,stored_logits,cal_uncertainty,pooled_dice,0.48589086724219244,0.48463707948400475,0.09540972843412568,0.47704864217062837
P1,F2,13,stored_logits,cal_uncertainty,pooled_iou,0.6219796032025511,0.6460255483979669,0.12772162888016855,0.6386081444008427
P1,F2,13,stored_logits,cal_top_tail_msp,mean_tile_miou,0.30788404651117873,0.35625504902371036,0.07151240666719948,0.35756203333599734
P1,F2,13,stored_logits,cal_top_tail_msp,mean_tile_dice,0.6631922655692065,0.705393491366797,0.14141581718858817,0.7070790859429408
P1,F2,13,stored_logits,cal_top_tail_msp,mean_tile_iou,0.7313660807053791,0.7852160900696812,0.15730293232856432,0.7865146616428216
P1,F2,13,stored_logits,cal_top_tail_msp,pooled_miou,0.3247343600124003,0.34735694085027435,0.06899397408941035,0.34496987044705174
P1,F2,13,stored_logits,cal_top_tail_msp,pooled_dice,0.4866977326975014,0.48463707948400475,0.0958665461505932,0.479332730752966
P1,F2,13,stored_logits,cal_top_tail_msp,pooled_iou,0.621128588265646,0.6460255483979669,0.12811120244273744,0.6405560122136872
P1,F2,13,stored_logits,cal_spatial_inconsistency,mean_tile_miou,0.31263439834041234,0.35833010963719164,0.07162836867007391,0.3581418433503695
P1,F2,13,stored_logits,cal_spatial_inconsistency,mean_tile_dice,0.6802388589915596,0.6998034172246553,0.1399376422245551,0.6996882111227755
P1,F2,13,stored_logits,cal_spatial_inconsistency,mean_tile_iou,0.7439639813181947,0.782591653478044,0.1564115870816617,0.7820579354083085
P1,F2,13,stored_logits,cal_spatial_inconsistency,pooled_miou,0.3283661930421461,0.32804237170286593,0.06582097591801692,0.32910487959008455
P1,F2,13,stored_logits,cal_spatial_inconsistency,pooled_dice,0.5040589654518178,0.44781151529443597,0.08945842653707117,0.44729213268535584
P1,F2,13,stored_logits,cal_spatial_inconsistency,pooled_iou,0.6283152965062719,0.6064545250501213,0.12157095239661309,0.6078547619830654
P1,F2,13,stored_logits,cal_soft_dice_risk_binary,mean_tile_miou,0.341790105610595,0.3957933960037255,0.07900616794145875,0.3950308397072937
P1,F2,13,stored_logits,cal_soft_dice_risk_binary,mean_tile_dice,0.4849243542588159,0.6552802069916316,0.13045973835641586,0.6522986917820792
P1,F2,13,stored_logits,cal_soft_dice_risk_binary,mean_tile_iou,0.5831327750461673,0.7450710460161313,0.14852772114089882,0.742638605704494
P1,F2,13,stored_logits,cal_soft_dice_risk_binary,pooled_miou,0.30606957314530997,0.34151006662630784,0.06823417414853516,0.3411708707426758
P1,F2,13,stored_logits,cal_soft_dice_risk_binary,pooled_dice,0.3607499133900182,0.4364391910293815,0.08723218783644607,0.4361609391822303
P1,F2,13,stored_logits,cal_soft_dice_risk_binary,pooled_iou,0.5084813039344487,0.6006607392653683,0.12006919365809135,0.6003459682904567
P1,F2,13,stored_logits,cal_sdc_exact,mean_tile_miou,0.3407773789703953,0.3915198039181888,0.07826930335954721,0.391346516797736
P1,F2,13,stored_logits,cal_sdc_exact,mean_tile_dice,0.4849243542588159,0.6552802069916316,0.13045973835641586,0.6522986917820792
P1,F2,13,stored_logits,cal_sdc_exact,mean_tile_iou,0.5831327750461673,0.7450710460161313,0.14852772114089882,0.742638605704494
P1,F2,13,stored_logits,cal_sdc_exact,pooled_miou,0.30604640461278126,0.34135303648126997,0.0682086810523806,0.34104340526190297
P1,F2,13,stored_logits,cal_sdc_exact,pooled_dice,0.3607496890814186,0.4364382937949829,0.08723203082042631,0.43616015410213155
P1,F2,13,stored_logits,cal_sdc_exact,pooled_iou,0.5084810476331968,0.6006597140603608,0.12006901424721503,0.6003450712360751
P1,F2,13,stored_logits,t1_uncertainty,mean_tile_miou,0.30785385797748044,0.35625504902371036,0.07153248073775181,0.35766240368875907
P1,F2,13,stored_logits,t1_uncertainty,mean_tile_dice,0.6652931425405861,0.705393491366797,0.14144684432750987,0.7072342216375493
P1,F2,13,stored_logits,t1_uncertainty,mean_tile_iou,0.7332302860396027,0.7852160900696812,0.15734107577760822,0.786705378888041
P1,F2,13,stored_logits,t1_uncertainty,pooled_miou,0.32835196064064465,0.34735694085027435,0.06902917567456303,0.34514587837281513
P1,F2,13,stored_logits,t1_uncertainty,pooled_dice,0.496483613446021,0.48463707948400475,0.09594910030788104,0.47974550153940515
P1,F2,13,stored_logits,t1_uncertainty,pooled_iou,0.6294721791226384,0.6460255483979669,0.12817901884376404,0.6408950942188202
P1,F2,13,stored_logits,t1_top_tail_msp,mean_tile_miou,0.3058406748249458,0.35625504902371036,0.07153248073775181,0.35766240368875907
P1,F2,13,stored_logits,t1_top_tail_msp,mean_tile_dice,0.6639890452161102,0.705393491366797,0.14144684432750987,0.7072342216375493
P1,F2,13,stored_logits,t1_top_tail_msp,mean_tile_iou,0.7319463483347807,0.7852160900696812,0.15734107577760822,0.786705378888041
P1,F2,13,stored_logits,t1_top_tail_msp,pooled_miou,0.3256379829292519,0.34735694085027435,0.06902917567456303,0.34514587837281513
P1,F2,13,stored_logits,t1_top_tail_msp,pooled_dice,0.4889959083910973,0.48463707948400475,0.09594910030788104,0.47974550153940515
P1,F2,13,stored_logits,t1_top_tail_msp,pooled_iou,0.6229529166144722,0.6460255483979669,0.12817901884376404,0.6408950942188202
P1,F2,13,stored_logits,t1_spatial_inconsistency,mean_tile_miou,0.3104290900682335,0.3617830667914719,0.07247646284884707,0.36238231424423534
P1,F2,13,stored_logits,t1_spatial_inconsistency,mean_tile_dice,0.6963143850146579,0.7070205006392584,0.14213316672710619,0.7106658336355309
P1,F2,13,stored_logits,t1_spatial_inconsistency,mean_tile_iou,0.758384186148326,0.7894072225600858,0.15832906770950617,0.7916453385475308
P1,F2,13,stored_logits,t1_spatial_inconsistency,pooled_miou,0.35702345360569154,0.33425113659911876,0.06757247595599859,0.33786237977999295
P1,F2,13,stored_logits,t1_spatial_inconsistency,pooled_dice,0.5771946564697107,0.4595413430846258,0.09371639721299344,0.46858198606496715
P1,F2,13,stored_logits,t1_spatial_inconsistency,pooled_iou,0.6857020750981148,0.6187445887108035,0.12521048811483992,0.6260524405741996
P1,F2,13,stored_logits,t1_soft_dice_risk_binary,mean_tile_miou,0.3371790975270834,0.3939918876058373,0.07870196607597915,0.39350983037989573
P1,F2,13,stored_logits,t1_soft_dice_risk_binary,mean_tile_dice,0.47818075247161224,0.6492687880557473,0.12951015817360245,0.6475507908680123
P1,F2,13,stored_logits,t1_soft_dice_risk_binary,mean_tile_iou,0.5766149226469328,0.7413806812782798,0.14792513081311587,0.7396256540655793
P1,F2,13,stored_logits,t1_soft_dice_risk_binary,pooled_miou,0.3023538273877981,0.3403752616657622,0.06807589577696756,0.34037947888483777
P1,F2,13,stored_logits,t1_soft_dice_risk_binary,pooled_dice,0.3569848301611633,0.43594809478381297,0.08713047129340376,0.4356523564670188
P1,F2,13,stored_logits,t1_soft_dice_risk_binary,pooled_iou,0.5045290087235885,0.600084745109897,0.119960946352026,0.5998047317601299
P1,F2,13,stored_logits,t1_sdc_exact,mean_tile_miou,0.3361663708868837,0.38971829552030074,0.07796510149406763,0.3898255074703381
P1,F2,13,stored_logits,t1_sdc_exact,mean_tile_dice,0.47818075247161224,0.6492687880557473,0.12951015817360245,0.6475507908680123
P1,F2,13,stored_logits,t1_sdc_exact,mean_tile_iou,0.5766149226469328,0.7413806812782798,0.14792513081311587,0.7396256540655793
P1,F2,13,stored_logits,t1_sdc_exact,pooled_miou,0.3023306588552694,0.3402182315207243,0.06805040268081297,0.34025201340406486
P1,F2,13,stored_logits,t1_sdc_exact,pooled_dice,0.35698460585256364,0.43594719754941424,0.08713031427738399,0.43565157138691996
P1,F2,13,stored_logits,t1_sdc_exact,pooled_iou,0.5045287524223366,0.6000837199048893,0.11996076694114965,0.5998038347057483
P1,F2,13,stored_logits,t1_v2_frozen_mapping,mean_tile_miou,0.3218422003213414,0.37527634684032024,0.07493878325424597,0.37469391627122983
P1,F2,13,stored_logits,t1_v2_frozen_mapping,mean_tile_dice,0.5199149519101732,0.6379218350679662,0.1277340341972598,0.6386701709862989
P1,F2,13,stored_logits,t1_v2_frozen_mapping,mean_tile_iou,0.6119707587277472,0.7330496072645764,0.146668178850817,0.733340894254085
P1,F2,13,stored_logits,t1_v2_frozen_mapping,pooled_miou,0.2562668800749975,0.317950264622655,0.06277251891743696,0.3138625945871848
P1,F2,13,stored_logits,t1_v2_frozen_mapping,pooled_dice,0.3237279811575427,0.40492776692211213,0.07993148595884915,0.39965742979424573
P1,F2,13,stored_logits,t1_v2_frozen_mapping,pooled_iou,0.4685348840236217,0.5692104341089451,0.11297452924898799,0.5648726462449399
P1,F2,13,stored_logits,t1_v2_new_ecdf_fixed_weights,mean_tile_miou,0.31117319771089447,0.3570686736601492,0.07126061371723186,0.3563030685861593
P1,F2,13,stored_logits,t1_v2_new_ecdf_fixed_weights,mean_tile_dice,0.5115422249961874,0.6557537464929319,0.1311627251349042,0.655813625674521
P1,F2,13,stored_logits,t1_v2_new_ecdf_fixed_weights,mean_tile_iou,0.6041926401138182,0.7464175117929145,0.14928332306003925,0.7464166153001962
P1,F2,13,stored_logits,t1_v2_new_ecdf_fixed_weights,pooled_miou,0.25720010837532625,0.3190318354813234,0.06371745942378892,0.3185872971189446
P1,F2,13,stored_logits,t1_v2_new_ecdf_fixed_weights,pooled_dice,0.3225429928739311,0.4131276600638329,0.08248792042445602,0.4124396021222801
P1,F2,13,stored_logits,t1_v2_new_ecdf_fixed_weights,pooled_iou,0.46730542416240856,0.5784456879025855,0.11561485214066551,0.5780742607033276
P1,F2,13,stored_logits,t1_v2_refit,mean_tile_miou,0.3129333856104318,0.3570686736601493,0.07197366604203564,0.3598683302101782
P1,F2,13,stored_logits,t1_v2_refit,mean_tile_dice,0.5018469314634079,0.6557537464929318,0.13000584068963839,0.6500292034481919
P1,F2,13,stored_logits,t1_v2_refit,mean_tile_iou,0.5959826910635986,0.7464175117929145,0.14842012910951044,0.7421006455475522
P1,F2,13,stored_logits,t1_v2_refit,pooled_miou,0.25920433429539885,0.3190318354813234,0.06422570784023313,0.32112853920116563
P1,F2,13,stored_logits,t1_v2_refit,pooled_dice,0.3208571619091575,0.4131276600638329,0.08306275921714518,0.4153137960857259
P1,F2,13,stored_logits,t1_v2_refit,pooled_iou,0.4660134871781141,0.5784456879025855,0.1161833889531381,0.5809169447656904
P1,F2,37,stored_logits,cal_v2,mean_tile_miou,0.3103361851095103,0.34838610056662395,0.06969898515890144,0.3484949257945072
P1,F2,37,stored_logits,cal_v2,mean_tile_dice,0.5340493604370024,0.6632218797558768,0.13224676521907672,0.6612338260953835
P1,F2,37,stored_logits,cal_v2,mean_tile_iou,0.6270395278203416,0.753647320196927,0.1503805951725557,0.7519029758627784
P1,F2,37,stored_logits,cal_v2,pooled_miou,0.27402049382550175,0.31894984620820893,0.0626075522849632,0.313037761424816
P1,F2,37,stored_logits,cal_v2,pooled_dice,0.3556345462613967,0.4169876807374429,0.08157960362518857,0.40789801812594284
P1,F2,37,stored_logits,cal_v2,pooled_iou,0.5034947574888861,0.5822961263841537,0.11478509564552591,0.5739254782276295
P1,F2,37,stored_logits,cal_uncertainty,mean_tile_miou,0.30671465655202884,0.3513438393422927,0.07085257896469602,0.35426289482348006
P1,F2,37,stored_logits,cal_uncertainty,mean_tile_dice,0.6714894438332344,0.6968526882609254,0.1409705849404489,0.7048529247022445
P1,F2,37,stored_logits,cal_uncertainty,mean_tile_iou,0.7384163388317007,0.7804544132426127,0.15729987180183447,0.7864993590091723
P1,F2,37,stored_logits,cal_uncertainty,pooled_miou,0.33014721710274825,0.3445739904823335,0.06979312395273968,0.3489656197636984
P1,F2,37,stored_logits,cal_uncertainty,pooled_dice,0.5054396802972196,0.4833862026599343,0.09879533243265386,0.49397666216326924
P1,F2,37,stored_logits,cal_uncertainty,pooled_iou,0.6389188813915149,0.6479895953866878,0.13138690904352507,0.6569345452176253
P1,F2,37,stored_logits,cal_top_tail_msp,mean_tile_miou,0.30633894624880587,0.3513438393422927,0.07100956889996211,0.3550478444998105
P1,F2,37,stored_logits,cal_top_tail_msp,mean_tile_dice,0.6706155911885857,0.6968526882609254,0.14124772721214046,0.7062386360607023
P1,F2,37,stored_logits,cal_top_tail_msp,mean_tile_iou,0.7378466330343587,0.7804544132426127,0.15754433492459352,0.7877216746229676
P1,F2,37,stored_logits,cal_top_tail_msp,pooled_miou,0.33326858066049175,0.3445739904823335,0.07048282347072816,0.3524141173536408
P1,F2,37,stored_logits,cal_top_tail_msp,pooled_dice,0.5124335045762902,0.4833862026599343,0.10039325211951655,0.5019662605975828
P1,F2,37,stored_logits,cal_top_tail_msp,pooled_iou,0.6444870385642368,0.6479895953866878,0.13273355560719416,0.6636677780359708
P1,F2,37,stored_logits,cal_spatial_inconsistency,mean_tile_miou,0.3107991986006202,0.35177005507333425,0.07095822567691266,0.3547911283845633
P1,F2,37,stored_logits,cal_spatial_inconsistency,mean_tile_dice,0.6899049813285373,0.7008663964190714,0.14114311421103465,0.7057155710551732
P1,F2,37,stored_logits,cal_spatial_inconsistency,mean_tile_iou,0.7520022749846212,0.7833274086150195,0.15734346092567722,0.7867173046283861
P1,F2,37,stored_logits,cal_spatial_inconsistency,pooled_miou,0.3531741514244984,0.35106873818455514,0.06928668508371517,0.34643342541857586
P1,F2,37,stored_logits,cal_spatial_inconsistency,pooled_dice,0.564821340427519,0.5021606334965409,0.0990937196132392,0.49546859806619603
P1,F2,37,stored_logits,cal_spatial_inconsistency,pooled_iou,0.6796094765685835,0.6611812614694325,0.13025896712477236,0.6512948356238618
P1,F2,37,stored_logits,cal_soft_dice_risk_binary,mean_tile_miou,0.344863302336625,0.3905890799470592,0.07802796334820844,0.3901398167410422
P1,F2,37,stored_logits,cal_soft_dice_risk_binary,mean_tile_dice,0.4922478428346586,0.6522612962806899,0.13026111080259206,0.6513055540129603
P1,F2,37,stored_logits,cal_soft_dice_risk_binary,mean_tile_iou,0.5893060803159069,0.7435700805921526,0.14844312240831964,0.7422156120415981
P1,F2,37,stored_logits,cal_soft_dice_risk_binary,pooled_miou,0.3090743510542556,0.34063966706781185,0.06806785445613064,0.3403392722806532
P1,F2,37,stored_logits,cal_soft_dice_risk_binary,pooled_dice,0.3659341751708513,0.4401532778639807,0.08781655684166792,0.43908278420833957
P1,F2,37,stored_logits,cal_soft_dice_risk_binary,pooled_iou,0.5126273490061238,0.602092094543389,0.12022546889193539,0.6011273444596769
P1,F2,37,stored_logits,cal_sdc_exact,mean_tile_miou,0.3446873116592728,0.390615662411636,0.07803254677036352,0.39016273385181754
P1,F2,37,stored_logits,cal_sdc_exact,mean_tile_dice,0.4922478428346586,0.6522612962806899,0.13026111080259206,0.6513055540129603
P1,F2,37,stored_logits,cal_sdc_exact,mean_tile_iou,0.5893060803159069,0.7435700805921526,0.14844312240831964,0.7422156120415981
P1,F2,37,stored_logits,cal_sdc_exact,pooled_miou,0.3090843957920339,0.34075853057014066,0.06807740413048832,0.3403870206524416
P1,F2,37,stored_logits,cal_sdc_exact,pooled_dice,0.3660085383500066,0.44052532137065015,0.08788166445533507,0.43940832227667537
P1,F2,37,stored_logits,cal_sdc_exact,pooled_iou,0.5127172828136519,0.6025420386109772,0.12030420910376331,0.6015210455188166
P1,F2,37,stored_logits,t1_uncertainty,mean_tile_miou,0.3066006368563113,0.3513438393422926,0.0710095688999621,0.35504784449981047
P1,F2,37,stored_logits,t1_uncertainty,mean_tile_dice,0.6719923939823668,0.6968526882609254,0.14124772721214046,0.7062386360607023
P1,F2,37,stored_logits,t1_uncertainty,mean_tile_iou,0.7388810503261705,0.7804544132426127,0.15754433492459352,0.7877216746229676
P1,F2,37,stored_logits,t1_uncertainty,pooled_miou,0.33478452778526774,0.3445739904823335,0.07048282347072816,0.3524141173536408
P1,F2,37,stored_logits,t1_uncertainty,pooled_dice,0.5169950152848837,0.4833862026599343,0.10039325211951655,0.5019662605975828
P1,F2,37,stored_logits,t1_uncertainty,pooled_iou,0.6481675550086065,0.6479895953866878,0.13273355560719416,0.6636677780359708
P1,F2,37,stored_logits,t1_top_tail_msp,mean_tile_miou,0.303753404643556,0.3513438393422927,0.0711612193193047,0.3558060965965235
P1,F2,37,stored_logits,t1_top_tail_msp,mean_tile_dice,0.673676315457687,0.6968526882609254,0.14161205452993572,0.7080602726496785
P1,F2,37,stored_logits,t1_top_tail_msp,mean_tile_iou,0.7405125361256095,0.7804544132426127,0.15785018562164504,0.7892509281082252
P1,F2,37,stored_logits,t1_top_tail_msp,pooled_miou,0.34124344894572917,0.3445739904823335,0.0708769418599401,0.3543847092997005
P1,F2,37,stored_logits,t1_top_tail_msp,pooled_dice,0.5349316263179446,0.4833862026599343,0.1012871338545448,0.506435669272724
P1,F2,37,stored_logits,t1_top_tail_msp,pooled_iou,0.6604130573745118,0.6479895953866878,0.13352492423220905,0.6676246211610452
P1,F2,37,stored_logits,t1_spatial_inconsistency,mean_tile_miou,0.3056710286800482,0.3607910233358235,0.0716585313251865,0.35829265662593246
P1,F2,37,stored_logits,t1_spatial_inconsistency,mean_tile_dice,0.6996047361129719,0.7173904221589261,0.14274323378544262,0.7137161689272131
P1,F2,37,stored_logits,t1_spatial_inconsistency,mean_tile_iou,0.7600029760759626,0.7959876785363763,0.15858936338415497,0.7929468169207748
P1,F2,37,stored_logits,t1_spatial_inconsistency,pooled_miou,0.36071609788537023,0.33918880110306776,0.06893600756478727,0.3446800378239363
P1,F2,37,stored_logits,t1_spatial_inconsistency,pooled_dice,0.6041911105577287,0.4850357024627696,0.0988065277826322,0.49403263891316096
P1,F2,37,stored_logits,t1_spatial_inconsistency,pooled_iou,0.7051912077291074,0.6379492847119493,0.12968001123622294,0.6484000561811146
P1,F2,37,stored_logits,t1_soft_dice_risk_binary,mean_tile_miou,0.3396579940580764,0.38694276977184794,0.07746071245150693,0.38730356225753465
P1,F2,37,stored_logits,t1_soft_dice_risk_binary,mean_tile_dice,0.482500408922482,0.6454875934004316,0.12911342431634482,0.645567121581724
P1,F2,37,stored_logits,t1_soft_dice_risk_binary,mean_tile_iou,0.5805655218312746,0.7377234940788063,0.14754171659963508,0.7377085829981753
P1,F2,37,stored_logits,t1_soft_dice_risk_binary,pooled_miou,0.30663604507578307,0.3378801487301561,0.0676319390860261,0.3381596954301305
P1,F2,37,stored_logits,t1_soft_dice_risk_binary,pooled_dice,0.3627347099335462,0.43581507534954467,0.08710761221669153,0.4355380610834576
P1,F2,37,stored_logits,t1_soft_dice_risk_binary,pooled_iou,0.5092878201160138,0.5980765700243993,0.1195704045427947,0.5978520227139735
P1,F2,37,stored_logits,t1_sdc_exact,mean_tile_miou,0.33948200338072415,0.38696935223642476,0.07746529587366202,0.3873264793683101
P1,F2,37,stored_logits,t1_sdc_exact,mean_tile_dice,0.482500408922482,0.6454875934004316,0.12911342431634482,0.645567121581724
P1,F2,37,stored_logits,t1_sdc_exact,mean_tile_iou,0.5805655218312746,0.7377234940788063,0.14754171659963508,0.7377085829981753
P1,F2,37,stored_logits,t1_sdc_exact,pooled_miou,0.30664608981356145,0.3379990122324849,0.06764148876038378,0.3382074438019189
P1,F2,37,stored_logits,t1_sdc_exact,pooled_dice,0.36280907311270144,0.43618711885621414,0.08717271983035868,0.4358635991517934
P1,F2,37,stored_logits,t1_sdc_exact,pooled_iou,0.5093777539235419,0.5985265140919875,0.11964914475462264,0.5982457237731131
P1,F2,37,stored_logits,t1_v2_frozen_mapping,mean_tile_miou,0.32601195315322284,0.3608600935462891,0.07300721282421627,0.3650360641210813
P1,F2,37,stored_logits,t1_v2_frozen_mapping,mean_tile_dice,0.5537690761063704,0.6594467781559481,0.13255034777367675,0.6627517388683837
P1,F2,37,stored_logits,t1_v2_frozen_mapping,mean_tile_iou,0.6431043098957553,0.7499249206689772,0.15060626332403518,0.7530313166201759
P1,F2,37,stored_logits,t1_v2_frozen_mapping,pooled_miou,0.2760712019570831,0.29758272607896724,0.06084204714073645,0.3042102357036822
P1,F2,37,stored_logits,t1_v2_frozen_mapping,pooled_dice,0.37285830097987177,0.38379395945991596,0.07920244007749914,0.3960122003874957
P1,F2,37,stored_logits,t1_v2_frozen_mapping,pooled_iou,0.521609437481909,0.5524742644241051,0.11281343486479027,0.5640671743239514
P1,F2,37,stored_logits,t1_v2_new_ecdf_fixed_weights,mean_tile_miou,0.31167660609626907,0.3439272206723348,0.06972040113258744,0.3486020056629372
P1,F2,37,stored_logits,t1_v2_new_ecdf_fixed_weights,mean_tile_dice,0.5360807407433509,0.663292292586493,0.13263857880133068,0.6631928940066534
P1,F2,37,stored_logits,t1_v2_new_ecdf_fixed_weights,mean_tile_iou,0.6281085401180494,0.7531063935514722,0.1506167246988924,0.7530836234944619
P1,F2,37,stored_logits,t1_v2_new_ecdf_fixed_weights,pooled_miou,0.27095684672828013,0.3023562012423505,0.06185727077752684,0.3092863538876342
P1,F2,37,stored_logits,t1_v2_new_ecdf_fixed_weights,pooled_dice,0.3529385545181806,0.39179667929656103,0.08047853597883817,0.4023926798941908
P1,F2,37,stored_logits,t1_v2_new_ecdf_fixed_weights,pooled_iou,0.5005512319001599,0.5603295439744733,0.11389827612044325,0.5694913806022162
P1,F2,37,stored_logits,t1_v2_refit,mean_tile_miou,0.3111480362882762,0.3442736557023662,0.06967572108329165,0.3483786054164582
P1,F2,37,stored_logits,t1_v2_refit,mean_tile_dice,0.5300528593858406,0.6635875946577644,0.1321047987882973,0.6605239939414865
P1,F2,37,stored_logits,t1_v2_refit,mean_tile_iou,0.6234493128509674,0.7532796997492156,0.1502010960785104,0.751005480392552
P1,F2,37,stored_logits,t1_v2_refit,pooled_miou,0.27282590997591194,0.30426332586523613,0.06204883980532122,0.3102441990266061
P1,F2,37,stored_logits,t1_v2_refit,pooled_dice,0.35160370519598455,0.3949239023708846,0.0807218194436483,0.40360909721824145
P1,F2,37,stored_logits,t1_v2_refit,pooled_iou,0.5000090657772273,0.5636344958306367,0.11413468825471113,0.5706734412735556
P1,F2,71,stored_logits,cal_v2,mean_tile_miou,0.3110987042055188,0.3437925014772684,0.06897807860193217,0.34489039300966085
P1,F2,71,stored_logits,cal_v2,mean_tile_dice,0.5169507680548449,0.6492243383951091,0.12948824705808776,0.6474412352904387
P1,F2,71,stored_logits,cal_v2,mean_tile_iou,0.6118798464371442,0.7421664671151191,0.14813440534332442,0.740672026716622
P1,F2,71,stored_logits,cal_v2,pooled_miou,0.2613320710479413,0.3140149958603723,0.06307881525437589,0.31539407627187943
P1,F2,71,stored_logits,cal_v2,pooled_dice,0.32856353204478295,0.4116327554768149,0.08260085153595213,0.4130042576797606
P1,F2,71,stored_logits,cal_v2,pooled_iou,0.4738299474268822,0.5763587528755879,0.11553540298719034,0.5776770149359517
P1,F2,71,stored_logits,cal_uncertainty,mean_tile_miou,0.28980904694411175,0.3420960125774963,0.06846425477583906,0.3423212738791953
P1,F2,71,stored_logits,cal_uncertainty,mean_tile_dice,0.6719099406730054,0.7155852052651294,0.1426896116611498,0.713448058305749
P1,F2,71,stored_logits,cal_uncertainty,mean_tile_iou,0.7383141134701457,0.7942971086465903,0.1586630728636067,0.7933153643180335
P1,F2,71,stored_logits,cal_uncertainty,pooled_miou,0.32988543646644397,0.36456620816830076,0.0726187415273118,0.363093707636559
P1,F2,71,stored_logits,cal_uncertainty,pooled_dice,0.5081836901550532,0.5469365848207296,0.1080841905984929,0.5404209529924645
P1,F2,71,stored_logits,cal_uncertainty,pooled_iou,0.6412882210925477,0.6948773121926924,0.13820404130671413,0.6910202065335705
P1,F2,71,stored_logits,cal_top_tail_msp,mean_tile_miou,0.2888315067243208,0.34209601257749633,0.06841737102161469,0.3420868551080734
P1,F2,71,stored_logits,cal_top_tail_msp,mean_tile_dice,0.6759320194740601,0.7155852052651294,0.14262087826735598,0.7131043913367798
P1,F2,71,stored_logits,cal_top_tail_msp,mean_tile_iou,0.741506755206499,0.7942971086465903,0.15857274163722182,0.7928637081861091
P1,F2,71,stored_logits,cal_top_tail_msp,pooled_miou,0.33868542703630816,0.36456620816830076,0.07253303382711063,0.36266516913555313
P1,F2,71,stored_logits,cal_top_tail_msp,pooled_dice,0.5326282036000294,0.5469365848207296,0.1078561110429936,0.539280555214968
P1,F2,71,stored_logits,cal_top_tail_msp,pooled_iou,0.6590679062257632,0.6948773121926924,0.13803711362125137,0.6901855681062569
P1,F2,71,stored_logits,cal_spatial_inconsistency,mean_tile_miou,0.29075509068207245,0.3434021053917713,0.06865633143850901,0.343281657192545
P1,F2,71,stored_logits,cal_spatial_inconsistency,mean_tile_dice,0.6907395224107461,0.7056117070448295,0.1418195679697532,0.709097839848766
P1,F2,71,stored_logits,cal_spatial_inconsistency,mean_tile_iou,0.7527782931416815,0.7866291819414721,0.15782065995149228,0.7891032997574613
P1,F2,71,stored_logits,cal_spatial_inconsistency,pooled_miou,0.359801291158847,0.33961662439652546,0.06941603448330647,0.34708017241653233
P1,F2,71,stored_logits,cal_spatial_inconsistency,pooled_dice,0.6018755718854399,0.4860133821096448,0.10017835405770194,0.5008917702885096
P1,F2,71,stored_logits,cal_spatial_inconsistency,pooled_iou,0.7050781968400264,0.6418161794694864,0.13128697093306993,0.6564348546653496
P1,F2,71,stored_logits,cal_soft_dice_risk_binary,mean_tile_miou,0.33562910201066554,0.3786261783948121,0.07565746439900219,0.3782873219950109
P1,F2,71,stored_logits,cal_soft_dice_risk_binary,mean_tile_dice,0.4843405990800537,0.6421577305165774,0.12815686802712078,0.6407843401356039
P1,F2,71,stored_logits,cal_soft_dice_risk_binary,mean_tile_iou,0.5838640209508844,0.7366452592290204,0.14708221084427922,0.7354110542213961
P1,F2,71,stored_logits,cal_soft_dice_risk_binary,pooled_miou,0.29983265610584847,0.3333345998242075,0.06664826568194981,0.33324132840974907
P1,F2,71,stored_logits,cal_soft_dice_risk_binary,pooled_dice,0.3559878901476507,0.43038306796076736,0.08593663481883779,0.42968317409418894
P1,F2,71,stored_logits,cal_soft_dice_risk_binary,pooled_iou,0.5048929083560192,0.5954363099129866,0.11896156176517485,0.5948078088258743
P1,F2,71,stored_logits,cal_sdc_exact,mean_tile_miou,0.3356997389913346,0.378652760859389,0.07578536165016787,0.37892680825083935
P1,F2,71,stored_logits,cal_sdc_exact,mean_tile_dice,0.4843405990800537,0.6421577305165774,0.12815686802712078,0.6407843401356039
P1,F2,71,stored_logits,cal_sdc_exact,mean_tile_iou,0.5838640209508844,0.7366452592290204,0.14708221084427922,0.7354110542213961
P1,F2,71,stored_logits,cal_sdc_exact,pooled_miou,0.29980441841587363,0.3334273341688349,0.06664463945631573,0.3332231972815786
P1,F2,71,stored_logits,cal_sdc_exact,pooled_dice,0.35607915442562954,0.4307481244959665,0.0860096685306117,0.4300483426530585
P1,F2,71,stored_logits,cal_sdc_exact,pooled_iou,0.5049978731780133,0.5958561681949789,0.11904555921113476,0.5952277960556738
P1,F2,71,stored_logits,t1_uncertainty,mean_tile_miou,0.2874333827415443,0.3420960125774963,0.06841737102161469,0.3420868551080734
P1,F2,71,stored_logits,t1_uncertainty,mean_tile_dice,0.6776843319510993,0.7155852052651294,0.14262087826735598,0.7131043913367798
P1,F2,71,stored_logits,t1_uncertainty,mean_tile_iou,0.743097079265544,0.7942971086465903,0.15857274163722182,0.7928637081861091
P1,F2,71,stored_logits,t1_uncertainty,pooled_miou,0.34397305579603443,0.36456620816830076,0.07253303382711063,0.36266516913555313
P1,F2,71,stored_logits,t1_uncertainty,pooled_dice,0.5476601963767364,0.5469365848207296,0.1078561110429936,0.539280555214968
P1,F2,71,stored_logits,t1_uncertainty,pooled_iou,0.6695780546167637,0.6948773121926924,0.13803711362125137,0.6901855681062569
P1,F2,71,stored_logits,t1_top_tail_msp,mean_tile_miou,0.2820282326526657,0.34209601257749633,0.06847685415836896,0.3423842707918448
P1,F2,71,stored_logits,t1_top_tail_msp,mean_tile_dice,0.6772472607850656,0.7155852052651294,0.14274995739027863,0.7137497869513931
P1,F2,71,stored_logits,t1_top_tail_msp,mean_tile_iou,0.7426089854881808,0.7942971086465903,0.15868350675222465,0.7934175337611232
P1,F2,71,stored_logits,t1_top_tail_msp,pooled_miou,0.3462415786135659,0.36456620816830076,0.0728013279190498,0.3640066395952489
P1,F2,71,stored_logits,t1_top_tail_msp,pooled_dice,0.5554682752344049,0.5469365848207296,0.10856828987060078,0.5428414493530039
P1,F2,71,stored_logits,t1_top_tail_msp,pooled_iou,0.6741522432846694,0.6948773121926924,0.13856481789627512,0.6928240894813755
P1,F2,71,stored_logits,t1_spatial_inconsistency,mean_tile_miou,0.28811821449073777,0.35144386579995635,0.06953009644893869,0.3476504822446934
P1,F2,71,stored_logits,t1_spatial_inconsistency,mean_tile_dice,0.7001029711249507,0.7257158202690324,0.14386742843446138,0.7193371421723068
P1,F2,71,stored_logits,t1_spatial_inconsistency,mean_tile_iou,0.760170478859132,0.8033395899097894,0.1596430896259634,0.798215448129817
P1,F2,71,stored_logits,t1_spatial_inconsistency,pooled_miou,0.373866615975864,0.351703348409896,0.07131133995382681,0.356556699769134
P1,F2,71,stored_logits,t1_spatial_inconsistency,pooled_dice,0.6413983546783544,0.5178159413404085,0.10499899080613392,0.5249949540306695
P1,F2,71,stored_logits,t1_spatial_inconsistency,pooled_iou,0.7326062269046706,0.6667184589843961,0.135121432903752,0.67560716451876
P1,F2,71,stored_logits,t1_soft_dice_risk_binary,mean_tile_miou,0.3303408648904076,0.37708537081462673,0.07529197184591849,0.3764598592295924
P1,F2,71,stored_logits,t1_soft_dice_risk_binary,mean_tile_dice,0.4751094435789205,0.6388646304133171,0.12729792249575975,0.6364896124787986
P1,F2,71,stored_logits,t1_soft_dice_risk_binary,mean_tile_iou,0.5754105097331546,0.7336214724346619,0.14633556781162696,0.7316778390581348
P1,F2,71,stored_logits,t1_soft_dice_risk_binary,pooled_miou,0.2966714620983012,0.3331151312384437,0.06661016415023734,0.33305082075118664
P1,F2,71,stored_logits,t1_soft_dice_risk_binary,pooled_dice,0.35257457359195943,0.43000239376141564,0.0859301664622085,0.42965083231104245
P1,F2,71,stored_logits,t1_soft_dice_risk_binary,pooled_iou,0.5010787458257584,0.5950580036630907,0.118945850549849,0.594729252749245
P1,F2,71,stored_logits,t1_sdc_exact,mean_tile_miou,0.33041150187107665,0.3771119532792036,0.07541986909708417,0.37709934548542084
P1,F2,71,stored_logits,t1_sdc_exact,mean_tile_dice,0.4751094435789205,0.6388646304133171,0.12729792249575975,0.6364896124787986
P1,F2,71,stored_logits,t1_sdc_exact,mean_tile_iou,0.5754105097331546,0.7336214724346619,0.14633556781162696,0.7316778390581348
P1,F2,71,stored_logits,t1_sdc_exact,pooled_miou,0.29664322440832624,0.3332078655830711,0.06660653792460325,0.33303268962301624
P1,F2,71,stored_logits,t1_sdc_exact,pooled_dice,0.3526658378699382,0.4303674502966148,0.08600320017398243,0.4300160008699121
P1,F2,71,stored_logits,t1_sdc_exact,pooled_iou,0.5011837106477525,0.5954778619450831,0.11902984799580893,0.5951492399790446
P1,F2,71,stored_logits,t1_v2_frozen_mapping,mean_tile_miou,0.3224508073230129,0.36095174094256643,0.0723642782747593,0.3618213913737965
P1,F2,71,stored_logits,t1_v2_frozen_mapping,mean_tile_dice,0.5342240682187972,0.6288748378979059,0.12596139474812473,0.6298069737406237
P1,F2,71,stored_logits,t1_v2_frozen_mapping,mean_tile_iou,0.6283419893526238,0.7262893221721803,0.14533393143657897,0.7266696571828948
P1,F2,71,stored_logits,t1_v2_frozen_mapping,pooled_miou,0.27799144536578335,0.31149592499096107,0.062345154805354096,0.3117257740267705
P1,F2,71,stored_logits,t1_v2_frozen_mapping,pooled_dice,0.3706006783293798,0.39918475005460613,0.07989860254640417,0.3994930127320208
P1,F2,71,stored_logits,t1_v2_frozen_mapping,pooled_iou,0.5199626053196883,0.5637881797249648,0.11277453768324446,0.5638726884162223
P1,F2,71,stored_logits,t1_v2_new_ecdf_fixed_weights,mean_tile_miou,0.3066660538173449,0.34329467837353334,0.0691605256773124,0.345802628386562
P1,F2,71,stored_logits,t1_v2_new_ecdf_fixed_weights,mean_tile_dice,0.5127688179598229,0.6466358420401808,0.1293230708623815,0.6466153543119075
P1,F2,71,stored_logits,t1_v2_new_ecdf_fixed_weights,mean_tile_iou,0.6074185772399953,0.7400057617505192,0.14797261745474155,0.7398630872737078
P1,F2,71,stored_logits,t1_v2_new_ecdf_fixed_weights,pooled_miou,0.25762440792434116,0.3142247800132814,0.06297309645539724,0.3148654822769862
P1,F2,71,stored_logits,t1_v2_new_ecdf_fixed_weights,pooled_dice,0.32561595377377517,0.41111194132025836,0.0824337848145143,0.4121689240725715
P1,F2,71,stored_logits,t1_v2_new_ecdf_fixed_weights,pooled_iou,0.472467014526575,0.5757835935882194,0.11541348244261332,0.5770674122130666
P1,F2,71,stored_logits,t1_v2_refit,mean_tile_miou,0.3068850348506629,0.34843562739710926,0.07005163571668124,0.3502581785834062
P1,F2,71,stored_logits,t1_v2_refit,mean_tile_dice,0.49817490221309935,0.6431217389799359,0.12821887606720458,0.6410943803360228
P1,F2,71,stored_logits,t1_v2_refit,mean_tile_iou,0.5951505461050064,0.7375536398581722,0.14718638724229138,0.7359319362114569
P1,F2,71,stored_logits,t1_v2_refit,pooled_miou,0.2589282340380452,0.3244427021290909,0.06472599033410896,0.32362995167054476
P1,F2,71,stored_logits,t1_v2_refit,pooled_dice,0.3230607845822313,0.4258201969478077,0.08485817394104543,0.4242908697052271
P1,F2,71,stored_logits,t1_v2_refit,pooled_iou,0.4683274399570614,0.5918875902763202,0.11805525796723226,0.5902762898361613
P1,F3,13,stored_logits,cal_v2,mean_tile_miou,0.3338600023240188,0.41692683030210154,0.08323884892010482,0.41619424460052407
P1,F3,13,stored_logits,cal_v2,mean_tile_dice,0.4600309933473343,0.6271082214368762,0.12540693995449015,0.6270346997724507
P1,F3,13,stored_logits,cal_v2,mean_tile_iou,0.5472962611704185,0.7174693566837483,0.1434304392920572,0.7171521964602859
P1,F3,13,stored_logits,cal_v2,pooled_miou,0.29822578741513295,0.36490448300193856,0.07280134910248329,0.3640067455124164
P1,F3,13,stored_logits,cal_v2,pooled_dice,0.3571642746538202,0.46660322730823844,0.09325747626597364,0.4662873813298682
P1,F3,13,stored_logits,cal_v2,pooled_iou,0.4815394662331948,0.618717715232544,0.12367310697756798,0.6183655348878399
P1,F3,13,stored_logits,cal_uncertainty,mean_tile_miou,0.40404157022584086,0.44440148813569924,0.08853438276872377,0.44267191384361887
P1,F3,13,stored_logits,cal_uncertainty,mean_tile_dice,0.6911075854690102,0.7243382003215856,0.14388807940759507,0.7194403970379754
P1,F3,13,stored_logits,cal_uncertainty,mean_tile_iou,0.7499020070069451,0.8014677000736853,0.15937634864704533,0.7968817432352266
P1,F3,13,stored_logits,cal_uncertainty,pooled_miou,0.40100715109981655,0.4376948142887144,0.08596605914255903,0.42983029571279513
P1,F3,13,stored_logits,cal_uncertainty,pooled_dice,0.6475811098437347,0.6588584614795704,0.12785680798116916,0.6392840399058458
P1,F3,13,stored_logits,cal_uncertainty,pooled_iou,0.7428322415498902,0.788502823175744,0.15432360932424183,0.7716180466212091
P1,F3,13,stored_logits,cal_top_tail_msp,mean_tile_miou,0.4101041655803551,0.4432347944904341,0.08844062548244573,0.4422031274122286
P1,F3,13,stored_logits,cal_top_tail_msp,mean_tile_dice,0.6994923797605613,0.7230858997937248,0.14392239774226684,0.7196119887113341
P1,F3,13,stored_logits,cal_top_tail_msp,mean_tile_iou,0.7559608642710862,0.7996367136026148,0.15934887412090726,0.7967443706045363
P1,F3,13,stored_logits,cal_top_tail_msp,pooled_miou,0.40928802780031953,0.435687413814016,0.08590056429011106,0.4295028214505553
P1,F3,13,stored_logits,cal_top_tail_msp,pooled_dice,0.6629139679505384,0.6532682714991812,0.1277366219749309,0.6386831098746545
P1,F3,13,stored_logits,cal_top_tail_msp,pooled_iou,0.7520304351350694,0.7849542418038196,0.15424813261613424,0.7712406630806712
P1,F3,13,stored_logits,cal_spatial_inconsistency,mean_tile_miou,0.4235765649427304,0.4427740210100623,0.08840631062920204,0.44203155314601017
P1,F3,13,stored_logits,cal_spatial_inconsistency,mean_tile_dice,0.7158462765539624,0.7194666826315854,0.14316118586470378,0.7158059293235188
P1,F3,13,stored_logits,cal_spatial_inconsistency,mean_tile_iou,0.7660555073742703,0.7891922005464331,0.15730073820586185,0.7865036910293092
P1,F3,13,stored_logits,cal_spatial_inconsistency,pooled_miou,0.3985664463789198,0.39330592905926903,0.0786420022596625,0.3932100112983125
P1,F3,13,stored_logits,cal_spatial_inconsistency,pooled_dice,0.6273792137517908,0.5547846994188974,0.11032717482490911,0.5516358741245455
P1,F3,13,stored_logits,cal_spatial_inconsistency,pooled_iou,0.7138813367088761,0.6903096734763868,0.13775348232598006,0.6887674116299003
P1,F3,13,stored_logits,cal_soft_dice_risk_binary,mean_tile_miou,0.3453940656801722,0.416330636670845,0.08324192805435077,0.41620964027175383
P1,F3,13,stored_logits,cal_soft_dice_risk_binary,mean_tile_dice,0.4782229502933827,0.6243696567354085,0.12499883665561469,0.6249941832780734
P1,F3,13,stored_logits,cal_soft_dice_risk_binary,mean_tile_iou,0.5612423306482858,0.7153089084969396,0.14313672063064461,0.715683603153223
P1,F3,13,stored_logits,cal_soft_dice_risk_binary,pooled_miou,0.31412434939511785,0.36566694021782997,0.07322641314646772,0.3661320657323386
P1,F3,13,stored_logits,cal_soft_dice_risk_binary,pooled_dice,0.377139651168175,0.46724020330011595,0.09364272493332858,0.46821362466664285
P1,F3,13,stored_logits,cal_soft_dice_risk_binary,pooled_iou,0.5020997317079613,0.6191241726971727,0.12401362175962259,0.6200681087981129
P1,F3,13,stored_logits,cal_sdc_exact,mean_tile_miou,0.3453940656801722,0.416330636670845,0.08324192805435077,0.41620964027175383
P1,F3,13,stored_logits,cal_sdc_exact,mean_tile_dice,0.4782229502933827,0.6243696567354085,0.12499883665561469,0.6249941832780734
P1,F3,13,stored_logits,cal_sdc_exact,mean_tile_iou,0.5612423306482858,0.7153089084969396,0.14313672063064461,0.715683603153223
P1,F3,13,stored_logits,cal_sdc_exact,pooled_miou,0.31412434939511785,0.36566694021782997,0.07322641314646772,0.3661320657323386
P1,F3,13,stored_logits,cal_sdc_exact,pooled_dice,0.377139651168175,0.46724020330011595,0.09364272493332858,0.46821362466664285
P1,F3,13,stored_logits,cal_sdc_exact,pooled_iou,0.5020997317079613,0.6191241726971727,0.12401362175962259,0.6200681087981129
P1,F3,13,stored_logits,t1_uncertainty,mean_tile_miou,0.40681524489481,0.4444014881356992,0.08853438276872377,0.44267191384361887
P1,F3,13,stored_logits,t1_uncertainty,mean_tile_dice,0.6956028630377513,0.7243382003215855,0.14388807940759507,0.7194403970379754
P1,F3,13,stored_logits,t1_uncertainty,mean_tile_iou,0.7532131834168301,0.8014677000736853,0.15937634864704533,0.7968817432352266
P1,F3,13,stored_logits,t1_uncertainty,pooled_miou,0.4053579289891066,0.4376948142887144,0.08596605914255903,0.42983029571279513
P1,F3,13,stored_logits,t1_uncertainty,pooled_dice,0.6571904650256151,0.6588584614795704,0.12785680798116916,0.6392840399058458
P1,F3,13,stored_logits,t1_uncertainty,pooled_iou,0.7489240967981019,0.788502823175744,0.15432360932424183,0.7716180466212091
P1,F3,13,stored_logits,t1_top_tail_msp,mean_tile_miou,0.4100682583944417,0.4432347944904341,0.0883814149409358,0.441907074704679
P1,F3,13,stored_logits,t1_top_tail_msp,mean_tile_dice,0.6994449538965575,0.7230858997937248,0.1437988498800677,0.7189942494003384
P1,F3,13,stored_logits,t1_top_tail_msp,mean_tile_iou,0.7557367425169659,0.7996367136026148,0.1592300368479341,0.7961501842396704
P1,F3,13,stored_logits,t1_top_tail_msp,pooled_miou,0.40909985711985675,0.435687413814016,0.08574710143817968,0.42873550719089837
P1,F3,13,stored_logits,t1_top_tail_msp,pooled_dice,0.6628000811522873,0.6532682714991812,0.1274230244049106,0.637115122024553
P1,F3,13,stored_logits,t1_top_tail_msp,pooled_iou,0.7515075507485417,0.7849542418038196,0.15394064564661486,0.7697032282330742
P1,F3,13,stored_logits,t1_spatial_inconsistency,mean_tile_miou,0.4240669281331588,0.44488788756592423,0.08860595389952483,0.4430297694976241
P1,F3,13,stored_logits,t1_spatial_inconsistency,mean_tile_dice,0.717012578337947,0.723909320232488,0.14355581349963153,0.7177790674981577
P1,F3,13,stored_logits,t1_spatial_inconsistency,mean_tile_iou,0.7672797604529069,0.7933906526916934,0.15773233846335313,0.7886616923167656
P1,F3,13,stored_logits,t1_spatial_inconsistency,pooled_miou,0.3990541617538474,0.3982961220306811,0.07921744803198785,0.39608724015993924
P1,F3,13,stored_logits,t1_spatial_inconsistency,pooled_dice,0.6286707702863119,0.5658309033210073,0.11157617484490848,0.5578808742245424
P1,F3,13,stored_logits,t1_spatial_inconsistency,pooled_iou,0.7151211262597085,0.7002691690428458,0.13893041178502608,0.6946520589251304
P1,F3,13,stored_logits,t1_soft_dice_risk_binary,mean_tile_miou,0.34292231559568015,0.4161629861156416,0.08322512589072303,0.41612562945361514
P1,F3,13,stored_logits,t1_soft_dice_risk_binary,mean_tile_dice,0.47360634513327066,0.6241523196571621,0.1248565722623407,0.6242828613117035
P1,F3,13,stored_logits,t1_soft_dice_risk_binary,mean_tile_iou,0.5576667393801288,0.7151941938284925,0.14302357517403733,0.7151178758701866
P1,F3,13,stored_logits,t1_soft_dice_risk_binary,pooled_miou,0.31107358438269844,0.36534167157652486,0.07317700207448496,0.3658850103724248
P1,F3,13,stored_logits,t1_soft_dice_risk_binary,pooled_dice,0.37286987805189314,0.46693525542508585,0.09357926296982966,0.4678963148491483
P1,F3,13,stored_logits,t1_soft_dice_risk_binary,pooled_iou,0.4980543855356776,0.618762416761379,0.12395065314263785,0.6197532657131892
P1,F3,13,stored_logits,t1_sdc_exact,mean_tile_miou,0.34292231559568015,0.4161629861156416,0.08322512589072303,0.41612562945361514
P1,F3,13,stored_logits,t1_sdc_exact,mean_tile_dice,0.47360634513327066,0.6241523196571621,0.1248565722623407,0.6242828613117035
P1,F3,13,stored_logits,t1_sdc_exact,mean_tile_iou,0.5576667393801288,0.7151941938284925,0.14302357517403733,0.7151178758701866
P1,F3,13,stored_logits,t1_sdc_exact,pooled_miou,0.31107358438269844,0.36534167157652486,0.07317700207448496,0.3658850103724248
P1,F3,13,stored_logits,t1_sdc_exact,pooled_dice,0.37286987805189314,0.46693525542508585,0.09357926296982966,0.4678963148491483
P1,F3,13,stored_logits,t1_sdc_exact,pooled_iou,0.4980543855356776,0.618762416761379,0.12395065314263785,0.6197532657131892
P1,F3,13,stored_logits,t1_v2_frozen_mapping,mean_tile_miou,0.33133236638325786,0.41679898785352354,0.08322820822476752,0.4161410411238376
P1,F3,13,stored_logits,t1_v2_frozen_mapping,mean_tile_dice,0.45690582820225445,0.6268668885048014,0.12545628280135562,0.6272814140067781
P1,F3,13,stored_logits,t1_v2_frozen_mapping,mean_tile_iou,0.5450121866300344,0.7173448283530142,0.14347072465089197,0.7173536232544598
P1,F3,13,stored_logits,t1_v2_frozen_mapping,pooled_miou,0.2944593972975404,0.36448838648729165,0.07251091673099147,0.36255458365495735
P1,F3,13,stored_logits,t1_v2_frozen_mapping,pooled_dice,0.35259211037313654,0.4662725375750174,0.09273579952120015,0.46367899760600073
P1,F3,13,stored_logits,t1_v2_frozen_mapping,pooled_iou,0.4776416742664145,0.6183177223156902,0.12315864931986631,0.6157932465993315
P1,F3,13,stored_logits,t1_v2_new_ecdf_fixed_weights,mean_tile_miou,0.32699976990838076,0.41589640675521555,0.08313637255846099,0.4156818627923049
P1,F3,13,stored_logits,t1_v2_new_ecdf_fixed_weights,mean_tile_dice,0.45415603129209053,0.6285920024027674,0.1255684738650356,0.627842369325178
P1,F3,13,stored_logits,t1_v2_new_ecdf_fixed_weights,mean_tile_iou,0.5426268276929813,0.7182956356562072,0.1435201080340477,0.7176005401702384
P1,F3,13,stored_logits,t1_v2_new_ecdf_fixed_weights,pooled_miou,0.28747174413982973,0.3582040573052142,0.07212572829815797,0.3606286414907898
P1,F3,13,stored_logits,t1_v2_new_ecdf_fixed_weights,pooled_dice,0.34572746997537884,0.4561628970055338,0.09220889320083242,0.4610444660041621
P1,F3,13,stored_logits,t1_v2_new_ecdf_fixed_weights,pooled_iou,0.4707451761849472,0.6083734198971811,0.12262950085202776,0.6131475042601388
P1,F3,13,stored_logits,t1_v2_refit,mean_tile_miou,0.3288362863351333,0.4169270163350851,0.08324265284276844,0.4162132642138422
P1,F3,13,stored_logits,t1_v2_refit,mean_tile_dice,0.45335257503992116,0.6271557528070387,0.1253380740328403,0.6266903701642015
P1,F3,13,stored_logits,t1_v2_refit,mean_tile_iou,0.5421663552024509,0.7174934080422444,0.14338972864779792,0.7169486432389895
P1,F3,13,stored_logits,t1_v2_refit,pooled_miou,0.2914914560009838,0.36488052153455014,0.07279925798252562,0.3639962899126281
P1,F3,13,stored_logits,t1_v2_refit,pooled_dice,0.34910664652092865,0.46651758533248333,0.09319721730302927,0.46598608651514634
P1,F3,13,stored_logits,t1_v2_refit,pooled_iou,0.4742857124288046,0.6186162088486125,0.12361630422680117,0.6180815211340058
P1,F3,37,stored_logits,cal_v2,mean_tile_miou,0.31799641505309856,0.4098732431777523,0.08176012175945666,0.40880060879728325
P1,F3,37,stored_logits,cal_v2,mean_tile_dice,0.4476713627559205,0.6334989422071627,0.12688995044766876,0.6344497522383438
P1,F3,37,stored_logits,cal_v2,mean_tile_iou,0.5371609003959725,0.7203048663122467,0.1441566050230408,0.720783025115204
P1,F3,37,stored_logits,cal_v2,pooled_miou,0.27216858066521843,0.35043333884372935,0.06915853758460389,0.3457926879230194
P1,F3,37,stored_logits,cal_v2,pooled_dice,0.3325252970879566,0.45355127565631953,0.0895740714830032,0.44787035741501596
P1,F3,37,stored_logits,cal_v2,pooled_iou,0.45547862108954723,0.607675195176547,0.12015295299889972,0.6007647649944986
P1,F3,37,stored_logits,cal_uncertainty,mean_tile_miou,0.3827379962599297,0.4221134594185557,0.08486539757575987,0.4243269878787993
P1,F3,37,stored_logits,cal_uncertainty,mean_tile_dice,0.6808918063952297,0.719162157184736,0.14397372444149745,0.7198686222074872
P1,F3,37,stored_logits,cal_uncertainty,mean_tile_iou,0.7385938694419851,0.7925128685356944,0.15865734206141396,0.7932867103070698
P1,F3,37,stored_logits,cal_uncertainty,pooled_miou,0.3456853202734522,0.37715154487454183,0.07706866707351662,0.3853433353675831
P1,F3,37,stored_logits,cal_uncertainty,pooled_dice,0.5382943891118781,0.5533446879399708,0.1143342687637924,0.5716713438189619
P1,F3,37,stored_logits,cal_uncertainty,pooled_iou,0.6566569436559494,0.6990491505002552,0.14237371665383775,0.7118685832691887
P1,F3,37,stored_logits,cal_top_tail_msp,mean_tile_miou,0.38486322536764794,0.4305183118520039,0.08527623731275455,0.4263811865637727
P1,F3,37,stored_logits,cal_top_tail_msp,mean_tile_dice,0.685804136336722,0.7296419143046945,0.1445004376371021,0.7225021881855105
P1,F3,37,stored_logits,cal_top_tail_msp,mean_tile_iou,0.742404755372298,0.802457121043747,0.15914890142497484,0.7957445071248742
P1,F3,37,stored_logits,cal_top_tail_msp,pooled_miou,0.3500283422889319,0.4071392479886815,0.07857712163696137,0.39288560818480683
P1,F3,37,stored_logits,cal_top_tail_msp,pooled_dice,0.5478338923674103,0.6203851530260003,0.11771283042081099,0.5885641521040549
P1,F3,37,stored_logits,cal_top_tail_msp,pooled_iou,0.6648589077671302,0.7513514010892514,0.1450173938319898,0.725086969159949
P1,F3,37,stored_logits,cal_spatial_inconsistency,mean_tile_miou,0.42668131853272184,0.45108081313119275,0.09042423810058813,0.4521211905029406
P1,F3,37,stored_logits,cal_spatial_inconsistency,mean_tile_dice,0.7458825660621757,0.7487165794411915,0.1498623450807809,0.7493117254039044
P1,F3,37,stored_logits,cal_spatial_inconsistency,mean_tile_iou,0.7887234890789556,0.8136883405465931,0.16295921756296974,0.8147960878148487
P1,F3,37,stored_logits,cal_spatial_inconsistency,pooled_miou,0.40194282341911297,0.4212431170686542,0.08427536719004627,0.42137683595023134
P1,F3,37,stored_logits,cal_spatial_inconsistency,pooled_dice,0.6578023181205789,0.6415587453381018,0.1278790753724035,0.6393953768620175
P1,F3,37,stored_logits,cal_spatial_inconsistency,pooled_iou,0.7342870988699438,0.755296539259094,0.1508548659887906,0.754274329943953
P1,F3,37,stored_logits,cal_soft_dice_risk_binary,mean_tile_miou,0.3248931437952762,0.41093290984774716,0.08212262457576265,0.41061312287881324
P1,F3,37,stored_logits,cal_soft_dice_risk_binary,mean_tile_dice,0.4525188071825355,0.630819111193185,0.12620195693098174,0.6310097846549086
P1,F3,37,stored_logits,cal_soft_dice_risk_binary,mean_tile_iou,0.5417522265120586,0.7186099635832492,0.1437222840247404,0.718611420123702
P1,F3,37,stored_logits,cal_soft_dice_risk_binary,pooled_miou,0.2859302057745033,0.35793583794809325,0.07159005355840643,0.35795026779203215
P1,F3,37,stored_logits,cal_soft_dice_risk_binary,pooled_dice,0.34690917829098733,0.46548282988108197,0.09317954083135652,0.46589770415678255
P1,F3,37,stored_logits,cal_soft_dice_risk_binary,pooled_iou,0.47244478763619674,0.6185860971533285,0.1238563685403721,0.6192818427018605
P1,F3,37,stored_logits,cal_sdc_exact,mean_tile_miou,0.3248931437952762,0.41093290984774716,0.08212262457576265,0.41061312287881324
P1,F3,37,stored_logits,cal_sdc_exact,mean_tile_dice,0.4525188071825355,0.630819111193185,0.12620195693098174,0.6310097846549086
P1,F3,37,stored_logits,cal_sdc_exact,mean_tile_iou,0.5417522265120586,0.7186099635832492,0.1437222840247404,0.718611420123702
P1,F3,37,stored_logits,cal_sdc_exact,pooled_miou,0.2859302057745033,0.35793583794809325,0.07159005355840643,0.35795026779203215
P1,F3,37,stored_logits,cal_sdc_exact,pooled_dice,0.34690917829098733,0.46548282988108197,0.09317954083135652,0.46589770415678255
P1,F3,37,stored_logits,cal_sdc_exact,pooled_iou,0.47244478763619674,0.6185860971533285,0.1238563685403721,0.6192818427018605
P1,F3,37,stored_logits,t1_uncertainty,mean_tile_miou,0.38320788721598953,0.4285715975749861,0.0851785214576782,0.42589260728839096
P1,F3,37,stored_logits,t1_uncertainty,mean_tile_dice,0.6815687511274643,0.7257695354182603,0.14429736996749618,0.7214868498374808
P1,F3,37,stored_logits,t1_uncertainty,mean_tile_iou,0.7391336770146701,0.7985119595734222,0.1589452338579455,0.7947261692897275
P1,F3,37,stored_logits,t1_uncertainty,pooled_miou,0.3471947877548436,0.40149780835639426,0.07829493174575577,0.39147465872877885
P1,F3,37,stored_logits,t1_uncertainty,pooled_dice,0.5416771946788547,0.6104460998655491,0.11720841326044948,0.5860420663022473
P1,F3,37,stored_logits,t1_uncertainty,pooled_iou,0.659239393055735,0.7400400246899362,0.14444651638243644,0.7222325819121822
P1,F3,37,stored_logits,t1_top_tail_msp,mean_tile_miou,0.3869575579400506,0.4305183118520039,0.0853443043484581,0.4267215217422905
P1,F3,37,stored_logits,t1_top_tail_msp,mean_tile_dice,0.6904328482324487,0.7296419143046945,0.14462549441154934,0.7231274720577466
P1,F3,37,stored_logits,t1_top_tail_msp,mean_tile_iou,0.7464151673787283,0.802457121043747,0.15926784126486654,0.7963392063243326
P1,F3,37,stored_logits,t1_top_tail_msp,pooled_miou,0.3558142276809571,0.4071392479886815,0.07883879963735306,0.39419399818676526
P1,F3,37,stored_logits,t1_top_tail_msp,pooled_dice,0.5606151034904966,0.6203851530260003,0.1181589273505636,0.590794636752818
P1,F3,37,stored_logits,t1_top_tail_msp,pooled_iou,0.6762564837493721,0.7513514010892514,0.14552249163397915,0.7276124581698957
P1,F3,37,stored_logits,t1_spatial_inconsistency,mean_tile_miou,0.42760228590120497,0.4494593871633269,0.09036509329430789,0.4518254664715394
P1,F3,37,stored_logits,t1_spatial_inconsistency,mean_tile_dice,0.7466934133314842,0.7457469839320641,0.14976598101001515,0.7488299050500757
P1,F3,37,stored_logits,t1_spatial_inconsistency,mean_tile_iou,0.7893996973241914,0.8112826454751958,0.16288496053643875,0.8144248026821937
P1,F3,37,stored_logits,t1_spatial_inconsistency,pooled_miou,0.40263212607391413,0.419428466877145,0.08426702498913313,0.42133512494566566
P1,F3,37,stored_logits,t1_spatial_inconsistency,pooled_dice,0.658076020941624,0.6377101235498412,0.1279348067891492,0.639674033945746
P1,F3,37,stored_logits,t1_spatial_inconsistency,pooled_iou,0.7344308083593605,0.752540020173883,0.15088616315336434,0.7544308157668217
P1,F3,37,stored_logits,t1_soft_dice_risk_binary,mean_tile_miou,0.32175962593569324,0.4109039236373079,0.0820771930945315,0.4103859654726575
P1,F3,37,stored_logits,t1_soft_dice_risk_binary,mean_tile_dice,0.44939752567539554,0.6318658684851721,0.1262608513546255,0.6313042567731275
P1,F3,37,stored_logits,t1_soft_dice_risk_binary,mean_tile_iou,0.5392002169392547,0.7191611515023936,0.14375359763878404,0.7187679881939202
P1,F3,37,stored_logits,t1_soft_dice_risk_binary,pooled_miou,0.28067588558309675,0.3571239135963401,0.07133111044184878,0.3566555522092439
P1,F3,37,stored_logits,t1_soft_dice_risk_binary,pooled_dice,0.34108775103025624,0.46419449788652917,0.09276179466144333,0.4638089733072166
P1,F3,37,stored_logits,t1_soft_dice_risk_binary,pooled_iou,0.46629144775842024,0.6173148348390298,0.12345371541008407,0.6172685770504203
P1,F3,37,stored_logits,t1_sdc_exact,mean_tile_miou,0.32175962593569324,0.4109039236373079,0.0820771930945315,0.4103859654726575
P1,F3,37,stored_logits,t1_sdc_exact,mean_tile_dice,0.44939752567539554,0.6318658684851721,0.1262608513546255,0.6313042567731275
P1,F3,37,stored_logits,t1_sdc_exact,mean_tile_iou,0.5392002169392547,0.7191611515023936,0.14375359763878404,0.7187679881939202
P1,F3,37,stored_logits,t1_sdc_exact,pooled_miou,0.28067588558309675,0.3571239135963401,0.07133111044184878,0.3566555522092439
P1,F3,37,stored_logits,t1_sdc_exact,pooled_dice,0.34108775103025624,0.46419449788652917,0.09276179466144333,0.4638089733072166
P1,F3,37,stored_logits,t1_sdc_exact,pooled_iou,0.46629144775842024,0.6173148348390298,0.12345371541008407,0.6172685770504203
P1,F3,37,stored_logits,t1_v2_frozen_mapping,mean_tile_miou,0.31446921337338074,0.40986777186445017,0.08166101841747332,0.4083050920873666
P1,F3,37,stored_logits,t1_v2_frozen_mapping,mean_tile_dice,0.4494531982162806,0.6333936140554901,0.12718926002441747,0.6359463001220873
P1,F3,37,stored_logits,t1_v2_frozen_mapping,mean_tile_iou,0.5382142462154658,0.7202515849129667,0.1443351713956621,0.7216758569783105
P1,F3,37,stored_logits,t1_v2_frozen_mapping,pooled_miou,0.26318885627877353,0.3505436924140094,0.06905708069995663,0.3452854034997831
P1,F3,37,stored_logits,t1_v2_frozen_mapping,pooled_dice,0.32305622727934313,0.45368732441760007,0.08957511648067563,0.44787558240337816
P1,F3,37,stored_logits,t1_v2_frozen_mapping,pooled_iou,0.4458497216309763,0.607834826404807,0.12012878793587267,0.6006439396793634
P1,F3,37,stored_logits,t1_v2_new_ecdf_fixed_weights,mean_tile_miou,0.3155002362972943,0.4098526975410075,0.0815896560072817,0.4079482800364085
P1,F3,37,stored_logits,t1_v2_new_ecdf_fixed_weights,mean_tile_dice,0.4462921833701087,0.6334873172039158,0.12709986969653006,0.6354993484826502
P1,F3,37,stored_logits,t1_v2_new_ecdf_fixed_weights,mean_tile_iou,0.5364374391643608,0.7202987369310732,0.1442817266152035,0.7214086330760174
P1,F3,37,stored_logits,t1_v2_new_ecdf_fixed_weights,pooled_miou,0.26727281739479397,0.3503080812504574,0.0685374932626468,0.342687466313234
P1,F3,37,stored_logits,t1_v2_new_ecdf_fixed_weights,pooled_dice,0.3271154052196615,0.4533023659153873,0.08882248972102774,0.4441124486051387
P1,F3,37,stored_logits,t1_v2_new_ecdf_fixed_weights,pooled_iou,0.44993875470494105,0.6074743886563638,0.11918280102748596,0.5959140051374298
P1,F3,37,stored_logits,t1_v2_refit,mean_tile_miou,0.31696197521763037,0.4106311161521631,0.082000312248572,0.41000156124285997
P1,F3,37,stored_logits,t1_v2_refit,mean_tile_dice,0.44669440420095186,0.6352792908721236,0.12710658435948843,0.6355329217974421
P1,F3,37,stored_logits,t1_v2_refit,mean_tile_iou,0.5365017055193612,0.72142902100957,0.14429487756966275,0.7214743878483137
P1,F3,37,stored_logits,t1_v2_refit,pooled_miou,0.2712779664031694,0.35161071112879505,0.07018136450557536,0.35090682252787675
P1,F3,37,stored_logits,t1_v2_refit,pooled_dice,0.3323081670839959,0.45522120243558567,0.09109816470022414,0.4554908235011207
P1,F3,37,stored_logits,t1_v2_refit,pooled_iou,0.4554926198674479,0.6096278815514973,0.1219487315253042,0.6097436576265209
P1,F3,71,stored_logits,cal_v2,mean_tile_miou,0.29965033221709125,0.38729689697830205,0.07730696057483355,0.38653480287416775
P1,F3,71,stored_logits,cal_v2,mean_tile_dice,0.4222392537878138,0.6042073248823272,0.1198494924527706,0.599247462263853
P1,F3,71,stored_logits,cal_v2,mean_tile_iou,0.514962148924759,0.6958679605746468,0.1385399435898937,0.6926997179494684
P1,F3,71,stored_logits,cal_v2,pooled_miou,0.24471556059702282,0.3060168701646709,0.06166162370608739,0.30830811853043694
P1,F3,71,stored_logits,cal_v2,pooled_dice,0.29151228451886196,0.38740309169101195,0.07798163459107008,0.38990817295535035
P1,F3,71,stored_logits,cal_v2,pooled_iou,0.41414801185658967,0.5394983846650998,0.10852604952239568,0.5426302476119784
P1,F3,71,stored_logits,cal_uncertainty,mean_tile_miou,0.3736050678976774,0.4027368216200712,0.0805487199768404,0.402743599884202
P1,F3,71,stored_logits,cal_uncertainty,mean_tile_dice,0.6501113167358218,0.6727598220161793,0.1339753981583098,0.6698769907915489
P1,F3,71,stored_logits,cal_uncertainty,mean_tile_iou,0.7162737638932205,0.7551895232720914,0.15051325147998051,0.7525662573999026
P1,F3,71,stored_logits,cal_uncertainty,pooled_miou,0.3171961185558351,0.32188030269446766,0.06403685585162598,0.32018427925812987
P1,F3,71,stored_logits,cal_uncertainty,pooled_dice,0.4813035713569281,0.4466472655491964,0.08844074038359173,0.44220370191795866
P1,F3,71,stored_logits,cal_uncertainty,pooled_iou,0.6047871086600393,0.5954207941706027,0.1180474788669263,0.5902373943346315
P1,F3,71,stored_logits,cal_top_tail_msp,mean_tile_miou,0.37430472664057407,0.4016486789190401,0.08040206673214044,0.40201033366070216
P1,F3,71,stored_logits,cal_top_tail_msp,mean_tile_dice,0.6525709145008176,0.6709502293410917,0.13362577635485806,0.6681288817742903
P1,F3,71,stored_logits,cal_top_tail_msp,mean_tile_iou,0.7175453923424711,0.7529016888530096,0.15014593633277085,0.7507296816638542
P1,F3,71,stored_logits,cal_top_tail_msp,pooled_miou,0.3156319804931672,0.31910809657111383,0.06357453351493228,0.31787266757466137
P1,F3,71,stored_logits,cal_top_tail_msp,pooled_dice,0.4798032847945297,0.4428982863132206,0.08740878017336447,0.4370439008668223
P1,F3,71,stored_logits,cal_top_tail_msp,pooled_iou,0.6015613279205324,0.5898306804258505,0.11704509950419925,0.5852254975209962
P1,F3,71,stored_logits,cal_spatial_inconsistency,mean_tile_miou,0.41200768668868043,0.42488486419279803,0.08506995643798583,0.42534978218992914
P1,F3,71,stored_logits,cal_spatial_inconsistency,mean_tile_dice,0.6944825823193514,0.6895261066177608,0.13803192853241952,0.6901596426620976
P1,F3,71,stored_logits,cal_spatial_inconsistency,mean_tile_iou,0.7527773847356245,0.7696399078055771,0.15395840400483984,0.7697920200241992
P1,F3,71,stored_logits,cal_spatial_inconsistency,pooled_miou,0.3540147825782743,0.35891049670990066,0.07209490026848418,0.36047450134242087
P1,F3,71,stored_logits,cal_spatial_inconsistency,pooled_dice,0.5227324761688087,0.487538236357094,0.09825594603635296,0.4912797301817648
P1,F3,71,stored_logits,cal_spatial_inconsistency,pooled_iou,0.6440704340190457,0.6456454243334744,0.12951417908808666,0.6475708954404332
P1,F3,71,stored_logits,cal_soft_dice_risk_binary,mean_tile_miou,0.30574191711293475,0.3933113869468783,0.07817252201491191,0.3908626100745595
P1,F3,71,stored_logits,cal_soft_dice_risk_binary,mean_tile_dice,0.42010766895065893,0.582259889875822,0.11683425937487937,0.5841712968743968
P1,F3,71,stored_logits,cal_soft_dice_risk_binary,mean_tile_iou,0.5139859030378621,0.6821556341339287,0.13662938141992412,0.6831469070996206
P1,F3,71,stored_logits,cal_soft_dice_risk_binary,pooled_miou,0.26657315927803427,0.34599451511297596,0.06775835781373166,0.33879178906865826
P1,F3,71,stored_logits,cal_soft_dice_risk_binary,pooled_dice,0.3167849379338453,0.4379404199183118,0.08569591830578363,0.4284795915289181
P1,F3,71,stored_logits,cal_soft_dice_risk_binary,pooled_iou,0.4436462626449949,0.594632891407219,0.11708801724406065,0.5854400862203032
P1,F3,71,stored_logits,cal_sdc_exact,mean_tile_miou,0.30574191711293475,0.3933113869468783,0.07817252201491191,0.3908626100745595
P1,F3,71,stored_logits,cal_sdc_exact,mean_tile_dice,0.42010766895065893,0.582259889875822,0.11683425937487937,0.5841712968743968
P1,F3,71,stored_logits,cal_sdc_exact,mean_tile_iou,0.5139859030378621,0.6821556341339287,0.13662938141992412,0.6831469070996206
P1,F3,71,stored_logits,cal_sdc_exact,pooled_miou,0.26657315927803427,0.34599451511297596,0.06775835781373166,0.33879178906865826
P1,F3,71,stored_logits,cal_sdc_exact,pooled_dice,0.3167849379338453,0.4379404199183118,0.08569591830578363,0.4284795915289181
P1,F3,71,stored_logits,cal_sdc_exact,pooled_iou,0.4436462626449949,0.594632891407219,0.11708801724406065,0.5854400862203032
P1,F3,71,stored_logits,t1_uncertainty,mean_tile_miou,0.3741079126179815,0.4027368216200712,0.08052721614286931,0.40263608071434653
P1,F3,71,stored_logits,t1_uncertainty,mean_tile_dice,0.6514726311304974,0.6727598220161792,0.13388963270610693,0.6694481635305346
P1,F3,71,stored_logits,t1_uncertainty,mean_tile_iou,0.7171689249090156,0.7551895232720914,0.1504375170413809,0.7521875852069044
P1,F3,71,stored_logits,t1_uncertainty,pooled_miou,0.31776396917491356,0.32188030269446766,0.06396521157195903,0.3198260578597951
P1,F3,71,stored_logits,t1_uncertainty,pooled_dice,0.48350536529866894,0.4466472655491964,0.08829256313719355,0.44146281568596774
P1,F3,71,stored_logits,t1_uncertainty,pooled_iou,0.6058655275271169,0.5954207941706027,0.11789129886521173,0.5894564943260586
P1,F3,71,stored_logits,t1_top_tail_msp,mean_tile_miou,0.37445154994311797,0.4016486789190401,0.08040206673214044,0.40201033366070216
P1,F3,71,stored_logits,t1_top_tail_msp,mean_tile_dice,0.6529084363093852,0.6709502293410917,0.13362577635485806,0.6681288817742903
P1,F3,71,stored_logits,t1_top_tail_msp,mean_tile_iou,0.717727747589442,0.7529016888530096,0.15014593633277085,0.7507296816638542
P1,F3,71,stored_logits,t1_top_tail_msp,pooled_miou,0.31529749476560165,0.31910809657111383,0.06357453351493228,0.31787266757466137
P1,F3,71,stored_logits,t1_top_tail_msp,pooled_dice,0.4789276137302895,0.4428982863132206,0.08740878017336447,0.4370439008668223
P1,F3,71,stored_logits,t1_top_tail_msp,pooled_iou,0.6007855629031312,0.5898306804258505,0.11704509950419925,0.5852254975209962
P1,F3,71,stored_logits,t1_spatial_inconsistency,mean_tile_miou,0.4127144955721202,0.4278445804642878,0.08544562536209069,0.4272281268104534
P1,F3,71,stored_logits,t1_spatial_inconsistency,mean_tile_dice,0.6965152286682278,0.6956506356492234,0.13876924892884185,0.6938462446442092
P1,F3,71,stored_logits,t1_spatial_inconsistency,mean_tile_iou,0.7545568689708992,0.7752001481559818,0.1546433950953192,0.7732169754765961
P1,F3,71,stored_logits,t1_spatial_inconsistency,pooled_miou,0.3542668938622158,0.36222277610673465,0.07237128366228635,0.3618564183114317
P1,F3,71,stored_logits,t1_spatial_inconsistency,pooled_dice,0.5235490172465057,0.4952874115966363,0.09886110485499731,0.49430552427498653
P1,F3,71,stored_logits,t1_spatial_inconsistency,pooled_iou,0.6449188499108729,0.651992443012969,0.130015673176688,0.6500783658834399
P1,F3,71,stored_logits,t1_soft_dice_risk_binary,mean_tile_miou,0.3034465305040371,0.38731545235962317,0.07761162188406592,0.3880581094203296
P1,F3,71,stored_logits,t1_soft_dice_risk_binary,mean_tile_dice,0.4209041189810309,0.5866183457633544,0.11764942626261611,0.5882471313130805
P1,F3,71,stored_logits,t1_soft_dice_risk_binary,mean_tile_iou,0.5143943107762984,0.6847294649873944,0.13715653768191632,0.6857826884095816
P1,F3,71,stored_logits,t1_soft_dice_risk_binary,pooled_miou,0.2594608859764704,0.32608231345573657,0.06545533508807265,0.3272766754403632
P1,F3,71,stored_logits,t1_soft_dice_risk_binary,pooled_dice,0.30883079704704475,0.41076788717115764,0.08259956380965566,0.4129978190482783
P1,F3,71,stored_logits,t1_soft_dice_risk_binary,pooled_iou,0.434717191686274,0.5680955236311043,0.11403642506750232,0.5701821253375116
P1,F3,71,stored_logits,t1_sdc_exact,mean_tile_miou,0.3034465305040371,0.38731545235962317,0.07761162188406592,0.3880581094203296
P1,F3,71,stored_logits,t1_sdc_exact,mean_tile_dice,0.4209041189810309,0.5866183457633544,0.11764942626261611,0.5882471313130805
P1,F3,71,stored_logits,t1_sdc_exact,mean_tile_iou,0.5143943107762984,0.6847294649873944,0.13715653768191632,0.6857826884095816
P1,F3,71,stored_logits,t1_sdc_exact,pooled_miou,0.2594608859764704,0.32608231345573657,0.06545533508807265,0.3272766754403632
P1,F3,71,stored_logits,t1_sdc_exact,pooled_dice,0.30883079704704475,0.41076788717115764,0.08259956380965566,0.4129978190482783
P1,F3,71,stored_logits,t1_sdc_exact,pooled_iou,0.434717191686274,0.5680955236311043,0.11403642506750232,0.5701821253375116
P1,F3,71,stored_logits,t1_v2_frozen_mapping,mean_tile_miou,0.29836149339677764,0.38643866853395425,0.07715450452409449,0.3857725226204724
P1,F3,71,stored_logits,t1_v2_frozen_mapping,mean_tile_dice,0.42618059764161337,0.6012686364762567,0.1197254105447037,0.5986270527235185
P1,F3,71,stored_logits,t1_v2_frozen_mapping,mean_tile_iou,0.5184480380029606,0.6939237064873053,0.13845223885699678,0.6922611942849839
P1,F3,71,stored_logits,t1_v2_frozen_mapping,pooled_miou,0.23879388206044308,0.307160209473754,0.06151525110058278,0.3075762555029139
P1,F3,71,stored_logits,t1_v2_frozen_mapping,pooled_dice,0.28653699379603526,0.3889597127555148,0.07799728020799301,0.38998640103996507
P1,F3,71,stored_logits,t1_v2_frozen_mapping,pooled_iou,0.40905183024260683,0.541718640710283,0.10846004501678916,0.5423002250839457
P1,F3,71,stored_logits,t1_v2_new_ecdf_fixed_weights,mean_tile_miou,0.2999427658699665,0.3855830981115357,0.07721890134977454,0.38609450674887263
P1,F3,71,stored_logits,t1_v2_new_ecdf_fixed_weights,mean_tile_dice,0.42994114890106494,0.6046171068049564,0.12077597717083591,0.6038798858541795
P1,F3,71,stored_logits,t1_v2_new_ecdf_fixed_weights,mean_tile_iou,0.5210944544880658,0.6961512241942747,0.13914220679386957,0.6957110339693479
P1,F3,71,stored_logits,t1_v2_new_ecdf_fixed_weights,pooled_miou,0.23833692184913322,0.2936175032813412,0.05966960660990431,0.2983480330495215
P1,F3,71,stored_logits,t1_v2_new_ecdf_fixed_weights,pooled_dice,0.28604122057498443,0.372263814679508,0.07566232340953519,0.3783116170476759
P1,F3,71,stored_logits,t1_v2_new_ecdf_fixed_weights,pooled_iou,0.40767610216522343,0.518986983276628,0.10537393117575575,0.5268696558787787
P1,F3,71,stored_logits,t1_v2_refit,mean_tile_miou,0.2998770756839236,0.38437910305335177,0.07704700555516814,0.3852350277758407
P1,F3,71,stored_logits,t1_v2_refit,mean_tile_dice,0.4246044310918985,0.5989164105911986,0.11978165034563282,0.5989082517281641
P1,F3,71,stored_logits,t1_v2_refit,mean_tile_iou,0.5167824637829223,0.6925735637811105,0.13849271386986567,0.6924635693493283
P1,F3,71,stored_logits,t1_v2_refit,pooled_miou,0.2422671919088241,0.2947411478718302,0.06043716083664646,0.30218580418323226
P1,F3,71,stored_logits,t1_v2_refit,pooled_dice,0.2893589100573143,0.3726960770848703,0.07654443509410457,0.3827221754705228
P1,F3,71,stored_logits,t1_v2_refit,pooled_iou,0.41088075212806835,0.5198965970449101,0.10658083693755918,0.5329041846877959
P2,F1,13,stored_logits,cal_v2,mean_tile_miou,0.27425869422918536,0.3417016488735478,0.0679186638036853,0.3395933190184265
P2,F1,13,stored_logits,cal_v2,mean_tile_dice,0.4254119536168813,0.5150192558737796,0.10290025753970192,0.5145012876985096
P2,F1,13,stored_logits,cal_v2,mean_tile_iou,0.5026018188843536,0.6050046620948326,0.12082943853367047,0.6041471926683523
P2,F1,13,stored_logits,cal_v2,pooled_miou,0.1632615413219484,0.21508048764127277,0.04259941688231366,0.21299708441156828
P2,F1,13,stored_logits,cal_v2,pooled_dice,0.1763115627127087,0.22416919693111162,0.04443033606291348,0.2221516803145674
P2,F1,13,stored_logits,cal_v2,pooled_iou,0.28274368970564484,0.35900155117573707,0.0713005357267942,0.356502678633971
P2,F1,13,stored_logits,cal_uncertainty,mean_tile_miou,0.31774742979336057,0.3469440518490755,0.06930515199663465,0.3465257599831732
P2,F1,13,stored_logits,cal_uncertainty,mean_tile_dice,0.53712173530862,0.5350571136595551,0.10828175395897151,0.5414087697948575
P2,F1,13,stored_logits,cal_uncertainty,mean_tile_iou,0.606449798414543,0.6232425295818493,0.12574669225768573,0.6287334612884286
P2,F1,13,stored_logits,cal_uncertainty,pooled_miou,0.22522720945618657,0.23037529425173467,0.0449743475847702,0.224871737923851
P2,F1,13,stored_logits,cal_uncertainty,pooled_dice,0.30736999379400504,0.2525451985466012,0.04946250045778595,0.24731250228892973
P2,F1,13,stored_logits,cal_uncertainty,pooled_iou,0.41261560913007156,0.3930273738708959,0.07734277745537368,0.3867138872768684
P2,F1,13,stored_logits,cal_top_tail_msp,mean_tile_miou,0.31706743362542156,0.3469440518490755,0.06930515199663465,0.3465257599831732
P2,F1,13,stored_logits,cal_top_tail_msp,mean_tile_dice,0.5361743675860458,0.5350571136595551,0.10828175395897151,0.5414087697948575
P2,F1,13,stored_logits,cal_top_tail_msp,mean_tile_iou,0.6054248792909056,0.6232425295818493,0.12574669225768573,0.6287334612884286
P2,F1,13,stored_logits,cal_top_tail_msp,pooled_miou,0.22374216819926301,0.23037529425173467,0.0449743475847702,0.224871737923851
P2,F1,13,stored_logits,cal_top_tail_msp,pooled_dice,0.304956502998544,0.2525451985466012,0.04946250045778595,0.24731250228892973
P2,F1,13,stored_logits,cal_top_tail_msp,pooled_iou,0.40994663726828817,0.3930273738708959,0.07734277745537368,0.3867138872768684
P2,F1,13,stored_logits,cal_spatial_inconsistency,mean_tile_miou,0.33624666272625486,0.367758261182227,0.07307010827221208,0.3653505413610604
P2,F1,13,stored_logits,cal_spatial_inconsistency,mean_tile_dice,0.5282569584229259,0.5328817111729449,0.10521464802773964,0.5260732401386982
P2,F1,13,stored_logits,cal_spatial_inconsistency,mean_tile_iou,0.5987146574856981,0.6206190424450765,0.12292537373889582,0.6146268686944791
P2,F1,13,stored_logits,cal_spatial_inconsistency,pooled_miou,0.22564606604955276,0.23499910459459233,0.046735405918542236,0.23367702959271117
P2,F1,13,stored_logits,cal_spatial_inconsistency,pooled_dice,0.2771620288901493,0.23597899080241522,0.046571015567746156,0.23285507783873077
P2,F1,13,stored_logits,cal_spatial_inconsistency,pooled_iou,0.3839984428644845,0.3740260424141176,0.07411509730665522,0.3705754865332761
P2,F1,13,stored_logits,cal_soft_dice_risk_binary,mean_tile_miou,0.2609372242167826,0.33742585729911373,0.06701039204745,0.33505196023725
P2,F1,13,stored_logits,cal_soft_dice_risk_binary,mean_tile_dice,0.26711017480728566,0.42370477018438446,0.08349072398682929,0.4174536199341464
P2,F1,13,stored_logits,cal_soft_dice_risk_binary,mean_tile_iou,0.35960061735069854,0.5292412987806394,0.10462353483812897,0.5231176741906448
P2,F1,13,stored_logits,cal_soft_dice_risk_binary,pooled_miou,0.2190526870574228,0.25148337819908706,0.05029305955243752,0.25146529776218757
P2,F1,13,stored_logits,cal_soft_dice_risk_binary,pooled_dice,0.1829234150284976,0.24427352828393256,0.048539075262250674,0.24269537631125335
P2,F1,13,stored_logits,cal_soft_dice_risk_binary,pooled_iou,0.2962405555481976,0.38511837995709125,0.07662543663345799,0.3831271831672899
P2,F1,13,stored_logits,cal_sdc_exact,mean_tile_miou,0.2609372242167826,0.33742585729911373,0.06701039204745,0.33505196023725
P2,F1,13,stored_logits,cal_sdc_exact,mean_tile_dice,0.26711017480728566,0.42370477018438446,0.08349072398682929,0.4174536199341464
P2,F1,13,stored_logits,cal_sdc_exact,mean_tile_iou,0.35960061735069854,0.5292412987806394,0.10462353483812897,0.5231176741906448
P2,F1,13,stored_logits,cal_sdc_exact,pooled_miou,0.2190526870574228,0.25148337819908706,0.05029305955243752,0.25146529776218757
P2,F1,13,stored_logits,cal_sdc_exact,pooled_dice,0.1829234150284976,0.24427352828393256,0.048539075262250674,0.24269537631125335
P2,F1,13,stored_logits,cal_sdc_exact,pooled_iou,0.2962405555481976,0.38511837995709125,0.07662543663345799,0.3831271831672899
P2,F1,13,stored_logits,t1_uncertainty,mean_tile_miou,0.3174863346464689,0.3469440518490755,0.06930515199663465,0.3465257599831732
P2,F1,13,stored_logits,t1_uncertainty,mean_tile_dice,0.5368797556991662,0.5350571136595551,0.10828175395897151,0.5414087697948575
P2,F1,13,stored_logits,t1_uncertainty,mean_tile_iou,0.6063191132520728,0.6232425295818493,0.12574669225768573,0.6287334612884286
P2,F1,13,stored_logits,t1_uncertainty,pooled_miou,0.22476477598910527,0.23037529425173467,0.0449743475847702,0.224871737923851
P2,F1,13,stored_logits,t1_uncertainty,pooled_dice,0.30629662498360744,0.2525451985466012,0.04946250045778595,0.24731250228892973
P2,F1,13,stored_logits,t1_uncertainty,pooled_iou,0.4120376748234651,0.3930273738708959,0.07734277745537368,0.3867138872768684
P2,F1,13,stored_logits,t1_top_tail_msp,mean_tile_miou,0.31689211311480997,0.3469440518490755,0.06930515199663465,0.3465257599831732
P2,F1,13,stored_logits,t1_top_tail_msp,mean_tile_dice,0.5359909698090085,0.5350571136595551,0.10828175395897151,0.5414087697948575
P2,F1,13,stored_logits,t1_top_tail_msp,mean_tile_iou,0.6051081536239121,0.6232425295818493,0.12574669225768573,0.6287334612884286
P2,F1,13,stored_logits,t1_top_tail_msp,pooled_miou,0.22337550128521436,0.23037529425173467,0.0449743475847702,0.224871737923851
P2,F1,13,stored_logits,t1_top_tail_msp,pooled_dice,0.3038673016667096,0.2525451985466012,0.04946250045778595,0.24731250228892973
P2,F1,13,stored_logits,t1_top_tail_msp,pooled_iou,0.40924535893306624,0.3930273738708959,0.07734277745537368,0.3867138872768684
P2,F1,13,stored_logits,t1_spatial_inconsistency,mean_tile_miou,0.338914101212859,0.36775826118222704,0.0734473830246157,0.3672369151230785
P2,F1,13,stored_logits,t1_spatial_inconsistency,mean_tile_dice,0.5349546389608222,0.5328817111729449,0.10593203798545756,0.5296601899272877
P2,F1,13,stored_logits,t1_spatial_inconsistency,mean_tile_iou,0.6046214456056145,0.6206190424450765,0.12350684974763287,0.6175342487381643
P2,F1,13,stored_logits,t1_spatial_inconsistency,pooled_miou,0.22585056049511656,0.23499910459459233,0.046874777142794984,0.2343738857139749
P2,F1,13,stored_logits,t1_spatial_inconsistency,pooled_dice,0.27765400733773277,0.23597899080241522,0.04671230723867152,0.2335615361933576
P2,F1,13,stored_logits,t1_spatial_inconsistency,pooled_iou,0.3848338953163641,0.3740260424141176,0.07428312362695919,0.3714156181347959
P2,F1,13,stored_logits,t1_soft_dice_risk_binary,mean_tile_miou,0.25624794368725934,0.3374288915155881,0.0669905488583535,0.33495274429176747
P2,F1,13,stored_logits,t1_soft_dice_risk_binary,mean_tile_dice,0.2700507909487361,0.4240007068141474,0.08385574956681781,0.419278747834089
P2,F1,13,stored_logits,t1_soft_dice_risk_binary,mean_tile_iou,0.3624947473345973,0.5294099352438695,0.10486253016248048,0.5243126508124024
P2,F1,13,stored_logits,t1_soft_dice_risk_binary,pooled_miou,0.20953574537567551,0.2512242910348879,0.04983573417488701,0.24917867087443502
P2,F1,13,stored_logits,t1_soft_dice_risk_binary,pooled_dice,0.18021439128641012,0.24400732380853093,0.04818213461589535,0.24091067307947675
P2,F1,13,stored_logits,t1_soft_dice_risk_binary,pooled_iou,0.29191621566898185,0.38479353506484354,0.0761755191987823,0.38087759599391147
P2,F1,13,stored_logits,t1_sdc_exact,mean_tile_miou,0.25624794368725934,0.3374288915155881,0.0669905488583535,0.33495274429176747
P2,F1,13,stored_logits,t1_sdc_exact,mean_tile_dice,0.2700507909487361,0.4240007068141474,0.08385574956681781,0.419278747834089
P2,F1,13,stored_logits,t1_sdc_exact,mean_tile_iou,0.3624947473345973,0.5294099352438695,0.10486253016248048,0.5243126508124024
P2,F1,13,stored_logits,t1_sdc_exact,pooled_miou,0.20953574537567551,0.2512242910348879,0.04983573417488701,0.24917867087443502
P2,F1,13,stored_logits,t1_sdc_exact,pooled_dice,0.18021439128641012,0.24400732380853093,0.04818213461589535,0.24091067307947675
P2,F1,13,stored_logits,t1_sdc_exact,pooled_iou,0.29191621566898185,0.38479353506484354,0.0761755191987823,0.38087759599391147
P2,F1,13,stored_logits,t1_v2_frozen_mapping,mean_tile_miou,0.27963298372816675,0.34232390456172856,0.06818116289944041,0.34090581449720203
P2,F1,13,stored_logits,t1_v2_frozen_mapping,mean_tile_dice,0.4332296582494944,0.5222897052124207,0.10401126821126766,0.5200563410563382
P2,F1,13,stored_logits,t1_v2_frozen_mapping,mean_tile_iou,0.5104417861069378,0.6113503848754378,0.12175463102337185,0.6087731551168593
P2,F1,13,stored_logits,t1_v2_frozen_mapping,pooled_miou,0.16670009329872307,0.22035163797969626,0.042955364695449534,0.21477682347724766
P2,F1,13,stored_logits,t1_v2_frozen_mapping,pooled_dice,0.1804338698325204,0.23260220698485748,0.04511822021329252,0.2255911010664626
P2,F1,13,stored_logits,t1_v2_frozen_mapping,pooled_iou,0.2902831346452751,0.37026029434692487,0.07219492296945744,0.36097461484728716
P2,F1,13,stored_logits,t1_v2_new_ecdf_fixed_weights,mean_tile_miou,0.2737868427655816,0.3402206928654937,0.06784149799316759,0.33920748996583794
P2,F1,13,stored_logits,t1_v2_new_ecdf_fixed_weights,mean_tile_dice,0.42435962895607354,0.5099067169413747,0.10260161169397175,0.5130080584698588
P2,F1,13,stored_logits,t1_v2_new_ecdf_fixed_weights,mean_tile_iou,0.501576388403521,0.6005875926363217,0.12056788594877295,0.6028394297438647
P2,F1,13,stored_logits,t1_v2_new_ecdf_fixed_weights,pooled_miou,0.1632069555705297,0.21447563691911245,0.04259723913934528,0.2129861956967264
P2,F1,13,stored_logits,t1_v2_new_ecdf_fixed_weights,pooled_dice,0.17616844098485418,0.22212577950069426,0.04434414755961644,0.22172073779808218
P2,F1,13,stored_logits,t1_v2_new_ecdf_fixed_weights,pooled_iou,0.28258733267553876,0.3565183080043888,0.07119644216036025,0.35598221080180126
P2,F1,13,stored_logits,t1_v2_refit,mean_tile_miou,0.27358588333757305,0.3402206928654937,0.06784149799316759,0.33920748996583794
P2,F1,13,stored_logits,t1_v2_refit,mean_tile_dice,0.42412482136188373,0.5099067169413747,0.10260161169397175,0.5130080584698588
P2,F1,13,stored_logits,t1_v2_refit,mean_tile_iou,0.5011811455789695,0.6005875926363217,0.12056788594877295,0.6028394297438647
P2,F1,13,stored_logits,t1_v2_refit,pooled_miou,0.16285518622007536,0.21447563691911245,0.04259723913934528,0.2129861956967264
P2,F1,13,stored_logits,t1_v2_refit,pooled_dice,0.17576195292985497,0.22212577950069426,0.04434414755961644,0.22172073779808218
P2,F1,13,stored_logits,t1_v2_refit,pooled_iou,0.28189404221125314,0.3565183080043888,0.07119644216036025,0.35598221080180126
P2,F1,37,stored_logits,cal_v2,mean_tile_miou,0.25400928586177857,0.33433913156751816,0.06626856685115119,0.33134283425575595
P2,F1,37,stored_logits,cal_v2,mean_tile_dice,0.36546463306772115,0.5037311323290536,0.09940380786104808,0.4970190393052404
P2,F1,37,stored_logits,cal_v2,mean_tile_iou,0.4493089559128641,0.5947961482171028,0.11749277801978614,0.5874638900989306
P2,F1,37,stored_logits,cal_v2,pooled_miou,0.15477317607037241,0.20771185320174484,0.03968451592871888,0.19842257964359442
P2,F1,37,stored_logits,cal_v2,pooled_dice,0.1575834954791152,0.21253954695674493,0.040027737195427446,0.20013868597713722
P2,F1,37,stored_logits,cal_v2,pooled_iou,0.26111463546363683,0.3457720211979624,0.06571481179623045,0.3285740589811523
P2,F1,37,stored_logits,cal_uncertainty,mean_tile_miou,0.31326204162751686,0.34027029037887524,0.06809409987816557,0.34047049939082785
P2,F1,37,stored_logits,cal_uncertainty,mean_tile_dice,0.5307176319225234,0.529129386364166,0.10573883704751276,0.5286941852375637
P2,F1,37,stored_logits,cal_uncertainty,mean_tile_iou,0.5999167487451329,0.6189917369065747,0.12358725728134363,0.6179362864067182
P2,F1,37,stored_logits,cal_uncertainty,pooled_miou,0.2090192446891109,0.21340128651354381,0.042631206367636586,0.2131560318381829
P2,F1,37,stored_logits,cal_uncertainty,pooled_dice,0.2760248445087713,0.23115492319203773,0.045842305900203696,0.22921152950101847
P2,F1,37,stored_logits,cal_uncertainty,pooled_iou,0.3833121975760147,0.3667813846257437,0.07312492968955775,0.36562464844778875
P2,F1,37,stored_logits,cal_top_tail_msp,mean_tile_miou,0.3128166336268817,0.34027029037887524,0.06814850251602439,0.34074251258012195
P2,F1,37,stored_logits,cal_top_tail_msp,mean_tile_dice,0.5302279952992246,0.529129386364166,0.10581457579544312,0.5290728789772156
P2,F1,37,stored_logits,cal_top_tail_msp,mean_tile_iou,0.5990422180526053,0.6189917369065747,0.12363931397936581,0.618196569896829
P2,F1,37,stored_logits,cal_top_tail_msp,pooled_miou,0.20863963448159267,0.21340128651354381,0.04274010764402015,0.21370053822010074
P2,F1,37,stored_logits,cal_top_tail_msp,pooled_dice,0.2757231474799397,0.23115492319203773,0.045967003767878774,0.22983501883939386
P2,F1,37,stored_logits,cal_top_tail_msp,pooled_iou,0.38254339326008197,0.3667813846257437,0.07328131916244288,0.36640659581221435
P2,F1,37,stored_logits,cal_spatial_inconsistency,mean_tile_miou,0.34288240384334795,0.361936559198628,0.0719129396331333,0.3595646981656665
P2,F1,37,stored_logits,cal_spatial_inconsistency,mean_tile_dice,0.5421088456335674,0.5123094230829468,0.10261816699663465,0.5130908349831732
P2,F1,37,stored_logits,cal_spatial_inconsistency,mean_tile_iou,0.6114238584430828,0.6026187587899396,0.12053395664122761,0.6026697832061381
P2,F1,37,stored_logits,cal_spatial_inconsistency,pooled_miou,0.21647708800770266,0.22385722420743,0.04372050944808108,0.21860254724040537
P2,F1,37,stored_logits,cal_spatial_inconsistency,pooled_dice,0.26261843969541054,0.21569226058822558,0.04227968998085849,0.21139844990429243
P2,F1,37,stored_logits,cal_spatial_inconsistency,pooled_iou,0.36721155808762607,0.34957084765257784,0.06876159619268285,0.34380798096341425
P2,F1,37,stored_logits,cal_soft_dice_risk_binary,mean_tile_miou,0.25029212513228305,0.3252821124509564,0.06459265221028335,0.3229632610514167
P2,F1,37,stored_logits,cal_soft_dice_risk_binary,mean_tile_dice,0.25163787257703896,0.40673713358552155,0.0798085348604003,0.39904267430200147
P2,F1,37,stored_logits,cal_soft_dice_risk_binary,mean_tile_iou,0.3445310457301482,0.5134906310260238,0.10125391199246113,0.5062695599623056
P2,F1,37,stored_logits,cal_soft_dice_risk_binary,pooled_miou,0.19665853719480522,0.22393811023386678,0.04516240345270297,0.22581201726351482
P2,F1,37,stored_logits,cal_soft_dice_risk_binary,pooled_dice,0.15865078520658027,0.2106606962985084,0.042202700075209,0.211013500376045
P2,F1,37,stored_logits,cal_soft_dice_risk_binary,pooled_iou,0.26427501611140713,0.3425993489084036,0.06862812594695768,0.34314062973478837
P2,F1,37,stored_logits,cal_sdc_exact,mean_tile_miou,0.25029212513228305,0.3252821124509564,0.06459265221028335,0.3229632610514167
P2,F1,37,stored_logits,cal_sdc_exact,mean_tile_dice,0.25163787257703896,0.40673713358552155,0.0798085348604003,0.39904267430200147
P2,F1,37,stored_logits,cal_sdc_exact,mean_tile_iou,0.3445310457301482,0.5134906310260238,0.10125391199246113,0.5062695599623056
P2,F1,37,stored_logits,cal_sdc_exact,pooled_miou,0.19665853719480522,0.22393811023386678,0.04516240345270297,0.22581201726351482
P2,F1,37,stored_logits,cal_sdc_exact,pooled_dice,0.15865078520658027,0.2106606962985084,0.042202700075209,0.211013500376045
P2,F1,37,stored_logits,cal_sdc_exact,pooled_iou,0.26427501611140713,0.3425993489084036,0.06862812594695768,0.34314062973478837
P2,F1,37,stored_logits,t1_uncertainty,mean_tile_miou,0.3132411691665049,0.34027029037887524,0.06809409987816557,0.34047049939082785
P2,F1,37,stored_logits,t1_uncertainty,mean_tile_dice,0.5307415394503787,0.529129386364166,0.10573883704751276,0.5286941852375637
P2,F1,37,stored_logits,t1_uncertainty,mean_tile_iou,0.5999012137896951,0.6189917369065747,0.12358725728134363,0.6179362864067182
P2,F1,37,stored_logits,t1_uncertainty,pooled_miou,0.20896373041941638,0.21340128651354381,0.042631206367636586,0.2131560318381829
P2,F1,37,stored_logits,t1_uncertainty,pooled_dice,0.2758952348683294,0.23115492319203773,0.045842305900203696,0.22921152950101847
P2,F1,37,stored_logits,t1_uncertainty,pooled_iou,0.38322954496211703,0.3667813846257437,0.07312492968955775,0.36562464844778875
P2,F1,37,stored_logits,t1_top_tail_msp,mean_tile_miou,0.3128166336268817,0.34027029037887524,0.06814850251602439,0.34074251258012195
P2,F1,37,stored_logits,t1_top_tail_msp,mean_tile_dice,0.5302279952992246,0.529129386364166,0.10581457579544312,0.5290728789772156
P2,F1,37,stored_logits,t1_top_tail_msp,mean_tile_iou,0.5990422180526053,0.6189917369065747,0.12363931397936581,0.618196569896829
P2,F1,37,stored_logits,t1_top_tail_msp,pooled_miou,0.20863963448159267,0.21340128651354381,0.04274010764402015,0.21370053822010074
P2,F1,37,stored_logits,t1_top_tail_msp,pooled_dice,0.2757231474799397,0.23115492319203773,0.045967003767878774,0.22983501883939386
P2,F1,37,stored_logits,t1_top_tail_msp,pooled_iou,0.38254339326008197,0.3667813846257437,0.07328131916244288,0.36640659581221435
P2,F1,37,stored_logits,t1_spatial_inconsistency,mean_tile_miou,0.3432926801848621,0.3623420696144817,0.07197146398620415,0.3598573199310207
P2,F1,37,stored_logits,t1_spatial_inconsistency,mean_tile_dice,0.5429556520017907,0.514069626983021,0.10275430976678354,0.5137715488339176
P2,F1,37,stored_logits,t1_spatial_inconsistency,mean_tile_iou,0.6121832459469347,0.6039059039092447,0.12063543584990567,0.6031771792495283
P2,F1,37,stored_logits,t1_spatial_inconsistency,pooled_miou,0.21763664052770976,0.2234923103578342,0.04381329347367588,0.2190664673683794
P2,F1,37,stored_logits,t1_spatial_inconsistency,pooled_dice,0.2645241438554183,0.21550671674220992,0.04241129863209464,0.2120564931604732
P2,F1,37,stored_logits,t1_spatial_inconsistency,pooled_iou,0.3695513270673645,0.34933718664177504,0.06892286245409243,0.34461431227046213
P2,F1,37,stored_logits,t1_soft_dice_risk_binary,mean_tile_miou,0.24398539581955173,0.3252821124509564,0.06444308966180017,0.3222154483090008
P2,F1,37,stored_logits,t1_soft_dice_risk_binary,mean_tile_dice,0.2496197063256227,0.40673713358552144,0.07952077561902099,0.39760387809510495
P2,F1,37,stored_logits,t1_soft_dice_risk_binary,mean_tile_iou,0.3421089663465734,0.5134906310260238,0.1010180860275734,0.5050904301378669
P2,F1,37,stored_logits,t1_soft_dice_risk_binary,pooled_miou,0.1892394486068106,0.22393811023386678,0.04503679997697446,0.2251839998848723
P2,F1,37,stored_logits,t1_soft_dice_risk_binary,pooled_dice,0.15599031929305843,0.2106606962985084,0.042079644256111895,0.21039822128055946
P2,F1,37,stored_logits,t1_soft_dice_risk_binary,pooled_iou,0.2601792368923457,0.3425993489084036,0.06844087086712894,0.34220435433564467
P2,F1,37,stored_logits,t1_sdc_exact,mean_tile_miou,0.24398539581955173,0.3252821124509564,0.06444308966180017,0.3222154483090008
P2,F1,37,stored_logits,t1_sdc_exact,mean_tile_dice,0.2496197063256227,0.40673713358552144,0.07952077561902099,0.39760387809510495
P2,F1,37,stored_logits,t1_sdc_exact,mean_tile_iou,0.3421089663465734,0.5134906310260238,0.1010180860275734,0.5050904301378669
P2,F1,37,stored_logits,t1_sdc_exact,pooled_miou,0.1892394486068106,0.22393811023386678,0.04503679997697446,0.2251839998848723
P2,F1,37,stored_logits,t1_sdc_exact,pooled_dice,0.15599031929305843,0.2106606962985084,0.042079644256111895,0.21039822128055946
P2,F1,37,stored_logits,t1_sdc_exact,pooled_iou,0.2601792368923457,0.3425993489084036,0.06844087086712894,0.34220435433564467
P2,F1,37,stored_logits,t1_v2_frozen_mapping,mean_tile_miou,0.2535514338147008,0.3343391315675182,0.06644410236402594,0.3322205118201297
P2,F1,37,stored_logits,t1_v2_frozen_mapping,mean_tile_dice,0.36170846541601054,0.5037311323290536,0.09963346978369077,0.4981673489184538
P2,F1,37,stored_logits,t1_v2_frozen_mapping,mean_tile_iou,0.4476195022022752,0.5947961482171028,0.1178096221276928,0.589048110638464
P2,F1,37,stored_logits,t1_v2_frozen_mapping,pooled_miou,0.15882745034819218,0.20771185320174484,0.04025172527284247,0.20125862636421235
P2,F1,37,stored_logits,t1_v2_frozen_mapping,pooled_dice,0.16321434160033965,0.21253954695674493,0.041081308566069064,0.20540654283034532
P2,F1,37,stored_logits,t1_v2_frozen_mapping,pooled_iou,0.26854500011658955,0.3457720211979624,0.06700898028626187,0.3350449014313093
P2,F1,37,stored_logits,t1_v2_new_ecdf_fixed_weights,mean_tile_miou,0.25430826564860054,0.33190309541089,0.06613753129102219,0.33068765645511095
P2,F1,37,stored_logits,t1_v2_new_ecdf_fixed_weights,mean_tile_dice,0.36622191014974836,0.4965423370713068,0.09902779590682494,0.49513897953412467
P2,F1,37,stored_logits,t1_v2_new_ecdf_fixed_weights,mean_tile_iou,0.4501400423870922,0.5882930415088422,0.11715843689596718,0.5857921844798358
P2,F1,37,stored_logits,t1_v2_new_ecdf_fixed_weights,pooled_miou,0.15462695723346612,0.20389287079329382,0.03947509573539029,0.19737547867695146
P2,F1,37,stored_logits,t1_v2_new_ecdf_fixed_weights,pooled_dice,0.15726820793726812,0.2060591498242069,0.03968274769157565,0.19841373845787824
P2,F1,37,stored_logits,t1_v2_new_ecdf_fixed_weights,pooled_iou,0.2609483995299291,0.33751713088129487,0.06527587540700772,0.32637937703503855
P2,F1,37,stored_logits,t1_v2_refit,mean_tile_miou,0.2552355090087382,0.33190309541089,0.06613753129102219,0.33068765645511095
P2,F1,37,stored_logits,t1_v2_refit,mean_tile_dice,0.36759802762833194,0.4965423370713068,0.09902779590682494,0.49513897953412467
P2,F1,37,stored_logits,t1_v2_refit,mean_tile_iou,0.45233171868897293,0.5882930415088422,0.11715843689596718,0.5857921844798358
P2,F1,37,stored_logits,t1_v2_refit,pooled_miou,0.15740728855836103,0.20389287079329382,0.03947509573539029,0.19737547867695146
P2,F1,37,stored_logits,t1_v2_refit,pooled_dice,0.16136098472594548,0.2060591498242069,0.03968274769157565,0.19841373845787824
P2,F1,37,stored_logits,t1_v2_refit,pooled_iou,0.26659979200194495,0.33751713088129487,0.06527587540700772,0.32637937703503855
P2,F1,71,stored_logits,cal_v2,mean_tile_miou,0.2667660435940671,0.33440803907406197,0.06707190066460089,0.33535950332300446
P2,F1,71,stored_logits,cal_v2,mean_tile_dice,0.4125734492993225,0.5148790005565329,0.10314970528243392,0.5157485264121695
P2,F1,71,stored_logits,cal_v2,mean_tile_iou,0.4899079408611268,0.6035981708666125,0.1208598530000673,0.6042992650003365
P2,F1,71,stored_logits,cal_v2,pooled_miou,0.15080052166322142,0.20280716164005386,0.04042491185172288,0.2021245592586144
P2,F1,71,stored_logits,cal_v2,pooled_dice,0.1626376469825717,0.21681811362162356,0.042998876963589686,0.21499438481794841
P2,F1,71,stored_logits,cal_v2,pooled_iou,0.2643306377432773,0.3479011415637914,0.06915011501592444,0.3457505750796222
P2,F1,71,stored_logits,cal_uncertainty,mean_tile_miou,0.31528583660578935,0.3448837512494113,0.06911053372093552,0.3455526686046776
P2,F1,71,stored_logits,cal_uncertainty,mean_tile_dice,0.5397082373954649,0.5398717745192434,0.10919774651199624,0.5459887325599811
P2,F1,71,stored_logits,cal_uncertainty,mean_tile_iou,0.6088299434082903,0.6277932028905655,0.12683524855365663,0.6341762427682831
P2,F1,71,stored_logits,cal_uncertainty,pooled_miou,0.20758060496158637,0.21709715423600395,0.044160389103123976,0.22080194551561988
P2,F1,71,stored_logits,cal_uncertainty,pooled_dice,0.27942852641152416,0.24255440146000376,0.05044023419303927,0.25220117096519634
P2,F1,71,stored_logits,cal_uncertainty,pooled_iou,0.3850381870559286,0.3762870806691838,0.07742042188828792,0.3871021094414396
P2,F1,71,stored_logits,cal_top_tail_msp,mean_tile_miou,0.317609518902472,0.3448837512494113,0.06929209278392542,0.3464604639196271
P2,F1,71,stored_logits,cal_top_tail_msp,mean_tile_dice,0.5448281643922731,0.5398717745192434,0.10895455938978071,0.5447727969489036
P2,F1,71,stored_logits,cal_top_tail_msp,mean_tile_iou,0.6128618053451704,0.6277932028905655,0.1265861050896523,0.6329305254482614
P2,F1,71,stored_logits,cal_top_tail_msp,pooled_miou,0.21395211826432303,0.21709715423600395,0.044320761197087,0.221603805985435
P2,F1,71,stored_logits,cal_top_tail_msp,pooled_dice,0.29457098336436505,0.24255440146000376,0.05044204270187559,0.25221021350937795
P2,F1,71,stored_logits,cal_top_tail_msp,pooled_iou,0.3969019079026108,0.3762870806691838,0.07742275267242217,0.38711376336211084
P2,F1,71,stored_logits,cal_spatial_inconsistency,mean_tile_miou,0.36382888262348484,0.3701212059142558,0.07427383138832108,0.3713691569416054
P2,F1,71,stored_logits,cal_spatial_inconsistency,mean_tile_dice,0.5911574121193528,0.5241898903613191,0.10675164194782161,0.533758209739108
P2,F1,71,stored_logits,cal_spatial_inconsistency,mean_tile_iou,0.6617620739596648,0.6185887225713558,0.12543360400047046,0.6271680200023523
P2,F1,71,stored_logits,cal_spatial_inconsistency,pooled_miou,0.25307116258186174,0.2493939663402716,0.04930807767507531,0.24654038837537653
P2,F1,71,stored_logits,cal_spatial_inconsistency,pooled_dice,0.33249040578530664,0.25964418951091345,0.05184582342688733,0.25922911713443664
P2,F1,71,stored_logits,cal_spatial_inconsistency,pooled_iou,0.4429475678793164,0.39833913915284413,0.07948562078433988,0.39742810392169936
P2,F1,71,stored_logits,cal_soft_dice_risk_binary,mean_tile_miou,0.2559558939661888,0.33496176373884373,0.06658943419384666,0.3329471709692333
P2,F1,71,stored_logits,cal_soft_dice_risk_binary,mean_tile_dice,0.26209378064894484,0.42027981924449503,0.08312341404732562,0.4156170702366281
P2,F1,71,stored_logits,cal_soft_dice_risk_binary,mean_tile_iou,0.35698610534416864,0.5294767367691701,0.10500222557621063,0.5250111278810531
P2,F1,71,stored_logits,cal_soft_dice_risk_binary,pooled_miou,0.21664246995392578,0.25296116037483685,0.05026370378477266,0.2513185189238633
P2,F1,71,stored_logits,cal_soft_dice_risk_binary,pooled_dice,0.19082675229293322,0.25606586971406214,0.05061377171823436,0.2530688585911718
P2,F1,71,stored_logits,cal_soft_dice_risk_binary,pooled_iou,0.30288952709277345,0.3941523337644396,0.07808371297111502,0.3904185648555751
P2,F1,71,stored_logits,cal_sdc_exact,mean_tile_miou,0.2559558939661888,0.33496176373884373,0.06658943419384666,0.3329471709692333
P2,F1,71,stored_logits,cal_sdc_exact,mean_tile_dice,0.26209378064894484,0.42027981924449503,0.08312341404732562,0.4156170702366281
P2,F1,71,stored_logits,cal_sdc_exact,mean_tile_iou,0.35698610534416864,0.5294767367691701,0.10500222557621063,0.5250111278810531
P2,F1,71,stored_logits,cal_sdc_exact,pooled_miou,0.21664246995392578,0.25296116037483685,0.05026370378477266,0.2513185189238633
P2,F1,71,stored_logits,cal_sdc_exact,pooled_dice,0.19082675229293322,0.25606586971406214,0.05061377171823436,0.2530688585911718
P2,F1,71,stored_logits,cal_sdc_exact,pooled_iou,0.30288952709277345,0.3941523337644396,0.07808371297111502,0.3904185648555751
P2,F1,71,stored_logits,t1_uncertainty,mean_tile_miou,0.3165973235107776,0.3448837512494113,0.06911053372093552,0.3455526686046776
P2,F1,71,stored_logits,t1_uncertainty,mean_tile_dice,0.5422152413916909,0.5398717745192434,0.10919774651199624,0.5459887325599811
P2,F1,71,stored_logits,t1_uncertainty,mean_tile_iou,0.6107109752757456,0.6277932028905655,0.12683524855365663,0.6341762427682831
P2,F1,71,stored_logits,t1_uncertainty,pooled_miou,0.2127185889450346,0.21709715423600395,0.044160389103123976,0.22080194551561988
P2,F1,71,stored_logits,t1_uncertainty,pooled_dice,0.29255125343390975,0.24255440146000376,0.05044023419303927,0.25220117096519634
P2,F1,71,stored_logits,t1_uncertainty,pooled_iou,0.39464200687378254,0.3762870806691838,0.07742042188828792,0.3871021094414396
P2,F1,71,stored_logits,t1_top_tail_msp,mean_tile_miou,0.31761055297924456,0.3448837512494113,0.06929209278392542,0.3464604639196271
P2,F1,71,stored_logits,t1_top_tail_msp,mean_tile_dice,0.5448281643922731,0.5398717745192434,0.10895455938978071,0.5447727969489036
P2,F1,71,stored_logits,t1_top_tail_msp,mean_tile_iou,0.6128618053451704,0.6277932028905655,0.1265861050896523,0.6329305254482614
P2,F1,71,stored_logits,t1_top_tail_msp,pooled_miou,0.21396769957731296,0.21709715423600395,0.044320761197087,0.221603805985435
P2,F1,71,stored_logits,t1_top_tail_msp,pooled_dice,0.2945903315703725,0.24255440146000376,0.05044204270187559,0.25221021350937795
P2,F1,71,stored_logits,t1_top_tail_msp,pooled_iou,0.39693091329020724,0.3762870806691838,0.07742275267242217,0.38711376336211084
P2,F1,71,stored_logits,t1_spatial_inconsistency,mean_tile_miou,0.3638522940825818,0.3686546734152353,0.07420050476337005,0.3710025238168502
P2,F1,71,stored_logits,t1_spatial_inconsistency,mean_tile_dice,0.5919136407849341,0.533343986508785,0.10720934675519492,0.5360467337759746
P2,F1,71,stored_logits,t1_spatial_inconsistency,mean_tile_iou,0.6623436298031071,0.6255649851366367,0.1257824171287345,0.6289120856436725
P2,F1,71,stored_logits,t1_spatial_inconsistency,pooled_miou,0.25261324570579696,0.24106742396905584,0.04889175055651452,0.2444587527825726
P2,F1,71,stored_logits,t1_spatial_inconsistency,pooled_dice,0.33216927573840027,0.25383369427919716,0.05155529866530151,0.25777649332650754
P2,F1,71,stored_logits,t1_spatial_inconsistency,pooled_iou,0.44252873388169817,0.390826267738858,0.07910997721364058,0.39554988606820285
P2,F1,71,stored_logits,t1_soft_dice_risk_binary,mean_tile_miou,0.2497505776227837,0.33496176373884373,0.06648364609192248,0.3324182304596124
P2,F1,71,stored_logits,t1_soft_dice_risk_binary,mean_tile_dice,0.2613713721181906,0.42027981924449503,0.08289405895473292,0.4144702947736646
P2,F1,71,stored_logits,t1_soft_dice_risk_binary,mean_tile_iou,0.3558177357293744,0.5294767367691701,0.10480092423780837,0.5240046211890418
P2,F1,71,stored_logits,t1_soft_dice_risk_binary,pooled_miou,0.2070990281911403,0.25296116037483685,0.050246008630684826,0.2512300431534241
P2,F1,71,stored_logits,t1_soft_dice_risk_binary,pooled_dice,0.1863727009370878,0.25606586971406214,0.05060099169428482,0.25300495847142407
P2,F1,71,stored_logits,t1_soft_dice_risk_binary,pooled_iou,0.2967864899864045,0.3941523337644396,0.07806290618303027,0.39031453091515134
P2,F1,71,stored_logits,t1_sdc_exact,mean_tile_miou,0.2497505776227837,0.33496176373884373,0.06648364609192248,0.3324182304596124
P2,F1,71,stored_logits,t1_sdc_exact,mean_tile_dice,0.2613713721181906,0.42027981924449503,0.08289405895473292,0.4144702947736646
P2,F1,71,stored_logits,t1_sdc_exact,mean_tile_iou,0.3558177357293744,0.5294767367691701,0.10480092423780837,0.5240046211890418
P2,F1,71,stored_logits,t1_sdc_exact,pooled_miou,0.2070990281911403,0.25296116037483685,0.050246008630684826,0.2512300431534241
P2,F1,71,stored_logits,t1_sdc_exact,pooled_dice,0.1863727009370878,0.25606586971406214,0.05060099169428482,0.25300495847142407
P2,F1,71,stored_logits,t1_sdc_exact,pooled_iou,0.2967864899864045,0.3941523337644396,0.07806290618303027,0.39031453091515134
P2,F1,71,stored_logits,t1_v2_frozen_mapping,mean_tile_miou,0.2719275254947209,0.33549383928808635,0.06737089951435282,0.3368544975717641
P2,F1,71,stored_logits,t1_v2_frozen_mapping,mean_tile_dice,0.42342175735868226,0.521547951207768,0.10472942961872025,0.5236471480936012
P2,F1,71,stored_logits,t1_v2_frozen_mapping,mean_tile_iou,0.5017833116066108,0.610578040402936,0.12243992101913015,0.6121996050956507
P2,F1,71,stored_logits,t1_v2_frozen_mapping,pooled_miou,0.1521320245604296,0.20543321732569092,0.040609242599003545,0.2030462129950177
P2,F1,71,stored_logits,t1_v2_frozen_mapping,pooled_dice,0.16570073080513315,0.2214372934300166,0.04364054814679819,0.21820274073399096
P2,F1,71,stored_logits,t1_v2_frozen_mapping,pooled_iou,0.2688354398917706,0.3550792003608701,0.07009222650629286,0.35046113253146427
P2,F1,71,stored_logits,t1_v2_new_ecdf_fixed_weights,mean_tile_miou,0.26861379430903276,0.33525573290444566,0.06719393939596133,0.3359696969798066
P2,F1,71,stored_logits,t1_v2_new_ecdf_fixed_weights,mean_tile_dice,0.41661034661546054,0.5129078788634299,0.10329467078749435,0.5164733539374717
P2,F1,71,stored_logits,t1_v2_new_ecdf_fixed_weights,mean_tile_iou,0.4937790027260508,0.6012939511000759,0.12096801252923564,0.6048400626461782
P2,F1,71,stored_logits,t1_v2_new_ecdf_fixed_weights,pooled_miou,0.15078008562806153,0.19736023906724331,0.040132413495356706,0.20066206747678353
P2,F1,71,stored_logits,t1_v2_new_ecdf_fixed_weights,pooled_dice,0.16290418458023292,0.20886211154906384,0.04261578885139598,0.2130789442569799
P2,F1,71,stored_logits,t1_v2_new_ecdf_fixed_weights,pooled_iou,0.264620361814334,0.33734901163246944,0.06864290605708287,0.3432145302854143
P2,F1,71,stored_logits,t1_v2_refit,mean_tile_miou,0.26864771556184336,0.3355375781091017,0.06722786064877195,0.33613930324385977
P2,F1,71,stored_logits,t1_v2_refit,mean_tile_dice,0.41661349959043076,0.5130060534646819,0.1032978237624646,0.516489118812323
P2,F1,71,stored_logits,t1_v2_refit,mean_tile_iou,0.49378420599440775,0.6014548815870623,0.12097321579759251,0.6048660789879625
P2,F1,71,stored_logits,t1_v2_refit,pooled_miou,0.15080481494255618,0.19785411949918563,0.040157142809851346,0.2007857140492567
P2,F1,71,stored_logits,t1_v2_refit,pooled_dice,0.16292305340624272,0.20932737543106472,0.04263465767740576,0.21317328838702881
P2,F1,71,stored_logits,t1_v2_refit,pooled_iou,0.26465191524516574,0.33812644073983356,0.06867445948791462,0.3433722974395731
P2,F2,13,stored_logits,cal_v2,mean_tile_miou,0.3071350072516005,0.3616608019832712,0.07252381797022961,0.36261908985114805
P2,F2,13,stored_logits,cal_v2,mean_tile_dice,0.531952822412307,0.6916607678673298,0.1378932928801952,0.6894664644009759
P2,F2,13,stored_logits,cal_v2,mean_tile_iou,0.6177293449932435,0.7716388345759203,0.15398717013311974,0.7699358506655987
P2,F2,13,stored_logits,cal_v2,pooled_miou,0.24393151267931623,0.299933447227199,0.06054568050875404,0.3027284025437702
P2,F2,13,stored_logits,cal_v2,pooled_dice,0.28902430825988973,0.3729223550652619,0.07546420936587464,0.3773210468293732
P2,F2,13,stored_logits,cal_v2,pooled_iou,0.42593576653670806,0.5349249245048501,0.10770579528793092,0.5385289764396546
P2,F2,13,stored_logits,cal_uncertainty,mean_tile_miou,0.3218425690092391,0.35894662621503975,0.07252059498197606,0.3626029749098803
P2,F2,13,stored_logits,cal_uncertainty,mean_tile_dice,0.7370573004551985,0.7458008583040113,0.1496681341761389,0.7483406708806944
P2,F2,13,stored_logits,cal_uncertainty,mean_tile_iou,0.7874112773151762,0.8154881896233311,0.16348339946084745,0.8174169973042372
P2,F2,13,stored_logits,cal_uncertainty,pooled_miou,0.3518809836329145,0.32045855013711266,0.06332345837102973,0.31661729185514864
P2,F2,13,stored_logits,cal_uncertainty,pooled_dice,0.5712432013141616,0.4380253487462737,0.08571432441793378,0.42857162208966887
P2,F2,13,stored_logits,cal_uncertainty,pooled_iou,0.6793360315704732,0.6012798506912984,0.11822170068311305,0.5911085034155652
P2,F2,13,stored_logits,cal_top_tail_msp,mean_tile_miou,0.3207877737079286,0.35894662621503975,0.07242553477869655,0.3621276738934827
P2,F2,13,stored_logits,cal_top_tail_msp,mean_tile_dice,0.7371416626011064,0.7458008583040113,0.14963899907332473,0.7481949953666236
P2,F2,13,stored_logits,cal_top_tail_msp,mean_tile_iou,0.7874341342568847,0.8154881896233311,0.16343929684741987,0.8171964842370993
P2,F2,13,stored_logits,cal_top_tail_msp,pooled_miou,0.3520757666957528,0.32045855013711266,0.0633179172912812,0.31658958645640595
P2,F2,13,stored_logits,cal_top_tail_msp,pooled_dice,0.5719371235631258,0.4380253487462737,0.08569752040203721,0.42848760201018604
P2,F2,13,stored_logits,cal_top_tail_msp,pooled_iou,0.6797303435884599,0.6012798506912984,0.11820262703914644,0.5910131351957322
P2,F2,13,stored_logits,cal_spatial_inconsistency,mean_tile_miou,0.3234110192190834,0.36838850059512857,0.07390782395038738,0.3695391197519369
P2,F2,13,stored_logits,cal_spatial_inconsistency,mean_tile_dice,0.7410877706365844,0.7401931141036039,0.14846949321899636,0.7423474660949817
P2,F2,13,stored_logits,cal_spatial_inconsistency,mean_tile_iou,0.7907643275377827,0.8117603279960779,0.16285979023460107,0.8142989511730053
P2,F2,13,stored_logits,cal_spatial_inconsistency,pooled_miou,0.3585417536975702,0.31203576037213426,0.06357989498002714,0.3178994749001357
P2,F2,13,stored_logits,cal_spatial_inconsistency,pooled_dice,0.5898790620006489,0.41307275414368433,0.0851559673980306,0.4257798369901529
P2,F2,13,stored_logits,cal_spatial_inconsistency,pooled_iou,0.6903243895502706,0.5770824076988098,0.11759448083518742,0.5879724041759371
P2,F2,13,stored_logits,cal_soft_dice_risk_binary,mean_tile_miou,0.335512643841782,0.3790755321164138,0.07572518920509407,0.3786259460254703
P2,F2,13,stored_logits,cal_soft_dice_risk_binary,mean_tile_dice,0.4862499686367637,0.6650326130310532,0.13230815477819302,0.6615407738909651
P2,F2,13,stored_logits,cal_soft_dice_risk_binary,mean_tile_iou,0.5812315738580578,0.7505198588286123,0.14961564927434748,0.7480782463717374
P2,F2,13,stored_logits,cal_soft_dice_risk_binary,pooled_miou,0.29309328447393695,0.3191299085728976,0.06385899610637166,0.3192949805318583
P2,F2,13,stored_logits,cal_soft_dice_risk_binary,pooled_dice,0.3342879405943104,0.3982781891984933,0.07957135575824523,0.3978567787912261
P2,F2,13,stored_logits,cal_soft_dice_risk_binary,pooled_iou,0.4757429525578424,0.5552866794812313,0.11097798701155731,0.5548899350577865
P2,F2,13,stored_logits,cal_sdc_exact,mean_tile_miou,0.33672552147560625,0.37914803766730376,0.07616174254865497,0.3808087127432748
P2,F2,13,stored_logits,cal_sdc_exact,mean_tile_dice,0.4862499686367637,0.6650326130310532,0.13230815477819302,0.6615407738909651
P2,F2,13,stored_logits,cal_sdc_exact,mean_tile_iou,0.5812315738580578,0.7505198588286123,0.14961564927434748,0.7480782463717374
P2,F2,13,stored_logits,cal_sdc_exact,pooled_miou,0.2933310369101746,0.3197250097988547,0.06401223238765373,0.3200611619382686
P2,F2,13,stored_logits,cal_sdc_exact,pooled_dice,0.3346438984472705,0.399231822214015,0.07978334155793046,0.39891670778965227
P2,F2,13,stored_logits,cal_sdc_exact,pooled_iou,0.4762071657317765,0.5565314240338884,0.11125451059981675,0.5562725529990837
P2,F2,13,stored_logits,t1_uncertainty,mean_tile_miou,0.32072460225990196,0.35894662621503975,0.07242553477869655,0.3621276738934827
P2,F2,13,stored_logits,t1_uncertainty,mean_tile_dice,0.7369671571298968,0.7458008583040113,0.14963899907332473,0.7481949953666236
P2,F2,13,stored_logits,t1_uncertainty,mean_tile_iou,0.7873144113034594,0.8154881896233311,0.16343929684741987,0.8171964842370993
P2,F2,13,stored_logits,t1_uncertainty,pooled_miou,0.35192273900397286,0.32045855013711266,0.0633179172912812,0.31658958645640595
P2,F2,13,stored_logits,t1_uncertainty,pooled_dice,0.5715956787502984,0.4380253487462737,0.08569752040203721,0.42848760201018604
P2,F2,13,stored_logits,t1_uncertainty,pooled_iou,0.6794312096513949,0.6012798506912984,0.11820262703914644,0.5910131351957322
P2,F2,13,stored_logits,t1_top_tail_msp,mean_tile_miou,0.3204159251994574,0.35894662621503975,0.07240798470741722,0.3620399235370861
P2,F2,13,stored_logits,t1_top_tail_msp,mean_tile_dice,0.7384900044851047,0.7458008583040113,0.14960989129874142,0.748049456493707
P2,F2,13,stored_logits,t1_top_tail_msp,mean_tile_iou,0.7885005666458973,0.8154881896233311,0.1634028576519335,0.8170142882596674
P2,F2,13,stored_logits,t1_top_tail_msp,pooled_miou,0.3541765037159462,0.32045855013711266,0.06323772279689976,0.3161886139844988
P2,F2,13,stored_logits,t1_top_tail_msp,pooled_dice,0.5791398533803734,0.4380253487462737,0.08555241430897009,0.42776207154485046
P2,F2,13,stored_logits,t1_top_tail_msp,pooled_iou,0.6839128016608326,0.6012798506912984,0.1180420837957445,0.5902104189787225
P2,F2,13,stored_logits,t1_spatial_inconsistency,mean_tile_miou,0.3229641858158255,0.37130773801365785,0.07393321398009461,0.36966606990047307
P2,F2,13,stored_logits,t1_spatial_inconsistency,mean_tile_dice,0.7442346736200234,0.7492465095576571,0.14909398299466253,0.7454699149733126
P2,F2,13,stored_logits,t1_spatial_inconsistency,mean_tile_iou,0.7929997423999987,0.8185420366175089,0.16314273756303732,0.8157136878151866
P2,F2,13,stored_logits,t1_spatial_inconsistency,pooled_miou,0.3591617744932639,0.31539330153026396,0.062342996221183354,0.3117149811059168
P2,F2,13,stored_logits,t1_spatial_inconsistency,pooled_dice,0.5928267000920858,0.4211456736706866,0.08325406586297496,0.4162703293148748
P2,F2,13,stored_logits,t1_spatial_inconsistency,pooled_iou,0.6919143590395817,0.5847210747524908,0.11543214802540194,0.5771607401270097
P2,F2,13,stored_logits,t1_soft_dice_risk_binary,mean_tile_miou,0.3323354498448567,0.3778749078651835,0.075595146879983,0.377975734399915
P2,F2,13,stored_logits,t1_soft_dice_risk_binary,mean_tile_dice,0.48026912769341423,0.6610923052402299,0.13193121025217286,0.6596560512608642
P2,F2,13,stored_logits,t1_soft_dice_risk_binary,mean_tile_iou,0.5761995410428994,0.748088685505827,0.14936441471285572,0.7468220735642785
P2,F2,13,stored_logits,t1_soft_dice_risk_binary,pooled_miou,0.2911568083270856,0.3196870167992326,0.06386321049157856,0.3193160524578928
P2,F2,13,stored_logits,t1_soft_dice_risk_binary,pooled_dice,0.3317457389766302,0.3977120049647744,0.07951128245456933,0.3975564122728466
P2,F2,13,stored_logits,t1_soft_dice_risk_binary,pooled_iou,0.4730571569625107,0.5547196362748598,0.1109138286732875,0.5545691433664375
P2,F2,13,stored_logits,t1_sdc_exact,mean_tile_miou,0.3337337474210767,0.37794741341607346,0.07603246251480753,0.3801623125740376
P2,F2,13,stored_logits,t1_sdc_exact,mean_tile_dice,0.48026912769341423,0.6610923052402299,0.13193121025217286,0.6596560512608642
P2,F2,13,stored_logits,t1_sdc_exact,mean_tile_iou,0.5761995410428994,0.748088685505827,0.14936441471285572,0.7468220735642785
P2,F2,13,stored_logits,t1_sdc_exact,pooled_miou,0.2914356100110205,0.32028211802518974,0.06402116085651628,0.3201058042825814
P2,F2,13,stored_logits,t1_sdc_exact,pooled_dice,0.3321616247800999,0.39866563798029603,0.07973205871665856,0.3986602935832928
P2,F2,13,stored_logits,t1_sdc_exact,pooled_iou,0.4735995982027921,0.555964380827517,0.11120186256865594,0.5560093128432797
P2,F2,13,stored_logits,t1_v2_frozen_mapping,mean_tile_miou,0.33198744307273315,0.3785247949332815,0.07549914465582253,0.3774957232791126
P2,F2,13,stored_logits,t1_v2_frozen_mapping,mean_tile_dice,0.5596640236215338,0.6917369172899597,0.1380471795388027,0.6902358976940134
P2,F2,13,stored_logits,t1_v2_frozen_mapping,mean_tile_iou,0.64410938199592,0.7723912437082258,0.15418880593907705,0.7709440296953852
P2,F2,13,stored_logits,t1_v2_frozen_mapping,pooled_miou,0.2555081593297076,0.30242650134038035,0.060909962483479727,0.3045498124173986
P2,F2,13,stored_logits,t1_v2_frozen_mapping,pooled_dice,0.3319725093750372,0.38454958157392055,0.0776013080547087,0.3880065402735435
P2,F2,13,stored_logits,t1_v2_frozen_mapping,pooled_iou,0.4662402154560858,0.5448394663875087,0.10949560004711745,0.5474780002355872
P2,F2,13,stored_logits,t1_v2_new_ecdf_fixed_weights,mean_tile_miou,0.3080959412642135,0.3573227575966276,0.07253824729941923,0.3626912364970961
P2,F2,13,stored_logits,t1_v2_new_ecdf_fixed_weights,mean_tile_dice,0.5281848288088238,0.6916607678673298,0.13836920789142507,0.6918460394571253
P2,F2,13,stored_logits,t1_v2_new_ecdf_fixed_weights,mean_tile_iou,0.6156193618397734,0.7716388345759203,0.1543847725065739,0.7719238625328695
P2,F2,13,stored_logits,t1_v2_new_ecdf_fixed_weights,pooled_miou,0.24521079265953616,0.29916855783689383,0.060617453348776426,0.3030872667438821
P2,F2,13,stored_logits,t1_v2_new_ecdf_fixed_weights,pooled_dice,0.29374861699866256,0.37186035688751096,0.07572395223344541,0.37861976116722706
P2,F2,13,stored_logits,t1_v2_new_ecdf_fixed_weights,pooled_iou,0.4302454462846468,0.5335683818877942,0.10793262127056391,0.5396631063528196
P2,F2,13,stored_logits,t1_v2_refit,mean_tile_miou,0.30922993437330487,0.36306008364881276,0.07264030795085966,0.36320153975429825
P2,F2,13,stored_logits,t1_v2_refit,mean_tile_dice,0.5220427048183152,0.6832821680993281,0.13701716540446204,0.6850858270223101
P2,F2,13,stored_logits,t1_v2_refit,mean_tile_iou,0.6109901655347967,0.7649362178670956,0.153304104069144,0.7665205203457199
P2,F2,13,stored_logits,t1_v2_refit,pooled_miou,0.2506633875355112,0.3071056076165474,0.06083484163770335,0.3041742081885167
P2,F2,13,stored_logits,t1_v2_refit,pooled_dice,0.2991250925178848,0.38221886119456344,0.07572861063283816,0.3786430531641908
P2,F2,13,stored_logits,t1_v2_refit,pooled_iou,0.4376775209596704,0.5421505176655043,0.1078260541259143,0.5391302706295714
P2,F2,37,stored_logits,cal_v2,mean_tile_miou,0.3007645519326195,0.3474703735615028,0.06974667473333723,0.34873337366668616
P2,F2,37,stored_logits,cal_v2,mean_tile_dice,0.5766559733819921,0.719392077320435,0.14376612838080022,0.718830641904001
P2,F2,37,stored_logits,cal_v2,mean_tile_iou,0.652190034247219,0.7897365320801365,0.15786779628430606,0.7893389814215303
P2,F2,37,stored_logits,cal_v2,pooled_miou,0.25785573734580336,0.29469221683580105,0.0596359341446879,0.2981796707234395
P2,F2,37,stored_logits,cal_v2,pooled_dice,0.3139474216458215,0.3669516855702188,0.07432680187555968,0.3716340093777984
P2,F2,37,stored_logits,cal_v2,pooled_iou,0.45518899818629144,0.5283476657999066,0.10658767793459353,0.5329383896729676
P2,F2,37,stored_logits,cal_uncertainty,mean_tile_miou,0.3167606464468747,0.3573033299529808,0.07168815085458159,0.35844075427290795
P2,F2,37,stored_logits,cal_uncertainty,mean_tile_dice,0.7872859231438691,0.7932874726958282,0.15973399178906678,0.7986699589453339
P2,F2,37,stored_logits,cal_uncertainty,mean_tile_iou,0.8210509765002264,0.849919088405403,0.17075603290613797,0.8537801645306898
P2,F2,37,stored_logits,cal_uncertainty,pooled_miou,0.370480582934102,0.33131201483947864,0.068629566559253,0.34314783279626493
P2,F2,37,stored_logits,cal_uncertainty,pooled_dice,0.6376731891558627,0.45761042003671765,0.09749781791366083,0.4874890895683041
P2,F2,37,stored_logits,cal_uncertainty,pooled_iou,0.7270572132912217,0.6198873994853491,0.1291671995031345,0.6458359975156724
P2,F2,37,stored_logits,cal_top_tail_msp,mean_tile_miou,0.31591082058819137,0.3566169970226531,0.0716538342080652,0.358269171040326
P2,F2,37,stored_logits,cal_top_tail_msp,mean_tile_dice,0.7879441538692423,0.7915014124726453,0.15964468877790763,0.7982234438895381
P2,F2,37,stored_logits,cal_top_tail_msp,mean_tile_iou,0.8215034824212527,0.8482831090768355,0.17067423393970962,0.8533711696985481
P2,F2,37,stored_logits,cal_top_tail_msp,pooled_miou,0.37070479490224156,0.33038400211045543,0.06858316592280184,0.3429158296140092
P2,F2,37,stored_logits,cal_top_tail_msp,pooled_dice,0.6392059179031417,0.45575417370083726,0.0974050055968668,0.48702502798433395
P2,F2,37,stored_logits,cal_top_tail_msp,pooled_iou,0.7275762949422038,0.617790213673145,0.12906234021252427,0.6453117010626214
P2,F2,37,stored_logits,cal_spatial_inconsistency,mean_tile_miou,0.32626542770116035,0.36238705756897055,0.07226029382157784,0.3613014691078892
P2,F2,37,stored_logits,cal_spatial_inconsistency,mean_tile_dice,0.7862485563232725,0.7859935059094756,0.15689506577044332,0.7844753288522166
P2,F2,37,stored_logits,cal_spatial_inconsistency,mean_tile_iou,0.8197733822566302,0.8433453146178228,0.16842974492746787,0.8421487246373394
P2,F2,37,stored_logits,cal_spatial_inconsistency,pooled_miou,0.3693539189678055,0.3174885299912444,0.0642854854278216,0.321427427139108
P2,F2,37,stored_logits,cal_spatial_inconsistency,pooled_dice,0.6278067028333373,0.4258678698847395,0.08731644237171893,0.43658221185859464
P2,F2,37,stored_logits,cal_spatial_inconsistency,pooled_iou,0.7142094412870241,0.5920825421264332,0.11965389680772158,0.5982694840386079
P2,F2,37,stored_logits,cal_soft_dice_risk_binary,mean_tile_miou,0.32724888269450736,0.36065176300646984,0.07216060071895906,0.3608030035947953
P2,F2,37,stored_logits,cal_soft_dice_risk_binary,mean_tile_dice,0.49758743348557105,0.6860463154545579,0.13711616944698254,0.6855808472349126
P2,F2,37,stored_logits,cal_soft_dice_risk_binary,mean_tile_iou,0.5900144979975886,0.7660354912367766,0.15307223438134693,0.7653611719067346
P2,F2,37,stored_logits,cal_soft_dice_risk_binary,pooled_miou,0.29220172323498655,0.31727517837818864,0.06335216901956099,0.31676084509780494
P2,F2,37,stored_logits,cal_soft_dice_risk_binary,pooled_dice,0.3328096272884381,0.39593177963739823,0.07905112478572036,0.3952556239286018
P2,F2,37,stored_logits,cal_soft_dice_risk_binary,pooled_iou,0.47581572027091157,0.5547061410408943,0.11079320001234488,0.5539660000617244
P2,F2,37,stored_logits,cal_sdc_exact,mean_tile_miou,0.32847799932832056,0.3606676186727528,0.0724858600273695,0.36242930013684743
P2,F2,37,stored_logits,cal_sdc_exact,mean_tile_dice,0.49758743348557105,0.6860463154545579,0.13711616944698254,0.6855808472349126
P2,F2,37,stored_logits,cal_sdc_exact,mean_tile_iou,0.5900144979975886,0.7660354912367766,0.15307223438134693,0.7653611719067346
P2,F2,37,stored_logits,cal_sdc_exact,pooled_miou,0.2925372550496203,0.31736772056628215,0.0635838283966185,0.31791914198309246
P2,F2,37,stored_logits,cal_sdc_exact,pooled_dice,0.3335891113023715,0.3961483217086092,0.0794183889337173,0.3970919446685865
P2,F2,37,stored_logits,cal_sdc_exact,pooled_iou,0.47681068662713716,0.5549860269508139,0.11126182238506505,0.5563091119253252
P2,F2,37,stored_logits,t1_uncertainty,mean_tile_miou,0.31696852927485714,0.3566169970226531,0.0716538342080652,0.358269171040326
P2,F2,37,stored_logits,t1_uncertainty,mean_tile_dice,0.7877976664074657,0.7915014124726453,0.15964468877790763,0.7982234438895381
P2,F2,37,stored_logits,t1_uncertainty,mean_tile_iou,0.8214454150009555,0.8482831090768355,0.17067423393970962,0.8533711696985481
P2,F2,37,stored_logits,t1_uncertainty,pooled_miou,0.3715602211367768,0.33038400211045543,0.06858316592280184,0.3429158296140092
P2,F2,37,stored_logits,t1_uncertainty,pooled_dice,0.6413949017373495,0.45575417370083726,0.0974050055968668,0.48702502798433395
P2,F2,37,stored_logits,t1_uncertainty,pooled_iou,0.7291952544373657,0.617790213673145,0.12906234021252427,0.6453117010626214
P2,F2,37,stored_logits,t1_top_tail_msp,mean_tile_miou,0.31664064023615773,0.3566169970226531,0.0716169593702863,0.35808479685143146
P2,F2,37,stored_logits,t1_top_tail_msp,mean_tile_dice,0.788384276436322,0.7915014124726453,0.15955452109460605,0.7977726054730302
P2,F2,37,stored_logits,t1_top_tail_msp,mean_tile_iou,0.8217041403374873,0.8482831090768355,0.17060255705518432,0.8530127852759215
P2,F2,37,stored_logits,t1_top_tail_msp,pooled_miou,0.3711771544586533,0.33038400211045543,0.06852932510096632,0.3426466255048316
P2,F2,37,stored_logits,t1_top_tail_msp,pooled_dice,0.6407275828016281,0.45575417370083726,0.09725476430664087,0.48627382153320436
P2,F2,37,stored_logits,t1_top_tail_msp,pooled_iou,0.728525152747755,0.617790213673145,0.12895738437339394,0.6447869218669696
P2,F2,37,stored_logits,t1_spatial_inconsistency,mean_tile_miou,0.3204671722973038,0.36323002785654684,0.0723683127471311,0.36184156373565546
P2,F2,37,stored_logits,t1_spatial_inconsistency,mean_tile_dice,0.7877865353679883,0.7879501862905078,0.15731328530838848,0.7865664265419423
P2,F2,37,stored_logits,t1_spatial_inconsistency,mean_tile_iou,0.8209721286084708,0.845217800274959,0.16881483558645372,0.8440741779322686
P2,F2,37,stored_logits,t1_spatial_inconsistency,pooled_miou,0.36527078649860084,0.3180896320620768,0.06467045643954772,0.3233522821977386
P2,F2,37,stored_logits,t1_spatial_inconsistency,pooled_dice,0.6283611364367536,0.42718285484993884,0.08851037626112526,0.4425518813056263
P2,F2,37,stored_logits,t1_spatial_inconsistency,pooled_iou,0.7150269139409308,0.5934673273826386,0.12055790074518515,0.6027895037259257
P2,F2,37,stored_logits,t1_soft_dice_risk_binary,mean_tile_miou,0.3242044941948778,0.35631371861982614,0.0719391300624066,0.359695650312033
P2,F2,37,stored_logits,t1_soft_dice_risk_binary,mean_tile_dice,0.4933827178210689,0.6860463154545579,0.1371056441255981,0.6855282206279903
P2,F2,37,stored_logits,t1_soft_dice_risk_binary,mean_tile_iou,0.5866219768802795,0.7660354912367766,0.15306489981988586,0.7653244990994292
P2,F2,37,stored_logits,t1_soft_dice_risk_binary,pooled_miou,0.2905669071501907,0.31660863196311095,0.0633168927052421,0.3165844635262105
P2,F2,37,stored_logits,t1_soft_dice_risk_binary,pooled_dice,0.3304334687926907,0.3950477597514812,0.07900606539159197,0.3950303269579598
P2,F2,37,stored_logits,t1_soft_dice_risk_binary,pooled_iou,0.47348319512223447,0.5535604837161653,0.11073504605332934,0.5536752302666467
P2,F2,37,stored_logits,t1_sdc_exact,mean_tile_miou,0.32565051304802317,0.3606676186727527,0.07248129159014921,0.36240645795074605
P2,F2,37,stored_logits,t1_sdc_exact,mean_tile_dice,0.4933827178210689,0.6860463154545579,0.1371056441255981,0.6855282206279903
P2,F2,37,stored_logits,t1_sdc_exact,mean_tile_iou,0.5866219768802795,0.7660354912367766,0.15306489981988586,0.7653244990994292
P2,F2,37,stored_logits,t1_sdc_exact,pooled_miou,0.29097091291604565,0.31736772056628215,0.0635818794030535,0.3179093970152675
P2,F2,37,stored_logits,t1_sdc_exact,pooled_dice,0.3312571538009199,0.3961483217086092,0.07941753053388477,0.3970876526694238
P2,F2,37,stored_logits,t1_sdc_exact,pooled_iou,0.47453544434469647,0.5549860269508139,0.11126095129228594,0.5563047564614296
P2,F2,37,stored_logits,t1_v2_frozen_mapping,mean_tile_miou,0.3344151579679261,0.3679596942080092,0.07348898949325802,0.3674449474662901
P2,F2,37,stored_logits,t1_v2_frozen_mapping,mean_tile_dice,0.6053851309520518,0.720680724539124,0.1441906652545486,0.720953326272743
P2,F2,37,stored_logits,t1_v2_frozen_mapping,mean_tile_iou,0.6758493131886696,0.7915585086584856,0.1583221584348307,0.7916107921741534
P2,F2,37,stored_logits,t1_v2_frozen_mapping,pooled_miou,0.26741959002529625,0.3032283463594156,0.060957519892224296,0.30478759946112144
P2,F2,37,stored_logits,t1_v2_frozen_mapping,pooled_dice,0.3581683123598237,0.3858670118634972,0.07773363547679915,0.3886681773839957
P2,F2,37,stored_logits,t1_v2_frozen_mapping,pooled_iou,0.48827534806413675,0.5479319701161863,0.10992859669153589,0.5496429834576794
P2,F2,37,stored_logits,t1_v2_new_ecdf_fixed_weights,mean_tile_miou,0.30179921333585424,0.3465307008615479,0.06958736229594627,0.3479368114797313
P2,F2,37,stored_logits,t1_v2_new_ecdf_fixed_weights,mean_tile_dice,0.5754582509948717,0.7177149540727514,0.14329352190448685,0.7164676095224343
P2,F2,37,stored_logits,t1_v2_new_ecdf_fixed_weights,mean_tile_iou,0.6506649986727858,0.7882348900808531,0.15745484904447798,0.7872742452223899
P2,F2,37,stored_logits,t1_v2_new_ecdf_fixed_weights,pooled_miou,0.2588823709476265,0.29439923615749014,0.059316386035124485,0.2965819301756224
P2,F2,37,stored_logits,t1_v2_new_ecdf_fixed_weights,pooled_dice,0.31802911980001297,0.3654969071981385,0.0737164691700907,0.36858234585045346
P2,F2,37,stored_logits,t1_v2_new_ecdf_fixed_weights,pooled_iou,0.4577462193582734,0.5271138339308635,0.10602165608281108,0.5301082804140553
P2,F2,37,stored_logits,t1_v2_refit,mean_tile_miou,0.3006091153725018,0.3483988996796373,0.06974802515215227,0.3487401257607613
P2,F2,37,stored_logits,t1_v2_refit,mean_tile_dice,0.5664666790670045,0.7177149540727514,0.14326281221712855,0.7163140610856428
P2,F2,37,stored_logits,t1_v2_refit,mean_tile_iou,0.6427664374924108,0.7882348900808532,0.157429614830862,0.78714807415431
P2,F2,37,stored_logits,t1_v2_refit,pooled_miou,0.25500617708339646,0.30053597985214225,0.05990778289943422,0.29953891449717107
P2,F2,37,stored_logits,t1_v2_refit,pooled_dice,0.3103768003476333,0.3752582243059548,0.07461579379100483,0.3730789689550241
P2,F2,37,stored_logits,t1_v2_refit,pooled_iou,0.44794134944049013,0.5357098990480001,0.10681333642161896,0.5340666821080947
P2,F2,71,stored_logits,cal_v2,mean_tile_miou,0.3171264050760113,0.3669562156343571,0.07331271498419455,0.3665635749209727
P2,F2,71,stored_logits,cal_v2,mean_tile_dice,0.5750369565773453,0.7167904138640105,0.1433298754198179,0.7166493770990895
P2,F2,71,stored_logits,cal_v2,mean_tile_iou,0.6539467560967629,0.7929924515451557,0.1584398372795962,0.792199186397981
P2,F2,71,stored_logits,cal_v2,pooled_miou,0.26644989434236344,0.3162316096565941,0.06220490674035475,0.31102453370177374
P2,F2,71,stored_logits,cal_v2,pooled_dice,0.3359018817968351,0.4054725368021852,0.07938955820786511,0.39694779103932554
P2,F2,71,stored_logits,cal_v2,pooled_iou,0.47117000453246294,0.562086660913735,0.1107181295007502,0.553590647503751
P2,F2,71,stored_logits,cal_uncertainty,mean_tile_miou,0.32351397510280244,0.36998761743271863,0.07454111687486793,0.37270558437433965
P2,F2,71,stored_logits,cal_uncertainty,mean_tile_dice,0.754379737671729,0.7679980239671185,0.1543869726254293,0.7719348631271464
P2,F2,71,stored_logits,cal_uncertainty,mean_tile_iou,0.799703617065491,0.8352537520932909,0.16751347502611919,0.8375673751305959
P2,F2,71,stored_logits,cal_uncertainty,pooled_miou,0.3635383661459173,0.3459097490044731,0.06917400714552262,0.34587003572761305
P2,F2,71,stored_logits,cal_uncertainty,pooled_dice,0.607677200360658,0.47808074261870764,0.09667753591512634,0.4833876795756317
P2,F2,71,stored_logits,cal_uncertainty,pooled_iou,0.7074223925728236,0.6402779973459217,0.12792815354973203,0.6396407677486601
P2,F2,71,stored_logits,cal_top_tail_msp,mean_tile_miou,0.3226105750345474,0.36998761743271863,0.07453633498449452,0.3726816749224726
P2,F2,71,stored_logits,cal_top_tail_msp,mean_tile_dice,0.7546910661597125,0.7679980239671185,0.15437487254452664,0.7718743627226332
P2,F2,71,stored_logits,cal_top_tail_msp,mean_tile_iou,0.7999936429959028,0.8352537520932909,0.167502476700075,0.837512383500375
P2,F2,71,stored_logits,cal_top_tail_msp,pooled_miou,0.3645662120173897,0.3459097490044731,0.06915925316536221,0.34579626582681106
P2,F2,71,stored_logits,cal_top_tail_msp,pooled_dice,0.6110487056078322,0.47808074261870764,0.09664138738055739,0.48320693690278693
P2,F2,71,stored_logits,cal_top_tail_msp,pooled_iou,0.7094778677908751,0.6402779973459217,0.12789714768911206,0.6394857384455602
P2,F2,71,stored_logits,cal_spatial_inconsistency,mean_tile_miou,0.3317587204464373,0.3766848353152268,0.0750095044904714,0.375047522452357
P2,F2,71,stored_logits,cal_spatial_inconsistency,mean_tile_dice,0.7583874096454877,0.7546851748057589,0.15103847629610706,0.7551923814805352
P2,F2,71,stored_logits,cal_spatial_inconsistency,mean_tile_iou,0.8025147574723128,0.8242212566667462,0.16485694574467388,0.8242847287233693
P2,F2,71,stored_logits,cal_spatial_inconsistency,pooled_miou,0.3684312385386634,0.32807089105965276,0.06499494985689307,0.3249747492844653
P2,F2,71,stored_logits,cal_spatial_inconsistency,pooled_dice,0.6154308858740806,0.4303067948571681,0.08642463119111933,0.43212315595559664
P2,F2,71,stored_logits,cal_spatial_inconsistency,pooled_iou,0.7070212450324779,0.5966048143428165,0.11857799825846746,0.5928899912923372
P2,F2,71,stored_logits,cal_soft_dice_risk_binary,mean_tile_miou,0.34205000592840856,0.3780876162403697,0.07586385483858485,0.3793192741929242
P2,F2,71,stored_logits,cal_soft_dice_risk_binary,mean_tile_dice,0.4964255975786005,0.6709470203663255,0.13402894156790135,0.6701447078395067
P2,F2,71,stored_logits,cal_soft_dice_risk_binary,mean_tile_iou,0.5909308675689791,0.7571023447983188,0.15122931262474218,0.7561465631237109
P2,F2,71,stored_logits,cal_soft_dice_risk_binary,pooled_miou,0.30252720480081785,0.3298753361907814,0.06590499365812758,0.3295249682906379
P2,F2,71,stored_logits,cal_soft_dice_risk_binary,pooled_dice,0.3451287130893883,0.4108225830626548,0.08209477086884653,0.41047385434423267
P2,F2,71,stored_logits,cal_soft_dice_risk_binary,pooled_iou,0.4865212858124751,0.5675806827913977,0.11344857930223562,0.5672428965111781
P2,F2,71,stored_logits,cal_sdc_exact,mean_tile_miou,0.342497157330131,0.37809566949015266,0.0760849521950093,0.38042476097504646
P2,F2,71,stored_logits,cal_sdc_exact,mean_tile_dice,0.4964255975786005,0.6709470203663255,0.13402894156790135,0.6701447078395067
P2,F2,71,stored_logits,cal_sdc_exact,mean_tile_iou,0.5909308675689791,0.7571023447983188,0.15122931262474218,0.7561465631237109
P2,F2,71,stored_logits,cal_sdc_exact,pooled_miou,0.30265741174688415,0.33029759677291787,0.06598732075197448,0.3299366037598724
P2,F2,71,stored_logits,cal_sdc_exact,pooled_dice,0.34528588866977333,0.4109272392297149,0.08214296752737973,0.41071483763689864
P2,F2,71,stored_logits,cal_sdc_exact,pooled_iou,0.4867255664007783,0.5677166953533842,0.11351121272911213,0.5675560636455607
P2,F2,71,stored_logits,t1_uncertainty,mean_tile_miou,0.3226201388152943,0.36998761743271863,0.07454111687486793,0.37270558437433965
P2,F2,71,stored_logits,t1_uncertainty,mean_tile_dice,0.7547152663215179,0.7679980239671185,0.1543869726254293,0.7719348631271464
P2,F2,71,stored_logits,t1_uncertainty,mean_tile_iou,0.8000156396479913,0.8352537520932909,0.16751347502611919,0.8375673751305959
P2,F2,71,stored_logits,t1_uncertainty,pooled_miou,0.3645962643942636,0.3459097490044731,0.06917400714552262,0.34587003572761305
P2,F2,71,stored_logits,t1_uncertainty,pooled_dice,0.61112100267697,0.47808074261870764,0.09667753591512634,0.4833876795756317
P2,F2,71,stored_logits,t1_uncertainty,pooled_iou,0.709539879512115,0.6402779973459217,0.12792815354973203,0.6396407677486601
P2,F2,71,stored_logits,t1_top_tail_msp,mean_tile_miou,0.32262590395157564,0.36998761743271863,0.07459434119968503,0.3729717059984251
P2,F2,71,stored_logits,t1_top_tail_msp,mean_tile_dice,0.754707324058263,0.7679980239671185,0.15447404520736657,0.7723702260368328
P2,F2,71,stored_logits,t1_top_tail_msp,mean_tile_iou,0.8000273231176845,0.835253752093291,0.16761877928907176,0.8380938964453588
P2,F2,71,stored_logits,t1_top_tail_msp,pooled_miou,0.36486526007037134,0.3459097490044731,0.06953008528064261,0.34765042640321303
P2,F2,71,stored_logits,t1_top_tail_msp,pooled_dice,0.6116302489516319,0.47808074261870764,0.09756674800495473,0.4878337400247736
P2,F2,71,stored_logits,t1_top_tail_msp,pooled_iou,0.7100747365856375,0.6402779973459217,0.12863926204025,0.64319631020125
P2,F2,71,stored_logits,t1_spatial_inconsistency,mean_tile_miou,0.3249537953566024,0.37663037083863893,0.07496532789830482,0.37482663949152406
P2,F2,71,stored_logits,t1_spatial_inconsistency,mean_tile_dice,0.7602511174733464,0.7561305349707083,0.15114750859828666,0.7557375429914333
P2,F2,71,stored_logits,t1_spatial_inconsistency,mean_tile_iou,0.8038110611965776,0.8253829968383076,0.16491237635538777,0.8245618817769388
P2,F2,71,stored_logits,t1_spatial_inconsistency,pooled_miou,0.369709884137587,0.3268792002457938,0.06488203157433627,0.3244101578716813
P2,F2,71,stored_logits,t1_spatial_inconsistency,pooled_dice,0.6193242171547644,0.4290971722981074,0.08630860474597056,0.43154302372985276
P2,F2,71,stored_logits,t1_spatial_inconsistency,pooled_iou,0.7100053999726829,0.5953737674591117,0.11851653860302132,0.5925826930151066
P2,F2,71,stored_logits,t1_soft_dice_risk_binary,mean_tile_miou,0.3400666800011571,0.37769222496681715,0.07537378241338738,0.3768689120669369
P2,F2,71,stored_logits,t1_soft_dice_risk_binary,mean_tile_dice,0.4944256756941673,0.6702552061408587,0.13390046751062826,0.6695023375531413
P2,F2,71,stored_logits,t1_soft_dice_risk_binary,mean_tile_iou,0.5895651362210943,0.7565155668516509,0.15113693695898495,0.7556846847949247
P2,F2,71,stored_logits,t1_soft_dice_risk_binary,pooled_miou,0.3018663043149643,0.32912366780564134,0.06579841280469072,0.32899206402345355
P2,F2,71,stored_logits,t1_soft_dice_risk_binary,pooled_dice,0.3454307105095586,0.4097414358820595,0.08194299149748167,0.4097149574874083
P2,F2,71,stored_logits,t1_soft_dice_risk_binary,pooled_iou,0.4865794274718329,0.5663241802539866,0.11326230915275394,0.5663115457637696
P2,F2,71,stored_logits,t1_sdc_exact,mean_tile_miou,0.3409508598409256,0.3777418812397706,0.07603190820785795,0.38015954103928973
P2,F2,71,stored_logits,t1_sdc_exact,mean_tile_dice,0.4944256756941673,0.6702552061408587,0.13390046751062826,0.6695023375531413
P2,F2,71,stored_logits,t1_sdc_exact,mean_tile_iou,0.5895651362210943,0.7565155668516509,0.15113693695898495,0.7556846847949247
P2,F2,71,stored_logits,t1_sdc_exact,pooled_miou,0.30208377353723626,0.32995712283409523,0.06595653808472791,0.32978269042363956
P2,F2,71,stored_logits,t1_sdc_exact,pooled_dice,0.34569907555933993,0.4103881263511833,0.08210237762541125,0.41051188812705625
P2,F2,71,stored_logits,t1_sdc_exact,pooled_iou,0.4869284381692978,0.5671657311373658,0.11346967268879218,0.5673483634439609
P2,F2,71,stored_logits,t1_v2_frozen_mapping,mean_tile_miou,0.34512241206939,0.38887643159107316,0.07697456363839983,0.38487281819199914
P2,F2,71,stored_logits,t1_v2_frozen_mapping,mean_tile_dice,0.5949798135309508,0.7186140563598412,0.14246448333715056,0.7123224166857528
P2,F2,71,stored_logits,t1_v2_frozen_mapping,mean_tile_iou,0.6709423324436878,0.7940058284868258,0.15771578420688426,0.7885789210344213
P2,F2,71,stored_logits,t1_v2_frozen_mapping,pooled_miou,0.2752047126670587,0.32408474600552273,0.06357811042347769,0.3178905521173884
P2,F2,71,stored_logits,t1_v2_frozen_mapping,pooled_dice,0.3748331251486408,0.42603953301872305,0.08236807545054925,0.41184037725274625
P2,F2,71,stored_logits,t1_v2_frozen_mapping,pooled_iou,0.500548681815524,0.5802407802322341,0.11377244299164885,0.5688622149582442
P2,F2,71,stored_logits,t1_v2_new_ecdf_fixed_weights,mean_tile_miou,0.31814584390068834,0.3672082684572602,0.07342498306437242,0.3671249153218621
P2,F2,71,stored_logits,t1_v2_new_ecdf_fixed_weights,mean_tile_dice,0.5704700450795234,0.7228771142979964,0.1441813390263333,0.7209066951316664
P2,F2,71,stored_logits,t1_v2_new_ecdf_fixed_weights,mean_tile_iou,0.649545796510431,0.7968753762361062,0.15900559454903773,0.7950279727451887
P2,F2,71,stored_logits,t1_v2_new_ecdf_fixed_weights,pooled_miou,0.26053251391220683,0.31358810332399356,0.061258579887932436,0.30629289943966215
P2,F2,71,stored_logits,t1_v2_new_ecdf_fixed_weights,pooled_dice,0.3283324899846216,0.40290912928928363,0.0783744405475145,0.39187220273757245
P2,F2,71,stored_logits,t1_v2_new_ecdf_fixed_weights,pooled_iou,0.4599288311038976,0.5594055200438527,0.10910353767753556,0.5455176883876778
P2,F2,71,stored_logits,t1_v2_refit,mean_tile_miou,0.3179029521481762,0.3663721039239471,0.07353998744751705,0.36769993723758526
P2,F2,71,stored_logits,t1_v2_refit,mean_tile_dice,0.5640711320903856,0.7149399696706751,0.1431169777276277,0.7155848886381384
P2,F2,71,stored_logits,t1_v2_refit,mean_tile_iou,0.6444963576269842,0.7917700702131918,0.15825406212323428,0.7912703106161714
P2,F2,71,stored_logits,t1_v2_refit,pooled_miou,0.26234344326602493,0.31622125944038293,0.062431866412359836,0.3121593320617992
P2,F2,71,stored_logits,t1_v2_refit,pooled_dice,0.3279911050251896,0.4053991048948918,0.07981603847039939,0.39908019235199693
P2,F2,71,stored_logits,t1_v2_refit,pooled_iou,0.4599831151222098,0.5620089454912466,0.11102450783027029,0.5551225391513515
P2,F3,13,stored_logits,cal_v2,mean_tile_miou,0.3285686097807915,0.41187663109015665,0.08205875186259576,0.4102937593129788
P2,F3,13,stored_logits,cal_v2,mean_tile_dice,0.46177223306925624,0.6245009388401832,0.1249002240884246,0.624501120442123
P2,F3,13,stored_logits,cal_v2,mean_tile_iou,0.5572295687049648,0.7208464375889937,0.14413939791092573,0.7206969895546286
P2,F3,13,stored_logits,cal_v2,pooled_miou,0.29033829845691655,0.35999932375816945,0.07168239438565921,0.35841197192829605
P2,F3,13,stored_logits,cal_v2,pooled_dice,0.3497227215565776,0.4630562535078685,0.09215305515072054,0.4607652757536027
P2,F3,13,stored_logits,cal_v2,pooled_iou,0.48801091967755994,0.6241642319728108,0.12437809813472958,0.6218904906736479
P2,F3,13,stored_logits,cal_uncertainty,mean_tile_miou,0.3865565885641058,0.42322781624317285,0.08516959628872423,0.4258479814436211
P2,F3,13,stored_logits,cal_uncertainty,mean_tile_dice,0.7485772325273133,0.7546340115752758,0.1512992746888167,0.7564963734440835
P2,F3,13,stored_logits,cal_uncertainty,mean_tile_iou,0.7951613572280561,0.8281519391230204,0.16581953980995032,0.8290976990497515
P2,F3,13,stored_logits,cal_uncertainty,pooled_miou,0.3968077284951369,0.4105642036907249,0.08207249349662941,0.41036246748314703
P2,F3,13,stored_logits,cal_uncertainty,pooled_dice,0.6702716953720985,0.6271938506054259,0.12457785866183158,0.6228892933091579
P2,F3,13,stored_logits,cal_uncertainty,pooled_iou,0.7594118194074422,0.7667797620459176,0.15256940087554544,0.7628470043777271
P2,F3,13,stored_logits,cal_top_tail_msp,mean_tile_miou,0.3867274505632751,0.42322781624317285,0.08512120917655719,0.42560604588278594
P2,F3,13,stored_logits,cal_top_tail_msp,mean_tile_dice,0.7493716670629215,0.7546340115752758,0.15120677438039148,0.7560338719019574
P2,F3,13,stored_logits,cal_top_tail_msp,mean_tile_iou,0.7956144872541333,0.8281519391230204,0.16573754311024774,0.8286877155512387
P2,F3,13,stored_logits,cal_top_tail_msp,pooled_miou,0.3969837994975751,0.4105642036907249,0.08202644662137613,0.41013223310688063
P2,F3,13,stored_logits,cal_top_tail_msp,pooled_dice,0.6710444435687833,0.6271938506054259,0.12444623305174035,0.6222311652587017
P2,F3,13,stored_logits,cal_top_tail_msp,pooled_iou,0.7598649897324591,0.7667797620459176,0.15248483524678202,0.7624241762339101
P2,F3,13,stored_logits,cal_spatial_inconsistency,mean_tile_miou,0.3905946009123025,0.4205050601725957,0.0838102406274866,0.419051203137433
P2,F3,13,stored_logits,cal_spatial_inconsistency,mean_tile_dice,0.7323365285873928,0.7274764435136774,0.14478971961290693,0.7239485980645346
P2,F3,13,stored_logits,cal_spatial_inconsistency,mean_tile_iou,0.7749547381078461,0.7961873105055859,0.1586557841411255,0.7932789207056274
P2,F3,13,stored_logits,cal_spatial_inconsistency,pooled_miou,0.3516338808451716,0.35617939244512326,0.070799992519619,0.353999962598095
P2,F3,13,stored_logits,cal_spatial_inconsistency,pooled_dice,0.5402175943372911,0.48331064084747355,0.09567174203454601,0.47835871017273
P2,F3,13,stored_logits,cal_spatial_inconsistency,pooled_iou,0.6463893538497868,0.6388408734380153,0.12694720179858457,0.6347360089929228
P2,F3,13,stored_logits,cal_soft_dice_risk_binary,mean_tile_miou,0.3354114344370505,0.4106093870373779,0.08192508234760165,0.40962541173800826
P2,F3,13,stored_logits,cal_soft_dice_risk_binary,mean_tile_dice,0.45247089385869826,0.6203193134558285,0.12416048898913806,0.6208024449456903
P2,F3,13,stored_logits,cal_soft_dice_risk_binary,mean_tile_iou,0.5496435627280136,0.7180092201964672,0.14363176771398262,0.718158838569913
P2,F3,13,stored_logits,cal_soft_dice_risk_binary,pooled_miou,0.31222387884554476,0.35882166780987806,0.07189897646763282,0.3594948823381641
P2,F3,13,stored_logits,cal_soft_dice_risk_binary,pooled_dice,0.3693875676512915,0.4605654375468206,0.0922992966846836,0.461496483423418
P2,F3,13,stored_logits,cal_soft_dice_risk_binary,pooled_iou,0.5086225057013516,0.6214106689251335,0.12448910704994044,0.6224455352497021
P2,F3,13,stored_logits,cal_sdc_exact,mean_tile_miou,0.33541721930432056,0.4106093870373779,0.08192508234760165,0.40962541173800826
P2,F3,13,stored_logits,cal_sdc_exact,mean_tile_dice,0.45247089385869826,0.6203193134558285,0.12416048898913806,0.6208024449456903
P2,F3,13,stored_logits,cal_sdc_exact,mean_tile_iou,0.5496435627280136,0.7180092201964672,0.14363176771398262,0.718158838569913
P2,F3,13,stored_logits,cal_sdc_exact,pooled_miou,0.31225628408991424,0.35882166780987806,0.07189897646763282,0.3594948823381641
P2,F3,13,stored_logits,cal_sdc_exact,pooled_dice,0.36943705450220793,0.4605654375468206,0.0922992966846836,0.461496483423418
P2,F3,13,stored_logits,cal_sdc_exact,pooled_iou,0.5086746557411944,0.6214106689251335,0.12448910704994044,0.6224455352497021
P2,F3,13,stored_logits,t1_uncertainty,mean_tile_miou,0.3865511236328515,0.42322781624317285,0.08516959628872423,0.4258479814436211
P2,F3,13,stored_logits,t1_uncertainty,mean_tile_dice,0.7486534182153647,0.7546340115752758,0.1512992746888167,0.7564963734440835
P2,F3,13,stored_logits,t1_uncertainty,mean_tile_iou,0.7951692254396074,0.8281519391230204,0.16581953980995032,0.8290976990497515
P2,F3,13,stored_logits,t1_uncertainty,pooled_miou,0.3966825093880082,0.4105642036907249,0.08207249349662941,0.41036246748314703
P2,F3,13,stored_logits,t1_uncertainty,pooled_dice,0.6699175185274815,0.6271938506054259,0.12457785866183158,0.6228892933091579
P2,F3,13,stored_logits,t1_uncertainty,pooled_iou,0.7591839416367495,0.7667797620459176,0.15256940087554544,0.7628470043777271
P2,F3,13,stored_logits,t1_top_tail_msp,mean_tile_miou,0.38659365690285086,0.42322781624317285,0.08512120917655719,0.42560604588278594
P2,F3,13,stored_logits,t1_top_tail_msp,mean_tile_dice,0.7492070072848156,0.7546340115752758,0.15120677438039146,0.7560338719019573
P2,F3,13,stored_logits,t1_top_tail_msp,mean_tile_iou,0.7954532698436303,0.8281519391230204,0.16573754311024774,0.8286877155512387
P2,F3,13,stored_logits,t1_top_tail_msp,pooled_miou,0.3968446782447974,0.4105642036907249,0.08202644662137613,0.41013223310688063
P2,F3,13,stored_logits,t1_top_tail_msp,pooled_dice,0.6708148215602655,0.6271938506054259,0.12444623305174035,0.6222311652587017
P2,F3,13,stored_logits,t1_top_tail_msp,pooled_iou,0.759696742818231,0.7667797620459176,0.15248483524678202,0.7624241762339101
P2,F3,13,stored_logits,t1_spatial_inconsistency,mean_tile_miou,0.3920797435999158,0.42212466018086603,0.0842322190895077,0.4211610954475385
P2,F3,13,stored_logits,t1_spatial_inconsistency,mean_tile_dice,0.7353564401481655,0.7315411971339802,0.14596610020357648,0.7298305010178824
P2,F3,13,stored_logits,t1_spatial_inconsistency,mean_tile_iou,0.77737160059434,0.7997582959906577,0.15957257985440307,0.7978628992720153
P2,F3,13,stored_logits,t1_spatial_inconsistency,pooled_miou,0.34938519438358484,0.35843477869505647,0.07137937344796409,0.35689686723982045
P2,F3,13,stored_logits,t1_spatial_inconsistency,pooled_dice,0.5341785949474421,0.48801857482467825,0.09706663270828532,0.4853331635414266
P2,F3,13,stored_logits,t1_spatial_inconsistency,pooled_iou,0.6416938087396977,0.6436772751926114,0.1281761931190171,0.6408809655950855
P2,F3,13,stored_logits,t1_soft_dice_risk_binary,mean_tile_miou,0.33376939104136855,0.41060563639468806,0.08200219234262786,0.4100109617131393
P2,F3,13,stored_logits,t1_soft_dice_risk_binary,mean_tile_dice,0.45058935214947565,0.6202239282707072,0.12408081726396727,0.6204040863198363
P2,F3,13,stored_logits,t1_soft_dice_risk_binary,mean_tile_iou,0.5480031134582031,0.7179609665607718,0.1435875649573205,0.7179378247866025
P2,F3,13,stored_logits,t1_soft_dice_risk_binary,pooled_miou,0.3095699490753393,0.35901159607599825,0.07186656367860994,0.3593328183930497
P2,F3,13,stored_logits,t1_soft_dice_risk_binary,pooled_dice,0.3671215091889812,0.4607040475129641,0.09227668881033871,0.4613834440516935
P2,F3,13,stored_logits,t1_soft_dice_risk_binary,pooled_iou,0.5056788410861757,0.6216238316218241,0.12448026723875619,0.6224013361937809
P2,F3,13,stored_logits,t1_sdc_exact,mean_tile_miou,0.3337809231580954,0.41060563639468806,0.08200219234262786,0.4100109617131393
P2,F3,13,stored_logits,t1_sdc_exact,mean_tile_dice,0.45058935214947565,0.6202239282707072,0.12408081726396727,0.6204040863198363
P2,F3,13,stored_logits,t1_sdc_exact,mean_tile_iou,0.5480031134582031,0.7179609665607718,0.1435875649573205,0.7179378247866025
P2,F3,13,stored_logits,t1_sdc_exact,pooled_miou,0.30962379159558906,0.35901159607599825,0.07186656367860994,0.3593328183930497
P2,F3,13,stored_logits,t1_sdc_exact,pooled_dice,0.3672005675658117,0.4607040475129641,0.09227668881033871,0.4613834440516935
P2,F3,13,stored_logits,t1_sdc_exact,pooled_iou,0.505763874868803,0.6216238316218241,0.12448026723875619,0.6224013361937809
P2,F3,13,stored_logits,t1_v2_frozen_mapping,mean_tile_miou,0.32908221450997455,0.41142973678463113,0.08209129309378321,0.41045646546891607
P2,F3,13,stored_logits,t1_v2_frozen_mapping,mean_tile_dice,0.466490169061975,0.6230442481561538,0.12482803474563176,0.6241401737281588
P2,F3,13,stored_logits,t1_v2_frozen_mapping,mean_tile_iou,0.5609013146113521,0.7199188557114108,0.14409034184973338,0.7204517092486669
P2,F3,13,stored_logits,t1_v2_frozen_mapping,pooled_miou,0.2878359618497384,0.3599024031452739,0.07173609756038206,0.35868048780191025
P2,F3,13,stored_logits,t1_v2_frozen_mapping,pooled_dice,0.3480746630596721,0.46265860133989584,0.09220093181651325,0.4610046590825662
P2,F3,13,stored_logits,t1_v2_frozen_mapping,pooled_iou,0.4862609027445083,0.624361650046841,0.12451652321260666,0.6225826160630332
P2,F3,13,stored_logits,t1_v2_new_ecdf_fixed_weights,mean_tile_miou,0.3294257996781902,0.4110133405403309,0.08195110793830952,0.4097555396915476
P2,F3,13,stored_logits,t1_v2_new_ecdf_fixed_weights,mean_tile_dice,0.4697003148074724,0.6256043926579307,0.1255803127445469,0.6279015637227344
P2,F3,13,stored_logits,t1_v2_new_ecdf_fixed_weights,mean_tile_iou,0.564125407249845,0.7214624374022321,0.14457129686621945,0.7228564843310972
P2,F3,13,stored_logits,t1_v2_new_ecdf_fixed_weights,pooled_miou,0.28773841522053484,0.3553725829929223,0.07106742056119837,0.35533710280599184
P2,F3,13,stored_logits,t1_v2_new_ecdf_fixed_weights,pooled_dice,0.34863365468369134,0.45687456828745276,0.09136599953304896,0.45682999766524474
P2,F3,13,stored_logits,t1_v2_new_ecdf_fixed_weights,pooled_iou,0.4871121229074279,0.6174831875220808,0.12354101794523614,0.6177050897261807
P2,F3,13,stored_logits,t1_v2_refit,mean_tile_miou,0.3296728146575983,0.4116561500264678,0.08196765866734804,0.40983829333674016
P2,F3,13,stored_logits,t1_v2_refit,mean_tile_dice,0.46778164050592536,0.6245869010168255,0.12534001424921343,0.6267000712460671
P2,F3,13,stored_logits,t1_v2_refit,mean_tile_iou,0.562329972906362,0.7208895744190186,0.1444082145203625,0.7220410726018125
P2,F3,13,stored_logits,t1_v2_refit,pooled_miou,0.29057004586517715,0.35925850119583547,0.07136807140216628,0.3568403570108314
P2,F3,13,stored_logits,t1_v2_refit,pooled_dice,0.3514643955795355,0.46180644063691323,0.09176341933428968,0.4588170966714484
P2,F3,13,stored_logits,t1_v2_refit,pooled_iou,0.49041164323579334,0.6231760739165139,0.12394905342115796,0.6197452671057898
P2,F3,37,stored_logits,cal_v2,mean_tile_miou,0.3599213415009756,0.43764032437030587,0.08677244684641848,0.43386223423209236
P2,F3,37,stored_logits,cal_v2,mean_tile_dice,0.48283902178314875,0.641106352394397,0.12853970947216017,0.6426985473608008
P2,F3,37,stored_logits,cal_v2,mean_tile_iou,0.584900024350801,0.7408277292182422,0.1483500887131667,0.7417504435658335
P2,F3,37,stored_logits,cal_v2,pooled_miou,0.3214804674411681,0.3851716560428136,0.07611132469093776,0.38055662345468877
P2,F3,37,stored_logits,cal_v2,pooled_dice,0.3763772764110938,0.4874428775275658,0.09635237930004749,0.48176189650023743
P2,F3,37,stored_logits,cal_v2,pooled_iou,0.5172632144364305,0.6474730921423005,0.1284658801873062,0.642329400936531
P2,F3,37,stored_logits,cal_uncertainty,mean_tile_miou,0.37447599369160156,0.42420154435913554,0.08494393688803813,0.4247196844401906
P2,F3,37,stored_logits,cal_uncertainty,mean_tile_dice,0.7444632855537356,0.7588852767257486,0.15124154707742518,0.7562077353871258
P2,F3,37,stored_logits,cal_uncertainty,mean_tile_iou,0.7928195918413705,0.8322063035228809,0.16603069145438767,0.8301534572719383
P2,F3,37,stored_logits,cal_uncertainty,pooled_miou,0.3904741090733705,0.4009762361041883,0.08055220345607261,0.40276101728036307
P2,F3,37,stored_logits,cal_uncertainty,pooled_dice,0.6419733679935978,0.585118289876476,0.11782704126408095,0.5891352063204047
P2,F3,37,stored_logits,cal_uncertainty,pooled_iou,0.7391030327919312,0.7371247741712206,0.14772367157847913,0.7386183578923956
P2,F3,37,stored_logits,cal_top_tail_msp,mean_tile_miou,0.3750022542608769,0.42420154435913554,0.08478926655873795,0.4239463327936897
P2,F3,37,stored_logits,cal_top_tail_msp,mean_tile_dice,0.745761192254285,0.7588852767257486,0.1510713159904725,0.7553565799523624
P2,F3,37,stored_logits,cal_top_tail_msp,mean_tile_iou,0.7939184160424894,0.8322063035228808,0.16583260583213894,0.8291630291606946
P2,F3,37,stored_logits,cal_top_tail_msp,pooled_miou,0.3907385668838833,0.4009762361041883,0.07991009867636037,0.3995504933818018
P2,F3,37,stored_logits,cal_top_tail_msp,pooled_dice,0.6434090929984261,0.585118289876476,0.11654471414316728,0.5827235707158364
P2,F3,37,stored_logits,cal_top_tail_msp,pooled_iou,0.739679644764907,0.7371247741712206,0.14654655187142718,0.7327327593571359
P2,F3,37,stored_logits,cal_spatial_inconsistency,mean_tile_miou,0.3764001145381966,0.42278764525803353,0.08455366871937074,0.42276834359685367
P2,F3,37,stored_logits,cal_spatial_inconsistency,mean_tile_dice,0.7382705426378724,0.7313213793811825,0.1459880205456243,0.7299401027281214
P2,F3,37,stored_logits,cal_spatial_inconsistency,mean_tile_iou,0.7844132766911092,0.805008591852149,0.16085366660011968,0.8042683330005984
P2,F3,37,stored_logits,cal_spatial_inconsistency,pooled_miou,0.3658545534623397,0.3646808068960711,0.07285413523427044,0.36427067617135217
P2,F3,37,stored_logits,cal_spatial_inconsistency,pooled_dice,0.5796260450574883,0.48866138190332437,0.09796299770469297,0.48981498852346483
P2,F3,37,stored_logits,cal_spatial_inconsistency,pooled_iou,0.6817952526184353,0.6480723659008276,0.12942717373091372,0.6471358686545686
P2,F3,37,stored_logits,cal_soft_dice_risk_binary,mean_tile_miou,0.3719203244778495,0.43694924355752224,0.08722577302517434,0.4361288651258717
P2,F3,37,stored_logits,cal_soft_dice_risk_binary,mean_tile_dice,0.4848640384919085,0.6378554458711552,0.12790024210636264,0.6395012105318132
P2,F3,37,stored_logits,cal_soft_dice_risk_binary,mean_tile_iou,0.5865760678690362,0.7388046450236045,0.14794861653300753,0.7397430826650376
P2,F3,37,stored_logits,cal_soft_dice_risk_binary,pooled_miou,0.3436922172174258,0.3853062511079671,0.07709643528151004,0.38548217640755017
P2,F3,37,stored_logits,cal_soft_dice_risk_binary,pooled_dice,0.3963578614958051,0.48690971518932513,0.09745802709682147,0.4872901354841073
P2,F3,37,stored_logits,cal_soft_dice_risk_binary,pooled_iou,0.5376451009782476,0.6468371438508858,0.12944607925976334,0.6472303962988166
P2,F3,37,stored_logits,cal_sdc_exact,mean_tile_miou,0.37235337539617985,0.43694924355752224,0.08741392627943509,0.4370696313971754
P2,F3,37,stored_logits,cal_sdc_exact,mean_tile_dice,0.4848640384919085,0.6378554458711552,0.12790024210636264,0.6395012105318132
P2,F3,37,stored_logits,cal_sdc_exact,mean_tile_iou,0.5865760678690362,0.7388046450236045,0.14794861653300753,0.7397430826650376
P2,F3,37,stored_logits,cal_sdc_exact,pooled_miou,0.3437361924155513,0.3853062511079671,0.07711824303371978,0.3855912151685989
P2,F3,37,stored_logits,cal_sdc_exact,pooled_dice,0.3964234842413424,0.48690971518932513,0.09749220151261691,0.4874610075630845
P2,F3,37,stored_logits,cal_sdc_exact,pooled_iou,0.5377082396202495,0.6468371438508858,0.1294814917887758,0.647407458943879
P2,F3,37,stored_logits,t1_uncertainty,mean_tile_miou,0.37418828461555526,0.42420154435913554,0.08494393688803813,0.4247196844401906
P2,F3,37,stored_logits,t1_uncertainty,mean_tile_dice,0.7438575328346996,0.7588852767257486,0.15124154707742518,0.7562077353871258
P2,F3,37,stored_logits,t1_uncertainty,mean_tile_iou,0.7923546820313625,0.8322063035228809,0.16603069145438767,0.8301534572719383
P2,F3,37,stored_logits,t1_uncertainty,pooled_miou,0.390355190111239,0.4009762361041883,0.08055220345607261,0.40276101728036307
P2,F3,37,stored_logits,t1_uncertainty,pooled_dice,0.6418130961170929,0.585118289876476,0.11782704126408095,0.5891352063204047
P2,F3,37,stored_logits,t1_uncertainty,pooled_iou,0.7389871022376693,0.7371247741712206,0.14772367157847913,0.7386183578923956
P2,F3,37,stored_logits,t1_top_tail_msp,mean_tile_miou,0.37415206336573875,0.42420154435913554,0.08480946072750092,0.4240473036375046
P2,F3,37,stored_logits,t1_top_tail_msp,mean_tile_dice,0.7454654802134274,0.7588852767257486,0.1511134822568819,0.7555674112844094
P2,F3,37,stored_logits,t1_top_tail_msp,mean_tile_iou,0.7933866448404026,0.8322063035228807,0.1658719323213469,0.8293596616067345
P2,F3,37,stored_logits,t1_top_tail_msp,pooled_miou,0.39029713801763616,0.4009762361041883,0.07993440238430397,0.3996720119215198
P2,F3,37,stored_logits,t1_top_tail_msp,pooled_dice,0.641969092563645,0.585118289876476,0.11660964502796484,0.5830482251398241
P2,F3,37,stored_logits,t1_top_tail_msp,pooled_iou,0.7387060982122431,0.7371247741712206,0.14659401247105516,0.7329700623552757
P2,F3,37,stored_logits,t1_spatial_inconsistency,mean_tile_miou,0.37737005897260745,0.42315371084369924,0.08474988583117529,0.42374942915587643
P2,F3,37,stored_logits,t1_spatial_inconsistency,mean_tile_dice,0.7398849870989186,0.7328942937718808,0.14649688788377713,0.7324844394188856
P2,F3,37,stored_logits,t1_spatial_inconsistency,mean_tile_iou,0.7856960405935369,0.8059524109997653,0.16121889840118273,0.8060944920059135
P2,F3,37,stored_logits,t1_spatial_inconsistency,pooled_miou,0.36713490606626376,0.36436969239395145,0.07316895721806471,0.36584478609032356
P2,F3,37,stored_logits,t1_spatial_inconsistency,pooled_dice,0.5821653233936518,0.48824243964529457,0.09852844433183665,0.4926422216591832
P2,F3,37,stored_logits,t1_spatial_inconsistency,pooled_iou,0.6836618099941139,0.6476741035919471,0.13000174262964265,0.6500087131482132
P2,F3,37,stored_logits,t1_soft_dice_risk_binary,mean_tile_miou,0.3694193878965528,0.43694924355752224,0.08721398915586437,0.43606994577932184
P2,F3,37,stored_logits,t1_soft_dice_risk_binary,mean_tile_dice,0.4824039796048066,0.6378554458711552,0.12786945319283455,0.6393472659641727
P2,F3,37,stored_logits,t1_soft_dice_risk_binary,mean_tile_iou,0.5845822164657837,0.7388046450236047,0.14792815583767965,0.7396407791883982
P2,F3,37,stored_logits,t1_soft_dice_risk_binary,pooled_miou,0.3407996979914327,0.3853062511079671,0.07709154977772659,0.38545774888863293
P2,F3,37,stored_logits,t1_soft_dice_risk_binary,pooled_dice,0.3941320467045022,0.48690971518932513,0.09745098740988425,0.48725493704942124
P2,F3,37,stored_logits,t1_soft_dice_risk_binary,pooled_iou,0.5351959939960854,0.6468371438508858,0.12943982649180066,0.6471991324590033
P2,F3,37,stored_logits,t1_sdc_exact,mean_tile_miou,0.36985243881488317,0.43694924355752224,0.08740214241012512,0.4370107120506256
P2,F3,37,stored_logits,t1_sdc_exact,mean_tile_dice,0.4824039796048066,0.6378554458711552,0.12786945319283455,0.6393472659641727
P2,F3,37,stored_logits,t1_sdc_exact,mean_tile_iou,0.5845822164657837,0.7388046450236047,0.14792815583767965,0.7396407791883982
P2,F3,37,stored_logits,t1_sdc_exact,pooled_miou,0.3408436731895582,0.3853062511079671,0.07711335752993631,0.38556678764968155
P2,F3,37,stored_logits,t1_sdc_exact,pooled_dice,0.3941976694500395,0.48690971518932513,0.09748516182567969,0.48742580912839845
P2,F3,37,stored_logits,t1_sdc_exact,pooled_iou,0.5352591326380871,0.6468371438508858,0.12947523902081312,0.6473761951040655
P2,F3,37,stored_logits,t1_v2_frozen_mapping,mean_tile_miou,0.356795870031583,0.437101726123011,0.08689983506171436,0.4344991753085718
P2,F3,37,stored_logits,t1_v2_frozen_mapping,mean_tile_dice,0.48357482049030753,0.639021963062862,0.12840333566319156,0.6420166783159578
P2,F3,37,stored_logits,t1_v2_frozen_mapping,mean_tile_iou,0.5856568099580907,0.7396618413047262,0.14830714911772958,0.7415357455886479
P2,F3,37,stored_logits,t1_v2_frozen_mapping,pooled_miou,0.3129373681355249,0.38522050702082833,0.0763339913159824,0.381669956579912
P2,F3,37,stored_logits,t1_v2_frozen_mapping,pooled_dice,0.36785401520503935,0.48746159050338744,0.09665958799772227,0.4832979399886113
P2,F3,37,stored_logits,t1_v2_frozen_mapping,pooled_iou,0.5082006716771924,0.6475683293338353,0.12874146825746183,0.6437073412873091
P2,F3,37,stored_logits,t1_v2_new_ecdf_fixed_weights,mean_tile_miou,0.35699080626551943,0.4344336129027744,0.08655205221395579,0.43276026106977894
P2,F3,37,stored_logits,t1_v2_new_ecdf_fixed_weights,mean_tile_dice,0.48296156270823876,0.6419666759884742,0.1288682373707769,0.6443411868538845
P2,F3,37,stored_logits,t1_v2_new_ecdf_fixed_weights,mean_tile_iou,0.5850045830425905,0.7413880613682335,0.14857123471813624,0.7428561735906811
P2,F3,37,stored_logits,t1_v2_new_ecdf_fixed_weights,pooled_miou,0.31605812697855423,0.378423298185318,0.07551827302717982,0.3775913651358991
P2,F3,37,stored_logits,t1_v2_new_ecdf_fixed_weights,pooled_dice,0.372395844657377,0.4791002725316676,0.09563522910145839,0.4781761455072919
P2,F3,37,stored_logits,t1_v2_new_ecdf_fixed_weights,pooled_iou,0.5130058875608534,0.6399721116861689,0.12780424774230711,0.6390212387115355
P2,F3,37,stored_logits,t1_v2_refit,mean_tile_miou,0.3571148611933007,0.4344078589097208,0.08669423624456468,0.4334711812228234
P2,F3,37,stored_logits,t1_v2_refit,mean_tile_dice,0.4826714027754708,0.6430719216481753,0.12874195264579538,0.6437097632289769
P2,F3,37,stored_logits,t1_v2_refit,mean_tile_iou,0.5847319662886082,0.7420171692627762,0.14846851770057795,0.7423425885028897
P2,F3,37,stored_logits,t1_v2_refit,pooled_miou,0.3164890566430939,0.3777597899909275,0.07587157169134603,0.37935785845673015
P2,F3,37,stored_logits,t1_v2_refit,pooled_dice,0.3728118184156443,0.4784416403239634,0.09610224810735264,0.4805112405367632
P2,F3,37,stored_logits,t1_v2_refit,pooled_iou,0.5133883637651183,0.639245565508256,0.1281988111986605,0.6409940559933025
P2,F3,71,stored_logits,cal_v2,mean_tile_miou,0.36637598391656084,0.43814429064799765,0.08723935929693265,0.4361967964846632
P2,F3,71,stored_logits,cal_v2,mean_tile_dice,0.5016323507213337,0.6476304166039846,0.1292635687752536,0.646317843876268
P2,F3,71,stored_logits,cal_v2,mean_tile_iou,0.5971654666179319,0.7427674051329418,0.14829810892336961,0.741490544616848
P2,F3,71,stored_logits,cal_v2,pooled_miou,0.2963159314170284,0.3579892900610631,0.07132010480098673,0.35660052400493364
P2,F3,71,stored_logits,cal_v2,pooled_dice,0.3403089691840987,0.4351191172955037,0.08675374497989333,0.4337687248994666
P2,F3,71,stored_logits,cal_v2,pooled_iou,0.4748534413577503,0.593993760703676,0.11843421598817694,0.5921710799408847
P2,F3,71,stored_logits,cal_uncertainty,mean_tile_miou,0.4089153288294358,0.4510396085595969,0.0900173003226698,0.450086501613349
P2,F3,71,stored_logits,cal_uncertainty,mean_tile_dice,0.7289335528124808,0.7493042799129396,0.14929828884090846,0.7464914442045423
P2,F3,71,stored_logits,cal_uncertainty,mean_tile_iou,0.7844926219419558,0.8300196247182798,0.1653250227344611,0.8266251136723054
P2,F3,71,stored_logits,cal_uncertainty,pooled_miou,0.3897818821360086,0.4235120420615443,0.08321163866867995,0.4160581933433997
P2,F3,71,stored_logits,cal_uncertainty,pooled_dice,0.6278523346447715,0.6227701506431302,0.12104059393492084,0.6052029696746042
P2,F3,71,stored_logits,cal_uncertainty,pooled_iou,0.7305078532392997,0.7665538958893906,0.150185330403158,0.75092665201579
P2,F3,71,stored_logits,cal_top_tail_msp,mean_tile_miou,0.40925892789452867,0.451039608559597,0.09005226560750235,0.45026132803751173
P2,F3,71,stored_logits,cal_top_tail_msp,mean_tile_dice,0.7302190642365904,0.7493042799129395,0.14936587583341002,0.7468293791670501
P2,F3,71,stored_logits,cal_top_tail_msp,mean_tile_iou,0.785325885633592,0.8300196247182797,0.16538748772594164,0.8269374386297081
P2,F3,71,stored_logits,cal_top_tail_msp,pooled_miou,0.39006461001567727,0.4235120420615443,0.08333521486658799,0.4166760743329399
P2,F3,71,stored_logits,cal_top_tail_msp,pooled_dice,0.6287575966444926,0.6227701506431302,0.12128232401272997,0.6064116200636498
P2,F3,71,stored_logits,cal_top_tail_msp,pooled_iou,0.7312391968989953,0.7665538958893906,0.1504247569361026,0.752123784680513
P2,F3,71,stored_logits,cal_spatial_inconsistency,mean_tile_miou,0.40849313370252505,0.44427611489451535,0.08891417168509687,0.4445708584254843
P2,F3,71,stored_logits,cal_spatial_inconsistency,mean_tile_dice,0.6694260716470667,0.6914430970994351,0.13834150397958425,0.6917075198979212
P2,F3,71,stored_logits,cal_spatial_inconsistency,mean_tile_iou,0.7263698362103609,0.7712798654775227,0.15434473375082405,0.7717236687541202
P2,F3,71,stored_logits,cal_spatial_inconsistency,pooled_miou,0.2981448883928491,0.3419359882781813,0.06862826903943746,0.34314134519718725
P2,F3,71,stored_logits,cal_spatial_inconsistency,pooled_dice,0.381182802195445,0.4179745399279929,0.08400735569870671,0.42003677849353355
P2,F3,71,stored_logits,cal_spatial_inconsistency,pooled_iou,0.5088572006296017,0.5739606465824141,0.115224000598277,0.576120002991385
P2,F3,71,stored_logits,cal_soft_dice_risk_binary,mean_tile_miou,0.37612144438181905,0.4396248428233216,0.08789346309011388,0.4394673154505694
P2,F3,71,stored_logits,cal_soft_dice_risk_binary,mean_tile_dice,0.477810545295015,0.624268669095793,0.12496999642977566,0.6248499821488782
P2,F3,71,stored_logits,cal_soft_dice_risk_binary,mean_tile_iou,0.579778395019972,0.7278126655205974,0.1456075401923015,0.7280377009615074
P2,F3,71,stored_logits,cal_soft_dice_risk_binary,pooled_miou,0.3289268444538614,0.37234314348142106,0.07447254226031041,0.3723627113015521
P2,F3,71,stored_logits,cal_soft_dice_risk_binary,pooled_dice,0.36846112691145366,0.452059171899446,0.09048133543064701,0.45240667715323507
P2,F3,71,stored_logits,cal_soft_dice_risk_binary,pooled_iou,0.505689071160145,0.6099020384693548,0.12205551229827544,0.6102775614913771
P2,F3,71,stored_logits,cal_sdc_exact,mean_tile_miou,0.37612144438181905,0.4396248428233216,0.08789346309011388,0.4394673154505694
P2,F3,71,stored_logits,cal_sdc_exact,mean_tile_dice,0.477810545295015,0.624268669095793,0.12496999642977566,0.6248499821488782
P2,F3,71,stored_logits,cal_sdc_exact,mean_tile_iou,0.579778395019972,0.7278126655205974,0.1456075401923015,0.7280377009615074
P2,F3,71,stored_logits,cal_sdc_exact,pooled_miou,0.3289268444538614,0.37234314348142106,0.07447254226031041,0.3723627113015521
P2,F3,71,stored_logits,cal_sdc_exact,pooled_dice,0.36846112691145366,0.452059171899446,0.09048133543064701,0.45240667715323507
P2,F3,71,stored_logits,cal_sdc_exact,pooled_iou,0.505689071160145,0.6099020384693548,0.12205551229827544,0.6102775614913771
P2,F3,71,stored_logits,t1_uncertainty,mean_tile_miou,0.4089555053744108,0.4510396085595969,0.0900173003226698,0.450086501613349
P2,F3,71,stored_logits,t1_uncertainty,mean_tile_dice,0.7290434236371528,0.7493042799129396,0.14929828884090846,0.7464914442045423
P2,F3,71,stored_logits,t1_uncertainty,mean_tile_iou,0.7845714212481935,0.8300196247182798,0.1653250227344611,0.8266251136723054
P2,F3,71,stored_logits,t1_uncertainty,pooled_miou,0.3898224210650272,0.4235120420615443,0.08321163866867995,0.4160581933433997
P2,F3,71,stored_logits,t1_uncertainty,pooled_dice,0.627961695988646,0.6227701506431302,0.12104059393492084,0.6052029696746042
P2,F3,71,stored_logits,t1_uncertainty,pooled_iou,0.7305871967935557,0.7665538958893906,0.150185330403158,0.75092665201579
P2,F3,71,stored_logits,t1_top_tail_msp,mean_tile_miou,0.4092139239875283,0.451039608559597,0.09005226560750235,0.45026132803751173
P2,F3,71,stored_logits,t1_top_tail_msp,mean_tile_dice,0.7301123760181644,0.7493042799129395,0.14936587583341002,0.7468293791670501
P2,F3,71,stored_logits,t1_top_tail_msp,mean_tile_iou,0.785227530593053,0.8300196247182797,0.16538748772594164,0.8269374386297081
P2,F3,71,stored_logits,t1_top_tail_msp,pooled_miou,0.3899387321761622,0.4235120420615443,0.08333521486658799,0.4166760743329399
P2,F3,71,stored_logits,t1_top_tail_msp,pooled_dice,0.6283622997877758,0.6227701506431302,0.12128232401272997,0.6064116200636498
P2,F3,71,stored_logits,t1_top_tail_msp,pooled_iou,0.7309789445796352,0.7665538958893906,0.1504247569361026,0.752123784680513
P2,F3,71,stored_logits,t1_spatial_inconsistency,mean_tile_miou,0.4094012976722851,0.44427611489451535,0.08901941031483465,0.44509705157417323
P2,F3,71,stored_logits,t1_spatial_inconsistency,mean_tile_dice,0.6689420132865802,0.6914430970994351,0.1384472170133492,0.6922360850667459
P2,F3,71,stored_logits,t1_spatial_inconsistency,mean_tile_iou,0.7261020339347128,0.7712798654775227,0.15443478500871466,0.7721739250435733
P2,F3,71,stored_logits,t1_spatial_inconsistency,pooled_miou,0.3002633857070997,0.3419359882781813,0.06880849795043245,0.34404248975216223
P2,F3,71,stored_logits,t1_spatial_inconsistency,pooled_dice,0.38281846654072355,0.4179745399279929,0.08423243959551055,0.4211621979775527
P2,F3,71,stored_logits,t1_spatial_inconsistency,pooled_iou,0.5110314423361361,0.5739606465824141,0.11544343795685785,0.5772171897842893
P2,F3,71,stored_logits,t1_soft_dice_risk_binary,mean_tile_miou,0.3755888426689584,0.43935794909720827,0.08787687864177408,0.4393843932088704
P2,F3,71,stored_logits,t1_soft_dice_risk_binary,mean_tile_dice,0.47770147709373867,0.6242704174820326,0.12496872049838956,0.6248436024919477
P2,F3,71,stored_logits,t1_soft_dice_risk_binary,mean_tile_iou,0.580415784199011,0.7278135397779157,0.14560687674186745,0.7280343837093373
P2,F3,71,stored_logits,t1_soft_dice_risk_binary,pooled_miou,0.3272419937766202,0.37177971102391566,0.07443817302615746,0.3721908651307873
P2,F3,71,stored_logits,t1_soft_dice_risk_binary,pooled_dice,0.36680049421098276,0.4515601069248211,0.09045047258216998,0.4522523629108499
P2,F3,71,stored_logits,t1_soft_dice_risk_binary,pooled_iou,0.5041685016464027,0.6095558939988918,0.12203161089732512,0.6101580544866255
P2,F3,71,stored_logits,t1_sdc_exact,mean_tile_miou,0.3755888426689584,0.43935794909720827,0.08787687864177408,0.4393843932088704
P2,F3,71,stored_logits,t1_sdc_exact,mean_tile_dice,0.47770147709373867,0.6242704174820326,0.12496872049838956,0.6248436024919477
P2,F3,71,stored_logits,t1_sdc_exact,mean_tile_iou,0.580415784199011,0.7278135397779157,0.14560687674186745,0.7280343837093373
P2,F3,71,stored_logits,t1_sdc_exact,pooled_miou,0.3272419937766202,0.37177971102391566,0.07443817302615746,0.3721908651307873
P2,F3,71,stored_logits,t1_sdc_exact,pooled_dice,0.36680049421098276,0.4515601069248211,0.09045047258216998,0.4522523629108499
P2,F3,71,stored_logits,t1_sdc_exact,pooled_iou,0.5041685016464027,0.6095558939988918,0.12203161089732512,0.6101580544866255
P2,F3,71,stored_logits,t1_v2_frozen_mapping,mean_tile_miou,0.3667582575759878,0.4377379179188633,0.08731791280306901,0.43658956401534504
P2,F3,71,stored_logits,t1_v2_frozen_mapping,mean_tile_dice,0.4998182894810055,0.6453690269039944,0.12904988169506504,0.6452494084753252
P2,F3,71,stored_logits,t1_v2_frozen_mapping,mean_tile_iou,0.5969484596181207,0.7415069787213984,0.14822049746270416,0.7411024873135208
P2,F3,71,stored_logits,t1_v2_frozen_mapping,pooled_miou,0.29986934258451525,0.3587587138430333,0.07177799918411107,0.3588899959205553
P2,F3,71,stored_logits,t1_v2_frozen_mapping,pooled_dice,0.34547610694738495,0.4360391732917417,0.08741388633864282,0.43706943169321405
P2,F3,71,stored_logits,t1_v2_frozen_mapping,pooled_iou,0.48113673714578414,0.595191476990413,0.11913713462801373,0.5956856731400686
P2,F3,71,stored_logits,t1_v2_new_ecdf_fixed_weights,mean_tile_miou,0.3652606532700373,0.4379530674403455,0.08729484486438335,0.43647422432191674
P2,F3,71,stored_logits,t1_v2_new_ecdf_fixed_weights,mean_tile_dice,0.5024623808733221,0.6468229655938749,0.12924335961906824,0.6462167980953412
P2,F3,71,stored_logits,t1_v2_new_ecdf_fixed_weights,mean_tile_iou,0.5984542514961223,0.7423439691553076,0.14828554402580382,0.741427720129019
P2,F3,71,stored_logits,t1_v2_new_ecdf_fixed_weights,pooled_miou,0.2961870199585913,0.35814487985750865,0.0715624630958048,0.357812315479024
P2,F3,71,stored_logits,t1_v2_new_ecdf_fixed_weights,pooled_dice,0.34151109126270673,0.4354824574609567,0.08715114700307315,0.43575573501536574
P2,F3,71,stored_logits,t1_v2_new_ecdf_fixed_weights,pooled_iou,0.47644374340890333,0.5943173189717554,0.11883704123317192,0.5941852061658596
P2,F3,71,stored_logits,t1_v2_refit,mean_tile_miou,0.3656544468415477,0.4360255789996493,0.08725416231999163,0.4362708115999581
P2,F3,71,stored_logits,t1_v2_refit,mean_tile_dice,0.5045224579942004,0.6495794654787783,0.12971437157704066,0.6485718578852032
P2,F3,71,stored_logits,t1_v2_refit,mean_tile_iou,0.59946550412158,0.7439866457858182,0.14857211654311978,0.7428605827155988
P2,F3,71,stored_logits,t1_v2_refit,pooled_miou,0.2950005759061217,0.35691721290401945,0.07134556833641471,0.35672784168207355
P2,F3,71,stored_logits,t1_v2_refit,pooled_dice,0.33974599406980743,0.433893386629815,0.08686286251660055,0.43431431258300274
P2,F3,71,stored_logits,t1_v2_refit,pooled_iou,0.4744401514948979,0.5927209424856514,0.11853693058293921,0.592684652914696
