block,partition,seed,endpoint,arm,baseline,delta_aurc,delta_risk_080,delta_mean_risk_070_090
P1,F1,13,mean_tile_miou,t1_uncertainty,cal_uncertainty,0.0004823162337307396,0.0,5.551115123125783e-17
P1,F1,13,mean_tile_dice,t1_uncertainty,cal_uncertainty,0.0009081686954947044,0.0,0.0
P1,F1,13,mean_tile_iou,t1_uncertainty,cal_uncertainty,0.0009714915530821822,0.0,0.0
P1,F1,13,pooled_miou,t1_uncertainty,cal_uncertainty,0.0006909750821211258,0.0,0.0
P1,F1,13,pooled_dice,t1_uncertainty,cal_uncertainty,0.002490308025694582,0.0,0.0
P1,F1,13,pooled_iou,t1_uncertainty,cal_uncertainty,0.0014915784423848444,0.0,0.0
P1,F1,37,mean_tile_miou,t1_uncertainty,cal_uncertainty,9.218585313774952e-06,0.0,0.0
P1,F1,37,mean_tile_dice,t1_uncertainty,cal_uncertainty,1.283907533905504e-05,0.0,0.0
P1,F1,37,mean_tile_iou,t1_uncertainty,cal_uncertainty,9.358793414793176e-06,0.0,0.0
P1,F1,37,pooled_miou,t1_uncertainty,cal_uncertainty,-0.0001490764231109054,0.0,0.0
P1,F1,37,pooled_dice,t1_uncertainty,cal_uncertainty,-0.0005046372144289768,0.0,0.0
P1,F1,37,pooled_iou,t1_uncertainty,cal_uncertainty,-0.00030573487696899937,0.0,0.0
P1,F1,71,mean_tile_miou,t1_uncertainty,cal_uncertainty,-0.001180663830988693,0.0,0.0
P1,F1,71,mean_tile_dice,t1_uncertainty,cal_uncertainty,-0.001977044358651092,-1.1102230246251565e-16,-1.1102230246251565e-16
P1,F1,71,mean_tile_iou,t1_uncertainty,cal_uncertainty,-0.0023997161435734826,0.0,0.0
P1,F1,71,pooled_miou,t1_uncertainty,cal_uncertainty,-0.002846210179069719,0.0,0.0
P1,F1,71,pooled_dice,t1_uncertainty,cal_uncertainty,-0.00408735027643764,0.0,0.0
P1,F1,71,pooled_iou,t1_uncertainty,cal_uncertainty,-0.005675215758366492,0.0,0.0
P1,F2,13,mean_tile_miou,t1_uncertainty,cal_uncertainty,-0.002349742979459113,0.0,0.00012086928110288664
P1,F2,13,mean_tile_dice,t1_uncertainty,cal_uncertainty,0.003369529341452293,0.0,0.00023385098576900187
P1,F2,13,mean_tile_iou,t1_uncertainty,cal_uncertainty,0.0028610838856900633,0.0,0.00030320743444756104
P1,F2,13,pooled_miou,t1_uncertainty,cal_uncertainty,0.0037020438035261782,0.0,0.0011058323488513655
P1,F2,13,pooled_dice,t1_uncertainty,cal_uncertainty,0.010592746203828551,0.0,0.002696859368776783
P1,F2,13,pooled_iou,t1_uncertainty,cal_uncertainty,0.007492575920087341,0.0,0.0022869498179775016
P1,F2,37,mean_tile_miou,t1_uncertainty,cal_uncertainty,-0.00011401969571755988,-1.1102230246251565e-16,0.0007849496763304153
P1,F2,37,mean_tile_dice,t1_uncertainty,cal_uncertainty,0.0005029501491323751,0.0,0.0013857113584577752
P1,F2,37,mean_tile_iou,t1_uncertainty,cal_uncertainty,0.000464711494469805,0.0,0.0012223156137952662
P1,F2,37,pooled_miou,t1_uncertainty,cal_uncertainty,0.004637310682519491,0.0,0.003448497589942423
P1,F2,37,pooled_dice,t1_uncertainty,cal_uncertainty,0.011555334987664034,0.0,0.007989598434313516
P1,F2,37,pooled_iou,t1_uncertainty,cal_uncertainty,0.009248673617091585,0.0,0.00673323281834548
P1,F2,71,mean_tile_miou,t1_uncertainty,cal_uncertainty,-0.0023756642025674624,0.0,-0.00023441877112190257
P1,F2,71,mean_tile_dice,t1_uncertainty,cal_uncertainty,0.005774391278093982,0.0,-0.0003436669689691474
P1,F2,71,mean_tile_iou,t1_uncertainty,cal_uncertainty,0.004782965795398275,0.0,-0.0004516561319244383
P1,F2,71,pooled_miou,t1_uncertainty,cal_uncertainty,0.014087619329590462,0.0,-0.00042853850100588176
P1,F2,71,pooled_dice,t1_uncertainty,cal_uncertainty,0.039476506221683194,0.0,-0.0011403977774965268
P1,F2,71,pooled_iou,t1_uncertainty,cal_uncertainty,0.02828983352421599,0.0,-0.0008346384273136831
P1,F3,13,mean_tile_miou,t1_uncertainty,cal_uncertainty,0.0027736746689691616,-5.551115123125783e-17,0.0
P1,F3,13,mean_tile_dice,t1_uncertainty,cal_uncertainty,0.0044952775687411295,-1.1102230246251565e-16,0.0
P1,F3,13,mean_tile_iou,t1_uncertainty,cal_uncertainty,0.003311176409884986,0.0,0.0
P1,F3,13,pooled_miou,t1_uncertainty,cal_uncertainty,0.004350777889290058,0.0,0.0
P1,F3,13,pooled_dice,t1_uncertainty,cal_uncertainty,0.00960935518188033,0.0,0.0
P1,F3,13,pooled_iou,t1_uncertainty,cal_uncertainty,0.006091855248211653,0.0,0.0
P1,F3,37,mean_tile_miou,t1_uncertainty,cal_uncertainty,0.00046989095605981523,0.006458138156430371,0.0015656194095916565
P1,F3,37,mean_tile_dice,t1_uncertainty,cal_uncertainty,0.0006769447322345634,0.006607378233524308,0.0016182276299936404
P1,F3,37,mean_tile_iou,t1_uncertainty,cal_uncertainty,0.0005398075726850138,0.005999091037727888,0.0014394589826577375
P1,F3,37,pooled_miou,t1_uncertainty,cal_uncertainty,0.0015094674813913578,0.024346263481852426,0.006131323361195762
P1,F3,37,pooled_dice,t1_uncertainty,cal_uncertainty,0.0033828055669765655,0.05710141192557827,0.014370722483285414
P1,F3,37,pooled_iou,t1_uncertainty,cal_uncertainty,0.00258244939978558,0.04099087418968106,0.010363998642993533
P1,F3,71,mean_tile_miou,t1_uncertainty,cal_uncertainty,0.0005028447203040964,0.0,-0.00010751916985546339
P1,F3,71,mean_tile_dice,t1_uncertainty,cal_uncertainty,0.0013613143946755724,-1.1102230246251565e-16,-0.00042882726101434177
P1,F3,71,mean_tile_iou,t1_uncertainty,cal_uncertainty,0.0008951610157951206,0.0,-0.0003786721929981418
P1,F3,71,pooled_miou,t1_uncertainty,cal_uncertainty,0.000567850619078436,0.0,-0.000358221398334746
P1,F3,71,pooled_dice,t1_uncertainty,cal_uncertainty,0.0022017939417408594,0.0,-0.0007408862319909226
P1,F3,71,pooled_iou,t1_uncertainty,cal_uncertainty,0.0010784188670776018,0.0,-0.0007809000085728934
P2,F1,13,mean_tile_miou,t1_uncertainty,cal_uncertainty,-0.00026109514689165447,0.0,0.0
P2,F1,13,mean_tile_dice,t1_uncertainty,cal_uncertainty,-0.000241979609453713,0.0,0.0
P2,F1,13,mean_tile_iou,t1_uncertainty,cal_uncertainty,-0.00013068516247027873,0.0,0.0
P2,F1,13,pooled_miou,t1_uncertainty,cal_uncertainty,-0.0004624334670813024,0.0,0.0
P2,F1,13,pooled_dice,t1_uncertainty,cal_uncertainty,-0.0010733688103976013,0.0,0.0
P2,F1,13,pooled_iou,t1_uncertainty,cal_uncertainty,-0.0005779343066064646,0.0,0.0
P2,F1,37,mean_tile_miou,t1_uncertainty,cal_uncertainty,-2.0872461011955945e-05,0.0,0.0
P2,F1,37,mean_tile_dice,t1_uncertainty,cal_uncertainty,2.39075278553047e-05,0.0,0.0
P2,F1,37,mean_tile_iou,t1_uncertainty,cal_uncertainty,-1.5534955437823683e-05,0.0,0.0
P2,F1,37,pooled_miou,t1_uncertainty,cal_uncertainty,-5.551426969452322e-05,0.0,0.0
P2,F1,37,pooled_dice,t1_uncertainty,cal_uncertainty,-0.0001296096404418967,0.0,0.0
P2,F1,37,pooled_iou,t1_uncertainty,cal_uncertainty,-8.265261389767131e-05,0.0,0.0
P2,F1,71,mean_tile_miou,t1_uncertainty,cal_uncertainty,0.0013114869049882238,0.0,0.0
P2,F1,71,mean_tile_dice,t1_uncertainty,cal_uncertainty,0.0025070039962259427,0.0,0.0
P2,F1,71,mean_tile_iou,t1_uncertainty,cal_uncertainty,0.0018810318674552517,0.0,0.0
P2,F1,71,pooled_miou,t1_uncertainty,cal_uncertainty,0.005137983983448224,0.0,0.0
P2,F1,71,pooled_dice,t1_uncertainty,cal_uncertainty,0.013122727022385594,0.0,0.0
P2,F1,71,pooled_iou,t1_uncertainty,cal_uncertainty,0.00960381981785391,0.0,0.0
P2,F2,13,mean_tile_miou,t1_uncertainty,cal_uncertainty,-0.0011179667493371181,0.0,-0.00047530101639758904
P2,F2,13,mean_tile_dice,t1_uncertainty,cal_uncertainty,-9.014332530166147e-05,0.0,-0.00014567551407085322
P2,F2,13,mean_tile_iou,t1_uncertainty,cal_uncertainty,-9.686601171687848e-05,0.0,-0.0002205130671378841
P2,F2,13,pooled_miou,t1_uncertainty,cal_uncertainty,4.1755371058382895e-05,0.0,-2.770539874269451e-05
P2,F2,13,pooled_dice,t1_uncertainty,cal_uncertainty,0.00035247743613675553,0.0,-8.402007948282719e-05
P2,F2,13,pooled_iou,t1_uncertainty,cal_uncertainty,9.517808092174285e-05,0.0,-9.536821983302524e-05
P2,F2,37,mean_tile_miou,t1_uncertainty,cal_uncertainty,0.00020788282798245294,-0.0006863329303277155,-0.00017158323258192887
P2,F2,37,mean_tile_dice,t1_uncertainty,cal_uncertainty,0.0005117432635965979,-0.0017860602231829503,-0.0004465150557957376
P2,F2,37,mean_tile_iou,t1_uncertainty,cal_uncertainty,0.0003944385007290663,-0.0016359793285675162,-0.00040899483214174026
P2,F2,37,pooled_miou,t1_uncertainty,cal_uncertainty,0.0010796382026747597,-0.0009280127290232087,-0.00023200318225574668
P2,F2,37,pooled_dice,t1_uncertainty,cal_uncertainty,0.0037217125814867913,-0.001856246335880385,-0.0004640615839701656
P2,F2,37,pooled_iou,t1_uncertainty,cal_uncertainty,0.0021380411461439097,-0.002097185812204083,-0.0005242964530510763
P2,F2,71,mean_tile_miou,t1_uncertainty,cal_uncertainty,-0.0008938362875081651,0.0,0.0
P2,F2,71,mean_tile_dice,t1_uncertainty,cal_uncertainty,0.0003355286497889187,0.0,0.0
P2,F2,71,mean_tile_iou,t1_uncertainty,cal_uncertainty,0.00031202258250029313,0.0,0.0
P2,F2,71,pooled_miou,t1_uncertainty,cal_uncertainty,0.001057898248346345,0.0,0.0
P2,F2,71,pooled_dice,t1_uncertainty,cal_uncertainty,0.003443802316312028,0.0,0.0
P2,F2,71,pooled_iou,t1_uncertainty,cal_uncertainty,0.0021174869392913687,0.0,0.0
P2,F3,13,mean_tile_miou,t1_uncertainty,cal_uncertainty,-5.464931254306471e-06,0.0,0.0
P2,F3,13,mean_tile_dice,t1_uncertainty,cal_uncertainty,7.618568805134451e-05,0.0,0.0
P2,F3,13,mean_tile_iou,t1_uncertainty,cal_uncertainty,7.868211551298465e-06,0.0,0.0
P2,F3,13,pooled_miou,t1_uncertainty,cal_uncertainty,-0.00012521910712870454,0.0,0.0
P2,F3,13,pooled_dice,t1_uncertainty,cal_uncertainty,-0.0003541768446170268,0.0,0.0
P2,F3,13,pooled_iou,t1_uncertainty,cal_uncertainty,-0.0002278777706926638,0.0,0.0
P2,F3,37,mean_tile_miou,t1_uncertainty,cal_uncertainty,-0.00028770907604630525,0.0,0.0
P2,F3,37,mean_tile_dice,t1_uncertainty,cal_uncertainty,-0.0006057527190360679,0.0,0.0
P2,F3,37,mean_tile_iou,t1_uncertainty,cal_uncertainty,-0.00046490981000801845,0.0,0.0
P2,F3,37,pooled_miou,t1_uncertainty,cal_uncertainty,-0.00011891896213150899,0.0,0.0
P2,F3,37,pooled_dice,t1_uncertainty,cal_uncertainty,-0.0001602718765049138,0.0,0.0
P2,F3,37,pooled_iou,t1_uncertainty,cal_uncertainty,-0.00011593055426195598,0.0,0.0
P2,F3,71,mean_tile_miou,t1_uncertainty,cal_uncertainty,4.017654497495693e-05,0.0,0.0
P2,F3,71,mean_tile_dice,t1_uncertainty,cal_uncertainty,0.00010987082467195375,0.0,0.0
P2,F3,71,mean_tile_iou,t1_uncertainty,cal_uncertainty,7.879930623766462e-05,0.0,0.0
P2,F3,71,pooled_miou,t1_uncertainty,cal_uncertainty,4.053892901856315e-05,0.0,0.0
P2,F3,71,pooled_dice,t1_uncertainty,cal_uncertainty,0.00010936134387451446,0.0,0.0
P2,F3,71,pooled_iou,t1_uncertainty,cal_uncertainty,7.934355425598394e-05,0.0,0.0
P1,F1,13,mean_tile_miou,t1_top_tail_msp,cal_top_tail_msp,-8.916729305513682e-05,0.0,0.0
P1,F1,13,mean_tile_dice,t1_top_tail_msp,cal_top_tail_msp,-0.0001610132247413243,0.0,0.0
P1,F1,13,mean_tile_iou,t1_top_tail_msp,cal_top_tail_msp,-0.00013869526313126102,0.0,0.0
P1,F1,13,pooled_miou,t1_top_tail_msp,cal_top_tail_msp,-0.0003505973729518719,0.0,0.0
P1,F1,13,pooled_dice,t1_top_tail_msp,cal_top_tail_msp,-0.0009222891152103063,0.0,0.0
P1,F1,13,pooled_iou,t1_top_tail_msp,cal_top_tail_msp,-0.0006577270279695124,0.0,0.0
P1,F1,37,mean_tile_miou,t1_top_tail_msp,cal_top_tail_msp,0.0003073620202989624,0.0,0.0
P1,F1,37,mean_tile_dice,t1_top_tail_msp,cal_top_tail_msp,0.0006225495065784736,0.0,0.0
P1,F1,37,mean_tile_iou,t1_top_tail_msp,cal_top_tail_msp,0.0005817084552389717,0.0,1.1102230246251565e-16
P1,F1,37,pooled_miou,t1_top_tail_msp,cal_top_tail_msp,0.00024097814280948926,0.0,0.0
P1,F1,37,pooled_dice,t1_top_tail_msp,cal_top_tail_msp,0.00039662500622542063,0.0,0.0
P1,F1,37,pooled_iou,t1_top_tail_msp,cal_top_tail_msp,0.0004778399560796953,0.0,0.0
P1,F1,71,mean_tile_miou,t1_top_tail_msp,cal_top_tail_msp,-0.000690034478727064,0.0,0.0
P1,F1,71,mean_tile_dice,t1_top_tail_msp,cal_top_tail_msp,-0.0013002574760726526,1.1102230246251565e-16,5.551115123125783e-17
P1,F1,71,mean_tile_iou,t1_top_tail_msp,cal_top_tail_msp,-0.0013805196559255606,0.0,0.0
P1,F1,71,pooled_miou,t1_top_tail_msp,cal_top_tail_msp,-0.0004776136452805946,0.0,0.0
P1,F1,71,pooled_dice,t1_top_tail_msp,cal_top_tail_msp,-0.000621594053978769,0.0,0.0
P1,F1,71,pooled_iou,t1_top_tail_msp,cal_top_tail_msp,-0.0009472031449978546,0.0,0.0
P1,F2,13,mean_tile_miou,t1_top_tail_msp,cal_top_tail_msp,-0.00204337168623292,0.0,0.00010037035276172501
P1,F2,13,mean_tile_dice,t1_top_tail_msp,cal_top_tail_msp,0.0007967796469037225,0.0,0.0001551356946085658
P1,F2,13,mean_tile_iou,t1_top_tail_msp,cal_top_tail_msp,0.0005802676294015541,0.0,0.00019071724521946276
P1,F2,13,pooled_miou,t1_top_tail_msp,cal_top_tail_msp,0.0009036229168515875,0.0,0.00017600792576338842
P1,F2,13,pooled_dice,t1_top_tail_msp,cal_top_tail_msp,0.0022981756935959163,0.0,0.0004127707864391428
P1,F2,13,pooled_iou,t1_top_tail_msp,cal_top_tail_msp,0.0018243283488261763,0.0,0.0003390820051329957
P1,F2,37,mean_tile_miou,t1_top_tail_msp,cal_top_tail_msp,-0.0025855416052498748,0.0,0.0007582520967129858
P1,F2,37,mean_tile_dice,t1_top_tail_msp,cal_top_tail_msp,0.0030607242691013115,0.0,0.001821636588976272
P1,F2,37,mean_tile_iou,t1_top_tail_msp,cal_top_tail_msp,0.0026659030912508097,0.0,0.0015292534852575645
P1,F2,37,pooled_miou,t1_top_tail_msp,cal_top_tail_msp,0.007974868285237413,0.0,0.0019705919460596966
P1,F2,37,pooled_dice,t1_top_tail_msp,cal_top_tail_msp,0.02249812174165433,0.0,0.004469408675141229
P1,F2,37,pooled_iou,t1_top_tail_msp,cal_top_tail_msp,0.015926018810275,0.0,0.003956843125074383
P1,F2,71,mean_tile_miou,t1_top_tail_msp,cal_top_tail_msp,-0.006803274071655097,0.0,0.00029741568377139593
P1,F2,71,mean_tile_dice,t1_top_tail_msp,cal_top_tail_msp,0.0013152413110054662,0.0,0.0006453956146132978
P1,F2,71,mean_tile_iou,t1_top_tail_msp,cal_top_tail_msp,0.0011022302816817708,0.0,0.0005538255750141552
P1,F2,71,pooled_miou,t1_top_tail_msp,cal_top_tail_msp,0.0075561515772577525,0.0,0.0013414704596957927
P1,F2,71,pooled_dice,t1_top_tail_msp,cal_top_tail_msp,0.022840071634375514,0.0,0.0035608941380359527
P1,F2,71,pooled_iou,t1_top_tail_msp,cal_top_tail_msp,0.015084337058906216,0.0,0.002638521375118663
P1,F3,13,mean_tile_miou,t1_top_tail_msp,cal_top_tail_msp,-3.590718591339748e-05,0.0,-0.0002960527075496211
P1,F3,13,mean_tile_dice,t1_top_tail_msp,cal_top_tail_msp,-4.742586400385829e-05,0.0,-0.0006177393109957352
P1,F3,13,mean_tile_iou,t1_top_tail_msp,cal_top_tail_msp,-0.0002241217541203433,0.0,-0.0005941863648658563
P1,F3,13,pooled_miou,t1_top_tail_msp,cal_top_tail_msp,-0.00018817068046278473,0.0,-0.000767314259656926
P1,F3,13,pooled_dice,t1_top_tail_msp,cal_top_tail_msp,-0.00011388679825108383,0.0,-0.0015679878501014821
P1,F3,13,pooled_iou,t1_top_tail_msp,cal_top_tail_msp,-0.0005228843865277,0.0,-0.0015374348475969413
P1,F3,37,mean_tile_miou,t1_top_tail_msp,cal_top_tail_msp,0.0020943325724026574,0.0,0.00034033517851778106
P1,F3,37,mean_tile_dice,t1_top_tail_msp,cal_top_tail_msp,0.004628711895726667,0.0,0.0006252838722361487
P1,F3,37,mean_tile_iou,t1_top_tail_msp,cal_top_tail_msp,0.004010412006430264,0.0,0.0005946991994584261
P1,F3,37,pooled_miou,t1_top_tail_msp,cal_top_tail_msp,0.005785885392025181,0.0,0.001308390001958426
P1,F3,37,pooled_dice,t1_top_tail_msp,cal_top_tail_msp,0.012781211123086278,0.0,0.002230484648763076
P1,F3,37,pooled_iou,t1_top_tail_msp,cal_top_tail_msp,0.011397575982241892,0.0,0.0025254890099467575
P1,F3,71,mean_tile_miou,t1_top_tail_msp,cal_top_tail_msp,0.00014682330254389697,0.0,0.0
P1,F3,71,mean_tile_dice,t1_top_tail_msp,cal_top_tail_msp,0.00033752180856760905,0.0,0.0
P1,F3,71,mean_tile_iou,t1_top_tail_msp,cal_top_tail_msp,0.0001823552469709666,0.0,0.0
P1,F3,71,pooled_miou,t1_top_tail_msp,cal_top_tail_msp,-0.00033448572756555883,0.0,0.0
P1,F3,71,pooled_dice,t1_top_tail_msp,cal_top_tail_msp,-0.000875671064240191,0.0,0.0
P1,F3,71,pooled_iou,t1_top_tail_msp,cal_top_tail_msp,-0.0007757650174011754,0.0,0.0
P2,F1,13,mean_tile_miou,t1_top_tail_msp,cal_top_tail_msp,-0.00017532051061158738,0.0,0.0
P2,F1,13,mean_tile_dice,t1_top_tail_msp,cal_top_tail_msp,-0.00018339777703724192,0.0,0.0
P2,F1,13,mean_tile_iou,t1_top_tail_msp,cal_top_tail_msp,-0.00031672566699347815,0.0,0.0
P2,F1,13,pooled_miou,t1_top_tail_msp,cal_top_tail_msp,-0.0003666669140486578,0.0,0.0
P2,F1,13,pooled_dice,t1_top_tail_msp,cal_top_tail_msp,-0.0010892013318343774,0.0,0.0
P2,F1,13,pooled_iou,t1_top_tail_msp,cal_top_tail_msp,-0.0007012783352219332,0.0,0.0
P2,F1,37,mean_tile_miou,t1_top_tail_msp,cal_top_tail_msp,0.0,0.0,0.0
P2,F1,37,mean_tile_dice,t1_top_tail_msp,cal_top_tail_msp,0.0,0.0,0.0
P2,F1,37,mean_tile_iou,t1_top_tail_msp,cal_top_tail_msp,0.0,0.0,0.0
P2,F1,37,pooled_miou,t1_top_tail_msp,cal_top_tail_msp,0.0,0.0,0.0
P2,F1,37,pooled_dice,t1_top_tail_msp,cal_top_tail_msp,0.0,0.0,0.0
P2,F1,37,pooled_iou,t1_top_tail_msp,cal_top_tail_msp,0.0,0.0,0.0
P2,F1,71,mean_tile_miou,t1_top_tail_msp,cal_top_tail_msp,1.034076772543635e-06,0.0,0.0
P2,F1,71,mean_tile_dice,t1_top_tail_msp,cal_top_tail_msp,0.0,0.0,0.0
P2,F1,71,mean_tile_iou,t1_top_tail_msp,cal_top_tail_msp,0.0,0.0,0.0
P2,F1,71,pooled_miou,t1_top_tail_msp,cal_top_tail_msp,1.5581312989926266e-05,0.0,0.0
P2,F1,71,pooled_dice,t1_top_tail_msp,cal_top_tail_msp,1.9348206007463453e-05,0.0,0.0
P2,F1,71,pooled_iou,t1_top_tail_msp,cal_top_tail_msp,2.900538759642579e-05,0.0,0.0
P2,F2,13,mean_tile_miou,t1_top_tail_msp,cal_top_tail_msp,-0.00037184850847121753,0.0,-8.775035639663198e-05
P2,F2,13,mean_tile_dice,t1_top_tail_msp,cal_top_tail_msp,0.0013483418839983496,0.0,-0.00014553887291657297
P2,F2,13,mean_tile_iou,t1_top_tail_msp,cal_top_tail_msp,0.001066432389012606,0.0,-0.0001821959774319648
P2,F2,13,pooled_miou,t1_top_tail_msp,cal_top_tail_msp,0.0021007370201934217,0.0,-0.00040097247190712393
P2,F2,13,pooled_dice,t1_top_tail_msp,cal_top_tail_msp,0.007202729817247677,0.0,-0.0007255304653355776
P2,F2,13,pooled_iou,t1_top_tail_msp,cal_top_tail_msp,0.004182458072372719,0.0,-0.0008027162170096691
P2,F2,37,mean_tile_miou,t1_top_tail_msp,cal_top_tail_msp,0.0007298196479663677,0.0,-0.00018437418889455381
P2,F2,37,mean_tile_dice,t1_top_tail_msp,cal_top_tail_msp,0.00044012256707970376,0.0,-0.0004508384165079482
P2,F2,37,mean_tile_iou,t1_top_tail_msp,cal_top_tail_msp,0.00020065791623458118,0.0,-0.00035838442262658976
P2,F2,37,pooled_miou,t1_top_tail_msp,cal_top_tail_msp,0.0004723595564117278,0.0,-0.00026920410917757875
P2,F2,37,pooled_dice,t1_top_tail_msp,cal_top_tail_msp,0.0015216648984863745,0.0,-0.0007512064511295824
P2,F2,37,pooled_iou,t1_top_tail_msp,cal_top_tail_msp,0.0009488578055512065,0.0,-0.0005247791956517478
P2,F2,71,mean_tile_miou,t1_top_tail_msp,cal_top_tail_msp,1.5328917028267774e-05,0.0,0.00029003107595249045
P2,F2,71,mean_tile_dice,t1_top_tail_msp,cal_top_tail_msp,1.625789855053128e-05,0.0,0.0004958633141995961
P2,F2,71,mean_tile_iou,t1_top_tail_msp,cal_top_tail_msp,3.368012178173174e-05,1.1102230246251565e-16,0.0005815129449837642
P2,F2,71,pooled_miou,t1_top_tail_msp,cal_top_tail_msp,0.00029904805298164305,0.0,0.0018541605764019753
P2,F2,71,pooled_dice,t1_top_tail_msp,cal_top_tail_msp,0.0005815433437996731,0.0,0.004626803121986656
P2,F2,71,pooled_iou,t1_top_tail_msp,cal_top_tail_msp,0.0005968687947623952,0.0,0.0037105717556897844
P2,F3,13,mean_tile_miou,t1_top_tail_msp,cal_top_tail_msp,-0.000133793660424264,0.0,0.0
P2,F3,13,mean_tile_dice,t1_top_tail_msp,cal_top_tail_msp,-0.00016465977810586896,0.0,-1.1102230246251565e-16
P2,F3,13,mean_tile_iou,t1_top_tail_msp,cal_top_tail_msp,-0.00016121741050301175,0.0,0.0
P2,F3,13,pooled_miou,t1_top_tail_msp,cal_top_tail_msp,-0.00013912125277770748,0.0,0.0
P2,F3,13,pooled_dice,t1_top_tail_msp,cal_top_tail_msp,-0.00022962200851783798,0.0,0.0
P2,F3,13,pooled_iou,t1_top_tail_msp,cal_top_tail_msp,-0.00016824691422812066,0.0,0.0
P2,F3,37,mean_tile_miou,t1_top_tail_msp,cal_top_tail_msp,-0.0008501908951381587,0.0,0.00010097084381488486
P2,F3,37,mean_tile_dice,t1_top_tail_msp,cal_top_tail_msp,-0.0002957120408576541,0.0,0.00021083133204702342
P2,F3,37,mean_tile_iou,t1_top_tail_msp,cal_top_tail_msp,-0.000531771202086806,-1.1102230246251565e-16,0.0001966324460398461
P2,F3,37,pooled_miou,t1_top_tail_msp,cal_top_tail_msp,-0.00044142886624715105,0.0,0.00012151853971797966
P2,F3,37,pooled_dice,t1_top_tail_msp,cal_top_tail_msp,-0.0014400004347810968,0.0,0.0003246544239877691
P2,F3,37,pooled_iou,t1_top_tail_msp,cal_top_tail_msp,-0.0009735465526639064,0.0,0.00023730299813984335
P2,F3,71,mean_tile_miou,t1_top_tail_msp,cal_top_tail_msp,-4.500390700035162e-05,0.0,0.0
P2,F3,71,mean_tile_dice,t1_top_tail_msp,cal_top_tail_msp,-0.00010668821842607645,0.0,0.0
P2,F3,71,mean_tile_iou,t1_top_tail_msp,cal_top_tail_msp,-9.835504053901101e-05,0.0,0.0
P2,F3,71,pooled_miou,t1_top_tail_msp,cal_top_tail_msp,-0.00012587783951506504,0.0,0.0
P2,F3,71,pooled_dice,t1_top_tail_msp,cal_top_tail_msp,-0.00039529685671679804,0.0,0.0
P2,F3,71,pooled_iou,t1_top_tail_msp,cal_top_tail_msp,-0.0002602523193601103,0.0,0.0
P1,F1,13,mean_tile_miou,t1_spatial_inconsistency,cal_spatial_inconsistency,0.0001309950504527202,0.0,4.2261846456115304e-05
P1,F1,13,mean_tile_dice,t1_spatial_inconsistency,cal_spatial_inconsistency,0.0003275885993444527,0.0,-0.00018325368043520252
P1,F1,13,mean_tile_iou,t1_spatial_inconsistency,cal_spatial_inconsistency,9.92182987578083e-05,0.0,-0.00030059839440121916
P1,F1,13,pooled_miou,t1_spatial_inconsistency,cal_spatial_inconsistency,-0.00025712158211960157,0.0,-0.0012034889415565853
P1,F1,13,pooled_dice,t1_spatial_inconsistency,cal_spatial_inconsistency,3.140095143266963e-05,0.0,-0.0019208527140832932
P1,F1,13,pooled_iou,t1_spatial_inconsistency,cal_spatial_inconsistency,-0.0006117175105694872,0.0,-0.0026235493162249934
P1,F1,37,mean_tile_miou,t1_spatial_inconsistency,cal_spatial_inconsistency,0.0012450229414104896,0.0,0.0
P1,F1,37,mean_tile_dice,t1_spatial_inconsistency,cal_spatial_inconsistency,0.004831096344789398,0.0,0.0
P1,F1,37,mean_tile_iou,t1_spatial_inconsistency,cal_spatial_inconsistency,0.003329235397567576,1.1102230246251565e-16,0.0
P1,F1,37,pooled_miou,t1_spatial_inconsistency,cal_spatial_inconsistency,0.0032946936599192456,0.0,0.0
P1,F1,37,pooled_dice,t1_spatial_inconsistency,cal_spatial_inconsistency,0.011778493552629277,0.0,0.0
P1,F1,37,pooled_iou,t1_spatial_inconsistency,cal_spatial_inconsistency,0.007342614335019815,0.0,0.0
P1,F1,71,mean_tile_miou,t1_spatial_inconsistency,cal_spatial_inconsistency,0.0014484182672780954,0.0,0.0009524654432351287
P1,F1,71,mean_tile_dice,t1_spatial_inconsistency,cal_spatial_inconsistency,0.0024401509589982995,0.0,0.001993674603812501
P1,F1,71,mean_tile_iou,t1_spatial_inconsistency,cal_spatial_inconsistency,0.002501941393769691,0.0,0.0020160963076195637
P1,F1,71,pooled_miou,t1_spatial_inconsistency,cal_spatial_inconsistency,0.0014130759165617846,0.0,0.0007616346976617727
P1,F1,71,pooled_dice,t1_spatial_inconsistency,cal_spatial_inconsistency,0.002111997446650138,0.0,0.0010197740113572495
P1,F1,71,pooled_iou,t1_spatial_inconsistency,cal_spatial_inconsistency,0.0024855603148066785,0.0,0.0016180969514133503
P1,F2,13,mean_tile_miou,t1_spatial_inconsistency,cal_spatial_inconsistency,-0.002205308272178852,0.003452957154280234,0.004240470893865811
P1,F2,13,mean_tile_dice,t1_spatial_inconsistency,cal_spatial_inconsistency,0.016075526023098363,0.007217083414603032,0.01097762251275547
P1,F2,13,mean_tile_iou,t1_spatial_inconsistency,cal_spatial_inconsistency,0.014420204830131289,0.006815569082041728,0.00958740313922235
P1,F2,13,pooled_miou,t1_spatial_inconsistency,cal_spatial_inconsistency,0.02865726056354545,0.0062087648962528275,0.008757500189908396
P1,F2,13,pooled_dice,t1_spatial_inconsistency,cal_spatial_inconsistency,0.07313569101789286,0.011729827790189828,0.021289853379611312
P1,F2,13,pooled_iou,t1_spatial_inconsistency,cal_spatial_inconsistency,0.057386778591842824,0.012290063660682193,0.018197678591134192
P1,F2,37,mean_tile_miou,t1_spatial_inconsistency,cal_spatial_inconsistency,-0.005128169920572023,0.00902096826248927,0.0035015282413691784
P1,F2,37,mean_tile_dice,t1_spatial_inconsistency,cal_spatial_inconsistency,0.009699754784434633,0.016524025739854675,0.008000597872039883
P1,F2,37,mean_tile_iou,t1_spatial_inconsistency,cal_spatial_inconsistency,0.008000701091341322,0.012660269921356826,0.0062295122923887725
P1,F2,37,pooled_miou,t1_spatial_inconsistency,cal_spatial_inconsistency,0.007541946460871862,-0.01187993708148738,-0.001753387594639555
P1,F2,37,pooled_dice,t1_spatial_inconsistency,cal_spatial_inconsistency,0.0393697701302097,-0.01712493103377133,-0.0014359591530350713
P1,F2,37,pooled_iou,t1_spatial_inconsistency,cal_spatial_inconsistency,0.02558173116052387,-0.02323197675748312,-0.0028947794427471862
P1,F2,71,mean_tile_miou,t1_spatial_inconsistency,cal_spatial_inconsistency,-0.0026368761913346805,0.00804176040818505,0.004368825052148417
P1,F2,71,mean_tile_dice,t1_spatial_inconsistency,cal_spatial_inconsistency,0.00936344871420458,0.020104113224202913,0.010239302323540866
P1,F2,71,mean_tile_iou,t1_spatial_inconsistency,cal_spatial_inconsistency,0.0073921857174504835,0.016710407968317242,0.009112148372355744
P1,F2,71,pooled_miou,t1_spatial_inconsistency,cal_spatial_inconsistency,0.014065324817017,0.01208672401337052,0.009476527352601682
P1,F2,71,pooled_dice,t1_spatial_inconsistency,cal_spatial_inconsistency,0.039522782792914435,0.03180255923076375,0.024103183742159917
P1,F2,71,pooled_iou,t1_spatial_inconsistency,cal_spatial_inconsistency,0.027528030064644216,0.024902279514909642,0.019172309853410452
P1,F3,13,mean_tile_miou,t1_spatial_inconsistency,cal_spatial_inconsistency,0.0004903631904284445,0.002113866555861932,0.0009982163516139564
P1,F3,13,mean_tile_dice,t1_spatial_inconsistency,cal_spatial_inconsistency,0.0011663017839845802,0.004442637600902577,0.0019731381746388443
P1,F3,13,mean_tile_iou,t1_spatial_inconsistency,cal_spatial_inconsistency,0.0012242530786366057,0.0041984521452602674,0.002158001287456468
P1,F3,13,pooled_miou,t1_spatial_inconsistency,cal_spatial_inconsistency,0.00048771537492758865,0.004990192971412066,0.002877228861626724
P1,F3,13,pooled_dice,t1_spatial_inconsistency,cal_spatial_inconsistency,0.0012915565345210656,0.011046203902109863,0.006245000099996845
P1,F3,13,pooled_iou,t1_spatial_inconsistency,cal_spatial_inconsistency,0.0012397895508323709,0.00995949556645892,0.005884647295230083
P1,F3,37,mean_tile_miou,t1_spatial_inconsistency,cal_spatial_inconsistency,0.0009209673684831277,-0.0016214259678658527,-0.00029572403140115666
P1,F3,37,mean_tile_dice,t1_spatial_inconsistency,cal_spatial_inconsistency,0.0008108472693084678,-0.002969595509127454,-0.00048182035382871025
P1,F3,37,mean_tile_iou,t1_spatial_inconsistency,cal_spatial_inconsistency,0.0006762082452357321,-0.002405695071397318,-0.00037128513265494156
P1,F3,37,pooled_miou,t1_spatial_inconsistency,cal_spatial_inconsistency,0.0006893026548011605,-0.0018146501915091706,-4.1711004565681e-05
P1,F3,37,pooled_dice,t1_spatial_inconsistency,cal_spatial_inconsistency,0.00027370282104510757,-0.003848621788260509,0.00027865708372842857
P1,F3,37,pooled_iou,t1_spatial_inconsistency,cal_spatial_inconsistency,0.00014370948941666573,-0.0027565190852110177,0.0001564858228686461
P1,F3,71,mean_tile_miou,t1_spatial_inconsistency,cal_spatial_inconsistency,0.000706808883439769,0.0029597162714897762,0.0018783446205242749
P1,F3,71,mean_tile_dice,t1_spatial_inconsistency,cal_spatial_inconsistency,0.0020326463488763435,0.0061245290314625445,0.0036866019821115703
P1,F3,71,mean_tile_iou,t1_spatial_inconsistency,cal_spatial_inconsistency,0.001779484235274742,0.005560240350404699,0.0034249554523968495
P1,F3,71,pooled_miou,t1_spatial_inconsistency,cal_spatial_inconsistency,0.00025211128394153626,0.0033122793968339836,0.0013819169690108546
P1,F3,71,pooled_dice,t1_spatial_inconsistency,cal_spatial_inconsistency,0.0008165410776970194,0.0077491752395423275,0.003025794093221734
P1,F3,71,pooled_iou,t1_spatial_inconsistency,cal_spatial_inconsistency,0.0008484158918271589,0.006347018679494609,0.0025074704430066985
P2,F1,13,mean_tile_miou,t1_spatial_inconsistency,cal_spatial_inconsistency,0.0026674384866041123,5.551115123125783e-17,0.001886373762018112
P2,F1,13,mean_tile_dice,t1_spatial_inconsistency,cal_spatial_inconsistency,0.006697680537896322,0.0,0.003586949788589533
P2,F1,13,mean_tile_iou,t1_spatial_inconsistency,cal_spatial_inconsistency,0.005906788119916406,0.0,0.0029073800436851815
P2,F1,13,pooled_miou,t1_spatial_inconsistency,cal_spatial_inconsistency,0.00020449444556380758,0.0,0.0006968561212637447
P2,F1,13,pooled_dice,t1_spatial_inconsistency,cal_spatial_inconsistency,0.0004919784475834743,0.0,0.000706458354626821
P2,F1,13,pooled_iou,t1_spatial_inconsistency,cal_spatial_inconsistency,0.0008354524518796036,0.0,0.0008401316015198002
P2,F1,37,mean_tile_miou,t1_spatial_inconsistency,cal_spatial_inconsistency,0.0004102763415141375,0.00040551041585368264,0.00029262176535421736
P2,F1,37,mean_tile_dice,t1_spatial_inconsistency,cal_spatial_inconsistency,0.0008468063682233185,0.001760203900074253,0.0006807138507444188
P2,F1,37,mean_tile_iou,t1_spatial_inconsistency,cal_spatial_inconsistency,0.0007593875038519604,0.0012871451193050554,0.0005073960433902291
P2,F1,37,pooled_miou,t1_spatial_inconsistency,cal_spatial_inconsistency,0.001159552520007101,-0.00036491384959580486,0.0004639201279740268
P2,F1,37,pooled_dice,t1_spatial_inconsistency,cal_spatial_inconsistency,0.0019057041600077373,-0.00018554384601565665,0.0006580432561807681
P2,F1,37,pooled_iou,t1_spatial_inconsistency,cal_spatial_inconsistency,0.0023397689797384214,-0.00023366101080279922,0.0008063313070478806
P2,F1,71,mean_tile_miou,t1_spatial_inconsistency,cal_spatial_inconsistency,2.3411459096955856e-05,-0.001466532499020512,-0.00036663312475515575
P2,F1,71,mean_tile_dice,t1_spatial_inconsistency,cal_spatial_inconsistency,0.0007562286655813377,0.009154096147465873,0.002288524036866524
P2,F1,71,mean_tile_iou,t1_spatial_inconsistency,cal_spatial_inconsistency,0.0005815558434423274,0.006976262565280944,0.001744065641320236
P2,F1,71,pooled_miou,t1_spatial_inconsistency,cal_spatial_inconsistency,-0.00045791687606477893,-0.008326542371215773,-0.002081635592803943
P2,F1,71,pooled_dice,t1_spatial_inconsistency,cal_spatial_inconsistency,-0.0003211300469063705,-0.005810495231716284,-0.0014526238079290987
P2,F1,71,pooled_iou,t1_spatial_inconsistency,cal_spatial_inconsistency,-0.0004188339976182176,-0.007512871413986155,-0.001878217853496511
P2,F2,13,mean_tile_miou,t1_spatial_inconsistency,cal_spatial_inconsistency,-0.0004468334032579069,0.0029192374185292858,0.0001269501485361979
P2,F2,13,mean_tile_dice,t1_spatial_inconsistency,cal_spatial_inconsistency,0.003146902983439004,0.009053395454053259,0.003122448878330908
P2,F2,13,mean_tile_iou,t1_spatial_inconsistency,cal_spatial_inconsistency,0.002235414862216012,0.006781708621431015,0.0014147366421812801
P2,F2,13,pooled_miou,t1_spatial_inconsistency,cal_spatial_inconsistency,0.000620020795693732,0.0033575411581296954,-0.006184493794218926
P2,F2,13,pooled_dice,t1_spatial_inconsistency,cal_spatial_inconsistency,0.0029476380914369438,0.008072919527002287,-0.00950950767527814
P2,F2,13,pooled_iou,t1_spatial_inconsistency,cal_spatial_inconsistency,0.001589969489311005,0.007638667053680992,-0.010811664048927416
P2,F2,37,mean_tile_miou,t1_spatial_inconsistency,cal_spatial_inconsistency,-0.005798255403856534,0.0008429702875762946,0.0005400946277662744
P2,F2,37,mean_tile_dice,t1_spatial_inconsistency,cal_spatial_inconsistency,0.0015379790447157538,0.0019566803810322497,0.002091097689725707
P2,F2,37,mean_tile_iou,t1_spatial_inconsistency,cal_spatial_inconsistency,0.001198746351840585,0.0018724856571361581,0.0019254532949292136
P2,F2,37,pooled_miou,t1_spatial_inconsistency,cal_spatial_inconsistency,-0.0040831324692046644,0.0006011020708324155,0.0019248550586306035
P2,F2,37,pooled_dice,t1_spatial_inconsistency,cal_spatial_inconsistency,0.0005544336034163377,0.0013149849651993284,0.005969669447031645
P2,F2,37,pooled_iou,t1_spatial_inconsistency,cal_spatial_inconsistency,0.0008174726539066368,0.0013847852562054452,0.0045200196873177445
P2,F2,71,mean_tile_miou,t1_spatial_inconsistency,cal_spatial_inconsistency,-0.006804925089834879,-5.446447658785658e-05,-0.00022088296083294656
P2,F2,71,mean_tile_dice,t1_spatial_inconsistency,cal_spatial_inconsistency,0.0018637078278587182,0.0014453601649493386,0.0005451615108980068
P2,F2,71,mean_tile_iou,t1_spatial_inconsistency,cal_spatial_inconsistency,0.0012963037242648134,0.001161740171561454,0.00027715305356945663
P2,F2,71,pooled_miou,t1_spatial_inconsistency,cal_spatial_inconsistency,0.0012786455989236,-0.0011916908138589477,-0.0005645914127839768
P2,F2,71,pooled_dice,t1_spatial_inconsistency,cal_spatial_inconsistency,0.0038933312806838094,-0.001209622559060708,-0.000580132225743879
P2,F2,71,pooled_iou,t1_spatial_inconsistency,cal_spatial_inconsistency,0.002984154940204986,-0.0012310468837047894,-0.00030729827723063874
P2,F3,13,mean_tile_miou,t1_spatial_inconsistency,cal_spatial_inconsistency,0.0014851426876132945,0.0016196000082703277,0.002109892310105499
P2,F3,13,mean_tile_dice,t1_spatial_inconsistency,cal_spatial_inconsistency,0.0030199115607726368,0.004064753620302897,0.005881902953347784
P2,F3,13,mean_tile_iou,t1_spatial_inconsistency,cal_spatial_inconsistency,0.002416862486493865,0.0035709854850718425,0.004583978566387814
P2,F3,13,pooled_miou,t1_spatial_inconsistency,cal_spatial_inconsistency,-0.0022486864615867685,0.002255386249933211,0.0028969046417254285
P2,F3,13,pooled_dice,t1_spatial_inconsistency,cal_spatial_inconsistency,-0.006038999389848976,0.0047079339772047035,0.006974453368696565
P2,F3,13,pooled_iou,t1_spatial_inconsistency,cal_spatial_inconsistency,-0.004695545110089072,0.004836401754596098,0.006144956602162632
P2,F3,37,mean_tile_miou,t1_spatial_inconsistency,cal_spatial_inconsistency,0.000969944434410841,0.0003660655856657091,0.0009810855590227652
P2,F3,37,mean_tile_dice,t1_spatial_inconsistency,cal_spatial_inconsistency,0.0016144444610461939,0.0015729143906982879,0.0025443366907642595
P2,F3,37,mean_tile_iou,t1_spatial_inconsistency,cal_spatial_inconsistency,0.0012827639024277637,0.0009438191476163205,0.001826159005315131
P2,F3,37,pooled_miou,t1_spatial_inconsistency,cal_spatial_inconsistency,0.001280352603924062,-0.0003111145021196249,0.0015741099189713892
P2,F3,37,pooled_dice,t1_spatial_inconsistency,cal_spatial_inconsistency,0.0025392783361635196,-0.00041894225802979745,0.0028272331357183655
P2,F3,37,pooled_iou,t1_spatial_inconsistency,cal_spatial_inconsistency,0.0018665573756785347,-0.00039826230888051484,0.002872844493644555
P2,F3,71,mean_tile_miou,t1_spatial_inconsistency,cal_spatial_inconsistency,0.0009081639697600674,0.0,0.0005261931486889027
P2,F3,71,mean_tile_dice,t1_spatial_inconsistency,cal_spatial_inconsistency,-0.00048405836048648343,0.0,0.0005285651688247128
P2,F3,71,mean_tile_iou,t1_spatial_inconsistency,cal_spatial_inconsistency,-0.0002678022756480436,0.0,0.00045025628945305485
P2,F3,71,pooled_miou,t1_spatial_inconsistency,cal_spatial_inconsistency,0.0021184973142506225,0.0,0.0009011445549749753
P2,F3,71,pooled_dice,t1_spatial_inconsistency,cal_spatial_inconsistency,0.0016356643452785646,0.0,0.0011254194840191745
P2,F3,71,pooled_iou,t1_spatial_inconsistency,cal_spatial_inconsistency,0.0021742417065343522,0.0,0.00109718679290427
P1,F1,13,mean_tile_miou,t1_soft_dice_risk_binary,cal_soft_dice_risk_binary,-0.0057574923203778106,0.000705865710037723,4.274558571260023e-05
P1,F1,13,mean_tile_dice,t1_soft_dice_risk_binary,cal_soft_dice_risk_binary,-0.001992189097437591,0.0026437235531859282,0.0006743473957304125
P1,F1,13,mean_tile_iou,t1_soft_dice_risk_binary,cal_soft_dice_risk_binary,-0.002897662658027378,0.0017208572192197735,0.00024968319253138027
P1,F1,13,pooled_miou,t1_soft_dice_risk_binary,cal_soft_dice_risk_binary,-0.007917064433995452,-0.000667579076582242,-0.0003509008432968086
P1,F1,13,pooled_dice,t1_soft_dice_risk_binary,cal_soft_dice_risk_binary,-0.0029547670345818067,-0.0006501280131671339,-0.000293363478977654
P1,F1,13,pooled_iou,t1_soft_dice_risk_binary,cal_soft_dice_risk_binary,-0.00447988637741184,-0.0010199477467122686,-0.00047212934315304933
P1,F1,37,mean_tile_miou,t1_soft_dice_risk_binary,cal_soft_dice_risk_binary,-0.005002458171801616,9.931667842133507e-05,-7.468439322783071e-05
P1,F1,37,mean_tile_dice,t1_soft_dice_risk_binary,cal_soft_dice_risk_binary,-0.00437853012704309,0.0005529486127311412,0.00015400782346441932
P1,F1,37,mean_tile_iou,t1_soft_dice_risk_binary,cal_soft_dice_risk_binary,-0.0049457470807222625,0.0003581986071584109,-1.7090757616466945e-05
P1,F1,37,pooled_miou,t1_soft_dice_risk_binary,cal_soft_dice_risk_binary,-0.0058440158637680095,-0.0003249802616798192,-0.00016009482671452968
P1,F1,37,pooled_dice,t1_soft_dice_risk_binary,cal_soft_dice_risk_binary,-0.0027870386801235325,-0.00032960218112632056,-0.0003141220672447931
P1,F1,37,pooled_iou,t1_soft_dice_risk_binary,cal_soft_dice_risk_binary,-0.0041701316794893195,-0.00046033045585525123,-0.00043879697362625425
P1,F1,71,mean_tile_miou,t1_soft_dice_risk_binary,cal_soft_dice_risk_binary,-0.01748633152789536,0.0012321217947235397,0.0003317834022833477
P1,F1,71,mean_tile_dice,t1_soft_dice_risk_binary,cal_soft_dice_risk_binary,-0.007391259894334118,0.004091267318244607,0.0023349309029881415
P1,F1,71,mean_tile_iou,t1_soft_dice_risk_binary,cal_soft_dice_risk_binary,-0.009752452841844172,0.0026193691450379086,0.0011540654932092886
P1,F1,71,pooled_miou,t1_soft_dice_risk_binary,cal_soft_dice_risk_binary,-0.020695886608003755,-0.0002475900749484006,-0.0007176631263553779
P1,F1,71,pooled_dice,t1_soft_dice_risk_binary,cal_soft_dice_risk_binary,-0.009524070642484422,-0.0002502842518575521,-0.0007254407670310714
P1,F1,71,pooled_iou,t1_soft_dice_risk_binary,cal_soft_dice_risk_binary,-0.01355198823377457,-0.0004013798088031706,-0.0009915265027380937
P1,F2,13,mean_tile_miou,t1_soft_dice_risk_binary,cal_soft_dice_risk_binary,-0.0046110080835115586,-0.001801508397888174,-0.0015210093273979597
P1,F2,13,mean_tile_dice,t1_soft_dice_risk_binary,cal_soft_dice_risk_binary,-0.006743601787203679,-0.006011418935884305,-0.00474790091406696
P1,F2,13,mean_tile_iou,t1_soft_dice_risk_binary,cal_soft_dice_risk_binary,-0.006517852399234525,-0.003690364737851448,-0.003012951638914685
P1,F2,13,pooled_miou,t1_soft_dice_risk_binary,cal_soft_dice_risk_binary,-0.003715745757511879,-0.0011348049605456323,-0.000791391857838053
P1,F2,13,pooled_dice,t1_soft_dice_risk_binary,cal_soft_dice_risk_binary,-0.0037650832288549374,-0.0004910962455685342,-0.0005085827152115363
P1,F2,13,pooled_iou,t1_soft_dice_risk_binary,cal_soft_dice_risk_binary,-0.003952295210860157,-0.0005759941554713821,-0.000541236530326783
P1,F2,37,mean_tile_miou,t1_soft_dice_risk_binary,cal_soft_dice_risk_binary,-0.005205308278548593,-0.003646310175211276,-0.00283625448350755
P1,F2,37,mean_tile_dice,t1_soft_dice_risk_binary,cal_soft_dice_risk_binary,-0.009747433912176584,-0.006773702880258248,-0.0057384324312362844
P1,F2,37,mean_tile_iou,t1_soft_dice_risk_binary,cal_soft_dice_risk_binary,-0.008740558484632288,-0.005846586513346241,-0.004507029043422817
P1,F2,37,pooled_miou,t1_soft_dice_risk_binary,cal_soft_dice_risk_binary,-0.0024383059784725547,-0.002759518337655753,-0.0021795768505226687
P1,F2,37,pooled_dice,t1_soft_dice_risk_binary,cal_soft_dice_risk_binary,-0.0031994652373051324,-0.004338202514436007,-0.0035447231248819655
P1,F2,37,pooled_iou,t1_soft_dice_risk_binary,cal_soft_dice_risk_binary,-0.0033395288901100217,-0.004015524518989677,-0.00327532174570333
P1,F2,71,mean_tile_miou,t1_soft_dice_risk_binary,cal_soft_dice_risk_binary,-0.005288237120257944,-0.0015408075801853771,-0.0018274627654185083
P1,F2,71,mean_tile_dice,t1_soft_dice_risk_binary,cal_soft_dice_risk_binary,-0.009231155501133237,-0.003293100103260338,-0.004294727656805275
P1,F2,71,mean_tile_iou,t1_soft_dice_risk_binary,cal_soft_dice_risk_binary,-0.008453511217729859,-0.0030237867943584407,-0.0037332151632613053
P1,F2,71,pooled_miou,t1_soft_dice_risk_binary,cal_soft_dice_risk_binary,-0.0031611940075472744,-0.00021946858576377126,-0.00019050765856243324
P1,F2,71,pooled_dice,t1_soft_dice_risk_binary,cal_soft_dice_risk_binary,-0.0034133165556912703,-0.0003806741993517271,-3.2341783146483394e-05
P1,F2,71,pooled_iou,t1_soft_dice_risk_binary,cal_soft_dice_risk_binary,-0.0038141625302607896,-0.0003783062498958767,-7.855607662921038e-05
P1,F3,13,mean_tile_miou,t1_soft_dice_risk_binary,cal_soft_dice_risk_binary,-0.002471750084492075,-0.00016765055520340244,-8.401081813869116e-05
P1,F3,13,mean_tile_dice,t1_soft_dice_risk_binary,cal_soft_dice_risk_binary,-0.004616605160112031,-0.00021733707824633797,-0.0007113219663699155
P1,F3,13,mean_tile_iou,t1_soft_dice_risk_binary,cal_soft_dice_risk_binary,-0.0035755912681569857,-0.00011471466844714673,-0.000565727283036388
P1,F3,13,pooled_miou,t1_soft_dice_risk_binary,cal_soft_dice_risk_binary,-0.0030507650124194097,-0.0003252686413051098,-0.0002470553599137615
P1,F3,13,pooled_dice,t1_soft_dice_risk_binary,cal_soft_dice_risk_binary,-0.00426977311628185,-0.0003049478750301038,-0.0003173098174945599
P1,F3,13,pooled_iou,t1_soft_dice_risk_binary,cal_soft_dice_risk_binary,-0.0040453461722836925,-0.0003617559357936839,-0.0003148430849236883
P1,F3,37,mean_tile_miou,t1_soft_dice_risk_binary,cal_soft_dice_risk_binary,-0.003133517859582935,-2.898621043928573e-05,-0.00022715740615575353
P1,F3,37,mean_tile_dice,t1_soft_dice_risk_binary,cal_soft_dice_risk_binary,-0.0031212815071399724,0.0010467572919871104,0.0002944721182188692
P1,F3,37,mean_tile_iou,t1_soft_dice_risk_binary,cal_soft_dice_risk_binary,-0.0025520095728038816,0.0005511879191443247,0.00015656807021813268
P1,F3,37,pooled_miou,t1_soft_dice_risk_binary,cal_soft_dice_risk_binary,-0.005254320191406536,-0.000811924351753146,-0.001294715582788264
P1,F3,37,pooled_dice,t1_soft_dice_risk_binary,cal_soft_dice_risk_binary,-0.0058214272607310935,-0.001288331994552805,-0.0020887308495659562
P1,F3,37,pooled_iou,t1_soft_dice_risk_binary,cal_soft_dice_risk_binary,-0.006153339877776498,-0.001271262314298638,-0.0020132656514402214
P1,F3,71,mean_tile_miou,t1_soft_dice_risk_binary,cal_soft_dice_risk_binary,-0.002295386608897665,-0.005995934587255114,-0.0028045006542299356
P1,F3,71,mean_tile_dice,t1_soft_dice_risk_binary,cal_soft_dice_risk_binary,0.0007964500303719868,0.004358455887532364,0.004075834438683645
P1,F3,71,mean_tile_iou,t1_soft_dice_risk_binary,cal_soft_dice_risk_binary,0.0004084077384363116,0.0025738308534657417,0.002635781309961005
P1,F3,71,pooled_miou,t1_soft_dice_risk_binary,cal_soft_dice_risk_binary,-0.007112273301563887,-0.019912201657239392,-0.011515113628295048
P1,F3,71,pooled_dice,t1_soft_dice_risk_binary,cal_soft_dice_risk_binary,-0.007954140886800576,-0.027172532747154143,-0.01548177248063981
P1,F3,71,pooled_iou,t1_soft_dice_risk_binary,cal_soft_dice_risk_binary,-0.00892907095872092,-0.026537367776114706,-0.015257960882791632
P2,F1,13,mean_tile_miou,t1_soft_dice_risk_binary,cal_soft_dice_risk_binary,-0.0046892805295232765,3.0342164743513145e-06,-9.921594548251145e-05
P2,F1,13,mean_tile_dice,t1_soft_dice_risk_binary,cal_soft_dice_risk_binary,0.002940616141450414,0.00029593662976296065,0.0018251278999426024
P2,F1,13,mean_tile_iou,t1_soft_dice_risk_binary,cal_soft_dice_risk_binary,0.0028941299838987633,0.0001686364632300652,0.001194976621757604
P2,F1,13,pooled_miou,t1_soft_dice_risk_binary,cal_soft_dice_risk_binary,-0.009516941681747298,-0.00025908716419914546,-0.002286626887752552
P2,F1,13,pooled_dice,t1_soft_dice_risk_binary,cal_soft_dice_risk_binary,-0.0027090237420874796,-0.00026620447540162684,-0.0017847032317765965
P2,F1,13,pooled_iou,t1_soft_dice_risk_binary,cal_soft_dice_risk_binary,-0.004324339879215766,-0.00032484489224771096,-0.00224958717337842
P2,F1,37,mean_tile_miou,t1_soft_dice_risk_binary,cal_soft_dice_risk_binary,-0.006306729312731324,0.0,-0.0007478127424159209
P2,F1,37,mean_tile_dice,t1_soft_dice_risk_binary,cal_soft_dice_risk_binary,-0.0020181662514162646,-1.1102230246251565e-16,-0.0014387962068965199
P2,F1,37,mean_tile_iou,t1_soft_dice_risk_binary,cal_soft_dice_risk_binary,-0.0024220793835748045,0.0,-0.001179129824438685
P2,F1,37,pooled_miou,t1_soft_dice_risk_binary,cal_soft_dice_risk_binary,-0.007419088587994616,0.0,-0.0006280173786425147
P2,F1,37,pooled_dice,t1_soft_dice_risk_binary,cal_soft_dice_risk_binary,-0.0026604659135218423,0.0,-0.0006152790954855325
P2,F1,37,pooled_iou,t1_soft_dice_risk_binary,cal_soft_dice_risk_binary,-0.004095779219061457,0.0,-0.0009362753991437045
P2,F1,71,mean_tile_miou,t1_soft_dice_risk_binary,cal_soft_dice_risk_binary,-0.006205316343405098,0.0,-0.0005289405096209343
P2,F1,71,mean_tile_dice,t1_soft_dice_risk_binary,cal_soft_dice_risk_binary,-0.0007224085307542261,0.0,-0.0011467754629634896
P2,F1,71,mean_tile_iou,t1_soft_dice_risk_binary,cal_soft_dice_risk_binary,-0.001168369614794218,0.0,-0.0010065066920112997
P2,F1,71,pooled_miou,t1_soft_dice_risk_binary,cal_soft_dice_risk_binary,-0.009543441762785487,0.0,-8.84757704391892e-05
P2,F1,71,pooled_dice,t1_soft_dice_risk_binary,cal_soft_dice_risk_binary,-0.004454051355845423,0.0,-6.390011974771737e-05
P2,F1,71,pooled_iou,t1_soft_dice_risk_binary,cal_soft_dice_risk_binary,-0.006103037106368947,0.0,-0.00010403394042374225
P2,F2,13,mean_tile_miou,t1_soft_dice_risk_binary,cal_soft_dice_risk_binary,-0.003177193996925287,-0.0012006242512302978,-0.0006502116255552859
P2,F2,13,mean_tile_dice,t1_soft_dice_risk_binary,cal_soft_dice_risk_binary,-0.005980840943349441,-0.0039403077908233275,-0.0018847226301008657
P2,F2,13,mean_tile_iou,t1_soft_dice_risk_binary,cal_soft_dice_risk_binary,-0.005032032815158405,-0.002431173322785307,-0.0012561728074588219
P2,F2,13,pooled_miou,t1_soft_dice_risk_binary,cal_soft_dice_risk_binary,-0.0019364761468513292,0.0005571082263350347,2.107192603451047e-05
P2,F2,13,pooled_dice,t1_soft_dice_risk_binary,cal_soft_dice_risk_binary,-0.0025422016176802065,-0.0005661842337189027,-0.00030036651837950235
P2,F2,13,pooled_iou,t1_soft_dice_risk_binary,cal_soft_dice_risk_binary,-0.0026857955953316637,-0.0005670432063715758,-0.0003207916913490205
P2,F2,37,mean_tile_miou,t1_soft_dice_risk_binary,cal_soft_dice_risk_binary,-0.003044388499629569,-0.004338044386643702,-0.0011073532827622912
P2,F2,37,mean_tile_dice,t1_soft_dice_risk_binary,cal_soft_dice_risk_binary,-0.0042047156645021455,0.0,-5.2626606922290264e-05
P2,F2,37,mean_tile_iou,t1_soft_dice_risk_binary,cal_soft_dice_risk_binary,-0.003392521117309144,0.0,-3.667280730534905e-05
P2,F2,37,pooled_miou,t1_soft_dice_risk_binary,cal_soft_dice_risk_binary,-0.001634816084795876,-0.0006665464150776845,-0.00017638157159444168
P2,F2,37,pooled_dice,t1_soft_dice_risk_binary,cal_soft_dice_risk_binary,-0.0023761584957474047,-0.0008840198859170201,-0.00022529697064199716
P2,F2,37,pooled_iou,t1_soft_dice_risk_binary,cal_soft_dice_risk_binary,-0.0023325251486771004,-0.0011456573247290436,-0.0002907697950776944
P2,F2,71,mean_tile_miou,t1_soft_dice_risk_binary,cal_soft_dice_risk_binary,-0.001983325927251478,-0.00039539127355253667,-0.0024503621259873154
P2,F2,71,mean_tile_dice,t1_soft_dice_risk_binary,cal_soft_dice_risk_binary,-0.001999921884433209,-0.0006918142254668247,-0.0006423702863654901
P2,F2,71,mean_tile_iou,t1_soft_dice_risk_binary,cal_soft_dice_risk_binary,-0.0013657313478847577,-0.000586777946667949,-0.0004618783287861916
P2,F2,71,pooled_miou,t1_soft_dice_risk_binary,cal_soft_dice_risk_binary,-0.0006609004858535439,-0.0007516683851400696,-0.0005329042671843309
P2,F2,71,pooled_dice,t1_soft_dice_risk_binary,cal_soft_dice_risk_binary,0.00030199742017028575,-0.0010811471805952655,-0.0007588968568243426
P2,F2,71,pooled_iou,t1_soft_dice_risk_binary,cal_soft_dice_risk_binary,5.8141659357802133e-05,-0.0012565025374111638,-0.0009313507474084659
P2,F3,13,mean_tile_miou,t1_soft_dice_risk_binary,cal_soft_dice_risk_binary,-0.0016420433956819691,-3.7506426898703538e-06,0.0003855499751310165
P2,F3,13,mean_tile_dice,t1_soft_dice_risk_binary,cal_soft_dice_risk_binary,-0.0018815417092226117,-9.538518512131056e-05,-0.0003983586258539118
P2,F3,13,mean_tile_iou,t1_soft_dice_risk_binary,cal_soft_dice_risk_binary,-0.001640449269810551,-4.8253635695383323e-05,-0.00022101378331051968
P2,F3,13,pooled_miou,t1_soft_dice_risk_binary,cal_soft_dice_risk_binary,-0.0026539297702054543,0.00018992826612018732,-0.00016206394511442124
P2,F3,13,pooled_dice,t1_soft_dice_risk_binary,cal_soft_dice_risk_binary,-0.0022660584623103164,0.0001386099661435103,-0.00011303937172446599
P2,F3,13,pooled_iou,t1_soft_dice_risk_binary,cal_soft_dice_risk_binary,-0.0029436646151759227,0.00021316269669058308,-4.419905592123463e-05
P2,F3,37,mean_tile_miou,t1_soft_dice_risk_binary,cal_soft_dice_risk_binary,-0.0025009365812966866,0.0,-5.8919346549834994e-05
P2,F3,37,mean_tile_dice,t1_soft_dice_risk_binary,cal_soft_dice_risk_binary,-0.0024600588871019347,0.0,-0.00015394456764050712
P2,F3,37,mean_tile_iou,t1_soft_dice_risk_binary,cal_soft_dice_risk_binary,-0.001993851403252478,1.1102230246251565e-16,-0.00010230347663942041
P2,F3,37,pooled_miou,t1_soft_dice_risk_binary,cal_soft_dice_risk_binary,-0.0028925192259930954,0.0,-2.4427518917236046e-05
P2,F3,37,pooled_dice,t1_soft_dice_risk_binary,cal_soft_dice_risk_binary,-0.0022258147913029047,0.0,-3.519843468607897e-05
P2,F3,37,pooled_iou,t1_soft_dice_risk_binary,cal_soft_dice_risk_binary,-0.0024491069821621636,0.0,-3.126383981333358e-05
P2,F3,71,mean_tile_miou,t1_soft_dice_risk_binary,cal_soft_dice_risk_binary,-0.0005326017128606253,-0.0002668937261133264,-8.292224169897944e-05
P2,F3,71,mean_tile_dice,t1_soft_dice_risk_binary,cal_soft_dice_risk_binary,-0.00010906820127631889,1.7483862395639704e-06,-6.379656930510791e-06
P2,F3,71,mean_tile_iou,t1_soft_dice_risk_binary,cal_soft_dice_risk_binary,0.0006373891790389941,8.742573183173619e-07,-3.3172521701763102e-06
P2,F3,71,pooled_miou,t1_soft_dice_risk_binary,cal_soft_dice_risk_binary,-0.0016848506772411675,-0.0005634324575053973,-0.00017184617076476671
P2,F3,71,pooled_dice,t1_soft_dice_risk_binary,cal_soft_dice_risk_binary,-0.0016606327004708987,-0.0004990649746248743,-0.00015431424238515623
P2,F3,71,pooled_iou,t1_soft_dice_risk_binary,cal_soft_dice_risk_binary,-0.0015205695137423536,-0.00034614447046299457,-0.0001195070047516067
P1,F1,13,mean_tile_miou,t1_sdc_exact,cal_sdc_exact,-0.0057574923203778106,0.000705865710037723,4.274558571260023e-05
P1,F1,13,mean_tile_dice,t1_sdc_exact,cal_sdc_exact,-0.001992189097437591,0.0026437235531859282,0.0006743473957304125
P1,F1,13,mean_tile_iou,t1_sdc_exact,cal_sdc_exact,-0.002897662658027378,0.0017208572192197735,0.00024968319253138027
P1,F1,13,pooled_miou,t1_sdc_exact,cal_sdc_exact,-0.007917064433995452,-0.000667579076582242,-0.0003509008432968086
P1,F1,13,pooled_dice,t1_sdc_exact,cal_sdc_exact,-0.0029547670345818067,-0.0006501280131671339,-0.000293363478977654
P1,F1,13,pooled_iou,t1_sdc_exact,cal_sdc_exact,-0.00447988637741184,-0.0010199477467122686,-0.00047212934315304933
P1,F1,37,mean_tile_miou,t1_sdc_exact,cal_sdc_exact,-0.005002458171801616,9.931667842133507e-05,-7.468439322783071e-05
P1,F1,37,mean_tile_dice,t1_sdc_exact,cal_sdc_exact,-0.00437853012704309,0.0005529486127311412,0.00015400782346441932
P1,F1,37,mean_tile_iou,t1_sdc_exact,cal_sdc_exact,-0.0049457470807222625,0.0003581986071584109,-1.7090757616466945e-05
P1,F1,37,pooled_miou,t1_sdc_exact,cal_sdc_exact,-0.0058440158637680095,-0.0003249802616798192,-0.00016009482671452968
P1,F1,37,pooled_dice,t1_sdc_exact,cal_sdc_exact,-0.0027870386801235325,-0.00032960218112632056,-0.0003141220672447931
P1,F1,37,pooled_iou,t1_sdc_exact,cal_sdc_exact,-0.0041701316794893195,-0.00046033045585525123,-0.00043879697362625425
P1,F1,71,mean_tile_miou,t1_sdc_exact,cal_sdc_exact,-0.01748340279591873,0.0012321217947235397,0.0003391052322249122
P1,F1,71,mean_tile_dice,t1_sdc_exact,cal_sdc_exact,-0.007391259894334118,0.004091267318244607,0.0023349309029881415
P1,F1,71,mean_tile_iou,t1_sdc_exact,cal_sdc_exact,-0.009752452841844172,0.0026193691450379086,0.0011540654932092886
P1,F1,71,pooled_miou,t1_sdc_exact,cal_sdc_exact,-0.020693597683022535,-0.0002475900749484006,-0.0007119408139022732
P1,F1,71,pooled_dice,t1_sdc_exact,cal_sdc_exact,-0.009511031967824907,-0.0002502842518575521,-0.0006928440803822544
P1,F1,71,pooled_iou,t1_sdc_exact,cal_sdc_exact,-0.013537729249328334,-0.0004013798088031706,-0.0009558790416225316
P1,F2,13,mean_tile_miou,t1_sdc_exact,cal_sdc_exact,-0.0046110080835115586,-0.001801508397888063,-0.0015210093273979042
P1,F2,13,mean_tile_dice,t1_sdc_exact,cal_sdc_exact,-0.006743601787203679,-0.006011418935884305,-0.00474790091406696
P1,F2,13,mean_tile_iou,t1_sdc_exact,cal_sdc_exact,-0.006517852399234525,-0.003690364737851448,-0.003012951638914685
P1,F2,13,pooled_miou,t1_sdc_exact,cal_sdc_exact,-0.003715745757511879,-0.0011348049605456878,-0.0007913918578381085
P1,F2,13,pooled_dice,t1_sdc_exact,cal_sdc_exact,-0.0037650832288549374,-0.0004910962455686452,-0.0005085827152115918
P1,F2,13,pooled_iou,t1_sdc_exact,cal_sdc_exact,-0.003952295210860157,-0.0005759941554714931,-0.000541236530326783
P1,F2,37,mean_tile_miou,t1_sdc_exact,cal_sdc_exact,-0.005205308278548648,-0.0036463101752112204,-0.002836254483507439
P1,F2,37,mean_tile_dice,t1_sdc_exact,cal_sdc_exact,-0.009747433912176584,-0.006773702880258248,-0.0057384324312362844
P1,F2,37,mean_tile_iou,t1_sdc_exact,cal_sdc_exact,-0.008740558484632288,-0.005846586513346241,-0.004507029043422817
P1,F2,37,pooled_miou,t1_sdc_exact,cal_sdc_exact,-0.0024383059784724437,-0.002759518337655753,-0.0021795768505226687
P1,F2,37,pooled_dice,t1_sdc_exact,cal_sdc_exact,-0.0031994652373051324,-0.004338202514436007,-0.0035447231248819655
P1,F2,37,pooled_iou,t1_sdc_exact,cal_sdc_exact,-0.0033395288901100217,-0.004015524518989677,-0.003275321745703441
P1,F2,71,mean_tile_miou,t1_sdc_exact,cal_sdc_exact,-0.005288237120257944,-0.0015408075801853771,-0.0018274627654185083
P1,F2,71,mean_tile_dice,t1_sdc_exact,cal_sdc_exact,-0.009231155501133237,-0.003293100103260338,-0.004294727656805275
P1,F2,71,mean_tile_iou,t1_sdc_exact,cal_sdc_exact,-0.008453511217729859,-0.0030237867943584407,-0.0037332151632613053
P1,F2,71,pooled_miou,t1_sdc_exact,cal_sdc_exact,-0.0031611940075473854,-0.00021946858576382677,-0.00019050765856237772
P1,F2,71,pooled_dice,t1_sdc_exact,cal_sdc_exact,-0.003413316555691326,-0.0003806741993517271,-3.234178314642788e-05
P1,F2,71,pooled_iou,t1_sdc_exact,cal_sdc_exact,-0.0038141625302607896,-0.00037830624989576567,-7.855607662921038e-05
P1,F3,13,mean_tile_miou,t1_sdc_exact,cal_sdc_exact,-0.002471750084492075,-0.00016765055520340244,-8.401081813869116e-05
P1,F3,13,mean_tile_dice,t1_sdc_exact,cal_sdc_exact,-0.004616605160112031,-0.00021733707824633797,-0.0007113219663699155
P1,F3,13,mean_tile_iou,t1_sdc_exact,cal_sdc_exact,-0.0035755912681569857,-0.00011471466844714673,-0.000565727283036388
P1,F3,13,pooled_miou,t1_sdc_exact,cal_sdc_exact,-0.0030507650124194097,-0.0003252686413051098,-0.0002470553599137615
P1,F3,13,pooled_dice,t1_sdc_exact,cal_sdc_exact,-0.00426977311628185,-0.0003049478750301038,-0.0003173098174945599
P1,F3,13,pooled_iou,t1_sdc_exact,cal_sdc_exact,-0.0040453461722836925,-0.0003617559357936839,-0.0003148430849236883
P1,F3,37,mean_tile_miou,t1_sdc_exact,cal_sdc_exact,-0.003133517859582935,-2.898621043928573e-05,-0.00022715740615575353
P1,F3,37,mean_tile_dice,t1_sdc_exact,cal_sdc_exact,-0.0031212815071399724,0.0010467572919871104,0.0002944721182188692
P1,F3,37,mean_tile_iou,t1_sdc_exact,cal_sdc_exact,-0.0025520095728038816,0.0005511879191443247,0.00015656807021813268
P1,F3,37,pooled_miou,t1_sdc_exact,cal_sdc_exact,-0.005254320191406536,-0.000811924351753146,-0.001294715582788264
P1,F3,37,pooled_dice,t1_sdc_exact,cal_sdc_exact,-0.0058214272607310935,-0.001288331994552805,-0.0020887308495659562
P1,F3,37,pooled_iou,t1_sdc_exact,cal_sdc_exact,-0.006153339877776498,-0.001271262314298638,-0.0020132656514402214
P1,F3,71,mean_tile_miou,t1_sdc_exact,cal_sdc_exact,-0.002295386608897665,-0.005995934587255114,-0.0028045006542299356
P1,F3,71,mean_tile_dice,t1_sdc_exact,cal_sdc_exact,0.0007964500303719868,0.004358455887532364,0.004075834438683645
P1,F3,71,mean_tile_iou,t1_sdc_exact,cal_sdc_exact,0.0004084077384363116,0.0025738308534657417,0.002635781309961005
P1,F3,71,pooled_miou,t1_sdc_exact,cal_sdc_exact,-0.007112273301563887,-0.019912201657239392,-0.011515113628295048
P1,F3,71,pooled_dice,t1_sdc_exact,cal_sdc_exact,-0.007954140886800576,-0.027172532747154143,-0.01548177248063981
P1,F3,71,pooled_iou,t1_sdc_exact,cal_sdc_exact,-0.00892907095872092,-0.026537367776114706,-0.015257960882791632
P2,F1,13,mean_tile_miou,t1_sdc_exact,cal_sdc_exact,-0.0046892805295232765,3.0342164743513145e-06,-9.921594548251145e-05
P2,F1,13,mean_tile_dice,t1_sdc_exact,cal_sdc_exact,0.002940616141450414,0.00029593662976296065,0.0018251278999426024
P2,F1,13,mean_tile_iou,t1_sdc_exact,cal_sdc_exact,0.0028941299838987633,0.0001686364632300652,0.001194976621757604
P2,F1,13,pooled_miou,t1_sdc_exact,cal_sdc_exact,-0.009516941681747298,-0.00025908716419914546,-0.002286626887752552
P2,F1,13,pooled_dice,t1_sdc_exact,cal_sdc_exact,-0.0027090237420874796,-0.00026620447540162684,-0.0017847032317765965
P2,F1,13,pooled_iou,t1_sdc_exact,cal_sdc_exact,-0.004324339879215766,-0.00032484489224771096,-0.00224958717337842
P2,F1,37,mean_tile_miou,t1_sdc_exact,cal_sdc_exact,-0.006306729312731324,0.0,-0.0007478127424159209
P2,F1,37,mean_tile_dice,t1_sdc_exact,cal_sdc_exact,-0.0020181662514162646,-1.1102230246251565e-16,-0.0014387962068965199
P2,F1,37,mean_tile_iou,t1_sdc_exact,cal_sdc_exact,-0.0024220793835748045,0.0,-0.001179129824438685
P2,F1,37,pooled_miou,t1_sdc_exact,cal_sdc_exact,-0.007419088587994616,0.0,-0.0006280173786425147
P2,F1,37,pooled_dice,t1_sdc_exact,cal_sdc_exact,-0.0026604659135218423,0.0,-0.0006152790954855325
P2,F1,37,pooled_iou,t1_sdc_exact,cal_sdc_exact,-0.004095779219061457,0.0,-0.0009362753991437045
P2,F1,71,mean_tile_miou,t1_sdc_exact,cal_sdc_exact,-0.006205316343405098,0.0,-0.0005289405096209343
P2,F1,71,mean_tile_dice,t1_sdc_exact,cal_sdc_exact,-0.0007224085307542261,0.0,-0.0011467754629634896
P2,F1,71,mean_tile_iou,t1_sdc_exact,cal_sdc_exact,-0.001168369614794218,0.0,-0.0010065066920112997
P2,F1,71,pooled_miou,t1_sdc_exact,cal_sdc_exact,-0.009543441762785487,0.0,-8.84757704391892e-05
P2,F1,71,pooled_dice,t1_sdc_exact,cal_sdc_exact,-0.004454051355845423,0.0,-6.390011974771737e-05
P2,F1,71,pooled_iou,t1_sdc_exact,cal_sdc_exact,-0.006103037106368947,0.0,-0.00010403394042374225
P2,F2,13,mean_tile_miou,t1_sdc_exact,cal_sdc_exact,-0.00299177405452955,-0.0012006242512302978,-0.0006464001692372268
P2,F2,13,mean_tile_dice,t1_sdc_exact,cal_sdc_exact,-0.005980840943349441,-0.0039403077908233275,-0.0018847226301008657
P2,F2,13,mean_tile_iou,t1_sdc_exact,cal_sdc_exact,-0.005032032815158405,-0.002431173322785307,-0.0012561728074588219
P2,F2,13,pooled_miou,t1_sdc_exact,cal_sdc_exact,-0.0018954268991541179,0.0005571082263350347,4.464234431278413e-05
P2,F2,13,pooled_dice,t1_sdc_exact,cal_sdc_exact,-0.002482273667170576,-0.0005661842337189582,-0.00025641420635946766
P2,F2,13,pooled_iou,t1_sdc_exact,cal_sdc_exact,-0.002607567528984389,-0.0005670432063714648,-0.00026324015580403426
P2,F2,37,mean_tile_miou,t1_sdc_exact,cal_sdc_exact,-0.0028274862802973866,-1.1102230246251565e-16,-2.2842186101379447e-05
P2,F2,37,mean_tile_dice,t1_sdc_exact,cal_sdc_exact,-0.0042047156645021455,0.0,-5.2626606922290264e-05
P2,F2,37,mean_tile_iou,t1_sdc_exact,cal_sdc_exact,-0.003392521117309144,0.0,-3.667280730534905e-05
P2,F2,37,pooled_miou,t1_sdc_exact,cal_sdc_exact,-0.0015663421335746497,0.0,-9.744967824965034e-06
P2,F2,37,pooled_dice,t1_sdc_exact,cal_sdc_exact,-0.002331957501451598,0.0,-4.291999162686633e-06
P2,F2,37,pooled_iou,t1_sdc_exact,cal_sdc_exact,-0.0022752422824406926,0.0,-4.355463895544531e-06
P2,F2,71,mean_tile_miou,t1_sdc_exact,cal_sdc_exact,-0.0015462974892053727,-0.00035378825038206996,-0.0002652199357567331
P2,F2,71,mean_tile_dice,t1_sdc_exact,cal_sdc_exact,-0.001999921884433209,-0.0006918142254668247,-0.0006423702863654901
P2,F2,71,mean_tile_iou,t1_sdc_exact,cal_sdc_exact,-0.0013657313478847577,-0.000586777946667949,-0.0004618783287861916
P2,F2,71,pooled_miou,t1_sdc_exact,cal_sdc_exact,-0.0005736382096478976,-0.00034047393882263854,-0.00015391333623282488
P2,F2,71,pooled_dice,t1_sdc_exact,cal_sdc_exact,0.0004131868895665969,-0.0005391128785315891,-0.00020294950984239835
P2,F2,71,pooled_iou,t1_sdc_exact,cal_sdc_exact,0.00020287176851951916,-0.0005509642160184125,-0.00020770020159976976
P2,F3,13,mean_tile_miou,t1_sdc_exact,cal_sdc_exact,-0.0016362961462251802,-3.7506426898703538e-06,0.0003855499751310165
P2,F3,13,mean_tile_dice,t1_sdc_exact,cal_sdc_exact,-0.0018815417092226117,-9.538518512131056e-05,-0.0003983586258539118
P2,F3,13,mean_tile_iou,t1_sdc_exact,cal_sdc_exact,-0.001640449269810551,-4.8253635695383323e-05,-0.00022101378331051968
P2,F3,13,pooled_miou,t1_sdc_exact,cal_sdc_exact,-0.002632492494325178,0.00018992826612018732,-0.00016206394511442124
P2,F3,13,pooled_dice,t1_sdc_exact,cal_sdc_exact,-0.0022364869363962203,0.0001386099661435103,-0.00011303937172446599
P2,F3,13,pooled_iou,t1_sdc_exact,cal_sdc_exact,-0.002910780872391383,0.00021316269669058308,-4.419905592123463e-05
P2,F3,37,mean_tile_miou,t1_sdc_exact,cal_sdc_exact,-0.0025009365812966866,0.0,-5.8919346549834994e-05
P2,F3,37,mean_tile_dice,t1_sdc_exact,cal_sdc_exact,-0.0024600588871019347,0.0,-0.00015394456764050712
P2,F3,37,mean_tile_iou,t1_sdc_exact,cal_sdc_exact,-0.001993851403252478,1.1102230246251565e-16,-0.00010230347663942041
P2,F3,37,pooled_miou,t1_sdc_exact,cal_sdc_exact,-0.0028925192259930954,0.0,-2.442751891734707e-05
P2,F3,37,pooled_dice,t1_sdc_exact,cal_sdc_exact,-0.0022258147913029047,0.0,-3.519843468607897e-05
P2,F3,37,pooled_iou,t1_sdc_exact,cal_sdc_exact,-0.0024491069821623856,0.0,-3.1263839813444605e-05
P2,F3,71,mean_tile_miou,t1_sdc_exact,cal_sdc_exact,-0.0005326017128606253,-0.0002668937261133264,-8.292224169897944e-05
P2,F3,71,mean_tile_dice,t1_sdc_exact,cal_sdc_exact,-0.00010906820127631889,1.7483862395639704e-06,-6.379656930510791e-06
P2,F3,71,mean_tile_iou,t1_sdc_exact,cal_sdc_exact,0.0006373891790389941,8.742573183173619e-07,-3.3172521701763102e-06
P2,F3,71,pooled_miou,t1_sdc_exact,cal_sdc_exact,-0.0016848506772411675,-0.0005634324575053973,-0.00017184617076476671
P2,F3,71,pooled_dice,t1_sdc_exact,cal_sdc_exact,-0.0016606327004708987,-0.0004990649746248743,-0.00015431424238515623
P2,F3,71,pooled_iou,t1_sdc_exact,cal_sdc_exact,-0.0015205695137423536,-0.00034614447046299457,-0.0001195070047516067
P1,F1,13,mean_tile_miou,t1_v2_frozen_mapping,cal_v2,0.0051401795037667175,-0.006325293271982002,-0.004454565115909803
P1,F1,13,mean_tile_dice,t1_v2_frozen_mapping,cal_v2,0.010951457866702707,-0.007268361718978933,-0.006699560489825562
P1,F1,13,mean_tile_iou,t1_v2_frozen_mapping,cal_v2,0.012491622118771528,-0.006469396065419186,-0.005503611561697874
P1,F1,13,pooled_miou,t1_v2_frozen_mapping,cal_v2,0.001785425636575605,-0.01320246258064256,-0.003515405693307855
P1,F1,13,pooled_dice,t1_v2_frozen_mapping,cal_v2,0.004529353326703067,-0.015468556627453056,-0.0038776444290342382
P1,F1,13,pooled_iou,t1_v2_frozen_mapping,cal_v2,0.004485679139068721,-0.021262049715935094,-0.005328114093547165
P1,F1,37,mean_tile_miou,t1_v2_frozen_mapping,cal_v2,0.0071488534610003596,0.001167394433067681,0.0027763556420120628
P1,F1,37,mean_tile_dice,t1_v2_frozen_mapping,cal_v2,0.015745093735090587,0.0031171437278202374,0.006431732232641596
P1,F1,37,mean_tile_iou,t1_v2_frozen_mapping,cal_v2,0.015615954849460156,0.0038052492665191506,0.007506511769702073
P1,F1,37,pooled_miou,t1_v2_frozen_mapping,cal_v2,0.0060188096346985576,0.0038149836323253805,0.007589981876495316
P1,F1,37,pooled_dice,t1_v2_frozen_mapping,cal_v2,0.008804006896179856,0.005110615616415598,0.010586402548291934
P1,F1,37,pooled_iou,t1_v2_frozen_mapping,cal_v2,0.012497641849151198,0.007667168680190017,0.015463629203179896
P1,F1,71,mean_tile_miou,t1_v2_frozen_mapping,cal_v2,0.03047325275775875,0.002613821987759557,0.00262566666480446
P1,F1,71,mean_tile_dice,t1_v2_frozen_mapping,cal_v2,0.06767743966519357,0.006440196451668434,0.00747773054035189
P1,F1,71,mean_tile_iou,t1_v2_frozen_mapping,cal_v2,0.06770922902472076,0.008143210543549717,0.009318865456804937
P1,F1,71,pooled_miou,t1_v2_frozen_mapping,cal_v2,0.021746534755306274,0.012042006141891382,0.010079556701208858
P1,F1,71,pooled_dice,t1_v2_frozen_mapping,cal_v2,0.045619827001512764,0.02024258138394089,0.016935072778857307
P1,F1,71,pooled_iou,t1_v2_frozen_mapping,cal_v2,0.04696394183710345,0.02576722151916383,0.02193023705901298
P1,F2,13,mean_tile_miou,t1_v2_frozen_mapping,cal_v2,0.009329805753876819,0.017962602571981734,0.017845378263739886
P1,F2,13,mean_tile_dice,t1_v2_frozen_mapping,cal_v2,0.008821529174159792,-0.017255724723893806,-0.01491195552373037
P1,F2,13,mean_tile_iou,t1_v2_frozen_mapping,cal_v2,0.008484717511736073,-0.01307396818141715,-0.011554772303420835
P1,F2,13,pooled_miou,t1_v2_frozen_mapping,cal_v2,-0.005762742601468085,-0.0025418064246876537,-0.008404395409206789
P1,F2,13,pooled_dice,t1_v2_frozen_mapping,cal_v2,-0.0023951416298065853,-0.010270222326456468,-0.016999349098166028
P1,F2,13,pooled_iou,t1_v2_frozen_mapping,cal_v2,-0.002594816765807917,-0.010956365922383693,-0.016838061659036452
P1,F2,37,mean_tile_miou,t1_v2_frozen_mapping,cal_v2,0.015675768043712568,0.012473992979665172,0.016541138326574112
P1,F2,37,mean_tile_dice,t1_v2_frozen_mapping,cal_v2,0.019719715669368032,-0.0037751015999286652,0.001517912773000174
P1,F2,37,mean_tile_iou,t1_v2_frozen_mapping,cal_v2,0.01606478207541373,-0.003722399527949838,0.001128340757397428
P1,F2,37,pooled_miou,t1_v2_frozen_mapping,cal_v2,0.002050708131581369,-0.02136712012924169,-0.008827525721133767
P1,F2,37,pooled_dice,t1_v2_frozen_mapping,cal_v2,0.017223754718475093,-0.033193721277526955,-0.011885817738447157
P1,F2,37,pooled_iou,t1_v2_frozen_mapping,cal_v2,0.018114679993022964,-0.029821861960048657,-0.009858303903678145
P1,F2,71,mean_tile_miou,t1_v2_frozen_mapping,cal_v2,0.011352103117494128,0.017159239465298015,0.01693099836413564
P1,F2,71,mean_tile_dice,t1_v2_frozen_mapping,cal_v2,0.017273300163952343,-0.020349500497203188,-0.017634261549815067
P1,F2,71,mean_tile_iou,t1_v2_frozen_mapping,cal_v2,0.01646214291547954,-0.015877144942938792,-0.014002369533727244
P1,F2,71,pooled_miou,t1_v2_frozen_mapping,cal_v2,0.016659374317842035,-0.002519070869411222,-0.0036683022451089453
P1,F2,71,pooled_dice,t1_v2_frozen_mapping,cal_v2,0.04203714628459687,-0.012448005422208752,-0.013511244947739809
P1,F2,71,pooled_iou,t1_v2_frozen_mapping,cal_v2,0.04613265789280607,-0.012570573150623154,-0.013804326519729404
P1,F3,13,mean_tile_miou,t1_v2_frozen_mapping,cal_v2,-0.0025276359407609417,-0.0001278424485779972,-5.320347668646974e-05
P1,F3,13,mean_tile_dice,t1_v2_frozen_mapping,cal_v2,-0.003125165145079878,-0.00024133293207473372,0.00024671423432731654
P1,F3,13,mean_tile_iou,t1_v2_frozen_mapping,cal_v2,-0.002284074540384151,-0.0001245283307341749,0.00020142679417389786
P1,F3,13,pooled_miou,t1_v2_frozen_mapping,cal_v2,-0.003766390117592555,-0.0004160965146469131,-0.0014521618574590556
P1,F3,13,pooled_dice,t1_v2_frozen_mapping,cal_v2,-0.004572164280683688,-0.00033068973322103457,-0.002608383723867458
P1,F3,13,pooled_iou,t1_v2_frozen_mapping,cal_v2,-0.0038977919667803063,-0.00039999291685388627,-0.0025722882885083065
P1,F3,37,mean_tile_miou,t1_v2_frozen_mapping,cal_v2,-0.0035272016797178174,-5.471313302141123e-06,-0.0004955167099166546
P1,F3,37,mean_tile_dice,t1_v2_frozen_mapping,cal_v2,0.0017818354603600928,-0.00010532815167263454,0.0014965478837435375
P1,F3,37,mean_tile_iou,t1_v2_frozen_mapping,cal_v2,0.0010533458194932344,-5.3281399279958563e-05,0.0008928318631065135
P1,F3,37,pooled_miou,t1_v2_frozen_mapping,cal_v2,-0.008979724386444898,0.00011035357028005288,-0.0005072844232363316
P1,F3,37,pooled_dice,t1_v2_frozen_mapping,cal_v2,-0.00946906980861345,0.00013604876128053833,5.224988362195759e-06
P1,F3,37,pooled_iou,t1_v2_frozen_mapping,cal_v2,-0.009628899458570928,0.0001596312282600154,-0.0001208253151352423
P1,F3,71,mean_tile_miou,t1_v2_frozen_mapping,cal_v2,-0.0012888388203136092,-0.0008582284443477972,-0.0007622802536953466
P1,F3,71,mean_tile_dice,t1_v2_frozen_mapping,cal_v2,0.003941343853799573,-0.0029386884060704777,-0.0006204095403344878
P1,F3,71,mean_tile_iou,t1_v2_frozen_mapping,cal_v2,0.003485889078201576,-0.001944254087341557,-0.0004385236644844914
P1,F3,71,pooled_miou,t1_v2_frozen_mapping,cal_v2,-0.005921678536579739,0.0011433393090831134,-0.0007318630275230387
P1,F3,71,pooled_dice,t1_v2_frozen_mapping,cal_v2,-0.0049752907228267085,0.0015566210645028278,7.822808461471764e-05
P1,F3,71,pooled_iou,t1_v2_frozen_mapping,cal_v2,-0.005096181613982842,0.0022202560451831665,-0.00033002252803271404
P2,F1,13,mean_tile_miou,t1_v2_frozen_mapping,cal_v2,0.005374289498981388,0.0006222556881807506,0.0013124954787755438
P2,F1,13,mean_tile_dice,t1_v2_frozen_mapping,cal_v2,0.00781770463261311,0.007270449338641072,0.005555053357828688
P2,F1,13,mean_tile_iou,t1_v2_frozen_mapping,cal_v2,0.007839967222584177,0.00634572278060519,0.004625962448506993
P2,F1,13,pooled_miou,t1_v2_frozen_mapping,cal_v2,0.003438551976774673,0.005271150338423486,0.001779739065679381
P2,F1,13,pooled_dice,t1_v2_frozen_mapping,cal_v2,0.004122307119811708,0.00843301005374586,0.0034394207518952113
P2,F1,13,pooled_iou,t1_v2_frozen_mapping,cal_v2,0.007539444939630269,0.011258743171187802,0.004471936213316152
P2,F1,37,mean_tile_miou,t1_v2_frozen_mapping,cal_v2,-0.00045785204707776694,5.551115123125783e-17,0.0008776775643737356
P2,F1,37,mean_tile_dice,t1_v2_frozen_mapping,cal_v2,-0.003756167651710607,0.0,0.0011483096132134385
P2,F1,37,mean_tile_iou,t1_v2_frozen_mapping,cal_v2,-0.0016894537105889285,0.0,0.001584220539533332
P2,F1,37,pooled_miou,t1_v2_frozen_mapping,cal_v2,0.004054274277819764,0.0,0.002836046720617935
P2,F1,37,pooled_dice,t1_v2_frozen_mapping,cal_v2,0.005630846121224442,0.0,0.005267856853208103
P2,F1,37,pooled_iou,t1_v2_frozen_mapping,cal_v2,0.0074303646529527145,0.0,0.006470842450157055
P2,F1,71,mean_tile_miou,t1_v2_frozen_mapping,cal_v2,0.005161481900653797,0.0010858002140243794,0.0014949942487596513
P2,F1,71,mean_tile_dice,t1_v2_frozen_mapping,cal_v2,0.010848308059359768,0.006668950651235073,0.007898621681431739
P2,F1,71,mean_tile_iou,t1_v2_frozen_mapping,cal_v2,0.011875370745484004,0.0069798695363234575,0.007900340095314262
P2,F1,71,pooled_miou,t1_v2_frozen_mapping,cal_v2,0.001331502897208181,0.002626055685637063,0.0009216537364033217
P2,F1,71,pooled_dice,t1_v2_frozen_mapping,cal_v2,0.0030630838225614576,0.004619179808393048,0.0032083559160425434
P2,F1,71,pooled_iou,t1_v2_frozen_mapping,cal_v2,0.004504802148493303,0.007178058797078668,0.004710557451842068
P2,F2,13,mean_tile_miou,t1_v2_frozen_mapping,cal_v2,0.024852435821132668,0.016863992950010287,0.01487663342796458
P2,F2,13,mean_tile_dice,t1_v2_frozen_mapping,cal_v2,0.027711201209226766,7.614942262990088e-05,0.0007694332930374692
P2,F2,13,mean_tile_iou,t1_v2_frozen_mapping,cal_v2,0.02638003700267655,0.0007524091323054538,0.00100817902978656
P2,F2,13,pooled_miou,t1_v2_frozen_mapping,cal_v2,0.011576646650391376,0.0024930541131813477,0.001821409873628388
P2,F2,13,pooled_dice,t1_v2_frozen_mapping,cal_v2,0.042948201115147466,0.011627226508658661,0.010685493444170302
P2,F2,13,pooled_iou,t1_v2_frozen_mapping,cal_v2,0.04030444891937773,0.009914541882658612,0.008949023795932654
P2,F2,37,mean_tile_miou,t1_v2_frozen_mapping,cal_v2,0.03365060603530662,0.020489320646506437,0.01871157379960392
P2,F2,37,mean_tile_dice,t1_v2_frozen_mapping,cal_v2,0.02872915757005967,0.001288647218689043,0.002122684368741967
P2,F2,37,mean_tile_iou,t1_v2_frozen_mapping,cal_v2,0.02365927894145059,0.0018219765783491493,0.0022718107526231712
P2,F2,37,pooled_miou,t1_v2_frozen_mapping,cal_v2,0.00956385267949289,0.008536129523614544,0.006607928737681956
P2,F2,37,pooled_dice,t1_v2_frozen_mapping,cal_v2,0.0442208907140022,0.01891532629327841,0.017034168006197337
P2,F2,37,pooled_iou,t1_v2_frozen_mapping,cal_v2,0.03308634987784531,0.019584304316279777,0.016704593784711785
P2,F2,71,mean_tile_miou,t1_v2_frozen_mapping,cal_v2,0.027996006993378675,0.02192021595671606,0.018309243271026454
P2,F2,71,mean_tile_dice,t1_v2_frozen_mapping,cal_v2,0.019942856953605426,0.0018236424958306685,-0.004326960413336689
P2,F2,71,mean_tile_iou,t1_v2_frozen_mapping,cal_v2,0.016995576346924945,0.00101337694167003,-0.0036202653635597493
P2,F2,71,pooled_miou,t1_v2_frozen_mapping,cal_v2,0.008754818324695268,0.007853136348928647,0.006866018415614683
P2,F2,71,pooled_dice,t1_v2_frozen_mapping,cal_v2,0.0389312433518057,0.020566996216537847,0.014892586213420711
P2,F2,71,pooled_iou,t1_v2_frozen_mapping,cal_v2,0.029378677283061094,0.018154119318499085,0.015271567454493207
P2,F3,13,mean_tile_miou,t1_v2_frozen_mapping,cal_v2,0.0005136047291830481,-0.0004468943055255248,0.00016270615593727555
P2,F3,13,mean_tile_dice,t1_v2_frozen_mapping,cal_v2,0.004717935992718747,-0.001456690684029427,-0.0003609467139642497
P2,F3,13,mean_tile_iou,t1_v2_frozen_mapping,cal_v2,0.0036717459063873026,-0.0009275818775829059,-0.0002452803059617148
P2,F3,13,pooled_miou,t1_v2_frozen_mapping,cal_v2,-0.002502336607178135,-9.692061289556797e-05,0.0002685158736142057
P2,F3,13,pooled_dice,t1_v2_frozen_mapping,cal_v2,-0.001648058496905469,-0.0003976521679726619,0.000239383328963505
P2,F3,13,pooled_iou,t1_v2_frozen_mapping,cal_v2,-0.0017500169330516568,0.00019741807403017564,0.0006921253893853452
P2,F3,37,mean_tile_miou,t1_v2_frozen_mapping,cal_v2,-0.0031254714693926267,-0.0005385982472948525,0.0006369410764794359
P2,F3,37,mean_tile_dice,t1_v2_frozen_mapping,cal_v2,0.0007357987071587857,-0.002084389331534986,-0.0006818690448430198
P2,F3,37,mean_tile_iou,t1_v2_frozen_mapping,cal_v2,0.0007567856072896451,-0.0011658879135160172,-0.00021469797718565165
P2,F3,37,pooled_miou,t1_v2_frozen_mapping,cal_v2,-0.008543099305643176,4.885097801471394e-05,0.0011133331252232148
P2,F3,37,pooled_dice,t1_v2_frozen_mapping,cal_v2,-0.008523261206054455,1.8712975821622013e-05,0.0015360434883738838
P2,F3,37,pooled_iou,t1_v2_frozen_mapping,cal_v2,-0.009062542759238124,9.52371915348138e-05,0.0013779403507780952
P2,F3,71,mean_tile_miou,t1_v2_frozen_mapping,cal_v2,0.000382273659426946,-0.0004063727291343522,0.0003927675306818479
P2,F3,71,mean_tile_dice,t1_v2_frozen_mapping,cal_v2,-0.0018140612403282352,-0.002261389699990124,-0.0010684354009428132
P2,F3,71,mean_tile_iou,t1_v2_frozen_mapping,cal_v2,-0.00021700699981119786,-0.0012604264115434471,-0.0003880573033272494
P2,F3,71,pooled_miou,t1_v2_frozen_mapping,cal_v2,0.003553411167486864,0.0007694237819702021,0.002289471915621677
P2,F3,71,pooled_dice,t1_v2_frozen_mapping,cal_v2,0.005167137763286256,0.0009200559962380117,0.0033007067937474432
P2,F3,71,pooled_iou,t1_v2_frozen_mapping,cal_v2,0.006283295788033827,0.0011977162867369273,0.003514593199183902
P1,F1,13,mean_tile_miou,t1_v2_new_ecdf_fixed_weights,cal_v2,-0.0013142003780846068,-0.00246721669973754,-0.003154396913259472
P1,F1,13,mean_tile_dice,t1_v2_new_ecdf_fixed_weights,cal_v2,-0.003950049281521817,-0.006779720911235576,-0.007900828590129583
P1,F1,13,mean_tile_iou,t1_v2_new_ecdf_fixed_weights,cal_v2,-0.0030530538386572825,-0.006903086339814735,-0.008182106447460313
P1,F1,13,pooled_miou,t1_v2_new_ecdf_fixed_weights,cal_v2,-0.002650888669506607,-0.0018100639478962621,-0.004286434257976951
P1,F1,13,pooled_dice,t1_v2_new_ecdf_fixed_weights,cal_v2,-0.004265432036384825,-0.0029387574394095783,-0.006543892389339029
P1,F1,13,pooled_iou,t1_v2_new_ecdf_fixed_weights,cal_v2,-0.005510739381054425,-0.004348164656011455,-0.009418468624495968
P1,F1,37,mean_tile_miou,t1_v2_new_ecdf_fixed_weights,cal_v2,0.0013517009202813068,-0.0005216472729061561,-0.0007473253641259725
P1,F1,37,mean_tile_dice,t1_v2_new_ecdf_fixed_weights,cal_v2,0.00360970204419947,-0.0014376348488048252,-0.0019946352682071455
P1,F1,37,mean_tile_iou,t1_v2_new_ecdf_fixed_weights,cal_v2,0.002880200499652208,-0.0008873175200723171,-0.0021800149464757945
P1,F1,37,pooled_miou,t1_v2_new_ecdf_fixed_weights,cal_v2,-0.001848545696562981,-0.0004483635565202537,-0.000866740484430889
P1,F1,37,pooled_dice,t1_v2_new_ecdf_fixed_weights,cal_v2,-0.002680196388528233,-0.0004814530926770255,-0.0018348548919587537
P1,F1,37,pooled_iou,t1_v2_new_ecdf_fixed_weights,cal_v2,-0.0034723337954514766,-0.0007154937706913,-0.002186136771043845
P1,F1,71,mean_tile_miou,t1_v2_new_ecdf_fixed_weights,cal_v2,0.00435209553569893,0.0,0.0005572461709233978
P1,F1,71,mean_tile_dice,t1_v2_new_ecdf_fixed_weights,cal_v2,0.009836903250354856,5.551115123125783e-17,-0.0019051190597543788
P1,F1,71,mean_tile_iou,t1_v2_new_ecdf_fixed_weights,cal_v2,0.009341152120106444,0.0,-0.0010090180563815387
P1,F1,71,pooled_miou,t1_v2_new_ecdf_fixed_weights,cal_v2,0.002467950320149598,0.0,0.0030151493051497336
P1,F1,71,pooled_dice,t1_v2_new_ecdf_fixed_weights,cal_v2,0.003938241428893985,0.0,0.003420547414015679
P1,F1,71,pooled_iou,t1_v2_new_ecdf_fixed_weights,cal_v2,0.005253079736845856,0.0,0.004186754188719333
P1,F2,13,mean_tile_miou,t1_v2_new_ecdf_fixed_weights,cal_v2,-0.001339196856570135,-0.0002450706081892906,-0.0005454694213306577
P1,F2,13,mean_tile_dice,t1_v2_new_ecdf_fixed_weights,cal_v2,0.00044880226017396385,0.0005761867010719568,0.0022314991644917237
P1,F2,13,mean_tile_iou,t1_v2_new_ecdf_fixed_weights,cal_v2,0.0007065988978071092,0.0002939363469209866,0.0015209487426903756
P1,F2,13,pooled_miou,t1_v2_new_ecdf_fixed_weights,cal_v2,-0.004829514301139315,-0.0014602355660192634,-0.0036796928774469606
P1,F2,13,pooled_dice,t1_v2_new_ecdf_fixed_weights,cal_v2,-0.003580129913418162,-0.0020703291847357086,-0.00421717677013167
P1,F2,13,pooled_iou,t1_v2_new_ecdf_fixed_weights,cal_v2,-0.0038242766270210615,-0.001721112128743263,-0.003636447200648818
P1,F2,37,mean_tile_miou,t1_v2_new_ecdf_fixed_weights,cal_v2,0.0013404209867587946,-0.004458879894289169,0.0001070798684300045
P1,F2,37,mean_tile_dice,t1_v2_new_ecdf_fixed_weights,cal_v2,0.002031380306348529,7.041283061626213e-05,0.001959067911269874
P1,F2,37,mean_tile_iou,t1_v2_new_ecdf_fixed_weights,cal_v2,0.0010690122977078387,-0.0005409266454547978,0.0011806476316834624
P1,F2,37,pooled_miou,t1_v2_new_ecdf_fixed_weights,cal_v2,-0.0030636470972216223,-0.016593644965858412,-0.0037514075371817834
P1,F2,37,pooled_dice,t1_v2_new_ecdf_fixed_weights,cal_v2,-0.002695991743216053,-0.025191001440881877,-0.005505338231752033
P1,F2,37,pooled_iou,t1_v2_new_ecdf_fixed_weights,cal_v2,-0.002943525588726126,-0.021966582409680413,-0.004434097625413358
P1,F2,71,mean_tile_miou,t1_v2_new_ecdf_fixed_weights,cal_v2,-0.004432650388173864,-0.0004978231037350844,0.0009122353769011604
P1,F2,71,mean_tile_dice,t1_v2_new_ecdf_fixed_weights,cal_v2,-0.00418195009502198,-0.0025884963549283047,-0.0008258809785312016
P1,F2,71,mean_tile_iou,t1_v2_new_ecdf_fixed_weights,cal_v2,-0.004461269197148954,-0.002160705364599891,-0.0008089394429142693
P1,F2,71,pooled_miou,t1_v2_new_ecdf_fixed_weights,cal_v2,-0.003707663123600158,0.00020978415290912045,-0.000528593994893245
P1,F2,71,pooled_dice,t1_v2_new_ecdf_fixed_weights,cal_v2,-0.002947578271007778,-0.0005208141565565261,-0.000835333607189126
P1,F2,71,pooled_iou,t1_v2_new_ecdf_fixed_weights,cal_v2,-0.001362932900307201,-0.0005751592873685096,-0.0006096027228851275
P1,F3,13,mean_tile_miou,t1_v2_new_ecdf_fixed_weights,cal_v2,-0.006860232415638046,-0.0010304235468859835,-0.0005123818082191645
P1,F3,13,mean_tile_dice,t1_v2_new_ecdf_fixed_weights,cal_v2,-0.005874962055243793,0.0014837809658911905,0.0008076695527272637
P1,F3,13,mean_tile_iou,t1_v2_new_ecdf_fixed_weights,cal_v2,-0.0046694334774372015,0.0008262789724589048,0.0004483437099525034
P1,F3,13,pooled_miou,t1_v2_new_ecdf_fixed_weights,cal_v2,-0.010754043275303216,-0.006700425696724355,-0.0033781040216265823
P1,F3,13,pooled_dice,t1_v2_new_ecdf_fixed_weights,cal_v2,-0.011436804678441381,-0.010440330302704637,-0.005242915325706088
P1,F3,13,pooled_iou,t1_v2_new_ecdf_fixed_weights,cal_v2,-0.010794290048247612,-0.010344295335362963,-0.005218030627701098
P1,F3,37,mean_tile_miou,t1_v2_new_ecdf_fixed_weights,cal_v2,-0.002496178755804268,-2.0545636744806473e-05,-0.0008523287608747654
P1,F3,37,mean_tile_dice,t1_v2_new_ecdf_fixed_weights,cal_v2,-0.001379179385811835,-1.1625003246917842e-05,0.00104959624430645
P1,F3,37,mean_tile_iou,t1_v2_new_ecdf_fixed_weights,cal_v2,-0.0007234612316117106,-6.1293811735030346e-06,0.0006256079608134568
P1,F3,37,pooled_miou,t1_v2_new_ecdf_fixed_weights,cal_v2,-0.004895763270424458,-0.00012525759327192132,-0.0031052216097854357
P1,F3,37,pooled_dice,t1_v2_new_ecdf_fixed_weights,cal_v2,-0.0054098918682951025,-0.00024890974093222384,-0.003757908809877253
P1,F3,37,pooled_iou,t1_v2_new_ecdf_fixed_weights,cal_v2,-0.005539866384606185,-0.00020080652018317213,-0.004850759857068843
P1,F3,71,mean_tile_miou,t1_v2_new_ecdf_fixed_weights,cal_v2,0.0002924336528752347,-0.0017137988667663695,-0.0004402961252951143
P1,F3,71,mean_tile_dice,t1_v2_new_ecdf_fixed_weights,cal_v2,0.007701895113251145,0.0004097819226291932,0.004632423590326562
P1,F3,71,mean_tile_iou,t1_v2_new_ecdf_fixed_weights,cal_v2,0.006132305563306795,0.0002832636196278271,0.003011316019879473
P1,F3,71,pooled_miou,t1_v2_new_ecdf_fixed_weights,cal_v2,-0.006378638747889603,-0.01239936688332971,-0.009960085480915426
P1,F3,71,pooled_dice,t1_v2_new_ecdf_fixed_weights,cal_v2,-0.00547106394387753,-0.015139277011503971,-0.011596555907674444
P1,F3,71,pooled_iou,t1_v2_new_ecdf_fixed_weights,cal_v2,-0.00647190969136624,-0.02051140138847185,-0.01576059173319977
P2,F1,13,mean_tile_miou,t1_v2_new_ecdf_fixed_weights,cal_v2,-0.0004718514636037896,-0.0014809560080540907,-0.0003858290525885488
P2,F1,13,mean_tile_dice,t1_v2_new_ecdf_fixed_weights,cal_v2,-0.0010523246608077352,-0.005112538932404931,-0.0014932292286508053
P2,F1,13,mean_tile_iou,t1_v2_new_ecdf_fixed_weights,cal_v2,-0.0010254304808325898,-0.004417069458510947,-0.0013077629244875322
P2,F1,13,pooled_miou,t1_v2_new_ecdf_fixed_weights,cal_v2,-5.458575141870092e-05,-0.0006048507221603217,-1.0888714841894576e-05
P2,F1,13,pooled_dice,t1_v2_new_ecdf_fixed_weights,cal_v2,-0.0001431217278545227,-0.0020434174304173602,-0.00043094251648520543
P2,F1,13,pooled_iou,t1_v2_new_ecdf_fixed_weights,cal_v2,-0.00015635703010608015,-0.0024832431713482928,-0.0005204678321697465
P2,F1,37,mean_tile_miou,t1_v2_new_ecdf_fixed_weights,cal_v2,0.00029897978682197346,-0.0024360361566281297,-0.0006551778006450015
P2,F1,37,mean_tile_dice,t1_v2_new_ecdf_fixed_weights,cal_v2,0.000757277082027219,-0.0071887952577468495,-0.0018800597711157163
P2,F1,37,mean_tile_iou,t1_v2_new_ecdf_fixed_weights,cal_v2,0.0008310864742280821,-0.0065031067082605976,-0.0016717056190947988
P2,F1,37,pooled_miou,t1_v2_new_ecdf_fixed_weights,cal_v2,-0.00014621883690629778,-0.0038189824084510215,-0.0010471009666429554
P2,F1,37,pooled_dice,t1_v2_new_ecdf_fixed_weights,cal_v2,-0.0003152875418470924,-0.006480397132538035,-0.0017249475192589736
P2,F1,37,pooled_iou,t1_v2_new_ecdf_fixed_weights,cal_v2,-0.00016623593370773682,-0.00825489031666754,-0.002194681946113719
P2,F1,71,mean_tile_miou,t1_v2_new_ecdf_fixed_weights,cal_v2,0.0018477507149656791,0.000847693830383689,0.0006101936568021493
P2,F1,71,mean_tile_dice,t1_v2_new_ecdf_fixed_weights,cal_v2,0.004036897316138044,-0.001971121693102984,0.0007248275253022296
P2,F1,71,mean_tile_iou,t1_v2_new_ecdf_fixed_weights,cal_v2,0.0038710618649239747,-0.002304219766536608,0.0005407976458416952
P2,F1,71,pooled_miou,t1_v2_new_ecdf_fixed_weights,cal_v2,-2.0436035159887567e-05,-0.005446922572810542,-0.0014624917818308603
P2,F1,71,pooled_dice,t1_v2_new_ecdf_fixed_weights,cal_v2,0.0002665375976612372,-0.007956002072559726,-0.0019154405609685121
P2,F1,71,pooled_iou,t1_v2_new_ecdf_fixed_weights,cal_v2,0.0002897240710567073,-0.010552129931321985,-0.002536044794207881
P2,F2,13,mean_tile_miou,t1_v2_new_ecdf_fixed_weights,cal_v2,0.0009609340126130461,-0.004338044386643591,7.214664594806797e-05
P2,F2,13,mean_tile_dice,t1_v2_new_ecdf_fixed_weights,cal_v2,-0.003767993603483233,0.0,0.0023795750561493856
P2,F2,13,mean_tile_iou,t1_v2_new_ecdf_fixed_weights,cal_v2,-0.0021099831534701075,0.0,0.0019880118672708225
P2,F2,13,pooled_miou,t1_v2_new_ecdf_fixed_weights,cal_v2,0.0012792799802199273,-0.0007648893903051679,0.0003588642001118858
P2,F2,13,pooled_dice,t1_v2_new_ecdf_fixed_weights,cal_v2,0.004724308738772831,-0.0010619981777509335,0.0012987143378538901
P2,F2,13,pooled_iou,t1_v2_new_ecdf_fixed_weights,cal_v2,0.004309679747938722,-0.001356542617055867,0.0011341299131649718
P2,F2,37,mean_tile_miou,t1_v2_new_ecdf_fixed_weights,cal_v2,0.0010346614032347712,-0.0009396726999548743,-0.0007965621869548412
P2,F2,37,mean_tile_dice,t1_v2_new_ecdf_fixed_weights,cal_v2,-0.001197722387120459,-0.001677123247683543,-0.0023630323815667653
P2,F2,37,mean_tile_iou,t1_v2_new_ecdf_fixed_weights,cal_v2,-0.0015250355744331756,-0.0015016419992833763,-0.0020647361991403823
P2,F2,37,pooled_miou,t1_v2_new_ecdf_fixed_weights,cal_v2,0.0010266336018231459,-0.0002929806783109057,-0.0015977405478170836
P2,F2,37,pooled_dice,t1_v2_new_ecdf_fixed_weights,cal_v2,0.00408169815419146,-0.001454778372080301,-0.0030516635273449277
P2,F2,37,pooled_iou,t1_v2_new_ecdf_fixed_weights,cal_v2,0.0025572211719819826,-0.0012338318690430228,-0.00283010925891225
P2,F2,71,mean_tile_miou,t1_v2_new_ecdf_fixed_weights,cal_v2,0.0010194388246770325,0.0002520528229030816,0.0005613404008893985
P2,F2,71,mean_tile_dice,t1_v2_new_ecdf_fixed_weights,cal_v2,-0.004566911497821957,0.006086700433985848,0.0042573180325768956
P2,F2,71,mean_tile_iou,t1_v2_new_ecdf_fixed_weights,cal_v2,-0.0044009595863319095,0.003882924690950418,0.0028287863472076236
P2,F2,71,pooled_miou,t1_v2_new_ecdf_fixed_weights,cal_v2,-0.005917380430156605,-0.0026435063326005204,-0.004731634262111595
P2,F2,71,pooled_dice,t1_v2_new_ecdf_fixed_weights,cal_v2,-0.0075693918122134995,-0.002563407512901572,-0.005075588301753087
P2,F2,71,pooled_iou,t1_v2_new_ecdf_fixed_weights,cal_v2,-0.011241173428565343,-0.002681140869882359,-0.008072959116073197
P2,F3,13,mean_tile_miou,t1_v2_new_ecdf_fixed_weights,cal_v2,0.0008571898973986913,-0.000863290549825757,-0.0005382196214311907
P2,F3,13,mean_tile_dice,t1_v2_new_ecdf_fixed_weights,cal_v2,0.00792808173821613,0.0011034538177474573,0.0034004432806113982
P2,F3,13,mean_tile_iou,t1_v2_new_ecdf_fixed_weights,cal_v2,0.006895838544880184,0.0006159998132384548,0.0021594947764685957
P2,F3,13,pooled_miou,t1_v2_new_ecdf_fixed_weights,cal_v2,-0.002599883236381717,-0.0046267407652471615,-0.0030748691223042024
P2,F3,13,pooled_dice,t1_v2_new_ecdf_fixed_weights,cal_v2,-0.0010890668728862352,-0.0061816852204157335,-0.003935278088357974
P2,F3,13,pooled_iou,t1_v2_new_ecdf_fixed_weights,cal_v2,-0.0008987967701320487,-0.006681044450730034,-0.004185400947467222
P2,F3,37,mean_tile_miou,t1_v2_new_ecdf_fixed_weights,cal_v2,-0.0029305352354561665,-0.0032067114675314867,-0.0011019731623134188
P2,F3,37,mean_tile_dice,t1_v2_new_ecdf_fixed_weights,cal_v2,0.0001225409250900089,0.0008603235940772835,0.0016426394930837418
P2,F3,37,mean_tile_iou,t1_v2_new_ecdf_fixed_weights,cal_v2,0.0001045586917894914,0.0005603321499912939,0.0011057300248475954
P2,F3,37,pooled_miou,t1_v2_new_ecdf_fixed_weights,cal_v2,-0.005422340462613862,-0.006748357857495613,-0.0029652583187896875
P2,F3,37,pooled_dice,t1_v2_new_ecdf_fixed_weights,cal_v2,-0.003981431753716791,-0.008342604995898228,-0.0035857509929455023
P2,F3,37,pooled_iou,t1_v2_new_ecdf_fixed_weights,cal_v2,-0.0042573268755771165,-0.007500980456131678,-0.0033081622249955256
P2,F3,71,mean_tile_miou,t1_v2_new_ecdf_fixed_weights,cal_v2,-0.0011153306465235269,-0.00019122320765213585,0.00027742783725354103
P2,F3,71,mean_tile_dice,t1_v2_new_ecdf_fixed_weights,cal_v2,0.000830030151988348,-0.0008074510101097054,-0.00010104578092684502
P2,F3,71,mean_tile_iou,t1_v2_new_ecdf_fixed_weights,cal_v2,0.0012887848781903966,-0.00042343597763416785,-6.282448782901628e-05
P2,F3,71,pooled_miou,t1_v2_new_ecdf_fixed_weights,cal_v2,-0.0001289114584370754,0.00015558979644553217,0.0012117914740903402
P2,F3,71,pooled_dice,t1_v2_new_ecdf_fixed_weights,cal_v2,0.0012021220786080367,0.00036334016545302994,0.001987010115899135
P2,F3,71,pooled_iou,t1_v2_new_ecdf_fixed_weights,cal_v2,0.0015903020511530142,0.0003235582680793936,0.002014126224974877
P1,F1,13,mean_tile_miou,t1_v2_refit,cal_v2,0.0003792882582354107,-0.0006666804405093263,-2.9663853563344222e-05
P1,F1,13,mean_tile_dice,t1_v2_refit,cal_v2,1.7708297661844785e-05,-0.002378997128653193,-0.0005787612360833028
P1,F1,13,mean_tile_iou,t1_v2_refit,cal_v2,0.0008850534615239547,-0.0018736515100963302,-0.0002171697974566733
P1,F1,13,pooled_miou,t1_v2_refit,cal_v2,-0.0011362499118695302,0.0010789984162472288,0.0008591623136056104
P1,F1,13,pooled_dice,t1_v2_refit,cal_v2,-0.001957023960328763,0.0010796020992395183,0.0009060780968463411
P1,F1,13,pooled_iou,t1_v2_refit,cal_v2,-0.002214858596742808,0.0015781926955914516,0.0014122725677950254
P1,F1,37,mean_tile_miou,t1_v2_refit,cal_v2,0.0029147970995097028,-0.0005216472729061561,0.00029405149483408
P1,F1,37,mean_tile_dice,t1_v2_refit,cal_v2,0.007370863958177376,-0.0014376348488048252,0.0009222559928931395
P1,F1,37,mean_tile_iou,t1_v2_refit,cal_v2,0.0068667783117697945,-0.0008873175200723171,0.0009535635447930346
P1,F1,37,pooled_miou,t1_v2_refit,cal_v2,-0.0012933591437200576,-0.0004483635565202537,4.553325287917631e-05
P1,F1,37,pooled_dice,t1_v2_refit,cal_v2,-0.0015251599940243887,-0.0004814530926770255,0.00021918574064222485
P1,F1,37,pooled_iou,t1_v2_refit,cal_v2,-0.0018881894319305037,-0.0007154937706913,0.0003353023954622558
P1,F1,71,mean_tile_miou,t1_v2_refit,cal_v2,0.004029899050295993,0.0,0.0007091027359412139
P1,F1,71,mean_tile_dice,t1_v2_refit,cal_v2,0.008292544647761746,5.551115123125783e-17,-0.003616556376145885
P1,F1,71,mean_tile_iou,t1_v2_refit,cal_v2,0.007903899848274498,0.0,-0.0027666723964236972
P1,F1,71,pooled_miou,t1_v2_refit,cal_v2,0.002470489394190367,0.0,0.004054095789420453
P1,F1,71,pooled_dice,t1_v2_refit,cal_v2,0.0035822678541174435,0.0,0.0039465458518737895
P1,F1,71,pooled_iou,t1_v2_refit,cal_v2,0.004704263291302968,0.0,0.004755939400815812
P1,F2,13,mean_tile_miou,t1_v2_refit,cal_v2,0.00042099104296722256,-0.0002450706081891796,0.003019792202688276
P1,F2,13,mean_tile_dice,t1_v2_refit,cal_v2,-0.009246491272605573,0.0005761867010718458,-0.0035529230618372987
P1,F2,13,mean_tile_iou,t1_v2_refit,cal_v2,-0.007503350152412547,0.0002939363469209866,-0.0027950210099536577
P1,F2,13,pooled_miou,t1_v2_refit,cal_v2,-0.002825288381066715,-0.0014602355660192634,-0.0011384507952259537
P1,F2,13,pooled_dice,t1_v2_refit,cal_v2,-0.005265960878191811,-0.0020703291847357086,-0.0013429828066858773
P1,F2,13,pooled_iou,t1_v2_refit,cal_v2,-0.005116213611315534,-0.001721112128743263,-0.0007937631382859411
P1,F2,37,mean_tile_miou,t1_v2_refit,cal_v2,0.0008118511787659211,-0.004112444864257769,-0.0001163203780489841
P1,F2,37,mean_tile_dice,t1_v2_refit,cal_v2,-0.003996501051161783,0.0003657149018876371,-0.0007098321538969721
P1,F2,37,mean_tile_iou,t1_v2_refit,cal_v2,-0.0035902149693741725,-0.0003676204477114364,-0.0008974954702264393
P1,F2,37,pooled_miou,t1_v2_refit,cal_v2,-0.0011945838495898142,-0.014686520342972798,-0.002793562398209881
P1,F2,37,pooled_dice,t1_v2_refit,cal_v2,-0.004030841065412127,-0.022063778366558318,-0.004288920907701388
P1,F2,37,pooled_iou,t1_v2_refit,cal_v2,-0.0034856917116588004,-0.018661630553516995,-0.0032520369540739447
P1,F2,71,mean_tile_miou,t1_v2_refit,cal_v2,-0.004213669354855898,0.00464312591984084,0.005367785573745343
P1,F2,71,mean_tile_dice,t1_v2_refit,cal_v2,-0.01877586584174551,-0.0061025994151732155,-0.0063468549544158925
P1,F2,71,mean_tile_iou,t1_v2_refit,cal_v2,-0.01672930033213782,-0.004612827256946894,-0.0047400905051651065
P1,F2,71,pooled_miou,t1_v2_refit,cal_v2,-0.0024038370098961037,0.010427706268718584,0.008235875398665327
P1,F2,71,pooled_dice,t1_v2_refit,cal_v2,-0.005502747462551638,0.014187441470992823,0.011286612025466491
P1,F2,71,pooled_iou,t1_v2_refit,cal_v2,-0.005502507469820839,0.015528837400732298,0.012599274900209623
P1,F3,13,mean_tile_miou,t1_v2_refit,cal_v2,-0.005023715988885513,1.8603298357344755e-07,1.9019613318127515e-05
P1,F3,13,mean_tile_dice,t1_v2_refit,cal_v2,-0.00667841830741317,4.753137016255682e-05,-0.00034432960824926084
P1,F3,13,mean_tile_iou,t1_v2_refit,cal_v2,-0.005129905967967585,2.405135849603557e-05,-0.00020355322129639308
P1,F3,13,pooled_miou,t1_v2_refit,cal_v2,-0.006734331414149142,-2.396146738842253e-05,-1.0455599788294911e-05
P1,F3,13,pooled_dice,t1_v2_refit,cal_v2,-0.00805762813289157,-8.564197575511301e-05,-0.00030129481472185304
P1,F3,13,pooled_iou,t1_v2_refit,cal_v2,-0.0072537538043902505,-0.00010150638393158218,-0.0002840137538340226
P1,F3,37,mean_tile_miou,t1_v2_refit,cal_v2,-0.0010344398354681927,0.0007578729744107671,0.0012009524455767195
P1,F3,37,mean_tile_dice,t1_v2_refit,cal_v2,-0.0009769585549686544,0.0017803486649609068,0.0010831695590983736
P1,F3,37,mean_tile_iou,t1_v2_refit,cal_v2,-0.0006591948766113687,0.0011241546973232985,0.0006913627331097683
P1,F3,37,pooled_miou,t1_v2_refit,cal_v2,-0.0008906142620490054,0.0011773722850657031,0.005114134604857323
P1,F3,37,pooled_dice,t1_v2_refit,cal_v2,-0.00021713000396067494,0.0016699267792661399,0.007620466086104727
P1,F3,37,pooled_iou,t1_v2_refit,cal_v2,1.3998777900647852e-05,0.0019526863749502743,0.00897889263202234
P1,F3,71,mean_tile_miou,t1_v2_refit,cal_v2,0.00022674346683232427,-0.002917793924950285,-0.0012997750983270717
P1,F3,71,mean_tile_dice,t1_v2_refit,cal_v2,0.002365177304084698,-0.005290914291128601,-0.00033921053568886084
P1,F3,71,mean_tile_iou,t1_v2_refit,cal_v2,0.0018203148581632522,-0.0032943967935363805,-0.00023614860014009587
P1,F3,71,pooled_miou,t1_v2_refit,cal_v2,-0.0024483686881987266,-0.011275722292840684,-0.0061223143472046715
P1,F3,71,pooled_dice,t1_v2_refit,cal_v2,-0.0021533744615476746,-0.014707014606141655,-0.0071859974848275665
P1,F3,71,pooled_iou,t1_v2_refit,cal_v2,-0.003267259728521321,-0.019601787620189715,-0.009726062924182544
P2,F1,13,mean_tile_miou,t1_v2_refit,cal_v2,-0.0006728108916123077,-0.0014809560080540907,-0.0003858290525885488
P2,F1,13,mean_tile_dice,t1_v2_refit,cal_v2,-0.0012871322549975472,-0.005112538932404931,-0.0014932292286508053
P2,F1,13,mean_tile_iou,t1_v2_refit,cal_v2,-0.0014206733053840903,-0.004417069458510947,-0.0013077629244875322
P2,F1,13,pooled_miou,t1_v2_refit,cal_v2,-0.0004063551018730349,-0.0006048507221603217,-1.0888714841894576e-05
P2,F1,13,pooled_dice,t1_v2_refit,cal_v2,-0.0005496097828537327,-0.0020434174304173602,-0.00043094251648520543
P2,F1,13,pooled_iou,t1_v2_refit,cal_v2,-0.0008496474943917032,-0.0024832431713482928,-0.0005204678321697465
P2,F1,37,mean_tile_miou,t1_v2_refit,cal_v2,0.0012262231469596374,-0.0024360361566281297,-0.0006551778006450015
P2,F1,37,mean_tile_dice,t1_v2_refit,cal_v2,0.0021333945606107907,-0.0071887952577468495,-0.0018800597711157163
P2,F1,37,mean_tile_iou,t1_v2_refit,cal_v2,0.0030227627761088005,-0.0065031067082605976,-0.0016717056190947988
P2,F1,37,pooled_miou,t1_v2_refit,cal_v2,0.0026341124879886157,-0.0038189824084510215,-0.0010471009666429554
P2,F1,37,pooled_dice,t1_v2_refit,cal_v2,0.0037774892468302734,-0.006480397132538035,-0.0017249475192589736
P2,F1,37,pooled_iou,t1_v2_refit,cal_v2,0.005485156538308111,-0.00825489031666754,-0.002194681946113719
P2,F1,71,mean_tile_miou,t1_v2_refit,cal_v2,0.0018816719677762772,0.001129539035039706,0.0007797999208553064
P2,F1,71,mean_tile_dice,t1_v2_refit,cal_v2,0.004040050291108266,-0.0018729470918510405,0.0007405924001534503
P2,F1,71,mean_tile_iou,t1_v2_refit,cal_v2,0.0038762651332809317,-0.002143289279550209,0.0005668139876260359
P2,F1,71,pooled_miou,t1_v2_refit,cal_v2,4.293279334766087e-06,-0.004953042140868225,-0.0013388452093576753
P2,F1,71,pooled_dice,t1_v2_refit,cal_v2,0.00028540642367103075,-0.007490738190558843,-0.0018210964309195998
P2,F1,71,pooled_iou,t1_v2_refit,cal_v2,0.0003212775018884284,-0.009774700823957871,-0.002378277640049109
P2,F2,13,mean_tile_miou,t1_v2_refit,cal_v2,0.002094927121704393,0.0013992816655415408,0.0005824499031502062
P2,F2,13,mean_tile_dice,t1_v2_refit,cal_v2,-0.009910117593991852,-0.008378599768001704,-0.004380637378665786
P2,F2,13,mean_tile_iou,t1_v2_refit,cal_v2,-0.00673917945844682,-0.00670261670882466,-0.003415330319878729
P2,F2,13,pooled_miou,t1_v2_refit,cal_v2,0.006731874856194975,0.007172160389348425,0.0014458056447465006
P2,F2,13,pooled_dice,t1_v2_refit,cal_v2,0.010100784257995099,0.009296506129301552,0.0013220063348176048
P2,F2,13,pooled_iou,t1_v2_refit,cal_v2,0.011741754422962325,0.007225593160654187,0.0006012941899168345
P2,F2,37,mean_tile_miou,t1_v2_refit,cal_v2,-0.00015543656011768325,0.0009285261181344873,6.752094075135329e-06
P2,F2,37,mean_tile_dice,t1_v2_refit,cal_v2,-0.010189294314987607,-0.001677123247683543,-0.0025165808183582605
P2,F2,37,mean_tile_iou,t1_v2_refit,cal_v2,-0.009423596754808194,-0.0015016419992832652,-0.0021909072672202656
P2,F2,37,pooled_miou,t1_v2_refit,cal_v2,-0.0028495602624069027,0.005843763016341208,0.0013592437737315888
P2,F2,37,pooled_dice,t1_v2_refit,cal_v2,-0.0035706212981881924,0.008306538735736002,0.001444959577225735
P2,F2,37,pooled_iou,t1_v2_refit,cal_v2,-0.007247648745801305,0.007362233248093597,0.0011282924351271317
P2,F2,71,mean_tile_miou,t1_v2_refit,cal_v2,0.0007765470721649015,-0.0005841117104100069,0.0011363623166125714
P2,F2,71,mean_tile_dice,t1_v2_refit,cal_v2,-0.010965824486959708,-0.0018504441933354654,-0.0010644884609510852
P2,F2,71,mean_tile_iou,t1_v2_refit,cal_v2,-0.009450398469778687,-0.001222381331963951,-0.0009288757818096682
P2,F2,71,pooled_miou,t1_v2_refit,cal_v2,-0.004106451076338502,-1.0350216211152397e-05,0.0011347983600254463
P2,F2,71,pooled_dice,t1_v2_refit,cal_v2,-0.007910776771645534,-7.343190729341975e-05,0.0021324013126713948
P2,F2,71,pooled_iou,t1_v2_refit,cal_v2,-0.011186889410253142,-7.771542248846686e-05,0.0015318916476004807
P2,F3,13,mean_tile_miou,t1_v2_refit,cal_v2,0.0011042048768067914,-0.00022048106368882658,-0.0004554659762386337
P2,F3,13,mean_tile_dice,t1_v2_refit,cal_v2,0.006009407436669112,8.596217664225136e-05,0.0021989508039440553
P2,F3,13,mean_tile_iou,t1_v2_refit,cal_v2,0.005100404201397235,4.3136830024881334e-05,0.0013440830471839194
P2,F3,13,pooled_miou,t1_v2_refit,cal_v2,0.00023174740826059637,-0.000740822562333987,-0.0015716149174646588
P2,F3,13,pooled_dice,t1_v2_refit,cal_v2,0.0017416740229579397,-0.0012498128709552692,-0.0019481790821543332
P2,F3,13,pooled_iou,t1_v2_refit,cal_v2,0.0024007235582333974,-0.0009881580562969283,-0.0021452235678580678
P2,F3,37,mean_tile_miou,t1_v2_refit,cal_v2,-0.0028064803076748857,-0.0032324654605850878,-0.00039105300926894904
P2,F3,37,mean_tile_dice,t1_v2_refit,cal_v2,-0.0001676190076779216,0.001965569253778332,0.0010112158681760963
P2,F3,37,mean_tile_iou,t1_v2_refit,cal_v2,-0.0001680580621927774,0.0011894400445339182,0.0005921449370561715
P2,F3,37,pooled_miou,t1_v2_refit,cal_v2,-0.004991410798074192,-0.007411866051886096,-0.0011987649979586235
P2,F3,37,pooled_dice,t1_v2_refit,cal_v2,-0.0035654579954494947,-0.009001237203602408,-0.0012506559634742342
P2,F3,37,pooled_iou,t1_v2_refit,cal_v2,-0.0038748506713122133,-0.00822752663404458,-0.0013353449432285114
P2,F3,71,mean_tile_miou,t1_v2_refit,cal_v2,-0.0007215370750131567,-0.0021187116483483703,7.40151152949231e-05
P2,F3,71,mean_tile_dice,t1_v2_refit,cal_v2,0.002890107272866649,0.0019490488747937462,0.0022540140089352123
P2,F3,71,mean_tile_iou,t1_v2_refit,cal_v2,0.0023000375036480447,0.0012192406528763744,0.0013700380987508032
P2,F3,71,pooled_miou,t1_v2_refit,cal_v2,-0.0013153555109066684,-0.0010720771570436605,0.00012731767713991538
P2,F3,71,pooled_dice,t1_v2_refit,cal_v2,-0.0005629751142912642,-0.0012257306656886513,0.0005455876835361306
P2,F3,71,pooled_iou,t1_v2_refit,cal_v2,-0.0004132898628524395,-0.0012728182180246073,0.0005135729738112715
