block,partition,seed,mask_basis,arm,endpoint,aurc,risk_080,partial_aurc_070_090,mean_risk_070_090
P1,F1,13,stored_logits,legacy_self_overlap,mean_tile_miou,0.2171970652807599,0.284726682944779,0.05635773048411021,0.28178865242055107
P1,F1,13,stored_logits,legacy_self_overlap,mean_tile_dice,0.20827068862086115,0.34775920530784,0.06805296259033007,0.34026481295165034
P1,F1,13,stored_logits,legacy_self_overlap,mean_tile_iou,0.29626594018931296,0.4549667400719124,0.08953598495066727,0.4476799247533363
P1,F1,13,stored_logits,legacy_self_overlap,pooled_miou,0.16783814401340788,0.18726363385935205,0.03748822428034269,0.18744112140171343
P1,F1,13,stored_logits,legacy_self_overlap,pooled_dice,0.12888123741090413,0.16993886523777219,0.033823022745089415,0.16911511372544707
P1,F1,13,stored_logits,legacy_self_overlap,pooled_iou,0.2209351543347033,0.28708684717572586,0.057166527257127765,0.2858326362856388
P1,F1,13,stored_logits,frozen_v2,mean_tile_miou,0.25235854597804036,0.29953678374560966,0.059698165129473645,0.29849082564736823
P1,F1,13,stored_logits,frozen_v2,mean_tile_dice,0.3863236658056587,0.43947260275434097,0.08776066174904551,0.43880330874522755
P1,F1,13,stored_logits,frozen_v2,mean_tile_iou,0.4674809161921479,0.535363792892962,0.10681213281633879,0.534060664081694
P1,F1,13,stored_logits,frozen_v2,pooled_miou,0.13608544088691973,0.1631867422827943,0.03118389701721734,0.1559194850860867
P1,F1,13,stored_logits,frozen_v2,pooled_dice,0.14986499317847518,0.16394336072364074,0.03110897362687043,0.15554486813435214
P1,F1,13,stored_logits,frozen_v2,pooled_iou,0.24576883684434753,0.2772717226299106,0.05298411771055155,0.26492058855275774
P1,F1,13,stored_logits,sdc_native,mean_tile_miou,0.2171970652807599,0.284726682944779,0.05635773048411021,0.28178865242055107
P1,F1,13,stored_logits,sdc_native,mean_tile_dice,0.20827068862086115,0.34775920530784,0.06805296259033007,0.34026481295165034
P1,F1,13,stored_logits,sdc_native,mean_tile_iou,0.29626594018931296,0.4549667400719124,0.08953598495066727,0.4476799247533363
P1,F1,13,stored_logits,sdc_native,pooled_miou,0.16783814401340788,0.18726363385935205,0.03748822428034269,0.18744112140171343
P1,F1,13,stored_logits,sdc_native,pooled_dice,0.12888123741090413,0.16993886523777219,0.033823022745089415,0.16911511372544707
P1,F1,13,stored_logits,sdc_native,pooled_iou,0.2209351543347033,0.28708684717572586,0.057166527257127765,0.2858326362856388
P1,F1,13,stored_logits,sdc_exact,mean_tile_miou,0.2171970652807599,0.284726682944779,0.05635773048411021,0.28178865242055107
P1,F1,13,stored_logits,sdc_exact,mean_tile_dice,0.20827068862086115,0.34775920530784,0.06805296259033007,0.34026481295165034
P1,F1,13,stored_logits,sdc_exact,mean_tile_iou,0.29626594018931296,0.4549667400719124,0.08953598495066727,0.4476799247533363
P1,F1,13,stored_logits,sdc_exact,pooled_miou,0.16783814401340788,0.18726363385935205,0.03748822428034269,0.18744112140171343
P1,F1,13,stored_logits,sdc_exact,pooled_dice,0.12888123741090413,0.16993886523777219,0.033823022745089415,0.16911511372544707
P1,F1,13,stored_logits,sdc_exact,pooled_iou,0.2209351543347033,0.28708684717572586,0.057166527257127765,0.2858326362856388
P1,F1,13,stored_logits,fit_miou_exact,mean_tile_miou,0.25341419854940767,0.29953678374560966,0.059773296899064805,0.298866484495324
P1,F1,13,stored_logits,fit_miou_exact,mean_tile_dice,0.3881731338702403,0.43947260275434097,0.08792631693074887,0.43963158465374436
P1,F1,13,stored_logits,fit_miou_exact,mean_tile_iou,0.4698330035011501,0.535363792892962,0.10700948980558068,0.5350474490279034
P1,F1,13,stored_logits,fit_miou_exact,pooled_miou,0.13610070527620127,0.1631867422827943,0.03123082673146673,0.15615413365733363
P1,F1,13,stored_logits,fit_miou_exact,pooled_dice,0.15000043624857454,0.16394336072364074,0.031172980201762228,0.15586490100881112
P1,F1,13,stored_logits,fit_miou_exact,pooled_iou,0.24597756973324764,0.2772717226299106,0.05309659380641436,0.2654829690320718
P1,F1,13,stored_logits,fit_dice_exact,mean_tile_miou,0.19960597840810523,0.2842951982036882,0.05644045086587898,0.2822022543293949
P1,F1,13,stored_logits,fit_dice_exact,mean_tile_dice,0.20960468515078906,0.34732628479000155,0.06879487023080728,0.3439743511540364
P1,F1,13,stored_logits,fit_dice_exact,mean_tile_iou,0.2976321412607641,0.45437075525807835,0.09002938266420854,0.4501469133210427
P1,F1,13,stored_logits,fit_dice_exact,pooled_miou,0.14365016529612004,0.18651925439455974,0.03684158393534398,0.1842079196767199
P1,F1,13,stored_logits,fit_dice_exact,pooled_dice,0.121090659166283,0.16955697907999004,0.033379137742242077,0.16689568871121038
P1,F1,13,stored_logits,fit_dice_exact,pooled_iou,0.20874751314118978,0.28643695744492825,0.05644400257947613,0.28222001289738063
P1,F1,13,stored_logits,fit_iou_exact,mean_tile_miou,0.19878682374818168,0.2798380704099158,0.056058024093148404,0.280290120465742
P1,F1,13,stored_logits,fit_iou_exact,mean_tile_dice,0.2098058555605647,0.33807462428044244,0.06808094341522766,0.3404047170761383
P1,F1,13,stored_logits,fit_iou_exact,mean_tile_iou,0.29847329114633064,0.44721542435188855,0.08944702511950649,0.4472351255975324
P1,F1,13,stored_logits,fit_iou_exact,pooled_miou,0.14264507778867822,0.1826839895745998,0.03644080069560085,0.18220400347800425
P1,F1,13,stored_logits,fit_iou_exact,pooled_dice,0.12139736099313342,0.16642693316438287,0.033053091706877584,0.1652654585343879
P1,F1,13,stored_logits,fit_iou_exact,pooled_iou,0.20927949502672863,0.2811127252750367,0.0558891445197684,0.279445722598842
P1,F1,13,original_audit,legacy_self_overlap,mean_tile_miou,0.2171970652807599,0.284726682944779,0.05635773048411021,0.28178865242055107
P1,F1,13,original_audit,legacy_self_overlap,mean_tile_dice,0.20827068862086115,0.34775920530784,0.06805296259033007,0.34026481295165034
P1,F1,13,original_audit,legacy_self_overlap,mean_tile_iou,0.29626594018931296,0.4549667400719124,0.08953598495066727,0.4476799247533363
P1,F1,13,original_audit,legacy_self_overlap,pooled_miou,0.16783814401340788,0.18726363385935205,0.03748822428034269,0.18744112140171343
P1,F1,13,original_audit,legacy_self_overlap,pooled_dice,0.12888123741090413,0.16993886523777219,0.033823022745089415,0.16911511372544707
P1,F1,13,original_audit,legacy_self_overlap,pooled_iou,0.2209351543347033,0.28708684717572586,0.057166527257127765,0.2858326362856388
P1,F1,13,original_audit,frozen_v2,mean_tile_miou,0.25235854597804036,0.29953678374560966,0.059698165129473645,0.29849082564736823
P1,F1,13,original_audit,frozen_v2,mean_tile_dice,0.3863236658056587,0.43947260275434097,0.08776066174904551,0.43880330874522755
P1,F1,13,original_audit,frozen_v2,mean_tile_iou,0.4674809161921479,0.535363792892962,0.10681213281633879,0.534060664081694
P1,F1,13,original_audit,frozen_v2,pooled_miou,0.13608544088691973,0.1631867422827943,0.03118389701721734,0.1559194850860867
P1,F1,13,original_audit,frozen_v2,pooled_dice,0.14986499317847518,0.16394336072364074,0.03110897362687043,0.15554486813435214
P1,F1,13,original_audit,frozen_v2,pooled_iou,0.24576883684434753,0.2772717226299106,0.05298411771055155,0.26492058855275774
P1,F1,13,original_audit,sdc_native,mean_tile_miou,0.2171970652807599,0.284726682944779,0.05635773048411021,0.28178865242055107
P1,F1,13,original_audit,sdc_native,mean_tile_dice,0.20827068862086115,0.34775920530784,0.06805296259033007,0.34026481295165034
P1,F1,13,original_audit,sdc_native,mean_tile_iou,0.29626594018931296,0.4549667400719124,0.08953598495066727,0.4476799247533363
P1,F1,13,original_audit,sdc_native,pooled_miou,0.16783814401340788,0.18726363385935205,0.03748822428034269,0.18744112140171343
P1,F1,13,original_audit,sdc_native,pooled_dice,0.12888123741090413,0.16993886523777219,0.033823022745089415,0.16911511372544707
P1,F1,13,original_audit,sdc_native,pooled_iou,0.2209351543347033,0.28708684717572586,0.057166527257127765,0.2858326362856388
P1,F1,13,original_audit,sdc_exact,mean_tile_miou,0.2171970652807599,0.284726682944779,0.05635773048411021,0.28178865242055107
P1,F1,13,original_audit,sdc_exact,mean_tile_dice,0.20827068862086115,0.34775920530784,0.06805296259033007,0.34026481295165034
P1,F1,13,original_audit,sdc_exact,mean_tile_iou,0.29626594018931296,0.4549667400719124,0.08953598495066727,0.4476799247533363
P1,F1,13,original_audit,sdc_exact,pooled_miou,0.16783814401340788,0.18726363385935205,0.03748822428034269,0.18744112140171343
P1,F1,13,original_audit,sdc_exact,pooled_dice,0.12888123741090413,0.16993886523777219,0.033823022745089415,0.16911511372544707
P1,F1,13,original_audit,sdc_exact,pooled_iou,0.2209351543347033,0.28708684717572586,0.057166527257127765,0.2858326362856388
P1,F1,13,original_audit,fit_miou_exact,mean_tile_miou,0.25341419854940767,0.29953678374560966,0.059773296899064805,0.298866484495324
P1,F1,13,original_audit,fit_miou_exact,mean_tile_dice,0.3881731338702403,0.43947260275434097,0.08792631693074887,0.43963158465374436
P1,F1,13,original_audit,fit_miou_exact,mean_tile_iou,0.4698330035011501,0.535363792892962,0.10700948980558068,0.5350474490279034
P1,F1,13,original_audit,fit_miou_exact,pooled_miou,0.13610070527620127,0.1631867422827943,0.03123082673146673,0.15615413365733363
P1,F1,13,original_audit,fit_miou_exact,pooled_dice,0.15000043624857454,0.16394336072364074,0.031172980201762228,0.15586490100881112
P1,F1,13,original_audit,fit_miou_exact,pooled_iou,0.24597756973324764,0.2772717226299106,0.05309659380641436,0.2654829690320718
P1,F1,13,original_audit,fit_dice_exact,mean_tile_miou,0.19960597840810523,0.2842951982036882,0.05644045086587898,0.2822022543293949
P1,F1,13,original_audit,fit_dice_exact,mean_tile_dice,0.20960468515078906,0.34732628479000155,0.06879487023080728,0.3439743511540364
P1,F1,13,original_audit,fit_dice_exact,mean_tile_iou,0.2976321412607641,0.45437075525807835,0.09002938266420854,0.4501469133210427
P1,F1,13,original_audit,fit_dice_exact,pooled_miou,0.14365016529612004,0.18651925439455974,0.03684158393534398,0.1842079196767199
P1,F1,13,original_audit,fit_dice_exact,pooled_dice,0.121090659166283,0.16955697907999004,0.033379137742242077,0.16689568871121038
P1,F1,13,original_audit,fit_dice_exact,pooled_iou,0.20874751314118978,0.28643695744492825,0.05644400257947613,0.28222001289738063
P1,F1,13,original_audit,fit_iou_exact,mean_tile_miou,0.19878682374818168,0.2798380704099158,0.056058024093148404,0.280290120465742
P1,F1,13,original_audit,fit_iou_exact,mean_tile_dice,0.2098058555605647,0.33807462428044244,0.06808094341522766,0.3404047170761383
P1,F1,13,original_audit,fit_iou_exact,mean_tile_iou,0.29847329114633064,0.44721542435188855,0.08944702511950649,0.4472351255975324
P1,F1,13,original_audit,fit_iou_exact,pooled_miou,0.14264507778867822,0.1826839895745998,0.03644080069560085,0.18220400347800425
P1,F1,13,original_audit,fit_iou_exact,pooled_dice,0.12139736099313342,0.16642693316438287,0.033053091706877584,0.1652654585343879
P1,F1,13,original_audit,fit_iou_exact,pooled_iou,0.20927949502672863,0.2811127252750367,0.0558891445197684,0.279445722598842
P1,F1,37,stored_logits,legacy_self_overlap,mean_tile_miou,0.22350370926105,0.29220971208963853,0.05773826100966842,0.28869130504834206
P1,F1,37,stored_logits,legacy_self_overlap,mean_tile_dice,0.21569965803259558,0.35887325386082913,0.06999502732875586,0.34997513664377927
P1,F1,37,stored_logits,legacy_self_overlap,mean_tile_iou,0.3043366627470395,0.46467874640982604,0.09125749372772757,0.45628746863863784
P1,F1,37,stored_logits,legacy_self_overlap,pooled_miou,0.1741525129097332,0.19514406822718305,0.038982403748943135,0.19491201874471567
P1,F1,37,stored_logits,legacy_self_overlap,pooled_dice,0.133696648023301,0.1775161971790428,0.03527050424013847,0.17635252120069236
P1,F1,37,stored_logits,legacy_self_overlap,pooled_iou,0.22902336607605775,0.2986787765710073,0.059391811765683505,0.2969590588284175
P1,F1,37,stored_logits,frozen_v2,mean_tile_miou,0.23871839721399818,0.29865706969995653,0.0597730099370696,0.298865049685348
P1,F1,37,stored_logits,frozen_v2,mean_tile_dice,0.352685982555324,0.4393283869586643,0.08759914217576899,0.4379957108788449
P1,F1,37,stored_logits,frozen_v2,mean_tile_iou,0.4356586128382511,0.5359743953080174,0.10688764937511464,0.5344382468755732
P1,F1,37,stored_logits,frozen_v2,pooled_miou,0.13176824115088195,0.16371899202780163,0.032775503775542475,0.16387751887771237
P1,F1,37,stored_logits,frozen_v2,pooled_dice,0.14040502474797362,0.1666430276267507,0.033321924817676526,0.16660962408838262
P1,F1,37,stored_logits,frozen_v2,pooled_iou,0.2335940736103317,0.2810606153749048,0.05602899993604906,0.2801449996802453
P1,F1,37,stored_logits,sdc_native,mean_tile_miou,0.22350370926105,0.29220971208963853,0.05773826100966842,0.28869130504834206
P1,F1,37,stored_logits,sdc_native,mean_tile_dice,0.21569965803259558,0.35887325386082913,0.06999502732875586,0.34997513664377927
P1,F1,37,stored_logits,sdc_native,mean_tile_iou,0.3043366627470395,0.46467874640982604,0.09125749372772757,0.45628746863863784
P1,F1,37,stored_logits,sdc_native,pooled_miou,0.1741525129097332,0.19514406822718305,0.038982403748943135,0.19491201874471567
P1,F1,37,stored_logits,sdc_native,pooled_dice,0.133696648023301,0.1775161971790428,0.03527050424013847,0.17635252120069236
P1,F1,37,stored_logits,sdc_native,pooled_iou,0.22902336607605775,0.2986787765710073,0.059391811765683505,0.2969590588284175
P1,F1,37,stored_logits,sdc_exact,mean_tile_miou,0.22350370926105,0.29220971208963853,0.05773826100966842,0.28869130504834206
P1,F1,37,stored_logits,sdc_exact,mean_tile_dice,0.21569965803259558,0.35887325386082913,0.06999502732875586,0.34997513664377927
P1,F1,37,stored_logits,sdc_exact,mean_tile_iou,0.3043366627470395,0.46467874640982604,0.09125749372772757,0.45628746863863784
P1,F1,37,stored_logits,sdc_exact,pooled_miou,0.1741525129097332,0.19514406822718305,0.038982403748943135,0.19491201874471567
P1,F1,37,stored_logits,sdc_exact,pooled_dice,0.133696648023301,0.1775161971790428,0.03527050424013847,0.17635252120069236
P1,F1,37,stored_logits,sdc_exact,pooled_iou,0.22902336607605775,0.2986787765710073,0.059391811765683505,0.2969590588284175
P1,F1,37,stored_logits,fit_miou_exact,mean_tile_miou,0.23942723614335953,0.29865706969995653,0.059832031236769605,0.299160156183848
P1,F1,37,stored_logits,fit_miou_exact,mean_tile_dice,0.35436206880368615,0.4393283869586643,0.08777818934862668,0.43889094674313334
P1,F1,37,stored_logits,fit_miou_exact,mean_tile_iou,0.4374532896115438,0.5359743953080174,0.10706645017291323,0.5353322508645662
P1,F1,37,stored_logits,fit_miou_exact,pooled_miou,0.13195345562060085,0.16371899202780163,0.0328046548545169,0.16402327427258448
P1,F1,37,stored_logits,fit_miou_exact,pooled_dice,0.14078575916581795,0.1666430276267507,0.03338354993749887,0.16691774968749434
P1,F1,37,stored_logits,fit_miou_exact,pooled_iou,0.2342015890401512,0.2810606153749048,0.056122834084343785,0.28061417042171893
P1,F1,37,stored_logits,fit_dice_exact,mean_tile_miou,0.20210975231396416,0.2891078420048021,0.05712427265879283,0.28562136329396415
P1,F1,37,stored_logits,fit_dice_exact,mean_tile_dice,0.2125396517438898,0.35620177566297484,0.06943089641715985,0.34715448208579924
P1,F1,37,stored_logits,fit_dice_exact,mean_tile_iou,0.30286590895629917,0.4623347213729614,0.09087975080008998,0.4543987540004499
P1,F1,37,stored_logits,fit_dice_exact,pooled_miou,0.14815468000488435,0.18810593759405092,0.03747746486139636,0.1873873243069818
P1,F1,37,stored_logits,fit_dice_exact,pooled_dice,0.12705741694650752,0.1714259387807038,0.03400496155693779,0.17002480778468892
P1,F1,37,stored_logits,fit_dice_exact,pooled_iou,0.2186272060391102,0.2899967882343193,0.057576105056434505,0.2878805252821725
P1,F1,37,stored_logits,fit_iou_exact,mean_tile_miou,0.202539797441959,0.2891078420048021,0.05704851380364912,0.2852425690182456
P1,F1,37,stored_logits,fit_iou_exact,mean_tile_dice,0.21486638155952348,0.35620177566297484,0.06974682449731467,0.3487341224865734
P1,F1,37,stored_logits,fit_iou_exact,mean_tile_iou,0.3048469058213932,0.4623347213729615,0.09106375671614708,0.4553187835807354
P1,F1,37,stored_logits,fit_iou_exact,pooled_miou,0.1476409605568614,0.18810593759405092,0.03692633488458522,0.1846316744229261
P1,F1,37,stored_logits,fit_iou_exact,pooled_dice,0.1271776340942781,0.1714259387807038,0.033538301915133885,0.16769150957566942
P1,F1,37,stored_logits,fit_iou_exact,pooled_iou,0.21882196572360277,0.2899967882343193,0.056865999012127084,0.2843299950606354
P1,F1,37,original_audit,legacy_self_overlap,mean_tile_miou,0.22350370926105,0.29220971208963853,0.05773826100966842,0.28869130504834206
P1,F1,37,original_audit,legacy_self_overlap,mean_tile_dice,0.21569965803259558,0.35887325386082913,0.06999502732875586,0.34997513664377927
P1,F1,37,original_audit,legacy_self_overlap,mean_tile_iou,0.3043366627470395,0.46467874640982604,0.09125749372772757,0.45628746863863784
P1,F1,37,original_audit,legacy_self_overlap,pooled_miou,0.1741525129097332,0.19514406822718305,0.038982403748943135,0.19491201874471567
P1,F1,37,original_audit,legacy_self_overlap,pooled_dice,0.133696648023301,0.1775161971790428,0.03527050424013847,0.17635252120069236
P1,F1,37,original_audit,legacy_self_overlap,pooled_iou,0.22902336607605775,0.2986787765710073,0.059391811765683505,0.2969590588284175
P1,F1,37,original_audit,frozen_v2,mean_tile_miou,0.23871839721399818,0.29865706969995653,0.0597730099370696,0.298865049685348
P1,F1,37,original_audit,frozen_v2,mean_tile_dice,0.352685982555324,0.4393283869586643,0.08759914217576899,0.4379957108788449
P1,F1,37,original_audit,frozen_v2,mean_tile_iou,0.4356586128382511,0.5359743953080174,0.10688764937511464,0.5344382468755732
P1,F1,37,original_audit,frozen_v2,pooled_miou,0.13176824115088195,0.16371899202780163,0.032775503775542475,0.16387751887771237
P1,F1,37,original_audit,frozen_v2,pooled_dice,0.14040502474797362,0.1666430276267507,0.033321924817676526,0.16660962408838262
P1,F1,37,original_audit,frozen_v2,pooled_iou,0.2335940736103317,0.2810606153749048,0.05602899993604906,0.2801449996802453
P1,F1,37,original_audit,sdc_native,mean_tile_miou,0.22350370926105,0.29220971208963853,0.05773826100966842,0.28869130504834206
P1,F1,37,original_audit,sdc_native,mean_tile_dice,0.21569965803259558,0.35887325386082913,0.06999502732875586,0.34997513664377927
P1,F1,37,original_audit,sdc_native,mean_tile_iou,0.3043366627470395,0.46467874640982604,0.09125749372772757,0.45628746863863784
P1,F1,37,original_audit,sdc_native,pooled_miou,0.1741525129097332,0.19514406822718305,0.038982403748943135,0.19491201874471567
P1,F1,37,original_audit,sdc_native,pooled_dice,0.133696648023301,0.1775161971790428,0.03527050424013847,0.17635252120069236
P1,F1,37,original_audit,sdc_native,pooled_iou,0.22902336607605775,0.2986787765710073,0.059391811765683505,0.2969590588284175
P1,F1,37,original_audit,sdc_exact,mean_tile_miou,0.22350370926105,0.29220971208963853,0.05773826100966842,0.28869130504834206
P1,F1,37,original_audit,sdc_exact,mean_tile_dice,0.21569965803259558,0.35887325386082913,0.06999502732875586,0.34997513664377927
P1,F1,37,original_audit,sdc_exact,mean_tile_iou,0.3043366627470395,0.46467874640982604,0.09125749372772757,0.45628746863863784
P1,F1,37,original_audit,sdc_exact,pooled_miou,0.1741525129097332,0.19514406822718305,0.038982403748943135,0.19491201874471567
P1,F1,37,original_audit,sdc_exact,pooled_dice,0.133696648023301,0.1775161971790428,0.03527050424013847,0.17635252120069236
P1,F1,37,original_audit,sdc_exact,pooled_iou,0.22902336607605775,0.2986787765710073,0.059391811765683505,0.2969590588284175
P1,F1,37,original_audit,fit_miou_exact,mean_tile_miou,0.23942723614335953,0.29865706969995653,0.059832031236769605,0.299160156183848
P1,F1,37,original_audit,fit_miou_exact,mean_tile_dice,0.35436206880368615,0.4393283869586643,0.08777818934862668,0.43889094674313334
P1,F1,37,original_audit,fit_miou_exact,mean_tile_iou,0.4374532896115438,0.5359743953080174,0.10706645017291323,0.5353322508645662
P1,F1,37,original_audit,fit_miou_exact,pooled_miou,0.13195345562060085,0.16371899202780163,0.0328046548545169,0.16402327427258448
P1,F1,37,original_audit,fit_miou_exact,pooled_dice,0.14078575916581795,0.1666430276267507,0.03338354993749887,0.16691774968749434
P1,F1,37,original_audit,fit_miou_exact,pooled_iou,0.2342015890401512,0.2810606153749048,0.056122834084343785,0.28061417042171893
P1,F1,37,original_audit,fit_dice_exact,mean_tile_miou,0.20210975231396416,0.2891078420048021,0.05712427265879283,0.28562136329396415
P1,F1,37,original_audit,fit_dice_exact,mean_tile_dice,0.2125396517438898,0.35620177566297484,0.06943089641715985,0.34715448208579924
P1,F1,37,original_audit,fit_dice_exact,mean_tile_iou,0.30286590895629917,0.4623347213729614,0.09087975080008998,0.4543987540004499
P1,F1,37,original_audit,fit_dice_exact,pooled_miou,0.14815468000488435,0.18810593759405092,0.03747746486139636,0.1873873243069818
P1,F1,37,original_audit,fit_dice_exact,pooled_dice,0.12705741694650752,0.1714259387807038,0.03400496155693779,0.17002480778468892
P1,F1,37,original_audit,fit_dice_exact,pooled_iou,0.2186272060391102,0.2899967882343193,0.057576105056434505,0.2878805252821725
P1,F1,37,original_audit,fit_iou_exact,mean_tile_miou,0.202539797441959,0.2891078420048021,0.05704851380364912,0.2852425690182456
P1,F1,37,original_audit,fit_iou_exact,mean_tile_dice,0.21486638155952348,0.35620177566297484,0.06974682449731467,0.3487341224865734
P1,F1,37,original_audit,fit_iou_exact,mean_tile_iou,0.3048469058213932,0.4623347213729615,0.09106375671614708,0.4553187835807354
P1,F1,37,original_audit,fit_iou_exact,pooled_miou,0.1476409605568614,0.18810593759405092,0.03692633488458522,0.1846316744229261
P1,F1,37,original_audit,fit_iou_exact,pooled_dice,0.1271776340942781,0.1714259387807038,0.033538301915133885,0.16769150957566942
P1,F1,37,original_audit,fit_iou_exact,pooled_iou,0.21882196572360277,0.2899967882343193,0.056865999012127084,0.2843299950606354
P1,F1,71,stored_logits,legacy_self_overlap,mean_tile_miou,0.2464162061539294,0.30963524057086533,0.06147273695297181,0.30736368476485904
P1,F1,71,stored_logits,legacy_self_overlap,mean_tile_dice,0.24136904075752064,0.38317257317755204,0.07535086736353946,0.3767543368176973
P1,F1,71,stored_logits,legacy_self_overlap,mean_tile_iou,0.33709481384397344,0.4924364264694675,0.09722826957068918,0.48614134785344587
P1,F1,71,stored_logits,legacy_self_overlap,pooled_miou,0.2101815401444074,0.22519425585045405,0.045150330244931224,0.2257516512246561
P1,F1,71,stored_logits,legacy_self_overlap,pooled_dice,0.17471735022829984,0.2177232000029887,0.04341675665142132,0.2170837832571066
P1,F1,71,stored_logits,legacy_self_overlap,pooled_iou,0.28284346026592333,0.3486402218010134,0.06953994793616194,0.3476997396808097
P1,F1,71,stored_logits,frozen_v2,mean_tile_miou,0.2522445221465578,0.31242599546267164,0.062671824660556,0.31335912330278
P1,F1,71,stored_logits,frozen_v2,mean_tile_dice,0.3887238840037964,0.4634299281568448,0.09359617533353176,0.4679808766676588
P1,F1,71,stored_logits,frozen_v2,mean_tile_iou,0.4631895768071542,0.5534710894461172,0.11161161244464538,0.5580580622232268
P1,F1,71,stored_logits,frozen_v2,pooled_miou,0.14441020008252942,0.18344473378251547,0.03702307716749717,0.18511538583748585
P1,F1,71,stored_logits,frozen_v2,pooled_dice,0.16041277321462927,0.1912136836486376,0.03926419996176738,0.19632099980883688
P1,F1,71,stored_logits,frozen_v2,pooled_iou,0.25868784256549426,0.31184094343557966,0.06352219028620212,0.3176109514310106
P1,F1,71,stored_logits,sdc_native,mean_tile_miou,0.24641327742195276,0.30963524057086533,0.0614712725869835,0.30735636293491747
P1,F1,71,stored_logits,sdc_native,mean_tile_dice,0.24136904075752064,0.38317257317755204,0.07535086736353946,0.3767543368176973
P1,F1,71,stored_logits,sdc_native,mean_tile_iou,0.33709481384397344,0.4924364264694675,0.09722826957068918,0.48614134785344587
P1,F1,71,stored_logits,sdc_native,pooled_miou,0.21017925121942618,0.22519425585045405,0.0451491857824406,0.225745928912203
P1,F1,71,stored_logits,sdc_native,pooled_dice,0.17470431155364033,0.2177232000029887,0.043410237314091556,0.21705118657045777
P1,F1,71,stored_logits,sdc_native,pooled_iou,0.2828292012814771,0.3486402218010134,0.06953281844393883,0.34766409221969413
P1,F1,71,stored_logits,sdc_exact,mean_tile_miou,0.24641327742195276,0.30963524057086533,0.0614712725869835,0.30735636293491747
P1,F1,71,stored_logits,sdc_exact,mean_tile_dice,0.24136904075752064,0.38317257317755204,0.07535086736353946,0.3767543368176973
P1,F1,71,stored_logits,sdc_exact,mean_tile_iou,0.33709481384397344,0.4924364264694675,0.09722826957068918,0.48614134785344587
P1,F1,71,stored_logits,sdc_exact,pooled_miou,0.21017925121942618,0.22519425585045405,0.0451491857824406,0.225745928912203
P1,F1,71,stored_logits,sdc_exact,pooled_dice,0.17470431155364033,0.2177232000029887,0.043410237314091556,0.21705118657045777
P1,F1,71,stored_logits,sdc_exact,pooled_iou,0.2828292012814771,0.3486402218010134,0.06953281844393883,0.34766409221969413
P1,F1,71,stored_logits,fit_miou_exact,mean_tile_miou,0.2585877395802367,0.31178259468313063,0.06270833648329635,0.3135416824164817
P1,F1,71,stored_logits,fit_miou_exact,mean_tile_dice,0.40472875310573087,0.46167581604104463,0.09387484168587304,0.46937420842936517
P1,F1,71,stored_logits,fit_miou_exact,mean_tile_iou,0.4775944829857164,0.552259226790945,0.11197304572347068,0.5598652286173533
P1,F1,71,stored_logits,fit_miou_exact,pooled_miou,0.14568017375425704,0.18320952808721,0.036850684875175496,0.18425342437587747
P1,F1,71,stored_logits,fit_miou_exact,pooled_dice,0.16550275796270839,0.19096953542465217,0.03917963153966366,0.19589815769831828
P1,F1,71,stored_logits,fit_miou_exact,pooled_iou,0.2626501055557491,0.3114574055441696,0.06338268707763833,0.31691343538819167
P1,F1,71,stored_logits,fit_dice_exact,mean_tile_miou,0.22487063319974557,0.3073175870690946,0.0612740991140986,0.30637049557049295
P1,F1,71,stored_logits,fit_dice_exact,mean_tile_dice,0.23528647631939414,0.37864258877266505,0.07516725857448271,0.37583629287241355
P1,F1,71,stored_logits,fit_dice_exact,mean_tile_iou,0.32810988543058384,0.48807043335141687,0.09696694629265729,0.48483473146328643
P1,F1,71,stored_logits,fit_dice_exact,pooled_miou,0.18358006809816366,0.22469115578343885,0.04490197009808582,0.22450985049042907
P1,F1,71,stored_logits,fit_dice_exact,pooled_dice,0.16362261079450532,0.21733287915618305,0.043271496574229656,0.21635748287114828
P1,F1,71,stored_logits,fit_dice_exact,pooled_iou,0.2664138315744331,0.34801395161935256,0.06931461042549256,0.34657305212746276
P1,F1,71,stored_logits,fit_iou_exact,mean_tile_miou,0.22357083971413427,0.3073175870690946,0.06118687658346475,0.3059343829173237
P1,F1,71,stored_logits,fit_iou_exact,mean_tile_dice,0.2392251565149919,0.37864258877266505,0.07521106780742534,0.3760553390371267
P1,F1,71,stored_logits,fit_iou_exact,mean_tile_iou,0.33084669707598613,0.48807043335141687,0.09694984331416974,0.4847492165708487
P1,F1,71,stored_logits,fit_iou_exact,pooled_miou,0.1788469417558835,0.22469115578343885,0.044602727934609315,0.22301363967304658
P1,F1,71,stored_logits,fit_iou_exact,pooled_dice,0.16079342754548012,0.21733287915618305,0.04302852962611163,0.21514264813055814
P1,F1,71,stored_logits,fit_iou_exact,pooled_iou,0.26257555974355656,0.34801395161935256,0.06894662618154232,0.34473313090771157
P1,F1,71,original_audit,legacy_self_overlap,mean_tile_miou,0.2464162061539294,0.30963524057086533,0.06147273695297181,0.30736368476485904
P1,F1,71,original_audit,legacy_self_overlap,mean_tile_dice,0.24136904075752064,0.38317257317755204,0.07535086736353946,0.3767543368176973
P1,F1,71,original_audit,legacy_self_overlap,mean_tile_iou,0.33709481384397344,0.4924364264694675,0.09722826957068918,0.48614134785344587
P1,F1,71,original_audit,legacy_self_overlap,pooled_miou,0.2101815401444074,0.22519425585045405,0.045150330244931224,0.2257516512246561
P1,F1,71,original_audit,legacy_self_overlap,pooled_dice,0.17471735022829984,0.2177232000029887,0.04341675665142132,0.2170837832571066
P1,F1,71,original_audit,legacy_self_overlap,pooled_iou,0.28284346026592333,0.3486402218010134,0.06953994793616194,0.3476997396808097
P1,F1,71,original_audit,frozen_v2,mean_tile_miou,0.2522445221465578,0.31242599546267164,0.062671824660556,0.31335912330278
P1,F1,71,original_audit,frozen_v2,mean_tile_dice,0.3887238840037964,0.4634299281568448,0.09359617533353176,0.4679808766676588
P1,F1,71,original_audit,frozen_v2,mean_tile_iou,0.4631895768071542,0.5534710894461172,0.11161161244464538,0.5580580622232268
P1,F1,71,original_audit,frozen_v2,pooled_miou,0.14441020008252942,0.18344473378251547,0.03702307716749717,0.18511538583748585
P1,F1,71,original_audit,frozen_v2,pooled_dice,0.16041277321462927,0.1912136836486376,0.03926419996176738,0.19632099980883688
P1,F1,71,original_audit,frozen_v2,pooled_iou,0.25868784256549426,0.31184094343557966,0.06352219028620212,0.3176109514310106
P1,F1,71,original_audit,sdc_native,mean_tile_miou,0.24641327742195276,0.30963524057086533,0.0614712725869835,0.30735636293491747
P1,F1,71,original_audit,sdc_native,mean_tile_dice,0.24136904075752064,0.38317257317755204,0.07535086736353946,0.3767543368176973
P1,F1,71,original_audit,sdc_native,mean_tile_iou,0.33709481384397344,0.4924364264694675,0.09722826957068918,0.48614134785344587
P1,F1,71,original_audit,sdc_native,pooled_miou,0.21017925121942618,0.22519425585045405,0.0451491857824406,0.225745928912203
P1,F1,71,original_audit,sdc_native,pooled_dice,0.17470431155364033,0.2177232000029887,0.043410237314091556,0.21705118657045777
P1,F1,71,original_audit,sdc_native,pooled_iou,0.2828292012814771,0.3486402218010134,0.06953281844393883,0.34766409221969413
P1,F1,71,original_audit,sdc_exact,mean_tile_miou,0.24641327742195276,0.30963524057086533,0.0614712725869835,0.30735636293491747
P1,F1,71,original_audit,sdc_exact,mean_tile_dice,0.24136904075752064,0.38317257317755204,0.07535086736353946,0.3767543368176973
P1,F1,71,original_audit,sdc_exact,mean_tile_iou,0.33709481384397344,0.4924364264694675,0.09722826957068918,0.48614134785344587
P1,F1,71,original_audit,sdc_exact,pooled_miou,0.21017925121942618,0.22519425585045405,0.0451491857824406,0.225745928912203
P1,F1,71,original_audit,sdc_exact,pooled_dice,0.17470431155364033,0.2177232000029887,0.043410237314091556,0.21705118657045777
P1,F1,71,original_audit,sdc_exact,pooled_iou,0.2828292012814771,0.3486402218010134,0.06953281844393883,0.34766409221969413
P1,F1,71,original_audit,fit_miou_exact,mean_tile_miou,0.2585877395802367,0.31178259468313063,0.06270833648329635,0.3135416824164817
P1,F1,71,original_audit,fit_miou_exact,mean_tile_dice,0.40472875310573087,0.46167581604104463,0.09387484168587304,0.46937420842936517
P1,F1,71,original_audit,fit_miou_exact,mean_tile_iou,0.4775944829857164,0.552259226790945,0.11197304572347068,0.5598652286173533
P1,F1,71,original_audit,fit_miou_exact,pooled_miou,0.14568017375425704,0.18320952808721,0.036850684875175496,0.18425342437587747
P1,F1,71,original_audit,fit_miou_exact,pooled_dice,0.16550275796270839,0.19096953542465217,0.03917963153966366,0.19589815769831828
P1,F1,71,original_audit,fit_miou_exact,pooled_iou,0.2626501055557491,0.3114574055441696,0.06338268707763833,0.31691343538819167
P1,F1,71,original_audit,fit_dice_exact,mean_tile_miou,0.22487063319974557,0.3073175870690946,0.0612740991140986,0.30637049557049295
P1,F1,71,original_audit,fit_dice_exact,mean_tile_dice,0.23528647631939414,0.37864258877266505,0.07516725857448271,0.37583629287241355
P1,F1,71,original_audit,fit_dice_exact,mean_tile_iou,0.32810988543058384,0.48807043335141687,0.09696694629265729,0.48483473146328643
P1,F1,71,original_audit,fit_dice_exact,pooled_miou,0.18358006809816366,0.22469115578343885,0.04490197009808582,0.22450985049042907
P1,F1,71,original_audit,fit_dice_exact,pooled_dice,0.16362261079450532,0.21733287915618305,0.043271496574229656,0.21635748287114828
P1,F1,71,original_audit,fit_dice_exact,pooled_iou,0.2664138315744331,0.34801395161935256,0.06931461042549256,0.34657305212746276
P1,F1,71,original_audit,fit_iou_exact,mean_tile_miou,0.22357083971413427,0.3073175870690946,0.06118687658346475,0.3059343829173237
P1,F1,71,original_audit,fit_iou_exact,mean_tile_dice,0.2392251565149919,0.37864258877266505,0.07521106780742534,0.3760553390371267
P1,F1,71,original_audit,fit_iou_exact,mean_tile_iou,0.33084669707598613,0.48807043335141687,0.09694984331416974,0.4847492165708487
P1,F1,71,original_audit,fit_iou_exact,pooled_miou,0.1788469417558835,0.22469115578343885,0.044602727934609315,0.22301363967304658
P1,F1,71,original_audit,fit_iou_exact,pooled_dice,0.16079342754548012,0.21733287915618305,0.04302852962611163,0.21514264813055814
P1,F1,71,original_audit,fit_iou_exact,pooled_iou,0.26257555974355656,0.34801395161935256,0.06894662618154232,0.34473313090771157
P1,F2,13,stored_logits,legacy_self_overlap,mean_tile_miou,0.341790105610595,0.3957933960037255,0.07900616794145875,0.3950308397072937
P1,F2,13,stored_logits,legacy_self_overlap,mean_tile_dice,0.4849243542588159,0.6552802069916316,0.13045973835641586,0.6522986917820792
P1,F2,13,stored_logits,legacy_self_overlap,mean_tile_iou,0.5831327750461673,0.7450710460161313,0.14852772114089882,0.742638605704494
P1,F2,13,stored_logits,legacy_self_overlap,pooled_miou,0.30606957314530997,0.34151006662630784,0.06823417414853516,0.3411708707426758
P1,F2,13,stored_logits,legacy_self_overlap,pooled_dice,0.3607499133900182,0.4364391910293815,0.08723218783644607,0.4361609391822303
P1,F2,13,stored_logits,legacy_self_overlap,pooled_iou,0.5084813039344487,0.6006607392653683,0.12006919365809135,0.6003459682904567
P1,F2,13,stored_logits,frozen_v2,mean_tile_miou,0.3125123945674646,0.3573137442683385,0.071369707601498,0.35684853800748995
P1,F2,13,stored_logits,frozen_v2,mean_tile_dice,0.5110934227360134,0.65517755979186,0.13071642530200586,0.6535821265100292
P1,F2,13,stored_logits,frozen_v2,mean_tile_iou,0.6034860412160111,0.7461235754459935,0.14897913331150117,0.7448956665575058
P1,F2,13,stored_logits,frozen_v2,pooled_miou,0.26202962267646557,0.3204920710473427,0.06445339799927832,0.3222669899963916
P1,F2,13,stored_logits,frozen_v2,pooled_dice,0.3261231227873493,0.4151979892485686,0.08333135577848236,0.41665677889241176
P1,F2,13,stored_logits,frozen_v2,pooled_iou,0.4711297007894296,0.5801668000313288,0.11634214158079528,0.5817107079039764
P1,F2,13,stored_logits,sdc_native,mean_tile_miou,0.3407773789703953,0.3915198039181888,0.07826930335954721,0.391346516797736
P1,F2,13,stored_logits,sdc_native,mean_tile_dice,0.4849243542588159,0.6552802069916316,0.13045973835641586,0.6522986917820792
P1,F2,13,stored_logits,sdc_native,mean_tile_iou,0.5831327750461673,0.7450710460161313,0.14852772114089882,0.742638605704494
P1,F2,13,stored_logits,sdc_native,pooled_miou,0.30604640461278126,0.34135303648126997,0.0682086810523806,0.34104340526190297
P1,F2,13,stored_logits,sdc_native,pooled_dice,0.3607496890814186,0.4364382937949829,0.08723203082042631,0.43616015410213155
P1,F2,13,stored_logits,sdc_native,pooled_iou,0.5084810476331968,0.6006597140603608,0.12006901424721503,0.6003450712360751
P1,F2,13,stored_logits,sdc_exact,mean_tile_miou,0.3407773789703953,0.3915198039181888,0.07826930335954721,0.391346516797736
P1,F2,13,stored_logits,sdc_exact,mean_tile_dice,0.4849243542588159,0.6552802069916316,0.13045973835641586,0.6522986917820792
P1,F2,13,stored_logits,sdc_exact,mean_tile_iou,0.5831327750461673,0.7450710460161313,0.14852772114089882,0.742638605704494
P1,F2,13,stored_logits,sdc_exact,pooled_miou,0.30604640461278126,0.34135303648126997,0.0682086810523806,0.34104340526190297
P1,F2,13,stored_logits,sdc_exact,pooled_dice,0.3607496890814186,0.4364382937949829,0.08723203082042631,0.43616015410213155
P1,F2,13,stored_logits,sdc_exact,pooled_iou,0.5084810476331968,0.6006597140603608,0.12006901424721503,0.6003450712360751
P1,F2,13,stored_logits,fit_miou_exact,mean_tile_miou,0.3130210776108323,0.3573137442683385,0.07149302470292047,0.35746512351460236
P1,F2,13,stored_logits,fit_miou_exact,mean_tile_dice,0.5110934227360134,0.65517755979186,0.13071642530200586,0.6535821265100292
P1,F2,13,stored_logits,fit_miou_exact,mean_tile_iou,0.6034860412160111,0.7461235754459935,0.14897913331150117,0.7448956665575058
P1,F2,13,stored_logits,fit_miou_exact,pooled_miou,0.26209558180174364,0.3204920710473427,0.06447104343191767,0.32235521715958837
P1,F2,13,stored_logits,fit_miou_exact,pooled_dice,0.32623924900002615,0.4151979892485686,0.08336038733165158,0.4168019366582579
P1,F2,13,stored_logits,fit_miou_exact,pooled_iou,0.4712627046148962,0.5801668000313288,0.11637539253716195,0.5818769626858097
P1,F2,13,stored_logits,fit_dice_exact,mean_tile_miou,0.32911424597805145,0.38799677754307926,0.07772703339503151,0.38863516697515754
P1,F2,13,stored_logits,fit_dice_exact,mean_tile_dice,0.4783938166751072,0.646840320159878,0.12935911185140617,0.6467955592570308
P1,F2,13,stored_logits,fit_dice_exact,mean_tile_iou,0.5765736825699221,0.7394441003732601,0.1478166513541328,0.739083256770664
P1,F2,13,stored_logits,fit_dice_exact,pooled_miou,0.29271769390036695,0.33834364212297235,0.06773990643410964,0.33869953217054816
P1,F2,13,stored_logits,fit_dice_exact,pooled_dice,0.3519411089768972,0.434891467355333,0.08684402494539546,0.4342201247269773
P1,F2,13,stored_logits,fit_dice_exact,pooled_iou,0.49896776259473385,0.5988867975850546,0.11968096194196719,0.5984048097098359
P1,F2,13,stored_logits,fit_iou_exact,mean_tile_miou,0.3225825545912926,0.3743166648119005,0.07500685626491958,0.3750342813245979
P1,F2,13,stored_logits,fit_iou_exact,mean_tile_dice,0.47474843122201954,0.6455073451998814,0.1289110570765024,0.644555285382512
P1,F2,13,stored_logits,fit_iou_exact,mean_tile_iou,0.5734298435750583,0.7384854745046671,0.14751290276455603,0.7375645138227801
P1,F2,13,stored_logits,fit_iou_exact,pooled_miou,0.28796524293819126,0.3379008075154773,0.06747444183303498,0.3373722091651749
P1,F2,13,stored_logits,fit_iou_exact,pooled_dice,0.34553331795535547,0.43407718524309297,0.08647218475304344,0.4323609237652172
P1,F2,13,stored_logits,fit_iou_exact,pooled_iou,0.4924284858020811,0.598094316440199,0.1193289243849959,0.5966446219249795
P1,F2,13,original_audit,legacy_self_overlap,mean_tile_miou,0.341790105610595,0.3957933960037255,0.07900616794145875,0.3950308397072937
P1,F2,13,original_audit,legacy_self_overlap,mean_tile_dice,0.4849243542588159,0.6552802069916316,0.13045973835641586,0.6522986917820792
P1,F2,13,original_audit,legacy_self_overlap,mean_tile_iou,0.5831327750461673,0.7450710460161313,0.14852772114089882,0.742638605704494
P1,F2,13,original_audit,legacy_self_overlap,pooled_miou,0.30606957314530997,0.34151006662630784,0.06823417414853516,0.3411708707426758
P1,F2,13,original_audit,legacy_self_overlap,pooled_dice,0.3607499133900182,0.4364391910293815,0.08723218783644607,0.4361609391822303
P1,F2,13,original_audit,legacy_self_overlap,pooled_iou,0.5084813039344487,0.6006607392653683,0.12006919365809135,0.6003459682904567
P1,F2,13,original_audit,frozen_v2,mean_tile_miou,0.3125123945674646,0.3573137442683385,0.071369707601498,0.35684853800748995
P1,F2,13,original_audit,frozen_v2,mean_tile_dice,0.5110934227360134,0.65517755979186,0.13071642530200586,0.6535821265100292
P1,F2,13,original_audit,frozen_v2,mean_tile_iou,0.6034860412160111,0.7461235754459935,0.14897913331150117,0.7448956665575058
P1,F2,13,original_audit,frozen_v2,pooled_miou,0.26202962267646557,0.3204920710473427,0.06445339799927832,0.3222669899963916
P1,F2,13,original_audit,frozen_v2,pooled_dice,0.3261231227873493,0.4151979892485686,0.08333135577848236,0.41665677889241176
P1,F2,13,original_audit,frozen_v2,pooled_iou,0.4711297007894296,0.5801668000313288,0.11634214158079528,0.5817107079039764
P1,F2,13,original_audit,sdc_native,mean_tile_miou,0.3407773789703953,0.3915198039181888,0.07826930335954721,0.391346516797736
P1,F2,13,original_audit,sdc_native,mean_tile_dice,0.4849243542588159,0.6552802069916316,0.13045973835641586,0.6522986917820792
P1,F2,13,original_audit,sdc_native,mean_tile_iou,0.5831327750461673,0.7450710460161313,0.14852772114089882,0.742638605704494
P1,F2,13,original_audit,sdc_native,pooled_miou,0.30604640461278126,0.34135303648126997,0.0682086810523806,0.34104340526190297
P1,F2,13,original_audit,sdc_native,pooled_dice,0.3607496890814186,0.4364382937949829,0.08723203082042631,0.43616015410213155
P1,F2,13,original_audit,sdc_native,pooled_iou,0.5084810476331968,0.6006597140603608,0.12006901424721503,0.6003450712360751
P1,F2,13,original_audit,sdc_exact,mean_tile_miou,0.3407773789703953,0.3915198039181888,0.07826930335954721,0.391346516797736
P1,F2,13,original_audit,sdc_exact,mean_tile_dice,0.4849243542588159,0.6552802069916316,0.13045973835641586,0.6522986917820792
P1,F2,13,original_audit,sdc_exact,mean_tile_iou,0.5831327750461673,0.7450710460161313,0.14852772114089882,0.742638605704494
P1,F2,13,original_audit,sdc_exact,pooled_miou,0.30604640461278126,0.34135303648126997,0.0682086810523806,0.34104340526190297
P1,F2,13,original_audit,sdc_exact,pooled_dice,0.3607496890814186,0.4364382937949829,0.08723203082042631,0.43616015410213155
P1,F2,13,original_audit,sdc_exact,pooled_iou,0.5084810476331968,0.6006597140603608,0.12006901424721503,0.6003450712360751
P1,F2,13,original_audit,fit_miou_exact,mean_tile_miou,0.3130210776108323,0.3573137442683385,0.07149302470292047,0.35746512351460236
P1,F2,13,original_audit,fit_miou_exact,mean_tile_dice,0.5110934227360134,0.65517755979186,0.13071642530200586,0.6535821265100292
P1,F2,13,original_audit,fit_miou_exact,mean_tile_iou,0.6034860412160111,0.7461235754459935,0.14897913331150117,0.7448956665575058
P1,F2,13,original_audit,fit_miou_exact,pooled_miou,0.26209558180174364,0.3204920710473427,0.06447104343191767,0.32235521715958837
P1,F2,13,original_audit,fit_miou_exact,pooled_dice,0.32623924900002615,0.4151979892485686,0.08336038733165158,0.4168019366582579
P1,F2,13,original_audit,fit_miou_exact,pooled_iou,0.4712627046148962,0.5801668000313288,0.11637539253716195,0.5818769626858097
P1,F2,13,original_audit,fit_dice_exact,mean_tile_miou,0.32911424597805145,0.38799677754307926,0.07772703339503151,0.38863516697515754
P1,F2,13,original_audit,fit_dice_exact,mean_tile_dice,0.4783938166751072,0.646840320159878,0.12935911185140617,0.6467955592570308
P1,F2,13,original_audit,fit_dice_exact,mean_tile_iou,0.5765736825699221,0.7394441003732601,0.1478166513541328,0.739083256770664
P1,F2,13,original_audit,fit_dice_exact,pooled_miou,0.29271769390036695,0.33834364212297235,0.06773990643410964,0.33869953217054816
P1,F2,13,original_audit,fit_dice_exact,pooled_dice,0.3519411089768972,0.434891467355333,0.08684402494539546,0.4342201247269773
P1,F2,13,original_audit,fit_dice_exact,pooled_iou,0.49896776259473385,0.5988867975850546,0.11968096194196719,0.5984048097098359
P1,F2,13,original_audit,fit_iou_exact,mean_tile_miou,0.3225825545912926,0.3743166648119005,0.07500685626491958,0.3750342813245979
P1,F2,13,original_audit,fit_iou_exact,mean_tile_dice,0.47474843122201954,0.6455073451998814,0.1289110570765024,0.644555285382512
P1,F2,13,original_audit,fit_iou_exact,mean_tile_iou,0.5734298435750583,0.7384854745046671,0.14751290276455603,0.7375645138227801
P1,F2,13,original_audit,fit_iou_exact,pooled_miou,0.28796524293819126,0.3379008075154773,0.06747444183303498,0.3373722091651749
P1,F2,13,original_audit,fit_iou_exact,pooled_dice,0.34553331795535547,0.43407718524309297,0.08647218475304344,0.4323609237652172
P1,F2,13,original_audit,fit_iou_exact,pooled_iou,0.4924284858020811,0.598094316440199,0.1193289243849959,0.5966446219249795
P1,F2,37,stored_logits,legacy_self_overlap,mean_tile_miou,0.344863302336625,0.3905890799470592,0.07802796334820844,0.3901398167410422
P1,F2,37,stored_logits,legacy_self_overlap,mean_tile_dice,0.4922478428346586,0.6522612962806899,0.13026111080259206,0.6513055540129603
P1,F2,37,stored_logits,legacy_self_overlap,mean_tile_iou,0.5893060803159069,0.7435700805921526,0.14844312240831964,0.7422156120415981
P1,F2,37,stored_logits,legacy_self_overlap,pooled_miou,0.3090743510542556,0.34063966706781185,0.06806785445613064,0.3403392722806532
P1,F2,37,stored_logits,legacy_self_overlap,pooled_dice,0.3659341751708513,0.4401532778639807,0.08781655684166792,0.43908278420833957
P1,F2,37,stored_logits,legacy_self_overlap,pooled_iou,0.5126273490061238,0.602092094543389,0.12022546889193539,0.6011273444596769
P1,F2,37,stored_logits,frozen_v2,mean_tile_miou,0.3103361851095103,0.34838610056662395,0.06969898515890144,0.3484949257945072
P1,F2,37,stored_logits,frozen_v2,mean_tile_dice,0.5340493604370024,0.6632218797558768,0.13224676521907672,0.6612338260953835
P1,F2,37,stored_logits,frozen_v2,mean_tile_iou,0.6270395278203416,0.753647320196927,0.1503805951725557,0.7519029758627784
P1,F2,37,stored_logits,frozen_v2,pooled_miou,0.27402049382550175,0.31894984620820893,0.0626075522849632,0.313037761424816
P1,F2,37,stored_logits,frozen_v2,pooled_dice,0.3556345462613967,0.4169876807374429,0.08157960362518857,0.40789801812594284
P1,F2,37,stored_logits,frozen_v2,pooled_iou,0.5034947574888861,0.5822961263841537,0.11478509564552591,0.5739254782276295
P1,F2,37,stored_logits,sdc_native,mean_tile_miou,0.3446873116592728,0.390615662411636,0.07803254677036352,0.39016273385181754
P1,F2,37,stored_logits,sdc_native,mean_tile_dice,0.4922478428346586,0.6522612962806899,0.13026111080259206,0.6513055540129603
P1,F2,37,stored_logits,sdc_native,mean_tile_iou,0.5893060803159069,0.7435700805921526,0.14844312240831964,0.7422156120415981
P1,F2,37,stored_logits,sdc_native,pooled_miou,0.3090843957920339,0.34075853057014066,0.06807740413048832,0.3403870206524416
P1,F2,37,stored_logits,sdc_native,pooled_dice,0.3660085383500066,0.44052532137065015,0.08788166445533507,0.43940832227667537
P1,F2,37,stored_logits,sdc_native,pooled_iou,0.5127172828136519,0.6025420386109772,0.12030420910376331,0.6015210455188166
P1,F2,37,stored_logits,sdc_exact,mean_tile_miou,0.3446873116592728,0.390615662411636,0.07803254677036352,0.39016273385181754
P1,F2,37,stored_logits,sdc_exact,mean_tile_dice,0.4922478428346586,0.6522612962806899,0.13026111080259206,0.6513055540129603
P1,F2,37,stored_logits,sdc_exact,mean_tile_iou,0.5893060803159069,0.7435700805921526,0.14844312240831964,0.7422156120415981
P1,F2,37,stored_logits,sdc_exact,pooled_miou,0.3090843957920339,0.34075853057014066,0.06807740413048832,0.3403870206524416
P1,F2,37,stored_logits,sdc_exact,pooled_dice,0.3660085383500066,0.44052532137065015,0.08788166445533507,0.43940832227667537
P1,F2,37,stored_logits,sdc_exact,pooled_iou,0.5127172828136519,0.6025420386109772,0.12030420910376331,0.6015210455188166
P1,F2,37,stored_logits,fit_miou_exact,mean_tile_miou,0.3121323894266283,0.34838610056662395,0.06992518692106048,0.3496259346053024
P1,F2,37,stored_logits,fit_miou_exact,mean_tile_dice,0.5329326910679772,0.6632218797558768,0.13223730812389106,0.6611865406194553
P1,F2,37,stored_logits,fit_miou_exact,mean_tile_iou,0.6262743196658126,0.753647320196927,0.15037581646103287,0.7518790823051643
P1,F2,37,stored_logits,fit_miou_exact,pooled_miou,0.27416270645882146,0.31894984620820893,0.06269199312512354,0.3134599656256177
P1,F2,37,stored_logits,fit_miou_exact,pooled_dice,0.35586397795093755,0.4169876807374429,0.08171879988517333,0.40859399942586666
P1,F2,37,stored_logits,fit_miou_exact,pooled_iou,0.5037605329100656,0.5822961263841537,0.11494518308169538,0.5747259154084768
P1,F2,37,stored_logits,fit_dice_exact,mean_tile_miou,0.3293398145701508,0.38567000410548086,0.07707284508891135,0.38536422544455673
P1,F2,37,stored_logits,fit_dice_exact,mean_tile_dice,0.478108901057297,0.6441366836195191,0.12829517689122721,0.641475884456136
P1,F2,37,stored_logits,fit_dice_exact,mean_tile_iou,0.5770947970135599,0.7367517207953059,0.14699532767153173,0.7349766383576586
P1,F2,37,stored_logits,fit_dice_exact,pooled_miou,0.2893726006232986,0.3347020022357627,0.06714617117545262,0.33573085587726303
P1,F2,37,stored_logits,fit_dice_exact,pooled_dice,0.3468314861166852,0.4314775439645919,0.08645659673842294,0.4322829836921147
P1,F2,37,stored_logits,fit_dice_exact,pooled_iou,0.4924061872057797,0.5940494795932619,0.11895916573664461,0.594795828683223
P1,F2,37,stored_logits,fit_iou_exact,mean_tile_miou,0.3269755554619482,0.38373663886557624,0.07654321434839845,0.38271607174199224
P1,F2,37,stored_logits,fit_iou_exact,mean_tile_dice,0.47757684737687534,0.6387180285607835,0.127719007841019,0.638595039205095
P1,F2,37,stored_logits,fit_iou_exact,mean_tile_iou,0.5766809537647984,0.7334995020754741,0.1465686688197732,0.732843344098866
P1,F2,37,stored_logits,fit_iou_exact,pooled_miou,0.28563977533996693,0.334102186515713,0.06685314463135217,0.33426572315676084
P1,F2,37,stored_logits,fit_iou_exact,pooled_dice,0.34355441328533903,0.42908687675621865,0.08586394648337095,0.4293197324168547
P1,F2,37,stored_logits,fit_iou_exact,pooled_iou,0.488998277205834,0.5918238020718073,0.1184000314972502,0.592000157486251
P1,F2,37,original_audit,legacy_self_overlap,mean_tile_miou,0.344863302336625,0.3905890799470592,0.07802796334820844,0.3901398167410422
P1,F2,37,original_audit,legacy_self_overlap,mean_tile_dice,0.4922478428346586,0.6522612962806899,0.13026111080259206,0.6513055540129603
P1,F2,37,original_audit,legacy_self_overlap,mean_tile_iou,0.5893060803159069,0.7435700805921526,0.14844312240831964,0.7422156120415981
P1,F2,37,original_audit,legacy_self_overlap,pooled_miou,0.3090743510542556,0.34063966706781185,0.06806785445613064,0.3403392722806532
P1,F2,37,original_audit,legacy_self_overlap,pooled_dice,0.3659341751708513,0.4401532778639807,0.08781655684166792,0.43908278420833957
P1,F2,37,original_audit,legacy_self_overlap,pooled_iou,0.5126273490061238,0.602092094543389,0.12022546889193539,0.6011273444596769
P1,F2,37,original_audit,frozen_v2,mean_tile_miou,0.3103361851095103,0.34838610056662395,0.06969898515890144,0.3484949257945072
P1,F2,37,original_audit,frozen_v2,mean_tile_dice,0.5340493604370024,0.6632218797558768,0.13224676521907672,0.6612338260953835
P1,F2,37,original_audit,frozen_v2,mean_tile_iou,0.6270395278203416,0.753647320196927,0.1503805951725557,0.7519029758627784
P1,F2,37,original_audit,frozen_v2,pooled_miou,0.27402049382550175,0.31894984620820893,0.0626075522849632,0.313037761424816
P1,F2,37,original_audit,frozen_v2,pooled_dice,0.3556345462613967,0.4169876807374429,0.08157960362518857,0.40789801812594284
P1,F2,37,original_audit,frozen_v2,pooled_iou,0.5034947574888861,0.5822961263841537,0.11478509564552591,0.5739254782276295
P1,F2,37,original_audit,sdc_native,mean_tile_miou,0.3446873116592728,0.390615662411636,0.07803254677036352,0.39016273385181754
P1,F2,37,original_audit,sdc_native,mean_tile_dice,0.4922478428346586,0.6522612962806899,0.13026111080259206,0.6513055540129603
P1,F2,37,original_audit,sdc_native,mean_tile_iou,0.5893060803159069,0.7435700805921526,0.14844312240831964,0.7422156120415981
P1,F2,37,original_audit,sdc_native,pooled_miou,0.3090843957920339,0.34075853057014066,0.06807740413048832,0.3403870206524416
P1,F2,37,original_audit,sdc_native,pooled_dice,0.3660085383500066,0.44052532137065015,0.08788166445533507,0.43940832227667537
P1,F2,37,original_audit,sdc_native,pooled_iou,0.5127172828136519,0.6025420386109772,0.12030420910376331,0.6015210455188166
P1,F2,37,original_audit,sdc_exact,mean_tile_miou,0.3446873116592728,0.390615662411636,0.07803254677036352,0.39016273385181754
P1,F2,37,original_audit,sdc_exact,mean_tile_dice,0.4922478428346586,0.6522612962806899,0.13026111080259206,0.6513055540129603
P1,F2,37,original_audit,sdc_exact,mean_tile_iou,0.5893060803159069,0.7435700805921526,0.14844312240831964,0.7422156120415981
P1,F2,37,original_audit,sdc_exact,pooled_miou,0.3090843957920339,0.34075853057014066,0.06807740413048832,0.3403870206524416
P1,F2,37,original_audit,sdc_exact,pooled_dice,0.3660085383500066,0.44052532137065015,0.08788166445533507,0.43940832227667537
P1,F2,37,original_audit,sdc_exact,pooled_iou,0.5127172828136519,0.6025420386109772,0.12030420910376331,0.6015210455188166
P1,F2,37,original_audit,fit_miou_exact,mean_tile_miou,0.3121323894266283,0.34838610056662395,0.06992518692106048,0.3496259346053024
P1,F2,37,original_audit,fit_miou_exact,mean_tile_dice,0.5329326910679772,0.6632218797558768,0.13223730812389106,0.6611865406194553
P1,F2,37,original_audit,fit_miou_exact,mean_tile_iou,0.6262743196658126,0.753647320196927,0.15037581646103287,0.7518790823051643
P1,F2,37,original_audit,fit_miou_exact,pooled_miou,0.27416270645882146,0.31894984620820893,0.06269199312512354,0.3134599656256177
P1,F2,37,original_audit,fit_miou_exact,pooled_dice,0.35586397795093755,0.4169876807374429,0.08171879988517333,0.40859399942586666
P1,F2,37,original_audit,fit_miou_exact,pooled_iou,0.5037605329100656,0.5822961263841537,0.11494518308169538,0.5747259154084768
P1,F2,37,original_audit,fit_dice_exact,mean_tile_miou,0.3293398145701508,0.38567000410548086,0.07707284508891135,0.38536422544455673
P1,F2,37,original_audit,fit_dice_exact,mean_tile_dice,0.478108901057297,0.6441366836195191,0.12829517689122721,0.641475884456136
P1,F2,37,original_audit,fit_dice_exact,mean_tile_iou,0.5770947970135599,0.7367517207953059,0.14699532767153173,0.7349766383576586
P1,F2,37,original_audit,fit_dice_exact,pooled_miou,0.2893726006232986,0.3347020022357627,0.06714617117545262,0.33573085587726303
P1,F2,37,original_audit,fit_dice_exact,pooled_dice,0.3468314861166852,0.4314775439645919,0.08645659673842294,0.4322829836921147
P1,F2,37,original_audit,fit_dice_exact,pooled_iou,0.4924061872057797,0.5940494795932619,0.11895916573664461,0.594795828683223
P1,F2,37,original_audit,fit_iou_exact,mean_tile_miou,0.3269755554619482,0.38373663886557624,0.07654321434839845,0.38271607174199224
P1,F2,37,original_audit,fit_iou_exact,mean_tile_dice,0.47757684737687534,0.6387180285607835,0.127719007841019,0.638595039205095
P1,F2,37,original_audit,fit_iou_exact,mean_tile_iou,0.5766809537647984,0.7334995020754741,0.1465686688197732,0.732843344098866
P1,F2,37,original_audit,fit_iou_exact,pooled_miou,0.28563977533996693,0.334102186515713,0.06685314463135217,0.33426572315676084
P1,F2,37,original_audit,fit_iou_exact,pooled_dice,0.34355441328533903,0.42908687675621865,0.08586394648337095,0.4293197324168547
P1,F2,37,original_audit,fit_iou_exact,pooled_iou,0.488998277205834,0.5918238020718073,0.1184000314972502,0.592000157486251
P1,F2,71,stored_logits,legacy_self_overlap,mean_tile_miou,0.33562910201066554,0.3786261783948121,0.07565746439900219,0.3782873219950109
P1,F2,71,stored_logits,legacy_self_overlap,mean_tile_dice,0.4843405990800537,0.6421577305165774,0.12815686802712078,0.6407843401356039
P1,F2,71,stored_logits,legacy_self_overlap,mean_tile_iou,0.5838640209508844,0.7366452592290204,0.14708221084427922,0.7354110542213961
P1,F2,71,stored_logits,legacy_self_overlap,pooled_miou,0.29983265610584847,0.3333345998242075,0.06664826568194981,0.33324132840974907
P1,F2,71,stored_logits,legacy_self_overlap,pooled_dice,0.3559878901476507,0.43038306796076736,0.08593663481883779,0.42968317409418894
P1,F2,71,stored_logits,legacy_self_overlap,pooled_iou,0.5048929083560192,0.5954363099129866,0.11896156176517485,0.5948078088258743
P1,F2,71,stored_logits,frozen_v2,mean_tile_miou,0.3110987042055188,0.3437925014772684,0.06897807860193217,0.34489039300966085
P1,F2,71,stored_logits,frozen_v2,mean_tile_dice,0.5169507680548449,0.6492243383951091,0.12948824705808776,0.6474412352904387
P1,F2,71,stored_logits,frozen_v2,mean_tile_iou,0.6118798464371442,0.7421664671151191,0.14813440534332442,0.740672026716622
P1,F2,71,stored_logits,frozen_v2,pooled_miou,0.2613320710479413,0.3140149958603723,0.06307881525437589,0.31539407627187943
P1,F2,71,stored_logits,frozen_v2,pooled_dice,0.32856353204478295,0.4116327554768149,0.08260085153595213,0.4130042576797606
P1,F2,71,stored_logits,frozen_v2,pooled_iou,0.4738299474268822,0.5763587528755879,0.11553540298719034,0.5776770149359517
P1,F2,71,stored_logits,sdc_native,mean_tile_miou,0.3356997389913346,0.378652760859389,0.07578536165016787,0.37892680825083935
P1,F2,71,stored_logits,sdc_native,mean_tile_dice,0.4843405990800537,0.6421577305165774,0.12815686802712078,0.6407843401356039
P1,F2,71,stored_logits,sdc_native,mean_tile_iou,0.5838640209508844,0.7366452592290204,0.14708221084427922,0.7354110542213961
P1,F2,71,stored_logits,sdc_native,pooled_miou,0.29980441841587363,0.3334273341688349,0.06664463945631573,0.3332231972815786
P1,F2,71,stored_logits,sdc_native,pooled_dice,0.35607915442562954,0.4307481244959665,0.0860096685306117,0.4300483426530585
P1,F2,71,stored_logits,sdc_native,pooled_iou,0.5049978731780133,0.5958561681949789,0.11904555921113476,0.5952277960556738
P1,F2,71,stored_logits,sdc_exact,mean_tile_miou,0.3356997389913346,0.378652760859389,0.07578536165016787,0.37892680825083935
P1,F2,71,stored_logits,sdc_exact,mean_tile_dice,0.4843405990800537,0.6421577305165774,0.12815686802712078,0.6407843401356039
P1,F2,71,stored_logits,sdc_exact,mean_tile_iou,0.5838640209508844,0.7366452592290204,0.14708221084427922,0.7354110542213961
P1,F2,71,stored_logits,sdc_exact,pooled_miou,0.29980441841587363,0.3334273341688349,0.06664463945631573,0.3332231972815786
P1,F2,71,stored_logits,sdc_exact,pooled_dice,0.35607915442562954,0.4307481244959665,0.0860096685306117,0.4300483426530585
P1,F2,71,stored_logits,sdc_exact,pooled_iou,0.5049978731780133,0.5958561681949789,0.11904555921113476,0.5952277960556738
P1,F2,71,stored_logits,fit_miou_exact,mean_tile_miou,0.3134786937281848,0.3437925014772684,0.069831776420625,0.349158882103125
P1,F2,71,stored_logits,fit_miou_exact,mean_tile_dice,0.5169239536643377,0.6492243383951091,0.12924061583602986,0.6462030791801493
P1,F2,71,stored_logits,fit_miou_exact,mean_tile_iou,0.611931152060635,0.7421664671151191,0.14796485035766005,0.7398242517883002
P1,F2,71,stored_logits,fit_miou_exact,pooled_miou,0.2620748979522699,0.3140149958603723,0.06355952571956147,0.31779762859780736
P1,F2,71,stored_logits,fit_miou_exact,pooled_dice,0.3296773687158825,0.4116327554768149,0.08329603751043341,0.41648018755216704
P1,F2,71,stored_logits,fit_miou_exact,pooled_iou,0.47506959733074333,0.5763587528755879,0.11629766189345055,0.5814883094672527
P1,F2,71,stored_logits,fit_dice_exact,mean_tile_miou,0.32153904038353504,0.3702485730497809,0.07446423465876462,0.3723211732938231
P1,F2,71,stored_logits,fit_dice_exact,mean_tile_dice,0.4674165831696188,0.6338773239157622,0.1265484070776584,0.632742035388292
P1,F2,71,stored_logits,fit_dice_exact,mean_tile_iou,0.5685669700120273,0.7300288171214161,0.14582088113068326,0.7291044056534163
P1,F2,71,stored_logits,fit_dice_exact,pooled_miou,0.28626377108358936,0.32945744378876934,0.06603656649528457,0.3301828324764228
P1,F2,71,stored_logits,fit_dice_exact,pooled_dice,0.34253249988538653,0.42535764974145934,0.0851479200946182,0.425739600473091
P1,F2,71,stored_logits,fit_dice_exact,pooled_iou,0.48994977384714067,0.5903907452560094,0.11815676408369578,0.5907838204184789
P1,F2,71,stored_logits,fit_iou_exact,mean_tile_miou,0.3201235800958792,0.37073300470624293,0.07444317211123706,0.3722158605561853
P1,F2,71,stored_logits,fit_iou_exact,mean_tile_dice,0.46911672244425906,0.6355895308419275,0.1266003302512052,0.633001651256026
P1,F2,71,stored_logits,fit_iou_exact,mean_tile_iou,0.5699071497596915,0.7311482968980139,0.14585088223831616,0.7292544111915807
P1,F2,71,stored_logits,fit_iou_exact,pooled_miou,0.28180339413155053,0.32997667904901157,0.06592342315412816,0.3296171157706408
P1,F2,71,stored_logits,fit_iou_exact,pooled_dice,0.33770376238231975,0.4250506484174426,0.0849275375458087,0.4246376877290435
P1,F2,71,stored_logits,fit_iou_exact,pooled_iou,0.4844760051536353,0.5901288722502507,0.11793245367335708,0.5896622683667854
P1,F2,71,original_audit,legacy_self_overlap,mean_tile_miou,0.33562910201066554,0.3786261783948121,0.07565746439900219,0.3782873219950109
P1,F2,71,original_audit,legacy_self_overlap,mean_tile_dice,0.4843405990800537,0.6421577305165774,0.12815686802712078,0.6407843401356039
P1,F2,71,original_audit,legacy_self_overlap,mean_tile_iou,0.5838640209508844,0.7366452592290204,0.14708221084427922,0.7354110542213961
P1,F2,71,original_audit,legacy_self_overlap,pooled_miou,0.29983265610584847,0.3333345998242075,0.06664826568194981,0.33324132840974907
P1,F2,71,original_audit,legacy_self_overlap,pooled_dice,0.3559878901476507,0.43038306796076736,0.08593663481883779,0.42968317409418894
P1,F2,71,original_audit,legacy_self_overlap,pooled_iou,0.5048929083560192,0.5954363099129866,0.11896156176517485,0.5948078088258743
P1,F2,71,original_audit,frozen_v2,mean_tile_miou,0.3110987042055188,0.3437925014772684,0.06897807860193217,0.34489039300966085
P1,F2,71,original_audit,frozen_v2,mean_tile_dice,0.5169507680548449,0.6492243383951091,0.12948824705808776,0.6474412352904387
P1,F2,71,original_audit,frozen_v2,mean_tile_iou,0.6118798464371442,0.7421664671151191,0.14813440534332442,0.740672026716622
P1,F2,71,original_audit,frozen_v2,pooled_miou,0.2613320710479413,0.3140149958603723,0.06307881525437589,0.31539407627187943
P1,F2,71,original_audit,frozen_v2,pooled_dice,0.32856353204478295,0.4116327554768149,0.08260085153595213,0.4130042576797606
P1,F2,71,original_audit,frozen_v2,pooled_iou,0.4738299474268822,0.5763587528755879,0.11553540298719034,0.5776770149359517
P1,F2,71,original_audit,sdc_native,mean_tile_miou,0.3356997389913346,0.378652760859389,0.07578536165016787,0.37892680825083935
P1,F2,71,original_audit,sdc_native,mean_tile_dice,0.4843405990800537,0.6421577305165774,0.12815686802712078,0.6407843401356039
P1,F2,71,original_audit,sdc_native,mean_tile_iou,0.5838640209508844,0.7366452592290204,0.14708221084427922,0.7354110542213961
P1,F2,71,original_audit,sdc_native,pooled_miou,0.29980441841587363,0.3334273341688349,0.06664463945631573,0.3332231972815786
P1,F2,71,original_audit,sdc_native,pooled_dice,0.35607915442562954,0.4307481244959665,0.0860096685306117,0.4300483426530585
P1,F2,71,original_audit,sdc_native,pooled_iou,0.5049978731780133,0.5958561681949789,0.11904555921113476,0.5952277960556738
P1,F2,71,original_audit,sdc_exact,mean_tile_miou,0.3356997389913346,0.378652760859389,0.07578536165016787,0.37892680825083935
P1,F2,71,original_audit,sdc_exact,mean_tile_dice,0.4843405990800537,0.6421577305165774,0.12815686802712078,0.6407843401356039
P1,F2,71,original_audit,sdc_exact,mean_tile_iou,0.5838640209508844,0.7366452592290204,0.14708221084427922,0.7354110542213961
P1,F2,71,original_audit,sdc_exact,pooled_miou,0.29980441841587363,0.3334273341688349,0.06664463945631573,0.3332231972815786
P1,F2,71,original_audit,sdc_exact,pooled_dice,0.35607915442562954,0.4307481244959665,0.0860096685306117,0.4300483426530585
P1,F2,71,original_audit,sdc_exact,pooled_iou,0.5049978731780133,0.5958561681949789,0.11904555921113476,0.5952277960556738
P1,F2,71,original_audit,fit_miou_exact,mean_tile_miou,0.3134786937281848,0.3437925014772684,0.069831776420625,0.349158882103125
P1,F2,71,original_audit,fit_miou_exact,mean_tile_dice,0.5169239536643377,0.6492243383951091,0.12924061583602986,0.6462030791801493
P1,F2,71,original_audit,fit_miou_exact,mean_tile_iou,0.611931152060635,0.7421664671151191,0.14796485035766005,0.7398242517883002
P1,F2,71,original_audit,fit_miou_exact,pooled_miou,0.2620748979522699,0.3140149958603723,0.06355952571956147,0.31779762859780736
P1,F2,71,original_audit,fit_miou_exact,pooled_dice,0.3296773687158825,0.4116327554768149,0.08329603751043341,0.41648018755216704
P1,F2,71,original_audit,fit_miou_exact,pooled_iou,0.47506959733074333,0.5763587528755879,0.11629766189345055,0.5814883094672527
P1,F2,71,original_audit,fit_dice_exact,mean_tile_miou,0.32153904038353504,0.3702485730497809,0.07446423465876462,0.3723211732938231
P1,F2,71,original_audit,fit_dice_exact,mean_tile_dice,0.4674165831696188,0.6338773239157622,0.1265484070776584,0.632742035388292
P1,F2,71,original_audit,fit_dice_exact,mean_tile_iou,0.5685669700120273,0.7300288171214161,0.14582088113068326,0.7291044056534163
P1,F2,71,original_audit,fit_dice_exact,pooled_miou,0.28626377108358936,0.32945744378876934,0.06603656649528457,0.3301828324764228
P1,F2,71,original_audit,fit_dice_exact,pooled_dice,0.34253249988538653,0.42535764974145934,0.0851479200946182,0.425739600473091
P1,F2,71,original_audit,fit_dice_exact,pooled_iou,0.48994977384714067,0.5903907452560094,0.11815676408369578,0.5907838204184789
P1,F2,71,original_audit,fit_iou_exact,mean_tile_miou,0.3201235800958792,0.37073300470624293,0.07444317211123706,0.3722158605561853
P1,F2,71,original_audit,fit_iou_exact,mean_tile_dice,0.46911672244425906,0.6355895308419275,0.1266003302512052,0.633001651256026
P1,F2,71,original_audit,fit_iou_exact,mean_tile_iou,0.5699071497596915,0.7311482968980139,0.14585088223831616,0.7292544111915807
P1,F2,71,original_audit,fit_iou_exact,pooled_miou,0.28180339413155053,0.32997667904901157,0.06592342315412816,0.3296171157706408
P1,F2,71,original_audit,fit_iou_exact,pooled_dice,0.33770376238231975,0.4250506484174426,0.0849275375458087,0.4246376877290435
P1,F2,71,original_audit,fit_iou_exact,pooled_iou,0.4844760051536353,0.5901288722502507,0.11793245367335708,0.5896622683667854
P1,F3,13,stored_logits,legacy_self_overlap,mean_tile_miou,0.3453940656801722,0.416330636670845,0.08324192805435077,0.41620964027175383
P1,F3,13,stored_logits,legacy_self_overlap,mean_tile_dice,0.4782229502933827,0.6243696567354085,0.12499883665561469,0.6249941832780734
P1,F3,13,stored_logits,legacy_self_overlap,mean_tile_iou,0.5612423306482858,0.7153089084969396,0.14313672063064461,0.715683603153223
P1,F3,13,stored_logits,legacy_self_overlap,pooled_miou,0.31412434939511785,0.36566694021782997,0.07322641314646772,0.3661320657323386
P1,F3,13,stored_logits,legacy_self_overlap,pooled_dice,0.377139651168175,0.46724020330011595,0.09364272493332858,0.46821362466664285
P1,F3,13,stored_logits,legacy_self_overlap,pooled_iou,0.5020997317079613,0.6191241726971727,0.12401362175962259,0.6200681087981129
P1,F3,13,stored_logits,frozen_v2,mean_tile_miou,0.3338600023240188,0.41692683030210154,0.08323884892010482,0.41619424460052407
P1,F3,13,stored_logits,frozen_v2,mean_tile_dice,0.4600309933473343,0.6271082214368762,0.12540693995449015,0.6270346997724507
P1,F3,13,stored_logits,frozen_v2,mean_tile_iou,0.5472962611704185,0.7174693566837483,0.1434304392920572,0.7171521964602859
P1,F3,13,stored_logits,frozen_v2,pooled_miou,0.29822578741513295,0.36490448300193856,0.07280134910248329,0.3640067455124164
P1,F3,13,stored_logits,frozen_v2,pooled_dice,0.3571642746538202,0.46660322730823844,0.09325747626597364,0.4662873813298682
P1,F3,13,stored_logits,frozen_v2,pooled_iou,0.4815394662331948,0.618717715232544,0.12367310697756798,0.6183655348878399
P1,F3,13,stored_logits,sdc_native,mean_tile_miou,0.3453940656801722,0.416330636670845,0.08324192805435077,0.41620964027175383
P1,F3,13,stored_logits,sdc_native,mean_tile_dice,0.4782229502933827,0.6243696567354085,0.12499883665561469,0.6249941832780734
P1,F3,13,stored_logits,sdc_native,mean_tile_iou,0.5612423306482858,0.7153089084969396,0.14313672063064461,0.715683603153223
P1,F3,13,stored_logits,sdc_native,pooled_miou,0.31412434939511785,0.36566694021782997,0.07322641314646772,0.3661320657323386
P1,F3,13,stored_logits,sdc_native,pooled_dice,0.377139651168175,0.46724020330011595,0.09364272493332858,0.46821362466664285
P1,F3,13,stored_logits,sdc_native,pooled_iou,0.5020997317079613,0.6191241726971727,0.12401362175962259,0.6200681087981129
P1,F3,13,stored_logits,sdc_exact,mean_tile_miou,0.3453940656801722,0.416330636670845,0.08324192805435077,0.41620964027175383
P1,F3,13,stored_logits,sdc_exact,mean_tile_dice,0.4782229502933827,0.6243696567354085,0.12499883665561469,0.6249941832780734
P1,F3,13,stored_logits,sdc_exact,mean_tile_iou,0.5612423306482858,0.7153089084969396,0.14313672063064461,0.715683603153223
P1,F3,13,stored_logits,sdc_exact,pooled_miou,0.31412434939511785,0.36566694021782997,0.07322641314646772,0.3661320657323386
P1,F3,13,stored_logits,sdc_exact,pooled_dice,0.377139651168175,0.46724020330011595,0.09364272493332858,0.46821362466664285
P1,F3,13,stored_logits,sdc_exact,pooled_iou,0.5020997317079613,0.6191241726971727,0.12401362175962259,0.6200681087981129
P1,F3,13,stored_logits,fit_miou_exact,mean_tile_miou,0.3338597739355608,0.41692683030210154,0.08323873472587581,0.41619367362937904
P1,F3,13,stored_logits,fit_miou_exact,mean_tile_dice,0.4600309933473343,0.6271082214368762,0.12540693995449015,0.6270346997724507
P1,F3,13,stored_logits,fit_miou_exact,mean_tile_iou,0.5472962611704185,0.7174693566837483,0.1434304392920572,0.7171521964602859
P1,F3,13,stored_logits,fit_miou_exact,pooled_miou,0.2982242152580127,0.36490448300193856,0.07280056302392317,0.3640028151196158
P1,F3,13,stored_logits,fit_miou_exact,pooled_dice,0.35716218943116845,0.46660322730823844,0.09325643365464777,0.4662821682732388
P1,F3,13,stored_logits,fit_miou_exact,pooled_iou,0.481537490256184,0.618717715232544,0.12367211898906255,0.6183605949453127
P1,F3,13,stored_logits,fit_dice_exact,mean_tile_miou,0.3460334867613604,0.416339251464269,0.0832429600492991,0.4162148002464955
P1,F3,13,stored_logits,fit_dice_exact,mean_tile_dice,0.4801706861412359,0.624268865887093,0.1250013193271794,0.625006596635897
P1,F3,13,stored_logits,fit_dice_exact,mean_tile_iou,0.5625915571379565,0.7152550078507051,0.1431195621204275,0.7155978106021375
P1,F3,13,stored_logits,fit_dice_exact,pooled_miou,0.314362322823324,0.3658460122018012,0.07327044154726323,0.3663522077363161
P1,F3,13,stored_logits,fit_dice_exact,pooled_dice,0.3785296739680307,0.46745028541068934,0.09369660988312499,0.4684830494156249
P1,F3,13,stored_logits,fit_dice_exact,pooled_iou,0.5027584993798699,0.6193729955639746,0.12407487783970067,0.6203743891985033
P1,F3,13,stored_logits,fit_iou_exact,mean_tile_miou,0.342325560268928,0.4162077799620565,0.08321818670541115,0.41609093352705573
P1,F3,13,stored_logits,fit_iou_exact,mean_tile_dice,0.4726810374604928,0.6240919019208616,0.1247778175156599,0.6238890875782995
P1,F3,13,stored_logits,fit_iou_exact,mean_tile_iou,0.5567117578766552,0.7151632532049701,0.14297132128361853,0.7148566064180926
P1,F3,13,stored_logits,fit_iou_exact,pooled_miou,0.3106472720396157,0.36560293564782387,0.07330572823417639,0.3665286411708819
P1,F3,13,stored_logits,fit_iou_exact,pooled_dice,0.37291465110493394,0.4671730124341442,0.09377170378350314,0.4688585189175157
P1,F3,13,stored_logits,fit_iou_exact,pooled_iou,0.49760661740981943,0.6190445233603028,0.12416217157140891,0.6208108578570445
P1,F3,13,original_audit,legacy_self_overlap,mean_tile_miou,0.3453940656801722,0.416330636670845,0.08324192805435077,0.41620964027175383
P1,F3,13,original_audit,legacy_self_overlap,mean_tile_dice,0.4782229502933827,0.6243696567354085,0.12499883665561469,0.6249941832780734
P1,F3,13,original_audit,legacy_self_overlap,mean_tile_iou,0.5612423306482858,0.7153089084969396,0.14313672063064461,0.715683603153223
P1,F3,13,original_audit,legacy_self_overlap,pooled_miou,0.31412434939511785,0.36566694021782997,0.07322641314646772,0.3661320657323386
P1,F3,13,original_audit,legacy_self_overlap,pooled_dice,0.377139651168175,0.46724020330011595,0.09364272493332858,0.46821362466664285
P1,F3,13,original_audit,legacy_self_overlap,pooled_iou,0.5020997317079613,0.6191241726971727,0.12401362175962259,0.6200681087981129
P1,F3,13,original_audit,frozen_v2,mean_tile_miou,0.3338600023240188,0.41692683030210154,0.08323884892010482,0.41619424460052407
P1,F3,13,original_audit,frozen_v2,mean_tile_dice,0.4600309933473343,0.6271082214368762,0.12540693995449015,0.6270346997724507
P1,F3,13,original_audit,frozen_v2,mean_tile_iou,0.5472962611704185,0.7174693566837483,0.1434304392920572,0.7171521964602859
P1,F3,13,original_audit,frozen_v2,pooled_miou,0.29822578741513295,0.36490448300193856,0.07280134910248329,0.3640067455124164
P1,F3,13,original_audit,frozen_v2,pooled_dice,0.3571642746538202,0.46660322730823844,0.09325747626597364,0.4662873813298682
P1,F3,13,original_audit,frozen_v2,pooled_iou,0.4815394662331948,0.618717715232544,0.12367310697756798,0.6183655348878399
P1,F3,13,original_audit,sdc_native,mean_tile_miou,0.3453940656801722,0.416330636670845,0.08324192805435077,0.41620964027175383
P1,F3,13,original_audit,sdc_native,mean_tile_dice,0.4782229502933827,0.6243696567354085,0.12499883665561469,0.6249941832780734
P1,F3,13,original_audit,sdc_native,mean_tile_iou,0.5612423306482858,0.7153089084969396,0.14313672063064461,0.715683603153223
P1,F3,13,original_audit,sdc_native,pooled_miou,0.31412434939511785,0.36566694021782997,0.07322641314646772,0.3661320657323386
P1,F3,13,original_audit,sdc_native,pooled_dice,0.377139651168175,0.46724020330011595,0.09364272493332858,0.46821362466664285
P1,F3,13,original_audit,sdc_native,pooled_iou,0.5020997317079613,0.6191241726971727,0.12401362175962259,0.6200681087981129
P1,F3,13,original_audit,sdc_exact,mean_tile_miou,0.3453940656801722,0.416330636670845,0.08324192805435077,0.41620964027175383
P1,F3,13,original_audit,sdc_exact,mean_tile_dice,0.4782229502933827,0.6243696567354085,0.12499883665561469,0.6249941832780734
P1,F3,13,original_audit,sdc_exact,mean_tile_iou,0.5612423306482858,0.7153089084969396,0.14313672063064461,0.715683603153223
P1,F3,13,original_audit,sdc_exact,pooled_miou,0.31412434939511785,0.36566694021782997,0.07322641314646772,0.3661320657323386
P1,F3,13,original_audit,sdc_exact,pooled_dice,0.377139651168175,0.46724020330011595,0.09364272493332858,0.46821362466664285
P1,F3,13,original_audit,sdc_exact,pooled_iou,0.5020997317079613,0.6191241726971727,0.12401362175962259,0.6200681087981129
P1,F3,13,original_audit,fit_miou_exact,mean_tile_miou,0.3338597739355608,0.41692683030210154,0.08323873472587581,0.41619367362937904
P1,F3,13,original_audit,fit_miou_exact,mean_tile_dice,0.4600309933473343,0.6271082214368762,0.12540693995449015,0.6270346997724507
P1,F3,13,original_audit,fit_miou_exact,mean_tile_iou,0.5472962611704185,0.7174693566837483,0.1434304392920572,0.7171521964602859
P1,F3,13,original_audit,fit_miou_exact,pooled_miou,0.2982242152580127,0.36490448300193856,0.07280056302392317,0.3640028151196158
P1,F3,13,original_audit,fit_miou_exact,pooled_dice,0.35716218943116845,0.46660322730823844,0.09325643365464777,0.4662821682732388
P1,F3,13,original_audit,fit_miou_exact,pooled_iou,0.481537490256184,0.618717715232544,0.12367211898906255,0.6183605949453127
P1,F3,13,original_audit,fit_dice_exact,mean_tile_miou,0.3460334867613604,0.416339251464269,0.0832429600492991,0.4162148002464955
P1,F3,13,original_audit,fit_dice_exact,mean_tile_dice,0.4801706861412359,0.624268865887093,0.1250013193271794,0.625006596635897
P1,F3,13,original_audit,fit_dice_exact,mean_tile_iou,0.5625915571379565,0.7152550078507051,0.1431195621204275,0.7155978106021375
P1,F3,13,original_audit,fit_dice_exact,pooled_miou,0.314362322823324,0.3658460122018012,0.07327044154726323,0.3663522077363161
P1,F3,13,original_audit,fit_dice_exact,pooled_dice,0.3785296739680307,0.46745028541068934,0.09369660988312499,0.4684830494156249
P1,F3,13,original_audit,fit_dice_exact,pooled_iou,0.5027584993798699,0.6193729955639746,0.12407487783970067,0.6203743891985033
P1,F3,13,original_audit,fit_iou_exact,mean_tile_miou,0.342325560268928,0.4162077799620565,0.08321818670541115,0.41609093352705573
P1,F3,13,original_audit,fit_iou_exact,mean_tile_dice,0.4726810374604928,0.6240919019208616,0.1247778175156599,0.6238890875782995
P1,F3,13,original_audit,fit_iou_exact,mean_tile_iou,0.5567117578766552,0.7151632532049701,0.14297132128361853,0.7148566064180926
P1,F3,13,original_audit,fit_iou_exact,pooled_miou,0.3106472720396157,0.36560293564782387,0.07330572823417639,0.3665286411708819
P1,F3,13,original_audit,fit_iou_exact,pooled_dice,0.37291465110493394,0.4671730124341442,0.09377170378350314,0.4688585189175157
P1,F3,13,original_audit,fit_iou_exact,pooled_iou,0.49760661740981943,0.6190445233603028,0.12416217157140891,0.6208108578570445
P1,F3,37,stored_logits,legacy_self_overlap,mean_tile_miou,0.3248931437952762,0.41093290984774716,0.08212262457576265,0.41061312287881324
P1,F3,37,stored_logits,legacy_self_overlap,mean_tile_dice,0.4525188071825355,0.630819111193185,0.12620195693098174,0.6310097846549086
P1,F3,37,stored_logits,legacy_self_overlap,mean_tile_iou,0.5417522265120586,0.7186099635832492,0.1437222840247404,0.718611420123702
P1,F3,37,stored_logits,legacy_self_overlap,pooled_miou,0.2859302057745033,0.35793583794809325,0.07159005355840643,0.35795026779203215
P1,F3,37,stored_logits,legacy_self_overlap,pooled_dice,0.34690917829098733,0.46548282988108197,0.09317954083135652,0.46589770415678255
P1,F3,37,stored_logits,legacy_self_overlap,pooled_iou,0.47244478763619674,0.6185860971533285,0.1238563685403721,0.6192818427018605
P1,F3,37,stored_logits,frozen_v2,mean_tile_miou,0.31799641505309856,0.4098732431777523,0.08176012175945666,0.40880060879728325
P1,F3,37,stored_logits,frozen_v2,mean_tile_dice,0.4476713627559205,0.6334989422071627,0.12688995044766876,0.6344497522383438
P1,F3,37,stored_logits,frozen_v2,mean_tile_iou,0.5371609003959725,0.7203048663122467,0.1441566050230408,0.720783025115204
P1,F3,37,stored_logits,frozen_v2,pooled_miou,0.27216858066521843,0.35043333884372935,0.06915853758460389,0.3457926879230194
P1,F3,37,stored_logits,frozen_v2,pooled_dice,0.3325252970879566,0.45355127565631953,0.0895740714830032,0.44787035741501596
P1,F3,37,stored_logits,frozen_v2,pooled_iou,0.45547862108954723,0.607675195176547,0.12015295299889972,0.6007647649944986
P1,F3,37,stored_logits,sdc_native,mean_tile_miou,0.3248931437952762,0.41093290984774716,0.08212262457576265,0.41061312287881324
P1,F3,37,stored_logits,sdc_native,mean_tile_dice,0.4525188071825355,0.630819111193185,0.12620195693098174,0.6310097846549086
P1,F3,37,stored_logits,sdc_native,mean_tile_iou,0.5417522265120586,0.7186099635832492,0.1437222840247404,0.718611420123702
P1,F3,37,stored_logits,sdc_native,pooled_miou,0.2859302057745033,0.35793583794809325,0.07159005355840643,0.35795026779203215
P1,F3,37,stored_logits,sdc_native,pooled_dice,0.34690917829098733,0.46548282988108197,0.09317954083135652,0.46589770415678255
P1,F3,37,stored_logits,sdc_native,pooled_iou,0.47244478763619674,0.6185860971533285,0.1238563685403721,0.6192818427018605
P1,F3,37,stored_logits,sdc_exact,mean_tile_miou,0.3248931437952762,0.41093290984774716,0.08212262457576265,0.41061312287881324
P1,F3,37,stored_logits,sdc_exact,mean_tile_dice,0.4525188071825355,0.630819111193185,0.12620195693098174,0.6310097846549086
P1,F3,37,stored_logits,sdc_exact,mean_tile_iou,0.5417522265120586,0.7186099635832492,0.1437222840247404,0.718611420123702
P1,F3,37,stored_logits,sdc_exact,pooled_miou,0.2859302057745033,0.35793583794809325,0.07159005355840643,0.35795026779203215
P1,F3,37,stored_logits,sdc_exact,pooled_dice,0.34690917829098733,0.46548282988108197,0.09317954083135652,0.46589770415678255
P1,F3,37,stored_logits,sdc_exact,pooled_iou,0.47244478763619674,0.6185860971533285,0.1238563685403721,0.6192818427018605
P1,F3,37,stored_logits,fit_miou_exact,mean_tile_miou,0.31799641505309856,0.4098732431777523,0.08176012175945666,0.40880060879728325
P1,F3,37,stored_logits,fit_miou_exact,mean_tile_dice,0.4476713627559205,0.6334989422071627,0.12688995044766876,0.6344497522383438
P1,F3,37,stored_logits,fit_miou_exact,mean_tile_iou,0.5371609003959725,0.7203048663122467,0.1441566050230408,0.720783025115204
P1,F3,37,stored_logits,fit_miou_exact,pooled_miou,0.27216858066521843,0.35043333884372935,0.06915853758460389,0.3457926879230194
P1,F3,37,stored_logits,fit_miou_exact,pooled_dice,0.3325252970879566,0.45355127565631953,0.0895740714830032,0.44787035741501596
P1,F3,37,stored_logits,fit_miou_exact,pooled_iou,0.45547862108954723,0.607675195176547,0.12015295299889972,0.6007647649944986
P1,F3,37,stored_logits,fit_dice_exact,mean_tile_miou,0.3243317545070901,0.4113519293679662,0.0821470889619344,0.410735444809672
P1,F3,37,stored_logits,fit_dice_exact,mean_tile_dice,0.45118128875112945,0.6314240508230149,0.12622444451762835,0.6311222225881417
P1,F3,37,stored_logits,fit_dice_exact,mean_tile_iou,0.5407692805967984,0.7189335597817129,0.14373385078771894,0.7186692539385947
P1,F3,37,stored_logits,fit_dice_exact,pooled_miou,0.28481132702312334,0.3593388348437735,0.07167387595491839,0.35836937977459193
P1,F3,37,stored_logits,fit_dice_exact,pooled_dice,0.3453224110492221,0.46747511750902826,0.0932830701180693,0.4664153505903465
P1,F3,37,stored_logits,fit_dice_exact,pooled_iou,0.4704871810955768,0.6208265619172264,0.12397682211375143,0.6198841105687571
P1,F3,37,stored_logits,fit_iou_exact,mean_tile_miou,0.32391075643396894,0.4110810998991453,0.08209865286246312,0.4104932643123156
P1,F3,37,stored_logits,fit_iou_exact,mean_tile_dice,0.45153658115222517,0.6310569142104063,0.1262407201065817,0.6312036005329084
P1,F3,37,stored_logits,fit_iou_exact,mean_tile_iou,0.5406413573670571,0.7187465590805631,0.14374362626091844,0.7187181313045922
P1,F3,37,stored_logits,fit_iou_exact,pooled_miou,0.28401989054612403,0.3589392519100768,0.0714586461564348,0.35729323078217395
P1,F3,37,stored_logits,fit_iou_exact,pooled_dice,0.34454712519473685,0.46716072589540997,0.09295802015602625,0.4647901007801312
P1,F3,37,stored_logits,fit_iou_exact,pooled_iou,0.4693766455945283,0.6204651177164542,0.12366567998271973,0.6183283999135986
P1,F3,37,original_audit,legacy_self_overlap,mean_tile_miou,0.3248931437952762,0.41093290984774716,0.08212262457576265,0.41061312287881324
P1,F3,37,original_audit,legacy_self_overlap,mean_tile_dice,0.4525188071825355,0.630819111193185,0.12620195693098174,0.6310097846549086
P1,F3,37,original_audit,legacy_self_overlap,mean_tile_iou,0.5417522265120586,0.7186099635832492,0.1437222840247404,0.718611420123702
P1,F3,37,original_audit,legacy_self_overlap,pooled_miou,0.2859302057745033,0.35793583794809325,0.07159005355840643,0.35795026779203215
P1,F3,37,original_audit,legacy_self_overlap,pooled_dice,0.34690917829098733,0.46548282988108197,0.09317954083135652,0.46589770415678255
P1,F3,37,original_audit,legacy_self_overlap,pooled_iou,0.47244478763619674,0.6185860971533285,0.1238563685403721,0.6192818427018605
P1,F3,37,original_audit,frozen_v2,mean_tile_miou,0.31799641505309856,0.4098732431777523,0.08176012175945666,0.40880060879728325
P1,F3,37,original_audit,frozen_v2,mean_tile_dice,0.4476713627559205,0.6334989422071627,0.12688995044766876,0.6344497522383438
P1,F3,37,original_audit,frozen_v2,mean_tile_iou,0.5371609003959725,0.7203048663122467,0.1441566050230408,0.720783025115204
P1,F3,37,original_audit,frozen_v2,pooled_miou,0.27216858066521843,0.35043333884372935,0.06915853758460389,0.3457926879230194
P1,F3,37,original_audit,frozen_v2,pooled_dice,0.3325252970879566,0.45355127565631953,0.0895740714830032,0.44787035741501596
P1,F3,37,original_audit,frozen_v2,pooled_iou,0.45547862108954723,0.607675195176547,0.12015295299889972,0.6007647649944986
P1,F3,37,original_audit,sdc_native,mean_tile_miou,0.3248931437952762,0.41093290984774716,0.08212262457576265,0.41061312287881324
P1,F3,37,original_audit,sdc_native,mean_tile_dice,0.4525188071825355,0.630819111193185,0.12620195693098174,0.6310097846549086
P1,F3,37,original_audit,sdc_native,mean_tile_iou,0.5417522265120586,0.7186099635832492,0.1437222840247404,0.718611420123702
P1,F3,37,original_audit,sdc_native,pooled_miou,0.2859302057745033,0.35793583794809325,0.07159005355840643,0.35795026779203215
P1,F3,37,original_audit,sdc_native,pooled_dice,0.34690917829098733,0.46548282988108197,0.09317954083135652,0.46589770415678255
P1,F3,37,original_audit,sdc_native,pooled_iou,0.47244478763619674,0.6185860971533285,0.1238563685403721,0.6192818427018605
P1,F3,37,original_audit,sdc_exact,mean_tile_miou,0.3248931437952762,0.41093290984774716,0.08212262457576265,0.41061312287881324
P1,F3,37,original_audit,sdc_exact,mean_tile_dice,0.4525188071825355,0.630819111193185,0.12620195693098174,0.6310097846549086
P1,F3,37,original_audit,sdc_exact,mean_tile_iou,0.5417522265120586,0.7186099635832492,0.1437222840247404,0.718611420123702
P1,F3,37,original_audit,sdc_exact,pooled_miou,0.2859302057745033,0.35793583794809325,0.07159005355840643,0.35795026779203215
P1,F3,37,original_audit,sdc_exact,pooled_dice,0.34690917829098733,0.46548282988108197,0.09317954083135652,0.46589770415678255
P1,F3,37,original_audit,sdc_exact,pooled_iou,0.47244478763619674,0.6185860971533285,0.1238563685403721,0.6192818427018605
P1,F3,37,original_audit,fit_miou_exact,mean_tile_miou,0.31799641505309856,0.4098732431777523,0.08176012175945666,0.40880060879728325
P1,F3,37,original_audit,fit_miou_exact,mean_tile_dice,0.4476713627559205,0.6334989422071627,0.12688995044766876,0.6344497522383438
P1,F3,37,original_audit,fit_miou_exact,mean_tile_iou,0.5371609003959725,0.7203048663122467,0.1441566050230408,0.720783025115204
P1,F3,37,original_audit,fit_miou_exact,pooled_miou,0.27216858066521843,0.35043333884372935,0.06915853758460389,0.3457926879230194
P1,F3,37,original_audit,fit_miou_exact,pooled_dice,0.3325252970879566,0.45355127565631953,0.0895740714830032,0.44787035741501596
P1,F3,37,original_audit,fit_miou_exact,pooled_iou,0.45547862108954723,0.607675195176547,0.12015295299889972,0.6007647649944986
P1,F3,37,original_audit,fit_dice_exact,mean_tile_miou,0.3243317545070901,0.4113519293679662,0.0821470889619344,0.410735444809672
P1,F3,37,original_audit,fit_dice_exact,mean_tile_dice,0.45118128875112945,0.6314240508230149,0.12622444451762835,0.6311222225881417
P1,F3,37,original_audit,fit_dice_exact,mean_tile_iou,0.5407692805967984,0.7189335597817129,0.14373385078771894,0.7186692539385947
P1,F3,37,original_audit,fit_dice_exact,pooled_miou,0.28481132702312334,0.3593388348437735,0.07167387595491839,0.35836937977459193
P1,F3,37,original_audit,fit_dice_exact,pooled_dice,0.3453224110492221,0.46747511750902826,0.0932830701180693,0.4664153505903465
P1,F3,37,original_audit,fit_dice_exact,pooled_iou,0.4704871810955768,0.6208265619172264,0.12397682211375143,0.6198841105687571
P1,F3,37,original_audit,fit_iou_exact,mean_tile_miou,0.32391075643396894,0.4110810998991453,0.08209865286246312,0.4104932643123156
P1,F3,37,original_audit,fit_iou_exact,mean_tile_dice,0.45153658115222517,0.6310569142104063,0.1262407201065817,0.6312036005329084
P1,F3,37,original_audit,fit_iou_exact,mean_tile_iou,0.5406413573670571,0.7187465590805631,0.14374362626091844,0.7187181313045922
P1,F3,37,original_audit,fit_iou_exact,pooled_miou,0.28401989054612403,0.3589392519100768,0.0714586461564348,0.35729323078217395
P1,F3,37,original_audit,fit_iou_exact,pooled_dice,0.34454712519473685,0.46716072589540997,0.09295802015602625,0.4647901007801312
P1,F3,37,original_audit,fit_iou_exact,pooled_iou,0.4693766455945283,0.6204651177164542,0.12366567998271973,0.6183283999135986
P1,F3,71,stored_logits,legacy_self_overlap,mean_tile_miou,0.30574191711293475,0.3933113869468783,0.07817252201491191,0.3908626100745595
P1,F3,71,stored_logits,legacy_self_overlap,mean_tile_dice,0.42010766895065893,0.582259889875822,0.11683425937487937,0.5841712968743968
P1,F3,71,stored_logits,legacy_self_overlap,mean_tile_iou,0.5139859030378621,0.6821556341339287,0.13662938141992412,0.6831469070996206
P1,F3,71,stored_logits,legacy_self_overlap,pooled_miou,0.26657315927803427,0.34599451511297596,0.06775835781373166,0.33879178906865826
P1,F3,71,stored_logits,legacy_self_overlap,pooled_dice,0.3167849379338453,0.4379404199183118,0.08569591830578363,0.4284795915289181
P1,F3,71,stored_logits,legacy_self_overlap,pooled_iou,0.4436462626449949,0.594632891407219,0.11708801724406065,0.5854400862203032
P1,F3,71,stored_logits,frozen_v2,mean_tile_miou,0.29965033221709125,0.38729689697830205,0.07730696057483355,0.38653480287416775
P1,F3,71,stored_logits,frozen_v2,mean_tile_dice,0.4222392537878138,0.6042073248823272,0.1198494924527706,0.599247462263853
P1,F3,71,stored_logits,frozen_v2,mean_tile_iou,0.514962148924759,0.6958679605746468,0.1385399435898937,0.6926997179494684
P1,F3,71,stored_logits,frozen_v2,pooled_miou,0.24471556059702282,0.3060168701646709,0.06166162370608739,0.30830811853043694
P1,F3,71,stored_logits,frozen_v2,pooled_dice,0.29151228451886196,0.38740309169101195,0.07798163459107008,0.38990817295535035
P1,F3,71,stored_logits,frozen_v2,pooled_iou,0.41414801185658967,0.5394983846650998,0.10852604952239568,0.5426302476119784
P1,F3,71,stored_logits,sdc_native,mean_tile_miou,0.30574191711293475,0.3933113869468783,0.07817252201491191,0.3908626100745595
P1,F3,71,stored_logits,sdc_native,mean_tile_dice,0.42010766895065893,0.582259889875822,0.11683425937487937,0.5841712968743968
P1,F3,71,stored_logits,sdc_native,mean_tile_iou,0.5139859030378621,0.6821556341339287,0.13662938141992412,0.6831469070996206
P1,F3,71,stored_logits,sdc_native,pooled_miou,0.26657315927803427,0.34599451511297596,0.06775835781373166,0.33879178906865826
P1,F3,71,stored_logits,sdc_native,pooled_dice,0.3167849379338453,0.4379404199183118,0.08569591830578363,0.4284795915289181
P1,F3,71,stored_logits,sdc_native,pooled_iou,0.4436462626449949,0.594632891407219,0.11708801724406065,0.5854400862203032
P1,F3,71,stored_logits,sdc_exact,mean_tile_miou,0.30574191711293475,0.3933113869468783,0.07817252201491191,0.3908626100745595
P1,F3,71,stored_logits,sdc_exact,mean_tile_dice,0.42010766895065893,0.582259889875822,0.11683425937487937,0.5841712968743968
P1,F3,71,stored_logits,sdc_exact,mean_tile_iou,0.5139859030378621,0.6821556341339287,0.13662938141992412,0.6831469070996206
P1,F3,71,stored_logits,sdc_exact,pooled_miou,0.26657315927803427,0.34599451511297596,0.06775835781373166,0.33879178906865826
P1,F3,71,stored_logits,sdc_exact,pooled_dice,0.3167849379338453,0.4379404199183118,0.08569591830578363,0.4284795915289181
P1,F3,71,stored_logits,sdc_exact,pooled_iou,0.4436462626449949,0.594632891407219,0.11708801724406065,0.5854400862203032
P1,F3,71,stored_logits,fit_miou_exact,mean_tile_miou,0.29965033221709125,0.38729689697830205,0.07730696057483355,0.38653480287416775
P1,F3,71,stored_logits,fit_miou_exact,mean_tile_dice,0.4222392537878138,0.6042073248823272,0.1198494924527706,0.599247462263853
P1,F3,71,stored_logits,fit_miou_exact,mean_tile_iou,0.514962148924759,0.6958679605746468,0.1385399435898937,0.6926997179494684
P1,F3,71,stored_logits,fit_miou_exact,pooled_miou,0.24471556059702282,0.3060168701646709,0.06166162370608739,0.30830811853043694
P1,F3,71,stored_logits,fit_miou_exact,pooled_dice,0.29151228451886196,0.38740309169101195,0.07798163459107008,0.38990817295535035
P1,F3,71,stored_logits,fit_miou_exact,pooled_iou,0.41414801185658967,0.5394983846650998,0.10852604952239568,0.5426302476119784
P1,F3,71,stored_logits,fit_dice_exact,mean_tile_miou,0.30575523308210767,0.3903040318629719,0.07803385353107213,0.39016926765536064
P1,F3,71,stored_logits,fit_dice_exact,mean_tile_dice,0.42090389567743686,0.5844311211964105,0.11705217489010258,0.5852608744505129
P1,F3,71,stored_logits,fit_dice_exact,mean_tile_iou,0.5144001620029292,0.6834333464246442,0.13676825131802722,0.6838412565901361
P1,F3,71,stored_logits,fit_dice_exact,pooled_miou,0.2661051356746551,0.3371331966008821,0.06718706621543703,0.33593533107718515
P1,F3,71,stored_logits,fit_dice_exact,pooled_dice,0.3158811358362008,0.426054535456472,0.08492053210379767,0.4246026605189883
P1,F3,71,stored_logits,fit_dice_exact,pooled_iou,0.4430357790191178,0.583389309356273,0.11632122849026312,0.5816061424513156
P1,F3,71,stored_logits,fit_iou_exact,mean_tile_miou,0.3041364466268836,0.39013590966626305,0.07809937542881733,0.3904968771440866
P1,F3,71,stored_logits,fit_iou_exact,mean_tile_dice,0.4188330333570254,0.5839134024994046,0.11721807656265144,0.5860903828132572
P1,F3,71,stored_logits,fit_iou_exact,mean_tile_iou,0.512380374466383,0.6831402264045834,0.13689913183458288,0.6844956591729143
P1,F3,71,stored_logits,fit_iou_exact,pooled_miou,0.26407019895076717,0.3370737722086099,0.06725454610600186,0.3362727305300093
P1,F3,71,stored_logits,fit_iou_exact,pooled_dice,0.31384966268626946,0.4259228171774131,0.08504826916250302,0.4252413458125151
P1,F3,71,stored_logits,fit_iou_exact,pooled_iou,0.44043413395198383,0.5832630154384912,0.11647006903794135,0.5823503451897067
P1,F3,71,original_audit,legacy_self_overlap,mean_tile_miou,0.30574191711293475,0.3933113869468783,0.07817252201491191,0.3908626100745595
P1,F3,71,original_audit,legacy_self_overlap,mean_tile_dice,0.42010766895065893,0.582259889875822,0.11683425937487937,0.5841712968743968
P1,F3,71,original_audit,legacy_self_overlap,mean_tile_iou,0.5139859030378621,0.6821556341339287,0.13662938141992412,0.6831469070996206
P1,F3,71,original_audit,legacy_self_overlap,pooled_miou,0.26657315927803427,0.34599451511297596,0.06775835781373166,0.33879178906865826
P1,F3,71,original_audit,legacy_self_overlap,pooled_dice,0.3167849379338453,0.4379404199183118,0.08569591830578363,0.4284795915289181
P1,F3,71,original_audit,legacy_self_overlap,pooled_iou,0.4436462626449949,0.594632891407219,0.11708801724406065,0.5854400862203032
P1,F3,71,original_audit,frozen_v2,mean_tile_miou,0.29965033221709125,0.38729689697830205,0.07730696057483355,0.38653480287416775
P1,F3,71,original_audit,frozen_v2,mean_tile_dice,0.4222392537878138,0.6042073248823272,0.1198494924527706,0.599247462263853
P1,F3,71,original_audit,frozen_v2,mean_tile_iou,0.514962148924759,0.6958679605746468,0.1385399435898937,0.6926997179494684
P1,F3,71,original_audit,frozen_v2,pooled_miou,0.24471556059702282,0.3060168701646709,0.06166162370608739,0.30830811853043694
P1,F3,71,original_audit,frozen_v2,pooled_dice,0.29151228451886196,0.38740309169101195,0.07798163459107008,0.38990817295535035
P1,F3,71,original_audit,frozen_v2,pooled_iou,0.41414801185658967,0.5394983846650998,0.10852604952239568,0.5426302476119784
P1,F3,71,original_audit,sdc_native,mean_tile_miou,0.30574191711293475,0.3933113869468783,0.07817252201491191,0.3908626100745595
P1,F3,71,original_audit,sdc_native,mean_tile_dice,0.42010766895065893,0.582259889875822,0.11683425937487937,0.5841712968743968
P1,F3,71,original_audit,sdc_native,mean_tile_iou,0.5139859030378621,0.6821556341339287,0.13662938141992412,0.6831469070996206
P1,F3,71,original_audit,sdc_native,pooled_miou,0.26657315927803427,0.34599451511297596,0.06775835781373166,0.33879178906865826
P1,F3,71,original_audit,sdc_native,pooled_dice,0.3167849379338453,0.4379404199183118,0.08569591830578363,0.4284795915289181
P1,F3,71,original_audit,sdc_native,pooled_iou,0.4436462626449949,0.594632891407219,0.11708801724406065,0.5854400862203032
P1,F3,71,original_audit,sdc_exact,mean_tile_miou,0.30574191711293475,0.3933113869468783,0.07817252201491191,0.3908626100745595
P1,F3,71,original_audit,sdc_exact,mean_tile_dice,0.42010766895065893,0.582259889875822,0.11683425937487937,0.5841712968743968
P1,F3,71,original_audit,sdc_exact,mean_tile_iou,0.5139859030378621,0.6821556341339287,0.13662938141992412,0.6831469070996206
P1,F3,71,original_audit,sdc_exact,pooled_miou,0.26657315927803427,0.34599451511297596,0.06775835781373166,0.33879178906865826
P1,F3,71,original_audit,sdc_exact,pooled_dice,0.3167849379338453,0.4379404199183118,0.08569591830578363,0.4284795915289181
P1,F3,71,original_audit,sdc_exact,pooled_iou,0.4436462626449949,0.594632891407219,0.11708801724406065,0.5854400862203032
P1,F3,71,original_audit,fit_miou_exact,mean_tile_miou,0.29965033221709125,0.38729689697830205,0.07730696057483355,0.38653480287416775
P1,F3,71,original_audit,fit_miou_exact,mean_tile_dice,0.4222392537878138,0.6042073248823272,0.1198494924527706,0.599247462263853
P1,F3,71,original_audit,fit_miou_exact,mean_tile_iou,0.514962148924759,0.6958679605746468,0.1385399435898937,0.6926997179494684
P1,F3,71,original_audit,fit_miou_exact,pooled_miou,0.24471556059702282,0.3060168701646709,0.06166162370608739,0.30830811853043694
P1,F3,71,original_audit,fit_miou_exact,pooled_dice,0.29151228451886196,0.38740309169101195,0.07798163459107008,0.38990817295535035
P1,F3,71,original_audit,fit_miou_exact,pooled_iou,0.41414801185658967,0.5394983846650998,0.10852604952239568,0.5426302476119784
P1,F3,71,original_audit,fit_dice_exact,mean_tile_miou,0.30575523308210767,0.3903040318629719,0.07803385353107213,0.39016926765536064
P1,F3,71,original_audit,fit_dice_exact,mean_tile_dice,0.42090389567743686,0.5844311211964105,0.11705217489010258,0.5852608744505129
P1,F3,71,original_audit,fit_dice_exact,mean_tile_iou,0.5144001620029292,0.6834333464246442,0.13676825131802722,0.6838412565901361
P1,F3,71,original_audit,fit_dice_exact,pooled_miou,0.2661051356746551,0.3371331966008821,0.06718706621543703,0.33593533107718515
P1,F3,71,original_audit,fit_dice_exact,pooled_dice,0.3158811358362008,0.426054535456472,0.08492053210379767,0.4246026605189883
P1,F3,71,original_audit,fit_dice_exact,pooled_iou,0.4430357790191178,0.583389309356273,0.11632122849026312,0.5816061424513156
P1,F3,71,original_audit,fit_iou_exact,mean_tile_miou,0.3041364466268836,0.39013590966626305,0.07809937542881733,0.3904968771440866
P1,F3,71,original_audit,fit_iou_exact,mean_tile_dice,0.4188330333570254,0.5839134024994046,0.11721807656265144,0.5860903828132572
P1,F3,71,original_audit,fit_iou_exact,mean_tile_iou,0.512380374466383,0.6831402264045834,0.13689913183458288,0.6844956591729143
P1,F3,71,original_audit,fit_iou_exact,pooled_miou,0.26407019895076717,0.3370737722086099,0.06725454610600186,0.3362727305300093
P1,F3,71,original_audit,fit_iou_exact,pooled_dice,0.31384966268626946,0.4259228171774131,0.08504826916250302,0.4252413458125151
P1,F3,71,original_audit,fit_iou_exact,pooled_iou,0.44043413395198383,0.5832630154384912,0.11647006903794135,0.5823503451897067
P2,F1,13,stored_logits,legacy_self_overlap,mean_tile_miou,0.2609372242167826,0.33742585729911373,0.06701039204745,0.33505196023725
P2,F1,13,stored_logits,legacy_self_overlap,mean_tile_dice,0.26711017480728566,0.42370477018438446,0.08349072398682929,0.4174536199341464
P2,F1,13,stored_logits,legacy_self_overlap,mean_tile_iou,0.35960061735069854,0.5292412987806394,0.10462353483812897,0.5231176741906448
P2,F1,13,stored_logits,legacy_self_overlap,pooled_miou,0.2190526870574228,0.25148337819908706,0.05029305955243752,0.25146529776218757
P2,F1,13,stored_logits,legacy_self_overlap,pooled_dice,0.1829234150284976,0.24427352828393256,0.048539075262250674,0.24269537631125335
P2,F1,13,stored_logits,legacy_self_overlap,pooled_iou,0.2962405555481976,0.38511837995709125,0.07662543663345799,0.3831271831672899
P2,F1,13,stored_logits,frozen_v2,mean_tile_miou,0.27425869422918536,0.3417016488735478,0.0679186638036853,0.3395933190184265
P2,F1,13,stored_logits,frozen_v2,mean_tile_dice,0.4254119536168813,0.5150192558737796,0.10290025753970192,0.5145012876985096
P2,F1,13,stored_logits,frozen_v2,mean_tile_iou,0.5026018188843536,0.6050046620948326,0.12082943853367047,0.6041471926683523
P2,F1,13,stored_logits,frozen_v2,pooled_miou,0.1632615413219484,0.21508048764127277,0.04259941688231366,0.21299708441156828
P2,F1,13,stored_logits,frozen_v2,pooled_dice,0.1763115627127087,0.22416919693111162,0.04443033606291348,0.2221516803145674
P2,F1,13,stored_logits,frozen_v2,pooled_iou,0.28274368970564484,0.35900155117573707,0.0713005357267942,0.356502678633971
P2,F1,13,stored_logits,sdc_native,mean_tile_miou,0.2609372242167826,0.33742585729911373,0.06701039204745,0.33505196023725
P2,F1,13,stored_logits,sdc_native,mean_tile_dice,0.26711017480728566,0.42370477018438446,0.08349072398682929,0.4174536199341464
P2,F1,13,stored_logits,sdc_native,mean_tile_iou,0.35960061735069854,0.5292412987806394,0.10462353483812897,0.5231176741906448
P2,F1,13,stored_logits,sdc_native,pooled_miou,0.2190526870574228,0.25148337819908706,0.05029305955243752,0.25146529776218757
P2,F1,13,stored_logits,sdc_native,pooled_dice,0.1829234150284976,0.24427352828393256,0.048539075262250674,0.24269537631125335
P2,F1,13,stored_logits,sdc_native,pooled_iou,0.2962405555481976,0.38511837995709125,0.07662543663345799,0.3831271831672899
P2,F1,13,stored_logits,sdc_exact,mean_tile_miou,0.2609372242167826,0.33742585729911373,0.06701039204745,0.33505196023725
P2,F1,13,stored_logits,sdc_exact,mean_tile_dice,0.26711017480728566,0.42370477018438446,0.08349072398682929,0.4174536199341464
P2,F1,13,stored_logits,sdc_exact,mean_tile_iou,0.35960061735069854,0.5292412987806394,0.10462353483812897,0.5231176741906448
P2,F1,13,stored_logits,sdc_exact,pooled_miou,0.2190526870574228,0.25148337819908706,0.05029305955243752,0.25146529776218757
P2,F1,13,stored_logits,sdc_exact,pooled_dice,0.1829234150284976,0.24427352828393256,0.048539075262250674,0.24269537631125335
P2,F1,13,stored_logits,sdc_exact,pooled_iou,0.2962405555481976,0.38511837995709125,0.07662543663345799,0.3831271831672899
P2,F1,13,stored_logits,fit_miou_exact,mean_tile_miou,0.27533118036081794,0.3417016488735478,0.06799893674587179,0.3399946837293589
P2,F1,13,stored_logits,fit_miou_exact,mean_tile_dice,0.4281701524443569,0.5150192558737796,0.10320050103578751,0.5160025051789375
P2,F1,13,stored_logits,fit_miou_exact,mean_tile_iou,0.5051576114485647,0.6050046620948326,0.12107347177413338,0.6053673588706668
P2,F1,13,stored_logits,fit_miou_exact,pooled_miou,0.16303226891684766,0.21508048764127277,0.04261273799147408,0.2130636899573704
P2,F1,13,stored_logits,fit_miou_exact,pooled_dice,0.17628138912953778,0.22416919693111162,0.04451602911593181,0.22258014557965905
P2,F1,13,stored_logits,fit_miou_exact,pooled_iou,0.28265868973133657,0.35900155117573707,0.07140346100935725,0.35701730504678625
P2,F1,13,stored_logits,fit_dice_exact,mean_tile_miou,0.24470636940809912,0.3316806377237008,0.06623263967283426,0.33116319836417124
P2,F1,13,stored_logits,fit_dice_exact,mean_tile_dice,0.2764539745270508,0.4275193983624654,0.08481827433495229,0.4240913716747614
P2,F1,13,stored_logits,fit_dice_exact,mean_tile_iou,0.36881468437939957,0.5304133301102976,0.10535676473949017,0.5267838236974508
P2,F1,13,stored_logits,fit_dice_exact,pooled_miou,0.1894682991518514,0.2344974663626214,0.04726642653066606,0.23633213265333028
P2,F1,13,stored_logits,fit_dice_exact,pooled_dice,0.17102738938144935,0.22716119345673497,0.04560266002018386,0.22801330010091928
P2,F1,13,stored_logits,fit_dice_exact,pooled_iou,0.2794749478879201,0.3636188914294541,0.0729368599806601,0.3646842999033005
P2,F1,13,stored_logits,fit_iou_exact,mean_tile_miou,0.24511423086817202,0.3313346532580307,0.06624343274341903,0.3312171637170951
P2,F1,13,stored_logits,fit_iou_exact,mean_tile_dice,0.28573036206912594,0.4268961197622858,0.08575565606657701,0.428778280332885
P2,F1,13,stored_logits,fit_iou_exact,mean_tile_iou,0.37690059017904265,0.5300910146400296,0.1058802045889511,0.5294010229447554
P2,F1,13,stored_logits,fit_iou_exact,pooled_miou,0.18451832385476935,0.23383706129060258,0.046596295527410354,0.23298147763705176
P2,F1,13,stored_logits,fit_iou_exact,pooled_dice,0.1689618964563418,0.22644027647806267,0.04502342943272418,0.22511714716362088
P2,F1,13,stored_logits,fit_iou_exact,pooled_iou,0.276826298624558,0.36273544003065783,0.07221716475012888,0.36108582375064435
P2,F1,13,original_audit,legacy_self_overlap,mean_tile_miou,0.26093740004400884,0.33742540130453935,0.06701036088243877,0.3350518044121938
P2,F1,13,original_audit,legacy_self_overlap,mean_tile_dice,0.26710944685424437,0.42370164574728864,0.08349025930772228,0.41745129653861135
P2,F1,13,original_audit,legacy_self_overlap,mean_tile_iou,0.35960041661117487,0.5292395388657143,0.10462330111107376,0.5231165055553688
P2,F1,13,original_audit,legacy_self_overlap,pooled_miou,0.21905280386883672,0.2514838156148927,0.05029314801696384,0.2514657400848192
P2,F1,13,original_audit,legacy_self_overlap,pooled_dice,0.18292335688054814,0.2442737729005438,0.04853912603134783,0.24269563015673914
P2,F1,13,original_audit,legacy_self_overlap,pooled_iou,0.29624047563853895,0.38511864972363563,0.07662549201011054,0.3831274600505527
P2,F1,13,original_audit,frozen_v2,mean_tile_miou,0.2742585975804797,0.3417007031976132,0.0679184812087368,0.33959240604368396
P2,F1,13,original_audit,frozen_v2,mean_tile_dice,0.4254090219321023,0.5150140250188986,0.10289922608289162,0.5144961304144581
P2,F1,13,original_audit,frozen_v2,mean_tile_iou,0.5026009831073139,0.6050019127882018,0.12082890341340277,0.6041445170670138
P2,F1,13,original_audit,frozen_v2,pooled_miou,0.16326279823800793,0.21508165185962258,0.042599663656266024,0.21299831828133012
P2,F1,13,original_audit,frozen_v2,pooled_dice,0.17631286555970885,0.2241704714546331,0.044430604773768215,0.22215302386884106
P2,F1,13,original_audit,frozen_v2,pooled_iou,0.28274555012245467,0.3590030331455041,0.07130086452593179,0.3565043226296589
P2,F1,13,original_audit,sdc_native,mean_tile_miou,0.26093740004400884,0.33742540130453935,0.06701036088243877,0.3350518044121938
P2,F1,13,original_audit,sdc_native,mean_tile_dice,0.26710944685424437,0.42370164574728864,0.08349025930772228,0.41745129653861135
P2,F1,13,original_audit,sdc_native,mean_tile_iou,0.35960041661117487,0.5292395388657143,0.10462330111107376,0.5231165055553688
P2,F1,13,original_audit,sdc_native,pooled_miou,0.21905280386883672,0.2514838156148927,0.05029314801696384,0.2514657400848192
P2,F1,13,original_audit,sdc_native,pooled_dice,0.18292335688054814,0.2442737729005438,0.04853912603134783,0.24269563015673914
P2,F1,13,original_audit,sdc_native,pooled_iou,0.29624047563853895,0.38511864972363563,0.07662549201011054,0.3831274600505527
P2,F1,13,original_audit,sdc_exact,mean_tile_miou,0.26093740004400884,0.33742540130453935,0.06701036088243877,0.3350518044121938
P2,F1,13,original_audit,sdc_exact,mean_tile_dice,0.26710944685424437,0.42370164574728864,0.08349025930772228,0.41745129653861135
P2,F1,13,original_audit,sdc_exact,mean_tile_iou,0.35960041661117487,0.5292395388657143,0.10462330111107376,0.5231165055553688
P2,F1,13,original_audit,sdc_exact,pooled_miou,0.21905280386883672,0.2514838156148927,0.05029314801696384,0.2514657400848192
P2,F1,13,original_audit,sdc_exact,pooled_dice,0.18292335688054814,0.2442737729005438,0.04853912603134783,0.24269563015673914
P2,F1,13,original_audit,sdc_exact,pooled_iou,0.29624047563853895,0.38511864972363563,0.07662549201011054,0.3831274600505527
P2,F1,13,original_audit,fit_miou_exact,mean_tile_miou,0.2753309851118073,0.3417007031976132,0.06799875176435809,0.3399937588217904
P2,F1,13,original_audit,fit_miou_exact,mean_tile_dice,0.4281671005644983,0.5150140250188986,0.10319946761892677,0.5159973380946339
P2,F1,13,original_audit,fit_miou_exact,mean_tile_iou,0.5051566139556374,0.6050019127882017,0.12107293428784305,0.6053646714392152
P2,F1,13,original_audit,fit_miou_exact,pooled_miou,0.16303344471690426,0.21508165185962258,0.04261298275403018,0.21306491377015088
P2,F1,13,original_audit,fit_miou_exact,pooled_dice,0.17628261624758382,0.2241704714546331,0.044516297261270724,0.2225814863063536
P2,F1,13,original_audit,fit_miou_exact,pooled_iou,0.2826604231348122,0.3590030331455041,0.07140378831828205,0.35701894159141023
P2,F1,13,original_audit,fit_dice_exact,mean_tile_miou,0.2447068020264755,0.3316801815464033,0.06623259143795829,0.33116295718979144
P2,F1,13,original_audit,fit_dice_exact,mean_tile_dice,0.27645354485007373,0.4275162753071815,0.08481771129145876,0.4240885564572938
P2,F1,13,original_audit,fit_dice_exact,mean_tile_iou,0.3688149705281164,0.5304115699224708,0.10535649858085766,0.5267824929042882
P2,F1,13,original_audit,fit_dice_exact,pooled_miou,0.1894686598684753,0.23449791653597213,0.047266517570842236,0.23633258785421116
P2,F1,13,original_audit,fit_dice_exact,pooled_dice,0.17102756449469247,0.22716148295127964,0.04560271479983686,0.2280135739991843
P2,F1,13,original_audit,fit_dice_exact,pooled_iou,0.2794752466662688,0.36361919144669497,0.07293692242949706,0.3646846121474853
P2,F1,13,original_audit,fit_iou_exact,mean_tile_miou,0.24511462978301254,0.3313335628371674,0.06624338436864774,0.3312169218432387
P2,F1,13,original_audit,fit_iou_exact,mean_tile_dice,0.2857298525049327,0.42689061856316785,0.08575504391167824,0.42877521955839115
P2,F1,13,original_audit,fit_iou_exact,mean_tile_iou,0.3769008466095093,0.5300879848898441,0.10587994096808245,0.5293997048404122
P2,F1,13,original_audit,fit_iou_exact,pooled_miou,0.18451866983145157,0.2338374887477394,0.04659638695529738,0.23298193477648688
P2,F1,13,original_audit,fit_iou_exact,pooled_dice,0.16896206906157032,0.22644052013917737,0.04502348196373502,0.2251174098186751
P2,F1,13,original_audit,fit_iou_exact,pooled_iou,0.2768266034277806,0.3627356892664987,0.0722172283798909,0.3610861418994545
P2,F1,37,stored_logits,legacy_self_overlap,mean_tile_miou,0.25029212513228305,0.3252821124509564,0.06459265221028335,0.3229632610514167
P2,F1,37,stored_logits,legacy_self_overlap,mean_tile_dice,0.25163787257703896,0.40673713358552155,0.0798085348604003,0.39904267430200147
P2,F1,37,stored_logits,legacy_self_overlap,mean_tile_iou,0.3445310457301482,0.5134906310260238,0.10125391199246113,0.5062695599623056
P2,F1,37,stored_logits,legacy_self_overlap,pooled_miou,0.19665853719480522,0.22393811023386678,0.04516240345270297,0.22581201726351482
P2,F1,37,stored_logits,legacy_self_overlap,pooled_dice,0.15865078520658027,0.2106606962985084,0.042202700075209,0.211013500376045
P2,F1,37,stored_logits,legacy_self_overlap,pooled_iou,0.26427501611140713,0.3425993489084036,0.06862812594695768,0.34314062973478837
P2,F1,37,stored_logits,frozen_v2,mean_tile_miou,0.25400928586177857,0.33433913156751816,0.06626856685115119,0.33134283425575595
P2,F1,37,stored_logits,frozen_v2,mean_tile_dice,0.36546463306772115,0.5037311323290536,0.09940380786104808,0.4970190393052404
P2,F1,37,stored_logits,frozen_v2,mean_tile_iou,0.4493089559128641,0.5947961482171028,0.11749277801978614,0.5874638900989306
P2,F1,37,stored_logits,frozen_v2,pooled_miou,0.15477317607037241,0.20771185320174484,0.03968451592871888,0.19842257964359442
P2,F1,37,stored_logits,frozen_v2,pooled_dice,0.1575834954791152,0.21253954695674493,0.040027737195427446,0.20013868597713722
P2,F1,37,stored_logits,frozen_v2,pooled_iou,0.26111463546363683,0.3457720211979624,0.06571481179623045,0.3285740589811523
P2,F1,37,stored_logits,sdc_native,mean_tile_miou,0.25029212513228305,0.3252821124509564,0.06459265221028335,0.3229632610514167
P2,F1,37,stored_logits,sdc_native,mean_tile_dice,0.25163787257703896,0.40673713358552155,0.0798085348604003,0.39904267430200147
P2,F1,37,stored_logits,sdc_native,mean_tile_iou,0.3445310457301482,0.5134906310260238,0.10125391199246113,0.5062695599623056
P2,F1,37,stored_logits,sdc_native,pooled_miou,0.19665853719480522,0.22393811023386678,0.04516240345270297,0.22581201726351482
P2,F1,37,stored_logits,sdc_native,pooled_dice,0.15865078520658027,0.2106606962985084,0.042202700075209,0.211013500376045
P2,F1,37,stored_logits,sdc_native,pooled_iou,0.26427501611140713,0.3425993489084036,0.06862812594695768,0.34314062973478837
P2,F1,37,stored_logits,sdc_exact,mean_tile_miou,0.25029212513228305,0.3252821124509564,0.06459265221028335,0.3229632610514167
P2,F1,37,stored_logits,sdc_exact,mean_tile_dice,0.25163787257703896,0.40673713358552155,0.0798085348604003,0.39904267430200147
P2,F1,37,stored_logits,sdc_exact,mean_tile_iou,0.3445310457301482,0.5134906310260238,0.10125391199246113,0.5062695599623056
P2,F1,37,stored_logits,sdc_exact,pooled_miou,0.19665853719480522,0.22393811023386678,0.04516240345270297,0.22581201726351482
P2,F1,37,stored_logits,sdc_exact,pooled_dice,0.15865078520658027,0.2106606962985084,0.042202700075209,0.211013500376045
P2,F1,37,stored_logits,sdc_exact,pooled_iou,0.26427501611140713,0.3425993489084036,0.06862812594695768,0.34314062973478837
P2,F1,37,stored_logits,fit_miou_exact,mean_tile_miou,0.25414990706046103,0.33433913156751816,0.0662593330988536,0.33129666549426795
P2,F1,37,stored_logits,fit_miou_exact,mean_tile_dice,0.36555574090060833,0.5037311323290536,0.09938723566971228,0.49693617834856135
P2,F1,37,stored_logits,fit_miou_exact,mean_tile_iou,0.4497905060720196,0.5947961482171028,0.1174835922313802,0.587417961156901
P2,F1,37,stored_logits,fit_miou_exact,pooled_miou,0.1555357580264158,0.20771185320174484,0.03966604485581285,0.19833022427906424
P2,F1,37,stored_logits,fit_miou_exact,pooled_dice,0.15855453003017397,0.21253954695674493,0.04000676754820255,0.20003383774101274
P2,F1,37,stored_logits,fit_miou_exact,pooled_iou,0.2626661630692313,0.3457720211979624,0.06568861992284108,0.3284430996142054
P2,F1,37,stored_logits,fit_dice_exact,mean_tile_miou,0.23789685573041056,0.32273432058351637,0.0644589534513425,0.3222947672567125
P2,F1,37,stored_logits,fit_dice_exact,mean_tile_dice,0.2682798935545395,0.41354156316393675,0.08223636846767791,0.41118184233838956
P2,F1,37,stored_logits,fit_dice_exact,mean_tile_iou,0.36247808713726026,0.5168880271211924,0.10286021686460313,0.5143010843230156
P2,F1,37,stored_logits,fit_dice_exact,pooled_miou,0.17284197417994346,0.21385573865959667,0.04293794581252704,0.21468972906263517
P2,F1,37,stored_logits,fit_dice_exact,pooled_dice,0.15253881075826292,0.20133089111555746,0.04037773966779776,0.2018886983389888
P2,F1,37,stored_logits,fit_dice_exact,pooled_iou,0.25598939919139424,0.33021266947751216,0.06617759519583533,0.33088797597917663
P2,F1,37,stored_logits,fit_iou_exact,mean_tile_miou,0.2386908347610433,0.3244270107905522,0.0649239378694157,0.32461968934707847
P2,F1,37,stored_logits,fit_iou_exact,mean_tile_dice,0.27379373308724564,0.4204774521624215,0.08414162414123733,0.42070812070618663
P2,F1,37,stored_logits,fit_iou_exact,mean_tile_iou,0.3675292236020896,0.5213294578319116,0.10424533730802335,0.5212266865401167
P2,F1,37,stored_logits,fit_iou_exact,pooled_miou,0.17103681220528433,0.21255292017561506,0.04262726570426492,0.2131363285213246
P2,F1,37,stored_logits,fit_iou_exact,pooled_dice,0.15266160497662315,0.2009236366873786,0.04025448986143468,0.2012724493071734
P2,F1,37,stored_logits,fit_iou_exact,pooled_iou,0.25612429123337477,0.32968704099816776,0.06602774852219184,0.3301387426109592
P2,F1,37,original_audit,legacy_self_overlap,mean_tile_miou,0.25029063739331203,0.3252795337882955,0.06459218150430102,0.3229609075215051
P2,F1,37,original_audit,legacy_self_overlap,mean_tile_dice,0.25163561982598054,0.4067315538698861,0.07980758937318755,0.39903794686593774
P2,F1,37,original_audit,legacy_self_overlap,mean_tile_iou,0.3445281934019893,0.5134852387351592,0.10125294412834726,0.5062647206417362
P2,F1,37,original_audit,legacy_self_overlap,pooled_miou,0.19665634147813377,0.2239357878598208,0.045161918749025316,0.22580959374512657
P2,F1,37,original_audit,legacy_self_overlap,pooled_dice,0.15864775011353183,0.21065699274488953,0.042201936773190785,0.21100968386595392
P2,F1,37,original_audit,legacy_self_overlap,pooled_iou,0.26427084058528416,0.3425943911299051,0.06862711564855278,0.3431355782427639
P2,F1,37,original_audit,frozen_v2,mean_tile_miou,0.25401008110090456,0.33433922836045926,0.06626853789768111,0.33134268948840556
P2,F1,37,original_audit,frozen_v2,mean_tile_dice,0.36546469887590816,0.5037288589652493,0.09940332849008678,0.49701664245043387
P2,F1,37,original_audit,frozen_v2,mean_tile_iou,0.44930966542604683,0.5947947279060328,0.11749244862786018,0.5874622431393008
P2,F1,37,original_audit,frozen_v2,pooled_miou,0.15477458574235886,0.20771328193010571,0.03968472614984114,0.19842363074920571
P2,F1,37,original_audit,frozen_v2,pooled_dice,0.15758497390221587,0.2125405257216482,0.040027858440686515,0.20013929220343257
P2,F1,37,original_audit,frozen_v2,pooled_iou,0.26111654947063473,0.3457733236653379,0.06571496840383387,0.3285748420191693
P2,F1,37,original_audit,sdc_native,mean_tile_miou,0.25029063739331203,0.3252795337882955,0.06459218150430102,0.3229609075215051
P2,F1,37,original_audit,sdc_native,mean_tile_dice,0.25163561982598054,0.4067315538698861,0.07980758937318755,0.39903794686593774
P2,F1,37,original_audit,sdc_native,mean_tile_iou,0.3445281934019893,0.5134852387351592,0.10125294412834726,0.5062647206417362
P2,F1,37,original_audit,sdc_native,pooled_miou,0.19665634147813377,0.2239357878598208,0.045161918749025316,0.22580959374512657
P2,F1,37,original_audit,sdc_native,pooled_dice,0.15864775011353183,0.21065699274488953,0.042201936773190785,0.21100968386595392
P2,F1,37,original_audit,sdc_native,pooled_iou,0.26427084058528416,0.3425943911299051,0.06862711564855278,0.3431355782427639
P2,F1,37,original_audit,sdc_exact,mean_tile_miou,0.25029063739331203,0.3252795337882955,0.06459218150430102,0.3229609075215051
P2,F1,37,original_audit,sdc_exact,mean_tile_dice,0.25163561982598054,0.4067315538698861,0.07980758937318755,0.39903794686593774
P2,F1,37,original_audit,sdc_exact,mean_tile_iou,0.3445281934019893,0.5134852387351592,0.10125294412834726,0.5062647206417362
P2,F1,37,original_audit,sdc_exact,pooled_miou,0.19665634147813377,0.2239357878598208,0.045161918749025316,0.22580959374512657
P2,F1,37,original_audit,sdc_exact,pooled_dice,0.15864775011353183,0.21065699274488953,0.042201936773190785,0.21100968386595392
P2,F1,37,original_audit,sdc_exact,pooled_iou,0.26427084058528416,0.3425943911299051,0.06862711564855278,0.3431355782427639
P2,F1,37,original_audit,fit_miou_exact,mean_tile_miou,0.2541507860000881,0.33433922836045926,0.0662593042522939,0.33129652126146947
P2,F1,37,original_audit,fit_miou_exact,mean_tile_dice,0.3655559273904043,0.5037288589652493,0.099386758039837,0.496933790199185
P2,F1,37,original_audit,fit_miou_exact,mean_tile_iou,0.4497913560868012,0.5947947279060328,0.11748326390519283,0.5874163195259641
P2,F1,37,original_audit,fit_miou_exact,pooled_miou,0.15553731068172968,0.20771328193010571,0.03966625393636877,0.19833126968184386
P2,F1,37,original_audit,fit_miou_exact,pooled_dice,0.15855621451305665,0.2125405257216482,0.04000688748846279,0.20003443744231394
P2,F1,37,original_audit,fit_miou_exact,pooled_iou,0.2626683325412011,0.3457733236653379,0.06568877524705569,0.32844387623527843
P2,F1,37,original_audit,fit_dice_exact,mean_tile_miou,0.23789701087334658,0.3227325385390703,0.06445862247117308,0.3222931123558654
P2,F1,37,original_audit,fit_dice_exact,mean_tile_dice,0.2682794749518472,0.4135375759761032,0.08223561675330719,0.4111780837665359
P2,F1,37,original_audit,fit_dice_exact,mean_tile_iou,0.36247785033811625,0.516884063595559,0.1028594641513419,0.5142973207567094
P2,F1,37,original_audit,fit_dice_exact,pooled_miou,0.17284111886777578,0.21385418038941473,0.0429376323149177,0.21468816157458848
P2,F1,37,original_audit,fit_dice_exact,pooled_dice,0.15253731660810602,0.2013284905144026,0.04037724936068623,0.20188624680343112
P2,F1,37,original_audit,fit_dice_exact,pooled_iou,0.25598733803116586,0.330209156608552,0.06617688395524117,0.3308844197762058
P2,F1,37,original_audit,fit_iou_exact,mean_tile_miou,0.23869120411133982,0.3244252096445661,0.06492372934715175,0.32461864673575874
P2,F1,37,original_audit,fit_iou_exact,mean_tile_dice,0.2737936377689435,0.42047346497458793,0.08414108889101296,0.4207054444550648
P2,F1,37,original_audit,fit_iou_exact,mean_tile_iou,0.3675293182448074,0.5213254943062783,0.10424478721120607,0.5212239360560303
P2,F1,37,original_audit,fit_iou_exact,pooled_miou,0.17103623469405657,0.2125513166045876,0.042627021800631576,0.21313510900315788
P2,F1,37,original_audit,fit_iou_exact,pooled_dice,0.15266045000079337,0.20092116394506324,0.04025408852733178,0.20127044263665891
P2,F1,37,original_audit,fit_iou_exact,pooled_iou,0.25612270828312145,0.32968343924337873,0.0660271543960595,0.3301357719802975
P2,F1,71,stored_logits,legacy_self_overlap,mean_tile_miou,0.2559558939661888,0.33496176373884373,0.06658943419384666,0.3329471709692333
P2,F1,71,stored_logits,legacy_self_overlap,mean_tile_dice,0.26209378064894484,0.42027981924449503,0.08312341404732562,0.4156170702366281
P2,F1,71,stored_logits,legacy_self_overlap,mean_tile_iou,0.35698610534416864,0.5294767367691701,0.10500222557621063,0.5250111278810531
P2,F1,71,stored_logits,legacy_self_overlap,pooled_miou,0.21664246995392578,0.25296116037483685,0.05026370378477266,0.2513185189238633
P2,F1,71,stored_logits,legacy_self_overlap,pooled_dice,0.19082675229293322,0.25606586971406214,0.05061377171823436,0.2530688585911718
P2,F1,71,stored_logits,legacy_self_overlap,pooled_iou,0.30288952709277345,0.3941523337644396,0.07808371297111502,0.3904185648555751
P2,F1,71,stored_logits,frozen_v2,mean_tile_miou,0.2667660435940671,0.33440803907406197,0.06707190066460089,0.33535950332300446
P2,F1,71,stored_logits,frozen_v2,mean_tile_dice,0.4125734492993225,0.5148790005565329,0.10314970528243392,0.5157485264121695
P2,F1,71,stored_logits,frozen_v2,mean_tile_iou,0.4899079408611268,0.6035981708666125,0.1208598530000673,0.6042992650003365
P2,F1,71,stored_logits,frozen_v2,pooled_miou,0.15080052166322142,0.20280716164005386,0.04042491185172288,0.2021245592586144
P2,F1,71,stored_logits,frozen_v2,pooled_dice,0.1626376469825717,0.21681811362162356,0.042998876963589686,0.21499438481794841
P2,F1,71,stored_logits,frozen_v2,pooled_iou,0.2643306377432773,0.3479011415637914,0.06915011501592444,0.3457505750796222
P2,F1,71,stored_logits,sdc_native,mean_tile_miou,0.2559558939661888,0.33496176373884373,0.06658943419384666,0.3329471709692333
P2,F1,71,stored_logits,sdc_native,mean_tile_dice,0.26209378064894484,0.42027981924449503,0.08312341404732562,0.4156170702366281
P2,F1,71,stored_logits,sdc_native,mean_tile_iou,0.35698610534416864,0.5294767367691701,0.10500222557621063,0.5250111278810531
P2,F1,71,stored_logits,sdc_native,pooled_miou,0.21664246995392578,0.25296116037483685,0.05026370378477266,0.2513185189238633
P2,F1,71,stored_logits,sdc_native,pooled_dice,0.19082675229293322,0.25606586971406214,0.05061377171823436,0.2530688585911718
P2,F1,71,stored_logits,sdc_native,pooled_iou,0.30288952709277345,0.3941523337644396,0.07808371297111502,0.3904185648555751
P2,F1,71,stored_logits,sdc_exact,mean_tile_miou,0.2559558939661888,0.33496176373884373,0.06658943419384666,0.3329471709692333
P2,F1,71,stored_logits,sdc_exact,mean_tile_dice,0.26209378064894484,0.42027981924449503,0.08312341404732562,0.4156170702366281
P2,F1,71,stored_logits,sdc_exact,mean_tile_iou,0.35698610534416864,0.5294767367691701,0.10500222557621063,0.5250111278810531
P2,F1,71,stored_logits,sdc_exact,pooled_miou,0.21664246995392578,0.25296116037483685,0.05026370378477266,0.2513185189238633
P2,F1,71,stored_logits,sdc_exact,pooled_dice,0.19082675229293322,0.25606586971406214,0.05061377171823436,0.2530688585911718
P2,F1,71,stored_logits,sdc_exact,pooled_iou,0.30288952709277345,0.3941523337644396,0.07808371297111502,0.3904185648555751
P2,F1,71,stored_logits,fit_miou_exact,mean_tile_miou,0.26950373488455126,0.33440803907406197,0.06720527233435121,0.33602636167175604
P2,F1,71,stored_logits,fit_miou_exact,mean_tile_dice,0.41850147361345996,0.5148790005565329,0.10358547046439318,0.5179273523219659
P2,F1,71,stored_logits,fit_miou_exact,mean_tile_iou,0.49515565686595814,0.6035981708666125,0.12125694252388412,0.6062847126194206
P2,F1,71,stored_logits,fit_miou_exact,pooled_miou,0.15101886834688263,0.20280716164005386,0.04044827858119188,0.20224139290595938
P2,F1,71,stored_logits,fit_miou_exact,pooled_dice,0.16340983300433945,0.21681811362162356,0.043097991797666255,0.21548995898833126
P2,F1,71,stored_logits,fit_miou_exact,pooled_iou,0.26529458994132993,0.3479011415637914,0.0692922839679391,0.3464614198396955
P2,F1,71,stored_logits,fit_dice_exact,mean_tile_miou,0.23973761092366208,0.3344459971672291,0.06636925222107148,0.3318462611053574
P2,F1,71,stored_logits,fit_dice_exact,mean_tile_dice,0.2737264903499739,0.42928039166886633,0.08442135164195427,0.42210675820977134
P2,F1,71,stored_logits,fit_dice_exact,mean_tile_iou,0.36755931303681005,0.534965895000734,0.10573860475362518,0.5286930237681259
P2,F1,71,stored_logits,fit_dice_exact,pooled_miou,0.18396090120748823,0.24427339993285888,0.048776353243620466,0.2438817662181023
P2,F1,71,stored_logits,fit_dice_exact,pooled_dice,0.17317891937064536,0.2473569287012458,0.04915216381006164,0.2457608190503082
P2,F1,71,stored_logits,fit_dice_exact,pooled_iou,0.2793668064541612,0.38380940299886923,0.07639279975943833,0.3819639987971916
P2,F1,71,stored_logits,fit_iou_exact,mean_tile_miou,0.24174618383319874,0.3344459971672291,0.06620566112610209,0.3310283056305104
P2,F1,71,stored_logits,fit_iou_exact,mean_tile_dice,0.2856462919895851,0.42928039166886645,0.08515198757426387,0.4257599378713193
P2,F1,71,stored_logits,fit_iou_exact,mean_tile_iou,0.3780751386363609,0.534965895000734,0.10617886053901185,0.5308943026950592
P2,F1,71,stored_logits,fit_iou_exact,pooled_miou,0.17911528664174128,0.24427339993285888,0.047858658716943135,0.23929329358471566
P2,F1,71,stored_logits,fit_iou_exact,pooled_dice,0.17025451727896213,0.2473569287012458,0.048093142553015875,0.24046571276507936
P2,F1,71,stored_logits,fit_iou_exact,pooled_iou,0.2764752676477306,0.38380940299886923,0.07525993819183613,0.37629969095918064
P2,F1,71,original_audit,legacy_self_overlap,mean_tile_miou,0.2559527396966015,0.3349580847775413,0.06658880128569895,0.33294400642849475
P2,F1,71,original_audit,legacy_self_overlap,mean_tile_dice,0.2620894593223444,0.420272517884154,0.0831222632750808,0.41561131637540394
P2,F1,71,original_audit,legacy_self_overlap,mean_tile_iou,0.3569813973414485,0.5294702664034007,0.10500113756379309,0.5250056878189654
P2,F1,71,original_audit,legacy_self_overlap,pooled_miou,0.21663942584777182,0.25295840158573907,0.050263154348908705,0.2513157717445435
P2,F1,71,original_audit,legacy_self_overlap,pooled_dice,0.19082282184501487,0.25606149817773877,0.05061290491562405,0.25306452457812023
P2,F1,71,original_audit,legacy_self_overlap,pooled_iou,0.30288479694328824,0.39414756543039053,0.07808276411533176,0.39041382057665874
P2,F1,71,original_audit,frozen_v2,mean_tile_miou,0.26676474913379405,0.3344048119998123,0.06707127473758424,0.3353563736879212
P2,F1,71,original_audit,frozen_v2,mean_tile_dice,0.41257037158529486,0.5148725057225266,0.10314839125656239,0.5157419562828119
P2,F1,71,original_audit,frozen_v2,mean_tile_iou,0.48990538154395746,0.6035924589011776,0.12085871922770874,0.6042935961385437
P2,F1,71,original_audit,frozen_v2,pooled_miou,0.15080041078627596,0.2028042669753546,0.04042444234267402,0.20212221171337008
P2,F1,71,original_audit,frozen_v2,pooled_dice,0.16263724295456222,0.21681362691593262,0.0429981321899049,0.2149906609495245
P2,F1,71,original_audit,frozen_v2,pooled_iou,0.26433039864227403,0.3478957580566697,0.06914923789567085,0.3457461894783542
P2,F1,71,original_audit,sdc_native,mean_tile_miou,0.2559527396966015,0.3349580847775413,0.06658880128569895,0.33294400642849475
P2,F1,71,original_audit,sdc_native,mean_tile_dice,0.2620894593223444,0.420272517884154,0.0831222632750808,0.41561131637540394
P2,F1,71,original_audit,sdc_native,mean_tile_iou,0.3569813973414485,0.5294702664034007,0.10500113756379309,0.5250056878189654
P2,F1,71,original_audit,sdc_native,pooled_miou,0.21663942584777182,0.25295840158573907,0.050263154348908705,0.2513157717445435
P2,F1,71,original_audit,sdc_native,pooled_dice,0.19082282184501487,0.25606149817773877,0.05061290491562405,0.25306452457812023
P2,F1,71,original_audit,sdc_native,pooled_iou,0.30288479694328824,0.39414756543039053,0.07808276411533176,0.39041382057665874
P2,F1,71,original_audit,sdc_exact,mean_tile_miou,0.2559527396966015,0.3349580847775413,0.06658880128569895,0.33294400642849475
P2,F1,71,original_audit,sdc_exact,mean_tile_dice,0.2620894593223444,0.420272517884154,0.0831222632750808,0.41561131637540394
P2,F1,71,original_audit,sdc_exact,mean_tile_iou,0.3569813973414485,0.5294702664034007,0.10500113756379309,0.5250056878189654
P2,F1,71,original_audit,sdc_exact,pooled_miou,0.21663942584777182,0.25295840158573907,0.050263154348908705,0.2513157717445435
P2,F1,71,original_audit,sdc_exact,pooled_dice,0.19082282184501487,0.25606149817773877,0.05061290491562405,0.25306452457812023
P2,F1,71,original_audit,sdc_exact,pooled_iou,0.30288479694328824,0.39414756543039053,0.07808276411533176,0.39041382057665874
P2,F1,71,original_audit,fit_miou_exact,mean_tile_miou,0.26950244432503734,0.3344048119998123,0.06720465203171824,0.3360232601585912
P2,F1,71,original_audit,fit_miou_exact,mean_tile_dice,0.41849839658759674,0.5148725057225265,0.10358416599015177,0.5179208299507588
P2,F1,71,original_audit,fit_miou_exact,mean_tile_iou,0.4951530686622667,0.6035924589011776,0.12125581581946454,0.6062790790973227
P2,F1,71,original_audit,fit_miou_exact,pooled_miou,0.15101909624974072,0.2028042669753546,0.04044782073593034,0.2022391036796517
P2,F1,71,original_audit,fit_miou_exact,pooled_dice,0.16340994849073093,0.21681362691593262,0.04309726059269166,0.21548630296345828
P2,F1,71,original_audit,fit_miou_exact,pooled_iou,0.2652950000060194,0.3478957580566697,0.06929142590767698,0.34645712953838487
P2,F1,71,original_audit,fit_dice_exact,mean_tile_miou,0.23973536913159813,0.33444381256586536,0.06636869055177504,0.33184345275887517
P2,F1,71,original_audit,fit_dice_exact,mean_tile_dice,0.27372309651244914,0.429277159182272,0.08442039185661168,0.4221019592830584
P2,F1,71,original_audit,fit_dice_exact,mean_tile_iou,0.36755580962399304,0.5349622439188664,0.10573764818701403,0.5286882409350702
P2,F1,71,original_audit,fit_dice_exact,pooled_miou,0.1839585330852947,0.24427076108529513,0.04877579230083109,0.24387896150415542
P2,F1,71,original_audit,fit_dice_exact,pooled_dice,0.1731756594142296,0.24735271123403876,0.049151283410646465,0.2457564170532323
P2,F1,71,original_audit,fit_dice_exact,pooled_iou,0.27936286357744805,0.38380473018662065,0.07639181917748503,0.3819590958874251
P2,F1,71,original_audit,fit_iou_exact,mean_tile_miou,0.2417441912708447,0.33444381256586536,0.06620509827822646,0.3310254913911323
P2,F1,71,original_audit,fit_iou_exact,mean_tile_dice,0.2856432525007959,0.429277159182272,0.0851510165217903,0.4257550826089515
P2,F1,71,original_audit,fit_iou_exact,mean_tile_iou,0.3780720046360228,0.5349622439188664,0.10617789901956225,0.5308894950978112
P2,F1,71,original_audit,fit_iou_exact,pooled_miou,0.17911313937364282,0.24427076108529513,0.04785808156083868,0.2392904078041934
P2,F1,71,original_audit,fit_iou_exact,pooled_dice,0.17025151768679966,0.24735271123403876,0.04809225012255529,0.24046125061277643
P2,F1,71,original_audit,fit_iou_exact,pooled_iou,0.27647162664829567,0.38380473018662065,0.075258922409836,0.37629461204918
P2,F2,13,stored_logits,legacy_self_overlap,mean_tile_miou,0.335512643841782,0.3790755321164138,0.07572518920509407,0.3786259460254703
P2,F2,13,stored_logits,legacy_self_overlap,mean_tile_dice,0.4862499686367637,0.6650326130310532,0.13230815477819302,0.6615407738909651
P2,F2,13,stored_logits,legacy_self_overlap,mean_tile_iou,0.5812315738580578,0.7505198588286123,0.14961564927434748,0.7480782463717374
P2,F2,13,stored_logits,legacy_self_overlap,pooled_miou,0.29309328447393695,0.3191299085728976,0.06385899610637166,0.3192949805318583
P2,F2,13,stored_logits,legacy_self_overlap,pooled_dice,0.3342879405943104,0.3982781891984933,0.07957135575824523,0.3978567787912261
P2,F2,13,stored_logits,legacy_self_overlap,pooled_iou,0.4757429525578424,0.5552866794812313,0.11097798701155731,0.5548899350577865
P2,F2,13,stored_logits,frozen_v2,mean_tile_miou,0.3071350072516005,0.3616608019832712,0.07252381797022961,0.36261908985114805
P2,F2,13,stored_logits,frozen_v2,mean_tile_dice,0.531952822412307,0.6916607678673298,0.1378932928801952,0.6894664644009759
P2,F2,13,stored_logits,frozen_v2,mean_tile_iou,0.6177293449932435,0.7716388345759203,0.15398717013311974,0.7699358506655987
P2,F2,13,stored_logits,frozen_v2,pooled_miou,0.24393151267931623,0.299933447227199,0.06054568050875404,0.3027284025437702
P2,F2,13,stored_logits,frozen_v2,pooled_dice,0.28902430825988973,0.3729223550652619,0.07546420936587464,0.3773210468293732
P2,F2,13,stored_logits,frozen_v2,pooled_iou,0.42593576653670806,0.5349249245048501,0.10770579528793092,0.5385289764396546
P2,F2,13,stored_logits,sdc_native,mean_tile_miou,0.33672552147560625,0.37914803766730376,0.07616174254865497,0.3808087127432748
P2,F2,13,stored_logits,sdc_native,mean_tile_dice,0.4862499686367637,0.6650326130310532,0.13230815477819302,0.6615407738909651
P2,F2,13,stored_logits,sdc_native,mean_tile_iou,0.5812315738580578,0.7505198588286123,0.14961564927434748,0.7480782463717374
P2,F2,13,stored_logits,sdc_native,pooled_miou,0.2933310369101746,0.3197250097988547,0.06401223238765373,0.3200611619382686
P2,F2,13,stored_logits,sdc_native,pooled_dice,0.3346438984472705,0.399231822214015,0.07978334155793046,0.39891670778965227
P2,F2,13,stored_logits,sdc_native,pooled_iou,0.4762071657317765,0.5565314240338884,0.11125451059981675,0.5562725529990837
P2,F2,13,stored_logits,sdc_exact,mean_tile_miou,0.33672552147560625,0.37914803766730376,0.07616174254865497,0.3808087127432748
P2,F2,13,stored_logits,sdc_exact,mean_tile_dice,0.4862499686367637,0.6650326130310532,0.13230815477819302,0.6615407738909651
P2,F2,13,stored_logits,sdc_exact,mean_tile_iou,0.5812315738580578,0.7505198588286123,0.14961564927434748,0.7480782463717374
P2,F2,13,stored_logits,sdc_exact,pooled_miou,0.2933310369101746,0.3197250097988547,0.06401223238765373,0.3200611619382686
P2,F2,13,stored_logits,sdc_exact,pooled_dice,0.3346438984472705,0.399231822214015,0.07978334155793046,0.39891670778965227
P2,F2,13,stored_logits,sdc_exact,pooled_iou,0.4762071657317765,0.5565314240338884,0.11125451059981675,0.5562725529990837
P2,F2,13,stored_logits,fit_miou_exact,mean_tile_miou,0.32100685996857103,0.3653838178494338,0.073230206776693,0.3661510338834649
P2,F2,13,stored_logits,fit_miou_exact,mean_tile_dice,0.5254564653838901,0.6858023261435163,0.137581628323019,0.6879081416150951
P2,F2,13,stored_logits,fit_miou_exact,mean_tile_iou,0.6145374965121035,0.7668277793650061,0.15374051370612274,0.7687025685306137
P2,F2,13,stored_logits,fit_miou_exact,pooled_miou,0.2517797834321953,0.2980183682572049,0.06009982468902279,0.3004991234451139
P2,F2,13,stored_logits,fit_miou_exact,pooled_dice,0.30212226997517067,0.370083389827915,0.07501452512126387,0.3750726256063193
P2,F2,13,stored_logits,fit_miou_exact,pooled_iou,0.44290992341042545,0.53151370183326,0.10723902901304641,0.536195145065232
P2,F2,13,stored_logits,fit_dice_exact,mean_tile_miou,0.3286083654518439,0.3770505041997309,0.07524438928185714,0.3762219464092857
P2,F2,13,stored_logits,fit_dice_exact,mean_tile_dice,0.4755895143902583,0.6593143614663746,0.13178827184859915,0.6589413592429957
P2,F2,13,stored_logits,fit_dice_exact,mean_tile_iou,0.5726111803055455,0.7470868576881929,0.1492791297610468,0.7463956488052339
P2,F2,13,stored_logits,fit_dice_exact,pooled_miou,0.28752140698566525,0.31950753697719475,0.06377400903770214,0.3188700451885107
P2,F2,13,stored_logits,fit_dice_exact,pooled_dice,0.3267799121002258,0.3984286767339979,0.07949399909814456,0.39746999549072276
P2,F2,13,stored_logits,fit_dice_exact,pooled_iou,0.4683175251320508,0.5556258701952592,0.11092486047913179,0.554624302395659
P2,F2,13,stored_logits,fit_iou_exact,mean_tile_miou,0.32155968396654094,0.36784636024366213,0.07379354869331471,0.3689677434665735
P2,F2,13,stored_logits,fit_iou_exact,mean_tile_dice,0.47483228125347093,0.6581097556752958,0.13145026889644124,0.6572513444822061
P2,F2,13,stored_logits,fit_iou_exact,mean_tile_iou,0.5717661632643063,0.7461814159352732,0.14907154218418037,0.7453577109209018
P2,F2,13,stored_logits,fit_iou_exact,pooled_miou,0.28062432542562377,0.3181887345838571,0.06358843925835955,0.31794219629179776
P2,F2,13,stored_logits,fit_iou_exact,pooled_dice,0.32043695021062546,0.39632273636338927,0.07911236608922458,0.39556183044612286
P2,F2,13,stored_logits,fit_iou_exact,pooled_iou,0.46179890657669903,0.553111788009648,0.11050534657371808,0.5525267328685903
P2,F2,13,original_audit,legacy_self_overlap,mean_tile_miou,0.33551341599950574,0.37907651357877553,0.07572535376758019,0.3786267688379009
P2,F2,13,original_audit,legacy_self_overlap,mean_tile_dice,0.4862495950284876,0.6650332372481205,0.13230816191054895,0.6615408095527447
P2,F2,13,original_audit,legacy_self_overlap,mean_tile_iou,0.5812315353926155,0.7505203805574565,0.14961569052676102,0.748078452633805
P2,F2,13,original_audit,legacy_self_overlap,pooled_miou,0.2930946206537249,0.3191313318830709,0.06385927730177687,0.31929638650888437
P2,F2,13,original_audit,legacy_self_overlap,pooled_dice,0.3342889406577942,0.398279620725196,0.07957163414953222,0.3978581707476611
P2,F2,13,original_audit,legacy_self_overlap,pooled_iou,0.4757440525125867,0.5552881407656309,0.11097827164432184,0.5548913582216092
P2,F2,13,original_audit,frozen_v2,mean_tile_miou,0.3071345539279551,0.3616601683926552,0.07252368805405854,0.36261844027029266
P2,F2,13,original_audit,frozen_v2,mean_tile_dice,0.5319498529187539,0.6916562001077041,0.13789235964812058,0.6894617982406028
P2,F2,13,original_audit,frozen_v2,mean_tile_iou,0.6177277147892543,0.771636583300222,0.15398670334217182,0.7699335167108591
P2,F2,13,original_audit,frozen_v2,pooled_miou,0.24393182320238843,0.29993439945750083,0.06054586686574058,0.30272933432870286
P2,F2,13,original_audit,frozen_v2,pooled_dice,0.28902452028911285,0.37292341644396165,0.07546440532356606,0.37732202661783026
P2,F2,13,original_audit,frozen_v2,pooled_iou,0.4259357218435309,0.5349259887985941,0.10770598675384721,0.538529933769236
P2,F2,13,original_audit,sdc_native,mean_tile_miou,0.33672629363333,0.37914901912966553,0.0761619071111411,0.38080953555570546
P2,F2,13,original_audit,sdc_native,mean_tile_dice,0.4862495950284876,0.6650332372481205,0.13230816191054895,0.6615408095527447
P2,F2,13,original_audit,sdc_native,mean_tile_iou,0.5812315353926155,0.7505203805574565,0.14961569052676102,0.748078452633805
P2,F2,13,original_audit,sdc_native,pooled_miou,0.29333236981362854,0.31972642372598853,0.06401251181316536,0.3200625590658268
P2,F2,13,original_audit,sdc_native,pooled_dice,0.334644895285165,0.39923324508996966,0.07978361802768548,0.3989180901384274
P2,F2,13,original_audit,sdc_native,pooled_iou,0.4762082601569693,0.5565328704680474,0.11125479193728607,0.5562739596864303
P2,F2,13,original_audit,sdc_exact,mean_tile_miou,0.33672629363333,0.37914901912966553,0.0761619071111411,0.38080953555570546
P2,F2,13,original_audit,sdc_exact,mean_tile_dice,0.4862495950284876,0.6650332372481205,0.13230816191054895,0.6615408095527447
P2,F2,13,original_audit,sdc_exact,mean_tile_iou,0.5812315353926155,0.7505203805574565,0.14961569052676102,0.748078452633805
P2,F2,13,original_audit,sdc_exact,pooled_miou,0.29333236981362854,0.31972642372598853,0.06401251181316536,0.3200625590658268
P2,F2,13,original_audit,sdc_exact,pooled_dice,0.334644895285165,0.39923324508996966,0.07978361802768548,0.3989180901384274
P2,F2,13,original_audit,sdc_exact,pooled_iou,0.4762082601569693,0.5565328704680474,0.11125479193728607,0.5562739596864303
P2,F2,13,original_audit,fit_miou_exact,mean_tile_miou,0.32100652984681577,0.3653832171856947,0.073230077371703,0.36615038685851503
P2,F2,13,original_audit,fit_miou_exact,mean_tile_dice,0.5254536907832611,0.6857978916239887,0.13758071038294403,0.6879035519147201
P2,F2,13,original_audit,fit_miou_exact,mean_tile_iou,0.6145360486736381,0.7668256225787777,0.1537400565794801,0.7687002828974004
P2,F2,13,original_audit,fit_miou_exact,pooled_miou,0.25178049079884846,0.2980192808921732,0.060100007071579406,0.300500035357897
P2,F2,13,original_audit,fit_miou_exact,pooled_dice,0.3021230131932451,0.3700843940907095,0.07501471937588419,0.37507359687942093
P2,F2,13,original_audit,fit_miou_exact,pooled_iou,0.4429106194941034,0.5315147101190327,0.1072392213668527,0.5361961068342634
P2,F2,13,original_audit,fit_dice_exact,mean_tile_miou,0.32860891177072143,0.3770514856620926,0.07524448438514801,0.37622242192574
P2,F2,13,original_audit,fit_dice_exact,mean_tile_dice,0.47558876712765724,0.6593149856834416,0.1317880279101628,0.658940139550814
P2,F2,13,original_audit,fit_dice_exact,mean_tile_iou,0.5726108555191662,0.7470873794170374,0.14927903614205446,0.7463951807102722
P2,F2,13,original_audit,fit_dice_exact,pooled_miou,0.2875224960031642,0.31950896499460857,0.06377427912017239,0.3188713956008619
P2,F2,13,original_audit,fit_dice_exact,pooled_dice,0.32678068501765184,0.3984301083906723,0.07949426064384744,0.3974713032192372
P2,F2,13,original_audit,fit_dice_exact,pooled_iou,0.46831837726959136,0.5556273280019931,0.11092512847549925,0.5546256423774962
P2,F2,13,original_audit,fit_iou_exact,mean_tile_miou,0.321560321938084,0.3678473417060239,0.07379364379660558,0.3689682189830279
P2,F2,13,original_audit,fit_iou_exact,mean_tile_dice,0.4748317781205261,0.658110379892363,0.13145002495800487,0.6572501247900243
P2,F2,13,original_audit,fit_iou_exact,mean_tile_iou,0.5717660488335654,0.7461819376641176,0.14907144856518803,0.7453572428259401
P2,F2,13,original_audit,fit_iou_exact,pooled_miou,0.2806255558570343,0.31819018050710446,0.06358871402127339,0.3179435701063669
P2,F2,13,original_audit,fit_iou_exact,pooled_dice,0.3204379754811472,0.39632419060179364,0.07911263263610394,0.39556316318051965
P2,F2,13,original_audit,fit_iou_exact,pooled_iou,0.4618000426917898,0.553113276914127,0.11050562055781266,0.5525281027890633
P2,F2,37,stored_logits,legacy_self_overlap,mean_tile_miou,0.32724888269450736,0.36065176300646984,0.07216060071895906,0.3608030035947953
P2,F2,37,stored_logits,legacy_self_overlap,mean_tile_dice,0.49758743348557105,0.6860463154545579,0.13711616944698254,0.6855808472349126
P2,F2,37,stored_logits,legacy_self_overlap,mean_tile_iou,0.5900144979975886,0.7660354912367766,0.15307223438134693,0.7653611719067346
P2,F2,37,stored_logits,legacy_self_overlap,pooled_miou,0.29220172323498655,0.31727517837818864,0.06335216901956099,0.31676084509780494
P2,F2,37,stored_logits,legacy_self_overlap,pooled_dice,0.3328096272884381,0.39593177963739823,0.07905112478572036,0.3952556239286018
P2,F2,37,stored_logits,legacy_self_overlap,pooled_iou,0.47581572027091157,0.5547061410408943,0.11079320001234488,0.5539660000617244
P2,F2,37,stored_logits,frozen_v2,mean_tile_miou,0.3007645519326195,0.3474703735615028,0.06974667473333723,0.34873337366668616
P2,F2,37,stored_logits,frozen_v2,mean_tile_dice,0.5766559733819921,0.719392077320435,0.14376612838080022,0.718830641904001
P2,F2,37,stored_logits,frozen_v2,mean_tile_iou,0.652190034247219,0.7897365320801365,0.15786779628430606,0.7893389814215303
P2,F2,37,stored_logits,frozen_v2,pooled_miou,0.25785573734580336,0.29469221683580105,0.0596359341446879,0.2981796707234395
P2,F2,37,stored_logits,frozen_v2,pooled_dice,0.3139474216458215,0.3669516855702188,0.07432680187555968,0.3716340093777984
P2,F2,37,stored_logits,frozen_v2,pooled_iou,0.45518899818629144,0.5283476657999066,0.10658767793459353,0.5329383896729676
P2,F2,37,stored_logits,sdc_native,mean_tile_miou,0.32847799932832056,0.3606676186727528,0.0724858600273695,0.36242930013684743
P2,F2,37,stored_logits,sdc_native,mean_tile_dice,0.49758743348557105,0.6860463154545579,0.13711616944698254,0.6855808472349126
P2,F2,37,stored_logits,sdc_native,mean_tile_iou,0.5900144979975886,0.7660354912367766,0.15307223438134693,0.7653611719067346
P2,F2,37,stored_logits,sdc_native,pooled_miou,0.2925372550496203,0.31736772056628215,0.0635838283966185,0.31791914198309246
P2,F2,37,stored_logits,sdc_native,pooled_dice,0.3335891113023715,0.3961483217086092,0.0794183889337173,0.3970919446685865
P2,F2,37,stored_logits,sdc_native,pooled_iou,0.47681068662713716,0.5549860269508139,0.11126182238506505,0.5563091119253252
P2,F2,37,stored_logits,sdc_exact,mean_tile_miou,0.32847799932832056,0.3606676186727528,0.0724858600273695,0.36242930013684743
P2,F2,37,stored_logits,sdc_exact,mean_tile_dice,0.49758743348557105,0.6860463154545579,0.13711616944698254,0.6855808472349126
P2,F2,37,stored_logits,sdc_exact,mean_tile_iou,0.5900144979975886,0.7660354912367766,0.15307223438134693,0.7653611719067346
P2,F2,37,stored_logits,sdc_exact,pooled_miou,0.2925372550496203,0.31736772056628215,0.0635838283966185,0.31791914198309246
P2,F2,37,stored_logits,sdc_exact,pooled_dice,0.3335891113023715,0.3961483217086092,0.0794183889337173,0.3970919446685865
P2,F2,37,stored_logits,sdc_exact,pooled_iou,0.47681068662713716,0.5549860269508139,0.11126182238506505,0.5563091119253252
P2,F2,37,stored_logits,fit_miou_exact,mean_tile_miou,0.3112001768135322,0.35032280164952606,0.07025554514805255,0.3512777257402627
P2,F2,37,stored_logits,fit_miou_exact,mean_tile_dice,0.5656619035366622,0.7149165941507082,0.14304284163688624,0.7152142081844312
P2,F2,37,stored_logits,fit_miou_exact,mean_tile_iou,0.6433702116647307,0.7867051186740186,0.1573755338230643,0.7868776691153214
P2,F2,37,stored_logits,fit_miou_exact,pooled_miou,0.25656892020601424,0.29530003636787977,0.05975897519688756,0.29879487598443777
P2,F2,37,stored_logits,fit_miou_exact,pooled_dice,0.3137585459809869,0.3679415161107638,0.07470638962184528,0.3735319481092264
P2,F2,37,stored_logits,fit_miou_exact,pooled_iou,0.45426097451375913,0.5296279635070118,0.10694988151641974,0.5347494075820987
P2,F2,37,stored_logits,fit_dice_exact,mean_tile_miou,0.3197914676790344,0.3605382935252915,0.07195681884051483,0.3597840942025741
P2,F2,37,stored_logits,fit_dice_exact,mean_tile_dice,0.49007024889476514,0.6860720594562055,0.13690158457759039,0.6845079228879519
P2,F2,37,stored_logits,fit_dice_exact,mean_tile_iou,0.5840764374723831,0.7660483826523831,0.1529497006961516,0.764748503480758
P2,F2,37,stored_logits,fit_dice_exact,pooled_miou,0.28764340807892025,0.31703948851488123,0.06330971147491476,0.3165485573745738
P2,F2,37,stored_logits,fit_dice_exact,pooled_dice,0.32710981983729004,0.3959206167393692,0.0790902839701486,0.39545141985074295
P2,F2,37,stored_logits,fit_dice_exact,pooled_iou,0.4702191387014646,0.5547348291653268,0.11085156480229119,0.554257824011456
P2,F2,37,stored_logits,fit_iou_exact,mean_tile_miou,0.3135600254041797,0.35170714275959797,0.07065638324844509,0.35328191624222544
P2,F2,37,stored_logits,fit_iou_exact,mean_tile_dice,0.49278556636120335,0.6854679520416179,0.1369766138297252,0.684883069148626
P2,F2,37,stored_logits,fit_iou_exact,mean_tile_iou,0.5861292528483737,0.7657069324547329,0.15299163063652546,0.7649581531826273
P2,F2,37,stored_logits,fit_iou_exact,pooled_miou,0.28223073616183925,0.3161530834244759,0.06319108851115893,0.3159554425557946
P2,F2,37,stored_logits,fit_iou_exact,pooled_dice,0.32306872337228904,0.39469421639203245,0.07889235427445601,0.39446177137228006
P2,F2,37,stored_logits,fit_iou_exact,pooled_iou,0.465995268292755,0.5532214069205666,0.11064221136724109,0.5532110568362054
P2,F2,37,original_audit,legacy_self_overlap,mean_tile_miou,0.32724863184507413,0.3606514349285785,0.07216053551523875,0.3608026775761937
P2,F2,37,original_audit,legacy_self_overlap,mean_tile_dice,0.497584930451963,0.6860435075310655,0.13711560619682284,0.6855780309841142
P2,F2,37,original_audit,legacy_self_overlap,mean_tile_iou,0.5900130383738831,0.7660338673136872,0.15307190912186433,0.7653595456093216
P2,F2,37,original_audit,legacy_self_overlap,pooled_miou,0.29220240341302406,0.31727589154637215,0.06335231155529653,0.3167615577764826
P2,F2,37,original_audit,legacy_self_overlap,pooled_dice,0.33281043466789445,0.39593284888772934,0.0790513399315949,0.39525669965797444
P2,F2,37,original_audit,legacy_self_overlap,pooled_iou,0.47581617685331207,0.5547066550505436,0.11079330388689912,0.5539665194344956
P2,F2,37,original_audit,frozen_v2,mean_tile_miou,0.3007651284232655,0.34747025295205086,0.06974666296779847,0.34873331483899234
P2,F2,37,original_audit,frozen_v2,mean_tile_dice,0.5766562277654266,0.7193899789251007,0.14376575336868125,0.7188287668434062
P2,F2,37,original_audit,frozen_v2,mean_tile_iou,0.6521905195074923,0.789735574566865,0.15786761820783907,0.7893380910391953
P2,F2,37,original_audit,frozen_v2,pooled_miou,0.2578565338748332,0.29469277238630437,0.05963605340974592,0.2981802670487296
P2,F2,37,original_audit,frozen_v2,pooled_dice,0.31394856526582154,0.3669525657731388,0.0743269879508284,0.37163493975414197
P2,F2,37,original_audit,frozen_v2,pooled_iou,0.4551899710599958,0.5283481470613678,0.10658777684722841,0.532938884236142
P2,F2,37,original_audit,sdc_native,mean_tile_miou,0.32847774847888733,0.36066729059486136,0.07248579482364918,0.3624289741182459
P2,F2,37,original_audit,sdc_native,mean_tile_dice,0.497584930451963,0.6860435075310655,0.13711560619682284,0.6855780309841142
P2,F2,37,original_audit,sdc_native,mean_tile_iou,0.5900130383738831,0.7660338673136872,0.15307190912186433,0.7653595456093216
P2,F2,37,original_audit,sdc_native,pooled_miou,0.2925379400193816,0.3173684353402633,0.06358397246169357,0.31791986230846786
P2,F2,37,original_audit,sdc_native,pooled_dice,0.3335899188695415,0.3961493910699227,0.07941860416080498,0.3970930208040249
P2,F2,37,original_audit,sdc_native,pooled_iou,0.47681114937560487,0.5549865427789836,0.11126192915444055,0.5563096457722028
P2,F2,37,original_audit,sdc_exact,mean_tile_miou,0.32847774847888733,0.36066729059486136,0.07248579482364918,0.3624289741182459
P2,F2,37,original_audit,sdc_exact,mean_tile_dice,0.497584930451963,0.6860435075310655,0.13711560619682284,0.6855780309841142
P2,F2,37,original_audit,sdc_exact,mean_tile_iou,0.5900130383738831,0.7660338673136872,0.15307190912186433,0.7653595456093216
P2,F2,37,original_audit,sdc_exact,pooled_miou,0.2925379400193816,0.3173684353402633,0.06358397246169357,0.31791986230846786
P2,F2,37,original_audit,sdc_exact,pooled_dice,0.3335899188695415,0.3961493910699227,0.07941860416080498,0.3970930208040249
P2,F2,37,original_audit,sdc_exact,pooled_iou,0.47681114937560487,0.5549865427789836,0.11126192915444055,0.5563096457722028
P2,F2,37,original_audit,fit_miou_exact,mean_tile_miou,0.31119997375379677,0.35032218403344967,0.07025546362110863,0.35127731810554313
P2,F2,37,original_audit,fit_miou_exact,mean_tile_dice,0.5656599430820387,0.7149134477043835,0.14304229761277856,0.7152114880638928
P2,F2,37,original_audit,fit_miou_exact,mean_tile_iou,0.643369233779017,0.7867031994179152,0.1573752284222946,0.7868761421114729
P2,F2,37,original_audit,fit_miou_exact,pooled_miou,0.256569502357712,0.2953002994915484,0.05975905608272046,0.29879528041360226
P2,F2,37,original_audit,fit_miou_exact,pooled_dice,0.313759423186581,0.36794196876585633,0.07470652064219646,0.3735326032109823
P2,F2,37,original_audit,fit_miou_exact,pooled_iou,0.454261617741158,0.5296278995864929,0.10694991581686825,0.5347495790843412
P2,F2,37,original_audit,fit_dice_exact,mean_tile_miou,0.31979120569896413,0.3605379654474002,0.07195675363679452,0.35978376818397256
P2,F2,37,original_audit,fit_dice_exact,mean_tile_dice,0.4900677428969972,0.6860692515327133,0.13690102132743068,0.6845051066371534
P2,F2,37,original_audit,fit_dice_exact,mean_tile_iou,0.5840749659344522,0.7660467587292934,0.15294937543666898,0.7647468771833449
P2,F2,37,original_audit,fit_dice_exact,pooled_miou,0.2876441010809727,0.3170402054120206,0.06330985507672936,0.31654927538364674
P2,F2,37,original_audit,fit_dice_exact,pooled_dice,0.32711063884967095,0.39592168808402156,0.07909049942762528,0.39545249713812636
P2,F2,37,original_audit,fit_dice_exact,pooled_iou,0.4702196181008458,0.5547353474743408,0.11085166970039753,0.5542583485019876
P2,F2,37,original_audit,fit_iou_exact,mean_tile_miou,0.3135598063277655,0.3517068146817066,0.07065631677144751,0.35328158385723757
P2,F2,37,original_audit,fit_iou_exact,mean_tile_dice,0.49278318623588474,0.6854651441181255,0.1369760489954443,0.6848802449772214
P2,F2,37,original_audit,fit_iou_exact,mean_tile_iou,0.5861278904920345,0.7657053085316433,0.15299130445733625,0.7649565222866812
P2,F2,37,original_audit,fit_iou_exact,pooled_miou,0.2822314393524188,0.31615379888415657,0.06319123085937337,0.3159561542968668
P2,F2,37,original_audit,fit_iou_exact,pooled_dice,0.32306956576340046,0.3946952906224756,0.07889256845028726,0.3944628422514363
P2,F2,37,original_audit,fit_iou_exact,pooled_iou,0.4659957821268007,0.5532219223880117,0.11064231505168526,0.5532115752584262
P2,F2,71,stored_logits,legacy_self_overlap,mean_tile_miou,0.34205000592840856,0.3780876162403697,0.07586385483858485,0.3793192741929242
P2,F2,71,stored_logits,legacy_self_overlap,mean_tile_dice,0.4964255975786005,0.6709470203663255,0.13402894156790135,0.6701447078395067
P2,F2,71,stored_logits,legacy_self_overlap,mean_tile_iou,0.5909308675689791,0.7571023447983188,0.15122931262474218,0.7561465631237109
P2,F2,71,stored_logits,legacy_self_overlap,pooled_miou,0.30252720480081785,0.3298753361907814,0.06590499365812758,0.3295249682906379
P2,F2,71,stored_logits,legacy_self_overlap,pooled_dice,0.3451287130893883,0.4108225830626548,0.08209477086884653,0.41047385434423267
P2,F2,71,stored_logits,legacy_self_overlap,pooled_iou,0.4865212858124751,0.5675806827913977,0.11344857930223562,0.5672428965111781
P2,F2,71,stored_logits,frozen_v2,mean_tile_miou,0.3171264050760113,0.3669562156343571,0.07331271498419455,0.3665635749209727
P2,F2,71,stored_logits,frozen_v2,mean_tile_dice,0.5750369565773453,0.7167904138640105,0.1433298754198179,0.7166493770990895
P2,F2,71,stored_logits,frozen_v2,mean_tile_iou,0.6539467560967629,0.7929924515451557,0.1584398372795962,0.792199186397981
P2,F2,71,stored_logits,frozen_v2,pooled_miou,0.26644989434236344,0.3162316096565941,0.06220490674035475,0.31102453370177374
P2,F2,71,stored_logits,frozen_v2,pooled_dice,0.3359018817968351,0.4054725368021852,0.07938955820786511,0.39694779103932554
P2,F2,71,stored_logits,frozen_v2,pooled_iou,0.47117000453246294,0.562086660913735,0.1107181295007502,0.553590647503751
P2,F2,71,stored_logits,sdc_native,mean_tile_miou,0.342497157330131,0.37809566949015266,0.0760849521950093,0.38042476097504646
P2,F2,71,stored_logits,sdc_native,mean_tile_dice,0.4964255975786005,0.6709470203663255,0.13402894156790135,0.6701447078395067
P2,F2,71,stored_logits,sdc_native,mean_tile_iou,0.5909308675689791,0.7571023447983188,0.15122931262474218,0.7561465631237109
P2,F2,71,stored_logits,sdc_native,pooled_miou,0.30265741174688415,0.33029759677291787,0.06598732075197448,0.3299366037598724
P2,F2,71,stored_logits,sdc_native,pooled_dice,0.34528588866977333,0.4109272392297149,0.08214296752737973,0.41071483763689864
P2,F2,71,stored_logits,sdc_native,pooled_iou,0.4867255664007783,0.5677166953533842,0.11351121272911213,0.5675560636455607
P2,F2,71,stored_logits,sdc_exact,mean_tile_miou,0.342497157330131,0.37809566949015266,0.0760849521950093,0.38042476097504646
P2,F2,71,stored_logits,sdc_exact,mean_tile_dice,0.4964255975786005,0.6709470203663255,0.13402894156790135,0.6701447078395067
P2,F2,71,stored_logits,sdc_exact,mean_tile_iou,0.5909308675689791,0.7571023447983188,0.15122931262474218,0.7561465631237109
P2,F2,71,stored_logits,sdc_exact,pooled_miou,0.30265741174688415,0.33029759677291787,0.06598732075197448,0.3299366037598724
P2,F2,71,stored_logits,sdc_exact,pooled_dice,0.34528588866977333,0.4109272392297149,0.08214296752737973,0.41071483763689864
P2,F2,71,stored_logits,sdc_exact,pooled_iou,0.4867255664007783,0.5677166953533842,0.11351121272911213,0.5675560636455607
P2,F2,71,stored_logits,fit_miou_exact,mean_tile_miou,0.32953745171225307,0.3642660038758452,0.07366765410679951,0.36833827053399754
P2,F2,71,stored_logits,fit_miou_exact,mean_tile_dice,0.5686552464107979,0.7175172476900525,0.14328197873132995,0.7164098936566496
P2,F2,71,stored_logits,fit_miou_exact,mean_tile_iou,0.6491516333985862,0.7935904367613705,0.1583776044672721,0.7918880223363604
P2,F2,71,stored_logits,fit_miou_exact,pooled_miou,0.27174682446411697,0.3078183391391486,0.06208991078046665,0.3104495539023332
P2,F2,71,stored_logits,fit_miou_exact,pooled_dice,0.3478946636728334,0.3925118264083009,0.07915424561471913,0.39577122807359566
P2,F2,71,stored_logits,fit_miou_exact,pooled_iou,0.4824938884145196,0.5510198924443176,0.11082508502417243,0.5541254251208622
P2,F2,71,stored_logits,fit_dice_exact,mean_tile_miou,0.33973045524031525,0.37640433312004856,0.07544033055683419,0.37720165278417095
P2,F2,71,stored_logits,fit_dice_exact,mean_tile_dice,0.49594872984202343,0.6672798347257594,0.13355509101193297,0.6677754550596648
P2,F2,71,stored_logits,fit_dice_exact,mean_tile_iou,0.5909616791996973,0.7545326160179865,0.15090865471955264,0.7545432735977632
P2,F2,71,stored_logits,fit_dice_exact,pooled_miou,0.2997462113192335,0.3286724101082844,0.06577895238430195,0.32889476192150974
P2,F2,71,stored_logits,fit_dice_exact,pooled_dice,0.34512036472264834,0.40945115527915554,0.0819360604152899,0.4096803020764495
P2,F2,71,stored_logits,fit_dice_exact,pooled_iou,0.4862126543838759,0.5661953599557843,0.11328369159913068,0.5664184579956534
P2,F2,71,stored_logits,fit_iou_exact,mean_tile_miou,0.336234500393056,0.36774285901900794,0.07414321214579223,0.3707160607289611
P2,F2,71,stored_logits,fit_iou_exact,mean_tile_dice,0.49910592515538393,0.6672798347257594,0.1336916559342006,0.6684582796710029
P2,F2,71,stored_logits,fit_iou_exact,mean_tile_iou,0.5934907772965775,0.7545326160179865,0.15099236308095604,0.7549618154047801
P2,F2,71,stored_logits,fit_iou_exact,pooled_miou,0.2972295758254716,0.32815119251006364,0.06566517995382433,0.32832589976912163
P2,F2,71,stored_logits,fit_iou_exact,pooled_dice,0.34440640972266473,0.4085158831901123,0.0817073041637511,0.4085365208187555
P2,F2,71,stored_logits,fit_iou_exact,pooled_iou,0.4854734311233927,0.5649772094489766,0.1130178709190843,0.5650893545954214
P2,F2,71,original_audit,legacy_self_overlap,mean_tile_miou,0.3420508224720358,0.37808833623623817,0.07586399740916189,0.37931998704580944
P2,F2,71,original_audit,legacy_self_overlap,mean_tile_dice,0.4964262839706695,0.6709477749818755,0.13402908829558138,0.6701454414779069
P2,F2,71,original_audit,legacy_self_overlap,mean_tile_iou,0.5909315846753347,0.7571029720612122,0.1512294358040497,0.7561471790202485
P2,F2,71,original_audit,legacy_self_overlap,pooled_miou,0.30252819813809806,0.3298763634352172,0.06590519695067669,0.3295259847533834
P2,F2,71,original_audit,legacy_self_overlap,pooled_dice,0.34512991027233036,0.4108240283524938,0.08209505795040027,0.4104752897520013
P2,F2,71,original_audit,legacy_self_overlap,pooled_iou,0.4865223627525462,0.5675819189134773,0.11344882527435192,0.5672441263717596
P2,F2,71,original_audit,frozen_v2,mean_tile_miou,0.31712679168899083,0.3669568296368428,0.07331282826892739,0.36656414134463694
P2,F2,71,original_audit,frozen_v2,mean_tile_dice,0.5750372677267718,0.7167910030698842,0.14332998661694268,0.7166499330847134
P2,F2,71,original_audit,frozen_v2,mean_tile_iou,0.6539471175340021,0.7929930131868795,0.15843994368108363,0.7921997184054181
P2,F2,71,original_audit,frozen_v2,pooled_miou,0.2664505294261141,0.316232685903541,0.062205105750841566,0.3110255287542078
P2,F2,71,original_audit,frozen_v2,pooled_dice,0.33590280323947774,0.4054741462566767,0.07938985763649298,0.3969492881824649
P2,F2,71,original_audit,frozen_v2,pooled_iou,0.47117092563796303,0.562088197804962,0.11071841856949088,0.5535920928474544
P2,F2,71,original_audit,sdc_native,mean_tile_miou,0.34249797387375835,0.37809638948602114,0.07608509476558634,0.3804254738279317
P2,F2,71,original_audit,sdc_native,mean_tile_dice,0.4964262839706695,0.6709477749818755,0.13402908829558138,0.6701454414779069
P2,F2,71,original_audit,sdc_native,mean_tile_iou,0.5909315846753347,0.7571029720612122,0.1512294358040497,0.7561471790202485
P2,F2,71,original_audit,sdc_native,pooled_miou,0.30265840503531455,0.3302986240819417,0.06598752404221478,0.32993762021107387
P2,F2,71,original_audit,sdc_native,pooled_dice,0.34528708567294125,0.41092868439986646,0.08214325455382279,0.41071627276911393
P2,F2,71,original_audit,sdc_native,pooled_iou,0.48672664323976367,0.5677179314081944,0.11351145867026269,0.5675572933513134
P2,F2,71,original_audit,sdc_exact,mean_tile_miou,0.34249797387375835,0.37809638948602114,0.07608509476558634,0.3804254738279317
P2,F2,71,original_audit,sdc_exact,mean_tile_dice,0.4964262839706695,0.6709477749818755,0.13402908829558138,0.6701454414779069
P2,F2,71,original_audit,sdc_exact,mean_tile_iou,0.5909315846753347,0.7571029720612122,0.1512294358040497,0.7561471790202485
P2,F2,71,original_audit,sdc_exact,pooled_miou,0.30265840503531455,0.3302986240819417,0.06598752404221478,0.32993762021107387
P2,F2,71,original_audit,sdc_exact,pooled_dice,0.34528708567294125,0.41092868439986646,0.08214325455382279,0.41071627276911393
P2,F2,71,original_audit,sdc_exact,pooled_iou,0.48672664323976367,0.5677179314081944,0.11351145867026269,0.5675572933513134
P2,F2,71,original_audit,fit_miou_exact,mean_tile_miou,0.329537907277742,0.3642665493404147,0.07366776628767764,0.3683388314383882
P2,F2,71,original_audit,fit_miou_exact,mean_tile_dice,0.5686556043859686,0.7175178368959263,0.14328209203596082,0.716410460179804
P2,F2,71,original_audit,fit_miou_exact,mean_tile_iou,0.6491520725297311,0.7935909984030943,0.15837771433496362,0.7918885716748181
P2,F2,71,original_audit,fit_miou_exact,pooled_miou,0.2717475897365004,0.30781929985910567,0.06209011065986483,0.31045055329932414
P2,F2,71,original_audit,fit_miou_exact,pooled_dice,0.34789577300969654,0.3925132862830492,0.07915454757172057,0.3957727378586028
P2,F2,71,original_audit,fit_miou_exact,pooled_iou,0.4824950256781729,0.5510213500379351,0.11082538250739285,0.5541269125369642
P2,F2,71,original_audit,fit_dice_exact,mean_tile_miou,0.33973122081720536,0.37640501503380314,0.07544046808466978,0.3772023404233489
P2,F2,71,original_audit,fit_dice_exact,mean_tile_dice,0.4959493625846413,0.6672805063203434,0.1335552267461774,0.667776133730887
P2,F2,71,original_audit,fit_dice_exact,mean_tile_iou,0.5909623699639686,0.7545331963091572,0.1509087716789782,0.754543858394891
P2,F2,71,original_audit,fit_dice_exact,pooled_miou,0.2997470998509682,0.3286733788028497,0.06577914854332789,0.32889574271663946
P2,F2,71,original_audit,fit_dice_exact,pooled_dice,0.34512145962692337,0.4094525080234246,0.0819363356509934,0.409681678254967
P2,F2,71,original_audit,fit_dice_exact,pooled_iou,0.4862136347432045,0.5661965055518682,0.11328392584957823,0.5664196292478911
P2,F2,71,original_audit,fit_iou_exact,mean_tile_miou,0.3362352245166325,0.3677435409327625,0.07414334255225777,0.3707167127612888
P2,F2,71,original_audit,fit_iou_exact,mean_tile_dice,0.4991065180200624,0.6672805063203434,0.1336917760962428,0.6684588804812139
P2,F2,71,original_audit,fit_iou_exact,mean_tile_iou,0.5934914451201168,0.7545331963091572,0.15099247081370692,0.7549623540685346
P2,F2,71,original_audit,fit_iou_exact,pooled_miou,0.2972304071978635,0.3281521615476395,0.06566536826188109,0.3283268413094054
P2,F2,71,original_audit,fit_iou_exact,pooled_dice,0.3444074517771234,0.40851723700956405,0.08170756755551864,0.40853783777759317
P2,F2,71,original_audit,fit_iou_exact,pooled_iou,0.48547437772046526,0.5649783556570039,0.1130180943583506,0.565090471791753
P2,F3,13,stored_logits,legacy_self_overlap,mean_tile_miou,0.3354114344370505,0.4106093870373779,0.08192508234760165,0.40962541173800826
P2,F3,13,stored_logits,legacy_self_overlap,mean_tile_dice,0.45247089385869826,0.6203193134558285,0.12416048898913806,0.6208024449456903
P2,F3,13,stored_logits,legacy_self_overlap,mean_tile_iou,0.5496435627280136,0.7180092201964672,0.14363176771398262,0.718158838569913
P2,F3,13,stored_logits,legacy_self_overlap,pooled_miou,0.31222387884554476,0.35882166780987806,0.07189897646763282,0.3594948823381641
P2,F3,13,stored_logits,legacy_self_overlap,pooled_dice,0.3693875676512915,0.4605654375468206,0.0922992966846836,0.461496483423418
P2,F3,13,stored_logits,legacy_self_overlap,pooled_iou,0.5086225057013516,0.6214106689251335,0.12448910704994044,0.6224455352497021
P2,F3,13,stored_logits,frozen_v2,mean_tile_miou,0.3285686097807915,0.41187663109015665,0.08205875186259576,0.4102937593129788
P2,F3,13,stored_logits,frozen_v2,mean_tile_dice,0.46177223306925624,0.6245009388401832,0.1249002240884246,0.624501120442123
P2,F3,13,stored_logits,frozen_v2,mean_tile_iou,0.5572295687049648,0.7208464375889937,0.14413939791092573,0.7206969895546286
P2,F3,13,stored_logits,frozen_v2,pooled_miou,0.29033829845691655,0.35999932375816945,0.07168239438565921,0.35841197192829605
P2,F3,13,stored_logits,frozen_v2,pooled_dice,0.3497227215565776,0.4630562535078685,0.09215305515072054,0.4607652757536027
P2,F3,13,stored_logits,frozen_v2,pooled_iou,0.48801091967755994,0.6241642319728108,0.12437809813472958,0.6218904906736479
P2,F3,13,stored_logits,sdc_native,mean_tile_miou,0.33541721930432056,0.4106093870373779,0.08192508234760165,0.40962541173800826
P2,F3,13,stored_logits,sdc_native,mean_tile_dice,0.45247089385869826,0.6203193134558285,0.12416048898913806,0.6208024449456903
P2,F3,13,stored_logits,sdc_native,mean_tile_iou,0.5496435627280136,0.7180092201964672,0.14363176771398262,0.718158838569913
P2,F3,13,stored_logits,sdc_native,pooled_miou,0.31225628408991424,0.35882166780987806,0.07189897646763282,0.3594948823381641
P2,F3,13,stored_logits,sdc_native,pooled_dice,0.36943705450220793,0.4605654375468206,0.0922992966846836,0.461496483423418
P2,F3,13,stored_logits,sdc_native,pooled_iou,0.5086746557411944,0.6214106689251335,0.12448910704994044,0.6224455352497021
P2,F3,13,stored_logits,sdc_exact,mean_tile_miou,0.33541721930432056,0.4106093870373779,0.08192508234760165,0.40962541173800826
P2,F3,13,stored_logits,sdc_exact,mean_tile_dice,0.45247089385869826,0.6203193134558285,0.12416048898913806,0.6208024449456903
P2,F3,13,stored_logits,sdc_exact,mean_tile_iou,0.5496435627280136,0.7180092201964672,0.14363176771398262,0.718158838569913
P2,F3,13,stored_logits,sdc_exact,pooled_miou,0.31225628408991424,0.35882166780987806,0.07189897646763282,0.3594948823381641
P2,F3,13,stored_logits,sdc_exact,pooled_dice,0.36943705450220793,0.4605654375468206,0.0922992966846836,0.461496483423418
P2,F3,13,stored_logits,sdc_exact,pooled_iou,0.5086746557411944,0.6214106689251335,0.12448910704994044,0.6224455352497021
P2,F3,13,stored_logits,fit_miou_exact,mean_tile_miou,0.32853134885156854,0.41187663109015665,0.08205875186259576,0.4102937593129788
P2,F3,13,stored_logits,fit_miou_exact,mean_tile_dice,0.46201369670360254,0.6245009388401832,0.1249002240884246,0.624501120442123
P2,F3,13,stored_logits,fit_miou_exact,mean_tile_iou,0.5573740184945334,0.7208464375889937,0.14413939791092573,0.7206969895546286
P2,F3,13,stored_logits,fit_miou_exact,pooled_miou,0.290179507845432,0.35999932375816945,0.07168239438565921,0.35841197192829605
P2,F3,13,stored_logits,fit_miou_exact,pooled_dice,0.3495853173535929,0.4630562535078685,0.09215305515072054,0.4607652757536027
P2,F3,13,stored_logits,fit_miou_exact,pooled_iou,0.4878994245715921,0.6241642319728108,0.12437809813472958,0.6218904906736479
P2,F3,13,stored_logits,fit_dice_exact,mean_tile_miou,0.33587034460316495,0.4106093870373779,0.0819201182999299,0.4096005914996495
P2,F3,13,stored_logits,fit_dice_exact,mean_tile_dice,0.45362936173541824,0.6203193134558285,0.12417308014884834,0.6208654007442417
P2,F3,13,stored_logits,fit_dice_exact,mean_tile_iou,0.5505622076390455,0.7180092201964672,0.14363845379414023,0.7181922689707011
P2,F3,13,stored_logits,fit_dice_exact,pooled_miou,0.3124561401678032,0.35882166780987806,0.0718752028279065,0.3593760141395325
P2,F3,13,stored_logits,fit_dice_exact,pooled_dice,0.36972833610402583,0.4605654375468206,0.09226945859960432,0.4613472929980216
P2,F3,13,stored_logits,fit_dice_exact,pooled_iou,0.5090401458680301,0.6214106689251335,0.12446656383779658,0.6223328191889829
P2,F3,13,stored_logits,fit_iou_exact,mean_tile_miou,0.3365244404748743,0.4108178640603267,0.08208968097906288,0.4104484048953144
P2,F3,13,stored_logits,fit_iou_exact,mean_tile_dice,0.45328730076652335,0.6203412860937463,0.1242484539300705,0.6212422696503525
P2,F3,13,stored_logits,fit_iou_exact,mean_tile_iou,0.5497914319887229,0.7180252948875905,0.1436861611919762,0.718430805959881
P2,F3,13,stored_logits,fit_iou_exact,pooled_miou,0.3139912888766869,0.36033347358209433,0.07186769940189512,0.35933849700947557
P2,F3,13,stored_logits,fit_iou_exact,pooled_dice,0.37107651821065574,0.4631395666173601,0.09235095565790509,0.46175477828952544
P2,F3,13,stored_logits,fit_iou_exact,pooled_iou,0.5105901399675977,0.6242612357009512,0.12455266805257803,0.6227633402628902
P2,F3,13,original_audit,legacy_self_overlap,mean_tile_miou,0.33541350226519917,0.41061120464419254,0.0819254463824609,0.40962723191230443
P2,F3,13,original_audit,legacy_self_overlap,mean_tile_dice,0.4524722353081066,0.6203208174950523,0.1241607932379715,0.6208039661898574
P2,F3,13,original_audit,legacy_self_overlap,mean_tile_iou,0.5496457411738034,0.718011200820498,0.14363216639672904,0.7181608319836452
P2,F3,13,original_audit,legacy_self_overlap,pooled_miou,0.3122250168241764,0.35882226445885124,0.07189909429333635,0.35949547146668176
P2,F3,13,original_audit,legacy_self_overlap,pooled_dice,0.3693881900382198,0.46056547854275537,0.09229930243399093,0.46149651216995463
P2,F3,13,original_audit,legacy_self_overlap,pooled_iou,0.5086231569961105,0.6214105225880584,0.12448907508446311,0.6224453754223155
P2,F3,13,original_audit,frozen_v2,mean_tile_miou,0.328571061468196,0.4118784486969714,0.08205910822541737,0.4102955411270868
P2,F3,13,original_audit,frozen_v2,mean_tile_dice,0.4617747752627946,0.624502442879407,0.12490051525704604,0.6245025762852302
P2,F3,13,original_audit,frozen_v2,mean_tile_iou,0.5572326516409223,0.7208484182130247,0.14413978851471265,0.7206989425735633
P2,F3,13,original_audit,frozen_v2,pooled_miou,0.2903399270965217,0.3599998954539093,0.07168250083121605,0.3584125041560802
P2,F3,13,original_audit,frozen_v2,pooled_dice,0.3497243253523172,0.46305626162516117,0.09215304666976716,0.4607652333488358
P2,F3,13,original_audit,frozen_v2,pooled_iou,0.48801267138477755,0.6241640481799469,0.12437805443354469,0.6218902721677234
P2,F3,13,original_audit,sdc_native,mean_tile_miou,0.33541928713246927,0.41061120464419254,0.0819254463824609,0.40962723191230443
P2,F3,13,original_audit,sdc_native,mean_tile_dice,0.4524722353081066,0.6203208174950523,0.1241607932379715,0.6208039661898574
P2,F3,13,original_audit,sdc_native,mean_tile_iou,0.5496457411738034,0.718011200820498,0.14363216639672904,0.7181608319836452
P2,F3,13,original_audit,sdc_native,pooled_miou,0.3122574217598099,0.35882226445885124,0.07189909429333635,0.35949547146668176
P2,F3,13,original_audit,sdc_native,pooled_dice,0.36943767627412183,0.46056547854275537,0.09229930243399093,0.46149651216995463
P2,F3,13,original_audit,sdc_native,pooled_iou,0.5086753064100933,0.6214105225880584,0.12448907508446311,0.6224453754223155
P2,F3,13,original_audit,sdc_exact,mean_tile_miou,0.33541928713246927,0.41061120464419254,0.0819254463824609,0.40962723191230443
P2,F3,13,original_audit,sdc_exact,mean_tile_dice,0.4524722353081066,0.6203208174950523,0.1241607932379715,0.6208039661898574
P2,F3,13,original_audit,sdc_exact,mean_tile_iou,0.5496457411738034,0.718011200820498,0.14363216639672904,0.7181608319836452
P2,F3,13,original_audit,sdc_exact,pooled_miou,0.3122574217598099,0.35882226445885124,0.07189909429333635,0.35949547146668176
P2,F3,13,original_audit,sdc_exact,pooled_dice,0.36943767627412183,0.46056547854275537,0.09229930243399093,0.46149651216995463
P2,F3,13,original_audit,sdc_exact,pooled_iou,0.5086753064100933,0.6214105225880584,0.12448907508446311,0.6224453754223155
P2,F3,13,original_audit,fit_miou_exact,mean_tile_miou,0.32853380053897296,0.4118784486969714,0.08205910822541737,0.4102955411270868
P2,F3,13,original_audit,fit_miou_exact,mean_tile_dice,0.4620162388971409,0.624502442879407,0.12490051525704604,0.6245025762852302
P2,F3,13,original_audit,fit_miou_exact,mean_tile_iou,0.5573771014304909,0.7208484182130247,0.14413978851471265,0.7206989425735633
P2,F3,13,original_audit,fit_miou_exact,pooled_miou,0.2901811378794954,0.3599998954539093,0.07168250083121605,0.3584125041560802
P2,F3,13,original_audit,fit_miou_exact,pooled_dice,0.3495869249985438,0.46305626162516117,0.09215304666976716,0.4607652333488358
P2,F3,13,original_audit,fit_miou_exact,pooled_iou,0.48790117949457423,0.6241640481799469,0.12437805443354469,0.6218902721677234
P2,F3,13,original_audit,fit_dice_exact,mean_tile_miou,0.3358724948215006,0.41061120464419265,0.08192048233478916,0.4096024116739458
P2,F3,13,original_audit,fit_dice_exact,mean_tile_dice,0.45363087769232857,0.6203208174950523,0.12417338439768177,0.6208669219884089
P2,F3,13,original_audit,fit_dice_exact,mean_tile_iou,0.5505645299150546,0.718011200820498,0.14363885247688668,0.7181942623844334
P2,F3,13,original_audit,fit_dice_exact,pooled_miou,0.31245729411791295,0.35882226445885124,0.07187532076002832,0.3593766038001416
P2,F3,13,original_audit,fit_dice_exact,pooled_dice,0.36972897384306824,0.46056547854275537,0.09226946481793014,0.4613473240896507
P2,F3,13,original_audit,fit_dice_exact,pooled_iou,0.5090408144218447,0.6214105225880584,0.12446653234669139,0.6223326617334569
P2,F3,13,original_audit,fit_iou_exact,mean_tile_miou,0.3365266020423511,0.4108196816671414,0.08209004018029174,0.4104502009014587
P2,F3,13,original_audit,fit_iou_exact,mean_tile_dice,0.4532888869819752,0.6203427901329701,0.12424874634823017,0.6212437317411509
P2,F3,13,original_audit,fit_iou_exact,mean_tile_iou,0.5497937877532673,0.7180272755116215,0.14368655250194343,0.7184327625097171
P2,F3,13,original_audit,fit_iou_exact,pooled_miou,0.31399241312080045,0.3603340475029364,0.07186781237314642,0.35933906186573206
P2,F3,13,original_audit,fit_iou_exact,pooled_dice,0.3710771049199083,0.46313957722693244,0.09235095591960851,0.46175477959804256
P2,F3,13,original_audit,fit_iou_exact,pooled_iou,0.5105907790653027,0.624261055112577,0.12455263121141397,0.6227631560570698
P2,F3,37,stored_logits,legacy_self_overlap,mean_tile_miou,0.3719203244778495,0.43694924355752224,0.08722577302517434,0.4361288651258717
P2,F3,37,stored_logits,legacy_self_overlap,mean_tile_dice,0.4848640384919085,0.6378554458711552,0.12790024210636264,0.6395012105318132
P2,F3,37,stored_logits,legacy_self_overlap,mean_tile_iou,0.5865760678690362,0.7388046450236045,0.14794861653300753,0.7397430826650376
P2,F3,37,stored_logits,legacy_self_overlap,pooled_miou,0.3436922172174258,0.3853062511079671,0.07709643528151004,0.38548217640755017
P2,F3,37,stored_logits,legacy_self_overlap,pooled_dice,0.3963578614958051,0.48690971518932513,0.09745802709682147,0.4872901354841073
P2,F3,37,stored_logits,legacy_self_overlap,pooled_iou,0.5376451009782476,0.6468371438508858,0.12944607925976334,0.6472303962988166
P2,F3,37,stored_logits,frozen_v2,mean_tile_miou,0.3599213415009756,0.43764032437030587,0.08677244684641848,0.43386223423209236
P2,F3,37,stored_logits,frozen_v2,mean_tile_dice,0.48283902178314875,0.641106352394397,0.12853970947216017,0.6426985473608008
P2,F3,37,stored_logits,frozen_v2,mean_tile_iou,0.584900024350801,0.7408277292182422,0.1483500887131667,0.7417504435658335
P2,F3,37,stored_logits,frozen_v2,pooled_miou,0.3214804674411681,0.3851716560428136,0.07611132469093776,0.38055662345468877
P2,F3,37,stored_logits,frozen_v2,pooled_dice,0.3763772764110938,0.4874428775275658,0.09635237930004749,0.48176189650023743
P2,F3,37,stored_logits,frozen_v2,pooled_iou,0.5172632144364305,0.6474730921423005,0.1284658801873062,0.642329400936531
P2,F3,37,stored_logits,sdc_native,mean_tile_miou,0.37235337539617985,0.43694924355752224,0.08741392627943509,0.4370696313971754
P2,F3,37,stored_logits,sdc_native,mean_tile_dice,0.4848640384919085,0.6378554458711552,0.12790024210636264,0.6395012105318132
P2,F3,37,stored_logits,sdc_native,mean_tile_iou,0.5865760678690362,0.7388046450236045,0.14794861653300753,0.7397430826650376
P2,F3,37,stored_logits,sdc_native,pooled_miou,0.3437361924155513,0.3853062511079671,0.07711824303371978,0.3855912151685989
P2,F3,37,stored_logits,sdc_native,pooled_dice,0.3964234842413424,0.48690971518932513,0.09749220151261691,0.4874610075630845
P2,F3,37,stored_logits,sdc_native,pooled_iou,0.5377082396202495,0.6468371438508858,0.1294814917887758,0.647407458943879
P2,F3,37,stored_logits,sdc_exact,mean_tile_miou,0.37235337539617985,0.43694924355752224,0.08741392627943509,0.4370696313971754
P2,F3,37,stored_logits,sdc_exact,mean_tile_dice,0.4848640384919085,0.6378554458711552,0.12790024210636264,0.6395012105318132
P2,F3,37,stored_logits,sdc_exact,mean_tile_iou,0.5865760678690362,0.7388046450236045,0.14794861653300753,0.7397430826650376
P2,F3,37,stored_logits,sdc_exact,pooled_miou,0.3437361924155513,0.3853062511079671,0.07711824303371978,0.3855912151685989
P2,F3,37,stored_logits,sdc_exact,pooled_dice,0.3964234842413424,0.48690971518932513,0.09749220151261691,0.4874610075630845
P2,F3,37,stored_logits,sdc_exact,pooled_iou,0.5377082396202495,0.6468371438508858,0.1294814917887758,0.647407458943879
P2,F3,37,stored_logits,fit_miou_exact,mean_tile_miou,0.3583810897720862,0.43436721400577893,0.08656420739995976,0.4328210369997988
P2,F3,37,stored_logits,fit_miou_exact,mean_tile_dice,0.48236218357598715,0.6419615991591233,0.12853632746146215,0.6426816373073108
P2,F3,37,stored_logits,fit_miou_exact,mean_tile_iou,0.5843044880249614,0.7413855215351852,0.14835312393979672,0.7417656196989836
P2,F3,37,stored_logits,fit_miou_exact,pooled_miou,0.3191254571828557,0.37811382316294023,0.07568687737766308,0.3784343868883154
P2,F3,37,stored_logits,fit_miou_exact,pooled_dice,0.37435339146004,0.47859615795606425,0.09581811169936384,0.4790905584968192
P2,F3,37,stored_logits,fit_miou_exact,pooled_iou,0.5153429068925712,0.6394162714096646,0.12798126350356984,0.6399063175178491
P2,F3,37,stored_logits,fit_dice_exact,mean_tile_miou,0.3714359411681424,0.43694924355752224,0.08717694216837546,0.4358847108418773
P2,F3,37,stored_logits,fit_dice_exact,mean_tile_dice,0.484684498398975,0.6378554458711552,0.12786584739208454,0.6393292369604227
P2,F3,37,stored_logits,fit_dice_exact,mean_tile_iou,0.5864471610717769,0.7388046450236045,0.14792634300148094,0.7396317150074047
P2,F3,37,stored_logits,fit_dice_exact,pooled_miou,0.34293727807181357,0.3853062511079671,0.07705158017896802,0.3852579008948401
P2,F3,37,stored_logits,fit_dice_exact,pooled_dice,0.39564884721798416,0.48690971518932513,0.0974013551766992,0.487006775883496
P2,F3,37,stored_logits,fit_dice_exact,pooled_iou,0.5369841453248283,0.6468371438508858,0.12938745385265718,0.6469372692632859
P2,F3,37,stored_logits,fit_iou_exact,mean_tile_miou,0.3680600102044296,0.436384984700416,0.08712436539303944,0.4356218269651972
P2,F3,37,stored_logits,fit_iou_exact,mean_tile_dice,0.4797020466557035,0.6371563227842165,0.12779594912039458,0.6389797456019728
P2,F3,37,stored_logits,fit_iou_exact,mean_tile_iou,0.5817709318751161,0.7384323771795362,0.14789335497310763,0.7394667748655381
P2,F3,37,stored_logits,fit_iou_exact,pooled_miou,0.34040449406633183,0.3840647329933617,0.07691869383814418,0.38459346919072085
P2,F3,37,stored_logits,fit_iou_exact,pooled_dice,0.3928900765975203,0.4856451407690677,0.09723449504805776,0.4861724752402888
P2,F3,37,stored_logits,fit_iou_exact,pooled_iou,0.534357477441632,0.6456313215516781,0.12922447764822942,0.6461223882411471
P2,F3,37,original_audit,legacy_self_overlap,mean_tile_miou,0.37192086523181567,0.4369496201505799,0.08722584741465789,0.43612923707328943
P2,F3,37,original_audit,legacy_self_overlap,mean_tile_dice,0.48486453910724436,0.637855670400472,0.127900285352662,0.63950142676331
P2,F3,37,original_audit,legacy_self_overlap,mean_tile_iou,0.5865766522494638,0.7388049546090075,0.14794867769498604,0.7397433884749302
P2,F3,37,original_audit,legacy_self_overlap,pooled_miou,0.34369274049329,0.38530672897539775,0.07709652953862667,0.38548264769313334
P2,F3,37,original_audit,legacy_self_overlap,pooled_dice,0.39635844326537,0.4869103382980191,0.09745815040778175,0.4872907520389087
P2,F3,37,original_audit,legacy_self_overlap,pooled_iou,0.5376456504580814,0.6468376677999632,0.12944618255752732,0.6472309127876366
P2,F3,37,original_audit,frozen_v2,mean_tile_miou,0.3599218274864456,0.4376407009633636,0.0867725167510571,0.43386258375528547
P2,F3,37,original_audit,frozen_v2,mean_tile_dice,0.4828394754957632,0.6411065769237139,0.1285397521087187,0.6426987605435935
P2,F3,37,original_audit,frozen_v2,mean_tile_iou,0.5849005920946292,0.7408280388036452,0.14835014956660217,0.7417507478330108
P2,F3,37,original_audit,frozen_v2,pooled_miou,0.32148091770331405,0.3851721344744029,0.07611141064748035,0.38055705323740174
P2,F3,37,original_audit,frozen_v2,pooled_dice,0.37637780127113873,0.4874435040932879,0.09635249297215817,0.48176246486079083
P2,F3,37,original_audit,frozen_v2,pooled_iou,0.5172637344531118,0.647473618614399,0.12846597699487228,0.6423298849743614
P2,F3,37,original_audit,sdc_native,mean_tile_miou,0.37235391615014596,0.4369496201505799,0.08741400066891863,0.43707000334459317
P2,F3,37,original_audit,sdc_native,mean_tile_dice,0.48486453910724436,0.637855670400472,0.127900285352662,0.63950142676331
P2,F3,37,original_audit,sdc_native,mean_tile_iou,0.5865766522494638,0.7388049546090075,0.14794867769498604,0.7397433884749302
P2,F3,37,original_audit,sdc_native,pooled_miou,0.3437367155700957,0.38530672897539775,0.07711833722929458,0.3855916861464729
P2,F3,37,original_audit,sdc_native,pooled_dice,0.3964240658640105,0.4869103382980191,0.09749232474842819,0.4874616237421409
P2,F3,37,original_audit,sdc_native,pooled_iou,0.5377087889026461,0.6468376677999632,0.12948159498412992,0.6474079749206496
P2,F3,37,original_audit,sdc_exact,mean_tile_miou,0.37235391615014596,0.4369496201505799,0.08741400066891863,0.43707000334459317
P2,F3,37,original_audit,sdc_exact,mean_tile_dice,0.48486453910724436,0.637855670400472,0.127900285352662,0.63950142676331
P2,F3,37,original_audit,sdc_exact,mean_tile_iou,0.5865766522494638,0.7388049546090075,0.14794867769498604,0.7397433884749302
P2,F3,37,original_audit,sdc_exact,pooled_miou,0.3437367155700957,0.38530672897539775,0.07711833722929458,0.3855916861464729
P2,F3,37,original_audit,sdc_exact,pooled_dice,0.3964240658640105,0.4869103382980191,0.09749232474842819,0.4874616237421409
P2,F3,37,original_audit,sdc_exact,pooled_iou,0.5377087889026461,0.6468376677999632,0.12948159498412992,0.6474079749206496
P2,F3,37,original_audit,fit_miou_exact,mean_tile_miou,0.35838157207836685,0.4343675905988367,0.08656427730459838,0.4328213865229919
P2,F3,37,original_audit,fit_miou_exact,mean_tile_dice,0.4823626321486596,0.6419618236884401,0.12853637009802066,0.6426818504901033
P2,F3,37,original_audit,fit_miou_exact,mean_tile_iou,0.5843050518476764,0.7413858311205882,0.14835318479323217,0.7417659239661608
P2,F3,37,original_audit,fit_miou_exact,pooled_miou,0.319125903934038,0.378114302669615,0.07568696353808868,0.3784348176904434
P2,F3,37,original_audit,fit_miou_exact,pooled_dice,0.37435391520038186,0.4785967854512127,0.09581822574507905,0.4790911287253952
P2,F3,37,original_audit,fit_miou_exact,pooled_iou,0.5153434245071982,0.6394167991844926,0.12798136072966826,0.6399068036483413
P2,F3,37,original_audit,fit_dice_exact,mean_tile_miou,0.37143647785425465,0.4369496201505799,0.087177016557859,0.435885082789295
P2,F3,37,original_audit,fit_dice_exact,mean_tile_dice,0.4846849858301583,0.637855670400472,0.12786589063838388,0.6393294531919194
P2,F3,37,original_audit,fit_dice_exact,mean_tile_iou,0.5864477382330718,0.7388049546090075,0.14792640416345948,0.7396320208172974
P2,F3,37,original_audit,fit_dice_exact,pooled_miou,0.34293779780979605,0.38530672897539775,0.07705167450872069,0.38525837254360346
P2,F3,37,original_audit,fit_dice_exact,pooled_dice,0.39564942400506714,0.4869103382980191,0.09740147861434056,0.4870073930717028
P2,F3,37,original_audit,fit_dice_exact,pooled_iou,0.5369846889460614,0.6468376677999632,0.12938755730587645,0.6469377865293822
P2,F3,37,original_audit,fit_iou_exact,mean_tile_miou,0.3680605306405073,0.43638533898902854,0.08712443748773872,0.4356221874386936
P2,F3,37,original_audit,fit_iou_exact,mean_tile_dice,0.4797025182418345,0.6371564953663893,0.12779598702213202,0.6389799351106601
P2,F3,37,original_audit,fit_iou_exact,mean_tile_iou,0.5817714974248487,0.7384326598813347,0.14789341336917688,0.7394670668458844
P2,F3,37,original_audit,fit_iou_exact,pooled_miou,0.34040500098635346,0.3840651772846744,0.07691878477346864,0.3845939238673432
P2,F3,37,original_audit,fit_iou_exact,pooled_dice,0.3928906507117148,0.4856457243730498,0.0972346143823158,0.486173071911579
P2,F3,37,original_audit,fit_iou_exact,pooled_iou,0.534358021712653,0.6456318017934229,0.12922457665308829,0.6461228832654414
P2,F3,71,stored_logits,legacy_self_overlap,mean_tile_miou,0.37612144438181905,0.4396248428233216,0.08789346309011388,0.4394673154505694
P2,F3,71,stored_logits,legacy_self_overlap,mean_tile_dice,0.477810545295015,0.624268669095793,0.12496999642977566,0.6248499821488782
P2,F3,71,stored_logits,legacy_self_overlap,mean_tile_iou,0.579778395019972,0.7278126655205974,0.1456075401923015,0.7280377009615074
P2,F3,71,stored_logits,legacy_self_overlap,pooled_miou,0.3289268444538614,0.37234314348142106,0.07447254226031041,0.3723627113015521
P2,F3,71,stored_logits,legacy_self_overlap,pooled_dice,0.36846112691145366,0.452059171899446,0.09048133543064701,0.45240667715323507
P2,F3,71,stored_logits,legacy_self_overlap,pooled_iou,0.505689071160145,0.6099020384693548,0.12205551229827544,0.6102775614913771
P2,F3,71,stored_logits,frozen_v2,mean_tile_miou,0.36637598391656084,0.43814429064799765,0.08723935929693265,0.4361967964846632
P2,F3,71,stored_logits,frozen_v2,mean_tile_dice,0.5016323507213337,0.6476304166039846,0.1292635687752536,0.646317843876268
P2,F3,71,stored_logits,frozen_v2,mean_tile_iou,0.5971654666179319,0.7427674051329418,0.14829810892336961,0.741490544616848
P2,F3,71,stored_logits,frozen_v2,pooled_miou,0.2963159314170284,0.3579892900610631,0.07132010480098673,0.35660052400493364
P2,F3,71,stored_logits,frozen_v2,pooled_dice,0.3403089691840987,0.4351191172955037,0.08675374497989333,0.4337687248994666
P2,F3,71,stored_logits,frozen_v2,pooled_iou,0.4748534413577503,0.593993760703676,0.11843421598817694,0.5921710799408847
P2,F3,71,stored_logits,sdc_native,mean_tile_miou,0.37612144438181905,0.4396248428233216,0.08789346309011388,0.4394673154505694
P2,F3,71,stored_logits,sdc_native,mean_tile_dice,0.477810545295015,0.624268669095793,0.12496999642977566,0.6248499821488782
P2,F3,71,stored_logits,sdc_native,mean_tile_iou,0.579778395019972,0.7278126655205974,0.1456075401923015,0.7280377009615074
P2,F3,71,stored_logits,sdc_native,pooled_miou,0.3289268444538614,0.37234314348142106,0.07447254226031041,0.3723627113015521
P2,F3,71,stored_logits,sdc_native,pooled_dice,0.36846112691145366,0.452059171899446,0.09048133543064701,0.45240667715323507
P2,F3,71,stored_logits,sdc_native,pooled_iou,0.505689071160145,0.6099020384693548,0.12205551229827544,0.6102775614913771
P2,F3,71,stored_logits,sdc_exact,mean_tile_miou,0.37612144438181905,0.4396248428233216,0.08789346309011388,0.4394673154505694
P2,F3,71,stored_logits,sdc_exact,mean_tile_dice,0.477810545295015,0.624268669095793,0.12496999642977566,0.6248499821488782
P2,F3,71,stored_logits,sdc_exact,mean_tile_iou,0.579778395019972,0.7278126655205974,0.1456075401923015,0.7280377009615074
P2,F3,71,stored_logits,sdc_exact,pooled_miou,0.3289268444538614,0.37234314348142106,0.07447254226031041,0.3723627113015521
P2,F3,71,stored_logits,sdc_exact,pooled_dice,0.36846112691145366,0.452059171899446,0.09048133543064701,0.45240667715323507
P2,F3,71,stored_logits,sdc_exact,pooled_iou,0.505689071160145,0.6099020384693548,0.12205551229827544,0.6102775614913771
P2,F3,71,stored_logits,fit_miou_exact,mean_tile_miou,0.3664409807023634,0.4381442906479976,0.08723935929693263,0.43619679648466314
P2,F3,71,stored_logits,fit_miou_exact,mean_tile_dice,0.5019019162039388,0.6476304166039846,0.1292635687752536,0.646317843876268
P2,F3,71,stored_logits,fit_miou_exact,mean_tile_iou,0.5973305008882955,0.7427674051329418,0.14829810892336961,0.741490544616848
P2,F3,71,stored_logits,fit_miou_exact,pooled_miou,0.2962448517710531,0.3579892900610631,0.07132010480098673,0.35660052400493364
P2,F3,71,stored_logits,fit_miou_exact,pooled_dice,0.34022368168993633,0.4351191172955037,0.08675374497989333,0.4337687248994666
P2,F3,71,stored_logits,fit_miou_exact,pooled_iou,0.47474610553874286,0.593993760703676,0.11843421598817694,0.5921710799408847
P2,F3,71,stored_logits,fit_dice_exact,mean_tile_miou,0.37156200512612636,0.4393489117654017,0.08787467737768229,0.43937338688841143
P2,F3,71,stored_logits,fit_dice_exact,mean_tile_dice,0.4714319211387851,0.6241513455058061,0.1249811533404992,0.624905766702496
P2,F3,71,stored_logits,fit_dice_exact,mean_tile_iou,0.5732406960731705,0.7277532019698487,0.14561648189951315,0.7280824094975658
P2,F3,71,stored_logits,fit_dice_exact,pooled_miou,0.32367055725226573,0.37186447593787497,0.07442115522455031,0.37210577612275153
P2,F3,71,stored_logits,fit_dice_exact,pooled_dice,0.36111792428249584,0.4517580532071167,0.0904179418218129,0.4520897091090645
P2,F3,71,stored_logits,fit_dice_exact,pooled_iou,0.49738896117306886,0.6097794249138946,0.1219990884445672,0.609995442222836
P2,F3,71,stored_logits,fit_iou_exact,mean_tile_miou,0.370560220953772,0.44188327062078386,0.0880739373907384,0.440369686953692
P2,F3,71,stored_logits,fit_iou_exact,mean_tile_dice,0.4708539794012302,0.6343362323856772,0.12636776995004043,0.6318388497502021
P2,F3,71,stored_logits,fit_iou_exact,mean_tile_iou,0.5719008288895082,0.7337869857647694,0.14644330656796978,0.7322165328398489
P2,F3,71,stored_logits,fit_iou_exact,pooled_miou,0.3224782135326586,0.3708241467859131,0.07397696295750697,0.3698848147875348
P2,F3,71,stored_logits,fit_iou_exact,pooled_dice,0.3592710696045043,0.4502813977491141,0.08986402628523307,0.44932013142616534
P2,F3,71,stored_logits,fit_iou_exact,pooled_iou,0.49561781272591965,0.607988053491182,0.12140971256660064,0.6070485628330032
P2,F3,71,original_audit,legacy_self_overlap,mean_tile_miou,0.3761232472087328,0.43962701431747636,0.0878938888064261,0.43946944403213045
P2,F3,71,original_audit,legacy_self_overlap,mean_tile_dice,0.47781146325190915,0.6242702839150388,0.12497030888592188,0.6248515444296093
P2,F3,71,original_audit,legacy_self_overlap,mean_tile_iou,0.579779725992985,0.7278143453345649,0.14560787064308195,0.7280393532154097
P2,F3,71,original_audit,legacy_self_overlap,pooled_miou,0.32892805828609395,0.3723447951221013,0.07447286265145107,0.37236431325725533
P2,F3,71,original_audit,legacy_self_overlap,pooled_dice,0.3684613352835517,0.4520600049784096,0.09048149320517686,0.4524074660258843
P2,F3,71,original_audit,legacy_self_overlap,pooled_iou,0.5056895598442082,0.6099030004806585,0.12205569657707824,0.6102784828853911
P2,F3,71,original_audit,frozen_v2,mean_tile_miou,0.3663774938380375,0.43814578850017927,0.08723966580921366,0.4361983290460683
P2,F3,71,original_audit,frozen_v2,mean_tile_dice,0.5016334122511215,0.6476312754508056,0.1292637553318167,0.6463187766590834
P2,F3,71,original_audit,frozen_v2,mean_tile_iou,0.597167086167041,0.7427685657414466,0.14829835194456703,0.7414917597228351
P2,F3,71,original_audit,frozen_v2,pooled_miou,0.29631677019067026,0.3579900435482069,0.07132027178168736,0.35660135890843675
P2,F3,71,original_audit,frozen_v2,pooled_dice,0.3403089821689886,0.43511895530920913,0.08675373436831028,0.4337686718415514
P2,F3,71,original_audit,frozen_v2,pooled_iou,0.47485394484769095,0.5939937737883881,0.11843424019798414,0.5921712009899207
P2,F3,71,original_audit,sdc_native,mean_tile_miou,0.3761232472087328,0.43962701431747636,0.0878938888064261,0.43946944403213045
P2,F3,71,original_audit,sdc_native,mean_tile_dice,0.47781146325190915,0.6242702839150388,0.12497030888592188,0.6248515444296093
P2,F3,71,original_audit,sdc_native,mean_tile_iou,0.579779725992985,0.7278143453345649,0.14560787064308195,0.7280393532154097
P2,F3,71,original_audit,sdc_native,pooled_miou,0.32892805828609395,0.3723447951221013,0.07447286265145107,0.37236431325725533
P2,F3,71,original_audit,sdc_native,pooled_dice,0.3684613352835517,0.4520600049784096,0.09048149320517686,0.4524074660258843
P2,F3,71,original_audit,sdc_native,pooled_iou,0.5056895598442082,0.6099030004806585,0.12205569657707824,0.6102784828853911
P2,F3,71,original_audit,sdc_exact,mean_tile_miou,0.3761232472087328,0.43962701431747636,0.0878938888064261,0.43946944403213045
P2,F3,71,original_audit,sdc_exact,mean_tile_dice,0.47781146325190915,0.6242702839150388,0.12497030888592188,0.6248515444296093
P2,F3,71,original_audit,sdc_exact,mean_tile_iou,0.579779725992985,0.7278143453345649,0.14560787064308195,0.7280393532154097
P2,F3,71,original_audit,sdc_exact,pooled_miou,0.32892805828609395,0.3723447951221013,0.07447286265145107,0.37236431325725533
P2,F3,71,original_audit,sdc_exact,pooled_dice,0.3684613352835517,0.4520600049784096,0.09048149320517686,0.4524074660258843
P2,F3,71,original_audit,sdc_exact,pooled_iou,0.5056895598442082,0.6099030004806585,0.12205569657707824,0.6102784828853911
P2,F3,71,original_audit,fit_miou_exact,mean_tile_miou,0.3664424906238401,0.43814578850017927,0.08723966580921366,0.4361983290460683
P2,F3,71,original_audit,fit_miou_exact,mean_tile_dice,0.5019029777337266,0.6476312754508056,0.1292637553318167,0.6463187766590834
P2,F3,71,original_audit,fit_miou_exact,mean_tile_iou,0.5973321204374046,0.7427685657414466,0.14829835194456703,0.7414917597228351
P2,F3,71,original_audit,fit_miou_exact,pooled_miou,0.2962456913435061,0.3579900435482069,0.07132027178168736,0.35660135890843675
P2,F3,71,original_audit,fit_miou_exact,pooled_dice,0.34022369558492316,0.43511895530920913,0.08675373436831028,0.4337686718415514
P2,F3,71,original_audit,fit_miou_exact,pooled_iou,0.47474661055201656,0.5939937737883881,0.11843424019798414,0.5921712009899207
P2,F3,71,original_audit,fit_dice_exact,mean_tile_miou,0.37156383816079763,0.439351044936798,0.08787510621932138,0.4393755310966069
P2,F3,71,original_audit,fit_dice_exact,mean_tile_dice,0.47143303312894286,0.6241529560372704,0.12498147800661653,0.6249073900330826
P2,F3,71,original_audit,fit_dice_exact,mean_tile_iou,0.573242212205386,0.7277548796132699,0.145616819895803,0.728084099479015
P2,F3,71,original_audit,fit_dice_exact,pooled_miou,0.32367167410727277,0.37186603864815604,0.07442147227684838,0.3721073613842419
P2,F3,71,original_audit,fit_dice_exact,pooled_dice,0.361118054736686,0.4517587940899334,0.09041809573741537,0.4520904786870768
P2,F3,71,original_audit,fit_dice_exact,pooled_iou,0.4973893640558308,0.6097802998429659,0.12199926803243671,0.6099963401621835
P2,F3,71,original_audit,fit_iou_exact,mean_tile_miou,0.37056212225400975,0.44188538657868515,0.08807435490830229,0.44037177454151144
P2,F3,71,original_audit,fit_iou_exact,mean_tile_dice,0.47085520190598684,0.6343378223803287,0.12636808101909489,0.6318404050954743
P2,F3,71,original_audit,fit_iou_exact,mean_tile_iou,0.5719025235623082,0.7337886518600458,0.14644363620914758,0.7322181810457379
P2,F3,71,original_audit,fit_iou_exact,pooled_miou,0.32247928645417717,0.37082567220285656,0.07397726310605904,0.36988631553029516
P2,F3,71,original_audit,fit_iou_exact,pooled_dice,0.3592711720917271,0.4502820933618109,0.08986416184132208,0.4493208092066104
P2,F3,71,original_audit,fit_iou_exact,pooled_iou,0.4956181726497192,0.6079888707542478,0.1214098734023448,0.607049367011724
