block,partition,seed,mask_basis,endpoint,arm,delta_aurc,delta_risk_080,delta_partial_aurc_070_090,delta_mean_risk_070_090
P1,F1,13,stored_logits,mean_tile_miou,legacy_self_overlap,0.0,0.0,0.0,0.0
P1,F1,13,stored_logits,mean_tile_dice,legacy_self_overlap,0.0,0.0,0.0,0.0
P1,F1,13,stored_logits,mean_tile_iou,legacy_self_overlap,0.0,0.0,0.0,0.0
P1,F1,13,stored_logits,pooled_miou,legacy_self_overlap,0.0,0.0,0.0,0.0
P1,F1,13,stored_logits,pooled_dice,legacy_self_overlap,0.0,0.0,0.0,0.0
P1,F1,13,stored_logits,pooled_iou,legacy_self_overlap,0.0,0.0,0.0,0.0
P1,F1,13,original_audit,mean_tile_miou,legacy_self_overlap,0.0,0.0,0.0,0.0
P1,F1,13,original_audit,mean_tile_dice,legacy_self_overlap,0.0,0.0,0.0,0.0
P1,F1,13,original_audit,mean_tile_iou,legacy_self_overlap,0.0,0.0,0.0,0.0
P1,F1,13,original_audit,pooled_miou,legacy_self_overlap,0.0,0.0,0.0,0.0
P1,F1,13,original_audit,pooled_dice,legacy_self_overlap,0.0,0.0,0.0,0.0
P1,F1,13,original_audit,pooled_iou,legacy_self_overlap,0.0,0.0,0.0,0.0
P1,F1,37,stored_logits,mean_tile_miou,legacy_self_overlap,0.0,0.0,0.0,0.0
P1,F1,37,stored_logits,mean_tile_dice,legacy_self_overlap,0.0,0.0,0.0,0.0
P1,F1,37,stored_logits,mean_tile_iou,legacy_self_overlap,0.0,0.0,0.0,0.0
P1,F1,37,stored_logits,pooled_miou,legacy_self_overlap,0.0,0.0,0.0,0.0
P1,F1,37,stored_logits,pooled_dice,legacy_self_overlap,0.0,0.0,0.0,0.0
P1,F1,37,stored_logits,pooled_iou,legacy_self_overlap,0.0,0.0,0.0,0.0
P1,F1,37,original_audit,mean_tile_miou,legacy_self_overlap,0.0,0.0,0.0,0.0
P1,F1,37,original_audit,mean_tile_dice,legacy_self_overlap,0.0,0.0,0.0,0.0
P1,F1,37,original_audit,mean_tile_iou,legacy_self_overlap,0.0,0.0,0.0,0.0
P1,F1,37,original_audit,pooled_miou,legacy_self_overlap,0.0,0.0,0.0,0.0
P1,F1,37,original_audit,pooled_dice,legacy_self_overlap,0.0,0.0,0.0,0.0
P1,F1,37,original_audit,pooled_iou,legacy_self_overlap,0.0,0.0,0.0,0.0
P1,F1,71,stored_logits,mean_tile_miou,legacy_self_overlap,2.928731976631349e-06,0.0,1.4643659883156745e-06,7.321829941564495e-06
P1,F1,71,stored_logits,mean_tile_dice,legacy_self_overlap,0.0,0.0,0.0,0.0
P1,F1,71,stored_logits,mean_tile_iou,legacy_self_overlap,0.0,0.0,0.0,0.0
P1,F1,71,stored_logits,pooled_miou,legacy_self_overlap,2.2889249812196866e-06,0.0,1.144462490623721e-06,5.722312453104728e-06
P1,F1,71,stored_logits,pooled_dice,legacy_self_overlap,1.3038674659515692e-05,0.0,6.519337329764785e-06,3.2596686648816986e-05
P1,F1,71,stored_logits,pooled_iou,legacy_self_overlap,1.4258984446235967e-05,0.0,7.129492223117984e-06,3.564746111556216e-05
P1,F1,71,original_audit,mean_tile_miou,legacy_self_overlap,2.928731976631349e-06,0.0,1.4643659883156745e-06,7.321829941564495e-06
P1,F1,71,original_audit,mean_tile_dice,legacy_self_overlap,0.0,0.0,0.0,0.0
P1,F1,71,original_audit,mean_tile_iou,legacy_self_overlap,0.0,0.0,0.0,0.0
P1,F1,71,original_audit,pooled_miou,legacy_self_overlap,2.2889249812196866e-06,0.0,1.144462490623721e-06,5.722312453104728e-06
P1,F1,71,original_audit,pooled_dice,legacy_self_overlap,1.3038674659515692e-05,0.0,6.519337329764785e-06,3.2596686648816986e-05
P1,F1,71,original_audit,pooled_iou,legacy_self_overlap,1.4258984446235967e-05,0.0,7.129492223117984e-06,3.564746111556216e-05
P1,F2,13,stored_logits,mean_tile_miou,legacy_self_overlap,0.0010127266401996904,0.004273592085536682,0.0007368645819115366,0.003684322909557669
P1,F2,13,stored_logits,mean_tile_dice,legacy_self_overlap,0.0,0.0,0.0,0.0
P1,F2,13,stored_logits,mean_tile_iou,legacy_self_overlap,0.0,0.0,0.0,0.0
P1,F2,13,stored_logits,pooled_miou,legacy_self_overlap,2.3168532528705654e-05,0.00015703014503787305,2.5493096154571848e-05,0.00012746548077285924
P1,F2,13,stored_logits,pooled_dice,legacy_self_overlap,2.24308599638956e-07,8.972343986113351e-07,1.5701601975559587e-07,7.850800987641016e-07
P1,F2,13,stored_logits,pooled_iou,legacy_self_overlap,2.563012518885799e-07,1.0252050075543195e-06,1.7941087632200592e-07,8.970543816655407e-07
P1,F2,13,original_audit,mean_tile_miou,legacy_self_overlap,0.0010127266401996904,0.004273592085536682,0.0007368645819115366,0.003684322909557669
P1,F2,13,original_audit,mean_tile_dice,legacy_self_overlap,0.0,0.0,0.0,0.0
P1,F2,13,original_audit,mean_tile_iou,legacy_self_overlap,0.0,0.0,0.0,0.0
P1,F2,13,original_audit,pooled_miou,legacy_self_overlap,2.3168532528705654e-05,0.00015703014503787305,2.5493096154571848e-05,0.00012746548077285924
P1,F2,13,original_audit,pooled_dice,legacy_self_overlap,2.24308599638956e-07,8.972343986113351e-07,1.5701601975559587e-07,7.850800987641016e-07
P1,F2,13,original_audit,pooled_iou,legacy_self_overlap,2.563012518885799e-07,1.0252050075543195e-06,1.7941087632200592e-07,8.970543816655407e-07
P1,F2,37,stored_logits,mean_tile_miou,legacy_self_overlap,0.0001759906773521891,-2.6582464576763165e-05,-4.5834221550772325e-06,-2.291711077534453e-05
P1,F2,37,stored_logits,mean_tile_dice,legacy_self_overlap,0.0,0.0,0.0,0.0
P1,F2,37,stored_logits,mean_tile_iou,legacy_self_overlap,0.0,0.0,0.0,0.0
P1,F2,37,stored_logits,pooled_miou,legacy_self_overlap,-1.0044737778269752e-05,-0.00011886350232881426,-9.549674357678395e-06,-4.7748371788391974e-05
P1,F2,37,stored_logits,pooled_dice,legacy_self_overlap,-7.436317915526791e-05,-0.0003720435066694727,-6.510761366715356e-05,-0.00032553806833579557
P1,F2,37,stored_logits,pooled_iou,legacy_self_overlap,-8.993380752808644e-05,-0.00044994406758824823,-7.874021182792401e-05,-0.0003937010591397172
P1,F2,37,original_audit,mean_tile_miou,legacy_self_overlap,0.0001759906773521891,-2.6582464576763165e-05,-4.5834221550772325e-06,-2.291711077534453e-05
P1,F2,37,original_audit,mean_tile_dice,legacy_self_overlap,0.0,0.0,0.0,0.0
P1,F2,37,original_audit,mean_tile_iou,legacy_self_overlap,0.0,0.0,0.0,0.0
P1,F2,37,original_audit,pooled_miou,legacy_self_overlap,-1.0044737778269752e-05,-0.00011886350232881426,-9.549674357678395e-06,-4.7748371788391974e-05
P1,F2,37,original_audit,pooled_dice,legacy_self_overlap,-7.436317915526791e-05,-0.0003720435066694727,-6.510761366715356e-05,-0.00032553806833579557
P1,F2,37,original_audit,pooled_iou,legacy_self_overlap,-8.993380752808644e-05,-0.00044994406758824823,-7.874021182792401e-05,-0.0003937010591397172
P1,F2,71,stored_logits,mean_tile_miou,legacy_self_overlap,-7.063698066905877e-05,-2.6582464576874187e-05,-0.0001278972511656873,-0.0006394862558284364
P1,F2,71,stored_logits,mean_tile_dice,legacy_self_overlap,0.0,0.0,0.0,0.0
P1,F2,71,stored_logits,mean_tile_iou,legacy_self_overlap,0.0,0.0,0.0,0.0
P1,F2,71,stored_logits,pooled_miou,legacy_self_overlap,2.823768997484155e-05,-9.273434462742092e-05,3.626225634087432e-06,1.813112817045104e-05
P1,F2,71,stored_logits,pooled_dice,legacy_self_overlap,-9.126427797884196e-05,-0.0003650565351991375,-7.303371177391771e-05,-0.00036516855886958854
P1,F2,71,stored_logits,pooled_iou,legacy_self_overlap,-0.00010496482199406909,-0.00041985828199231356,-8.399744595991021e-05,-0.0004199872297995233
P1,F2,71,original_audit,mean_tile_miou,legacy_self_overlap,-7.063698066905877e-05,-2.6582464576874187e-05,-0.0001278972511656873,-0.0006394862558284364
P1,F2,71,original_audit,mean_tile_dice,legacy_self_overlap,0.0,0.0,0.0,0.0
P1,F2,71,original_audit,mean_tile_iou,legacy_self_overlap,0.0,0.0,0.0,0.0
P1,F2,71,original_audit,pooled_miou,legacy_self_overlap,2.823768997484155e-05,-9.273434462742092e-05,3.626225634087432e-06,1.813112817045104e-05
P1,F2,71,original_audit,pooled_dice,legacy_self_overlap,-9.126427797884196e-05,-0.0003650565351991375,-7.303371177391771e-05,-0.00036516855886958854
P1,F2,71,original_audit,pooled_iou,legacy_self_overlap,-0.00010496482199406909,-0.00041985828199231356,-8.399744595991021e-05,-0.0004199872297995233
P1,F3,13,stored_logits,mean_tile_miou,legacy_self_overlap,0.0,0.0,0.0,0.0
P1,F3,13,stored_logits,mean_tile_dice,legacy_self_overlap,0.0,0.0,0.0,0.0
P1,F3,13,stored_logits,mean_tile_iou,legacy_self_overlap,0.0,0.0,0.0,0.0
P1,F3,13,stored_logits,pooled_miou,legacy_self_overlap,0.0,0.0,0.0,0.0
P1,F3,13,stored_logits,pooled_dice,legacy_self_overlap,0.0,0.0,0.0,0.0
P1,F3,13,stored_logits,pooled_iou,legacy_self_overlap,0.0,0.0,0.0,0.0
P1,F3,13,original_audit,mean_tile_miou,legacy_self_overlap,0.0,0.0,0.0,0.0
P1,F3,13,original_audit,mean_tile_dice,legacy_self_overlap,0.0,0.0,0.0,0.0
P1,F3,13,original_audit,mean_tile_iou,legacy_self_overlap,0.0,0.0,0.0,0.0
P1,F3,13,original_audit,pooled_miou,legacy_self_overlap,0.0,0.0,0.0,0.0
P1,F3,13,original_audit,pooled_dice,legacy_self_overlap,0.0,0.0,0.0,0.0
P1,F3,13,original_audit,pooled_iou,legacy_self_overlap,0.0,0.0,0.0,0.0
P1,F3,37,stored_logits,mean_tile_miou,legacy_self_overlap,0.0,0.0,0.0,0.0
P1,F3,37,stored_logits,mean_tile_dice,legacy_self_overlap,0.0,0.0,0.0,0.0
P1,F3,37,stored_logits,mean_tile_iou,legacy_self_overlap,0.0,0.0,0.0,0.0
P1,F3,37,stored_logits,pooled_miou,legacy_self_overlap,0.0,0.0,0.0,0.0
P1,F3,37,stored_logits,pooled_dice,legacy_self_overlap,0.0,0.0,0.0,0.0
P1,F3,37,stored_logits,pooled_iou,legacy_self_overlap,0.0,0.0,0.0,0.0
P1,F3,37,original_audit,mean_tile_miou,legacy_self_overlap,0.0,0.0,0.0,0.0
P1,F3,37,original_audit,mean_tile_dice,legacy_self_overlap,0.0,0.0,0.0,0.0
P1,F3,37,original_audit,mean_tile_iou,legacy_self_overlap,0.0,0.0,0.0,0.0
P1,F3,37,original_audit,pooled_miou,legacy_self_overlap,0.0,0.0,0.0,0.0
P1,F3,37,original_audit,pooled_dice,legacy_self_overlap,0.0,0.0,0.0,0.0
P1,F3,37,original_audit,pooled_iou,legacy_self_overlap,0.0,0.0,0.0,0.0
P1,F3,71,stored_logits,mean_tile_miou,legacy_self_overlap,0.0,0.0,0.0,0.0
P1,F3,71,stored_logits,mean_tile_dice,legacy_self_overlap,0.0,0.0,0.0,0.0
P1,F3,71,stored_logits,mean_tile_iou,legacy_self_overlap,0.0,0.0,0.0,0.0
P1,F3,71,stored_logits,pooled_miou,legacy_self_overlap,0.0,0.0,0.0,0.0
P1,F3,71,stored_logits,pooled_dice,legacy_self_overlap,0.0,0.0,0.0,0.0
P1,F3,71,stored_logits,pooled_iou,legacy_self_overlap,0.0,0.0,0.0,0.0
P1,F3,71,original_audit,mean_tile_miou,legacy_self_overlap,0.0,0.0,0.0,0.0
P1,F3,71,original_audit,mean_tile_dice,legacy_self_overlap,0.0,0.0,0.0,0.0
P1,F3,71,original_audit,mean_tile_iou,legacy_self_overlap,0.0,0.0,0.0,0.0
P1,F3,71,original_audit,pooled_miou,legacy_self_overlap,0.0,0.0,0.0,0.0
P1,F3,71,original_audit,pooled_dice,legacy_self_overlap,0.0,0.0,0.0,0.0
P1,F3,71,original_audit,pooled_iou,legacy_self_overlap,0.0,0.0,0.0,0.0
P2,F1,13,stored_logits,mean_tile_miou,legacy_self_overlap,0.0,0.0,0.0,0.0
P2,F1,13,stored_logits,mean_tile_dice,legacy_self_overlap,0.0,0.0,0.0,0.0
P2,F1,13,stored_logits,mean_tile_iou,legacy_self_overlap,0.0,0.0,0.0,0.0
P2,F1,13,stored_logits,pooled_miou,legacy_self_overlap,0.0,0.0,0.0,0.0
P2,F1,13,stored_logits,pooled_dice,legacy_self_overlap,0.0,0.0,0.0,0.0
P2,F1,13,stored_logits,pooled_iou,legacy_self_overlap,0.0,0.0,0.0,0.0
P2,F1,13,original_audit,mean_tile_miou,legacy_self_overlap,0.0,0.0,0.0,0.0
P2,F1,13,original_audit,mean_tile_dice,legacy_self_overlap,0.0,0.0,0.0,0.0
P2,F1,13,original_audit,mean_tile_iou,legacy_self_overlap,0.0,0.0,0.0,0.0
P2,F1,13,original_audit,pooled_miou,legacy_self_overlap,0.0,0.0,0.0,0.0
P2,F1,13,original_audit,pooled_dice,legacy_self_overlap,0.0,0.0,0.0,0.0
P2,F1,13,original_audit,pooled_iou,legacy_self_overlap,0.0,0.0,0.0,0.0
P2,F1,37,stored_logits,mean_tile_miou,legacy_self_overlap,0.0,0.0,0.0,0.0
P2,F1,37,stored_logits,mean_tile_dice,legacy_self_overlap,0.0,0.0,0.0,0.0
P2,F1,37,stored_logits,mean_tile_iou,legacy_self_overlap,0.0,0.0,0.0,0.0
P2,F1,37,stored_logits,pooled_miou,legacy_self_overlap,0.0,0.0,0.0,0.0
P2,F1,37,stored_logits,pooled_dice,legacy_self_overlap,0.0,0.0,0.0,0.0
P2,F1,37,stored_logits,pooled_iou,legacy_self_overlap,0.0,0.0,0.0,0.0
P2,F1,37,original_audit,mean_tile_miou,legacy_self_overlap,0.0,0.0,0.0,0.0
P2,F1,37,original_audit,mean_tile_dice,legacy_self_overlap,0.0,0.0,0.0,0.0
P2,F1,37,original_audit,mean_tile_iou,legacy_self_overlap,0.0,0.0,0.0,0.0
P2,F1,37,original_audit,pooled_miou,legacy_self_overlap,0.0,0.0,0.0,0.0
P2,F1,37,original_audit,pooled_dice,legacy_self_overlap,0.0,0.0,0.0,0.0
P2,F1,37,original_audit,pooled_iou,legacy_self_overlap,0.0,0.0,0.0,0.0
P2,F1,71,stored_logits,mean_tile_miou,legacy_self_overlap,0.0,0.0,0.0,0.0
P2,F1,71,stored_logits,mean_tile_dice,legacy_self_overlap,0.0,0.0,0.0,0.0
P2,F1,71,stored_logits,mean_tile_iou,legacy_self_overlap,0.0,0.0,0.0,0.0
P2,F1,71,stored_logits,pooled_miou,legacy_self_overlap,0.0,0.0,0.0,0.0
P2,F1,71,stored_logits,pooled_dice,legacy_self_overlap,0.0,0.0,0.0,0.0
P2,F1,71,stored_logits,pooled_iou,legacy_self_overlap,0.0,0.0,0.0,0.0
P2,F1,71,original_audit,mean_tile_miou,legacy_self_overlap,0.0,0.0,0.0,0.0
P2,F1,71,original_audit,mean_tile_dice,legacy_self_overlap,0.0,0.0,0.0,0.0
P2,F1,71,original_audit,mean_tile_iou,legacy_self_overlap,0.0,0.0,0.0,0.0
P2,F1,71,original_audit,pooled_miou,legacy_self_overlap,0.0,0.0,0.0,0.0
P2,F1,71,original_audit,pooled_dice,legacy_self_overlap,0.0,0.0,0.0,0.0
P2,F1,71,original_audit,pooled_iou,legacy_self_overlap,0.0,0.0,0.0,0.0
P2,F2,13,stored_logits,mean_tile_miou,legacy_self_overlap,-0.001212877633824272,-7.250555088994526e-05,-0.00043655334356090814,-0.0021827667178045407
P2,F2,13,stored_logits,mean_tile_dice,legacy_self_overlap,0.0,0.0,0.0,0.0
P2,F2,13,stored_logits,mean_tile_iou,legacy_self_overlap,0.0,0.0,0.0,0.0
P2,F2,13,stored_logits,pooled_miou,legacy_self_overlap,-0.0002377524362376371,-0.0005951012259571287,-0.00015323628128206812,-0.0007661814064103267
P2,F2,13,stored_logits,pooled_dice,legacy_self_overlap,-0.0003559578529601093,-0.0009536330155217043,-0.00021198579968523257,-0.0010599289984261628
P2,F2,13,stored_logits,pooled_iou,legacy_self_overlap,-0.00046421317393413597,-0.0012447445526571066,-0.0002765235882594419,-0.0013826179412972373
P2,F2,13,original_audit,mean_tile_miou,legacy_self_overlap,-0.001212877633824272,-7.250555089000077e-05,-0.00043655334356090814,-0.0021827667178045407
P2,F2,13,original_audit,mean_tile_dice,legacy_self_overlap,0.0,0.0,0.0,0.0
P2,F2,13,original_audit,mean_tile_iou,legacy_self_overlap,0.0,0.0,0.0,0.0
P2,F2,13,original_audit,pooled_miou,legacy_self_overlap,-0.0002377491599036552,-0.0005950918429176166,-0.0001532345113884892,-0.000766172556942446
P2,F2,13,original_audit,pooled_dice,legacy_self_overlap,-0.0003559546273708136,-0.000953624364773642,-0.00021198387815325737,-0.001059919390766273
P2,F2,13,original_audit,pooled_iou,legacy_self_overlap,-0.0004642076443825971,-0.0012447297024165138,-0.0002765202929642385,-0.0013826014648211649
P2,F2,37,stored_logits,mean_tile_miou,legacy_self_overlap,-0.0012291166338131987,-1.5855666282982295e-05,-0.0003252593084104305,-0.0016262965420521525
P2,F2,37,stored_logits,mean_tile_dice,legacy_self_overlap,0.0,0.0,0.0,0.0
P2,F2,37,stored_logits,mean_tile_iou,legacy_self_overlap,0.0,0.0,0.0,0.0
P2,F2,37,stored_logits,pooled_miou,legacy_self_overlap,-0.00033553181463374937,-9.2542188093514e-05,-0.0002316593770575054,-0.001158296885287513
P2,F2,37,stored_logits,pooled_dice,legacy_self_overlap,-0.0007794840139334069,-0.0002165420712109678,-0.0003672641479969402,-0.001836320739984687
P2,F2,37,stored_logits,pooled_iou,legacy_self_overlap,-0.0009949663562255906,-0.00027988590991956386,-0.00046862237272016216,-0.002343111863600811
P2,F2,37,original_audit,mean_tile_miou,legacy_self_overlap,-0.0012291166338131987,-1.5855666282871272e-05,-0.0003252593084104305,-0.0016262965420521525
P2,F2,37,original_audit,mean_tile_dice,legacy_self_overlap,0.0,0.0,0.0,0.0
P2,F2,37,original_audit,mean_tile_iou,legacy_self_overlap,0.0,0.0,0.0,0.0
P2,F2,37,original_audit,pooled_miou,legacy_self_overlap,-0.0003355366063575449,-9.254379389117551e-05,-0.00023166090639704928,-0.0011583045319852325
P2,F2,37,original_audit,pooled_dice,legacy_self_overlap,-0.0007794842016470294,-0.00021654218219335775,-0.0003672642292100875,-0.0018363211460504791
P2,F2,37,original_audit,pooled_iou,legacy_self_overlap,-0.000994972522292803,-0.0002798877284400092,-0.00046862526754143374,-0.0023431263377071687
P2,F2,71,stored_logits,mean_tile_miou,legacy_self_overlap,-0.0004471514017224121,-8.053249782979943e-06,-0.00022109735642444894,-0.0011054867821222447
P2,F2,71,stored_logits,mean_tile_dice,legacy_self_overlap,0.0,0.0,0.0,0.0
P2,F2,71,stored_logits,mean_tile_iou,legacy_self_overlap,0.0,0.0,0.0,0.0
P2,F2,71,stored_logits,pooled_miou,legacy_self_overlap,-0.00013020694606630245,-0.0004222605821364578,-8.23270938469095e-05,-0.0004116354692345059
P2,F2,71,stored_logits,pooled_dice,legacy_self_overlap,-0.00015717558038502721,-0.00010465616706012426,-4.819665853320054e-05,-0.00024098329266597496
P2,F2,71,stored_logits,pooled_iou,legacy_self_overlap,-0.00020428058830318507,-0.00013601256198647604,-6.263342687651274e-05,-0.0003131671343825637
P2,F2,71,original_audit,mean_tile_miou,legacy_self_overlap,-0.0004471514017225786,-8.053249782979943e-06,-0.00022109735642444894,-0.0011054867821222447
P2,F2,71,original_audit,mean_tile_dice,legacy_self_overlap,0.0,0.0,0.0,0.0
P2,F2,71,original_audit,mean_tile_iou,legacy_self_overlap,0.0,0.0,0.0,0.0
P2,F2,71,original_audit,pooled_miou,legacy_self_overlap,-0.00013020689721648937,-0.0004222606467245149,-8.23270915380897e-05,-0.0004116354576904624
P2,F2,71,original_audit,pooled_dice,legacy_self_overlap,-0.0001571754006108872,-0.00010465604737264211,-4.8196603422520634e-05,-0.00024098301711261705
P2,F2,71,original_audit,pooled_iou,legacy_self_overlap,-0.0002042804872174897,-0.00013601249471706378,-6.263339591076889e-05,-0.0003131669795538583
P2,F3,13,stored_logits,mean_tile_miou,legacy_self_overlap,-5.784867270042238e-06,0.0,0.0,0.0
P2,F3,13,stored_logits,mean_tile_dice,legacy_self_overlap,0.0,0.0,0.0,0.0
P2,F3,13,stored_logits,mean_tile_iou,legacy_self_overlap,0.0,0.0,0.0,0.0
P2,F3,13,stored_logits,pooled_miou,legacy_self_overlap,-3.240524436948222e-05,0.0,0.0,0.0
P2,F3,13,stored_logits,pooled_dice,legacy_self_overlap,-4.94868509164359e-05,0.0,0.0,0.0
P2,F3,13,stored_logits,pooled_iou,legacy_self_overlap,-5.215003984282429e-05,0.0,0.0,0.0
P2,F3,13,original_audit,mean_tile_miou,legacy_self_overlap,-5.784867270097749e-06,0.0,0.0,0.0
P2,F3,13,original_audit,mean_tile_dice,legacy_self_overlap,0.0,0.0,0.0,0.0
P2,F3,13,original_audit,mean_tile_iou,legacy_self_overlap,0.0,0.0,0.0,0.0
P2,F3,13,original_audit,pooled_miou,legacy_self_overlap,-3.2404935633501e-05,0.0,0.0,0.0
P2,F3,13,original_audit,pooled_dice,legacy_self_overlap,-4.9486235902007625e-05,0.0,0.0,0.0
P2,F3,13,original_audit,pooled_iou,legacy_self_overlap,-5.2149413982793824e-05,0.0,0.0,0.0
P2,F3,37,stored_logits,mean_tile_miou,legacy_self_overlap,-0.0004330509183303466,0.0,-0.0001881532542607478,-0.000940766271303739
P2,F3,37,stored_logits,mean_tile_dice,legacy_self_overlap,0.0,0.0,0.0,0.0
P2,F3,37,stored_logits,mean_tile_iou,legacy_self_overlap,0.0,0.0,0.0,0.0
P2,F3,37,stored_logits,pooled_miou,legacy_self_overlap,-4.397519812548989e-05,0.0,-2.180775220973763e-05,-0.00010903876104872978
P2,F3,37,stored_logits,pooled_dice,legacy_self_overlap,-6.562274553728598e-05,0.0,-3.4174415795437674e-05,-0.00017087207897720225
P2,F3,37,stored_logits,pooled_iou,legacy_self_overlap,-6.313864200191421e-05,0.0,-3.5412529012457394e-05,-0.00017706264506234248
P2,F3,37,original_audit,mean_tile_miou,legacy_self_overlap,-0.0004330509183302911,0.0,-0.0001881532542607478,-0.000940766271303739
P2,F3,37,original_audit,mean_tile_dice,legacy_self_overlap,0.0,0.0,0.0,0.0
P2,F3,37,original_audit,mean_tile_iou,legacy_self_overlap,0.0,0.0,0.0,0.0
P2,F3,37,original_audit,pooled_miou,legacy_self_overlap,-4.397507680570234e-05,0.0,-2.180769066791044e-05,-0.00010903845333953832
P2,F3,37,original_audit,pooled_dice,legacy_self_overlap,-6.562259864051345e-05,0.0,-3.417434064643954e-05,-0.00017087170323221157
P2,F3,37,original_audit,pooled_iou,legacy_self_overlap,-6.313844456462547e-05,0.0,-3.541242660259902e-05,-0.00017706213301305063
P2,F3,71,stored_logits,mean_tile_miou,legacy_self_overlap,0.0,0.0,0.0,0.0
P2,F3,71,stored_logits,mean_tile_dice,legacy_self_overlap,0.0,0.0,0.0,0.0
P2,F3,71,stored_logits,mean_tile_iou,legacy_self_overlap,0.0,0.0,0.0,0.0
P2,F3,71,stored_logits,pooled_miou,legacy_self_overlap,0.0,0.0,0.0,0.0
P2,F3,71,stored_logits,pooled_dice,legacy_self_overlap,0.0,0.0,0.0,0.0
P2,F3,71,stored_logits,pooled_iou,legacy_self_overlap,0.0,0.0,0.0,0.0
P2,F3,71,original_audit,mean_tile_miou,legacy_self_overlap,0.0,0.0,0.0,0.0
P2,F3,71,original_audit,mean_tile_dice,legacy_self_overlap,0.0,0.0,0.0,0.0
P2,F3,71,original_audit,mean_tile_iou,legacy_self_overlap,0.0,0.0,0.0,0.0
P2,F3,71,original_audit,pooled_miou,legacy_self_overlap,0.0,0.0,0.0,0.0
P2,F3,71,original_audit,pooled_dice,legacy_self_overlap,0.0,0.0,0.0,0.0
P2,F3,71,original_audit,pooled_iou,legacy_self_overlap,0.0,0.0,0.0,0.0
P1,F1,13,stored_logits,mean_tile_miou,frozen_v2,0.03516148069728045,0.014810100800830672,0.0033404346453634326,0.016702173226817163
P1,F1,13,stored_logits,mean_tile_dice,frozen_v2,0.17805297718479754,0.09171339744650098,0.01970769915871544,0.09853849579357721
P1,F1,13,stored_logits,mean_tile_iou,frozen_v2,0.17121497600283492,0.08039705282104959,0.017276147865671526,0.08638073932835766
P1,F1,13,stored_logits,pooled_miou,frozen_v2,-0.031752703126488147,-0.024076891576557735,-0.006304327263125346,-0.03152163631562674
P1,F1,13,stored_logits,pooled_dice,frozen_v2,0.020983755767571055,-0.0059955045141314445,-0.0027140491182189863,-0.013570245591094932
P1,F1,13,stored_logits,pooled_iou,frozen_v2,0.02483368250964424,-0.009815124545815235,-0.004182409546576213,-0.02091204773288108
P1,F1,13,original_audit,mean_tile_miou,frozen_v2,0.03516148069728045,0.014810100800830672,0.0033404346453634326,0.016702173226817163
P1,F1,13,original_audit,mean_tile_dice,frozen_v2,0.17805297718479754,0.09171339744650098,0.01970769915871544,0.09853849579357721
P1,F1,13,original_audit,mean_tile_iou,frozen_v2,0.17121497600283492,0.08039705282104959,0.017276147865671526,0.08638073932835766
P1,F1,13,original_audit,pooled_miou,frozen_v2,-0.031752703126488147,-0.024076891576557735,-0.006304327263125346,-0.03152163631562674
P1,F1,13,original_audit,pooled_dice,frozen_v2,0.020983755767571055,-0.0059955045141314445,-0.0027140491182189863,-0.013570245591094932
P1,F1,13,original_audit,pooled_iou,frozen_v2,0.02483368250964424,-0.009815124545815235,-0.004182409546576213,-0.02091204773288108
P1,F1,37,stored_logits,mean_tile_miou,frozen_v2,0.01521468795294817,0.006447357610318005,0.0020347489274011796,0.010173744637005933
P1,F1,37,stored_logits,mean_tile_dice,frozen_v2,0.13698632452272844,0.08045513309783514,0.01760411484701313,0.08802057423506565
P1,F1,37,stored_logits,mean_tile_iou,frozen_v2,0.13132195009121156,0.07129564889819134,0.015630155647387067,0.07815077823693534
P1,F1,37,stored_logits,pooled_miou,frozen_v2,-0.04238427175885123,-0.031425076199381424,-0.0062068999734006605,-0.031034499867003296
P1,F1,37,stored_logits,pooled_dice,frozen_v2,0.006708376724672616,-0.010873169552292089,-0.0019485794224619463,-0.009742897112309745
P1,F1,37,stored_logits,pooled_iou,frozen_v2,0.004570707534273938,-0.01761816119610249,-0.0033628118296344447,-0.01681405914817219
P1,F1,37,original_audit,mean_tile_miou,frozen_v2,0.01521468795294817,0.006447357610318005,0.0020347489274011796,0.010173744637005933
P1,F1,37,original_audit,mean_tile_dice,frozen_v2,0.13698632452272844,0.08045513309783514,0.01760411484701313,0.08802057423506565
P1,F1,37,original_audit,mean_tile_iou,frozen_v2,0.13132195009121156,0.07129564889819134,0.015630155647387067,0.07815077823693534
P1,F1,37,original_audit,pooled_miou,frozen_v2,-0.04238427175885123,-0.031425076199381424,-0.0062068999734006605,-0.031034499867003296
P1,F1,37,original_audit,pooled_dice,frozen_v2,0.006708376724672616,-0.010873169552292089,-0.0019485794224619463,-0.009742897112309745
P1,F1,37,original_audit,pooled_iou,frozen_v2,0.004570707534273938,-0.01761816119610249,-0.0033628118296344447,-0.01681405914817219
P1,F1,71,stored_logits,mean_tile_miou,frozen_v2,0.005831244724605028,0.002790754891806302,0.0012005520735725028,0.006002760367862514
P1,F1,71,stored_logits,mean_tile_dice,frozen_v2,0.1473548432462758,0.08025735497929276,0.018245307969992297,0.09122653984996149
P1,F1,71,stored_logits,mean_tile_iou,frozen_v2,0.12609476296318078,0.06103466297664972,0.014383342873956192,0.07191671436978098
P1,F1,71,stored_logits,pooled_miou,frozen_v2,-0.06576905113689677,-0.04174952206793858,-0.00812610861494343,-0.04063054307471714
P1,F1,71,stored_logits,pooled_dice,frozen_v2,-0.014291538339011062,-0.026509516354351087,-0.004146037352324175,-0.02073018676162089
P1,F1,71,stored_logits,pooled_iou,frozen_v2,-0.02414135871598283,-0.03679927836543373,-0.006010628157736703,-0.03005314078868354
P1,F1,71,original_audit,mean_tile_miou,frozen_v2,0.005831244724605028,0.002790754891806302,0.0012005520735725028,0.006002760367862514
P1,F1,71,original_audit,mean_tile_dice,frozen_v2,0.1473548432462758,0.08025735497929276,0.018245307969992297,0.09122653984996149
P1,F1,71,original_audit,mean_tile_iou,frozen_v2,0.12609476296318078,0.06103466297664972,0.014383342873956192,0.07191671436978098
P1,F1,71,original_audit,pooled_miou,frozen_v2,-0.06576905113689677,-0.04174952206793858,-0.00812610861494343,-0.04063054307471714
P1,F1,71,original_audit,pooled_dice,frozen_v2,-0.014291538339011062,-0.026509516354351087,-0.004146037352324175,-0.02073018676162089
P1,F1,71,original_audit,pooled_iou,frozen_v2,-0.02414135871598283,-0.03679927836543373,-0.006010628157736703,-0.03005314078868354
P1,F2,13,stored_logits,mean_tile_miou,frozen_v2,-0.028264984402930682,-0.034206059649850296,-0.006899595758049215,-0.034497978790246075
P1,F2,13,stored_logits,mean_tile_dice,frozen_v2,0.02616906847719752,-0.00010264719977159942,0.00025668694559000116,0.0012834347279500058
P1,F2,13,stored_logits,mean_tile_iou,frozen_v2,0.020353266169843787,0.0010525294298622256,0.00045141217060234995,0.0022570608530118053
P1,F2,13,stored_logits,pooled_miou,frozen_v2,-0.044016781936315696,-0.020860965433927292,-0.0037552830531022707,-0.01877641526551138
P1,F2,13,stored_logits,pooled_dice,frozen_v2,-0.034626566294069294,-0.02124030454641429,-0.0039006750419439545,-0.019503375209719787
P1,F2,13,stored_logits,pooled_iou,frozen_v2,-0.037351346843767175,-0.020492914029031972,-0.003726872666419745,-0.01863436333209867
P1,F2,13,original_audit,mean_tile_miou,frozen_v2,-0.028264984402930682,-0.034206059649850296,-0.006899595758049215,-0.034497978790246075
P1,F2,13,original_audit,mean_tile_dice,frozen_v2,0.02616906847719752,-0.00010264719977159942,0.00025668694559000116,0.0012834347279500058
P1,F2,13,original_audit,mean_tile_iou,frozen_v2,0.020353266169843787,0.0010525294298622256,0.00045141217060234995,0.0022570608530118053
P1,F2,13,original_audit,pooled_miou,frozen_v2,-0.044016781936315696,-0.020860965433927292,-0.0037552830531022707,-0.01877641526551138
P1,F2,13,original_audit,pooled_dice,frozen_v2,-0.034626566294069294,-0.02124030454641429,-0.0039006750419439545,-0.019503375209719787
P1,F2,13,original_audit,pooled_iou,frozen_v2,-0.037351346843767175,-0.020492914029031972,-0.003726872666419745,-0.01863436333209867
P1,F2,37,stored_logits,mean_tile_miou,frozen_v2,-0.03435112654976252,-0.04222956184501203,-0.008333561611462079,-0.04166780805731035
P1,F2,37,stored_logits,mean_tile_dice,frozen_v2,0.04180151760234374,0.010960583475186914,0.0019856544164846557,0.009928272082423195
P1,F2,37,stored_logits,mean_tile_iou,frozen_v2,0.037733447504434636,0.010077239604774468,0.001937472764236059,0.009687363821180295
P1,F2,37,stored_logits,pooled_miou,frozen_v2,-0.03506390196653214,-0.02180868436193173,-0.00546985184552512,-0.0273492592276256
P1,F2,37,stored_logits,pooled_dice,frozen_v2,-0.010373992088609896,-0.023537640633207235,-0.006302060830146505,-0.03151030415073253
P1,F2,37,stored_logits,pooled_iou,frozen_v2,-0.009222525324765862,-0.02024591222682348,-0.0055191134582373985,-0.027595567291187062
P1,F2,37,original_audit,mean_tile_miou,frozen_v2,-0.03435112654976252,-0.04222956184501203,-0.008333561611462079,-0.04166780805731035
P1,F2,37,original_audit,mean_tile_dice,frozen_v2,0.04180151760234374,0.010960583475186914,0.0019856544164846557,0.009928272082423195
P1,F2,37,original_audit,mean_tile_iou,frozen_v2,0.037733447504434636,0.010077239604774468,0.001937472764236059,0.009687363821180295
P1,F2,37,original_audit,pooled_miou,frozen_v2,-0.03506390196653214,-0.02180868436193173,-0.00546985184552512,-0.0273492592276256
P1,F2,37,original_audit,pooled_dice,frozen_v2,-0.010373992088609896,-0.023537640633207235,-0.006302060830146505,-0.03151030415073253
P1,F2,37,original_audit,pooled_iou,frozen_v2,-0.009222525324765862,-0.02024591222682348,-0.0055191134582373985,-0.027595567291187062
P1,F2,71,stored_logits,mean_tile_miou,frozen_v2,-0.024601034785815823,-0.03486025938212056,-0.006807283048235704,-0.03403641524117851
P1,F2,71,stored_logits,mean_tile_dice,frozen_v2,0.03261016897479113,0.007066607878531639,0.0013313790309669726,0.006656895154834808
P1,F2,71,stored_logits,mean_tile_iou,frozen_v2,0.028015825486259804,0.005521207886098778,0.0010521944990452003,0.005260972495225946
P1,F2,71,stored_logits,pooled_miou,frozen_v2,-0.038472347367932314,-0.019412338308462618,-0.003565824201939835,-0.01782912100969919
P1,F2,71,stored_logits,pooled_dice,frozen_v2,-0.027515622380846594,-0.019115369019151618,-0.003408816994659572,-0.0170440849732979
P1,F2,71,stored_logits,pooled_iou,frozen_v2,-0.03116792575113103,-0.019497415319390976,-0.003510156223944419,-0.01755078111972208
P1,F2,71,original_audit,mean_tile_miou,frozen_v2,-0.024601034785815823,-0.03486025938212056,-0.006807283048235704,-0.03403641524117851
P1,F2,71,original_audit,mean_tile_dice,frozen_v2,0.03261016897479113,0.007066607878531639,0.0013313790309669726,0.006656895154834808
P1,F2,71,original_audit,mean_tile_iou,frozen_v2,0.028015825486259804,0.005521207886098778,0.0010521944990452003,0.005260972495225946
P1,F2,71,original_audit,pooled_miou,frozen_v2,-0.038472347367932314,-0.019412338308462618,-0.003565824201939835,-0.01782912100969919
P1,F2,71,original_audit,pooled_dice,frozen_v2,-0.027515622380846594,-0.019115369019151618,-0.003408816994659572,-0.0170440849732979
P1,F2,71,original_audit,pooled_iou,frozen_v2,-0.03116792575113103,-0.019497415319390976,-0.003510156223944419,-0.01755078111972208
P1,F3,13,stored_logits,mean_tile_miou,frozen_v2,-0.011534063356153423,0.0005961936312565141,-3.079134245950743e-06,-1.5395671229767594e-05
P1,F3,13,stored_logits,mean_tile_dice,frozen_v2,-0.01819195694604836,0.002738564701467716,0.00040810329887545904,0.002040516494377309
P1,F3,13,stored_logits,mean_tile_iou,frozen_v2,-0.013946069477867251,0.0021604481868087166,0.00029371866141258973,0.0014685933070629487
P1,F3,13,stored_logits,pooled_miou,frozen_v2,-0.015898561979984904,-0.00076245721589141,-0.00042506404398443,-0.0021253202199221777
P1,F3,13,stored_logits,pooled_dice,frozen_v2,-0.01997537651435477,-0.0006369759918775086,-0.0003852486673549399,-0.0019262433367746579
P1,F3,13,stored_logits,pooled_iou,frozen_v2,-0.02056026547476647,-0.0004064574646286401,-0.0003405147820546156,-0.0017025739102730642
P1,F3,13,original_audit,mean_tile_miou,frozen_v2,-0.011534063356153423,0.0005961936312565141,-3.079134245950743e-06,-1.5395671229767594e-05
P1,F3,13,original_audit,mean_tile_dice,frozen_v2,-0.01819195694604836,0.002738564701467716,0.00040810329887545904,0.002040516494377309
P1,F3,13,original_audit,mean_tile_iou,frozen_v2,-0.013946069477867251,0.0021604481868087166,0.00029371866141258973,0.0014685933070629487
P1,F3,13,original_audit,pooled_miou,frozen_v2,-0.015898561979984904,-0.00076245721589141,-0.00042506404398443,-0.0021253202199221777
P1,F3,13,original_audit,pooled_dice,frozen_v2,-0.01997537651435477,-0.0006369759918775086,-0.0003852486673549399,-0.0019262433367746579
P1,F3,13,original_audit,pooled_iou,frozen_v2,-0.02056026547476647,-0.0004064574646286401,-0.0003405147820546156,-0.0017025739102730642
P1,F3,37,stored_logits,mean_tile_miou,frozen_v2,-0.006896728742177616,-0.001059666669994852,-0.0003625028163059957,-0.0018125140815299923
P1,F3,37,stored_logits,mean_tile_dice,frozen_v2,-0.004847444426615,0.0026798310139777293,0.0006879935166870244,0.0034399675834351218
P1,F3,37,stored_logits,mean_tile_iou,frozen_v2,-0.004591326116086036,0.0016949027289974161,0.0004343209983004026,0.0021716049915019298
P1,F3,37,stored_logits,pooled_miou,frozen_v2,-0.013761625109284858,-0.007502499104363902,-0.0024315159738025477,-0.012157579869012725
P1,F3,37,stored_logits,pooled_dice,frozen_v2,-0.014383881203030746,-0.011931554224762442,-0.0036054693483533184,-0.018027346741766592
P1,F3,37,stored_logits,pooled_iou,frozen_v2,-0.016966166546649508,-0.010910901976781462,-0.0037034155414723824,-0.018517077707361884
P1,F3,37,original_audit,mean_tile_miou,frozen_v2,-0.006896728742177616,-0.001059666669994852,-0.0003625028163059957,-0.0018125140815299923
P1,F3,37,original_audit,mean_tile_dice,frozen_v2,-0.004847444426615,0.0026798310139777293,0.0006879935166870244,0.0034399675834351218
P1,F3,37,original_audit,mean_tile_iou,frozen_v2,-0.004591326116086036,0.0016949027289974161,0.0004343209983004026,0.0021716049915019298
P1,F3,37,original_audit,pooled_miou,frozen_v2,-0.013761625109284858,-0.007502499104363902,-0.0024315159738025477,-0.012157579869012725
P1,F3,37,original_audit,pooled_dice,frozen_v2,-0.014383881203030746,-0.011931554224762442,-0.0036054693483533184,-0.018027346741766592
P1,F3,37,original_audit,pooled_iou,frozen_v2,-0.016966166546649508,-0.010910901976781462,-0.0037034155414723824,-0.018517077707361884
P1,F3,71,stored_logits,mean_tile_miou,frozen_v2,-0.006091584895843494,-0.006014489968576231,-0.0008655614400783634,-0.004327807200391776
P1,F3,71,stored_logits,mean_tile_dice,frozen_v2,0.002131584837154865,0.0219474350065052,0.0030152330778912273,0.015076165389456109
P1,F3,71,stored_logits,mean_tile_iou,frozen_v2,0.0009762458868969315,0.013712326440718181,0.0019105621699695707,0.009552810849847826
P1,F3,71,stored_logits,pooled_miou,frozen_v2,-0.021857598681011448,-0.03997764494830508,-0.006096734107644268,-0.03048367053822132
P1,F3,71,stored_logits,pooled_dice,frozen_v2,-0.02527265341498336,-0.05053732822729984,-0.0077142837147135546,-0.03857141857356777
P1,F3,71,stored_logits,pooled_iou,frozen_v2,-0.029498250788405234,-0.05513450674211917,-0.008561967721664968,-0.04280983860832477
P1,F3,71,original_audit,mean_tile_miou,frozen_v2,-0.006091584895843494,-0.006014489968576231,-0.0008655614400783634,-0.004327807200391776
P1,F3,71,original_audit,mean_tile_dice,frozen_v2,0.002131584837154865,0.0219474350065052,0.0030152330778912273,0.015076165389456109
P1,F3,71,original_audit,mean_tile_iou,frozen_v2,0.0009762458868969315,0.013712326440718181,0.0019105621699695707,0.009552810849847826
P1,F3,71,original_audit,pooled_miou,frozen_v2,-0.021857598681011448,-0.03997764494830508,-0.006096734107644268,-0.03048367053822132
P1,F3,71,original_audit,pooled_dice,frozen_v2,-0.02527265341498336,-0.05053732822729984,-0.0077142837147135546,-0.03857141857356777
P1,F3,71,original_audit,pooled_iou,frozen_v2,-0.029498250788405234,-0.05513450674211917,-0.008561967721664968,-0.04280983860832477
P2,F1,13,stored_logits,mean_tile_miou,frozen_v2,0.013321470012402747,0.004275791574434085,0.0009082717562352988,0.004541358781176508
P2,F1,13,stored_logits,mean_tile_dice,frozen_v2,0.15830177880959562,0.09131448568939515,0.01940953355287263,0.09704766776436313
P2,F1,13,stored_logits,mean_tile_iou,frozen_v2,0.1430012015336551,0.0757633633141932,0.016205903695541493,0.08102951847770745
P2,F1,13,stored_logits,pooled_miou,frozen_v2,-0.05579114573547442,-0.03640289055781429,-0.00769364267012386,-0.038468213350619285
P2,F1,13,stored_logits,pooled_dice,frozen_v2,-0.006611852315788896,-0.020104331352820942,-0.004108739199337193,-0.020543695996685957
P2,F1,13,stored_logits,pooled_iou,frozen_v2,-0.013496865842552774,-0.026116828781354184,-0.005324900906663779,-0.026624504533318882
P2,F1,13,original_audit,mean_tile_miou,frozen_v2,0.013321197536470875,0.004275301893073846,0.0009081203262980286,0.004540601631490171
P2,F1,13,original_audit,mean_tile_dice,frozen_v2,0.1582995750778579,0.09131237927160996,0.019408966775169345,0.09704483387584673
P2,F1,13,original_audit,mean_tile_iou,frozen_v2,0.14300056649613907,0.07576237392248752,0.01620560230232901,0.08102801151164496
P2,F1,13,original_audit,pooled_miou,frozen_v2,-0.05579000563082878,-0.03640216375527011,-0.007693484360697819,-0.03846742180348908
P2,F1,13,original_audit,pooled_dice,frozen_v2,-0.006610491320839296,-0.020103301445910715,-0.004108521257579614,-0.020542606287898085
P2,F1,13,original_audit,pooled_iou,frozen_v2,-0.013494925516084277,-0.02611561657813155,-0.005324627484178751,-0.026623137420893783
P2,F1,37,stored_logits,mean_tile_miou,frozen_v2,0.0037171607294955167,0.00905701911656176,0.0016759146408678455,0.008379573204339241
P2,F1,37,stored_logits,mean_tile_dice,frozen_v2,0.11382676049068219,0.0969939987435321,0.019595273000647784,0.09797636500323892
P2,F1,37,stored_logits,mean_tile_iou,frozen_v2,0.10477791018271593,0.08130551719107904,0.016238866027325008,0.08119433013662503
P2,F1,37,stored_logits,pooled_miou,frozen_v2,-0.04188536112443281,-0.016226257032121938,-0.005477887523984086,-0.02738943761992041
P2,F1,37,stored_logits,pooled_dice,frozen_v2,-0.0010672897274650595,0.001878850658236536,-0.0021749628797815557,-0.010874814398907778
P2,F1,37,stored_logits,pooled_iou,frozen_v2,-0.0031603806477703,0.003172672289558809,-0.0029133141507272226,-0.014566570753636099
P2,F1,37,original_audit,mean_tile_miou,frozen_v2,0.003719443707592529,0.009059694572163768,0.0016763563933800962,0.008381781966900481
P2,F1,37,original_audit,mean_tile_dice,frozen_v2,0.11382907904992762,0.09699730509536325,0.019595739116899227,0.09797869558449612
P2,F1,37,original_audit,mean_tile_iou,frozen_v2,0.10478147202405752,0.08130948917087366,0.01623950449951292,0.08119752249756462
P2,F1,37,original_audit,pooled_miou,frozen_v2,-0.041881755735774906,-0.01622250592971508,-0.005477192599184173,-0.02738596299592086
P2,F1,37,original_audit,pooled_dice,frozen_v2,-0.0010627762113159522,0.0018835329767586673,-0.00217407833250427,-0.01087039166252135
P2,F1,37,original_audit,pooled_iou,frozen_v2,-0.0031542911146494323,0.0031789325354328324,-0.0029121472447189156,-0.014560736223594606
P2,F1,71,stored_logits,mean_tile_miou,frozen_v2,0.010810149627878296,-0.0005537246647817629,0.0004824664707542281,0.0024123323537711405
P2,F1,71,stored_logits,mean_tile_dice,frozen_v2,0.15047966865037765,0.09459918131203787,0.020026291235108296,0.10013145617554142
P2,F1,71,stored_logits,mean_tile_iou,frozen_v2,0.1329218355169582,0.07412143409744243,0.01585762742385667,0.0792881371192834
P2,F1,71,stored_logits,pooled_miou,frozen_v2,-0.06584194829070436,-0.05015399873478299,-0.009838791933049783,-0.04919395966524892
P2,F1,71,stored_logits,pooled_dice,frozen_v2,-0.028189105310361534,-0.03924775609243858,-0.007614894754644677,-0.03807447377322337
P2,F1,71,stored_logits,pooled_iou,frozen_v2,-0.03855888934949614,-0.04625119220064816,-0.00893359795519058,-0.04466798977595288
P2,F1,71,original_audit,mean_tile_miou,frozen_v2,0.010812009437192571,-0.0005532727777289859,0.00048247345188529023,0.002412367259426451
P2,F1,71,original_audit,mean_tile_dice,frozen_v2,0.15048091226295046,0.09459998783837265,0.020026127981481595,0.100130639907408
P2,F1,71,original_audit,mean_tile_iou,frozen_v2,0.13292398420250895,0.07412219249777696,0.015857581663915654,0.07928790831957833
P2,F1,71,original_audit,pooled_miou,frozen_v2,-0.06583901506149586,-0.050154134610384454,-0.009838712006234686,-0.04919356003117342
P2,F1,71,original_audit,pooled_dice,frozen_v2,-0.028185578890452645,-0.03924787126180615,-0.00761477272571915,-0.038073863628595744
P2,F1,71,original_audit,pooled_iou,frozen_v2,-0.0385543983010142,-0.04625180737372081,-0.008933526219660912,-0.04466763109830452
P2,F2,13,stored_logits,mean_tile_miou,frozen_v2,-0.02959051422400577,-0.017487235684032543,-0.003637924578425364,-0.018189622892126778
P2,F2,13,stored_logits,mean_tile_dice,frozen_v2,0.04570285377554334,0.026628154836276563,0.005585138102002174,0.027925690510010814
P2,F2,13,stored_logits,mean_tile_iou,frozen_v2,0.03649777113518571,0.021118975747308033,0.004371520858772265,0.0218576042938613
P2,F2,13,stored_logits,pooled_miou,frozen_v2,-0.04939952423085836,-0.019791562571655708,-0.0034665518788996874,-0.01733275939449841
P2,F2,13,stored_logits,pooled_dice,frozen_v2,-0.045619590187380765,-0.026309467148753096,-0.004319132192055819,-0.021595660960279095
P2,F2,13,stored_logits,pooled_iou,frozen_v2,-0.050271399195068456,-0.02160649952903837,-0.0035487153118858306,-0.017743576559429153
P2,F2,13,original_audit,mean_tile_miou,frozen_v2,-0.02959173970537493,-0.017488850737010342,-0.003638219057082559,-0.018191095285412795
P2,F2,13,original_audit,mean_tile_dice,frozen_v2,0.04570025789026627,0.026622962859583654,0.005584197737571628,0.027920988687858084
P2,F2,13,original_audit,mean_tile_iou,frozen_v2,0.03649617939663874,0.02111620274276549,0.004371012815410802,0.021855064077054065
P2,F2,13,original_audit,pooled_miou,frozen_v2,-0.049400546611240104,-0.019792024268487696,-0.0034666449474247824,-0.017333224737123953
P2,F2,13,original_audit,pooled_dice,frozen_v2,-0.04562037499605215,-0.026309828646008004,-0.004319212704119418,-0.02159606352059712
P2,F2,13,original_audit,pooled_iou,frozen_v2,-0.05027253831343842,-0.02160688166945335,-0.0035488051834388634,-0.017744025917194373
P2,F2,37,stored_logits,mean_tile_miou,frozen_v2,-0.027713447395701085,-0.013197245111250033,-0.002739185294032262,-0.013695926470161268
P2,F2,37,stored_logits,mean_tile_dice,frozen_v2,0.0790685398964211,0.03334576186587712,0.0066499589338176734,0.033249794669088395
P2,F2,37,stored_logits,mean_tile_iou,frozen_v2,0.06217553624963035,0.02370104084335989,0.004795561902959128,0.023977809514795667
P2,F2,37,stored_logits,pooled_miou,frozen_v2,-0.034681517703816944,-0.022675503730481106,-0.003947894251930595,-0.019739471259652974
P2,F2,37,stored_logits,pooled_dice,frozen_v2,-0.01964168965655,-0.02919663613839041,-0.005091587058157626,-0.025457935290788103
P2,F2,37,stored_logits,pooled_iou,frozen_v2,-0.02162168844084572,-0.02663836115090734,-0.004674144450471512,-0.02337072225235759
P2,F2,37,original_audit,mean_tile_miou,frozen_v2,-0.027712620055621806,-0.013197037642810494,-0.0027391318558507155,-0.013695659279253536
P2,F2,37,original_audit,mean_tile_dice,frozen_v2,0.07907129731346357,0.03334647139403524,0.0066501471718584115,0.03325073585929206
P2,F2,37,original_audit,mean_tile_iou,frozen_v2,0.062177481133609214,0.023701707253177884,0.0047957090859747364,0.023978545429873654
P2,F2,37,original_audit,pooled_miou,frozen_v2,-0.0346814061445484,-0.022675662953958953,-0.003947919051947656,-0.019739595259738285
P2,F2,37,original_audit,pooled_dice,frozen_v2,-0.019641353603719935,-0.029196825296783913,-0.005091616209976585,-0.025458081049882952
P2,F2,37,original_audit,pooled_iou,frozen_v2,-0.021621178315609058,-0.026638395717615837,-0.0046741523072121455,-0.02337076153606077
P2,F2,71,stored_logits,mean_tile_miou,frozen_v2,-0.025370752254119666,-0.011139453855795567,-0.0027722372108147514,-0.01386118605407377
P2,F2,71,stored_logits,mean_tile_dice,frozen_v2,0.07861135899874483,0.04584339349768507,0.009300933851916549,0.04650466925958274
P2,F2,71,stored_logits,mean_tile_iou,frozen_v2,0.06301588852778384,0.0358901067468369,0.007210524654854028,0.03605262327427017
P2,F2,71,stored_logits,pooled_miou,frozen_v2,-0.03620751740452072,-0.014065987116323786,-0.0037824140116197377,-0.01891207005809864
P2,F2,71,stored_logits,pooled_dice,frozen_v2,-0.009384006872938222,-0.005454702427529712,-0.0027534093195146214,-0.013767046597573107
P2,F2,71,stored_logits,pooled_iou,frozen_v2,-0.01555556186831536,-0.005630034439649156,-0.0027930832283619283,-0.013965416141809683
P2,F2,71,original_audit,mean_tile_miou,frozen_v2,-0.025371182184767527,-0.01113955984917836,-0.0027722664966589455,-0.013861332483294742
P2,F2,71,original_audit,mean_tile_dice,frozen_v2,0.07861098375610226,0.04584322808800867,0.0093008983213613,0.046504491606806475
P2,F2,71,original_audit,mean_tile_iou,frozen_v2,0.06301553285866746,0.035890041125667294,0.007210507877033923,0.03605253938516961
P2,F2,71,original_audit,pooled_miou,frozen_v2,-0.03620787560920047,-0.014065938178400739,-0.003782418291373213,-0.018912091456866065
P2,F2,71,original_audit,pooled_dice,frozen_v2,-0.009384282433463509,-0.005454538143189747,-0.0027533969173298145,-0.013766984586649045
P2,F2,71,original_audit,pooled_iou,frozen_v2,-0.015555717601800634,-0.005629733603232379,-0.002793040100771804,-0.013965200503859077
P2,F3,13,stored_logits,mean_tile_miou,frozen_v2,-0.006848609523529059,0.0012672440527787265,0.00013366951499410584,0.0006683475749705292
P2,F3,13,stored_logits,mean_tile_dice,frozen_v2,0.00930133921055798,0.004181625384354737,0.0007397350992865426,0.0036986754964327684
P2,F3,13,stored_logits,mean_tile_iou,frozen_v2,0.007586005976951138,0.0028372173925265143,0.0005076301969431096,0.002538150984715548
P2,F3,13,stored_logits,pooled_miou,frozen_v2,-0.021917985632997683,0.0011776559482913895,-0.00021658208197361528,-0.0010829104098680764
P2,F3,13,stored_logits,pooled_dice,frozen_v2,-0.019714332945630353,0.0024908159610478875,-0.0001462415339630596,-0.0007312076698152703
P2,F3,13,stored_logits,pooled_iou,frozen_v2,-0.020663736063634475,0.0027535630476772655,-0.0001110089152108612,-0.0005550445760542644
P2,F3,13,original_audit,mean_tile_miou,frozen_v2,-0.006848225664273289,0.0012672440527788376,0.00013366184295647565,0.0006683092147823921
P2,F3,13,original_audit,mean_tile_dice,frozen_v2,0.009302539954687994,0.004181625384354737,0.0007397220190745457,0.0036986100953727563
P2,F3,13,original_audit,mean_tile_iou,frozen_v2,0.007586910467118901,0.0028372173925267363,0.0005076221179836082,0.002538110589918041
P2,F3,13,original_audit,pooled_miou,frozen_v2,-0.02191749466328824,0.0011776309950580766,-0.0002165934621203014,-0.0010829673106015347
P2,F3,13,original_audit,pooled_dice,frozen_v2,-0.01971335092180465,0.002490783082405801,-0.00014625576422376552,-0.0007312788211188415
P2,F3,13,original_audit,pooled_iou,frozen_v2,-0.020662635025315734,0.0027535255918884616,-0.00011102065091841973,-0.0005551032545920709
P2,F3,37,stored_logits,mean_tile_miou,frozen_v2,-0.012432033895204253,0.0006910808127836288,-0.000641479433016609,-0.003207397165083059
P2,F3,37,stored_logits,mean_tile_dice,frozen_v2,-0.0020250167087597637,0.003250906523241781,0.0006394673657975358,0.003197336828987596
P2,F3,37,stored_logits,mean_tile_iou,frozen_v2,-0.0016760435182351374,0.002023084194637703,0.0004014721801591792,0.002007360900795896
P2,F3,37,stored_logits,pooled_miou,frozen_v2,-0.022255724974383218,-0.00013459506515350883,-0.0010069183427820205,-0.00503459171391013
P2,F3,37,stored_logits,pooled_dice,frozen_v2,-0.020046207830248575,0.0005331623382406891,-0.001139822212569419,-0.005699111062847095
P2,F3,37,stored_logits,pooled_iou,frozen_v2,-0.020445025183818966,0.0006359482914147785,-0.001015611601469596,-0.005078058007347952
P2,F3,37,original_audit,mean_tile_miou,frozen_v2,-0.01243208866370038,0.0006910808127836843,-0.000641483917861535,-0.003207419589307703
P2,F3,37,original_audit,mean_tile_dice,frozen_v2,-0.002025063611481137,0.003250906523241892,0.0006394667560566947,0.003197333780283529
P2,F3,37,original_audit,mean_tile_iou,frozen_v2,-0.0016760601548345688,0.002023084194637703,0.00040147187161612696,0.002007359358080607
P2,F3,37,original_audit,pooled_miou,frozen_v2,-0.022255797866781668,-0.0001345945009948446,-0.001006926581814227,-0.005034632909071135
P2,F3,37,original_audit,pooled_dice,frozen_v2,-0.020046264592871788,0.0005331657952687974,-0.0011398317762700144,-0.005699158881350086
P2,F3,37,original_audit,pooled_iou,frozen_v2,-0.02044505444953426,0.0006359508144357928,-0.0010156179892576445,-0.005078089946288222
P2,F3,71,stored_logits,mean_tile_miou,frozen_v2,-0.009745460465258204,-0.001480552175323946,-0.0006541037931812321,-0.0032705189659061884
P2,F3,71,stored_logits,mean_tile_dice,frozen_v2,0.023821805426318732,0.023361747508191533,0.004293572345477947,0.021467861727389792
P2,F3,71,stored_logits,mean_tile_iou,frozen_v2,0.017387071597959936,0.014954739612344392,0.002690568731068127,0.013452843655340607
P2,F3,71,stored_logits,pooled_miou,frozen_v2,-0.032610913036833,-0.014353853420357943,-0.0031524374593236842,-0.015762187296618435
P2,F3,71,stored_logits,pooled_dice,frozen_v2,-0.028152157727354965,-0.016940054603942323,-0.0037275904507536872,-0.018637952253768464
P2,F3,71,stored_logits,pooled_iou,frozen_v2,-0.030835629802394737,-0.015908277765678713,-0.0036212963100984985,-0.018106481550492437
P2,F3,71,original_audit,mean_tile_miou,frozen_v2,-0.009745753370695276,-0.0014812258172970938,-0.0006542229972124336,-0.0032711149860621402
P2,F3,71,original_audit,mean_tile_dice,frozen_v2,0.023821948999212306,0.023360991535766762,0.0042934464458948135,0.02146723222947411
P2,F3,71,original_audit,mean_tile_iou,frozen_v2,0.017387360174055955,0.014954220406881658,0.0026904813014850815,0.013452406507425407
P2,F3,71,original_audit,pooled_miou,frozen_v2,-0.032611288095423685,-0.014354751573894375,-0.003152590869763716,-0.01576295434881858
P2,F3,71,original_audit,pooled_dice,frozen_v2,-0.0281523531145631,-0.01694104966920046,-0.0037277588368665737,-0.018638794184332896
P2,F3,71,original_audit,pooled_iou,frozen_v2,-0.030835614996517213,-0.01590922669227035,-0.0036214563790940985,-0.018107281895470395
P1,F1,13,stored_logits,mean_tile_miou,sdc_native,0.0,0.0,0.0,0.0
P1,F1,13,stored_logits,mean_tile_dice,sdc_native,0.0,0.0,0.0,0.0
P1,F1,13,stored_logits,mean_tile_iou,sdc_native,0.0,0.0,0.0,0.0
P1,F1,13,stored_logits,pooled_miou,sdc_native,0.0,0.0,0.0,0.0
P1,F1,13,stored_logits,pooled_dice,sdc_native,0.0,0.0,0.0,0.0
P1,F1,13,stored_logits,pooled_iou,sdc_native,0.0,0.0,0.0,0.0
P1,F1,13,original_audit,mean_tile_miou,sdc_native,0.0,0.0,0.0,0.0
P1,F1,13,original_audit,mean_tile_dice,sdc_native,0.0,0.0,0.0,0.0
P1,F1,13,original_audit,mean_tile_iou,sdc_native,0.0,0.0,0.0,0.0
P1,F1,13,original_audit,pooled_miou,sdc_native,0.0,0.0,0.0,0.0
P1,F1,13,original_audit,pooled_dice,sdc_native,0.0,0.0,0.0,0.0
P1,F1,13,original_audit,pooled_iou,sdc_native,0.0,0.0,0.0,0.0
P1,F1,37,stored_logits,mean_tile_miou,sdc_native,0.0,0.0,0.0,0.0
P1,F1,37,stored_logits,mean_tile_dice,sdc_native,0.0,0.0,0.0,0.0
P1,F1,37,stored_logits,mean_tile_iou,sdc_native,0.0,0.0,0.0,0.0
P1,F1,37,stored_logits,pooled_miou,sdc_native,0.0,0.0,0.0,0.0
P1,F1,37,stored_logits,pooled_dice,sdc_native,0.0,0.0,0.0,0.0
P1,F1,37,stored_logits,pooled_iou,sdc_native,0.0,0.0,0.0,0.0
P1,F1,37,original_audit,mean_tile_miou,sdc_native,0.0,0.0,0.0,0.0
P1,F1,37,original_audit,mean_tile_dice,sdc_native,0.0,0.0,0.0,0.0
P1,F1,37,original_audit,mean_tile_iou,sdc_native,0.0,0.0,0.0,0.0
P1,F1,37,original_audit,pooled_miou,sdc_native,0.0,0.0,0.0,0.0
P1,F1,37,original_audit,pooled_dice,sdc_native,0.0,0.0,0.0,0.0
P1,F1,37,original_audit,pooled_iou,sdc_native,0.0,0.0,0.0,0.0
P1,F1,71,stored_logits,mean_tile_miou,sdc_native,0.0,0.0,0.0,0.0
P1,F1,71,stored_logits,mean_tile_dice,sdc_native,0.0,0.0,0.0,0.0
P1,F1,71,stored_logits,mean_tile_iou,sdc_native,0.0,0.0,0.0,0.0
P1,F1,71,stored_logits,pooled_miou,sdc_native,0.0,0.0,0.0,0.0
P1,F1,71,stored_logits,pooled_dice,sdc_native,0.0,0.0,0.0,0.0
P1,F1,71,stored_logits,pooled_iou,sdc_native,0.0,0.0,0.0,0.0
P1,F1,71,original_audit,mean_tile_miou,sdc_native,0.0,0.0,0.0,0.0
P1,F1,71,original_audit,mean_tile_dice,sdc_native,0.0,0.0,0.0,0.0
P1,F1,71,original_audit,mean_tile_iou,sdc_native,0.0,0.0,0.0,0.0
P1,F1,71,original_audit,pooled_miou,sdc_native,0.0,0.0,0.0,0.0
P1,F1,71,original_audit,pooled_dice,sdc_native,0.0,0.0,0.0,0.0
P1,F1,71,original_audit,pooled_iou,sdc_native,0.0,0.0,0.0,0.0
P1,F2,13,stored_logits,mean_tile_miou,sdc_native,0.0,0.0,0.0,0.0
P1,F2,13,stored_logits,mean_tile_dice,sdc_native,0.0,0.0,0.0,0.0
P1,F2,13,stored_logits,mean_tile_iou,sdc_native,0.0,0.0,0.0,0.0
P1,F2,13,stored_logits,pooled_miou,sdc_native,0.0,0.0,0.0,0.0
P1,F2,13,stored_logits,pooled_dice,sdc_native,0.0,0.0,0.0,0.0
P1,F2,13,stored_logits,pooled_iou,sdc_native,0.0,0.0,0.0,0.0
P1,F2,13,original_audit,mean_tile_miou,sdc_native,0.0,0.0,0.0,0.0
P1,F2,13,original_audit,mean_tile_dice,sdc_native,0.0,0.0,0.0,0.0
P1,F2,13,original_audit,mean_tile_iou,sdc_native,0.0,0.0,0.0,0.0
P1,F2,13,original_audit,pooled_miou,sdc_native,0.0,0.0,0.0,0.0
P1,F2,13,original_audit,pooled_dice,sdc_native,0.0,0.0,0.0,0.0
P1,F2,13,original_audit,pooled_iou,sdc_native,0.0,0.0,0.0,0.0
P1,F2,37,stored_logits,mean_tile_miou,sdc_native,0.0,0.0,0.0,0.0
P1,F2,37,stored_logits,mean_tile_dice,sdc_native,0.0,0.0,0.0,0.0
P1,F2,37,stored_logits,mean_tile_iou,sdc_native,0.0,0.0,0.0,0.0
P1,F2,37,stored_logits,pooled_miou,sdc_native,0.0,0.0,0.0,0.0
P1,F2,37,stored_logits,pooled_dice,sdc_native,0.0,0.0,0.0,0.0
P1,F2,37,stored_logits,pooled_iou,sdc_native,0.0,0.0,0.0,0.0
P1,F2,37,original_audit,mean_tile_miou,sdc_native,0.0,0.0,0.0,0.0
P1,F2,37,original_audit,mean_tile_dice,sdc_native,0.0,0.0,0.0,0.0
P1,F2,37,original_audit,mean_tile_iou,sdc_native,0.0,0.0,0.0,0.0
P1,F2,37,original_audit,pooled_miou,sdc_native,0.0,0.0,0.0,0.0
P1,F2,37,original_audit,pooled_dice,sdc_native,0.0,0.0,0.0,0.0
P1,F2,37,original_audit,pooled_iou,sdc_native,0.0,0.0,0.0,0.0
P1,F2,71,stored_logits,mean_tile_miou,sdc_native,0.0,0.0,0.0,0.0
P1,F2,71,stored_logits,mean_tile_dice,sdc_native,0.0,0.0,0.0,0.0
P1,F2,71,stored_logits,mean_tile_iou,sdc_native,0.0,0.0,0.0,0.0
P1,F2,71,stored_logits,pooled_miou,sdc_native,0.0,0.0,0.0,0.0
P1,F2,71,stored_logits,pooled_dice,sdc_native,0.0,0.0,0.0,0.0
P1,F2,71,stored_logits,pooled_iou,sdc_native,0.0,0.0,0.0,0.0
P1,F2,71,original_audit,mean_tile_miou,sdc_native,0.0,0.0,0.0,0.0
P1,F2,71,original_audit,mean_tile_dice,sdc_native,0.0,0.0,0.0,0.0
P1,F2,71,original_audit,mean_tile_iou,sdc_native,0.0,0.0,0.0,0.0
P1,F2,71,original_audit,pooled_miou,sdc_native,0.0,0.0,0.0,0.0
P1,F2,71,original_audit,pooled_dice,sdc_native,0.0,0.0,0.0,0.0
P1,F2,71,original_audit,pooled_iou,sdc_native,0.0,0.0,0.0,0.0
P1,F3,13,stored_logits,mean_tile_miou,sdc_native,0.0,0.0,0.0,0.0
P1,F3,13,stored_logits,mean_tile_dice,sdc_native,0.0,0.0,0.0,0.0
P1,F3,13,stored_logits,mean_tile_iou,sdc_native,0.0,0.0,0.0,0.0
P1,F3,13,stored_logits,pooled_miou,sdc_native,0.0,0.0,0.0,0.0
P1,F3,13,stored_logits,pooled_dice,sdc_native,0.0,0.0,0.0,0.0
P1,F3,13,stored_logits,pooled_iou,sdc_native,0.0,0.0,0.0,0.0
P1,F3,13,original_audit,mean_tile_miou,sdc_native,0.0,0.0,0.0,0.0
P1,F3,13,original_audit,mean_tile_dice,sdc_native,0.0,0.0,0.0,0.0
P1,F3,13,original_audit,mean_tile_iou,sdc_native,0.0,0.0,0.0,0.0
P1,F3,13,original_audit,pooled_miou,sdc_native,0.0,0.0,0.0,0.0
P1,F3,13,original_audit,pooled_dice,sdc_native,0.0,0.0,0.0,0.0
P1,F3,13,original_audit,pooled_iou,sdc_native,0.0,0.0,0.0,0.0
P1,F3,37,stored_logits,mean_tile_miou,sdc_native,0.0,0.0,0.0,0.0
P1,F3,37,stored_logits,mean_tile_dice,sdc_native,0.0,0.0,0.0,0.0
P1,F3,37,stored_logits,mean_tile_iou,sdc_native,0.0,0.0,0.0,0.0
P1,F3,37,stored_logits,pooled_miou,sdc_native,0.0,0.0,0.0,0.0
P1,F3,37,stored_logits,pooled_dice,sdc_native,0.0,0.0,0.0,0.0
P1,F3,37,stored_logits,pooled_iou,sdc_native,0.0,0.0,0.0,0.0
P1,F3,37,original_audit,mean_tile_miou,sdc_native,0.0,0.0,0.0,0.0
P1,F3,37,original_audit,mean_tile_dice,sdc_native,0.0,0.0,0.0,0.0
P1,F3,37,original_audit,mean_tile_iou,sdc_native,0.0,0.0,0.0,0.0
P1,F3,37,original_audit,pooled_miou,sdc_native,0.0,0.0,0.0,0.0
P1,F3,37,original_audit,pooled_dice,sdc_native,0.0,0.0,0.0,0.0
P1,F3,37,original_audit,pooled_iou,sdc_native,0.0,0.0,0.0,0.0
P1,F3,71,stored_logits,mean_tile_miou,sdc_native,0.0,0.0,0.0,0.0
P1,F3,71,stored_logits,mean_tile_dice,sdc_native,0.0,0.0,0.0,0.0
P1,F3,71,stored_logits,mean_tile_iou,sdc_native,0.0,0.0,0.0,0.0
P1,F3,71,stored_logits,pooled_miou,sdc_native,0.0,0.0,0.0,0.0
P1,F3,71,stored_logits,pooled_dice,sdc_native,0.0,0.0,0.0,0.0
P1,F3,71,stored_logits,pooled_iou,sdc_native,0.0,0.0,0.0,0.0
P1,F3,71,original_audit,mean_tile_miou,sdc_native,0.0,0.0,0.0,0.0
P1,F3,71,original_audit,mean_tile_dice,sdc_native,0.0,0.0,0.0,0.0
P1,F3,71,original_audit,mean_tile_iou,sdc_native,0.0,0.0,0.0,0.0
P1,F3,71,original_audit,pooled_miou,sdc_native,0.0,0.0,0.0,0.0
P1,F3,71,original_audit,pooled_dice,sdc_native,0.0,0.0,0.0,0.0
P1,F3,71,original_audit,pooled_iou,sdc_native,0.0,0.0,0.0,0.0
P2,F1,13,stored_logits,mean_tile_miou,sdc_native,0.0,0.0,0.0,0.0
P2,F1,13,stored_logits,mean_tile_dice,sdc_native,0.0,0.0,0.0,0.0
P2,F1,13,stored_logits,mean_tile_iou,sdc_native,0.0,0.0,0.0,0.0
P2,F1,13,stored_logits,pooled_miou,sdc_native,0.0,0.0,0.0,0.0
P2,F1,13,stored_logits,pooled_dice,sdc_native,0.0,0.0,0.0,0.0
P2,F1,13,stored_logits,pooled_iou,sdc_native,0.0,0.0,0.0,0.0
P2,F1,13,original_audit,mean_tile_miou,sdc_native,0.0,0.0,0.0,0.0
P2,F1,13,original_audit,mean_tile_dice,sdc_native,0.0,0.0,0.0,0.0
P2,F1,13,original_audit,mean_tile_iou,sdc_native,0.0,0.0,0.0,0.0
P2,F1,13,original_audit,pooled_miou,sdc_native,0.0,0.0,0.0,0.0
P2,F1,13,original_audit,pooled_dice,sdc_native,0.0,0.0,0.0,0.0
P2,F1,13,original_audit,pooled_iou,sdc_native,0.0,0.0,0.0,0.0
P2,F1,37,stored_logits,mean_tile_miou,sdc_native,0.0,0.0,0.0,0.0
P2,F1,37,stored_logits,mean_tile_dice,sdc_native,0.0,0.0,0.0,0.0
P2,F1,37,stored_logits,mean_tile_iou,sdc_native,0.0,0.0,0.0,0.0
P2,F1,37,stored_logits,pooled_miou,sdc_native,0.0,0.0,0.0,0.0
P2,F1,37,stored_logits,pooled_dice,sdc_native,0.0,0.0,0.0,0.0
P2,F1,37,stored_logits,pooled_iou,sdc_native,0.0,0.0,0.0,0.0
P2,F1,37,original_audit,mean_tile_miou,sdc_native,0.0,0.0,0.0,0.0
P2,F1,37,original_audit,mean_tile_dice,sdc_native,0.0,0.0,0.0,0.0
P2,F1,37,original_audit,mean_tile_iou,sdc_native,0.0,0.0,0.0,0.0
P2,F1,37,original_audit,pooled_miou,sdc_native,0.0,0.0,0.0,0.0
P2,F1,37,original_audit,pooled_dice,sdc_native,0.0,0.0,0.0,0.0
P2,F1,37,original_audit,pooled_iou,sdc_native,0.0,0.0,0.0,0.0
P2,F1,71,stored_logits,mean_tile_miou,sdc_native,0.0,0.0,0.0,0.0
P2,F1,71,stored_logits,mean_tile_dice,sdc_native,0.0,0.0,0.0,0.0
P2,F1,71,stored_logits,mean_tile_iou,sdc_native,0.0,0.0,0.0,0.0
P2,F1,71,stored_logits,pooled_miou,sdc_native,0.0,0.0,0.0,0.0
P2,F1,71,stored_logits,pooled_dice,sdc_native,0.0,0.0,0.0,0.0
P2,F1,71,stored_logits,pooled_iou,sdc_native,0.0,0.0,0.0,0.0
P2,F1,71,original_audit,mean_tile_miou,sdc_native,0.0,0.0,0.0,0.0
P2,F1,71,original_audit,mean_tile_dice,sdc_native,0.0,0.0,0.0,0.0
P2,F1,71,original_audit,mean_tile_iou,sdc_native,0.0,0.0,0.0,0.0
P2,F1,71,original_audit,pooled_miou,sdc_native,0.0,0.0,0.0,0.0
P2,F1,71,original_audit,pooled_dice,sdc_native,0.0,0.0,0.0,0.0
P2,F1,71,original_audit,pooled_iou,sdc_native,0.0,0.0,0.0,0.0
P2,F2,13,stored_logits,mean_tile_miou,sdc_native,0.0,0.0,0.0,0.0
P2,F2,13,stored_logits,mean_tile_dice,sdc_native,0.0,0.0,0.0,0.0
P2,F2,13,stored_logits,mean_tile_iou,sdc_native,0.0,0.0,0.0,0.0
P2,F2,13,stored_logits,pooled_miou,sdc_native,0.0,0.0,0.0,0.0
P2,F2,13,stored_logits,pooled_dice,sdc_native,0.0,0.0,0.0,0.0
P2,F2,13,stored_logits,pooled_iou,sdc_native,0.0,0.0,0.0,0.0
P2,F2,13,original_audit,mean_tile_miou,sdc_native,0.0,0.0,0.0,0.0
P2,F2,13,original_audit,mean_tile_dice,sdc_native,0.0,0.0,0.0,0.0
P2,F2,13,original_audit,mean_tile_iou,sdc_native,0.0,0.0,0.0,0.0
P2,F2,13,original_audit,pooled_miou,sdc_native,0.0,0.0,0.0,0.0
P2,F2,13,original_audit,pooled_dice,sdc_native,0.0,0.0,0.0,0.0
P2,F2,13,original_audit,pooled_iou,sdc_native,0.0,0.0,0.0,0.0
P2,F2,37,stored_logits,mean_tile_miou,sdc_native,0.0,0.0,0.0,0.0
P2,F2,37,stored_logits,mean_tile_dice,sdc_native,0.0,0.0,0.0,0.0
P2,F2,37,stored_logits,mean_tile_iou,sdc_native,0.0,0.0,0.0,0.0
P2,F2,37,stored_logits,pooled_miou,sdc_native,0.0,0.0,0.0,0.0
P2,F2,37,stored_logits,pooled_dice,sdc_native,0.0,0.0,0.0,0.0
P2,F2,37,stored_logits,pooled_iou,sdc_native,0.0,0.0,0.0,0.0
P2,F2,37,original_audit,mean_tile_miou,sdc_native,0.0,0.0,0.0,0.0
P2,F2,37,original_audit,mean_tile_dice,sdc_native,0.0,0.0,0.0,0.0
P2,F2,37,original_audit,mean_tile_iou,sdc_native,0.0,0.0,0.0,0.0
P2,F2,37,original_audit,pooled_miou,sdc_native,0.0,0.0,0.0,0.0
P2,F2,37,original_audit,pooled_dice,sdc_native,0.0,0.0,0.0,0.0
P2,F2,37,original_audit,pooled_iou,sdc_native,0.0,0.0,0.0,0.0
P2,F2,71,stored_logits,mean_tile_miou,sdc_native,0.0,0.0,0.0,0.0
P2,F2,71,stored_logits,mean_tile_dice,sdc_native,0.0,0.0,0.0,0.0
P2,F2,71,stored_logits,mean_tile_iou,sdc_native,0.0,0.0,0.0,0.0
P2,F2,71,stored_logits,pooled_miou,sdc_native,0.0,0.0,0.0,0.0
P2,F2,71,stored_logits,pooled_dice,sdc_native,0.0,0.0,0.0,0.0
P2,F2,71,stored_logits,pooled_iou,sdc_native,0.0,0.0,0.0,0.0
P2,F2,71,original_audit,mean_tile_miou,sdc_native,0.0,0.0,0.0,0.0
P2,F2,71,original_audit,mean_tile_dice,sdc_native,0.0,0.0,0.0,0.0
P2,F2,71,original_audit,mean_tile_iou,sdc_native,0.0,0.0,0.0,0.0
P2,F2,71,original_audit,pooled_miou,sdc_native,0.0,0.0,0.0,0.0
P2,F2,71,original_audit,pooled_dice,sdc_native,0.0,0.0,0.0,0.0
P2,F2,71,original_audit,pooled_iou,sdc_native,0.0,0.0,0.0,0.0
P2,F3,13,stored_logits,mean_tile_miou,sdc_native,0.0,0.0,0.0,0.0
P2,F3,13,stored_logits,mean_tile_dice,sdc_native,0.0,0.0,0.0,0.0
P2,F3,13,stored_logits,mean_tile_iou,sdc_native,0.0,0.0,0.0,0.0
P2,F3,13,stored_logits,pooled_miou,sdc_native,0.0,0.0,0.0,0.0
P2,F3,13,stored_logits,pooled_dice,sdc_native,0.0,0.0,0.0,0.0
P2,F3,13,stored_logits,pooled_iou,sdc_native,0.0,0.0,0.0,0.0
P2,F3,13,original_audit,mean_tile_miou,sdc_native,0.0,0.0,0.0,0.0
P2,F3,13,original_audit,mean_tile_dice,sdc_native,0.0,0.0,0.0,0.0
P2,F3,13,original_audit,mean_tile_iou,sdc_native,0.0,0.0,0.0,0.0
P2,F3,13,original_audit,pooled_miou,sdc_native,0.0,0.0,0.0,0.0
P2,F3,13,original_audit,pooled_dice,sdc_native,0.0,0.0,0.0,0.0
P2,F3,13,original_audit,pooled_iou,sdc_native,0.0,0.0,0.0,0.0
P2,F3,37,stored_logits,mean_tile_miou,sdc_native,0.0,0.0,0.0,0.0
P2,F3,37,stored_logits,mean_tile_dice,sdc_native,0.0,0.0,0.0,0.0
P2,F3,37,stored_logits,mean_tile_iou,sdc_native,0.0,0.0,0.0,0.0
P2,F3,37,stored_logits,pooled_miou,sdc_native,0.0,0.0,0.0,0.0
P2,F3,37,stored_logits,pooled_dice,sdc_native,0.0,0.0,0.0,0.0
P2,F3,37,stored_logits,pooled_iou,sdc_native,0.0,0.0,0.0,0.0
P2,F3,37,original_audit,mean_tile_miou,sdc_native,0.0,0.0,0.0,0.0
P2,F3,37,original_audit,mean_tile_dice,sdc_native,0.0,0.0,0.0,0.0
P2,F3,37,original_audit,mean_tile_iou,sdc_native,0.0,0.0,0.0,0.0
P2,F3,37,original_audit,pooled_miou,sdc_native,0.0,0.0,0.0,0.0
P2,F3,37,original_audit,pooled_dice,sdc_native,0.0,0.0,0.0,0.0
P2,F3,37,original_audit,pooled_iou,sdc_native,0.0,0.0,0.0,0.0
P2,F3,71,stored_logits,mean_tile_miou,sdc_native,0.0,0.0,0.0,0.0
P2,F3,71,stored_logits,mean_tile_dice,sdc_native,0.0,0.0,0.0,0.0
P2,F3,71,stored_logits,mean_tile_iou,sdc_native,0.0,0.0,0.0,0.0
P2,F3,71,stored_logits,pooled_miou,sdc_native,0.0,0.0,0.0,0.0
P2,F3,71,stored_logits,pooled_dice,sdc_native,0.0,0.0,0.0,0.0
P2,F3,71,stored_logits,pooled_iou,sdc_native,0.0,0.0,0.0,0.0
P2,F3,71,original_audit,mean_tile_miou,sdc_native,0.0,0.0,0.0,0.0
P2,F3,71,original_audit,mean_tile_dice,sdc_native,0.0,0.0,0.0,0.0
P2,F3,71,original_audit,mean_tile_iou,sdc_native,0.0,0.0,0.0,0.0
P2,F3,71,original_audit,pooled_miou,sdc_native,0.0,0.0,0.0,0.0
P2,F3,71,original_audit,pooled_dice,sdc_native,0.0,0.0,0.0,0.0
P2,F3,71,original_audit,pooled_iou,sdc_native,0.0,0.0,0.0,0.0
P1,F1,13,stored_logits,mean_tile_miou,fit_miou_exact,0.036217133268647755,0.014810100800830672,0.0034155664149545933,0.017077832074772925
P1,F1,13,stored_logits,mean_tile_dice,fit_miou_exact,0.17990244524937912,0.09171339744650098,0.0198733543404188,0.09936677170209401
P1,F1,13,stored_logits,mean_tile_iou,fit_miou_exact,0.17356706331183713,0.08039705282104959,0.01747350485491342,0.08736752427456707
P1,F1,13,stored_logits,pooled_miou,fit_miou_exact,-0.03173743873720661,-0.024076891576557735,-0.0062573975488759565,-0.031286987744379796
P1,F1,13,stored_logits,pooled_dice,fit_miou_exact,0.02111919883767041,-0.0059955045141314445,-0.002650042543327187,-0.013250212716635956
P1,F1,13,stored_logits,pooled_iou,fit_miou_exact,0.02504241539854435,-0.009815124545815235,-0.004069933450713402,-0.020349667253567016
P1,F1,13,original_audit,mean_tile_miou,fit_miou_exact,0.036217133268647755,0.014810100800830672,0.0034155664149545933,0.017077832074772925
P1,F1,13,original_audit,mean_tile_dice,fit_miou_exact,0.17990244524937912,0.09171339744650098,0.0198733543404188,0.09936677170209401
P1,F1,13,original_audit,mean_tile_iou,fit_miou_exact,0.17356706331183713,0.08039705282104959,0.01747350485491342,0.08736752427456707
P1,F1,13,original_audit,pooled_miou,fit_miou_exact,-0.03173743873720661,-0.024076891576557735,-0.0062573975488759565,-0.031286987744379796
P1,F1,13,original_audit,pooled_dice,fit_miou_exact,0.02111919883767041,-0.0059955045141314445,-0.002650042543327187,-0.013250212716635956
P1,F1,13,original_audit,pooled_iou,fit_miou_exact,0.02504241539854435,-0.009815124545815235,-0.004069933450713402,-0.020349667253567016
P1,F1,37,stored_logits,mean_tile_miou,fit_miou_exact,0.015923526882309524,0.006447357610318005,0.002093770227101187,0.010468851135505941
P1,F1,37,stored_logits,mean_tile_dice,fit_miou_exact,0.13866241077109057,0.08045513309783514,0.01778316201987082,0.08891581009935406
P1,F1,37,stored_logits,mean_tile_iou,fit_miou_exact,0.13311662686450426,0.07129564889819134,0.015808956445185665,0.07904478222592831
P1,F1,37,stored_logits,pooled_miou,fit_miou_exact,-0.04219905728913234,-0.031425076199381424,-0.006177748894426238,-0.03088874447213119
P1,F1,37,stored_logits,pooled_dice,fit_miou_exact,0.007089111142516952,-0.010873169552292089,-0.001886954302639604,-0.00943477151319802
P1,F1,37,stored_logits,pooled_iou,fit_miou_exact,0.005178222964093454,-0.01761816119610249,-0.00326897768133972,-0.016344888406698566
P1,F1,37,original_audit,mean_tile_miou,fit_miou_exact,0.015923526882309524,0.006447357610318005,0.002093770227101187,0.010468851135505941
P1,F1,37,original_audit,mean_tile_dice,fit_miou_exact,0.13866241077109057,0.08045513309783514,0.01778316201987082,0.08891581009935406
P1,F1,37,original_audit,mean_tile_iou,fit_miou_exact,0.13311662686450426,0.07129564889819134,0.015808956445185665,0.07904478222592831
P1,F1,37,original_audit,pooled_miou,fit_miou_exact,-0.04219905728913234,-0.031425076199381424,-0.006177748894426238,-0.03088874447213119
P1,F1,37,original_audit,pooled_dice,fit_miou_exact,0.007089111142516952,-0.010873169552292089,-0.001886954302639604,-0.00943477151319802
P1,F1,37,original_audit,pooled_iou,fit_miou_exact,0.005178222964093454,-0.01761816119610249,-0.00326897768133972,-0.016344888406698566
P1,F1,71,stored_logits,mean_tile_miou,fit_miou_exact,0.01217446215828391,0.0021473541122652984,0.0012370638963128539,0.006185319481564255
P1,F1,71,stored_logits,mean_tile_dice,fit_miou_exact,0.16335971234821023,0.07850324286349258,0.018523974322333575,0.09261987161166785
P1,F1,71,stored_logits,mean_tile_iou,fit_miou_exact,0.14049966914174294,0.059822800321477465,0.014744776152781497,0.07372388076390746
P1,F1,71,stored_logits,pooled_miou,fit_miou_exact,-0.06449907746516914,-0.04198472776324405,-0.008298500907265104,-0.041492504536325525
P1,F1,71,stored_logits,pooled_dice,fit_miou_exact,-0.009201553590931943,-0.026753664578336528,-0.004230605774427895,-0.02115302887213949
P1,F1,71,stored_logits,pooled_iou,fit_miou_exact,-0.020179095725728013,-0.037182816256843776,-0.006150131366300493,-0.030750656831502465
P1,F1,71,original_audit,mean_tile_miou,fit_miou_exact,0.01217446215828391,0.0021473541122652984,0.0012370638963128539,0.006185319481564255
P1,F1,71,original_audit,mean_tile_dice,fit_miou_exact,0.16335971234821023,0.07850324286349258,0.018523974322333575,0.09261987161166785
P1,F1,71,original_audit,mean_tile_iou,fit_miou_exact,0.14049966914174294,0.059822800321477465,0.014744776152781497,0.07372388076390746
P1,F1,71,original_audit,pooled_miou,fit_miou_exact,-0.06449907746516914,-0.04198472776324405,-0.008298500907265104,-0.041492504536325525
P1,F1,71,original_audit,pooled_dice,fit_miou_exact,-0.009201553590931943,-0.026753664578336528,-0.004230605774427895,-0.02115302887213949
P1,F1,71,original_audit,pooled_iou,fit_miou_exact,-0.020179095725728013,-0.037182816256843776,-0.006150131366300493,-0.030750656831502465
P1,F2,13,stored_logits,mean_tile_miou,fit_miou_exact,-0.027756301359562974,-0.034206059649850296,-0.006776278656626736,-0.033881393283133665
P1,F2,13,stored_logits,mean_tile_dice,fit_miou_exact,0.02616906847719752,-0.00010264719977159942,0.00025668694559000116,0.0012834347279500058
P1,F2,13,stored_logits,mean_tile_iou,fit_miou_exact,0.020353266169843787,0.0010525294298622256,0.00045141217060234995,0.0022570608530118053
P1,F2,13,stored_logits,pooled_miou,fit_miou_exact,-0.043950822811037626,-0.020860965433927292,-0.003737637620462919,-0.018688188102314596
P1,F2,13,stored_logits,pooled_dice,fit_miou_exact,-0.034510440081392424,-0.02124030454641429,-0.003871643488774737,-0.01935821744387367
P1,F2,13,stored_logits,pooled_iou,fit_miou_exact,-0.03721834301830057,-0.020492914029031972,-0.00369362171005308,-0.018468108550265372
P1,F2,13,original_audit,mean_tile_miou,fit_miou_exact,-0.027756301359562974,-0.034206059649850296,-0.006776278656626736,-0.033881393283133665
P1,F2,13,original_audit,mean_tile_dice,fit_miou_exact,0.02616906847719752,-0.00010264719977159942,0.00025668694559000116,0.0012834347279500058
P1,F2,13,original_audit,mean_tile_iou,fit_miou_exact,0.020353266169843787,0.0010525294298622256,0.00045141217060234995,0.0022570608530118053
P1,F2,13,original_audit,pooled_miou,fit_miou_exact,-0.043950822811037626,-0.020860965433927292,-0.003737637620462919,-0.018688188102314596
P1,F2,13,original_audit,pooled_dice,fit_miou_exact,-0.034510440081392424,-0.02124030454641429,-0.003871643488774737,-0.01935821744387367
P1,F2,13,original_audit,pooled_iou,fit_miou_exact,-0.03721834301830057,-0.020492914029031972,-0.00369362171005308,-0.018468108550265372
P1,F2,37,stored_logits,mean_tile_miou,fit_miou_exact,-0.0325549222326445,-0.04222956184501203,-0.008107359849303039,-0.040536799246515154
P1,F2,37,stored_logits,mean_tile_dice,fit_miou_exact,0.04068484823331864,0.010960583475186914,0.0019761973212990003,0.009880986606494946
P1,F2,37,stored_logits,mean_tile_iou,fit_miou_exact,0.036968239349905674,0.010077239604774468,0.0019326940527132352,0.009663470263566176
P1,F2,37,stored_logits,pooled_miou,fit_miou_exact,-0.034921689333212436,-0.02180868436193173,-0.005385411005364785,-0.02692705502682391
P1,F2,37,stored_logits,pooled_dice,fit_miou_exact,-0.010144560399069025,-0.023537640633207235,-0.006162864570161741,-0.030814322850808706
P1,F2,37,stored_logits,pooled_iou,fit_miou_exact,-0.008956749903586303,-0.02024591222682348,-0.005359026022067934,-0.026795130110339738
P1,F2,37,original_audit,mean_tile_miou,fit_miou_exact,-0.0325549222326445,-0.04222956184501203,-0.008107359849303039,-0.040536799246515154
P1,F2,37,original_audit,mean_tile_dice,fit_miou_exact,0.04068484823331864,0.010960583475186914,0.0019761973212990003,0.009880986606494946
P1,F2,37,original_audit,mean_tile_iou,fit_miou_exact,0.036968239349905674,0.010077239604774468,0.0019326940527132352,0.009663470263566176
P1,F2,37,original_audit,pooled_miou,fit_miou_exact,-0.034921689333212436,-0.02180868436193173,-0.005385411005364785,-0.02692705502682391
P1,F2,37,original_audit,pooled_dice,fit_miou_exact,-0.010144560399069025,-0.023537640633207235,-0.006162864570161741,-0.030814322850808706
P1,F2,37,original_audit,pooled_iou,fit_miou_exact,-0.008956749903586303,-0.02024591222682348,-0.005359026022067934,-0.026795130110339738
P1,F2,71,stored_logits,mean_tile_miou,fit_miou_exact,-0.022221045263149775,-0.03486025938212056,-0.005953585229542868,-0.02976792614771434
P1,F2,71,stored_logits,mean_tile_dice,fit_miou_exact,0.03258335458428402,0.007066607878531639,0.0010837478089090746,0.005418739044545373
P1,F2,71,stored_logits,mean_tile_iou,fit_miou_exact,0.028067131109750565,0.005521207886098778,0.0008826395133808285,0.00441319756690417
P1,F2,71,stored_logits,pooled_miou,fit_miou_exact,-0.03772952046360373,-0.019412338308462618,-0.0030851137367542553,-0.015425568683771262
P1,F2,71,stored_logits,pooled_dice,fit_miou_exact,-0.02640178570974705,-0.019115369019151618,-0.0027136310201782976,-0.013568155100891488
P1,F2,71,stored_logits,pooled_iou,fit_miou_exact,-0.029928275847269925,-0.019497415319390976,-0.0027478973176842114,-0.013739486588421057
P1,F2,71,original_audit,mean_tile_miou,fit_miou_exact,-0.022221045263149775,-0.03486025938212056,-0.005953585229542868,-0.02976792614771434
P1,F2,71,original_audit,mean_tile_dice,fit_miou_exact,0.03258335458428402,0.007066607878531639,0.0010837478089090746,0.005418739044545373
P1,F2,71,original_audit,mean_tile_iou,fit_miou_exact,0.028067131109750565,0.005521207886098778,0.0008826395133808285,0.00441319756690417
P1,F2,71,original_audit,pooled_miou,fit_miou_exact,-0.03772952046360373,-0.019412338308462618,-0.0030851137367542553,-0.015425568683771262
P1,F2,71,original_audit,pooled_dice,fit_miou_exact,-0.02640178570974705,-0.019115369019151618,-0.0027136310201782976,-0.013568155100891488
P1,F2,71,original_audit,pooled_iou,fit_miou_exact,-0.029928275847269925,-0.019497415319390976,-0.0027478973176842114,-0.013739486588421057
P1,F3,13,stored_logits,mean_tile_miou,fit_miou_exact,-0.011534291744611402,0.0005961936312565141,-3.193328474954127e-06,-1.596664237479839e-05
P1,F3,13,stored_logits,mean_tile_dice,fit_miou_exact,-0.01819195694604836,0.002738564701467716,0.00040810329887545904,0.002040516494377309
P1,F3,13,stored_logits,mean_tile_iou,fit_miou_exact,-0.013946069477867251,0.0021604481868087166,0.00029371866141258973,0.0014685933070629487
P1,F3,13,stored_logits,pooled_miou,fit_miou_exact,-0.01590013413710517,-0.00076245721589141,-0.00042585012254454935,-0.0021292506127227884
P1,F3,13,stored_logits,pooled_dice,fit_miou_exact,-0.01997746173700654,-0.0006369759918775086,-0.0003862912786808115,-0.0019314563934040296
P1,F3,13,stored_logits,pooled_iou,fit_miou_exact,-0.02056224145177732,-0.0004064574646286401,-0.00034150277056003986,-0.0017075138528002132
P1,F3,13,original_audit,mean_tile_miou,fit_miou_exact,-0.011534291744611402,0.0005961936312565141,-3.193328474954127e-06,-1.596664237479839e-05
P1,F3,13,original_audit,mean_tile_dice,fit_miou_exact,-0.01819195694604836,0.002738564701467716,0.00040810329887545904,0.002040516494377309
P1,F3,13,original_audit,mean_tile_iou,fit_miou_exact,-0.013946069477867251,0.0021604481868087166,0.00029371866141258973,0.0014685933070629487
P1,F3,13,original_audit,pooled_miou,fit_miou_exact,-0.01590013413710517,-0.00076245721589141,-0.00042585012254454935,-0.0021292506127227884
P1,F3,13,original_audit,pooled_dice,fit_miou_exact,-0.01997746173700654,-0.0006369759918775086,-0.0003862912786808115,-0.0019314563934040296
P1,F3,13,original_audit,pooled_iou,fit_miou_exact,-0.02056224145177732,-0.0004064574646286401,-0.00034150277056003986,-0.0017075138528002132
P1,F3,37,stored_logits,mean_tile_miou,fit_miou_exact,-0.006896728742177616,-0.001059666669994852,-0.0003625028163059957,-0.0018125140815299923
P1,F3,37,stored_logits,mean_tile_dice,fit_miou_exact,-0.004847444426615,0.0026798310139777293,0.0006879935166870244,0.0034399675834351218
P1,F3,37,stored_logits,mean_tile_iou,fit_miou_exact,-0.004591326116086036,0.0016949027289974161,0.0004343209983004026,0.0021716049915019298
P1,F3,37,stored_logits,pooled_miou,fit_miou_exact,-0.013761625109284858,-0.007502499104363902,-0.0024315159738025477,-0.012157579869012725
P1,F3,37,stored_logits,pooled_dice,fit_miou_exact,-0.014383881203030746,-0.011931554224762442,-0.0036054693483533184,-0.018027346741766592
P1,F3,37,stored_logits,pooled_iou,fit_miou_exact,-0.016966166546649508,-0.010910901976781462,-0.0037034155414723824,-0.018517077707361884
P1,F3,37,original_audit,mean_tile_miou,fit_miou_exact,-0.006896728742177616,-0.001059666669994852,-0.0003625028163059957,-0.0018125140815299923
P1,F3,37,original_audit,mean_tile_dice,fit_miou_exact,-0.004847444426615,0.0026798310139777293,0.0006879935166870244,0.0034399675834351218
P1,F3,37,original_audit,mean_tile_iou,fit_miou_exact,-0.004591326116086036,0.0016949027289974161,0.0004343209983004026,0.0021716049915019298
P1,F3,37,original_audit,pooled_miou,fit_miou_exact,-0.013761625109284858,-0.007502499104363902,-0.0024315159738025477,-0.012157579869012725
P1,F3,37,original_audit,pooled_dice,fit_miou_exact,-0.014383881203030746,-0.011931554224762442,-0.0036054693483533184,-0.018027346741766592
P1,F3,37,original_audit,pooled_iou,fit_miou_exact,-0.016966166546649508,-0.010910901976781462,-0.0037034155414723824,-0.018517077707361884
P1,F3,71,stored_logits,mean_tile_miou,fit_miou_exact,-0.006091584895843494,-0.006014489968576231,-0.0008655614400783634,-0.004327807200391776
P1,F3,71,stored_logits,mean_tile_dice,fit_miou_exact,0.002131584837154865,0.0219474350065052,0.0030152330778912273,0.015076165389456109
P1,F3,71,stored_logits,mean_tile_iou,fit_miou_exact,0.0009762458868969315,0.013712326440718181,0.0019105621699695707,0.009552810849847826
P1,F3,71,stored_logits,pooled_miou,fit_miou_exact,-0.021857598681011448,-0.03997764494830508,-0.006096734107644268,-0.03048367053822132
P1,F3,71,stored_logits,pooled_dice,fit_miou_exact,-0.02527265341498336,-0.05053732822729984,-0.0077142837147135546,-0.03857141857356777
P1,F3,71,stored_logits,pooled_iou,fit_miou_exact,-0.029498250788405234,-0.05513450674211917,-0.008561967721664968,-0.04280983860832477
P1,F3,71,original_audit,mean_tile_miou,fit_miou_exact,-0.006091584895843494,-0.006014489968576231,-0.0008655614400783634,-0.004327807200391776
P1,F3,71,original_audit,mean_tile_dice,fit_miou_exact,0.002131584837154865,0.0219474350065052,0.0030152330778912273,0.015076165389456109
P1,F3,71,original_audit,mean_tile_iou,fit_miou_exact,0.0009762458868969315,0.013712326440718181,0.0019105621699695707,0.009552810849847826
P1,F3,71,original_audit,pooled_miou,fit_miou_exact,-0.021857598681011448,-0.03997764494830508,-0.006096734107644268,-0.03048367053822132
P1,F3,71,original_audit,pooled_dice,fit_miou_exact,-0.02527265341498336,-0.05053732822729984,-0.0077142837147135546,-0.03857141857356777
P1,F3,71,original_audit,pooled_iou,fit_miou_exact,-0.029498250788405234,-0.05513450674211917,-0.008561967721664968,-0.04280983860832477
P2,F1,13,stored_logits,mean_tile_miou,fit_miou_exact,0.014393956144035325,0.004275791574434085,0.0009885446984217866,0.004942723492108947
P2,F1,13,stored_logits,mean_tile_dice,fit_miou_exact,0.16105997763707125,0.09131448568939515,0.019709777048958224,0.0985488852447911
P2,F1,13,stored_logits,mean_tile_iou,fit_miou_exact,0.1455569940978662,0.0757633633141932,0.01644993693600441,0.08224968468002203
P2,F1,13,stored_logits,pooled_miou,fit_miou_exact,-0.05602041814057515,-0.03640289055781429,-0.007680321560963439,-0.03840160780481716
P2,F1,13,stored_logits,pooled_dice,fit_miou_exact,-0.006642025898959819,-0.020104331352820942,-0.004023046146318862,-0.020115230731594297
P2,F1,13,stored_logits,pooled_iou,fit_miou_exact,-0.01358186581686105,-0.026116828781354184,-0.005221975624100733,-0.026109878120503638
P2,F1,13,original_audit,mean_tile_miou,fit_miou_exact,0.014393585067798476,0.004275301893073846,0.000988390881919321,0.004941954409596605
P2,F1,13,original_audit,mean_tile_dice,fit_miou_exact,0.16105765371025393,0.09131237927160996,0.0197092083112045,0.09854604155602253
P2,F1,13,original_audit,mean_tile_iou,fit_miou_exact,0.1455561973444625,0.07576237392248741,0.016449633176769285,0.08224816588384642
P2,F1,13,original_audit,pooled_miou,fit_miou_exact,-0.05601935915193246,-0.03640216375527011,-0.007680165262933664,-0.03840082631466832
P2,F1,13,original_audit,pooled_dice,fit_miou_exact,-0.006640740632964326,-0.020103301445910715,-0.004022828770077105,-0.02011414385038554
P2,F1,13,original_audit,pooled_iou,fit_miou_exact,-0.013580052503726736,-0.02611561657813155,-0.0052217036918284915,-0.02610851845914247
P2,F1,37,stored_logits,mean_tile_miou,fit_miou_exact,0.0038577819281779835,0.00905701911656176,0.0016666808885702489,0.008333404442851244
P2,F1,37,stored_logits,mean_tile_dice,fit_miou_exact,0.11391786832356937,0.0969939987435321,0.019578700809311983,0.09789350404655989
P2,F1,37,stored_logits,mean_tile_iou,fit_miou_exact,0.10525946034187139,0.08130551719107904,0.016229680238919075,0.08114840119459543
P2,F1,37,stored_logits,pooled_miou,fit_miou_exact,-0.04112277916838941,-0.016226257032121938,-0.0054963585968901205,-0.02748179298445058
P2,F1,37,stored_logits,pooled_dice,fit_miou_exact,-9.625517640629577e-05,0.001878850658236536,-0.00219593252700645,-0.01097966263503225
P2,F1,37,stored_logits,pooled_iou,fit_miou_exact,-0.0016088530421758396,0.003172672289558809,-0.002939506024116592,-0.014697530120582947
P2,F1,37,original_audit,mean_tile_miou,fit_miou_exact,0.0038601486067760815,0.009059694572163768,0.001667122747992883,0.008335613739964387
P2,F1,37,original_audit,mean_tile_dice,fit_miou_exact,0.11392030756442378,0.09699730509536325,0.019579168666649452,0.09789584333324725
P2,F1,37,original_audit,mean_tile_iou,fit_miou_exact,0.1052631626848119,0.08130948917087366,0.016230319776845567,0.08115159888422785
P2,F1,37,original_audit,pooled_miou,fit_miou_exact,-0.04111903079640408,-0.01622250592971508,-0.0054956648126565436,-0.02747832406328271
P2,F1,37,original_audit,pooled_dice,fit_miou_exact,-9.153560047517328e-05,0.0018835329767586673,-0.0021950492847279957,-0.010975246423639978
P2,F1,37,original_audit,pooled_iou,fit_miou_exact,-0.001602508044083073,0.0031789325354328324,-0.002938340401497097,-0.014691702007485485
P2,F1,71,stored_logits,mean_tile_miou,fit_miou_exact,0.013547840918362475,-0.0005537246647817629,0.000615838140504546,0.003079190702522716
P2,F1,71,stored_logits,mean_tile_dice,fit_miou_exact,0.15640769296451512,0.09459918131203787,0.020462056417067553,0.10231028208533777
P2,F1,71,stored_logits,mean_tile_iou,fit_miou_exact,0.1381695515217895,0.07412143409744243,0.016254716947673498,0.08127358473836754
P2,F1,71,stored_logits,pooled_miou,fit_miou_exact,-0.06562360160704314,-0.05015399873478299,-0.009815425203580787,-0.04907712601790393
P2,F1,71,stored_logits,pooled_dice,fit_miou_exact,-0.027416919288593772,-0.03924775609243858,-0.007515779920568108,-0.037578899602840526
P2,F1,71,stored_logits,pooled_iou,fit_miou_exact,-0.03759493715144352,-0.04625119220064816,-0.008791429003175921,-0.043957145015879606
P2,F1,71,original_audit,mean_tile_miou,fit_miou_exact,0.013549704628435855,-0.0005532727777289859,0.0006158507460192891,0.0030792537300964318
P2,F1,71,original_audit,mean_tile_dice,fit_miou_exact,0.15640893726525235,0.09459998783837253,0.02046190271507098,0.1023095135753549
P2,F1,71,original_audit,mean_tile_iou,fit_miou_exact,0.1381716713208182,0.07412219249777696,0.01625467825567145,0.08127339127835731
P2,F1,71,original_audit,pooled_miou,fit_miou_exact,-0.0656203295980311,-0.050154134610384454,-0.009815333612978365,-0.049076668064891804
P2,F1,71,original_audit,pooled_dice,fit_miou_exact,-0.02741287335428394,-0.03924787126180615,-0.007515644322932391,-0.037578221614661955
P2,F1,71,original_audit,pooled_iou,fit_miou_exact,-0.03758979693726883,-0.04625180737372081,-0.008791338207654778,-0.043956691038273876
P2,F2,13,stored_logits,mean_tile_miou,fit_miou_exact,-0.015718661507035214,-0.01376421981786996,-0.0029315357719619795,-0.014657678859809897
P2,F2,13,stored_logits,mean_tile_dice,fit_miou_exact,0.03920649674712645,0.020769713112463117,0.005273473544825991,0.026367367724129953
P2,F2,13,stored_logits,mean_tile_iou,fit_miou_exact,0.03330592265404575,0.01630792053639385,0.00412486443177526,0.02062432215887633
P2,F2,13,stored_logits,pooled_miou,fit_miou_exact,-0.04155125347797928,-0.021706641541649807,-0.0039124076986309375,-0.019562038493154688
P2,F2,13,stored_logits,pooled_dice,fit_miou_exact,-0.03252162847209983,-0.029148432386099987,-0.004768816436666587,-0.02384408218333295
P2,F2,13,stored_logits,pooled_iou,fit_miou_exact,-0.03329724232135106,-0.02501772220062848,-0.004015481586770342,-0.02007740793385171
P2,F2,13,original_audit,mean_tile_miou,fit_miou_exact,-0.01571976378651424,-0.013765801943970812,-0.002931829739438091,-0.014659148697190427
P2,F2,13,original_audit,mean_tile_dice,fit_miou_exact,0.039204095754773516,0.020764654375868274,0.005272548472395083,0.026362742361975333
P2,F2,13,original_audit,mean_tile_iou,fit_miou_exact,0.033304513281022574,0.01630524202132122,0.0041243660527190695,0.02062183026359543
P2,F2,13,original_audit,pooled_miou,fit_miou_exact,-0.04155187901478008,-0.021707142833815307,-0.0039125047415859565,-0.019562523707929824
P2,F2,13,original_audit,pooled_dice,fit_miou_exact,-0.03252188209191992,-0.02914885099926018,-0.004768898651801287,-0.02384449325900645
P2,F2,13,original_audit,pooled_iou,fit_miou_exact,-0.033297640662865946,-0.025018160349014718,-0.004015570570433377,-0.0200778528521669
P2,F2,37,stored_logits,mean_tile_miou,fit_miou_exact,-0.017277822514788377,-0.01034481702322676,-0.0022303148793169497,-0.011151574396584707
P2,F2,37,stored_logits,mean_tile_dice,fit_miou_exact,0.06807447005109118,0.02887027869615033,0.005926672189903698,0.029633360949518517
P2,F2,37,stored_logits,mean_tile_iou,fit_miou_exact,0.05335571366714209,0.02066962743724199,0.0043032994417173676,0.021516497208586838
P2,F2,37,stored_logits,pooled_miou,fit_miou_exact,-0.035968334843606065,-0.022067684198402382,-0.0038248531997309362,-0.019124265998654688
P2,F2,37,stored_logits,pooled_dice,fit_miou_exact,-0.019830565321384608,-0.028206805597845386,-0.004711999311872023,-0.023559996559360086
P2,F2,37,stored_logits,pooled_iou,fit_miou_exact,-0.02254971211337803,-0.025358063443802092,-0.004311940868645309,-0.021559704343226516
P2,F2,37,original_audit,mean_tile_miou,fit_miou_exact,-0.017277774725090567,-0.010345106561411688,-0.002230331202540556,-0.011151656012702738
P2,F2,37,original_audit,mean_tile_dice,fit_miou_exact,0.0680750126300757,0.02886994017331801,0.005926691415955726,0.029633457079778602
P2,F2,37,original_audit,mean_tile_iou,fit_miou_exact,0.05335619540513392,0.020669332104228055,0.004303319300430264,0.02151659650215132
P2,F2,37,original_audit,pooled_miou,fit_miou_exact,-0.03596843766166963,-0.02206813584871492,-0.0038249163789731144,-0.0191245818948656
P2,F2,37,original_audit,pooled_dice,fit_miou_exact,-0.01983049568296047,-0.028207422304066365,-0.004712083518608523,-0.023560417593042615
P2,F2,37,original_audit,pooled_iou,fit_miou_exact,-0.022549531634446895,-0.025358643192490704,-0.004312013337572307,-0.02156006668786159
P2,F2,71,stored_logits,mean_tile_miou,fit_miou_exact,-0.012959705617877904,-0.013829665614307485,-0.002417298088209785,-0.012086490441048925
P2,F2,71,stored_logits,mean_tile_dice,fit_miou_exact,0.0722296488321974,0.046570227323727065,0.009253037163428596,0.046265185817142895
P2,F2,71,stored_logits,mean_tile_iou,fit_miou_exact,0.05822076582960711,0.036488091963051694,0.007148291842529908,0.035741459212649485
P2,F2,71,stored_logits,pooled_miou,fit_miou_exact,-0.030910587282767188,-0.02247925763376929,-0.003897409971507837,-0.019487049857539185
P2,F2,71,stored_logits,pooled_dice,fit_miou_exact,0.00260877500306006,-0.018415412821414012,-0.0029887219126605996,-0.014943609563302984
P2,F2,71,stored_logits,pooled_iou,fit_miou_exact,-0.004231677986258675,-0.01669680290906661,-0.0026861277049397003,-0.013430638524698502
P2,F2,71,original_audit,mean_tile_miou,fit_miou_exact,-0.01296006659601634,-0.013829840145606453,-0.002417328477908695,-0.01208664238954349
P2,F2,71,original_audit,mean_tile_dice,fit_miou_exact,0.07222932041529911,0.046570061914050775,0.009253003740379434,0.04626501870189714
P2,F2,71,original_audit,mean_tile_iou,fit_miou_exact,0.058220487854396374,0.036488026341882085,0.007148278530913904,0.03574139265456955
P2,F2,71,original_audit,pooled_miou,fit_miou_exact,-0.030910815298814176,-0.02247932422283605,-0.0038974133823499457,-0.01948706691174973
P2,F2,71,original_audit,pooled_dice,fit_miou_exact,0.0026086873367552887,-0.01841539811681725,-0.0029887069821022266,-0.014943534910511147
P2,F2,71,original_audit,pooled_iou,fit_miou_exact,-0.004231617561590795,-0.01669658137025931,-0.002686076162869838,-0.013430380814349219
P2,F3,13,stored_logits,mean_tile_miou,fit_miou_exact,-0.006885870452752019,0.0012672440527787265,0.00013366951499410584,0.0006683475749705292
P2,F3,13,stored_logits,mean_tile_dice,fit_miou_exact,0.009542802844904275,0.004181625384354737,0.0007397350992865426,0.0036986754964327684
P2,F3,13,stored_logits,mean_tile_iou,fit_miou_exact,0.0077304557665197615,0.0028372173925265143,0.0005076301969431096,0.002538150984715548
P2,F3,13,stored_logits,pooled_miou,fit_miou_exact,-0.022076776244482232,0.0011776559482913895,-0.00021658208197361528,-0.0010829104098680764
P2,F3,13,stored_logits,pooled_dice,fit_miou_exact,-0.019851737148615045,0.0024908159610478875,-0.0001462415339630596,-0.0007312076698152703
P2,F3,13,stored_logits,pooled_iou,fit_miou_exact,-0.020775231169602337,0.0027535630476772655,-0.0001110089152108612,-0.0005550445760542644
P2,F3,13,original_audit,mean_tile_miou,fit_miou_exact,-0.006885486593496304,0.0012672440527788376,0.00013366184295647565,0.0006683092147823921
P2,F3,13,original_audit,mean_tile_dice,fit_miou_exact,0.009544003589034289,0.004181625384354737,0.0007397220190745457,0.0036986100953727563
P2,F3,13,original_audit,mean_tile_iou,fit_miou_exact,0.007731360256687525,0.0028372173925267363,0.0005076221179836082,0.002538110589918041
P2,F3,13,original_audit,pooled_miou,fit_miou_exact,-0.022076283880314518,0.0011776309950580766,-0.0002165934621203014,-0.0010829673106015347
P2,F3,13,original_audit,pooled_dice,fit_miou_exact,-0.019850751275578005,0.002490783082405801,-0.00014625576422376552,-0.0007312788211188415
P2,F3,13,original_audit,pooled_iou,fit_miou_exact,-0.020774126915519053,0.0027535255918884616,-0.00011102065091841973,-0.0005551032545920709
P2,F3,37,stored_logits,mean_tile_miou,fit_miou_exact,-0.013972285624093639,-0.0025820295517433034,-0.0008497188794753252,-0.004248594397376626
P2,F3,37,stored_logits,mean_tile_dice,fit_miou_exact,-0.0025018549159213643,0.004106153287968151,0.0006360853550995138,0.003180426775497569
P2,F3,37,stored_logits,mean_tile_iou,fit_miou_exact,-0.002271579844074778,0.0025808765115806764,0.00040450740678918407,0.002022537033945948
P2,F3,37,stored_logits,pooled_miou,fit_miou_exact,-0.024610735232695635,-0.007192427945026891,-0.001431365656056699,-0.007156828280283523
P2,F3,37,stored_logits,pooled_dice,fit_miou_exact,-0.022070092781302397,-0.008313557233260882,-0.0016740898132530657,-0.008370449066265329
P2,F3,37,stored_logits,pooled_iou,fit_miou_exact,-0.022365332727678267,-0.007420872441221138,-0.0015002282852059623,-0.007501141426029867
P2,F3,37,original_audit,mean_tile_miou,fit_miou_exact,-0.013972344071779108,-0.002582029551743248,-0.0008497233643202512,-0.00424861682160127
P2,F3,37,original_audit,mean_tile_dice,fit_miou_exact,-0.0025019069585847653,0.004106153287968151,0.0006360847453586449,0.00318042372679328
P2,F3,37,original_audit,mean_tile_iou,fit_miou_exact,-0.0022716004017873104,0.0025808765115806764,0.00040450709824613185,0.0020225354912306592
P2,F3,37,original_audit,pooled_miou,fit_miou_exact,-0.024610811636057717,-0.007192426305782762,-0.0014313736912058977,-0.007156868456029475
P2,F3,37,original_audit,pooled_dice,fit_miou_exact,-0.022070150663628663,-0.008313552846806405,-0.0016740990033491387,-0.008370495016745694
P2,F3,37,original_audit,pooled_iou,fit_miou_exact,-0.022365364395447895,-0.007420868615470644,-0.0015002342544616631,-0.007501171272308316
P2,F3,71,stored_logits,mean_tile_miou,fit_miou_exact,-0.009680463679455631,-0.0014805521753240014,-0.000654103793181246,-0.003270518965906244
P2,F3,71,stored_logits,mean_tile_dice,fit_miou_exact,0.02409137090892377,0.023361747508191533,0.004293572345477947,0.021467861727389792
P2,F3,71,stored_logits,mean_tile_iou,fit_miou_exact,0.017552105868323564,0.014954739612344392,0.002690568731068127,0.013452843655340607
P2,F3,71,stored_logits,pooled_miou,fit_miou_exact,-0.0326819926828083,-0.014353853420357943,-0.0031524374593236842,-0.015762187296618435
P2,F3,71,stored_logits,pooled_dice,fit_miou_exact,-0.028237445221517332,-0.016940054603942323,-0.0037275904507536872,-0.018637952253768464
P2,F3,71,stored_logits,pooled_iou,fit_miou_exact,-0.030942965621402196,-0.015908277765678713,-0.0036212963100984985,-0.018106481550492437
P2,F3,71,original_audit,mean_tile_miou,fit_miou_exact,-0.009680756584892702,-0.0014812258172970938,-0.0006542229972124336,-0.0032711149860621402
P2,F3,71,original_audit,mean_tile_dice,fit_miou_exact,0.024091514481817455,0.023360991535766762,0.0042934464458948135,0.02146723222947411
P2,F3,71,original_audit,mean_tile_iou,fit_miou_exact,0.017552394444419583,0.014954220406881658,0.0026904813014850815,0.013452406507425407
P2,F3,71,original_audit,pooled_miou,fit_miou_exact,-0.03268236694258786,-0.014354751573894375,-0.003152590869763716,-0.01576295434881858
P2,F3,71,original_audit,pooled_dice,fit_miou_exact,-0.028237639698628525,-0.01694104966920046,-0.0037277588368665737,-0.018638794184332896
P2,F3,71,original_audit,pooled_iou,fit_miou_exact,-0.0309429492921916,-0.01590922669227035,-0.0036214563790940985,-0.018107281895470395
P1,F1,13,stored_logits,mean_tile_miou,fit_dice_exact,-0.017591086872654677,-0.00043148474109078183,8.272038176877078e-05,0.0004136019088438192
P1,F1,13,stored_logits,mean_tile_dice,fit_dice_exact,0.001333996529927911,-0.0004329205178384421,0.0007419076404772129,0.0037095382023860646
P1,F1,13,stored_logits,mean_tile_iou,fit_dice_exact,0.0013662010714511341,-0.0005959848138340496,0.0004933977135412743,0.002466988567706385
P1,F1,13,stored_logits,pooled_miou,fit_dice_exact,-0.02418797871728784,-0.0007443794647923052,-0.0006466403449987071,-0.0032332017249935285
P1,F1,13,stored_logits,pooled_dice,fit_dice_exact,-0.007790578244621121,-0.0003818861577821464,-0.00044388500284733845,-0.0022194250142366923
P1,F1,13,stored_logits,pooled_iou,fit_dice_exact,-0.01218764119351351,-0.0006498897307976037,-0.0007225246776516384,-0.003612623388258185
P1,F1,13,original_audit,mean_tile_miou,fit_dice_exact,-0.017591086872654677,-0.00043148474109078183,8.272038176877078e-05,0.0004136019088438192
P1,F1,13,original_audit,mean_tile_dice,fit_dice_exact,0.001333996529927911,-0.0004329205178384421,0.0007419076404772129,0.0037095382023860646
P1,F1,13,original_audit,mean_tile_iou,fit_dice_exact,0.0013662010714511341,-0.0005959848138340496,0.0004933977135412743,0.002466988567706385
P1,F1,13,original_audit,pooled_miou,fit_dice_exact,-0.02418797871728784,-0.0007443794647923052,-0.0006466403449987071,-0.0032332017249935285
P1,F1,13,original_audit,pooled_dice,fit_dice_exact,-0.007790578244621121,-0.0003818861577821464,-0.00044388500284733845,-0.0022194250142366923
P1,F1,13,original_audit,pooled_iou,fit_dice_exact,-0.01218764119351351,-0.0006498897307976037,-0.0007225246776516384,-0.003612623388258185
P1,F1,37,stored_logits,mean_tile_miou,fit_dice_exact,-0.021393956947085846,-0.0031018700848364222,-0.0006139883508755883,-0.003069941754377914
P1,F1,37,stored_logits,mean_tile_dice,fit_dice_exact,-0.0031600062887057745,-0.0026714781978542934,-0.000564130911596003,-0.002820654557980029
P1,F1,37,stored_logits,mean_tile_iou,fit_dice_exact,-0.0014707537907403534,-0.00234402503686465,-0.0003777429276375921,-0.0018887146381879605
P1,F1,37,stored_logits,pooled_miou,fit_dice_exact,-0.025997832904848833,-0.007038130633132134,-0.0015049388875467765,-0.007524694437733875
P1,F1,37,stored_logits,pooled_dice,fit_dice_exact,-0.006639231076793484,-0.006090258398338988,-0.001265542683200685,-0.006327713416003439
P1,F1,37,stored_logits,pooled_iou,fit_dice_exact,-0.010396160036947544,-0.008681988336687985,-0.001815706709249,-0.009078533546244993
P1,F1,37,original_audit,mean_tile_miou,fit_dice_exact,-0.021393956947085846,-0.0031018700848364222,-0.0006139883508755883,-0.003069941754377914
P1,F1,37,original_audit,mean_tile_dice,fit_dice_exact,-0.0031600062887057745,-0.0026714781978542934,-0.000564130911596003,-0.002820654557980029
P1,F1,37,original_audit,mean_tile_iou,fit_dice_exact,-0.0014707537907403534,-0.00234402503686465,-0.0003777429276375921,-0.0018887146381879605
P1,F1,37,original_audit,pooled_miou,fit_dice_exact,-0.025997832904848833,-0.007038130633132134,-0.0015049388875467765,-0.007524694437733875
P1,F1,37,original_audit,pooled_dice,fit_dice_exact,-0.006639231076793484,-0.006090258398338988,-0.001265542683200685,-0.006327713416003439
P1,F1,37,original_audit,pooled_iou,fit_dice_exact,-0.010396160036947544,-0.008681988336687985,-0.001815706709249,-0.009078533546244993
P1,F1,71,stored_logits,mean_tile_miou,fit_dice_exact,-0.021542644222207197,-0.002317653501770711,-0.00019717347288489978,-0.0009858673644245197
P1,F1,71,stored_logits,mean_tile_dice,fit_dice_exact,-0.006082564438126492,-0.004529984404887,-0.00018360878905675226,-0.0009180439452837752
P1,F1,71,stored_logits,mean_tile_iou,fit_dice_exact,-0.008984928413389603,-0.004365993118050637,-0.0002613232780318969,-0.001306616390159443
P1,F1,71,stored_logits,pooled_miou,fit_dice_exact,-0.026599183121262526,-0.0005031000670152053,-0.0002472156843547832,-0.001236078421773923
P1,F1,71,stored_logits,pooled_dice,fit_dice_exact,-0.011081700759135005,-0.00039032084680565293,-0.00013874073986189922,-0.0006937036993094892
P1,F1,71,stored_logits,pooled_iou,fit_dice_exact,-0.016415369707043992,-0.0006262701816608374,-0.0002182080184462698,-0.0010910400922313768
P1,F1,71,original_audit,mean_tile_miou,fit_dice_exact,-0.021542644222207197,-0.002317653501770711,-0.00019717347288489978,-0.0009858673644245197
P1,F1,71,original_audit,mean_tile_dice,fit_dice_exact,-0.006082564438126492,-0.004529984404887,-0.00018360878905675226,-0.0009180439452837752
P1,F1,71,original_audit,mean_tile_iou,fit_dice_exact,-0.008984928413389603,-0.004365993118050637,-0.0002613232780318969,-0.001306616390159443
P1,F1,71,original_audit,pooled_miou,fit_dice_exact,-0.026599183121262526,-0.0005031000670152053,-0.0002472156843547832,-0.001236078421773923
P1,F1,71,original_audit,pooled_dice,fit_dice_exact,-0.011081700759135005,-0.00039032084680565293,-0.00013874073986189922,-0.0006937036993094892
P1,F1,71,original_audit,pooled_iou,fit_dice_exact,-0.016415369707043992,-0.0006262701816608374,-0.0002182080184462698,-0.0010910400922313768
P1,F2,13,stored_logits,mean_tile_miou,fit_dice_exact,-0.011663132992343839,-0.003523026375109539,-0.0005422699645157014,-0.0027113498225784793
P1,F2,13,stored_logits,mean_tile_dice,fit_dice_exact,-0.006530537583708695,-0.008439886831753562,-0.0011006265050096942,-0.005503132525048415
P1,F2,13,stored_logits,mean_tile_iou,fit_dice_exact,-0.0065590924762451985,-0.0056269456428711395,-0.0007110697867660221,-0.003555348933830027
P1,F2,13,stored_logits,pooled_miou,fit_dice_exact,-0.013328710712414316,-0.0030093943582976124,-0.00046877461827095346,-0.002343873091354809
P1,F2,13,stored_logits,pooled_dice,fit_dice_exact,-0.008808580104521402,-0.0015468264396498732,-0.00038800587503085016,-0.0019400293751542508
P1,F2,13,stored_logits,pooled_iou,fit_dice_exact,-0.009513285038462937,-0.0017729164753061966,-0.00038805230524784073,-0.001940261526239162
P1,F2,13,original_audit,mean_tile_miou,fit_dice_exact,-0.011663132992343839,-0.003523026375109539,-0.0005422699645157014,-0.0027113498225784793
P1,F2,13,original_audit,mean_tile_dice,fit_dice_exact,-0.006530537583708695,-0.008439886831753562,-0.0011006265050096942,-0.005503132525048415
P1,F2,13,original_audit,mean_tile_iou,fit_dice_exact,-0.0065590924762451985,-0.0056269456428711395,-0.0007110697867660221,-0.003555348933830027
P1,F2,13,original_audit,pooled_miou,fit_dice_exact,-0.013328710712414316,-0.0030093943582976124,-0.00046877461827095346,-0.002343873091354809
P1,F2,13,original_audit,pooled_dice,fit_dice_exact,-0.008808580104521402,-0.0015468264396498732,-0.00038800587503085016,-0.0019400293751542508
P1,F2,13,original_audit,pooled_iou,fit_dice_exact,-0.009513285038462937,-0.0017729164753061966,-0.00038805230524784073,-0.001940261526239162
P1,F2,37,stored_logits,mean_tile_miou,fit_dice_exact,-0.015347497089121975,-0.004945658306155121,-0.0009597016814521658,-0.004798508407260815
P1,F2,37,stored_logits,mean_tile_dice,fit_dice_exact,-0.014138941777361635,-0.008124612661170705,-0.0019659339113648477,-0.009829669556824294
P1,F2,37,stored_logits,mean_tile_iou,fit_dice_exact,-0.012211283302346998,-0.00681835979684664,-0.0014477947367879107,-0.0072389736839395535
P1,F2,37,stored_logits,pooled_miou,fit_dice_exact,-0.01971179516873528,-0.006056528334377975,-0.0009312329550357074,-0.004656164775178551
P1,F2,37,stored_logits,pooled_dice,fit_dice_exact,-0.01917705223332139,-0.009047777406058222,-0.001425067716912129,-0.007125338584560659
P1,F2,37,stored_logits,pooled_iou,fit_dice_exact,-0.020311095607872198,-0.008492559017715284,-0.0013450433671187007,-0.006725216835593573
P1,F2,37,original_audit,mean_tile_miou,fit_dice_exact,-0.015347497089121975,-0.004945658306155121,-0.0009597016814521658,-0.004798508407260815
P1,F2,37,original_audit,mean_tile_dice,fit_dice_exact,-0.014138941777361635,-0.008124612661170705,-0.0019659339113648477,-0.009829669556824294
P1,F2,37,original_audit,mean_tile_iou,fit_dice_exact,-0.012211283302346998,-0.00681835979684664,-0.0014477947367879107,-0.0072389736839395535
P1,F2,37,original_audit,pooled_miou,fit_dice_exact,-0.01971179516873528,-0.006056528334377975,-0.0009312329550357074,-0.004656164775178551
P1,F2,37,original_audit,pooled_dice,fit_dice_exact,-0.01917705223332139,-0.009047777406058222,-0.001425067716912129,-0.007125338584560659
P1,F2,37,original_audit,pooled_iou,fit_dice_exact,-0.020311095607872198,-0.008492559017715284,-0.0013450433671187007,-0.006725216835593573
P1,F2,71,stored_logits,mean_tile_miou,fit_dice_exact,-0.01416069860779956,-0.008404187809608055,-0.001321126991403257,-0.006605634957016271
P1,F2,71,stored_logits,mean_tile_dice,fit_dice_exact,-0.01692401591043491,-0.008280406600815193,-0.0016084609494623758,-0.008042304747311935
P1,F2,71,stored_logits,mean_tile_iou,fit_dice_exact,-0.015297050938857137,-0.006616442107604259,-0.0012613297135959656,-0.0063066485679798
P1,F2,71,stored_logits,pooled_miou,fit_dice_exact,-0.013540647332284272,-0.003969890380065566,-0.0006080729610311586,-0.003040364805155793
P1,F2,71,stored_logits,pooled_dice,fit_dice_exact,-0.013546654540243008,-0.005390474754507157,-0.0008617484359935007,-0.004308742179967517
P1,F2,71,stored_logits,pooled_iou,fit_dice_exact,-0.015048099330872589,-0.005465422938969455,-0.0008887951274389738,-0.004443975637194897
P1,F2,71,original_audit,mean_tile_miou,fit_dice_exact,-0.01416069860779956,-0.008404187809608055,-0.001321126991403257,-0.006605634957016271
P1,F2,71,original_audit,mean_tile_dice,fit_dice_exact,-0.01692401591043491,-0.008280406600815193,-0.0016084609494623758,-0.008042304747311935
P1,F2,71,original_audit,mean_tile_iou,fit_dice_exact,-0.015297050938857137,-0.006616442107604259,-0.0012613297135959656,-0.0063066485679798
P1,F2,71,original_audit,pooled_miou,fit_dice_exact,-0.013540647332284272,-0.003969890380065566,-0.0006080729610311586,-0.003040364805155793
P1,F2,71,original_audit,pooled_dice,fit_dice_exact,-0.013546654540243008,-0.005390474754507157,-0.0008617484359935007,-0.004308742179967517
P1,F2,71,original_audit,pooled_iou,fit_dice_exact,-0.015048099330872589,-0.005465422938969455,-0.0008887951274389738,-0.004443975637194897
P1,F3,13,stored_logits,mean_tile_miou,fit_dice_exact,0.0006394210811881962,8.614793423955547e-06,1.0319949483306168e-06,5.159974741653084e-06
P1,F3,13,stored_logits,mean_tile_dice,fit_dice_exact,0.001947735847853238,-0.00010079084831549068,2.4826715647047193e-06,1.2413357823537474e-05
P1,F3,13,stored_logits,mean_tile_iou,fit_dice_exact,0.0013492264896707296,-5.390064623456148e-05,-1.7158510217107903e-05,-8.579255108553951e-05
P1,F3,13,stored_logits,pooled_miou,fit_dice_exact,0.00023797342820613965,0.00017907198397121293,4.4028400795509404e-05,0.00022014200397751926
P1,F3,13,stored_logits,pooled_dice,fit_dice_exact,0.001390022799855728,0.0002100821105733841,5.388494979641223e-05,0.00026942474898206115
P1,F3,13,stored_logits,pooled_iou,fit_dice_exact,0.0006587676719086444,0.00024882286680194543,6.12560800780787e-05,0.0003062804003903796
P1,F3,13,original_audit,mean_tile_miou,fit_dice_exact,0.0006394210811881962,8.614793423955547e-06,1.0319949483306168e-06,5.159974741653084e-06
P1,F3,13,original_audit,mean_tile_dice,fit_dice_exact,0.001947735847853238,-0.00010079084831549068,2.4826715647047193e-06,1.2413357823537474e-05
P1,F3,13,original_audit,mean_tile_iou,fit_dice_exact,0.0013492264896707296,-5.390064623456148e-05,-1.7158510217107903e-05,-8.579255108553951e-05
P1,F3,13,original_audit,pooled_miou,fit_dice_exact,0.00023797342820613965,0.00017907198397121293,4.4028400795509404e-05,0.00022014200397751926
P1,F3,13,original_audit,pooled_dice,fit_dice_exact,0.001390022799855728,0.0002100821105733841,5.388494979641223e-05,0.00026942474898206115
P1,F3,13,original_audit,pooled_iou,fit_dice_exact,0.0006587676719086444,0.00024882286680194543,6.12560800780787e-05,0.0003062804003903796
P1,F3,37,stored_logits,mean_tile_miou,fit_dice_exact,-0.0005613892881860538,0.000419019520219055,2.4464386171749175e-05,0.00012232193085875975
P1,F3,37,stored_logits,mean_tile_dice,fit_dice_exact,-0.0013375184314060595,0.0006049396298298815,2.2487586646607882e-05,0.00011243793323301166
P1,F3,37,stored_logits,mean_tile_iou,fit_dice_exact,-0.0009829459152601583,0.0003235961984636715,1.1566762978532097e-05,5.7833814892660484e-05
P1,F3,37,stored_logits,pooled_miou,fit_dice_exact,-0.001118878751379948,0.0014029968956802419,8.382239651195944e-05,0.0004191119825597833
P1,F3,37,stored_logits,pooled_dice,fit_dice_exact,-0.001586767241765208,0.0019922876279462876,0.0001035292867127835,0.0005176464335639452
P1,F3,37,stored_logits,pooled_iou,fit_dice_exact,-0.0019576065406199383,0.0022404647638979425,0.00012045357337932272,0.0006022678668966552
P1,F3,37,original_audit,mean_tile_miou,fit_dice_exact,-0.0005613892881860538,0.000419019520219055,2.4464386171749175e-05,0.00012232193085875975
P1,F3,37,original_audit,mean_tile_dice,fit_dice_exact,-0.0013375184314060595,0.0006049396298298815,2.2487586646607882e-05,0.00011243793323301166
P1,F3,37,original_audit,mean_tile_iou,fit_dice_exact,-0.0009829459152601583,0.0003235961984636715,1.1566762978532097e-05,5.7833814892660484e-05
P1,F3,37,original_audit,pooled_miou,fit_dice_exact,-0.001118878751379948,0.0014029968956802419,8.382239651195944e-05,0.0004191119825597833
P1,F3,37,original_audit,pooled_dice,fit_dice_exact,-0.001586767241765208,0.0019922876279462876,0.0001035292867127835,0.0005176464335639452
P1,F3,37,original_audit,pooled_iou,fit_dice_exact,-0.0019576065406199383,0.0022404647638979425,0.00012045357337932272,0.0006022678668966552
P1,F3,71,stored_logits,mean_tile_miou,fit_dice_exact,1.3315969172922326e-05,-0.003007355083906371,-0.00013866848383978225,-0.0006933424191988835
P1,F3,71,stored_logits,mean_tile_dice,fit_dice_exact,0.0007962267267779266,0.002171231320588496,0.0002179155152232104,0.001089577576116052
P1,F3,71,stored_logits,mean_tile_iou,fit_dice_exact,0.0004142589650670825,0.0012777122907154936,0.00013886989810310557,0.0006943494905155001
P1,F3,71,stored_logits,pooled_miou,fit_dice_exact,-0.00046802360337916404,-0.008861318512093874,-0.0005712915982946237,-0.0028564579914731048
P1,F3,71,stored_logits,pooled_dice,fit_dice_exact,-0.0009038020976445127,-0.011885884461839802,-0.0007753862019859586,-0.003876931009929807
P1,F3,71,stored_logits,pooled_iou,fit_dice_exact,-0.0006104836258771229,-0.011243582050946,-0.0007667887537975288,-0.003833943768987602
P1,F3,71,original_audit,mean_tile_miou,fit_dice_exact,1.3315969172922326e-05,-0.003007355083906371,-0.00013866848383978225,-0.0006933424191988835
P1,F3,71,original_audit,mean_tile_dice,fit_dice_exact,0.0007962267267779266,0.002171231320588496,0.0002179155152232104,0.001089577576116052
P1,F3,71,original_audit,mean_tile_iou,fit_dice_exact,0.0004142589650670825,0.0012777122907154936,0.00013886989810310557,0.0006943494905155001
P1,F3,71,original_audit,pooled_miou,fit_dice_exact,-0.00046802360337916404,-0.008861318512093874,-0.0005712915982946237,-0.0028564579914731048
P1,F3,71,original_audit,pooled_dice,fit_dice_exact,-0.0009038020976445127,-0.011885884461839802,-0.0007753862019859586,-0.003876931009929807
P1,F3,71,original_audit,pooled_iou,fit_dice_exact,-0.0006104836258771229,-0.011243582050946,-0.0007667887537975288,-0.003833943768987602
P2,F1,13,stored_logits,mean_tile_miou,fit_dice_exact,-0.016230854808683498,-0.005745219575412908,-0.0007777523746157478,-0.0038887618730787388
P2,F1,13,stored_logits,mean_tile_dice,fit_dice_exact,0.009343799719765122,0.0038146281780809255,0.0013275503481229994,0.006637751740614983
P2,F1,13,stored_logits,mean_tile_iou,fit_dice_exact,0.009214067028701034,0.001172031329658152,0.0007332299013611959,0.0036661495068059935
P2,F1,13,stored_logits,pooled_miou,fit_dice_exact,-0.029584387905571413,-0.016985911836465667,-0.0030266330217714604,-0.015133165108857288
P2,F1,13,stored_logits,pooled_dice,fit_dice_exact,-0.011896025647048253,-0.017112334827197595,-0.0029364152420668158,-0.014682076210334072
P2,F1,13,stored_logits,pooled_iou,fit_dice_exact,-0.016765607660277515,-0.021499488527637167,-0.003688576652797884,-0.018442883263989407
P2,F1,13,original_audit,mean_tile_miou,fit_dice_exact,-0.01623059801753335,-0.0057452197581360775,-0.0007777694444804778,-0.0038888472224023474
P2,F1,13,original_audit,mean_tile_dice,fit_dice_exact,0.009344097995829359,0.003814629559892868,0.0013274519837364884,0.00663725991868247
P2,F1,13,original_audit,mean_tile_iou,fit_dice_exact,0.009214553916941537,0.0011720310567565617,0.0007331974697838972,0.0036659873489194306
P2,F1,13,original_audit,pooled_miou,fit_dice_exact,-0.029584144000361412,-0.016985899078920563,-0.0030266304461216073,-0.015133152230608043
P2,F1,13,original_audit,pooled_dice,fit_dice_exact,-0.011895792385855669,-0.01711228994926417,-0.00293641123151097,-0.014682056157554857
P2,F1,13,original_audit,pooled_iou,fit_dice_exact,-0.016765228972270174,-0.021499458276940664,-0.0036885695806134766,-0.018442847903067383
P2,F1,37,stored_logits,mean_tile_miou,fit_dice_exact,-0.012395269401872494,-0.00254779186744003,-0.00013369875894084227,-0.0006684937947041836
P2,F1,37,stored_logits,mean_tile_dice,fit_dice_exact,0.01664202097750056,0.006804429578415205,0.0024278336072776213,0.012139168036388093
P2,F1,37,stored_logits,mean_tile_iou,fit_dice_exact,0.017947041407112063,0.0033973960951686477,0.0016063048721420004,0.008031524360709974
P2,F1,37,stored_logits,pooled_miou,fit_dice_exact,-0.023816563014861764,-0.01008237157427011,-0.0022244576401759322,-0.011122288200879654
P2,F1,37,stored_logits,pooled_dice,fit_dice_exact,-0.006111974448317348,-0.009329805182950929,-0.001824960407411244,-0.009124802037056207
P2,F1,37,stored_logits,pooled_iou,fit_dice_exact,-0.008285616920012895,-0.012386679430891445,-0.002450530751122351,-0.012252653755611742
P2,F1,37,original_audit,mean_tile_miou,fit_dice_exact,-0.01239362651996545,-0.0025469952492251924,-0.00013355903312793627,-0.0006677951656396952
P2,F1,37,original_audit,mean_tile_dice,fit_dice_exact,0.016643855125866636,0.006806022106217113,0.0024280273801196434,0.012140136900598175
P2,F1,37,original_audit,mean_tile_iou,fit_dice_exact,0.017949656936126934,0.003398824860399885,0.0016065200229946341,0.008032600114973198
P2,F1,37,original_audit,pooled_miou,fit_dice_exact,-0.023815222610357983,-0.010081607470406068,-0.002224286434107617,-0.011121432170538098
P2,F1,37,original_audit,pooled_dice,fit_dice_exact,-0.006110433505425811,-0.009328502230486924,-0.0018246874125045567,-0.009123437062522805
P2,F1,37,original_audit,pooled_iou,fit_dice_exact,-0.008283502554118305,-0.012385234521353095,-0.0024502316933116136,-0.01225115846655811
P2,F1,71,stored_logits,mean_tile_miou,fit_dice_exact,-0.016218283042526704,-0.0005157665716146176,-0.0002201819727751797,-0.0011009098638758985
P2,F1,71,stored_logits,mean_tile_dice,fit_dice_exact,0.011632709701029087,0.0090005724243713,0.0012979375946286509,0.006489687973143254
P2,F1,71,stored_logits,mean_tile_iou,fit_dice_exact,0.010573207692641418,0.005489158231563929,0.0007363791774145506,0.0036818958870727947
P2,F1,71,stored_logits,pooled_miou,fit_dice_exact,-0.032681568746437545,-0.00868776044197797,-0.0014873505411521978,-0.007436752705760996
P2,F1,71,stored_logits,pooled_dice,fit_dice_exact,-0.01764783292228786,-0.008708941012816357,-0.0014616079081727212,-0.007308039540863592
P2,F1,71,stored_logits,pooled_iou,fit_dice_exact,-0.02352272063861227,-0.010342930765570357,-0.0016909132116766923,-0.008454566058383461
P2,F1,71,original_audit,mean_tile_miou,fit_dice_exact,-0.01621737056500336,-0.0005142722116759368,-0.00022011073392391722,-0.0011005536696195861
P2,F1,71,original_audit,mean_tile_dice,fit_dice_exact,0.01163363719010474,0.00900464129811801,0.0012981285815308885,0.0064906429076544425
P2,F1,71,original_audit,mean_tile_iou,fit_dice_exact,0.01057441228254452,0.005491977515465707,0.0007365106232209429,0.0036825531161047698
P2,F1,71,original_audit,pooled_miou,fit_dice_exact,-0.032680892762477126,-0.008687640500443933,-0.0014873620480776173,-0.0074368102403880865
P2,F1,71,original_audit,pooled_dice,fit_dice_exact,-0.017647162430785263,-0.008708786943700003,-0.0014616215049775838,-0.007308107524887919
P2,F1,71,original_audit,pooled_iou,fit_dice_exact,-0.023521933365840186,-0.010342835243769888,-0.0016909449378467306,-0.00845472468923364
P2,F2,13,stored_logits,mean_tile_miou,fit_dice_exact,-0.00811715602376234,-0.002097533467572854,-0.0009173532667978296,-0.004586766333989134
P2,F2,13,stored_logits,mean_tile_dice,fit_dice_exact,-0.010660454246505358,-0.005718251564678645,-0.0005198829295938734,-0.0025994146479694225
P2,F2,13,stored_logits,mean_tile_iou,fit_dice_exact,-0.008620393552512318,-0.003433001140419334,-0.0003365195133006871,-0.0016825975665034631
P2,F2,13,stored_logits,pooled_miou,fit_dice_exact,-0.005809629924509341,-0.00021747282165995863,-0.00023822334995159122,-0.0011911167497579145
P2,F2,13,stored_logits,pooled_dice,fit_dice_exact,-0.007863986347044716,-0.0008031454800170867,-0.0002893424597859018,-0.001446712298929509
P2,F2,13,stored_logits,pooled_iou,fit_dice_exact,-0.007889640599725689,-0.000905553838629225,-0.0003296501206849628,-0.0016482506034247724
P2,F2,13,original_audit,mean_tile_miou,fit_dice_exact,-0.008117381862608575,-0.0020975334675729096,-0.0009174227259930862,-0.004587113629965445
P2,F2,13,original_audit,mean_tile_dice,fit_dice_exact,-0.010660827900830339,-0.005718251564678867,-0.000520134000386141,-0.0026006700019307605
P2,F2,13,original_audit,mean_tile_iou,fit_dice_exact,-0.008620679873449277,-0.003433001140419112,-0.00033665438470656395,-0.001683271923532792
P2,F2,13,original_audit,pooled_miou,fit_dice_exact,-0.005809873810464328,-0.0002174587313799603,-0.00023823269299297345,-0.001191163464964895
P2,F2,13,original_audit,pooled_dice,fit_dice_exact,-0.007864210267513161,-0.0008031366992973799,-0.0002893573838380348,-0.0014467869191902016
P2,F2,13,original_audit,pooled_iou,fit_dice_exact,-0.007889882887377964,-0.0009055424660543432,-0.00032966346178682493,-0.0016483173089341108
P2,F2,37,stored_logits,mean_tile_miou,fit_dice_exact,-0.008686531649286178,-0.0001293251474613344,-0.0005290411868546646,-0.002645205934273309
P2,F2,37,stored_logits,mean_tile_dice,fit_dice_exact,-0.007517184590805914,2.5744001647676207e-05,-0.00021458486939215926,-0.001072924346960713
P2,F2,37,stored_logits,mean_tile_iou,fit_dice_exact,-0.005938060525205513,1.2891415606453016e-05,-0.00012253368519532515,-0.0006126684259766257
P2,F2,37,stored_logits,pooled_miou,fit_dice_exact,-0.004893846970700055,-0.00032823205140092293,-0.00027411692170373203,-0.0013705846085186324
P2,F2,37,stored_logits,pooled_dice,fit_dice_exact,-0.0064792914650814715,-0.00022770496924001682,-0.00032810496356870666,-0.0016405248178435472
P2,F2,37,stored_logits,pooled_iou,fit_dice_exact,-0.0065915479256725695,-0.0002511977854871006,-0.00041025758277385416,-0.0020512879138692153
P2,F2,37,original_audit,mean_tile_miou,fit_dice_exact,-0.008686542779923201,-0.00012932514746116786,-0.0005290411868546646,-0.002645205934273309
P2,F2,37,original_audit,mean_tile_dice,fit_dice_exact,-0.007517187554965776,2.574400164778723e-05,-0.00021458486939215926,-0.001072924346960824
P2,F2,37,original_audit,mean_tile_iou,fit_dice_exact,-0.005938072439430897,1.2891415606230971e-05,-0.0001225336851953529,-0.0006126684259767368
P2,F2,37,original_audit,pooled_miou,fit_dice_exact,-0.00489383893840889,-0.00032822992824271813,-0.00027411738496421756,-0.0013705869248211155
P2,F2,37,original_audit,pooled_dice,fit_dice_exact,-0.006479280019870526,-0.0002277029859011348,-0.0003281047331797071,-0.0016405236658985634
P2,F2,37,original_audit,pooled_iou,fit_dice_exact,-0.006591531274759088,-0.00025119530464279283,-0.00041025945404302155,-0.0020512972702151355
P2,F2,71,stored_logits,mean_tile_miou,fit_dice_exact,-0.00276670208981572,-0.0016913363701041018,-0.000644621638175108,-0.003223108190875512
P2,F2,71,stored_logits,mean_tile_dice,fit_dice_exact,-0.00047686773657706905,-0.0036671856405661174,-0.0004738505559683803,-0.0023692527798419016
P2,F2,71,stored_logits,mean_tile_iou,fit_dice_exact,3.081163071827486e-05,-0.0025697287803323476,-0.0003206579051895364,-0.001603289525947682
P2,F2,71,stored_logits,pooled_miou,fit_dice_exact,-0.00291120042765064,-0.00162518666463346,-0.00020836836767253175,-0.0010418418383626449
P2,F2,71,stored_logits,pooled_dice,fit_dice_exact,-0.0001655239471249903,-0.0014760839505593704,-0.0002069071120898297,-0.0010345355604491346
P2,F2,71,stored_logits,pooled_iou,fit_dice_exact,-0.0005129120169024004,-0.00152133539759991,-0.00022752112998145058,-0.0011376056499072806
P2,F2,71,original_audit,mean_tile_miou,fit_dice_exact,-0.002766753056552995,-0.0016913744522180085,-0.0006446266809165546,-0.003223133404582801
P2,F2,71,original_audit,mean_tile_dice,fit_dice_exact,-0.0004769213860282284,-0.003667268661532108,-0.0004738615494039866,-0.002369307747019933
P2,F2,71,original_audit,mean_tile_iou,fit_dice_exact,3.07852886338722e-05,-0.0025697757520550812,-0.000320664125071507,-0.0016033206253575072
P2,F2,71,original_audit,pooled_miou,fit_dice_exact,-0.0029113051843463467,-0.0016252452790920247,-0.0002083754988868869,-0.0010418774944344067
P2,F2,71,original_audit,pooled_dice,fit_dice_exact,-0.000165626046017886,-0.0014761763764418734,-0.00020691890282939496,-0.001034594514146947
P2,F2,71,original_audit,pooled_iou,fit_dice_exact,-0.0005130084965591641,-0.0015214258563261973,-0.00022753282068445346,-0.001137664103422309
P2,F3,13,stored_logits,mean_tile_miou,fit_dice_exact,0.00045312529884439234,0.0,-4.964047671751626e-06,-2.482023835875813e-05
P2,F3,13,stored_logits,mean_tile_dice,fit_dice_exact,0.0011584678767199708,0.0,1.259115971027902e-05,6.295579855142286e-05
P2,F3,13,stored_logits,mean_tile_iou,fit_dice_exact,0.0009186449110318851,0.0,6.6860801576085205e-06,3.343040078807036e-05
P2,F3,13,stored_logits,pooled_miou,fit_dice_exact,0.0001998560778889713,0.0,-2.3773639726318296e-05,-0.00011886819863160536
P2,F3,13,stored_logits,pooled_dice,fit_dice_exact,0.0002912816018179054,0.0,-2.9838085079281207e-05,-0.00014919042539640603
P2,F3,13,stored_logits,pooled_iou,fit_dice_exact,0.00036549012683573245,0.0,-2.2543212143857905e-05,-0.00011271606071927565
P2,F3,13,original_audit,mean_tile_miou,fit_dice_exact,0.000453207689031343,1.1102230246251565e-16,-4.964047671737748e-06,-2.4820238358647106e-05
P2,F3,13,original_audit,mean_tile_dice,fit_dice_exact,0.001158642384221975,0.0,1.259115971027902e-05,6.295579855142286e-05
P2,F3,13,original_audit,mean_tile_iou,fit_dice_exact,0.0009187887412511753,0.0,6.686080157636276e-06,3.343040078818138e-05
P2,F3,13,original_audit,pooled_miou,fit_dice_exact,0.00019987235810303705,0.0,-2.377353330802745e-05,-0.00011886766654017888
P2,F3,13,original_audit,pooled_dice,fit_dice_exact,0.0002912975689464137,0.0,-2.9837616060790495e-05,-0.00014918808030395247
P2,F3,13,original_audit,pooled_iou,fit_dice_exact,0.000365508011751392,0.0,-2.2542737771719112e-05,-0.0001127136888585678
P2,F3,37,stored_logits,mean_tile_miou,fit_dice_exact,-0.0009174342280374725,0.0,-0.00023698411105962935,-0.001184920555298119
P2,F3,37,stored_logits,mean_tile_dice,fit_dice_exact,-0.0001795400929335278,0.0,-3.4394714278102034e-05,-0.00017197357139053793
P2,F3,37,stored_logits,mean_tile_iou,fit_dice_exact,-0.00012890679725929832,0.0,-2.227353152658984e-05,-0.00011136765763297696
P2,F3,37,stored_logits,pooled_miou,fit_dice_exact,-0.0007989143437377444,0.0,-6.666285475176448e-05,-0.0003333142737588224
P2,F3,37,stored_logits,pooled_dice,fit_dice_exact,-0.0007746370233582267,0.0,-9.084633591770197e-05,-0.00045423167958852373
P2,F3,37,stored_logits,pooled_iou,fit_dice_exact,-0.000724094295421196,0.0,-9.403793611861833e-05,-0.00047018968059309163
P2,F3,37,original_audit,mean_tile_miou,fit_dice_exact,-0.0009174382958913041,0.0,-0.00023698411105962935,-0.0011849205552981745
P2,F3,37,original_audit,mean_tile_dice,fit_dice_exact,-0.00017955327708607527,0.0,-3.439471427812979e-05,-0.00017197357139064895
P2,F3,37,original_audit,mean_tile_iou,fit_dice_exact,-0.00012891401639192335,0.0,-2.2273531526562085e-05,-0.00011136765763275491
P2,F3,37,original_audit,pooled_miou,fit_dice_exact,-0.0007989177602996667,0.0,-6.666272057388734e-05,-0.0003333136028694228
P2,F3,37,original_audit,pooled_dice,fit_dice_exact,-0.0007746418589433812,0.0,-9.084613408762154e-05,-0.00045423067043809384
P2,F3,37,original_audit,pooled_iou,fit_dice_exact,-0.0007240999565846229,0.0,-9.403767825347242e-05,-0.0004701883912674454
P2,F3,71,stored_logits,mean_tile_miou,fit_dice_exact,-0.004559439255692688,-0.00027593105791989814,-1.8785712431593216e-05,-9.39285621579522e-05
P2,F3,71,stored_logits,mean_tile_dice,fit_dice_exact,-0.006378624156229862,-0.0001173235899869507,1.1156910723536528e-05,5.578455361776591e-05
P2,F3,71,stored_logits,mean_tile_iou,fit_dice_exact,-0.006537698946801451,-5.946355074870624e-05,8.941707211662653e-06,4.4708536058313264e-05
P2,F3,71,stored_logits,pooled_miou,fit_dice_exact,-0.005256287201595655,-0.0004786675435460852,-5.138703576010317e-05,-0.0002569351788005436
P2,F3,71,stored_logits,pooled_dice,fit_dice_exact,-0.007343202628957823,-0.0003011186923292941,-6.339360883411693e-05,-0.00031696804417058466
P2,F3,71,stored_logits,pooled_iou,fit_dice_exact,-0.008300109987076199,-0.0001226135554601715,-5.642385370824288e-05,-0.0002821192685411589
P2,F3,71,original_audit,mean_tile_miou,fit_dice_exact,-0.00455940904793517,-0.00027596938067836474,-1.8782587104720916e-05,-9.391293552357682e-05
P2,F3,71,original_audit,mean_tile_dice,fit_dice_exact,-0.006378430122966294,-0.00011732787776841391,1.1169120694654033e-05,5.584560347327017e-05
P2,F3,71,original_audit,mean_tile_iou,fit_dice_exact,-0.006537513787599036,-5.946572129500449e-05,8.94925272104663e-06,4.474626360528866e-05
P2,F3,71,original_audit,pooled_miou,fit_dice_exact,-0.005256384178821183,-0.000478756473945241,-5.1390374602694466e-05,-0.0002569518730134446
P2,F3,71,original_audit,pooled_dice,fit_dice_exact,-0.0073432805468656714,-0.0003012108884761777,-6.339746776148902e-05,-0.0003169873388074729
P2,F3,71,original_audit,pooled_iou,fit_dice_exact,-0.008300195788377374,-0.00012270063769259654,-5.642854464152358e-05,-0.00028214272320759015
P1,F1,13,stored_logits,mean_tile_miou,fit_iou_exact,-0.018410241532578225,-0.004888612534863168,-0.00029970639096180834,-0.0014985319548090903
P1,F1,13,stored_logits,mean_tile_dice,fit_iou_exact,0.0015351669397035417,-0.009684581027397554,2.7980824897591572e-05,0.00013990412448794398
P1,F1,13,stored_logits,mean_tile_iou,fit_iou_exact,0.002207350957017684,-0.007751315720023855,-8.895983116077866e-05,-0.00044479915580386553
P1,F1,13,stored_logits,pooled_miou,fit_iou_exact,-0.025193066224729666,-0.004579644284752243,-0.001047423584741837,-0.005237117923709178
P1,F1,13,stored_logits,pooled_dice,fit_iou_exact,-0.007483876417770707,-0.003511932073389318,-0.000769931038211831,-0.003849655191059176
P1,F1,13,stored_logits,pooled_iou,fit_iou_exact,-0.011655659307974658,-0.005974121900689133,-0.0012773827373593685,-0.006386913686796836
P1,F1,13,original_audit,mean_tile_miou,fit_iou_exact,-0.018410241532578225,-0.004888612534863168,-0.00029970639096180834,-0.0014985319548090903
P1,F1,13,original_audit,mean_tile_dice,fit_iou_exact,0.0015351669397035417,-0.009684581027397554,2.7980824897591572e-05,0.00013990412448794398
P1,F1,13,original_audit,mean_tile_iou,fit_iou_exact,0.002207350957017684,-0.007751315720023855,-8.895983116077866e-05,-0.00044479915580386553
P1,F1,13,original_audit,pooled_miou,fit_iou_exact,-0.025193066224729666,-0.004579644284752243,-0.001047423584741837,-0.005237117923709178
P1,F1,13,original_audit,pooled_dice,fit_iou_exact,-0.007483876417770707,-0.003511932073389318,-0.000769931038211831,-0.003849655191059176
P1,F1,13,original_audit,pooled_iou,fit_iou_exact,-0.011655659307974658,-0.005974121900689133,-0.0012773827373593685,-0.006386913686796836
P1,F1,37,stored_logits,mean_tile_miou,fit_iou_exact,-0.02096391181909102,-0.0031018700848364222,-0.0006897472060192963,-0.0034487360300964887
P1,F1,37,stored_logits,mean_tile_dice,fit_iou_exact,-0.0008332764730721032,-0.0026714781978542934,-0.0002482028314411827,-0.0012410141572058997
P1,F1,37,stored_logits,mean_tile_iou,fit_iou_exact,0.0005102430743536557,-0.0023440250368645388,-0.00019373701158048595,-0.0009686850579024298
P1,F1,37,stored_logits,pooled_miou,fit_iou_exact,-0.02651155235287178,-0.007038130633132134,-0.002056068864357913,-0.010280344321789564
P1,F1,37,stored_logits,pooled_dice,fit_iou_exact,-0.006519013929022904,-0.006090258398338988,-0.0017322023250045879,-0.008661011625022946
P1,F1,37,stored_logits,pooled_iou,fit_iou_exact,-0.010201400352454981,-0.008681988336687985,-0.002525812753556421,-0.012629063767782112
P1,F1,37,original_audit,mean_tile_miou,fit_iou_exact,-0.02096391181909102,-0.0031018700848364222,-0.0006897472060192963,-0.0034487360300964887
P1,F1,37,original_audit,mean_tile_dice,fit_iou_exact,-0.0008332764730721032,-0.0026714781978542934,-0.0002482028314411827,-0.0012410141572058997
P1,F1,37,original_audit,mean_tile_iou,fit_iou_exact,0.0005102430743536557,-0.0023440250368645388,-0.00019373701158048595,-0.0009686850579024298
P1,F1,37,original_audit,pooled_miou,fit_iou_exact,-0.02651155235287178,-0.007038130633132134,-0.002056068864357913,-0.010280344321789564
P1,F1,37,original_audit,pooled_dice,fit_iou_exact,-0.006519013929022904,-0.006090258398338988,-0.0017322023250045879,-0.008661011625022946
P1,F1,37,original_audit,pooled_iou,fit_iou_exact,-0.010201400352454981,-0.008681988336687985,-0.002525812753556421,-0.012629063767782112
P1,F1,71,stored_logits,mean_tile_miou,fit_iou_exact,-0.02284243770781849,-0.002317653501770711,-0.00028439600351874705,-0.0014219800175937491
P1,F1,71,stored_logits,mean_tile_dice,fit_iou_exact,-0.002143884242528732,-0.004529984404887,-0.00013979955611412298,-0.0006989977805706427
P1,F1,71,stored_logits,mean_tile_iou,fit_iou_exact,-0.006248116767987311,-0.004365993118050637,-0.00027842625651944286,-0.0013921312825971865
P1,F1,71,stored_logits,pooled_miou,fit_iou_exact,-0.03133230946354268,-0.0005031000670152053,-0.0005464578478312845,-0.0027322892391564157
P1,F1,71,stored_logits,pooled_dice,fit_iou_exact,-0.013910884008160207,-0.00039032084680565293,-0.000381707687979925,-0.001908538439899632
P1,F1,71,stored_logits,pooled_iou,fit_iou_exact,-0.02025364153792053,-0.0006262701816608374,-0.0005861922623965066,-0.0029309613119825606
P1,F1,71,original_audit,mean_tile_miou,fit_iou_exact,-0.02284243770781849,-0.002317653501770711,-0.00028439600351874705,-0.0014219800175937491
P1,F1,71,original_audit,mean_tile_dice,fit_iou_exact,-0.002143884242528732,-0.004529984404887,-0.00013979955611412298,-0.0006989977805706427
P1,F1,71,original_audit,mean_tile_iou,fit_iou_exact,-0.006248116767987311,-0.004365993118050637,-0.00027842625651944286,-0.0013921312825971865
P1,F1,71,original_audit,pooled_miou,fit_iou_exact,-0.03133230946354268,-0.0005031000670152053,-0.0005464578478312845,-0.0027322892391564157
P1,F1,71,original_audit,pooled_dice,fit_iou_exact,-0.013910884008160207,-0.00039032084680565293,-0.000381707687979925,-0.001908538439899632
P1,F1,71,original_audit,pooled_iou,fit_iou_exact,-0.02025364153792053,-0.0006262701816608374,-0.0005861922623965066,-0.0029309613119825606
P1,F2,13,stored_logits,mean_tile_miou,fit_iou_exact,-0.018194824379102692,-0.01720313910628829,-0.003262447094627627,-0.016312235473138148
P1,F2,13,stored_logits,mean_tile_dice,fit_iou_exact,-0.010175923036796375,-0.009772861791750187,-0.0015486812799134497,-0.007743406399567165
P1,F2,13,stored_logits,mean_tile_iou,fit_iou_exact,-0.009702931471109011,-0.006585571511464217,-0.001014818376342791,-0.005074091881713927
P1,F2,13,stored_logits,pooled_miou,fit_iou_exact,-0.018081161674590007,-0.0034522289657926697,-0.0007342392193456088,-0.0036711960967280577
P1,F2,13,stored_logits,pooled_dice,fit_iou_exact,-0.01521637112606311,-0.0023611085518899233,-0.0007598460673828716,-0.003799230336914372
P1,F2,13,stored_logits,pooled_iou,fit_iou_exact,-0.016052561831115697,-0.0025653976201618356,-0.0007400898622191288,-0.0037004493110955883
P1,F2,13,original_audit,mean_tile_miou,fit_iou_exact,-0.018194824379102692,-0.01720313910628829,-0.003262447094627627,-0.016312235473138148
P1,F2,13,original_audit,mean_tile_dice,fit_iou_exact,-0.010175923036796375,-0.009772861791750187,-0.0015486812799134497,-0.007743406399567165
P1,F2,13,original_audit,mean_tile_iou,fit_iou_exact,-0.009702931471109011,-0.006585571511464217,-0.001014818376342791,-0.005074091881713927
P1,F2,13,original_audit,pooled_miou,fit_iou_exact,-0.018081161674590007,-0.0034522289657926697,-0.0007342392193456088,-0.0036711960967280577
P1,F2,13,original_audit,pooled_dice,fit_iou_exact,-0.01521637112606311,-0.0023611085518899233,-0.0007598460673828716,-0.003799230336914372
P1,F2,13,original_audit,pooled_iou,fit_iou_exact,-0.016052561831115697,-0.0025653976201618356,-0.0007400898622191288,-0.0037004493110955883
P1,F2,37,stored_logits,mean_tile_miou,fit_iou_exact,-0.017711756197324624,-0.006879023546059737,-0.00148933242196507,-0.007446662109825308
P1,F2,37,stored_logits,mean_tile_dice,fit_iou_exact,-0.014670995457783276,-0.013543267719906327,-0.0025421029615730617,-0.012710514807865336
P1,F2,37,stored_logits,mean_tile_iou,fit_iou_exact,-0.012625126551108479,-0.010070578516678474,-0.001874453588546432,-0.00937226794273216
P1,F2,37,stored_logits,pooled_miou,fit_iou_exact,-0.023444620452066967,-0.006656344054427665,-0.0012242594991361544,-0.006121297495680744
P1,F2,37,stored_logits,pooled_dice,fit_iou_exact,-0.02245412506466754,-0.011438444614431498,-0.0020177179719641225,-0.01008858985982064
P1,F2,37,stored_logits,pooled_iou,fit_iou_exact,-0.023719005607817922,-0.010718236539169923,-0.0019041776065131105,-0.009520888032565566
P1,F2,37,original_audit,mean_tile_miou,fit_iou_exact,-0.017711756197324624,-0.006879023546059737,-0.00148933242196507,-0.007446662109825308
P1,F2,37,original_audit,mean_tile_dice,fit_iou_exact,-0.014670995457783276,-0.013543267719906327,-0.0025421029615730617,-0.012710514807865336
P1,F2,37,original_audit,mean_tile_iou,fit_iou_exact,-0.012625126551108479,-0.010070578516678474,-0.001874453588546432,-0.00937226794273216
P1,F2,37,original_audit,pooled_miou,fit_iou_exact,-0.023444620452066967,-0.006656344054427665,-0.0012242594991361544,-0.006121297495680744
P1,F2,37,original_audit,pooled_dice,fit_iou_exact,-0.02245412506466754,-0.011438444614431498,-0.0020177179719641225,-0.01008858985982064
P1,F2,37,original_audit,pooled_iou,fit_iou_exact,-0.023719005607817922,-0.010718236539169923,-0.0019041776065131105,-0.009520888032565566
P1,F2,71,stored_logits,mean_tile_miou,fit_iou_exact,-0.015576158895455383,-0.007919756153146051,-0.0013421895389308103,-0.006710947694654079
P1,F2,71,stored_logits,mean_tile_dice,fit_iou_exact,-0.015223876635794664,-0.006568199674649944,-0.0015565377759155785,-0.007782688879577893
P1,F2,71,stored_logits,mean_tile_iou,fit_iou_exact,-0.013956871191192932,-0.005496962331006494,-0.0012313286059630613,-0.006156643029815334
P1,F2,71,stored_logits,pooled_miou,fit_iou_exact,-0.018001024284323097,-0.0034506551198233426,-0.0007212163021875634,-0.003606081510937831
P1,F2,71,stored_logits,pooled_dice,fit_iou_exact,-0.01837539204330979,-0.005697476078523889,-0.0010821309848030036,-0.005410654924015046
P1,F2,71,stored_logits,pooled_iou,fit_iou_exact,-0.020521868024377943,-0.005727295944728206,-0.0011131055377776727,-0.005565527688888405
P1,F2,71,original_audit,mean_tile_miou,fit_iou_exact,-0.015576158895455383,-0.007919756153146051,-0.0013421895389308103,-0.006710947694654079
P1,F2,71,original_audit,mean_tile_dice,fit_iou_exact,-0.015223876635794664,-0.006568199674649944,-0.0015565377759155785,-0.007782688879577893
P1,F2,71,original_audit,mean_tile_iou,fit_iou_exact,-0.013956871191192932,-0.005496962331006494,-0.0012313286059630613,-0.006156643029815334
P1,F2,71,original_audit,pooled_miou,fit_iou_exact,-0.018001024284323097,-0.0034506551198233426,-0.0007212163021875634,-0.003606081510937831
P1,F2,71,original_audit,pooled_dice,fit_iou_exact,-0.01837539204330979,-0.005697476078523889,-0.0010821309848030036,-0.005410654924015046
P1,F2,71,original_audit,pooled_iou,fit_iou_exact,-0.020521868024377943,-0.005727295944728206,-0.0011131055377776727,-0.005565527688888405
P1,F3,13,stored_logits,mean_tile_miou,fit_iou_exact,-0.0030685054112442045,-0.0001228567087885324,-2.3741348939620988e-05,-0.00011870674469810494
P1,F3,13,stored_logits,mean_tile_dice,fit_iou_exact,-0.005541912832889906,-0.0002777548145468378,-0.00022101913995478673,-0.0011050956997739059
P1,F3,13,stored_logits,mean_tile_iou,fit_iou_exact,-0.004530572771630603,-0.00014565529196952642,-0.00016539934702608505,-0.0008269967351304253
P1,F3,13,stored_logits,pooled_miou,fit_iou_exact,-0.0034770773555021783,-6.400457000610427e-05,7.931508770867013e-05,0.0003965754385433229
P1,F3,13,stored_logits,pooled_dice,fit_iou_exact,-0.004225000063241058,-6.719086597173352e-05,0.00012897885017455757,0.0006448942508728295
P1,F3,13,stored_logits,pooled_iou,fit_iou_exact,-0.004493114298141865,-7.96493368698803e-05,0.00014854981178631654,0.0007427490589315688
P1,F3,13,original_audit,mean_tile_miou,fit_iou_exact,-0.0030685054112442045,-0.0001228567087885324,-2.3741348939620988e-05,-0.00011870674469810494
P1,F3,13,original_audit,mean_tile_dice,fit_iou_exact,-0.005541912832889906,-0.0002777548145468378,-0.00022101913995478673,-0.0011050956997739059
P1,F3,13,original_audit,mean_tile_iou,fit_iou_exact,-0.004530572771630603,-0.00014565529196952642,-0.00016539934702608505,-0.0008269967351304253
P1,F3,13,original_audit,pooled_miou,fit_iou_exact,-0.0034770773555021783,-6.400457000610427e-05,7.931508770867013e-05,0.0003965754385433229
P1,F3,13,original_audit,pooled_dice,fit_iou_exact,-0.004225000063241058,-6.719086597173352e-05,0.00012897885017455757,0.0006448942508728295
P1,F3,13,original_audit,pooled_iou,fit_iou_exact,-0.004493114298141865,-7.96493368698803e-05,0.00014854981178631654,0.0007427490589315688
P1,F3,37,stored_logits,mean_tile_miou,fit_iou_exact,-0.0009823873613072354,0.000148190051398156,-2.3971713299528186e-05,-0.0001198585664976548
P1,F3,37,stored_logits,mean_tile_dice,fit_iou_exact,-0.0009822260303103403,0.00023780301722131636,3.876317559994846e-05,0.00019381587799971456
P1,F3,37,stored_logits,mean_tile_iou,fit_iou_exact,-0.0011108691450014696,0.00013659549731381837,2.1342236178029106e-05,0.00010671118089011777
P1,F3,37,stored_logits,pooled_miou,fit_iou_exact,-0.0019103152283792557,0.001003413961983557,-0.00013140740197163658,-0.0006570370098581968
P1,F3,37,stored_logits,pooled_dice,fit_iou_exact,-0.0023620530962504827,0.0016778960143279953,-0.00022152067533026676,-0.0011076033766513338
P1,F3,37,stored_logits,pooled_iou,fit_iou_exact,-0.0030681420416684424,0.0018790205631257217,-0.00019068855765237702,-0.0009534427882619267
P1,F3,37,original_audit,mean_tile_miou,fit_iou_exact,-0.0009823873613072354,0.000148190051398156,-2.3971713299528186e-05,-0.0001198585664976548
P1,F3,37,original_audit,mean_tile_dice,fit_iou_exact,-0.0009822260303103403,0.00023780301722131636,3.876317559994846e-05,0.00019381587799971456
P1,F3,37,original_audit,mean_tile_iou,fit_iou_exact,-0.0011108691450014696,0.00013659549731381837,2.1342236178029106e-05,0.00010671118089011777
P1,F3,37,original_audit,pooled_miou,fit_iou_exact,-0.0019103152283792557,0.001003413961983557,-0.00013140740197163658,-0.0006570370098581968
P1,F3,37,original_audit,pooled_dice,fit_iou_exact,-0.0023620530962504827,0.0016778960143279953,-0.00022152067533026676,-0.0011076033766513338
P1,F3,37,original_audit,pooled_iou,fit_iou_exact,-0.0030681420416684424,0.0018790205631257217,-0.00019068855765237702,-0.0009534427882619267
P1,F3,71,stored_logits,mean_tile_miou,fit_iou_exact,-0.0016054704860511415,-0.0031754772806152354,-7.314658609458569e-05,-0.00036573293047292843
P1,F3,71,stored_logits,mean_tile_dice,fit_iou_exact,-0.0012746355936335552,0.001653512623582598,0.0003838171877720703,0.0019190859388603654
P1,F3,71,stored_logits,mean_tile_iou,fit_iou_exact,-0.001605528571479109,0.0009845922706547272,0.0002697504146587648,0.0013487520732937686
P1,F3,71,stored_logits,pooled_miou,fit_iou_exact,-0.002502960327267101,-0.008920742904366064,-0.0005038117077297982,-0.0025190585386489772
P1,F3,71,stored_logits,pooled_dice,fit_iou_exact,-0.0029352752475758637,-0.012017602740898692,-0.0006476491432806097,-0.003238245716403021
P1,F3,71,stored_logits,pooled_iou,fit_iou_exact,-0.0032121286930110737,-0.011369875968727738,-0.0006179482061192954,-0.003089741030596449
P1,F3,71,original_audit,mean_tile_miou,fit_iou_exact,-0.0016054704860511415,-0.0031754772806152354,-7.314658609458569e-05,-0.00036573293047292843
P1,F3,71,original_audit,mean_tile_dice,fit_iou_exact,-0.0012746355936335552,0.001653512623582598,0.0003838171877720703,0.0019190859388603654
P1,F3,71,original_audit,mean_tile_iou,fit_iou_exact,-0.001605528571479109,0.0009845922706547272,0.0002697504146587648,0.0013487520732937686
P1,F3,71,original_audit,pooled_miou,fit_iou_exact,-0.002502960327267101,-0.008920742904366064,-0.0005038117077297982,-0.0025190585386489772
P1,F3,71,original_audit,pooled_dice,fit_iou_exact,-0.0029352752475758637,-0.012017602740898692,-0.0006476491432806097,-0.003238245716403021
P1,F3,71,original_audit,pooled_iou,fit_iou_exact,-0.0032121286930110737,-0.011369875968727738,-0.0006179482061192954,-0.003089741030596449
P2,F1,13,stored_logits,mean_tile_miou,fit_iou_exact,-0.015822993348610592,-0.006091204041083043,-0.0007669593040309786,-0.003834796520154893
P2,F1,13,stored_logits,mean_tile_dice,fit_iou_exact,0.018620187261840282,0.003191349577901348,0.0022649320797477196,0.011324660398738584
P2,F1,13,stored_logits,mean_tile_iou,fit_iou_exact,0.017299972828344112,0.0008497158593901988,0.0012566697508221286,0.006283348754110629
P2,F1,13,stored_logits,pooled_miou,fit_iou_exact,-0.03453436320265346,-0.017646316908484477,-0.003696764025027166,-0.018483820125135803
P2,F1,13,stored_logits,pooled_dice,fit_iou_exact,-0.013961518572155801,-0.017833251805869893,-0.003515645829526494,-0.017578229147632463
P2,F1,13,stored_logits,pooled_iou,fit_iou_exact,-0.019414256923639628,-0.02238293992643342,-0.00440827188332911,-0.022041359416645534
P2,F1,13,original_audit,mean_tile_miou,fit_iou_exact,-0.015822770260996294,-0.006091838467371935,-0.0007669765137910262,-0.003834882568955089
P2,F1,13,original_audit,mean_tile_dice,fit_iou_exact,0.018620405650688343,0.0031889728158792097,0.0022647846039559605,0.011323923019779802
P2,F1,13,original_audit,mean_tile_iou,fit_iou_exact,0.01730042999833442,0.000848446024129812,0.00125663985700869,0.006283199285043395
P2,F1,13,original_audit,pooled_miou,fit_iou_exact,-0.034534134037385145,-0.017646326867153284,-0.0036967610616664634,-0.018483805308332324
P2,F1,13,original_audit,pooled_dice,fit_iou_exact,-0.013961287818977819,-0.017833252761366436,-0.0035156440676128095,-0.017578220338064054
P2,F1,13,original_audit,pooled_iou,fit_iou_exact,-0.019413872210758354,-0.022382960457136947,-0.004408263630219636,-0.02204131815109822
P2,F1,37,stored_logits,mean_tile_miou,fit_iou_exact,-0.011601290371239747,-0.0008551016604042005,0.00033128565913234653,0.0016564282956617604
P2,F1,37,stored_logits,mean_tile_dice,fit_iou_exact,0.022155860510206682,0.013740318576899946,0.0043330892808370325,0.021665446404185162
P2,F1,37,stored_logits,mean_tile_iou,fit_iou_exact,0.022998177871941416,0.007838826805887877,0.002991425315562221,0.01495712657781112
P2,F1,37,stored_logits,pooled_miou,fit_iou_exact,-0.025621724989520894,-0.011385190058251726,-0.0025351377484380475,-0.012675688742190216
P2,F1,37,stored_logits,pooled_dice,fit_iou_exact,-0.0059891802299571195,-0.009737059611129806,-0.0019482102137743235,-0.009741051068871603
P2,F1,37,stored_logits,pooled_iou,fit_iou_exact,-0.008150724878032367,-0.012912307910235843,-0.0026003774247658346,-0.013001887123829159
P2,F1,37,original_audit,mean_tile_miou,fit_iou_exact,-0.011599433281972216,-0.0008543241437293791,0.00033154784285073513,0.0016577392142536618
P2,F1,37,original_audit,mean_tile_dice,fit_iou_exact,0.02215801794296296,0.013741911104701854,0.004333499517825412,0.02166749758912706
P2,F1,37,original_audit,mean_tile_iou,fit_iou_exact,0.023001124842818077,0.007840255571119115,0.002991843082858811,0.014959215414294125
P2,F1,37,original_audit,pooled_miou,fit_iou_exact,-0.025620106784077196,-0.011384471255233203,-0.0025348969483937403,-0.012674484741968695
P2,F1,37,original_audit,pooled_dice,fit_iou_exact,-0.005987300112738458,-0.00973582879982629,-0.0019478482458590018,-0.00973924122929501
P2,F1,37,original_audit,pooled_iou,fit_iou_exact,-0.008148132302162714,-0.012910951886526356,-0.002599961252493288,-0.01299980626246644
P2,F1,71,stored_logits,mean_tile_miou,fit_iou_exact,-0.01420971013299005,-0.0005157665716146176,-0.00038377306774457776,-0.0019188653387229304
P2,F1,71,stored_logits,mean_tile_dice,fit_iou_exact,0.023552511340640236,0.009000572424371411,0.0020285735269382488,0.010142867634691244
P2,F1,71,stored_logits,mean_tile_iou,fit_iou_exact,0.02108903329219225,0.005489158231563929,0.0011766349628012235,0.005883174814006131
P2,F1,71,stored_logits,pooled_miou,fit_iou_exact,-0.03752718331218449,-0.00868776044197797,-0.002405045067829528,-0.012025225339147655
P2,F1,71,stored_logits,pooled_dice,fit_iou_exact,-0.020572235013971096,-0.008708941012816357,-0.002520629165218488,-0.012603145826092427
P2,F1,71,stored_logits,pooled_iou,fit_iou_exact,-0.02641425944504283,-0.010342930765570357,-0.0028237747792788925,-0.014118873896394435
P2,F1,71,original_audit,mean_tile_miou,fit_iou_exact,-0.014208548425756778,-0.0005142722116759368,-0.000383703007472494,-0.001918515037362456
P2,F1,71,original_audit,mean_tile_dice,fit_iou_exact,0.02355379317845152,0.00900464129811801,0.002028753246709508,0.010143766233547569
P2,F1,71,original_audit,mean_tile_iou,fit_iou_exact,0.021090607294574293,0.005491977515465707,0.001176761455769157,0.005883807278845854
P2,F1,71,original_audit,pooled_miou,fit_iou_exact,-0.037526286474129006,-0.008687640500443933,-0.002405072788070027,-0.012025363940350114
P2,F1,71,original_audit,pooled_dice,fit_iou_exact,-0.020571304158215203,-0.008708786943700003,-0.0025206547930687606,-0.012603273965343803
P2,F1,71,original_audit,pooled_iou,fit_iou_exact,-0.026413170294992572,-0.010342835243769888,-0.0028238417054957526,-0.014119208527478722
P2,F2,13,stored_logits,mean_tile_miou,fit_iou_exact,-0.015165837509065305,-0.011301677423641632,-0.0023681938553402615,-0.011840969276701307
P2,F2,13,stored_logits,mean_tile_dice,fit_iou_exact,-0.01141768738329274,-0.0069228573557573725,-0.0008578858817517854,-0.004289429408758982
P2,F2,13,stored_logits,mean_tile_iou,fit_iou_exact,-0.0094654105937515,-0.004338442893339067,-0.0005441070901671119,-0.002720535450835615
P2,F2,13,stored_logits,pooled_miou,fit_iou_exact,-0.012706711484550826,-0.0015362752149976067,-0.00042379312929417823,-0.0021189656464708495
P2,F2,13,stored_logits,pooled_dice,fit_iou_exact,-0.014206948236645034,-0.0029090858506257145,-0.0006709754687058839,-0.0033548773435294055
P2,F2,13,stored_logits,pooled_iou,fit_iou_exact,-0.014408259155077485,-0.0034196360242404467,-0.0007491640260986754,-0.0037458201304934047
P2,F2,13,original_audit,mean_tile_miou,fit_iou_exact,-0.015165971695246028,-0.011301677423641632,-0.002368263314535518,-0.011841316572677563
P2,F2,13,original_audit,mean_tile_dice,fit_iou_exact,-0.011417816907961453,-0.0069228573557574835,-0.0008581369525440807,-0.004290684762720431
P2,F2,13,original_audit,mean_tile_iou,fit_iou_exact,-0.009465486559050107,-0.004338442893338956,-0.0005442419615729888,-0.002721209807864944
P2,F2,13,original_audit,pooled_miou,fit_iou_exact,-0.012706813956594232,-0.0015362432188840702,-0.0004237977918919722,-0.0021189889594598887
P2,F2,13,original_audit,pooled_dice,fit_iou_exact,-0.014206919804017781,-0.0029090544881760216,-0.0006709853915815439,-0.0033549269579077334
P2,F2,13,original_audit,pooled_iou,fit_iou_exact,-0.014408217465179507,-0.003419593553920408,-0.0007491713794734178,-0.0037458568973670614
P2,F2,37,stored_logits,mean_tile_miou,fit_iou_exact,-0.014917973924140848,-0.008960475913154853,-0.0018294767789244076,-0.009147383894621997
P2,F2,37,stored_logits,mean_tile_dice,fit_iou_exact,-0.004801867124367698,-0.0005783634129399307,-0.000139555617257342,-0.0006977780862866823
P2,F2,37,stored_logits,mean_tile_iou,fit_iou_exact,-0.0038852451492149553,-0.0003285587820437419,-8.060374482146693e-05,-0.0004030187241073069
P2,F2,37,stored_logits,pooled_miou,fit_iou_exact,-0.010306518887781058,-0.0012146371418062518,-0.00039273988545956984,-0.001963699427297849
P2,F2,37,stored_logits,pooled_dice,fit_iou_exact,-0.010520387930082475,-0.0014541053165767481,-0.000526034659261293,-0.0026301732963064373
P2,F2,37,stored_logits,pooled_iou,fit_iou_exact,-0.010815418334382154,-0.0017646200302472437,-0.0006196110178239567,-0.0030980550891197556
P2,F2,37,original_audit,mean_tile_miou,fit_iou_exact,-0.014917942151121855,-0.008960475913154742,-0.001829478052201669,-0.009147390261008304
P2,F2,37,original_audit,mean_tile_dice,fit_iou_exact,-0.004801744216078263,-0.0005783634129399307,-0.00013955720137853733,-0.0006977860068927422
P2,F2,37,original_audit,mean_tile_iou,fit_iou_exact,-0.003885147881848572,-0.0003285587820438529,-8.060466452808335e-05,-0.00040302332264041674
P2,F2,37,original_audit,pooled_miou,fit_iou_exact,-0.010306500666962815,-0.0012146364561067546,-0.0003927416023202096,-0.001963708011601062
P2,F2,37,original_audit,pooled_dice,fit_iou_exact,-0.010520353106141023,-0.001454100447447093,-0.0005260357105177221,-0.0026301785525886245
P2,F2,37,original_audit,pooled_iou,fit_iou_exact,-0.010815367248804164,-0.001764620390971916,-0.0006196141027552948,-0.0030980705137765296
P2,F2,71,stored_logits,mean_tile_miou,fit_iou_exact,-0.006262656937074951,-0.010352810471144724,-0.0019417400492170722,-0.009708700246085333
P2,F2,71,stored_logits,mean_tile_dice,fit_iou_exact,0.0026803275767834367,-0.0036671856405661174,-0.00033728563370075126,-0.0016864281685038396
P2,F2,71,stored_logits,mean_tile_iou,fit_iou_exact,0.002559909727598453,-0.0025697287803323476,-0.0002369495437861413,-0.0011847477189307343
P2,F2,71,stored_logits,pooled_miou,fit_iou_exact,-0.005427835921412549,-0.002146404262854229,-0.0003221407981501556,-0.0016107039907507503
P2,F2,71,stored_logits,pooled_dice,fit_iou_exact,-0.0008794789471086029,-0.00241135603960263,-0.00043566336362863,-0.0021783168181431223
P2,F2,71,stored_logits,pooled_iou,fit_iou_exact,-0.001252135277385602,-0.002739485904407646,-0.0004933418100278308,-0.0024667090501392375
P2,F2,71,original_audit,mean_tile_miou,fit_iou_exact,-0.006262749357125841,-0.010352848553258631,-0.001941752213328568,-0.009708761066642868
P2,F2,71,original_audit,mean_tile_dice,fit_iou_exact,0.0026802340493928822,-0.003667268661532108,-0.0003373121993385797,-0.001686560996692954
P2,F2,71,original_audit,mean_tile_iou,fit_iou_exact,0.0025598604447820694,-0.0025697757520550812,-0.00023696499034278617,-0.0011848249517139031
P2,F2,71,original_audit,pooled_miou,fit_iou_exact,-0.005427997837451071,-0.0021464625343022292,-0.0003221557803336911,-0.0016107789016684415
P2,F2,71,original_audit,pooled_dice,fit_iou_exact,-0.0008796338958178551,-0.0024114473903024125,-0.00043568699830415225,-0.0021784349915207613
P2,F2,71,original_audit,pooled_iou,fit_iou_exact,-0.0012522655192984122,-0.0027395757511904373,-0.0004933643119120895,-0.0024668215595604615
P2,F3,13,stored_logits,mean_tile_miou,fit_iou_exact,0.0011072211705537294,0.00020847702294879422,0.00016459863146123244,0.0008229931573061622
P2,F3,13,stored_logits,mean_tile_dice,fit_iou_exact,0.0008164069078250846,2.19726379178109e-05,8.7964940932439e-05,0.00043982470466219503
P2,F3,13,stored_logits,mean_tile_iou,fit_iou_exact,0.00014786926070931017,1.6074691123302287e-05,5.439347799357508e-05,0.0002719673899679309
P2,F3,13,stored_logits,pooled_miou,fit_iou_exact,0.001735004786772687,0.001511805772216268,-3.127706573770317e-05,-0.00015638532868855748
P2,F3,13,stored_logits,pooled_dice,fit_iou_exact,0.001639463708447808,0.0025741290705394992,5.1658973221485605e-05,0.0002582948661074558
P2,F3,13,stored_logits,pooled_iou,fit_iou_exact,0.0019154842264033078,0.002850566775817631,6.356100263758824e-05,0.0003178050131880106
P2,F3,13,original_audit,mean_tile_miou,fit_iou_exact,0.001107314909881807,0.00020847702294884973,0.0001645937978308476,0.000822968989154238
P2,F3,13,original_audit,mean_tile_dice,fit_iou_exact,0.0008166516738686291,2.19726379178109e-05,8.795311025867891e-05,0.0004397655512934362
P2,F3,13,original_audit,mean_tile_iou,fit_iou_exact,0.00014804657946387856,1.6074691123524332e-05,5.438610521438236e-05,0.00027193052607188406
P2,F3,13,original_audit,pooled_miou,fit_iou_exact,0.0017349913609905343,0.0015117830440851687,-3.1281920189932255e-05,-0.0001564096009497029
P2,F3,13,original_audit,pooled_dice,fit_iou_exact,0.0016394286457864782,0.002574098684177073,5.1653485617586536e-05,0.0002582674280879327
P2,F3,13,original_audit,pooled_iou,fit_iou_exact,0.001915472655209416,0.002850532524518612,6.355612695085888e-05,0.0003177806347542944
P2,F3,37,stored_logits,mean_tile_miou,fit_iou_exact,-0.004293365191750276,-0.000564258857106259,-0.0002895608863956456,-0.001447804431978228
P2,F3,37,stored_logits,mean_tile_dice,fit_iou_exact,-0.0051619918362050266,-0.0006991230869386467,-0.00010429298596806302,-0.0005214649298403984
P2,F3,37,stored_logits,mean_tile_iou,fit_iou_exact,-0.004805135993920073,-0.00037226784406829694,-5.526155989990511e-05,-0.0002763077994994978
P2,F3,37,stored_logits,pooled_miou,fit_iou_exact,-0.0033316983492194807,-0.0012415181146054333,-0.00019954919557560458,-0.0009977459778780506
P2,F3,37,stored_logits,pooled_dice,fit_iou_exact,-0.003533407643822095,-0.0012645744202574583,-0.00025770646455915147,-0.0012885323227957435
P2,F3,37,stored_logits,pooled_iou,fit_iou_exact,-0.003350762178617517,-0.0012058222992076262,-0.00025701414054637994,-0.001285070702731872
P2,F3,37,original_audit,mean_tile_miou,fit_iou_exact,-0.0042933855096386475,-0.0005642811615513832,-0.000289563181179911,-0.0014478159058995965
P2,F3,37,original_audit,mean_tile_dice,fit_iou_exact,-0.005162020865409844,-0.0006991750340826774,-0.00010429833052999493,-0.0005214916526499191
P2,F3,37,original_audit,mean_tile_iou,fit_iou_exact,-0.004805154824615077,-0.00037229472767286165,-5.5264325809156745e-05,-0.0002763216290457837
P2,F3,37,original_audit,pooled_miou,fit_iou_exact,-0.0033317145837422624,-0.0012415516907233748,-0.00019955245582593817,-0.000997762279129677
P2,F3,37,original_audit,pooled_dice,fit_iou_exact,-0.003533415152295716,-0.0012646139249692934,-0.00025771036611238474,-0.0012885518305619237
P2,F3,37,original_audit,pooled_iou,fit_iou_exact,-0.0033507671899930536,-0.0012058660065402682,-0.0002570183310416363,-0.0012850916552081815
P2,F3,71,stored_logits,mean_tile_miou,fit_iou_exact,-0.005561223428047046,0.00225842779746227,0.00018047430062452519,0.000902371503122612
P2,F3,71,stored_logits,mean_tile_dice,fit_iou_exact,-0.006956565893784794,0.010067563289884118,0.0013977735202647668,0.006988867601323889
P2,F3,71,stored_logits,mean_tile_iou,fit_iou_exact,-0.007877566130463753,0.005974320244171993,0.0008357663756682898,0.004178831878341449
P2,F3,71,stored_logits,pooled_miou,fit_iou_exact,-0.0064486309212027915,-0.0015189966955079792,-0.000495579302803445,-0.0024778965140172526
P2,F3,71,stored_logits,pooled_dice,fit_iou_exact,-0.009190057306949384,-0.0017777741503319233,-0.0006173091454139412,-0.003086545727069734
P2,F3,71,stored_logits,pooled_iou,fit_iou_exact,-0.010071258434225405,-0.0019139849781727447,-0.0006457997316747927,-0.003228998658373894
P2,F3,71,original_audit,mean_tile_miou,fit_iou_exact,-0.005561124954723051,0.0022583722612087853,0.00018046610187619216,0.0009023305093809886
P2,F3,71,original_audit,mean_tile_dice,fit_iou_exact,-0.00695626134592231,0.01006753846528985,0.0013977721331730059,0.006988860665865015
P2,F3,71,original_audit,mean_tile_iou,fit_iou_exact,-0.0078772024306768,0.005974306525480921,0.0008357655660656271,0.004178827830328191
P2,F3,71,original_audit,pooled_miou,fit_iou_exact,-0.0064487718319167775,-0.0015191229192447198,-0.0004955995453920364,-0.0024779977269601683
P2,F3,71,original_audit,pooled_dice,fit_iou_exact,-0.009190163191824585,-0.001777911616598682,-0.0006173313638547784,-0.003086656819273892
P2,F3,71,original_audit,pooled_iou,fit_iou_exact,-0.010071387194488968,-0.001914129726410696,-0.0006458231747334398,-0.0032291158736671433
